Crash_ID,Unit_Nbr,Unit_Desc_ID,Veh_Parked_Fl,Veh_HNR_Fl,Veh_Lic_State_ID,VIN,Veh_Mod_Year,Veh_Color_ID,Veh_Make_ID,Veh_Mod_ID,Veh_Body_Styl_ID,Emer_Respndr_Fl,Ownr_Zip,Fin_Resp_Proof_ID,Fin_Resp_Type_ID,Veh_Dmag_Area_1_ID,Veh_Dmag_Scl_1_ID,Force_Dir_1_ID,Veh_Dmag_Area_2_ID,Veh_Dmag_Scl_2_ID,Force_Dir_2_ID,Veh_Inventoried_Fl,Veh_Transp_Name,Veh_Transp_Dest,Veh_Cmv_Fl,Cmv_Fiveton_Fl,Cmv_Hazmat_Fl,Cmv_Nine_Plus_Pass_Fl,Cmv_Veh_Oper_ID,Cmv_Carrier_ID_Type_ID,Cmv_Carrier_Zip,Cmv_Veh_Type_ID,Cmv_GVWR,Cmv_RGVW,Cmv_Hazmat_Rel_Fl,Hazmat_Cls_1_ID,Hazmat_IDNbr_1_ID,Hazmat_Cls_2_ID,Hazmat_IDNbr_2_ID,Cmv_Cargo_Body_ID,Cmv_Evnt1_ID,Cmv_Evnt2_ID,Cmv_Evnt3_ID,Cmv_Evnt4_ID,Cmv_Tot_Axle,Cmv_Tot_Tire,Contrib_Factr_1_ID,Contrib_Factr_2_ID,Contrib_Factr_3_ID,Contrib_Factr_P1_ID,Contrib_Factr_P2_ID,Veh_Dfct_1_ID,Veh_Dfct_2_ID,Veh_Dfct_3_ID,Veh_Dfct_P1_ID,Veh_Dfct_P2_ID,Veh_Trvl_Dir_ID,First_Harm_Evt_Inv_ID,Sus_Serious_Injry_Cnt,Nonincap_Injry_Cnt,Poss_Injry_Cnt,Non_Injry_Cnt,Unkn_Injry_Cnt,Tot_Injry_Cnt,Death_Cnt,Cmv_Disabling_Damage_Fl,Cmv_Bus_Type_ID,Trlr_GVWR,Trlr_RGVW,Trlr_Type_ID,Trlr_Disabling_Dmag_ID,Cmv_Intermodal_Container_Permit_Fl,CMV_Actual_Gross_Weight
16835334,1,1,N,N,43,2T1BURHE3FC384775,2015,3,91,173,104,N,78633,1,1,2,4,12,,,,Y,620 LAKESIDE TOWING,620 LAKESIDE TOWING,N,,,,,,,,,,,,,,,,,,,,,,45,,,,,,,,,,1,1,0,0,0,1,0,0,0,,,,,,,,
16835334,2,1,N,N,43,1G1YY26W095104452,2009,13,107,50,100,N,78729,1,1,6,3,6,,,,,,,N,,,,,,,,,,,,,,,,,,,,,,0,,,,,,,,,,1,1,0,0,0,1,0,0,0,,,,,,,,
16835334,3,1,N,N,43,5YFBURHE8JP855408,2018,21,91,173,104,N,78729,1,1,6,3,6,,,,,,,N,,,,,,,,,,,,,,,,,,,,,,0,,,,,,,,,,1,2,0,0,0,1,0,0,0,,,,,,,,
16835335,1,1,N,N,43,3N1CB51D86L521617,2006,2,71,341,104,N,,1,1,1,1,12,8,1,6,N,,,N,,,,,,,,,,,,,,,,,,,,,,,,,20,,,,,,,5,1,0,0,0,1,0,0,0,,,,,,,,
16835335,2,8,,,,,,,,,,,,,,,,,,,,,,,,,,,,,,,,,,,,,,,,,,,,,,,,20,,,,,,,9,1,0,1,0,0,0,1,0,,,,,,,,
16835335,3,1,N,N,43,5J8TB2H2XBA000191,2011,9,1,1301,69,N,78704,1,1,4,1,11,,,,N,,,N,,,,,,,,,,,,,,,,,,,,,,0,,,,,,,,,,5,2,0,0,0,1,0,0,0,,,,,,,,
16835336,1,1,N,Y,43,KMHCF35G8YU058764,2000,16,45,557,104,N,78750,3,1,2,1,12,,,,Y,SOUTHSIDE WRECKER INC,8200 S. CONGRESS AVE,N,,,,,,,,,,,,,,,,,,,,,,20,61,,,,,,,,,1,1,0,1,0,0,3,1,0,,,,,,,,
16835345,1,1,N,Y,,,,,208,763,0,N,,,,2,2,12,,,,,,,N,,,,,,,,,,,,,,,,,,,,,,,,,22,20,,,,,,7,1,0,0,0,0,1,0,0,,,,,,,,
16835345,2,1,N,N,43,1FMRU1566YLA68551,2000,3,37,601,69,N,,1,1,6,3,6,2,3,12,N,,,N,,,,,,,,,,,,,,,,,,,,,,0,,,,,,,,,,7,1,0,0,0,1,0,0,0,,,,,,,,
16835345,3,1,N,N,43,1FTFW1EF5EKF18709,2014,17,37,101,30,N,,1,1,6,2,6,2,2,12,N,,,N,,,,,,,,,,,,,,,,,,,,,,0,,,,,,,,,,7,2,0,0,0,1,0,0,0,,,,,,,,
16835345,4,1,N,N,43,3GNAXHEV5JS563890,2018,21,107,1048,69,N,78130,1,1,6,1,6,,,,N,,,N,,,,,,,,,,,,,,,,,,,,,,0,,,,,,,,,,7,2,0,0,0,1,0,0,0,,,,,,,,
16835347,1,1,N,N,43,2HNYD28837H537894,2007,21,1,705,69,N,78749,2,,2,6,1,,,,N,FINGER TOWING SERVICE,FINGER TOWING SERVICE,N,,,,,,,,,,,,,,,,,,,,,,19,,,,,7,12,,,,1,1,0,1,0,0,0,1,0,,,,,,,,
16835348,1,1,N,N,43,1GNDT13S472240430,2007,21,107,732,69,N,78617,1,2,2,1,12,,,,N,,,N,,,,,,,,,,,,,,,,,,,,,,37,,,66,,,,,,,5,1,0,0,0,1,0,0,0,,,,,,,,
16835348,2,1,N,N,43,KNDCB3LC9J5124626,2018,3,55,611,69,N,78704,1,2,18,6,3,13,2,7,Y,HARPERS TOWING SERVICE INC,HARPERS TOWING SERVICE INC,N,,,,,,,,,,,,,,,,,,,,,,0,,,,,,,,,,7,1,0,0,0,1,0,0,0,,,,,,,,
16835393,1,1,N,N,43,1G1JD5SH1C4230368,2012,3,107,2243,104,N,76537,1,2,4,5,1,17,5,9,N,AUS-TEX AUTO ENTERPRISES LLC,AUS-TEX AUTO ENTERPRISES LLC,N,,,,,,,,,,,,,,,,,,,,,,22,,,47,,,,,,,2,1,1,0,0,0,0,1,0,,,,,,,,
16835394,1,1,N,N,43,JTHBJ46G972015627,2007,11,58,1052,104,N,78727,1,1,2,6,12,,,,N,620 LAKESIDE TOWING,620 LAKESIDE TOWING,N,,,,,,,,,,,,,,,,,,,,,,22,20,,,,,,,,,2,1,0,1,0,0,0,1,0,,,,,,,,
16835394,2,1,N,N,43,1D3HB18P79S743073,2009,5,109,2275,30,N,78728,1,1,6,3,6,,,,N,,,N,,,,,,,,,,,,,,,,,,,,,,0,,,,,,,,,,2,1,0,0,1,1,0,1,0,,,,,,,,
16835395,1,1,N,Y,,,,,,,30,N,,,,,,,,,,,,,N,,,,,,,,,,,,,,,,,,,,,,44,,,,,,,,,,1,1,0,0,0,0,1,0,0,,,,,,,,
16835395,2,1,N,N,43,1FALP52U0SA102164,1995,21,37,101,104,N,78749,1,2,4,7,2,6,5,6,N,A-TEX TOWING,A-TEX TOWING,N,,,,,,,,,,,,,,,,,,,,,,0,,,,,,,,,,1,1,0,0,1,0,0,1,0,,,,,,,,
16835395,3,1,N,N,43,JN1BJ1CP3HW017567,2017,16,71,1310,104,N,78578,1,2,11,7,10,,,,N,EZ AUTO AND TOWING SERVICE,EZ AUTO AND TOWING SERVICE,N,,,,,,,,,,,,,,,,,,,,,,0,,,,,,,,,,1,2,0,0,3,0,0,3,0,,,,,,,,
16835396,1,1,N,N,43,3C4PDCGB4JT141315,2018,9,109,1166,69,N,78748,1,1,4,2,12,,,,,DRIVEN BY OWNER,DRIVEN BY OWNER,N,,,,,,,,,,,,,,,,,,,,,,16,,,,,,,,,,1,1,0,0,0,1,0,0,0,,,,,,,,
16835396,2,1,N,N,43,2HGFA165X9H330531,2009,11,44,256,104,N,78748,1,1,2,2,9,,,,,SOUTHSIDE WRECKER INC,8200 S. CONGRESS AVE,N,,,,,,,,,,,,,,,,,,,,,,0,,,,,,,,,,7,1,0,0,0,2,0,0,0,,,,,,,,
16835398,1,1,N,N,43,1N4AL2EP1BC151305,2011,11,71,500,100,N,78759,1,2,4,4,1,,,,N,,,N,,,,,,,,,,,,,,,,,,,,,,48,,,20,,,,,,,4,1,0,0,0,1,0,0,0,,,,,,,,
16835398,2,1,Y,N,43,1G2AS18HX97234329,2009,17,118,1103,100,N,78759,1,2,7,3,7,,,,N,,,N,,,,,,,,,,,,,,,,,,,,,,0,,,,,,,,,,4,1,0,0,0,0,0,0,0,,,,,,,,
16835399,1,1,N,Y,43,1G1PC5SHXC7151728,2012,17,107,2209,104,N,78744,1,1,7,2,7,,,,N,,,N,,,,,,,,,,,,,,,,,,,,,,22,,,,,,,,,,1,1,0,0,0,0,1,0,0,,,,,,,,
16835399,2,1,N,Y,113,,,99,,,0,N,,,,,,,,,,N,,,N,,,,,,,,,,,,,,,,,,,,,,0,,,,,,,,,,1,1,0,0,0,0,1,0,0,,,,,,,,
16835400,1,1,N,N,43,JKAZXCC184A011587,2004,2,53,3768,71,N,78727,1,2,3,2,11,,,,N,STARS TOWING,STARS TOWING,N,,,,,,,,,,,,,,,,,,,,,,0,,,,,,,,,,2,1,1,0,0,0,0,1,0,,,,,,,,
16835400,2,7,N,N,,,,11,37,2324,30,N,,,,,,,,,,,,,N,,,,,,,,,,,,,,,,,,,,,,35,,,,,,,,,,8,2,0,0,0,0,1,0,0,,,,,,,,
16835402,1,1,N,N,43,1FTRW07L23KD29958,2003,21,37,2324,30,N,78640,1,2,2,4,12,,,,Y,SPECIAL AUTOMOTIVE SERVICE INC,190 NEW BRIDGE DR,N,,,,,,,,,,,,,,,,,,,,,,,,,20,,,,,,,4,1,0,0,0,1,0,0,0,,,,,,,,
16835402,2,1,N,N,43,1FTFW1CF2CKE19314,2012,2,37,2324,30,N,78621,1,2,6,2,6,,,,N,,,N,,,,,,,,,,,,,,,,,,,,,,0,,,,,,,,,,4,1,0,0,0,4,0,0,0,,,,,,,,
16835403,1,1,N,N,43,1HGCR2F70HA171891,2017,2,44,236,104,N,78701,3,2,13,3,9,,,,N,HARPERS TOWING SERVICE INC,HARPERS TOWING SERVICE INC,N,,,,,,,,,,,,,,,,,,,,,,0,,,,,,,,,,3,1,0,0,0,1,0,0,0,,,,,,,,
16835403,2,1,N,N,43,3C6TRVBD1GE100763,2016,21,710,2522,0,N,78729,1,2,3,2,3,,,,N,EZ AUTO AND TOWING SERVICE,EZ AUTO AND TOWING SERVICE,N,,,,,,,,,,,,,,,,,,,,,,0,,,,,,,,,,7,1,0,0,0,1,0,0,0,,,,,,,,
16835404,1,1,N,N,43,1HGCG1659WA060767,1998,2,44,236,104,N,78753,2,,2,4,12,,,,N,EZ AUTO AND TOWING SERVICE,EZ AUTO AND TOWING SERVICE,N,,,,,,,,,,,,,,,,,,,,,,20,,,,,,,,,,1,1,0,0,0,1,0,0,0,,,,,,,,
16835404,2,1,N,N,43,4T1BE46K49U828130,2009,21,91,380,104,N,78613,1,2,5,1,6,,,,N,,,N,,,,,,,,,,,,,,,,,,,,,,0,,,,,,,,,,1,1,0,0,0,1,0,0,0,,,,,,,,
16835432,1,1,N,N,43,1N6DD26S41C377812,2001,1,71,634,104,N,78741,1,1,11,2,9,,,,N,,,N,,,,,,,,,,,,,,,,,,,,,,16,35,,,,,,,,,3,1,0,0,0,1,0,0,0,,,,,,,,
16835432,2,1,N,N,43,2D4FV48V85H602573,2005,2,109,225,104,N,78744,1,1,,,,,,,Y,,,N,,,,,,,,,,,,,,,,,,,,,,0,,,,,,,,,,5,1,0,0,0,2,0,0,0,,,,,,,,
16835433,1,1,N,N,43,2HGES16544H563533,2004,2,44,256,104,N,78745,1,2,2,3,12,,,,Y,EZ AUTO AND TOWING SERVICE,EZ AUTO AND TOWING SERVICE,N,,,,,,,,,,,,,,,,,,,,,,0,,,,,,,,,,5,1,0,0,0,1,0,0,0,,,,,,,,
16835433,2,1,N,N,43,1FAHP2DW1AG110675,2010,2,37,376,104,N,78745,1,2,6,2,6,,,,N,,,N,,,,,,,,,,,,,,,,,,,,,,0,,,,,,,,,,5,1,0,0,0,1,0,0,0,,,,,,,,
16835434,1,1,N,N,43,4C3AG52H34E089901,2004,9,21,593,100,N,78745,2,,2,5,12,,,,Y,SOUTHSIDE WRECKER INC,IMPOUND,N,,,,,,,,,,,,,,,,,,,,,,45,,,,,,,,,,3,1,0,0,0,1,0,0,0,,,,,,,,
16835434,2,1,N,N,43,2HKRW5H37JH426094,2018,21,44,605,104,N,78749,1,2,8,4,5,2,3,4,Y,SPECIAL AUTOMOTIVE SERVICE INC,SPECIAL AUTOMOTIVE SERVICE INC,N,,,,,,,,,,,,,,,,,,,,,,0,,,,,,,,,,3,1,0,0,1,0,0,1,0,,,,,,,,
16835434,3,1,N,N,43,2T1KR32E83C094079,2003,3,91,178,104,N,78749,1,2,5,2,6,,,,Y,,,N,,,,,,,,,,,,,,,,,,,,,,0,,,,,,,,,,3,2,0,0,0,2,0,0,0,,,,,,,,
16835435,1,1,N,N,43,1GNFC23J49R101852,2009,3,107,547,104,N,78744,1,1,8,3,1,,,,N,,,N,,,,,,,,,,,,,,,,,,,,,,0,,,,,,,,,,3,1,0,1,0,0,0,1,0,,,,,,,,
16835435,2,1,N,N,43,JF1SG69685G702280,2005,2,85,646,104,N,,3,1,4,4,4,,,,N,,,N,,,,,,,,,,,,,,,,,,,,,,20,,,,,,,,,,7,1,0,0,0,1,0,0,0,,,,,,,,
16835436,1,1,N,N,43,3GNEC16Z62G287150,2002,17,107,249,69,N,78640,1,1,3,1,10,,,,N,,,N,,,,,,,,,,,,,,,,,,,,,,0,,,,,,,,,,3,1,0,0,0,1,0,0,0,,,,,,,,
16835436,2,4,,,,,,,,,,,,,,,,,,,,,,,,,,,,,,,,,,,,,,,,,,,,,59,,,,,,,,,,9,1,0,0,1,0,0,1,0,,,,,,,,
16835437,1,1,N,N,43,1GNLC2E09BR310386,2011,21,107,547,69,N,78209,2,,3,1,1,,,,Y,AUS-TEX AUTO ENTERPRISES LLC,AUS-TEX AUTO ENTERPRISES LLC,N,,,,,,,,,,,,,,,,,,,,,,47,,,,,,,,,,1,1,0,0,0,1,0,0,0,,,,,,,,
16835438,1,1,N,N,43,2GNALAEK4F1121274,2015,2,107,1048,69,N,78758,1,2,3,4,1,,,,N,,,N,,,,,,,,,,,,,,,,,,,,,,0,,,,,,,,,,5,1,0,0,0,1,0,0,0,,,,,,,,
16835438,2,1,N,Y,43,,,16,,,30,N,,,,,,,,,,,,,N,,,,,,,,,,,,,,,,,,,,,,0,,,,,,,,,,1,1,0,0,0,0,0,0,0,,,,,,,,
16835439,1,1,N,N,43,1FTRF12W44NC51562,2004,21,37,101,30,N,78745,1,2,2,2,11,,,,N,EZ AUTO AND TOWING SERVICE,EZ AUTO AND TOWING SERVICE,N,,,,,,,,,,,,,,,,,,,,,,,,,37,,,,,,,4,1,0,0,0,1,0,0,0,,,,,,,,
16835439,2,1,N,N,43,2HGFG3B90CH524026,2012,21,44,256,104,N,78748,1,2,2,3,12,,,,N,A-TEX TOWING,5526 1/2 W HWY 290,N,,,,,,,,,,,,,,,,,,,,,,0,,,,,,,,,,8,1,0,0,0,2,0,0,0,,,,,,,,
16835440,1,1,N,N,43,,2016,2,37,554,69,Y,,1,7,6,0,12,,,,N,,,N,,,,,,,,,,,,,,,,,,,,,,0,,,,,,,,,,7,1,0,0,0,1,0,0,0,,,,,,,,
16835440,2,1,N,N,43,JM3KFADL4H0122879,2017,2,63,2471,104,N,78729,1,1,7,0,6,,,,N,,,N,,,,,,,,,,,,,,,,,,,,,,0,,,,,,,,,,7,1,0,0,0,1,0,0,0,,,,,,,,
16835442,1,1,N,N,43,JM1GJ1V51F1224631,2015,9,63,272,104,N,78748,1,1,2,1,12,,,,N,,,N,,,,,,,,,,,,,,,,,,,,,,0,,,,,,,,,,3,2,0,0,0,2,0,0,0,,,,,,,,
16835442,2,1,N,N,27,2GNFLEEK6F6396435,2015,17,107,1048,69,N,68128,1,1,2,6,12,6,1,6,Y,HARPERS TOWING SERVICE INC,HARPERS TOWING SERVICE INC,N,,,,,,,,,,,,,,,,,,,,,,0,,,,,,,,,,3,1,0,0,0,1,0,0,0,,,,,,,,
16835442,3,1,N,N,43,5XYZTDLB8HG440539,2017,18,45,377,69,N,78660,1,1,6,4,,11,2,11,N,SOUTHSIDE,SOUTHSIDE,N,,,,,,,,,,,,,,,,,,,,,,44,,,20,,,,,,,3,1,0,0,0,1,0,0,0,,,,,,,,
16835442,4,1,N,N,43,1FTPX12504FA04061,2004,2,37,2324,30,N,78748,1,1,6,1,6,,,,,,,N,,,,,,,,,,,,,,,,,,,,,,44,,,20,,,,,,,3,2,0,0,0,2,0,0,0,,,,,,,,
16835443,1,1,N,N,43,5N1AR18U78C614895,2008,18,71,531,69,N,78233,1,1,1,4,12,,,,Y,ROCHAS TOWING SERVICE,ROCHAS TOWING SERVICE,N,,,,,,,,,,,,,,,,,,,,,,20,,,,,,,,,,5,1,0,0,0,1,0,0,0,,,,,,,,
16835443,2,1,N,N,43,5TDYK3EH8AS023909,2010,21,91,721,69,N,78610,1,1,5,4,6,,,,Y,SOUTHSIDE WRECKER INC,8200 S. CONGRESS AVE,N,,,,,,,,,,,,,,,,,,,,,,0,,,,,,,,,,5,1,0,0,1,0,0,1,0,,,,,,,,
16835444,1,1,N,N,43,3C7WRKCL8HG727947,2017,22,109,82,9,N,78702,1,7,4,0,2,,,,N,,,N,,,,,,,,,,,,,,,,,,,,,,0,,,,,,,,,,6,1,0,0,0,1,0,0,0,,,,,,,,
16835444,2,1,Y,N,43,2MELM74W4SX688810,1995,21,114,1114,104,N,78660,2,,3,1,10,,,,N,,,N,,,,,,,,,,,,,,,,,,,,,,0,,,,,,,,,,7,1,0,0,0,1,0,0,0,,,,,,,,
16835445,1,1,N,N,43,JT8BL69S310004535,2001,17,58,1130,104,N,78653,1,1,1,1,12,,,,Y,ARMADA TOWING,OWNERS RESIDENCE/REQUEST,N,,,,,,,,,,,,,,,,,,,,,,1,,,,,,,,,,7,1,0,0,0,1,0,0,0,,,,,,,,
16835445,2,1,N,N,43,1GNSCAE08BR268203,2011,2,107,547,69,N,78653,2,,5,1,6,,,,N,,,N,,,,,,,,,,,,,,,,,,,,,,1,,,,,,,,,,7,1,0,0,0,1,0,0,0,,,,,,,,
16835447,1,1,N,Y,113,,,99,,,0,N,,,,,,,,,,N,,,N,,,,,,,,,,,,,,,,,,,,,,0,,,,,,,,,,11,1,0,0,0,0,1,0,0,,,,,,,,
16835447,2,1,Y,N,43,4T1BF1FK7EU859412,2014,17,91,380,104,N,78723,1,1,5,4,8,,,,N,SOUTHSIDE WRECKER INC,8200 S. CONGRESS AVE,N,,,,,,,,,,,,,,,,,,,,,,0,,,,,,,,,,11,1,0,0,0,0,0,0,0,,,,,,,,
16835448,1,1,N,Y,43,JM1BK12F061400881,2006,17,63,1210,104,N,,,,6,4,6,,,,Y,ARMADA TOWING,ARMADA TOWING,N,,,,,,,,,,,,,,,,,,,,,,0,,,,,,,,,,1,1,0,0,0,0,0,0,0,,,,,,,,
16835449,1,1,N,N,43,1C3CCBBB2DN694430,2013,21,21,2258,104,N,78753,2,,2,4,,,,,N,SPECIAL AUTOMOTIVE SERVICE INC,SPECIAL AUTOMOTIVE SERVICE INC,N,,,,,,,,,,,,,,,,,,,,,,67,,,,,,,,,,5,1,0,1,0,1,0,1,0,,,,,,,,
16835449,2,1,Y,N,43,JTMZD33V676026145,2007,1,91,581,104,N,73344,1,2,6,3,6,,,,N,,,N,,,,,,,,,,,,,,,,,,,,,,0,,,,,,,,,,5,1,0,0,0,0,0,0,0,,,,,,,,
16835450,1,1,N,N,43,1FMEU64E77UB13753,2007,2,37,554,69,N,78745,1,1,15,1,9,,,,,ROCHAS TOWING SERVICE,ROCHAS TOWING SERVICE,N,,,,,,,,,,,,,,,,,,,,,,47,,,,,,,,,,7,1,0,0,1,0,0,1,0,,,,,,,,
16835451,1,1,N,N,43,2T2ZZMCA5HC074536,2017,2,58,429,104,N,78754,1,1,12,2,12,,,,N,RTX TOWING,19708 CHEYANNE VALLEY DR ROUND ROCK TX,N,,,,,,,,,,,,,,,,,,,,,,48,,,,,,,,,,3,1,0,0,0,3,0,0,0,,,,,,,,
16835451,2,1,Y,N,43,1GNEC13V83R230984,2003,2,107,547,69,N,78754,1,1,7,1,,,,,N,VEH REMAINED AT SCENE,VEH REMAINED AT SCENE,N,,,,,,,,,,,,,,,,,,,,,,0,,,,,,,,,,3,1,0,0,0,0,0,0,0,,,,,,,,
16835452,1,1,N,N,43,1GD374CA5B1904536,2011,21,39,105,103,N,78732,1,2,12,1,2,,,,N,NA,NA,N,,,,,,,,,,,,,,,,,,,,,,20,,,,,,,,,,7,1,0,0,0,1,0,0,0,,,,,,,,
16835452,2,1,N,N,43,4T1BF3EK8BU665464,2011,9,91,380,104,N,78660,1,2,11,3,8,,,,N,SPECIAL AUTOMOTIVE SERVICE INC,SPECIAL AUTOMOTIVE SERVICE INC,N,,,,,,,,,,,,,,,,,,,,,,0,,,,,,,,,,7,1,0,0,0,3,0,0,0,,,,,,,,
16835453,1,1,N,N,43,1XPFDA0X5RN341930,1994,21,74,4038,87,N,78744,1,1,11,3,8,,,,N,,,Y,Y,N,N,1,3,78744,6,55000,0,N,,,,,6,13,,,,,,65,,,20,,,,,,,7,1,0,0,0,1,0,0,0,N,0,,,,,N,
16835453,2,1,N,N,43,JN1BJ1CP7HW029172,2017,17,71,1310,69,N,,1,1,10,4,2,,,,N,A-TEX TOWING,5526 1/2 W HWY 290,N,,,,,,,,,,,,,,,,,,,,,,0,,,,,,,,,,7,1,0,0,1,0,0,1,0,,,,,,,,
16835454,1,1,N,N,43,2C4RC1BG1HR702800,2017,2,21,1270,103,N,,1,2,3,3,12,,,,N,N/A,,N,,,,,,,,,,,,,,,,,,,,,,20,37,,,,,,,,,5,1,0,0,0,1,0,0,0,,,,,,,,
16835454,2,1,N,N,43,JTEGF21A210022806,2001,9,91,721,69,N,,1,2,2,4,2,,,,N,MR EAST TOWING,15309 SCARLET RD,N,,,,,,,,,,,,,,,,,,,,,,0,,,,,,,,,,7,1,0,0,0,1,0,0,0,,,,,,,,
16835455,1,1,N,N,43,1GKKRRED3CJ345623,2012,2,39,894,104,N,78759,1,1,1,4,12,,,,Y,ROCHAS TOWING SERVICE,ROCHAS TOWING SERVICE,N,,,,,,,,,,,,,,,,,,,,,,0,,,,,,,,,,7,1,0,0,0,1,0,0,0,,,,,,,,
16835455,2,1,N,N,43,1FTHX25M1MKA36070,1991,16,37,2325,30,N,78704,1,1,8,3,4,7,2,8,Y,SPECIAL AUTOMOTIVE SERVICE INC,SPECIAL AUTOMOTIVE SERVICE INC,N,,,,,,,,,,,,,,,,,,,,,,0,,,,,,,,,,1,1,0,0,0,1,0,0,0,,,,,,,,
16835455,3,1,N,N,43,3MZBM1V72FM141647,2015,9,63,1210,104,N,78702,1,1,2,4,10,5,2,6,Y,SOUTHSIDE WRECKER INC,8200 S. CONGRESS AVE,N,,,,,,,,,,,,,,,,,,,,,,0,,,,,,,,,,5,2,0,0,0,1,0,0,0,,,,,,,,
16835455,4,1,N,N,43,1D3HB13T89S769699,2009,16,109,2275,30,N,78722,2,,2,1,12,,,,N,,,N,,,,,,,,,,,,,,,,,,,,,,0,,,,,,,,,,5,2,0,0,0,1,0,0,0,,,,,,,,
16835456,1,1,N,N,43,2T2HA31U74C002645,2004,2,58,1316,69,N,78737,1,2,3,3,12,,,,N,SPECIAL AUTOMOTIVE SERVICE INC,SPECIAL AUTOMOTIVE SERVICE INC,N,,,,,,,,,,,,,,,,,,,,,,34,,,,,,,,,,8,1,0,0,0,1,0,0,0,,,,,,,,
16835456,2,1,N,N,43,JNRAS08U13X101257,2003,8,47,1099,69,N,78610,1,2,12,2,2,,,,N,ROCHAS TOWING SERVICE,ROCHAS TOWING SERVICE,N,,,,,,,,,,,,,,,,,,,,,,0,,,,,,,,,,2,1,0,0,0,3,0,0,0,,,,,,,,
16835457,1,1,N,N,43,JTHGL5EF1C5046099,2012,9,58,1190,104,N,78705,1,2,2,3,2,,,,N,,,N,,,,,,,,,,,,,,,,,,,,,,0,,,,,,,,,,3,1,0,0,0,4,0,0,0,,,,,,,,
16835457,2,1,N,N,43,JS1NP41A9V2101415,1997,2,88,626,71,N,78741,1,2,1,2,12,,,,Y,ROCHAS TOWING SERVICE,ROCHAS TOWING SERVICE,N,,,,,,,,,,,,,,,,,,,,,,0,,,,,,,,,,7,1,1,0,0,0,0,1,0,,,,,,,,
16835954,1,1,N,N,43,4T4BF1FK2GR555266,2016,21,91,380,104,N,78737,1,1,2,3,12,,,,N,A-TEX TOWING,5526 1/2 W HWY 290,N,,,,,,,,,,,,,,,,,,,,,,4,,,,,,,,,,1,1,0,0,0,1,0,0,0,,,,,,,,
16835954,2,1,N,N,43,4T1BF28B9YU019414,2000,9,91,563,104,N,78749,1,1,4,1,2,,,,N,,,N,,,,,,,,,,,,,,,,,,,,,,0,,,,,,,,,,1,1,0,0,0,1,0,0,0,,,,,,,,
16835955,1,1,N,N,43,1FTEW1CP6GKF46013,2016,21,37,2324,30,N,78610,1,2,8,1,4,,,,Y,ROCHAS TOWING SERVICE,ROCHAS TOWING SERVICE,N,,,,,,,,,,,,,,,,,,,,,,37,,,45,,,,,,,4,1,0,0,0,2,0,0,0,,,,,,,,
16835955,2,1,N,N,43,3C6UR5DL7EG272497,2014,2,710,2522,30,N,78746,1,2,,,,,,,N,,,N,,,,,,,,,,,,,,,,,,,,,,0,,,,,,,,,,8,1,0,0,0,2,0,0,0,,,,,,,,
16835956,1,1,N,Y,43,3GNEC16Z12G276749,2002,21,107,,0,N,78741,1,2,,,,,,,,,,N,,,,,,,,,,,,,,,,,,,,,,0,,,,,,,,,,5,1,0,0,0,0,0,0,0,,,,,,,,
16835956,2,1,N,N,43,2GCEK19J081305970,2008,17,107,658,30,N,78610,1,2,6,1,6,,,,N,,,N,,,,,,,,,,,,,,,,,,,,,,0,,,,,,,,,,5,1,0,1,0,0,0,1,0,,,,,,,,
16835957,1,1,N,N,43,1GNES16S136194772,2003,2,107,732,69,N,76543,1,2,2,4,12,,,,Y,ROCHAS TOWING SERVICE,ROCHAS TOWING SERVICE,N,,,,,,,,,,,,,,,,,,,,,,0,,,,,,,,,,5,1,0,0,0,1,0,0,0,,,,,,,,
16835957,2,1,N,N,43,4T3ZK3BB5DU056017,2013,17,91,1449,69,N,78745,1,2,6,4,6,,,,Y,MR EAST TOWING,MR EAST TOWING,N,,,,,,,,,,,,,,,,,,,,,,0,,,,,,,,,,5,1,0,0,0,4,0,0,0,,,,,,,,
16835958,1,1,N,N,43,1FMDU32X1VUB42788,1997,16,37,554,69,N,78754,1,1,2,2,1,,,,,ARMADA TOWING,ARMADA TOWING,N,,,,,,,,,,,,,,,,,,,,,,,,,20,4,,,,,,1,1,0,0,0,1,0,0,0,,,,,,,,
16835958,2,1,N,N,43,1NXBU4EE4AZ238917,2010,21,91,173,104,N,78728,1,1,3,3,11,,,,Y,ARMADA TOWING,ARMADA TOWING,N,,,,,,,,,,,,,,,,,,,,,,0,,,,,,,,,,7,1,0,0,0,1,0,0,0,,,,,,,,
16835959,1,1,N,N,43,3N1CB51D35L487021,2005,16,71,341,104,N,78750,1,1,9,4,9,,,,N,EZ AUTO AND TOWING SERVICE,EZ AUTO AND TOWING SERVICE,N,,,,,,,,,,,,,,,,,,,,,,20,41,,,,,,,,,4,1,0,0,1,0,0,1,0,,,,,,,,
16835959,2,1,N,N,43,JN1CV6AP4AM201636,2010,2,47,1102,104,N,78752,1,1,4,3,12,,,,N,ROCHAS TOWING SERVICE,ROCHAS TOWING SERVICE,N,,,,,,,,,,,,,,,,,,,,,,0,,,,,,,,,,4,1,0,0,1,1,0,1,0,,,,,,,,
16835960,1,1,N,N,43,1C4RJEBG4FC125960,2015,9,429,1116,104,N,78660,1,2,2,7,12,,,,N,AVILES & GABES WRECKER SERVICE INC.,AVILES & GABES WRECKER SERVICE INC.,N,,,,,,,,,,,,,,,,,,,,,,44,,,,,,,,,,5,1,0,0,0,1,0,0,0,,,,,,,,