Crash_ID,Unit_Nbr,Unit_Desc_ID,Veh_Parked_Fl,Veh_HNR_Fl,Veh_Lic_State_ID,VIN,Veh_Mod_Year,Veh_Color_ID,Veh_Make_ID,Veh_Mod_ID,Veh_Body_Styl_ID,Emer_Respndr_Fl,Ownr_Zip,Fin_Resp_Proof_ID,Fin_Resp_Type_ID,Veh_Dmag_Area_1_ID,Veh_Dmag_Scl_1_ID,Force_Dir_1_ID,Veh_Dmag_Area_2_ID,Veh_Dmag_Scl_2_ID,Force_Dir_2_ID,Veh_Inventoried_Fl,Veh_Transp_Name,Veh_Transp_Dest,Veh_Cmv_Fl,Cmv_Fiveton_Fl,Cmv_Hazmat_Fl,Cmv_Nine_Plus_Pass_Fl,Cmv_Veh_Oper_ID,Cmv_Carrier_ID_Type_ID,Cmv_Carrier_Zip,Cmv_Veh_Type_ID,Cmv_GVWR,Cmv_RGVW,Cmv_Hazmat_Rel_Fl,Hazmat_Cls_1_ID,Hazmat_IDNbr_1_ID,Hazmat_Cls_2_ID,Hazmat_IDNbr_2_ID,Cmv_Cargo_Body_ID,Cmv_Evnt1_ID,Cmv_Evnt2_ID,Cmv_Evnt3_ID,Cmv_Evnt4_ID,Cmv_Tot_Axle,Cmv_Tot_Tire,Contrib_Factr_1_ID,Contrib_Factr_2_ID,Contrib_Factr_3_ID,Contrib_Factr_P1_ID,Contrib_Factr_P2_ID,Veh_Dfct_1_ID,Veh_Dfct_2_ID,Veh_Dfct_3_ID,Veh_Dfct_P1_ID,Veh_Dfct_P2_ID,Veh_Trvl_Dir_ID,First_Harm_Evt_Inv_ID,Sus_Serious_Injry_Cnt,Nonincap_Injry_Cnt,Poss_Injry_Cnt,Non_Injry_Cnt,Unkn_Injry_Cnt,Tot_Injry_Cnt,Death_Cnt,Cmv_Disabling_Damage_Fl,Cmv_Bus_Type_ID,Trlr_GVWR,Trlr_RGVW,Trlr_Type_ID,Trlr_Disabling_Dmag_ID,Cmv_Intermodal_Container_Permit_Fl,CMV_Actual_Gross_Weight
16836043,2,1,N,N,43,JM1GL1TY3J1324424,2018,9,63,870,104,N,78757,1,2,16,4,3,,,,N,INTERSTATE CHAPARRAL TOWING INC.,INTERSTATE CHAPARRAL TOWING INC.,N,,,,,,,,,,,,,,,,,,,,,,0,,,,,,,,,,5,1,0,0,0,1,0,0,0,,,,,,,,
16836046,1,1,N,N,43,5TFTX4GN6FX038608,2015,17,91,629,30,N,78749,1,1,2,7,,,,,N,EZ AUTO AND TOWING SERVICE,EZ AUTO AND TOWING SERVICE,N,,,,,,,,,,,,,,,,,,,,,,20,,,,,,,,,,3,1,0,0,0,1,0,0,0,,,,,,,,
16836046,2,1,N,N,43,1G1FX6S04H4185348,2017,21,107,592,100,N,78749,1,1,7,6,,,,,N,,,N,,,,,,,,,,,,,,,,,,,,,,0,,,,,,,,,,3,1,0,0,0,1,0,0,0,,,,,,,,
16837522,1,1,N,N,43,1GNEC13T95R244961,2005,17,107,547,69,N,78612,1,2,4,4,2,,,,N,AVILES & GABES WRECKER SERVICE INC.,AVILES & GABES WRECKER SERVICE INC.,N,,,,,,,,,,,,,,,,,,,,,,15,19,,,,,,,,,6,1,0,0,0,1,0,0,0,,,,,,,,
16837522,2,1,N,N,43,JN1CA21DXXT211404,1998,10,71,297,104,N,78641,1,2,2,5,12,4,3,2,N,EZ AUTO AND TOWING SERVICE,EZ AUTO AND TOWING SERVICE,N,,,,,,,,,,,,,,,,,,,,,,0,,,,,,,,,,4,1,0,0,0,1,0,0,0,,,,,,,,
16837522,3,1,N,N,43,3N1AB7AP1EY269580,2014,17,71,341,104,N,78741,1,2,7,2,8,,,,N,,,N,,,,,,,,,,,,,,,,,,,,,,0,,,,,,,,,,4,2,0,0,0,1,0,0,0,,,,,,,,
16837527,1,1,N,N,43,2C3CDXCT7DH726363,2013,2,109,74,104,N,78660,1,2,12,2,1,,,,N,,,N,,,,,,,,,,,,,,,,,,,,,,,,,23,,,,,,,5,1,0,0,0,1,0,0,0,,,,,,,,
16837527,2,1,N,N,43,58ABK1GG8HU074657,2017,21,58,1052,104,N,78714,1,2,13,2,8,,,,N,,,N,,,,,,,,,,,,,,,,,,,,,,,,,23,,,,,,,5,1,0,1,0,0,0,1,0,,,,,,,,
16837531,1,1,N,N,43,1GCGG25V471185197,2007,21,107,2821,103,N,78758,1,2,2,7,12,,,,N,ATX-VIP TOWING SERVICES,ATX-VIP TOWING SERVICES,N,,,,,,,,,,,,,,,,,,,,,,44,,,20,,,,,,,1,1,0,0,0,1,0,0,0,,,,,,,,
16837531,2,1,N,N,43,KM8JT3AB4DU567707,2013,1,45,1431,69,N,78411,1,2,6,6,6,2,5,12,N,EZ AUTO AND TOWING SERVICE,EZ AUTO AND TOWING SERVICE,N,,,,,,,,,,,,,,,,,,,,,,0,,,,,,,,,,1,1,0,0,0,3,0,0,0,,,,,,,,
16837531,3,1,N,N,43,1C6RR6TT4HS532462,2017,2,710,4100,30,N,78610,1,2,6,3,6,,,,N,,,N,,,,,,,,,,,,,,,,,,,,,,0,,,,,,,,,,1,2,0,0,0,1,0,0,0,,,,,,,,
16837532,1,1,N,Y,43,1HGCM56326A047390,2006,17,44,236,104,N,78702,2,,2,2,12,,,,Y,SOUTHSIDE WRECKER INC,8200 S. CONGRESS AVE,N,,,,,,,,,,,,,,,,,,,,,,20,22,,,,,,,,,2,1,0,0,0,1,1,0,0,,,,,,,,
16837532,2,1,N,N,43,1FTFW1CF7EKE57236,2014,21,37,2968,104,N,78749,1,1,7,2,7,,,,N,,,N,,,,,,,,,,,,,,,,,,,,,,0,,,,,,,,,,2,1,0,0,0,1,0,0,0,,,,,,,,
16837533,1,1,N,Y,43,1HGCM56326A047390,2006,17,44,236,104,N,78702,2,,2,3,12,2,1,12,Y,SOUTHSIDE WRECKER INC,8200 S. CONGRESS AVE,N,,,,,,,,,,,,,,,,,,,,,,22,41,,,,,,,,,4,1,0,0,0,1,1,0,0,,,,,,,,
16837533,2,1,N,N,43,JN8AS5MT6AW017615,2010,11,71,1310,104,N,78704,1,1,6,2,6,,,,N,SOUTHSIDE WRECKER INC,8200 S. CONGRESS AVE,N,,,,,,,,,,,,,,,,,,,,,,0,,,,,,,,,,4,1,0,0,1,0,0,1,0,,,,,,,,
16837534,1,1,N,N,43,1C4RDHDGXEC396882,2014,2,109,635,104,N,78721,1,2,3,3,12,,,,Y,,,N,,,,,,,,,,,,,,,,,,,,,,15,,,,,,,,,,3,1,0,0,0,1,0,0,0,,,,,,,,
16837534,2,1,N,N,43,3CZRE385X8G703682,2008,17,44,605,104,N,78753,1,2,16,3,3,,,,N,,,N,,,,,,,,,,,,,,,,,,,,,,0,,,,,,,,,,5,1,0,0,0,2,0,0,0,,,,,,,,
16837535,1,1,N,N,43,WVWAK73C26P167490,2006,17,96,316,0,N,75081,1,2,2,6,12,,,,N,FIRST CALL TOWING,YARD,N,,,,,,,,,,,,,,,,,,,,,,20,,,,,,,,,,11,1,0,0,0,1,0,0,0,,,,,,,,
16837535,2,1,N,N,43,5FPYK3F63HB033038,2017,17,44,1306,30,N,78731,1,2,5,0,6,,,,N,OWNER,OWNER,N,,,,,,,,,,,,,,,,,,,,,,0,,,,,,,,,,11,1,0,0,0,1,0,0,0,,,,,,,,
16837536,1,1,N,N,43,4F2YU07B62KM34140,2002,10,63,719,69,N,78721,2,,,,,,,,,,,N,,,,,,,,,,,,,,,,,,,,,,22,44,,73,,8,,,,,7,1,0,0,1,3,0,1,0,,,,,,,,
16837537,1,1,N,N,43,JM1BM1T74E1186655,2014,2,63,3917,104,N,78741,1,2,16,1,5,,,,N,DRIVER DROVE FROM SCENE,,N,,,,,,,,,,,,,,,,,,,,,,4,,,,,,,,,,5,1,0,0,0,1,0,0,0,,,,,,,,
16837537,2,1,N,N,43,2GNALBEK0G1171421,2016,17,107,1048,69,N,78701,1,7,11,1,10,,,,N,DRIVER DROVE FROM SCENE,,N,,,,,,,,,,,,,,,,,,,,,,0,,,,,,,,,,5,1,0,0,0,2,0,0,0,,,,,,,,
16837538,1,1,N,N,43,JT8UF11E8P0169157,1993,8,58,1188,104,N,78745,1,2,1,0,12,,,,N,,,N,,,,,,,,,,,,,,,,,,,,,,19,20,,,,,,,,,7,1,0,0,0,1,0,0,0,,,,,,,,
16837538,2,1,N,N,43,5J6YH28694L026885,2004,13,44,760,69,N,78745,1,2,7,1,6,,,,N,,,N,,,,,,,,,,,,,,,,,,,,,,0,,,,,,,,,,7,1,0,1,0,0,0,1,0,,,,,,,,
16837539,1,1,N,N,43,1HGCM66564A069641,2004,11,44,107,104,N,78741,1,2,2,6,12,,,,N,A TEX VIP,ATEX,N,,,,,,,,,,,,,,,,,,,,,,,,,20,,,,,,,3,1,0,0,0,1,0,0,0,,,,,,,,
16837539,2,1,N,N,43,WA1BNAFY4J2213742,2018,21,8,1284,104,N,78732,1,2,6,2,6,,,,N,,,N,,,,,,,,,,,,,,,,,,,,,,0,,,,,,,,,,3,1,0,0,0,1,0,0,0,,,,,,,,
16837540,1,1,N,N,43,1NXBR32E76Z649476,2006,3,91,173,104,N,78731,1,2,9,4,9,,,,N,STARS TOWING,STARS TOWING,N,,,,,,,,,,,,,,,,,,,,,,35,,,,,,,,,,4,1,0,1,0,0,0,1,0,,,,,,,,
16837540,2,1,N,N,43,1J4FF68S7XL664140,1999,3,429,970,69,N,78731,1,2,2,3,12,,,,N,AVILES & GABES WRECKER SERVICE INC.,AVILES & GABES WRECKER SERVICE INC.,N,,,,,,,,,,,,,,,,,,,,,,0,,,,,,,,,,7,1,0,0,1,0,0,1,0,,,,,,,,
16837541,1,1,N,N,43,1NXBR12E62Z619769,2002,17,91,173,104,N,78754,2,,2,3,11,,,,Y,ARMADA TOWING,ARMADA TOWING,N,,,,,,,,,,,,,,,,,,,,,,44,,,,,,,,,,1,1,0,0,0,1,0,0,0,,,,,,,,
16837541,2,1,N,N,43,1J8GP28K48W167653,2008,2,429,1181,69,N,78727,1,2,8,2,5,,,,N,,,N,,,,,,,,,,,,,,,,,,,,,,0,,,,,,,,,,1,1,0,0,0,1,0,0,0,,,,,,,,
16837542,1,1,N,N,43,1FT7W2BT5KEC87566,2019,21,37,2325,30,N,78641,1,1,2,2,12,,,,N,NOT TOWED,NOT TOWED,N,,,,,,,,,,,,,,,,,,,,,,44,,,,,,,,,,1,1,0,0,0,1,0,0,0,,,,,,,,
16837542,2,1,N,N,43,JTEDS42A692083147,2009,9,91,721,69,N,78610,1,1,6,2,6,2,2,12,N,STARS TOWING,STARS TOWING,N,,,,,,,,,,,,,,,,,,,,,,0,,,,,,,,,,1,1,0,0,1,0,0,1,0,,,,,,,,
16837542,3,1,N,N,43,JA32U2FU7BU036880,2011,2,68,744,104,N,78669,1,1,6,3,6,,,,N,NOT TOWED,NOT TOWED,N,,,,,,,,,,,,,,,,,,,,,,0,,,,,,,,,,1,2,0,0,0,1,0,0,0,,,,,,,,
16837543,1,1,N,N,43,2MEFM75W05X630645,2005,21,114,1114,104,N,78704,1,1,4,4,2,,,,N,A-TEX TOWING,5526 1/2 W HWY 290,N,,,,,,,,,,,,,,,,,,,,,,19,,,77,,,,,,,7,1,0,0,0,1,0,0,0,,,,,,,,
16837544,1,1,N,N,43,15GGD2718G1187515,2016,3,40,3031,47,N,78702,1,1,2,1,12,,,,N,,,N,,,,,,,,,,,,,,,,,,,,,,47,,,20,,,,,,,7,1,0,0,1,7,0,1,0,,,,,,,,
16837544,2,1,N,N,43,2HGES16514H510014,2004,17,44,256,104,N,,1,1,6,3,6,,,,N,,,N,,,,,,,,,,,,,,,,,,,,,,0,,,,,,,,,,7,1,0,0,0,2,0,0,0,,,,,,,,
16837545,1,1,N,N,43,1FTRF3AT5EEB45836,2014,21,37,2326,30,N,78665,1,1,12,1,3,,,,N,NOT TOWED,NOT TOWED,N,,,,,,,,,,,,,,,,,,,,,,20,,,,,,,,,,3,1,0,0,0,1,0,0,0,,,,,,,,
16837545,2,1,N,N,43,3GNEC13T42G115764,2002,8,107,730,30,N,78753,1,1,2,3,12,,,,Y,EZ AUTO AND TOWING SERVICE,EZ AUTO AND TOWING SERVICE,N,,,,,,,,,,,,,,,,,,,,,,0,,,,,,,,,,7,1,0,0,0,2,0,0,0,,,,,,,,
16837546,1,1,N,Y,43,1G6KD54Y53U159395,2003,21,106,36,104,N,78757,2,,,,,,,,Y,AUS-TEX AUTO ENTERPRISES LLC,AUS-TEX AUTO ENTERPRISES LLC,N,,,,,,,,,,,,,,,,,,,,,,66,,,,,,,,,,6,1,0,0,0,0,1,0,0,,,,,,,,
16837546,2,1,Y,N,43,2FMDA5148WBA71642,1998,18,37,555,103,N,78701,2,,6,4,7,,,,N,,,N,,,,,,,,,,,,,,,,,,,,,,0,,,,,,,,,,6,1,0,0,0,0,0,0,0,,,,,,,,
16837546,3,1,Y,N,43,1FTZX1726XKB58275,1999,3,37,2324,30,N,78721,2,,,,,,,,,,,N,,,,,,,,,,,,,,,,,,,,,,0,,,,,,,,,,6,2,0,0,0,0,0,0,0,,,,,,,,
16837547,1,1,N,N,43,1J4RS5GT2AC152970,2010,2,429,1116,104,N,78664,1,1,11,4,10,,,,Y,STARS TOWING,STARS TOWING,N,,,,,,,,,,,,,,,,,,,,,,4,,,,,,,,,,5,1,0,0,0,0,3,0,0,,,,,,,,
16837547,2,1,N,N,43,5XYKT3A16CG231301,2012,2,55,767,104,N,78744,1,1,16,3,3,,,,Y,EZ AUTO AND TOWING SERVICE,EZ AUTO AND TOWING SERVICE,N,,,,,,,,,,,,,,,,,,,,,,0,,,,,,,,,,5,1,0,0,0,1,0,0,0,,,,,,,,
16837548,1,1,N,N,43,1HGCG22502A019563,2002,2,44,256,100,N,78753,1,2,4,3,12,,,,N,SOUTHSIDE WRECKER INC,8200 S. CONGRESS AVE,N,,,,,,,,,,,,,,,,,,,,,,77,,,20,,,,,,,7,1,0,0,0,1,0,0,0,,,,,,,,
16837548,2,1,Y,N,43,JTHBE262162000938,2006,16,58,2441,104,N,78617,1,2,13,3,9,,,,N,,,N,,,,,,,,,,,,,,,,,,,,,,0,,,,,,,,,,7,1,0,0,0,1,0,0,0,,,,,,,,
16837549,1,1,N,N,43,1FADP3N26DL169815,2013,17,37,696,104,Y,78729,1,2,11,5,9,12,4,5,N,620 LAKESIDE TOWING,620 LAKESIDE TOWING,N,,,,,,,,,,,,,,,,,,,,,,64,,,,,,,,,,7,1,0,0,0,1,0,0,0,,,,,,,,
16837549,2,1,N,N,43,KNDJT2A20A7064457,2010,2,55,1357,69,Y,78750,1,2,4,5,1,17,5,10,N,FINGER TOWING SERVICE,FINGER TOWING SERVICE,N,,,,,,,,,,,,,,,,,,,,,,0,,,,,,,,,,1,1,0,0,0,1,0,0,0,,,,,,,,
16837549,3,1,N,N,43,3CZRM3H32FG713427,2015,16,44,605,69,Y,78726,1,2,15,4,11,,,,N,,,N,,,,,,,,,,,,,,,,,,,,,,64,,,,,,,,,,1,2,0,0,0,2,0,0,0,,,,,,,,
16837596,1,1,N,N,43,1G4PR5SK1D4231791,2013,21,105,2187,104,N,78526,1,2,2,4,,,,,Y,ATEX TOWING,ATEX TOWING,N,,,,,,,,,,,,,,,,,,,,,,44,,,,,,,,,,2,1,0,0,0,1,0,0,0,,,,,,,,
16837596,2,1,N,N,43,5NPDH4AE6BH008752,2011,21,45,480,104,N,78640,1,2,6,3,,10,3,,Y,ROCHAS TOWING SERVICE,ROCHAS TOWING SERVICE,N,,,,,,,,,,,,,,,,,,,,,,0,,,,,,,,,,2,1,0,0,0,2,0,0,0,,,,,,,,
16837596,3,1,N,N,43,1FM5K8GT0FGB80090,2015,9,37,554,69,N,75104,1,2,15,3,,,,,N,,,N,,,,,,,,,,,,,,,,,,,,,,0,,,,,,,,,,2,2,0,0,0,4,0,0,0,,,,,,,,
16837597,1,1,N,N,43,KNDJP3A54E7018186,2014,1,55,1357,69,N,78653,1,2,1,1,12,,,,N,,,N,,,,,,,,,,,,,,,,,,,,,,29,20,,,,,,,,,11,1,0,0,0,0,1,0,0,,,,,,,,
16837597,2,1,N,N,43,1G1ZF5SX6GF333946,2016,2,107,56,104,N,78616,1,2,5,1,6,,,,N,,,N,,,,,,,,,,,,,,,,,,,,,,0,,,,,,,,,,11,1,1,0,0,0,0,1,0,,,,,,,,
16837598,1,1,N,N,43,ML32F4FJ0HHF15629,2017,9,68,389,104,N,78735,1,1,2,6,12,3,6,10,N,A-TEX TOWING,ATX-VIP TOWING SERVICES,N,,,,,,,,,,,,,,,,,,,,,,2,,,,,,,,,,7,1,0,0,0,1,0,0,0,,,,,,,,
16837599,1,1,N,N,43,3A4FY58B46T229664,2006,2,21,709,104,N,78758,2,,2,6,12,,,,N,STARS TOWING,STARS TOWING,N,,,,,,,,,,,,,,,,,,,,,,0,,,,,,,,,,6,1,0,0,0,1,0,0,0,,,,,,,,
16837599,2,1,N,N,43,3GCPCREC1HG357028,2017,16,107,658,30,N,78758,1,1,3,5,9,,,,N,ATX-VIP TOWING SERVICES,ATX-VIP TOWING SERVICES,N,,,,,,,,,,,,,,,,,,,,,,0,,,,,,,,,,3,1,0,0,0,1,0,0,0,,,,,,,,
16837600,1,1,N,N,43,JF1SF63592H742425,2002,17,85,646,104,N,78749,1,2,4,3,1,,,,N,,,N,,,,,,,,,,,,,,,,,,,,,,34,,,,,,,,,,7,1,0,0,0,1,0,0,0,,,,,,,,
16837600,2,1,N,N,43,JTEEP21A660170579,2006,2,91,721,104,N,77079,3,2,12,6,2,,,,N,EZ AUTO AND TOWING SERVICE,EZ AUTO AND TOWING SERVICE,N,,,,,,,,,,,,,,,,,,,,,,0,,,,,,,,,,1,1,0,0,1,0,0,1,0,,,,,,,,
16837601,1,1,N,N,43,1GBGC24R0XR711606,1999,21,107,2205,30,N,,1,1,2,2,12,,,,N,,,N,,,,,,,,,,,,,,,,,,,,,,0,,,,,,,,,,2,1,0,0,0,1,0,0,0,,,,,,,,
16837601,2,1,N,N,43,JN1CV6ELXCM473697,2012,2,47,1102,100,N,78704,1,1,16,5,4,,,,Y,,,N,,,,,,,,,,,,,,,,,,,,,,0,,,,,,,,,,4,1,1,0,0,1,0,1,0,,,,,,,,
16837602,1,1,N,Y,43,1HGCG56722A110041,2002,17,44,236,104,N,,2,,2,6,11,,,,Y,AVILES & GABES WRECKER SERVICE INC.,AVILES & GABES WRECKER SERVICE INC.,N,,,,,,,,,,,,,,,,,,,,,,70,,,,,,,,,,5,1,0,0,0,0,1,0,0,,,,,,,,
16837602,2,1,N,N,43,1N4AL11D02C178260,2002,21,71,500,104,N,78753,1,1,2,6,,,,,,AVILES & GABES WRECKER SERVICE INC.,AVILES & GABES WRECKER SERVICE INC.,N,,,,,,,,,,,,,,,,,,,,,,0,,,,,,,,,,1,1,0,0,0,1,0,0,0,,,,,,,,
16837603,1,1,N,N,43,57WMD1A62EM100630,2014,21,625,2056,103,N,78702,1,2,14,1,3,,,,N,,,N,,,,,,,,,,,,,,,,,,,,,,0,,,,,,,,,,3,1,0,1,0,1,0,1,0,,,,,,,,
16837603,2,1,N,N,43,1G4CU5215Y4211912,2000,2,105,1271,104,N,78612,1,2,6,1,6,,,,N,,,N,,,,,,,,,,,,,,,,,,,,,,20,,,,,,,,,,1,1,0,0,0,1,0,0,0,,,,,,,,
16837604,1,1,N,N,43,1C6RD6FT7CS139087,2012,2,109,2275,30,N,78724,1,2,3,2,12,,,,N,NA,NA,N,,,,,,,,,,,,,,,,,,,,,,,,,16,,,,,,,5,1,0,0,0,1,0,0,0,,,,,,,,
16837604,2,1,N,N,43,2FMDK3K94CBA26169,2012,2,37,1035,69,N,78745,1,2,13,3,9,,,,N,NA,NA,N,,,,,,,,,,,,,,,,,,,,,,,,,16,,,,,,,3,1,0,0,2,0,0,2,0,,,,,,,,
16837605,1,1,N,N,43,2C3CDXBG1JH187772,2018,2,109,74,104,N,78660,1,2,2,2,10,,,,N,ARMADA TOWING,601 E BEN WHITE BLVD EB,N,,,,,,,,,,,,,,,,,,,,,,35,,,,,,,,,,4,1,0,0,0,1,0,0,0,,,,,,,,
16837605,2,1,N,N,43,1C6RR6FT4GS404684,2016,21,109,2275,30,N,60173,1,2,16,1,2,,,,N,,,N,,,,,,,,,,,,,,,,,,,,,,0,,,,,,,,,,6,1,0,0,0,1,0,0,0,,,,,,,,
16837606,1,1,N,N,43,1FMCU0GD4HUC24673,2017,16,37,711,104,N,78664,1,1,2,3,12,,,,N,620 LAKESIDE TOWING,620 LAKESIDE TOWING,N,,,,,,,,,,,,,,,,,,,,,,44,,,,,,,,,,1,1,0,0,0,1,0,0,0,,,,,,,,
16837606,2,1,N,N,43,5TFHW5F13JX703616,2018,17,91,687,30,N,78749,1,1,6,3,6,2,0,12,N,,,N,,,,,,,,,,,,,,,,,,,,,,0,,,,,,,,,,1,1,0,0,0,1,0,0,0,,,,,,,,
16837606,3,1,N,N,43,2C4RDGCG0ER242068,2014,22,109,1115,103,N,78745,1,7,6,1,6,,,,N,,,N,,,,,,,,,,,,,,,,,,,,,,0,,,,,,,,,,1,2,0,0,0,2,0,0,0,,,,,,,,
16837607,1,1,N,N,43,1FMCU0GD0JUA71490,2018,2,37,711,69,N,78666,1,2,15,4,9,,,,N,ROCHAS TOWING SERVICE,ROCHAS TOWING SERVICE,N,,,,,,,,,,,,,,,,,,,,,,37,,,,,,,,,,7,1,0,1,0,0,0,1,0,,,,,,,,
16837607,2,1,N,N,43,2HNYD2H26CH503339,2012,2,1,705,69,N,78749,1,2,2,2,12,,,,N,,,N,,,,,,,,,,,,,,,,,,,,,,0,,,,,,,,,,3,1,0,0,0,1,0,0,0,,,,,,,,
16837608,1,1,N,N,43,KNAGM4A77D5306544,2013,2,55,715,104,N,78747,1,2,3,1,11,,,,N,,,N,,,,,,,,,,,,,,,,,,,,,,0,,,,,,,,,,3,1,0,0,0,1,0,0,0,,,,,,,,
16837608,2,1,N,N,43,3N1AB7AP8FY327105,2015,21,71,341,104,N,78744,1,1,4,2,,,,,N,ROCHAS TOWING SERVICE,ROCHAS TOWING SERVICE,N,,,,,,,,,,,,,,,,,,,,,,0,,,,,,,,,,5,1,0,0,0,1,0,0,0,,,,,,,,
16838967,1,1,N,N,43,1GNDT13S982233720,2008,17,107,732,69,N,78721,1,2,2,4,12,,,,Y,LAMONT & SONS,LAMONT & SONS,N,,,,,,,,,,,,,,,,,,,,,,19,20,74,,,,,,,,2,1,0,1,0,1,0,1,0,,,,,,,,
16838967,2,1,N,N,43,1G1JC5SG2D4114849,2013,21,107,2243,104,N,78621,1,2,6,5,6,2,4,12,N,ROCHAS TOWING SERVICE,ROCHAS TOWING SERVICE,N,,,,,,,,,,,,,,,,,,,,,,0,,,,,,,,,,2,1,1,0,0,0,0,1,0,,,,,,,,
16838967,3,1,N,N,43,5TDKKRFH5GS506225,2016,21,91,721,104,N,78754,1,2,6,2,6,3,1,11,N,STARS TOWING,STARS TOWING,N,,,,,,,,,,,,,,,,,,,,,,0,,,,,,,,,,2,2,0,0,0,1,0,0,0,,,,,,,,
16838967,4,1,N,N,43,1HFSC3402VA003095,1997,2,44,3380,71,N,78723,2,,26,1,,,,,N,MR EAST TOWING,MR EAST TOWING,N,,,,,,,,,,,,,,,,,,,,,,0,,,,,,,,,,2,2,0,0,0,1,0,0,0,,,,,,,,
16838967,5,1,N,N,43,5TFRT54108X024333,2008,16,91,687,30,N,78752,1,2,12,1,5,,,,N,,,N,,,,,,,,,,,,,,,,,,,,,,0,,,,,,,,,,2,2,0,0,0,1,0,0,0,,,,,,,,
16838967,6,1,N,N,43,4T1BF1FK6HU317433,2017,9,91,380,104,N,78723,1,2,6,1,7,,,,N,,,N,,,,,,,,,,,,,,,,,,,,,,0,,,,,,,,,,2,2,0,0,0,1,0,0,0,,,,,,,,
16839355,1,1,N,N,43,KNADM4A34G6664473,2016,21,55,716,104,N,76548,1,1,2,5,12,,,,N,620 LAKESIDE TOWING,620 LAKESIDE TOWING,N,,,,,,,,,,,,,,,,,,,,,,0,,,,,,,,,,5,1,0,0,0,1,0,0,0,,,,,,,,
16839355,2,1,N,N,43,1FADP3K29EL168521,2014,9,37,696,104,N,78729,1,1,6,2,6,2,2,12,N,,,N,,,,,,,,,,,,,,,,,,,,,,20,,,,,,,,,,5,1,0,0,1,0,0,1,0,,,,,,,,
16839355,3,1,N,N,43,1FADP3K20DL106875,2013,9,37,1097,104,N,78729,1,1,6,1,6,,,,N,,,N,,,,,,,,,,,,,,,,,,,,,,0,,,,,,,,,,5,2,0,0,0,1,0,0,0,,,,,,,,
16839356,1,1,N,Y,43,3VWSA29M9XM103249,1999,21,96,316,104,N,78753,1,2,2,5,12,29,0,,Y,FINGER TOWING SERVICE,FINGER TOWING SERVICE,N,,,,,,,,,,,,,,,,,,,,,,,,,67,,,,,,,11,1,0,0,0,0,1,0,0,,,,,,,,
16839356,2,1,Y,N,43,1GDJ6H1J5TJ506121,1996,16,39,105,106,N,78762,2,,11,1,9,,,,N,,,N,,,,,,,,,,,,,,,,,,,,,,0,,,,,,,,,,11,1,0,0,0,1,0,0,0,,,,,,,,
16839357,1,1,N,N,43,1FMCU0D75BKC51074,2011,17,37,711,104,N,78704,1,2,3,3,12,,,,Y,HARPERS TOWING SERVICE INC,HARPERS TOWING SERVICE INC,N,,,,,,,,,,,,,,,,,,,,,,44,20,,,,,,,,,1,1,0,0,0,1,0,0,0,,,,,,,,
16839357,2,1,N,N,43,1FMCU0J94FUA51822,2015,9,37,711,104,N,78704,1,2,8,1,6,,,,N,,,N,,,,,,,,,,,,,,,,,,,,,,0,,,,,,,,,,1,1,0,0,0,2,0,0,0,,,,,,,,
16839358,1,1,N,N,43,1GTHK23205F943676,2005,16,39,359,30,N,78748,1,2,2,1,12,,,,N,,,N,,,,,,,,,,,,,,,,,,,,,,,,,20,,,,,,,6,1,0,0,0,1,0,0,0,,,,,,,,
16839358,2,1,N,N,43,1HGCG56642A037214,2002,17,44,236,104,N,60440,1,1,6,5,,2,2,12,Y,SPECIAL AUTOMOTIVE SERVICE INC,SPECIAL AUTOMOTIVE SERVICE INC,N,,,,,,,,,,,,,,,,,,,,,,0,,,,,,,,,,6,1,0,1,0,0,0,1,0,,,,,,,,
16839358,3,1,N,N,43,KNAGE228495292618,2009,17,55,715,104,N,78222,1,1,6,2,6,2,1,12,N,,,N,,,,,,,,,,,,,,,,,,,,,,0,,,,,,,,,,6,2,0,2,0,0,0,2,0,,,,,,,,
16839358,4,1,N,N,,WMWSU3C53DT371872,2013,2,115,742,92,N,78738,1,2,6,1,6,,,,N,,,N,,,,,,,,,,,,,,,,,,,,,,0,,,,,,,,,,6,2,0,1,0,0,0,1,0,,,,,,,,
16839359,1,1,N,N,43,2FMTK3J82FBB06109,2015,21,37,1035,69,N,76504,1,1,15,3,3,,,,N,ROCHAS TOWING SERVICE,ROCHAS TOWING SERVICE,N,,,,,,,,,,,,,,,,,,,,,,,,,20,,,,,,,8,1,0,0,0,2,0,0,0,,,,,,,,
16839359,2,1,N,N,43,5YJ3E1EA0JF004932,2018,2,602,2562,104,N,78746,1,1,,,,,,,N,RAMADA,RAMADA,N,,,,,,,,,,,,,,,,,,,,,,0,,,,,,,,,,4,1,0,0,1,0,0,1,0,,,,,,,,
16839360,1,1,N,N,43,1N4AA5AP0CC824065,2012,21,71,297,104,N,78729,1,2,2,2,12,,,,N,,,N,,,,,,,,,,,,,,,,,,,,,,44,,,,,,,,,,8,1,0,0,0,1,0,0,0,,,,,,,,