Crash_ID,Unit_Nbr,Unit_Desc_ID,Veh_Parked_Fl,Veh_HNR_Fl,Veh_Lic_State_ID,VIN,Veh_Mod_Year,Veh_Color_ID,Veh_Make_ID,Veh_Mod_ID,Veh_Body_Styl_ID,Emer_Respndr_Fl,Ownr_Zip,Fin_Resp_Proof_ID,Fin_Resp_Type_ID,Veh_Dmag_Area_1_ID,Veh_Dmag_Scl_1_ID,Force_Dir_1_ID,Veh_Dmag_Area_2_ID,Veh_Dmag_Scl_2_ID,Force_Dir_2_ID,Veh_Inventoried_Fl,Veh_Transp_Name,Veh_Transp_Dest,Veh_Cmv_Fl,Cmv_Fiveton_Fl,Cmv_Hazmat_Fl,Cmv_Nine_Plus_Pass_Fl,Cmv_Veh_Oper_ID,Cmv_Carrier_ID_Type_ID,Cmv_Carrier_Zip,Cmv_Veh_Type_ID,Cmv_GVWR,Cmv_RGVW,Cmv_Hazmat_Rel_Fl,Hazmat_Cls_1_ID,Hazmat_IDNbr_1_ID,Hazmat_Cls_2_ID,Hazmat_IDNbr_2_ID,Cmv_Cargo_Body_ID,Cmv_Evnt1_ID,Cmv_Evnt2_ID,Cmv_Evnt3_ID,Cmv_Evnt4_ID,Cmv_Tot_Axle,Cmv_Tot_Tire,Contrib_Factr_1_ID,Contrib_Factr_2_ID,Contrib_Factr_3_ID,Contrib_Factr_P1_ID,Contrib_Factr_P2_ID,Veh_Dfct_1_ID,Veh_Dfct_2_ID,Veh_Dfct_3_ID,Veh_Dfct_P1_ID,Veh_Dfct_P2_ID,Veh_Trvl_Dir_ID,First_Harm_Evt_Inv_ID,Sus_Serious_Injry_Cnt,Nonincap_Injry_Cnt,Poss_Injry_Cnt,Non_Injry_Cnt,Unkn_Injry_Cnt,Tot_Injry_Cnt,Death_Cnt,Cmv_Disabling_Damage_Fl,Cmv_Bus_Type_ID,Trlr_GVWR,Trlr_RGVW,Trlr_Type_ID,Trlr_Disabling_Dmag_ID,Cmv_Intermodal_Container_Permit_Fl,CMV_Actual_Gross_Weight
16848301,1,1,N,N,43,3FADP4BJ0CM146433,2012,16,37,229,104,N,78741,1,2,2,3,12,,,,N,ATX-VIP TOWING SERVICES,7508 BLUFF SPRINGS,N,,,,,,,,,,,,,,,,,,,,,,44,,,,,,,,,,1,1,0,0,0,1,0,0,0,,,,,,,,
16848301,2,1,N,N,43,1FTFW1ET0DKF46681,2013,3,37,2324,30,N,78748,1,2,8,1,6,,,,Y,DRIVEN BY OWNER,,N,,,,,,,,,,,,,,,,,,,,,,0,,,,,,,,,,1,1,0,0,0,2,0,0,0,,,,,,,,
16848301,3,1,N,N,43,KMHDU46D79U729282,2009,16,45,480,104,N,78717,1,2,2,5,11,7,1,7,N,ATX-VIP TOWING SERVICES,7508 BLUFF SPRINGS,N,,,,,,,,,,,,,,,,,,,,,,41,,,44,,,,,,,1,2,0,0,0,1,0,0,0,,,,,,,,
16848302,1,1,N,N,3,KMHDU4AD5AU133504,2010,11,45,480,104,N,85387,1,1,10,7,3,2,5,12,,ROCHAS TOWING SERVICE,5700 BURLESON,N,,,,,,,,,,,,,,,,,,,,,,29,,,,,,,,,,7,1,0,1,0,0,0,1,0,,,,,,,,
16848302,2,1,N,N,43,1C6RR6FG0JS166195,2018,21,109,2275,30,N,78744,1,1,2,3,12,,,,N,,,N,,,,,,,,,,,,,,,,,,,,,,0,,,,,,,,,,5,1,0,0,0,1,0,0,0,,,,,,,,
16848302,3,1,N,N,43,1C4BJWDG8FL572053,2015,17,429,1464,69,N,78759,1,1,4,2,1,,,,N,A-TEX TOWING,,N,,,,,,,,,,,,,,,,,,,,,,0,,,,,,,,,,5,2,0,0,0,1,0,0,0,,,,,,,,
16848302,4,1,N,N,43,WDDWK4KB2HF545979,2017,9,65,118,100,N,76262,1,7,2,5,12,,,,N,HARPERS TOWING SERVICE INC,,N,,,,,,,,,,,,,,,,,,,,,,0,,,,,,,,,,3,2,0,0,0,2,0,0,0,,,,,,,,
16848302,5,1,N,N,43,JTJZK1BA0D2007616,2013,21,58,1316,69,N,78703,1,1,2,2,12,,,,,,,N,,,,,,,,,,,,,,,,,,,,,,0,,,,,,,,,,3,2,0,0,0,2,0,0,0,,,,,,,,
16848383,1,1,N,N,43,KNADH4A36A6662445,2010,,55,716,104,N,78721,1,1,1,5,12,,,,N,A-TEX TOWING,5526 1/2 W HWY 290,N,,,,,,,,,,,,,,,,,,,,,,20,,,,,,,,,,5,1,0,0,0,1,0,0,0,,,,,,,,
16848383,2,1,N,N,43,1G1JA5SH1G4108527,2016,,107,2243,104,N,78729,1,1,5,2,6,,,,N,,,N,,,,,,,,,,,,,,,,,,,,,,0,,,,,,,,,,5,1,0,0,0,1,0,0,0,,,,,,,,
16848385,1,1,N,N,43,1NXBR32EX5Z375253,2005,,91,173,104,N,77498,1,1,2,5,11,,,,,MR EAST TOWING,MR EAST TOWING,N,,,,,,,,,,,,,,,,,,,,,,0,,,,,,,,,,7,1,0,0,0,1,0,0,0,,,,,,,,
16848385,2,1,N,N,43,1G1AL58F887179059,2008,,107,978,104,N,78724,1,1,10,5,3,,,,N,AVILES & GABES WRECKER SERVICE INC.,AVILES & GABES WRECKER SERVICE INC.,N,,,,,,,,,,,,,,,,,,,,,,0,,,,,,,,,,1,1,0,0,1,0,0,1,0,,,,,,,,
16848386,1,1,N,N,43,5J6RE38539L035261,2009,3,44,107,104,N,78732,1,2,1,5,12,,,,N,NONE,NONE,N,,,,,,,,,,,,,,,,,,,,,,37,,,,,,,,,,1,1,0,1,0,0,0,1,0,,,,,,,,
16848386,2,1,N,N,43,JHMCM56327C010276,2007,9,44,236,104,N,78732,1,2,11,5,11,,,,N,NONE,NONE,N,,,,,,,,,,,,,,,,,,,,,,0,,,,,,,,,,5,1,0,0,0,1,0,0,0,,,,,,,,
16848387,1,1,N,N,43,3N1CE2CP8HL355518,2017,2,71,3996,104,N,78266,1,2,1,7,12,,,,N,EZ AUTO AND TOWING SERVICE,EZ AUTO AND TOWING SERVICE,N,,,,,,,,,,,,,,,,,,,,,,20,,,,,,,,,,1,1,0,0,0,1,0,0,0,,,,,,,,
16848387,2,1,N,N,43,1GNDS13S722323510,2002,2,107,732,69,N,78233,1,1,5,7,6,,,,N,EZ AUTO AND TOWING SERVICE,EZ AUTO AND TOWING SERVICE,N,,,,,,,,,,,,,,,,,,,,,,0,,,,,,,,,,1,1,0,0,1,1,0,1,0,,,,,,,,
16848388,1,1,N,N,43,2GNALBEK6C1255088,2012,9,107,1048,69,N,78730,1,2,2,2,12,,,,,,,N,,,,,,,,,,,,,,,,,,,,,,41,,,,,,,,,,5,1,0,0,0,1,0,0,0,,,,,,,,
16848388,2,1,N,N,43,JHMGE88439S038781,2009,3,44,1083,104,N,78734,1,2,6,3,6,,,,N,,,N,,,,,,,,,,,,,,,,,,,,,,0,,,,,,,,,,5,1,0,0,0,1,0,0,0,,,,,,,,
16848389,1,1,N,N,43,1GNDS13S152374859,2005,17,107,732,69,N,78744,1,2,3,3,11,,,,N,AVILES & GABES WRECKER SERVICE INC.,AVILES & GABES WRECKER SERVICE INC.,N,,,,,,,,,,,,,,,,,,,,,,22,,,20,,,,,,,1,1,0,0,0,1,0,0,0,,,,,,,,
16848390,1,1,N,N,43,1D3HB13P39S779284,2009,17,109,2275,30,N,78666,2,,2,2,12,,,,N,,,N,,,,,,,,,,,,,,,,,,,,,,0,,,,,,,,,,6,1,0,0,0,4,0,0,0,,,,,,,,
16848390,2,1,N,N,43,1FTSS34L18DB61194,2008,21,37,101,103,N,78640,1,2,6,1,6,2,1,12,N,,,N,,,,,,,,,,,,,,,,,,,,,,0,,,,,,,,,,6,1,0,0,0,1,0,0,0,,,,,,,,
16848390,3,1,N,N,43,KMHDH4AE9DU494848,2013,17,45,480,104,N,78666,1,2,6,5,6,2,1,12,Y,EZ AUTO AND TOWING SERVICE,EZ AUTO AND TOWING SERVICE,N,,,,,,,,,,,,,,,,,,,,,,0,,,,,,,,,,6,2,0,2,0,0,0,2,0,,,,,,,,
16848390,4,1,N,N,43,3GCEK13329G176147,2009,21,107,658,30,N,78748,1,2,6,1,6,,,,N,,,N,,,,,,,,,,,,,,,,,,,,,,0,,,,,,,,,,6,2,0,0,0,1,0,0,0,,,,,,,,
16848391,1,1,N,N,43,,2014,17,55,611,69,N,78722,2,,2,7,11,,,,Y,ARMADA TOWING,ARMADA TOWING,N,,,,,,,,,,,,,,,,,,,,,,,,,20,33,,,,,,1,1,0,1,0,0,0,1,0,,,,,,,,
16848391,2,1,N,N,43,5TFEM5F19HX114413,2017,3,91,687,30,N,78754,1,1,8,5,5,,,,Y,ROCHAS TOWING SERVICE,ROCHAS TOWING SERVICE,N,,,,,,,,,,,,,,,,,,,,,,0,,,,,,,,,,5,1,0,0,0,2,0,0,0,,,,,,,,
16848396,1,1,N,N,43,4T1BK36B76U081220,2006,17,91,563,104,N,78633,1,1,2,5,11,,,,Y,STARS TOWING,STARS TOWING,N,,,,,,,,,,,,,,,,,,,,,,0,,,,,,,,,,8,1,0,0,0,1,0,0,0,,,,,,,,
16848403,1,1,N,N,43,2G1FA1E36D9141305,2013,2,107,46,100,N,78723,1,2,29,0,,,,,Y,A-TEX TOWING,A-TEX,N,,,,,,,,,,,,,,,,,,,,,,0,,,,,,,,,,4,1,0,0,0,1,0,0,0,,,,,,,,
16848407,1,1,N,N,43,1GNSKJKC3FR702440,2015,2,107,249,69,N,78744,1,2,4,4,1,,,,N,SOUTHSIDE TOWING,8200 S. CONGRESS,N,,,,,,,,,,,,,,,,,,,,,,74,,,,,,,,,,7,1,0,1,2,0,0,3,0,,,,,,,,
16848407,2,1,N,N,43,1C6RR6LT1JS244856,2018,3,109,2275,30,N,78629,1,2,11,4,10,,,,N,SOUTHSIDE,8200 S. CONGRESS,N,,,,,,,,,,,,,,,,,,,,,,0,,,,,,,,,,5,1,0,0,2,0,0,2,0,,,,,,,,
16848438,1,1,N,N,43,1N4AL21E17N418944,2007,3,71,500,104,N,78759,1,2,4,4,12,,,,N,MR EAST TOWING,MR EAST TOWING,N,,,,,,,,,,,,,,,,,,,,,,15,,,,,,,,,,6,1,0,0,0,1,0,0,0,,,,,,,,
16848438,2,1,N,N,43,4JGBF86E99A498047,2009,2,65,118,69,N,78727,1,2,14,4,3,,,,N,STARS TOWING,15500 CONNIE ST,N,,,,,,,,,,,,,,,,,,,,,,0,,,,,,,,,,4,1,0,1,0,0,0,1,0,,,,,,,,
16848439,1,1,N,N,43,1FTPX12575KC86997,2005,21,37,2324,106,N,78727,1,2,2,3,12,,,,N,,,N,,,,,,,,,,,,,,,,,,,,,,16,,,,,,,,,,5,1,0,0,0,2,0,0,0,,,,,,,,
16848439,2,1,N,N,43,2T2GA31U35C032044,2005,3,58,1317,69,N,78727,1,2,15,3,9,,,,N,HARPERS TOWING SERVICE INC,HARPERS TOWING SERVICE INC,N,,,,,,,,,,,,,,,,,,,,,,0,,,,,,,,,,3,1,0,0,0,1,0,0,0,,,,,,,,
16848440,1,1,N,N,43,1FM5K8AR9DGB44280,2013,2,37,554,104,N,78745,1,1,4,3,11,10,3,11,Y,ROCHAS TOWING SERVICE,5700 BURLESON RD AUSTIN TX 78744,N,,,,,,,,,,,,,,,,,,,,,,34,,,,,,,,,,8,1,0,0,2,0,0,2,0,,,,,,,,
16848440,2,1,N,N,43,5XYKT3A62CG220176,2012,21,55,611,69,N,78741,1,1,3,3,3,,,,Y,SOUTHSIDE WRECKER INC,8200 S. CONGRESS AVE,N,,,,,,,,,,,,,,,,,,,,,,0,,,,,,,,,,6,1,0,0,2,0,0,2,0,,,,,,,,
16848441,1,1,N,N,43,YV1TS92D721269132,2002,21,98,688,104,N,78744,2,,4,4,,,,,N,A & A WRECKER SOUTH,A & A WRECKER SOUTH,N,,,,,,,,,,,,,,,,,,,,,,60,,,,,,,,,,11,1,0,0,0,1,0,0,0,,,,,,,,
16848442,1,1,N,N,43,5TFLU4EN9FX143364,2015,2,91,629,30,N,78723,1,2,2,1,12,,,,N,,,N,,,,,,,,,,,,,,,,,,,,,,44,,,,,,,,,,8,1,0,0,0,1,0,0,0,,,,,,,,
16848442,2,1,N,N,43,1G11C5SA8GF150744,2016,21,107,56,104,N,78617,1,2,6,3,6,,,,N,,,N,,,,,,,,,,,,,,,,,,,,,,0,,,,,,,,,,8,1,0,2,0,3,0,2,0,,,,,,,,
16848443,1,1,N,Y,43,,,,,,104,N,,,,,,,,,,,,,N,,,,,,,,,,,,,,,,,,,,,,0,,,,,,,,,,1,1,0,0,0,0,0,0,0,,,,,,,,
16848443,2,1,N,N,43,1G1ZE5ST9HF228884,2017,9,107,56,104,N,78741,1,1,8,2,6,,,,,,,N,,,,,,,,,,,,,,,,,,,,,,0,,,,,,,,,,1,1,0,1,0,1,0,1,0,,,,,,,,
16848444,1,1,N,N,43,1FTRX172X3NA75716,2003,21,37,2324,30,N,78745,1,1,3,2,10,,,,N,A-TEX TOWING,A-TEX,N,,,,,,,,,,,,,,,,,,,,,,0,,,,,,,,,,1,1,0,0,2,0,1,2,0,,,,,,,,
16848445,1,1,N,N,43,KMHCT4AEXGU956770,2016,21,45,557,104,N,78660,1,2,10,3,3,,,,N,,,N,,,,,,,,,,,,,,,,,,,,,,0,,,,,,,,,,7,1,0,1,0,0,0,1,0,,,,,,,,
16848445,2,1,N,N,43,JTMWFREV7FJ055520,2015,17,91,581,69,N,78653,1,2,2,1,12,,,,N,,,N,,,,,,,,,,,,,,,,,,,,,,0,,,,,,,,,,3,1,0,0,0,2,0,0,0,,,,,,,,
16848448,1,1,N,N,43,WBAVA37548NL57103,2008,9,14,652,104,N,78660,1,2,7,1,6,,,,N,,,N,,,,,,,,,,,,,,,,,,,,,,0,,,,,,,,,,1,1,0,0,1,0,0,1,0,,,,,,,,
16848448,2,1,N,N,43,1D7HA16N13J542057,2003,17,109,2279,30,N,78753,1,2,4,1,12,,,,N,,,N,,,,,,,,,,,,,,,,,,,,,,0,,,,,,,,,,1,1,0,0,0,2,0,0,0,,,,,,,,
16848457,1,1,N,N,43,WDDGF5EB2BR160423,2011,9,65,671,104,N,78753,1,2,3,7,11,,,,N,EZ AUTO AND TOWING SERVICE,EZ AUTO AND TOWING SERVICE,N,,,,,,,,,,,,,,,,,,,,,,0,,,,,,,,,,1,1,0,0,1,0,0,1,0,,,,,,,,
16848458,1,1,N,Y,43,KNAFE161465237228,2006,21,55,717,104,N,,,,,,,,,,,,,N,,,,,,,,,,,,,,,,,,,,,,0,,,,,,,,,,11,1,0,0,0,0,0,0,0,,,,,,,,
16848460,1,1,N,N,43,2D4FV47T06H416785,2006,21,109,225,104,N,78621,2,,2,2,,,,,N,,,N,,,,,,,,,,,,,,,,,,,,,,37,,,,,,,,,,6,1,0,0,0,1,0,0,0,,,,,,,,
16848460,2,1,N,N,43,5TDZA23C64S079828,2004,21,91,648,103,N,78744,1,1,11,1,11,,,,N,,,N,,,,,,,,,,,,,,,,,,,,,,0,,,,,,,,,,2,1,0,0,1,0,0,1,0,,,,,,,,
16848461,1,1,N,N,43,2FMDK3KC6DBA41513,2013,16,37,1035,69,N,78748,1,1,12,3,3,,,,N,UNKNOWN,UNKNOWN,N,,,,,,,,,,,,,,,,,,,,,,0,,,,,,,,,,1,1,0,0,0,1,0,0,0,,,,,,,,
16848461,2,1,N,Y,,,,16,,,104,N,,,,,,,,,,,,,N,,,,,,,,,,,,,,,,,,,,,,,,,73,,,,,,,1,1,0,0,0,0,1,0,0,,,,,,,,
16848464,1,1,N,N,43,2HGFG11647H584909,2007,17,44,256,104,N,78750,1,1,4,2,3,,,,N,,,N,,,,,,,,,,,,,,,,,,,,,,4,,,,,,,,,,8,1,0,0,0,1,0,0,0,,,,,,,,
16848464,2,1,N,N,43,1HGCS2B85CA004096,2012,17,44,236,104,N,78613,1,1,11,4,9,,,,Y,620 LAKESIDE TOWING,620 LAKESIDE TOWING,N,,,,,,,,,,,,,,,,,,,,,,0,,,,,,,,,,7,1,0,0,0,1,0,0,0,,,,,,,,
16848465,1,1,N,N,43,KNAFE121865349875,2006,3,55,717,0,N,79088,1,2,2,1,12,,,,N,,,N,,,,,,,,,,,,,,,,,,,,,,44,,,,,,,,,,7,1,0,0,0,1,0,0,0,,,,,,,,
16848465,2,1,N,N,43,1N4AL3AP7FN871892,2015,2,71,500,104,N,78681,1,2,6,0,6,,,,N,,,N,,,,,,,,,,,,,,,,,,,,,,0,,,,,,,,,,7,1,0,3,0,0,0,3,0,,,,,,,,
16848466,1,1,N,Y,113,,,,208,763,0,N,,,,,,,,,,,,,N,,,,,,,,,,,,,,,,,,,,,,0,,,,,,,,,,11,1,0,0,0,0,1,0,0,,,,,,,,
16848466,2,1,Y,N,9,JHMCP26408C058360,2008,21,44,236,104,N,78741,,,9,4,8,,,,N,,,N,,,,,,,,,,,,,,,,,,,,,,0,,,,,,,,,,2,1,0,0,0,0,0,0,0,,,,,,,,
16848467,1,1,N,N,43,KMHD35LE2DU022928,2013,2,45,3561,104,N,78744,1,2,2,3,12,,,,Y,SPECIAL AUTOMOTIVE SERVICE INC,SPECIAL AUTOMOTIVE SERVICE INC,N,,,,,,,,,,,,,,,,,,,,,,0,,,,,,,,,,6,1,0,0,1,0,0,1,0,,,,,,,,
16848467,2,1,N,N,43,WBA3A5C53DF357753,2013,16,14,652,104,N,78751,1,2,2,3,,,,,N,ARMADA TOWING SOUTH,ARMADA TOWING SOUTH,N,,,,,,,,,,,,,,,,,,,,,,0,,,,,,,,,,2,1,0,0,1,0,1,1,0,,,,,,,,
16848468,1,1,N,N,43,1GKFC13087R148474,2007,2,39,479,69,N,78723,1,2,2,1,12,6,1,6,N,,,N,,,,,,,,,,,,,,,,,,,,,,22,,,,,,,,,,5,1,0,0,0,3,0,0,0,,,,,,,,
16848468,2,1,N,Y,43,,,2,,,0,N,,,,,,,,,,N,,,N,,,,,,,,,,,,,,,,,,,,,,0,,,,,,,,,,5,1,0,0,0,0,1,0,0,,,,,,,,
16848468,3,1,N,N,43,5GTDN13E478176084,2007,17,112,2373,69,N,78753,1,2,2,2,12,,,,Y,ARMADA TOWING,ARMADA TOWING,N,,,,,,,,,,,,,,,,,,,,,,22,,,,,,,,,,5,2,0,0,0,2,0,0,0,,,,,,,,
16848469,1,1,N,N,43,1GCHG39K9SF223254,1995,21,107,370,103,N,78741,1,1,1,2,12,,,,N,,,N,,,,,,,,,,,,,,,,,,,,,,0,,,,,,,,,,1,1,0,0,0,1,0,0,0,,,,,,,,
16848469,2,3,,,,,,,,,,,,,,,,,,,,,,,,,,,,,,,,,,,,,,,,,,,,,0,,,,,,,,,,9,1,1,0,0,0,0,1,0,,,,,,,,
16848470,1,1,N,N,43,3N1AB7AP3DL690731,2013,9,71,341,104,N,78610,1,2,15,3,10,,,,N,STARS TOWING,STARS TOWING,N,,,,,,,,,,,,,,,,,,,,,,41,,,,,,,,,,7,1,0,0,0,1,0,0,0,,,,,,,,
16848471,1,1,N,Y,,,,2,109,,30,N,,,,,,,,,,,,,N,,,,,,,,,,,,,,,,,,,,,,0,,,,,,,,,,5,1,0,0,0,0,0,0,0,,,,,,,,
16848471,2,1,N,N,6,5NPET46F88H369901,2008,3,45,462,104,N,78745,1,1,2,3,12,,,,N,ARMADA TOWING,ARMADA TOWING,N,,,,,,,,,,,,,,,,,,,,,,44,,,,,,,,,,5,1,0,0,0,1,0,0,0,,,,,,,,
16848472,1,1,N,Y,43,2G1WC5E36D1205228,2013,17,107,,104,N,78744,,,6,3,6,,,,N,ROCHAS,ROCHAS,N,,,,,,,,,,,,,,,,,,,,,,0,,,,,,,,,,1,1,0,0,1,0,0,1,0,,,,,,,,
16848472,2,1,N,Y,113,,,99,,,0,N,,,,,,,,,,N,,,N,,,,,,,,,,,,,,,,,,,,,,0,,,,,,,,,,1,1,0,0,0,0,1,0,0,,,,,,,,
16848473,1,1,N,N,43,4T1BF3EKXBU746501,2011,17,91,380,104,N,78729,1,1,3,4,11,,,,N,620 LAKESIDE TOWING,620 LAKESIDE TOWING,N,,,,,,,,,,,,,,,,,,,,,,0,,,,,,,,,,3,1,0,0,0,1,0,0,0,,,,,,,,
16848473,2,1,N,N,43,JN8DR09X54W807337,2004,2,71,531,69,N,78750,1,1,3,4,9,,,,N,620 LAKESIDE TOWING,620 LAKESIDE TOWING,N,,,,,,,,,,,,,,,,,,,,,,0,,,,,,,,,,1,1,0,0,0,1,0,0,0,,,,,,,,
16848474,1,1,N,N,43,KMHDU46D19U696697,2009,21,45,480,104,N,76248,1,1,11,1,11,15,1,9,N,,,N,,,,,,,,,,,,,,,,,,,,,,0,,,,,,,,,,7,1,0,0,0,1,0,0,0,,,,,,,,
16848474,2,4,,,,,,,,,,,,,,,,,,,,,,,,,,,,,,,,,,,,,,,,,,,,,59,,,20,,,,,,,9,1,0,1,0,0,0,1,0,,,,,,,,
16848503,1,1,N,N,43,WBAAM5337XFR10812,1999,17,14,652,104,N,84770,1,2,6,7,6,,,,Y,BULLET TOWING,BULLET TOWING,N,,,,,,,,,,,,,,,,,,,,,,0,,,,,,,,,,8,1,2,0,0,1,0,2,0,,,,,,,,
16848503,2,1,N,N,43,1FTKR1EE4APA31947,2010,21,37,357,30,N,78748,1,1,,,,,,,Y,EZ AUTO AND TOWING SERVICE,EZ AUTO AND TOWING SERVICE,N,,,,,,,,,,,,,,,,,,,,,,0,,,,,,,,,,8,1,0,0,0,1,0,0,0,,,,,,,,
16848505,1,1,N,Y,43,1C4RJFBG8GC317132,2016,21,429,1116,69,N,79404,1,1,5,1,6,,,,,,,N,,,,,,,,,,,,,,,,,,,,,,0,,,,,,,,,,8,1,0,1,0,0,0,1,0,,,,,,,,
16848505,2,1,N,Y,113,,,5,,,69,N,,,,,,,,,,,,,N,,,,,,,,,,,,,,,,,,,,,,0,,,,,,,,,,8,1,0,0,0,0,1,0,0,,,,,,,,
16848506,1,1,N,N,43,JTMZK31V576007837,2007,8,91,581,104,N,78731,1,2,4,4,2,,,,N,AAA,AAA,N,,,,,,,,,,,,,,,,,,,,,,39,,,,,,,,,,7,1,0,0,0,1,0,0,0,,,,,,,,
16848506,2,1,N,N,43,JM3TB2DA2F0467572,2015,9,63,272,104,N,78726,1,2,2,4,11,,,,N,AVILES & GABES WRECKER SERVICE INC.,AVILES & GABES WRECKER SERVICE INC.,N,,,,,,,,,,,,,,,,,,,,,,0,,,,,,,,,,3,1,0,0,0,2,0,0,0,,,,,,,,
16848508,1,1,N,Y,,,,,,,71,N,,,,,,,,,,,,,N,,,,,,,,,,,,,,,,,,,,,,22,,,,,,,,,,5,1,0,0,0,0,1,0,0,,,,,,,,
16848508,2,1,N,N,43,3N1AB7AP4JY248930,2018,21,71,341,104,N,77388,1,1,9,3,10,,,,N,N/A,N/A,N,,,,,,,,,,,,,,,,,,,,,,0,,,,,,,,,,1,1,0,1,0,2,0,1,0,,,,,,,,
16848509,1,1,N,N,43,5GZCZ53446S858159,2006,3,81,747,69,N,78726,1,2,3,3,10,,,,N,AVILES & GABES WRECKER SERVICE INC.,AVILES & GABES WRECKER SERVICE INC.,N,,,,,,,,,,,,,,,,,,,,,,34,,,,,,,,,,5,1,0,0,0,1,0,0,0,,,,,,,,
16848509,2,1,N,N,43,3D7JB1EK8BG606858,2011,21,109,2275,30,N,78653,2,,,,,,,,N,,,N,,,,,,,,,,,,,,,,,,,,,,0,,,,,,,,,,7,1,0,0,0,1,0,0,0,,,,,,,,
16848510,1,1,N,N,43,YV1LS61J3Y2665325,2000,2,98,1325,104,N,78741,3,2,4,3,1,29,0,,Y,SOUTHSIDE WRECKER INC,8200 S. CONGRESS AVE,N,,,,,,,,,,,,,,,,,,,,,,64,67,68,60,20,,,,,,3,1,0,0,0,1,0,0,0,,,,,,,,
16848511,1,1,N,N,43,2C3CCAAG9FH820186,2015,2,21,65,104,N,78745,2,,2,4,12,6,4,3,N,STARS TOWING,STARS TOWING,N,,,,,,,,,,,,,,,,,,,,,,74,,,,,,,,,,5,1,0,1,0,0,0,1,0,,,,,,,,
16848511,2,1,N,N,43,3GNEC12038G276414,2008,21,107,730,30,N,78612,1,2,9,1,9,,,,N,,,N,,,,,,,,,,,,,,,,,,,,,,0,,,,,,,,,,5,2,0,0,0,1,0,0,0,,,,,,,,
16848512,1,1,N,N,43,5TBRT38185S457603,2005,2,91,687,92,N,78724,1,1,15,2,5,,,,N,,,N,,,,,,,,,,,,,,,,,,,,,,4,20,,67,,,,,,,5,1,0,0,0,2,0,0,0,,,,,,,,
16848512,2,1,N,N,43,19XFC2F51GE055347,2016,2,44,256,92,N,78753,1,1,12,3,2,,,,N,,,N,,,,,,,,,,,,,,,,,,,,,,0,,,,,,,,,,7,1,0,0,0,1,0,0,0,,,,,,,,
16848513,1,1,N,N,43,3N1AB7AP9HL642012,2017,17,71,341,104,N,78754,1,1,12,3,1,,,,Y,AVILES & GABES WRECKER SERVICE INC.,AVILES & GABES WRECKER SERVICE INC.,N,,,,,,,,,,,,,,,,,,,,,,37,,,,,,,,,,1,1,0,0,0,2,0,0,0,,,,,,,,
16848513,2,1,N,N,43,1G11B5SL2EF119667,2014,21,107,56,104,N,78653,1,1,3,3,10,,,,Y,PRONTOS,PRONTO WRECKER SERVICE NORTH,N,,,,,,,,,,,,,,,,,,,,,,0,,,,,,,,,,5,1,0,0,0,2,0,0,0,,,,,,,,
16848514,1,1,N,N,43,VNKKTUD32GA066508,2016,2,91,1477,104,N,78729,1,1,2,1,12,,,,Y,AUS-TEX AUTO ENTERPRISES LLC,AUS-TEX AUTO ENTERPRISES LLC,N,,,,,,,,,,,,,,,,,,,,,,44,,,,,,,,,,1,1,0,0,0,1,0,0,0,,,,,,,,
16848514,2,1,N,N,43,1GKKNKLAXHZ240940,2017,16,39,894,104,N,77345,1,1,6,1,6,,,,N,,,N,,,,,,,,,,,,,,,,,,,,,,0,,,,,,,,,,1,1,0,0,0,1,0,0,0,,,,,,,,
16848515,1,1,N,N,43,JTKDE167690276590,2009,11,91,4331,104,N,78744,1,1,2,2,12,,,,Y,ROCHAS TOWING SERVICE,ROCHAS TOWING SERVICE,N,,,,,,,,,,,,,,,,,,,,,,0,,,,,,,,,,5,1,0,0,0,1,0,0,0,,,,,,,,
16848516,1,1,N,N,43,5YFBURHE5JP738692,2018,9,91,173,104,N,78744,1,1,2,4,1,,,,,EZ AUTO AND TOWING SERVICE,EZ AUTO AND TOWING SERVICE,N,,,,,,,,,,,,,,,,,,,,,,35,,,,,,,,,,1,1,0,0,0,1,0,0,0,,,,,,,,
16848516,2,1,N,N,43,3GNEK12Z85G150904,2005,9,107,730,30,N,78745,1,1,4,3,1,,,,,,,N,,,,,,,,,,,,,,,,,,,,,,0,,,,,,,,,,3,1,0,0,0,1,0,0,0,,,,,,,,
16848517,1,1,N,N,43,5YFBURHEXEP026409,2014,10,91,173,104,N,78729,1,1,13,3,10,,,,N,,,N,,,,,,,,,,,,,,,,,,,,,,0,,,,,,,,,,1,1,0,0,0,1,0,0,0,,,,,,,,
16848517,2,1,N,N,43,5TFDW5F14CX229256,2012,2,91,687,30,N,78704,1,1,3,2,1,,,,Y,STARS TOWING,STARS TOWING,N,,,,,,,,,,,,,,,,,,,,,,0,,,,,,,,,,3,1,0,0,0,1,0,0,0,,,,,,,,
16848518,1,1,N,N,43,4T1BE46K07U529828,2007,17,91,380,104,N,78758,1,1,,,,,,,,,,N,,,,,,,,,,,,,,,,,,,,,,74,,,,,,,,,,11,1,0,0,0,1,0,0,0,,,,,,,,
16848518,2,4,,,,,,,,,,,,,,,,,,,,,,,,,,,,,,,,,,,,,,,,,,,,,0,,,,,,,,,,9,1,0,0,0,0,1,0,0,,,,,,,,