Crash_ID,Unit_Nbr,Unit_Desc_ID,Veh_Parked_Fl,Veh_HNR_Fl,Veh_Lic_State_ID,VIN,Veh_Mod_Year,Veh_Color_ID,Veh_Make_ID,Veh_Mod_ID,Veh_Body_Styl_ID,Emer_Respndr_Fl,Ownr_Zip,Fin_Resp_Proof_ID,Fin_Resp_Type_ID,Veh_Dmag_Area_1_ID,Veh_Dmag_Scl_1_ID,Force_Dir_1_ID,Veh_Dmag_Area_2_ID,Veh_Dmag_Scl_2_ID,Force_Dir_2_ID,Veh_Inventoried_Fl,Veh_Transp_Name,Veh_Transp_Dest,Veh_Cmv_Fl,Cmv_Fiveton_Fl,Cmv_Hazmat_Fl,Cmv_Nine_Plus_Pass_Fl,Cmv_Veh_Oper_ID,Cmv_Carrier_ID_Type_ID,Cmv_Carrier_Zip,Cmv_Veh_Type_ID,Cmv_GVWR,Cmv_RGVW,Cmv_Hazmat_Rel_Fl,Hazmat_Cls_1_ID,Hazmat_IDNbr_1_ID,Hazmat_Cls_2_ID,Hazmat_IDNbr_2_ID,Cmv_Cargo_Body_ID,Cmv_Evnt1_ID,Cmv_Evnt2_ID,Cmv_Evnt3_ID,Cmv_Evnt4_ID,Cmv_Tot_Axle,Cmv_Tot_Tire,Contrib_Factr_1_ID,Contrib_Factr_2_ID,Contrib_Factr_3_ID,Contrib_Factr_P1_ID,Contrib_Factr_P2_ID,Veh_Dfct_1_ID,Veh_Dfct_2_ID,Veh_Dfct_3_ID,Veh_Dfct_P1_ID,Veh_Dfct_P2_ID,Veh_Trvl_Dir_ID,First_Harm_Evt_Inv_ID,Sus_Serious_Injry_Cnt,Nonincap_Injry_Cnt,Poss_Injry_Cnt,Non_Injry_Cnt,Unkn_Injry_Cnt,Tot_Injry_Cnt,Death_Cnt,Cmv_Disabling_Damage_Fl,Cmv_Bus_Type_ID,Trlr_GVWR,Trlr_RGVW,Trlr_Type_ID,Trlr_Disabling_Dmag_ID,Cmv_Intermodal_Container_Permit_Fl,CMV_Actual_Gross_Weight
16854772,1,1,N,N,43,1N4AL21E48N421645,2008,2,71,500,104,N,78745,2,,3,4,11,,,,N,EZ AUTO AND TOWING SERVICE,EZ AUTO AND TOWING SERVICE,N,,,,,,,,,,,,,,,,,,,,,,68,23,,,,,,,,,2,1,0,0,0,1,0,0,0,,,,,,,,
16854772,2,1,N,N,43,1J4AA2D1XAL160980,2010,2,429,1464,69,N,78753,1,2,3,4,11,,,,N,ROCHAS TOWING SERVICE,ROCHAS TOWING SERVICE,N,,,,,,,,,,,,,,,,,,,,,,0,,,,,,,,,,6,1,0,0,0,1,0,0,0,,,,,,,,
16854773,1,1,N,N,43,JTKDE177360098373,2006,17,91,2573,100,N,78753,1,2,4,4,2,,,,N,,,N,,,,,,,,,,,,,,,,,,,,,,44,,,20,,,,,,,1,1,0,0,0,3,0,0,0,,,,,,,,
16854773,2,1,N,N,43,4DRBUAFP98B550297,2008,22,119,1565,47,N,78741,1,2,13,1,7,,,,N,,,N,,,,,,,,,,,,,,,,,,,,,,0,,,,,,,,,,1,1,0,0,0,1,0,0,0,,,,,,,,
16854819,1,1,N,N,43,1GKKRPEDXBJ360218,2011,21,39,894,69,N,78749,1,2,2,1,12,,,,N,EZ AUTO AND TOWING SERVICE,EZ AUTO AND TOWING SERVICE,N,,,,,,,,,,,,,,,,,,,,,,0,,,,,,,,,,1,1,0,0,0,1,0,0,0,,,,,,,,
16854819,2,1,N,N,43,5N1AN08U58C511383,2008,17,71,694,69,N,78640,1,2,6,1,6,,,,N,,,N,,,,,,,,,,,,,,,,,,,,,,0,,,,,,,,,,1,1,0,0,0,1,0,0,0,,,,,,,,
16854820,1,1,N,N,43,3CZRU5H57HM701257,2017,16,44,107,104,N,78758,1,1,14,5,3,,,,N,STARS TOWING,STARS TOWING,N,,,,,,,,,,,,,,,,,,,,,,37,,,,,,,,,,5,1,0,0,0,1,0,0,0,,,,,,,,
16854820,2,1,N,N,43,1FTRF12W24NC69803,2004,3,37,2324,30,N,78681,1,1,4,3,1,,,,N,STARS TOWING,STARS TOWING,N,,,,,,,,,,,,,,,,,,,,,,0,,,,,,,,,,1,1,0,0,0,1,0,0,0,,,,,,,,
16854820,3,1,Y,N,43,1FTFW1EF9DKE33189,2013,2,37,2324,30,N,78681,1,1,16,1,3,,,,N,,,N,,,,,,,,,,,,,,,,,,,,,,0,,,,,,,,,,3,2,0,0,0,0,1,0,0,,,,,,,,
16854822,1,1,N,N,43,5NMSG3AB2AH395726,2010,17,45,713,69,N,78758,1,1,2,3,12,,,,N,N/A,N/A,N,,,,,,,,,,,,,,,,,,,,,,35,,,20,,,,,,,2,1,0,0,0,1,0,0,0,,,,,,,,
16854822,2,1,N,N,43,2GCEC19K5S1153164,1995,21,107,658,30,N,78724,1,1,13,4,9,,,,N,ARMADA TOWING,ARMADA TOWING,N,,,,,,,,,,,,,,,,,,,,,,0,,,,,,,,,,8,1,0,0,0,1,0,0,0,,,,,,,,
16854823,1,1,N,N,43,JHLRE38757C036080,2007,3,44,605,69,N,78724,1,2,2,5,12,,,,N,,,N,,,,,,,,,,,,,,,,,,,,,,0,,,,,,,,,,5,1,0,0,0,1,0,0,0,,,,,,,,
16854823,2,1,N,N,43,5J6YH28686L003469,2006,17,44,760,69,N,78723,1,2,6,3,6,,,,N,,,N,,,,,,,,,,,,,,,,,,,,,,0,,,,,,,,,,5,1,0,0,0,1,0,0,0,,,,,,,,
16854823,3,1,N,N,43,KL4CJASB4FB110703,2015,2,105,2184,69,N,78725,1,2,6,3,6,,,,N,,,N,,,,,,,,,,,,,,,,,,,,,,0,,,,,,,,,,5,2,0,0,0,1,0,0,0,,,,,,,,
16854825,1,1,N,N,43,2981142,1971,2,14,1288,71,N,24401,2,,15,5,9,,,,N,MR EAST TOWING,MR EAST TOWING,N,,,,,,,,,,,,,,,,,,,,,,20,22,74,,,,,,,,5,1,1,0,0,0,0,1,0,,,,,,,,
16854826,1,1,N,N,15,1GKDT13S332315199,2003,2,39,660,69,N,78653,2,,2,3,12,,,,Y,ARMADA TOWING,ARMADA TOWING,N,,,,,,,,,,,,,,,,,,,,,,41,,,,,,,,8,,5,1,0,0,0,2,0,0,0,,,,,,,,
16854827,1,1,N,N,43,1CYCCK4858T048697,2008,3,23,1515,92,N,78702,1,7,,,,,,,N,,,N,,,,,,,,,,,,,,,,,,,,,,37,,,,,,,,,,1,1,0,0,0,1,0,0,0,,,,,,,,
16854827,2,1,N,N,43,19UUA56631A027309,2001,17,1,564,104,N,78660,1,2,1,4,12,,,,N,AVILES & GABES WRECKER SERVICE INC.,AVILES & GABES WRECKER SERVICE INC.,N,,,,,,,,,,,,,,,,,,,,,,0,,,,,,,,,,5,1,0,0,0,1,0,0,0,,,,,,,,
16854827,3,1,N,N,43,1D4HD48NX4F165719,2004,4,109,635,104,N,78727,1,2,1,3,12,,,,N,620 LAKESIDE TOWING,620 LAKESIDE TOWING,N,,,,,,,,,,,,,,,,,,,,,,0,,,,,,,,,,3,2,0,0,0,2,0,0,0,,,,,,,,
16854828,1,1,N,N,43,5YFBURHE9GP541484,2016,21,91,173,104,N,78724,1,2,2,5,11,12,3,3,N,AVILES & GABES WRECKER SERVICE INC.,AVILES & GABES WRECKER SERVICE INC.,N,,,,,,,,,,,,,,,,,,,,,,4,41,,,,,,,,,5,1,0,0,0,1,0,0,0,,,,,,,,
16854828,2,1,N,N,43,JTJBT20X540067267,2004,21,58,768,69,N,78641,1,2,11,1,10,,,,N,,,N,,,,,,,,,,,,,,,,,,,,,,0,,,,,,,,,,5,1,0,0,0,1,0,0,0,,,,,,,,
16854829,1,1,N,N,43,WBA8A9C55JAD27873,2019,21,14,842,104,N,77479,1,1,11,3,8,,,,N,,,N,,,,,,,,,,,,,,,,,,,,,,35,,,,,,,,,,7,1,0,0,0,1,0,0,0,,,,,,,,
16854829,2,1,N,N,43,4S4BSAFC8H3355501,2017,10,85,1268,69,N,78731,1,1,12,4,,,,,N,620 LAKESIDE TOWING,620 LAKESIDE TOWING,N,,,,,,,,,,,,,,,,,,,,,,0,,,,,,,,,,1,1,0,0,0,1,0,0,0,,,,,,,,
16854830,1,1,N,N,43,KM8JU3AG4FU991710,2015,9,45,1431,69,N,78759,1,1,2,3,12,,,,N,,,N,,,,,,,,,,,,,,,,,,,,,,22,,,,,,,,,,6,1,0,0,0,1,0,0,0,,,,,,,,
16854830,2,1,N,N,43,1GKS2GKC0GR366246,2016,21,39,3093,69,N,78681,1,1,6,2,6,,,,N,,,N,,,,,,,,,,,,,,,,,,,,,,0,,,,,,,,,,6,1,0,0,0,1,0,0,0,,,,,,,,
16854832,1,1,N,N,43,JTEGD20V350062165,2005,10,91,581,69,N,78726,1,2,3,1,12,,,,N,620 LAKESIDE TOWING,CALIBER,N,,,,,,,,,,,,,,,,,,,,,,19,,,,,,,,,,3,1,0,0,0,1,0,0,0,,,,,,,,
16854832,2,1,N,N,43,WA1BNAFYXJ2015196,2018,2,8,1284,69,N,78750,1,2,7,1,4,,,,N,,,N,,,,,,,,,,,,,,,,,,,,,,0,,,,,,,,,,3,1,0,0,0,1,0,0,0,,,,,,,,
16854833,1,1,N,N,43,1FAFP37N17W321891,2007,17,37,696,104,N,78613,1,2,3,2,12,,,,N,ARMADA TOWING,ARMADA TOWING,N,,,,,,,,,,,,,,,,,,,,,,22,,,,,,,,,,6,1,0,0,0,1,0,0,0,,,,,,,,
16854834,1,1,N,N,43,KM8SC13D64U814488,2004,21,45,713,104,N,78744,1,2,4,1,12,,,,N,EZ AUTO AND TOWING SERVICE,EZ AUTO AND TOWING SERVICE,N,,,,,,,,,,,,,,,,,,,,,,60,,,,,,,,,,5,1,0,0,0,1,0,0,0,,,,,,,,
16854835,1,1,N,N,43,1FAFP34N97W184204,2007,17,37,696,104,N,78745,1,2,4,1,12,,,,N,ATX-VIP TOWING SERVICES,ATX-VIP TOWING SERVICES,N,,,,,,,,,,,,,,,,,,,,,,60,,,,,,,,,,5,1,0,0,0,1,0,0,0,,,,,,,,
16854836,1,1,N,N,43,5TFCZ5AN0HX109619,2017,18,91,629,106,N,78608,1,2,3,4,12,,,,N,AVILES & GABES WRECKER SERVICE INC.,AVILES & GABES WRECKER SERVICE INC.,N,,,,,,,,,,,,,,,,,,,,,,0,,,,,,,,,,5,1,0,0,1,0,0,1,0,,,,,,,,
16854836,2,1,N,N,43,JN8AS5MT1DW533692,2013,2,71,1310,69,N,78653,1,2,4,3,11,,,,N,,,N,,,,,,,,,,,,,,,,,,,,,,0,,,,,,,,,,7,1,0,0,0,2,0,0,0,,,,,,,,
16854837,1,1,N,N,43,2MEFM75V98X657094,2008,,113,114,104,N,78759,1,2,2,4,12,16,3,3,N,EZ AUTO AND TOWING SERVICE,,N,,,,,,,,,,,,,,,,,,,,,,0,,,,,,,,,,4,1,0,0,0,1,0,0,0,,,,,,,,
16854838,1,1,N,N,43,3G1BD6SM0JS526146,2018,4,107,2209,104,N,78758,1,2,2,5,,18,3,3,N,AVILES & GABES WRECKER SERVICE INC.,AVILES & GABES WRECKER SERVICE INC.,N,,,,,,,,,,,,,,,,,,,,,,0,,,,,,,,,,3,1,0,0,1,0,0,1,0,,,,,,,,
16854840,1,1,N,N,43,1HD4LE2419K450634,2009,2,42,3095,71,N,78741,1,1,15,2,9,,,,N,AAA,AAA,N,,,,,,,,,,,,,,,,,,,,,,0,,,,,,,,,,3,1,0,0,1,0,0,1,0,,,,,,,,
16854840,2,7,N,N,43,JTDKN3DUXF0398674,2015,16,91,702,104,N,78745,1,1,,,,,,,N,,,N,,,,,,,,,,,,,,,,,,,,,,0,,,,,,,,,,3,2,0,0,0,1,0,0,0,,,,,,,,
16854841,1,1,N,N,5,4A3AC44G21E078257,2001,9,68,435,100,N,90660,1,1,8,1,5,1,1,1,N,,,N,,,,,,,,,,,,,,,,,,,,,,44,,,,,,,,,,8,1,0,0,0,1,0,0,0,,,,,,,,
16854841,2,1,N,N,43,2GCEC13J471626706,2007,18,107,658,30,N,78717,1,1,5,0,6,,,,N,,,N,,,,,,,,,,,,,,,,,,,,,,0,,,,,,,,,,1,1,0,0,0,2,0,0,0,,,,,,,,
16854841,3,1,N,N,14,1XKYDP9XXJJ212811,2018,21,54,1533,87,N,46992,1,1,4,1,2,,,,N,,,Y,Y,N,N,1,2,46992,7,80000,0,N,,,,,12,13,,,,5,,0,,,,,,,,,,1,2,0,0,0,1,0,0,0,N,0,,,,,Y,32316
16854841,4,6,,,,,,,,,,,,,,,,,,,,,,,,,,,,,,,,,,,,,,,,,,,,,0,,,,,,,,,,9,2,0,0,0,0,0,0,0,,,0,0,1,N,,
16854842,1,1,N,N,43,1C4RDHAG3JC209366,2018,16,109,635,69,N,78729,1,2,3,4,1,,,,Y,620 LAKESIDE TOWING,620 LAKESIDE TOWING,N,,,,,,,,,,,,,,,,,,,,,,0,,,,,,,,,,6,1,0,0,0,1,0,0,0,,,,,,,,
16854842,2,1,N,N,43,JTJBC1BAXA2411890,2010,17,58,1319,69,N,78610,1,2,11,4,11,,,,Y,620 LAKESIDE TOWING,620 LAKESIDE TOWING,N,,,,,,,,,,,,,,,,,,,,,,0,,,,,,,,,,2,1,0,0,0,4,0,0,0,,,,,,,,
16854843,1,1,N,N,43,19UUA662X8A033394,2008,9,1,564,104,N,,1,2,15,4,9,,,,N,STARS TOWING,STARS TOWING,N,,,,,,,,,,,,,,,,,,,,,,37,,,,,,,,,,6,1,0,0,1,0,0,1,0,,,,,,,,
16854843,2,1,N,N,43,1HGCP36758A056179,2008,2,44,236,104,N,78759,1,2,1,2,12,,,,N,,,N,,,,,,,,,,,,,,,,,,,,,,0,,,,,,,,,,8,1,0,0,0,2,0,0,0,,,,,,,,
16854844,1,1,N,N,43,1FTEE14YSSHA00961,1995,21,37,600,103,N,78752,1,1,10,3,3,2,3,12,N,EZ AUTO AND TOWING SERVICE,EZ AUTO AND TOWING SERVICE,N,,,,,,,,,,,,,,,,,,,,,,1,,,,,,,,,,1,1,0,1,0,0,0,1,0,,,,,,,,
16854845,1,1,N,N,43,1GKDT13S872179130,2007,21,39,660,104,N,78133,1,2,2,2,1,,,,N,NOT TOWED,NOT TOWED,N,,,,,,,,,,,,,,,,,,,,,,37,,,,,,,,,,1,1,0,0,0,1,0,0,0,,,,,,,,
16854845,2,1,N,N,43,1HGCR2F81FA276123,2015,3,44,236,69,N,78704,1,2,3,2,11,,,,Y,EZ AUTO AND TOWING SERVICE,EZ AUTO AND TOWING SERVICE,N,,,,,,,,,,,,,,,,,,,,,,0,,,,,,,,,,5,1,0,0,0,1,0,0,0,,,,,,,,
16854847,1,1,N,N,43,JTDJT923785173634,2008,21,91,1477,100,N,78703,1,2,2,5,2,7,3,7,N,A-TEX TOWING,A-TEX TOWING,N,,,,,,,,,,,,,,,,,,,,,,23,,,,,,,,,,6,1,0,0,1,1,0,1,0,,,,,,,,
16854891,1,1,N,N,43,JTJGA31UX40024663,2004,2,58,1317,104,N,78732,1,2,2,5,12,,,,N,EZ AUTO AND TOWING SERVICE,EZ AUTO AND TOWING SERVICE,N,,,,,,,,,,,,,,,,,,,,,,0,,,,,,,,,,5,1,0,0,0,1,0,0,0,,,,,,,,
16854891,2,1,N,N,43,JN8AS5MT1EW623121,2014,2,71,1310,104,N,78641,1,2,6,3,6,,,,N,,,N,,,,,,,,,,,,,,,,,,,,,,0,,,,,,,,,,5,1,0,0,0,1,0,0,0,,,,,,,,
16854892,1,1,N,N,43,1ZVHT82H075348662,2007,2,37,96,100,N,75229,2,,2,3,12,,,,N,,,N,,,,,,,,,,,,,,,,,,,,,,22,,,,,,,,,,8,1,0,0,0,1,0,0,0,,,,,,,,
16854892,2,1,N,N,43,1YVHZ8BHXB5M19743,2011,9,63,870,104,N,78744,1,2,2,2,12,6,1,6,N,,,N,,,,,,,,,,,,,,,,,,,,,,0,,,,,,,,,,8,1,0,0,0,1,0,0,0,,,,,,,,
16854892,3,1,N,N,43,19XFB2F85CE066049,2012,9,44,256,104,N,78758,1,2,6,1,6,,,,N,,,N,,,,,,,,,,,,,,,,,,,,,,0,,,,,,,,,,8,2,0,0,0,2,0,0,0,,,,,,,,
16854893,1,1,N,N,43,1FTYR10E44PB22688,2004,21,37,357,30,N,75006,1,2,3,2,12,,,,N,,,N,,,,,,,,,,,,,,,,,,,,,,16,,,,,,,,,,3,1,0,0,0,1,0,0,0,,,,,,,,
16854893,2,1,N,N,43,KMHDU46D07U039306,2007,17,45,377,69,N,,1,2,12,4,3,2,2,11,N,SPECIAL AUTOMOTIVE SERVICE INC,SPECIAL AUTOMOTIVE SERVICE INC,N,,,,,,,,,,,,,,,,,,,,,,0,,,,,,,,,,5,1,0,0,0,3,0,0,0,,,,,,,,
16854894,1,1,N,Y,43,1HGCS1B37AA010767,2010,2,44,236,104,N,78681,1,1,5,4,6,,,,N,ATX-VIP TOWING SERVICES,ATX-VIP TOWING SERVICES,N,,,,,,,,,,,,,,,,,,,,,,22,,,,,,,,,,5,1,0,0,0,1,0,0,0,,,,,,,,
16854894,2,1,N,Y,,,2015,11,44,236,104,N,,,,,,,,,,,,,N,,,,,,,,,,,,,,,,,,,,,,0,,,,,,,,,,5,1,0,0,0,0,0,0,0,,,,,,,,
16854895,1,1,N,Y,,,,21,44,,104,N,,,,,,,,,,,,,N,,,,,,,,,,,,,,,,,,,,,,22,,,,,,,,,,1,1,0,0,0,0,1,0,0,,,,,,,,
16854895,2,1,N,N,43,3GCEK23M29G235549,2009,17,107,658,30,N,78676,1,1,8,3,5,,,,N,N/A,N/A,N,,,,,,,,,,,,,,,,,,,,,,0,,,,,,,,,,1,1,0,0,0,1,0,0,0,,,,,,,,
16854897,1,1,N,N,43,1G1PC5SB8D7268656,2013,21,107,2209,104,N,78653,1,2,1,4,12,12,4,3,Y,ATX-VIP TOWING SERVICES,ATX-VIP TOWING SERVICES,N,,,,,,,,,,,,,,,,,,,,,,,,,74,,,,,,,7,1,1,0,0,0,0,1,0,,,,,,,,
16854898,1,1,N,N,43,5TBET541X7S452695,2007,8,91,687,30,N,78741,1,2,2,0,12,,,,N,,,N,,,,,,,,,,,,,,,,,,,,,,59,,,,,,,,,,1,1,0,0,0,1,0,0,0,,,,,,,,
16854898,2,4,,,,,,,,,,,,,,,,,,,,,,,,,,,,,,,,,,,,,,,,,,,,,0,,,,,,,,,,9,1,0,1,0,0,0,1,0,,,,,,,,
16854899,1,1,N,N,50,1GTHK29153E309541,2003,2,107,2202,30,Y,82637,2,,3,2,2,,,,,,,N,,,,,,,,,,,,,,,,,,,,,,0,,,,,,,,,,2,1,0,0,0,1,0,0,0,,,,,,,,
16854899,2,1,N,N,43,3MZBM1V76EM100873,2014,,63,2472,104,N,78745,2,,4,4,11,,,,,,,N,,,,,,,,,,,,,,,,,,,,,,0,,,,,,,,,,1,1,0,0,1,0,0,1,0,,,,,,,,
16854901,1,1,N,Y,,,,,,,0,N,,,,,,,,,,,,,N,,,,,,,,,,,,,,,,,,,,,,20,,,,,,,,,,3,1,0,0,0,0,1,0,0,,,,,,,,
16854901,2,1,N,N,43,ML32A3HJ0FH038555,2015,9,68,389,104,N,78745,1,2,3,2,10,,,,N,,,N,,,,,,,,,,,,,,,,,,,,,,0,,,,,,,,,,7,1,0,0,0,1,0,0,0,,,,,,,,
16854902,1,1,N,N,43,WBAWB73599P158407,2009,21,14,652,100,N,79928,1,1,1,5,12,,,,N,AUS-TEX AUTO ENTERPRISES LLC,AUS-TEX AUTO ENTERPRISES LLC,N,,,,,,,,,,,,,,,,,,,,,,19,20,44,,,,,,,,4,1,0,0,0,1,0,0,0,,,,,,,,
16854902,2,1,N,Y,113,,,99,,,0,N,,,,,,,,,,N,,,N,,,,,,,,,,,,,,,,,,,,,,0,,,,,,,,,,4,1,0,0,0,0,1,0,0,,,,,,,,
16854903,1,1,N,N,43,4S3GKAA63H1607243,2017,21,85,516,104,N,78758,1,1,1,5,12,,,,Y,EZ AUTO AND TOWING SERVICE,EZ AUTO AND TOWING SERVICE,N,,,,,,,,,,,,,,,,,,,,,,33,,,,,,,,,,11,1,0,0,1,0,0,1,0,,,,,,,,
16854903,2,1,N,N,43,4S4BSBNC5F3242626,2015,10,85,1268,104,N,78758,1,1,7,4,7,,,,N,EZ AUTO AND TOWING SERVICE,EZ AUTO AND TOWING SERVICE,N,,,,,,,,,,,,,,,,,,,,,,0,,,,,,,,,,11,1,0,0,0,1,0,0,0,,,,,,,,
16854904,1,1,N,N,43,WBA8A9C51GK617978,2016,2,14,2165,104,N,78758,1,2,2,4,12,,,,Y,EZ AUTO AND TOWING SERVICE,EZ AUTO AND TOWING SERVICE,N,,,,,,,,,,,,,,,,,,,,,,45,22,,,,,,,,,1,1,0,0,0,1,0,0,0,,,,,,,,
16854905,1,1,N,Y,43,JTEZU5JR5E5072520,2014,2,91,395,69,N,,,,2,4,12,,,,,ROCHAS TOWING SERVICE,ROCHAS TOWING SERVICE,N,,,,,,,,,,,,,,,,,,,,,,0,,,,,,,,,,5,1,0,0,0,0,0,0,0,,,,,,,,
16854906,1,1,N,N,43,1N4AL3AP0DN468043,2013,21,71,500,104,N,78741,1,2,2,2,12,10,2,1,N,,,N,,,,,,,,,,,,,,,,,,,,,,,,,45,,,,,,,6,1,0,0,0,2,0,0,0,,,,,,,,
16854907,1,1,N,N,43,JM1BK12G871720993,2007,17,63,1210,104,N,78759,1,2,2,5,,,,,Y,EZ AUTO AND TOWING SERVICE,EZ AUTO AND TOWING SERVICE,N,,,,,,,,,,,,,,,,,,,,,,0,,,,,,,,,,5,1,0,0,0,1,0,0,0,,,,,,,,
16854908,1,1,N,N,43,1HGCP2F40AA038422,2010,2,44,236,104,N,78758,1,2,6,2,6,4,1,2,Y,AVILES & GABES WRECKER SERVICE INC.,AVILES & GABES WRECKER SERVICE INC.,N,,,,,,,,,,,,,,,,,,,,,,,,,20,22,,,,,,1,1,0,0,0,1,0,0,0,,,,,,,,
16854909,1,1,N,N,43,YV1TS592751401307,2005,21,98,688,104,N,78744,2,,,,,,,,N,ROCHAS TOWING SERVICE,ROCHAS TOWING SERVICE,N,,,,,,,,,,,,,,,,,,,,,,1,37,,,,,,,,,7,1,0,0,0,2,0,0,0,,,,,,,,
16854909,2,1,N,N,43,1V2NR2CA1JC544825,2018,3,96,184,69,N,78751,1,1,,,,,,,N,MR EAST TOWING,MR EAST TOWING,N,,,,,,,,,,,,,,,,,,,,,,0,,,,,,,,,,3,1,0,0,0,1,0,0,0,,,,,,,,
16854911,1,1,N,N,43,1NXBR32E57Z808013,2007,9,91,173,104,N,78729,1,1,2,6,12,,,,Y,620 LAKESIDE TOWING,620 LAKESIDE TOWING,N,,,,,,,,,,,,,,,,,,,,,,60,,,,,,,,,,7,1,0,0,1,0,0,1,0,,,,,,,,
16854911,2,1,N,N,43,1J8GS48KX9C528221,2009,21,429,1116,69,N,78602,1,1,6,1,6,,,,N,,,N,,,,,,,,,,,,,,,,,,,,,,0,,,,,,,,,,7,1,0,0,0,1,0,0,0,,,,,,,,
16854911,3,1,N,N,43,1C4RJFAT8DC509919,2013,9,429,1116,69,N,78664,1,1,2,2,6,,,,N,,,N,,,,,,,,,,,,,,,,,,,,,,0,,,,,,,,,,7,2,0,0,0,1,0,0,0,,,,,,,,
16854912,1,1,N,Y,43,3MYDLBYV2JY318554,2018,2,91,1477,104,N,79932,2,,,,,,,,,,,N,,,,,,,,,,,,,,,,,,,,,,37,,,,,,,,,,3,1,0,0,0,0,1,0,0,,,,,,,,
16854912,2,1,N,N,43,4T1BF1FK0DU208038,2013,17,91,380,104,N,78640,1,1,15,3,11,9,3,7,Y,A & A WRECKER SOUTH,A & A WRECKER SOUTH,N,,,,,,,,,,,,,,,,,,,,,,0,,,,,,,,,,1,1,0,0,0,1,0,0,0,,,,,,,,
16854913,1,1,N,N,43,1FAFP34N55W281462,2005,2,37,696,104,N,78640,1,1,15,7,7,5,5,6,N,EZ AUTO AND TOWING SERVICE,EZ AUTO AND TOWING SERVICE,N,,,,,,,,,,,,,,,,,,,,,,19,20,23,,,,,,,,1,1,0,0,1,0,0,1,0,,,,,,,,
16854913,2,1,N,N,43,1M1AW09Y0FM045517,2015,21,60,1536,106,N,,1,1,1,4,12,,,,N,DRIVER,UNKNOWN,N,,,,,,,,,,,,,,,,,,,,,,23,,,,,,,,,,5,1,0,0,0,1,0,0,0,,,,,,,,
16854913,3,6,,,,,,,,,,,,,,,,,,,,,,,,,,,,,,,,,,,,,,,,,,,,,0,,,,,,,,,,9,2,0,0,0,0,0,0,0,,,,,,,,
16854914,1,1,N,N,43,2G1WG5EK1B1170736,2011,21,107,53,104,N,78721,1,2,3,1,12,,,,N,,,N,,,,,,,,,,,,,,,,,,,,,,37,,,,,,,,,,6,1,0,0,0,1,0,0,0,,,,,,,,
16854914,2,1,N,N,43,1G11Y5SL6EU104678,2014,17,107,53,104,N,78702,2,,11,2,11,,,,Y,INTERSTATE CHAPARRAL TOWING INC.,INTERSTATE CHAPARRAL TOWING INC.,N,,,,,,,,,,,,,,,,,,,,,,0,,,,,,,,,,2,1,0,0,0,1,0,0,0,,,,,,,,
16854915,1,1,N,N,43,3C7WR9CL8GG335848,2016,21,710,4102,30,N,78702,1,7,2,4,12,,,,N,,,N,,,,,,,,,,,,,,,,,,,,,,44,,,,,,,,,,5,1,0,0,0,1,0,0,0,,,,,,,,
16854915,2,1,N,N,43,5TDKK3DC2FS532526,2015,9,91,648,103,N,78758,1,2,6,5,6,,,,N,ARMADA TOWING,ARMADA TOWING,N,,,,,,,,,,,,,,,,,,,,,,0,,,,,,,,,,5,1,0,0,0,1,0,0,0,,,,,,,,
16854915,3,1,N,N,43,JTEZU5JR9G5144454,2016,21,91,395,69,N,78727,1,2,18,7,3,,,,N,ARMADA TOWING,ARMADA TOWING,N,,,,,,,,,,,,,,,,,,,,,,0,,,,,,,,,,5,2,0,1,0,0,0,1,0,,,,,,,,
16854915,4,1,N,N,43,3GCUKREC2GG175956,2016,21,107,658,30,N,76063,1,2,2,5,,,,,Y,STARS TOWING,STARS TOWING,N,,,,,,,,,,,,,,,,,,,,,,0,,,,,,,,,,5,2,0,0,0,1,0,0,0,,,,,,,,
16854917,1,1,N,N,43,1ZVFT80N765118146,2006,17,37,96,100,N,78741,1,1,2,3,12,,,,N,EZ AUTO AND TOWING SERVICE,EZ AUTO AND TOWING SERVICE,N,,,,,,,,,,,,,,,,,,,,,,,,,16,,,,,,,7,1,0,0,0,1,0,0,0,,,,,,,,
16854917,2,1,N,N,43,JTDKN3DU9C5487649,2012,21,91,702,104,N,78720,4,,11,3,9,,,,N,A-TEX TOWING,5526 1/2 W HWY 290,N,,,,,,,,,,,,,,,,,,,,,,0,,,,,,,,,,5,1,1,0,0,0,0,1,0,,,,,,,,
16854918,1,1,N,N,42,1FTEW1CF7FFB97507,2015,11,37,2324,30,N,42321,1,2,9,3,9,,,,N,620 LAKESIDE TOWING,620 LAKESIDE TOWING,N,,,,,,,,,,,,,,,,,,,,,,37,,,,,,,,,,7,1,0,0,1,0,0,1,0,,,,,,,,
16854918,2,1,N,N,43,WBAFR7C54DC826917,2013,17,14,632,104,N,78732,1,2,2,5,11,,,,N,620 LAKESIDE TOWING,620 LAKESIDE TOWING,N,,,,,,,,,,,,,,,,,,,,,,0,,,,,,,,,,1,1,0,0,0,1,0,0,0,,,,,,,,
16854954,1,1,N,N,43,1GKDS13SX32103048,2003,18,39,660,104,N,78653,1,1,2,4,12,,,,N,,,N,,,,,,,,,,,,,,,,,,,,,,44,,,20,,,,,,,7,1,0,1,0,0,0,1,0,,,,,,,,