Crash_ID,Unit_Nbr,Unit_Desc_ID,Veh_Parked_Fl,Veh_HNR_Fl,Veh_Lic_State_ID,VIN,Veh_Mod_Year,Veh_Color_ID,Veh_Make_ID,Veh_Mod_ID,Veh_Body_Styl_ID,Emer_Respndr_Fl,Ownr_Zip,Fin_Resp_Proof_ID,Fin_Resp_Type_ID,Veh_Dmag_Area_1_ID,Veh_Dmag_Scl_1_ID,Force_Dir_1_ID,Veh_Dmag_Area_2_ID,Veh_Dmag_Scl_2_ID,Force_Dir_2_ID,Veh_Inventoried_Fl,Veh_Transp_Name,Veh_Transp_Dest,Veh_Cmv_Fl,Cmv_Fiveton_Fl,Cmv_Hazmat_Fl,Cmv_Nine_Plus_Pass_Fl,Cmv_Veh_Oper_ID,Cmv_Carrier_ID_Type_ID,Cmv_Carrier_Zip,Cmv_Veh_Type_ID,Cmv_GVWR,Cmv_RGVW,Cmv_Hazmat_Rel_Fl,Hazmat_Cls_1_ID,Hazmat_IDNbr_1_ID,Hazmat_Cls_2_ID,Hazmat_IDNbr_2_ID,Cmv_Cargo_Body_ID,Cmv_Evnt1_ID,Cmv_Evnt2_ID,Cmv_Evnt3_ID,Cmv_Evnt4_ID,Cmv_Tot_Axle,Cmv_Tot_Tire,Contrib_Factr_1_ID,Contrib_Factr_2_ID,Contrib_Factr_3_ID,Contrib_Factr_P1_ID,Contrib_Factr_P2_ID,Veh_Dfct_1_ID,Veh_Dfct_2_ID,Veh_Dfct_3_ID,Veh_Dfct_P1_ID,Veh_Dfct_P2_ID,Veh_Trvl_Dir_ID,First_Harm_Evt_Inv_ID,Sus_Serious_Injry_Cnt,Nonincap_Injry_Cnt,Poss_Injry_Cnt,Non_Injry_Cnt,Unkn_Injry_Cnt,Tot_Injry_Cnt,Death_Cnt,Cmv_Disabling_Damage_Fl,Cmv_Bus_Type_ID,Trlr_GVWR,Trlr_RGVW,Trlr_Type_ID,Trlr_Disabling_Dmag_ID,Cmv_Intermodal_Container_Permit_Fl,CMV_Actual_Gross_Weight
16854954,2,1,N,N,43,2T3YF4DV0AW022754,2010,21,91,581,104,N,78621,1,1,6,3,6,,,,N,,,N,,,,,,,,,,,,,,,,,,,,,,0,,,,,,,,,,7,1,0,0,0,1,0,0,0,,,,,,,,
16854956,1,1,N,N,43,3VWDX7AJ4BM368806,2011,2,96,316,104,N,78741,1,1,4,4,12,,,,Y,ROCHAS TOWING SERVICE,ROCHAS TOWING SERVICE,N,,,,,,,,,,,,,,,,,,,,,,15,,,,,,,,,,7,1,0,0,0,2,0,0,0,,,,,,,,
16854956,2,1,N,N,22,3FA6P0H78HR156098,2017,2,37,1097,104,N,48101,1,1,11,3,7,,,,N,,,N,,,,,,,,,,,,,,,,,,,,,,0,,,,,,,,,,5,1,0,0,0,2,0,0,0,,,,,,,,
16854956,3,3,,,,,,,,,,,,,,,,,,,,,,,,,,,,,,,,,,,,,,,,,,,,,0,,,,,,,,,,9,2,0,0,1,0,0,1,0,,,,,,,,
16854957,1,1,N,N,43,1FVACWDT2GHHN2370,2016,,38,1524,106,N,78751,1,1,3,2,,,,,N,AUS-TEX AUTO ENTERPRISES LLC,AUS-TEX AUTO ENTERPRISES LLC,N,,,,,,,,,,,,,,,,,,,,,,44,22,,,,,,,,,8,1,0,0,0,2,0,0,0,,,,,,,,
16854957,2,1,N,N,18,WBA3B1C51FPV69795,2015,,14,652,104,N,70124,1,1,6,5,6,,,,N,620 LAKESIDE TOWING,620 LAKESIDE TOWING,N,,,,,,,,,,,,,,,,,,,,,,0,,,,,,,,,,8,1,0,0,1,0,0,1,0,,,,,,,,
16854958,1,1,N,N,43,1FT7W2BT2DEB85967,2013,21,37,2325,30,N,77040,1,1,,,,,,,N,,,N,,,,,,,,,,,,,,,,,,,,,,,,,33,,,,,,,3,2,0,0,0,1,0,0,0,,,,,,,,
16854958,2,1,N,N,43,WP0AB2A75CL062244,2012,21,76,2519,104,N,78731,1,1,11,3,11,,,,N,HARPERS TOWING SERVICE INC,HARPERS TOWING SERVICE INC,N,,,,,,,,,,,,,,,,,,,,,,,,,60,,,,,,,5,1,0,0,0,1,0,0,0,,,,,,,,
16854959,1,1,N,N,43,3N1CB51D56L489371,2006,21,71,341,104,N,78702,1,2,2,3,12,6,3,6,N,,,N,,,,,,,,,,,,,,,,,,,,,,0,,,,,,,,12,,2,1,0,0,0,1,0,0,0,,,,,,,,
16854959,2,1,Y,N,43,1C3CDZAB2CN174606,2012,2,109,549,104,N,78617,2,,6,3,6,2,3,12,N,,,N,,,,,,,,,,,,,,,,,,,,,,0,,,,,,,,,,2,1,0,0,0,1,0,0,0,,,,,,,,
16854959,3,1,Y,N,43,1FTYR10V5XPA26248,1999,21,37,357,30,N,78233,1,2,2,4,12,7,3,7,N,EZ AUTO AND TOWING SERVICE,EZ AUTO AND TOWING SERVICE,N,,,,,,,,,,,,,,,,,,,,,,0,,,,,,,,,,2,2,0,0,0,1,0,0,0,,,,,,,,
16854960,1,1,N,N,43,2T2GK31U59C065257,2009,3,58,1318,69,N,78640,1,1,2,5,12,,,,Y,ROCHAS TOWING SERVICE,ROCHAS TOWING SERVICE,N,,,,,,,,,,,,,,,,,,,,,,44,,,,,,,,,,1,1,0,1,0,0,0,1,0,,,,,,,,
16854960,2,1,N,N,43,1FMZU32X1WZC29715,1998,10,37,554,104,N,78209,1,1,6,4,6,,,,N,,,N,,,,,,,,,,,,,,,,,,,,,,0,,,,,,,,,,1,1,0,0,0,1,0,0,0,,,,,,,,
16854960,3,1,N,N,43,1HGCP268X9A194255,2009,21,44,236,104,N,78739,1,1,6,4,6,,,,N,A-TEX TOWING,5526 1/2 W HWY 290,N,,,,,,,,,,,,,,,,,,,,,,0,,,,,,,,,,1,2,0,0,0,1,0,0,0,,,,,,,,
16854961,1,1,N,N,43,JM3KE2DYXF0460479,2015,21,63,2471,104,N,78735,1,2,8,3,6,,,,Y,EZ AUTO AND TOWING SERVICE,EZ AUTO AND TOWING SERVICE,N,,,,,,,,,,,,,,,,,,,,,,15,,,,,,,,,,7,1,0,0,0,1,0,0,0,,,,,,,,
16854961,2,1,N,N,43,1GYS3SKJ1FR571433,2015,21,106,657,69,N,78737,1,2,1,2,12,,,,N,,,N,,,,,,,,,,,,,,,,,,,,,,0,,,,,,,,,,5,1,0,0,0,1,0,0,0,,,,,,,,
16854962,1,1,N,N,43,1B7GG22Y9WS718698,1998,21,109,567,30,N,78744,1,2,2,5,12,,,,N,ARMADA TOWING,ARMADA TOWING,N,,,,,,,,,,,,,,,,,,,,,,20,,,,,,,,,,1,1,0,0,0,1,0,0,0,,,,,,,,
16854962,2,1,N,N,43,3C6TRVBG8HE532357,2017,21,710,2522,103,N,78724,1,2,7,6,6,,,,N,ROCHAS TOWING SERVICE,ROCHAS TOWING SERVICE,N,,,,,,,,,,,,,,,,,,,,,,0,,,,,,,,,,1,1,0,1,0,0,0,1,0,,,,,,,,
16854963,1,1,N,N,43,3GNEK12T14G276709,2004,18,107,730,104,N,78660,1,1,3,4,11,,,,N,STARS TOWING,STARS TOWING,N,,,,,,,,,,,,,,,,,,,,,,,,,47,,,,,,,8,1,0,0,1,0,0,1,0,,,,,,,,
16854963,2,1,N,N,43,2T3ZFREV5HW351783,2017,9,91,581,104,N,76226,1,1,,,,,,,N,620 LAKESIDE TOWING,620 LAKESIDE TOWING,N,,,,,,,,,,,,,,,,,,,,,,,,,47,,,,,,,4,1,0,0,1,0,0,1,0,,,,,,,,
16854964,1,1,N,N,43,5XYZU3LB5FG237533,2015,21,45,713,104,N,78640,1,1,12,1,2,,,,N,,,N,,,,,,,,,,,,,,,,,,,,,,4,,,,,,,,,,2,1,0,0,0,1,0,0,0,,,,,,,,
16854964,2,1,N,N,43,4P1CU01H48A008508,2008,16,181,1079,23,Y,78702,4,,7,0,7,,,,N,,,N,,,,,,,,,,,,,,,,,,,,,,0,,,,,,,,,,2,1,0,0,0,4,0,0,0,,,,,,,,
16854965,1,1,N,N,43,1C4GJXAG3JW158637,2018,2,429,1464,69,N,78731,1,2,2,2,12,,,,N,,,N,,,,,,,,,,,,,,,,,,,,,,,,,37,,,,,,,3,1,0,0,0,1,0,0,0,,,,,,,,
16854965,2,1,N,N,43,2FMDK48C98BA94466,2008,16,37,1035,69,N,78731,1,2,12,4,3,,,,N,EZ AUTO AND TOWING SERVICE,EZ AUTO AND TOWING SERVICE,N,,,,,,,,,,,,,,,,,,,,,,0,,,,,,,,,,5,1,0,0,0,1,0,0,0,,,,,,,,
16854966,1,1,N,N,43,JM3ER293390234383,2009,9,63,272,104,N,78723,1,2,2,7,2,,,,N,,,N,,,,,,,,,,,,,,,,,,,,,,4,,,,,,,,,,3,1,0,0,0,2,0,0,0,,,,,,,,
16854966,2,1,N,N,43,1FTFX1CF8EKF79617,2014,21,37,2968,30,N,,1,7,,,,,,,N,,,N,,,,,,,,,,,,,,,,,,,,,,0,,,,,,,,,,3,1,0,0,0,1,0,0,0,,,,,,,,
16854967,1,1,N,N,43,2T1KR32E45C343173,2005,17,91,1208,104,N,78741,1,1,2,4,12,,,,N,ROCHAS,ROCHAS,N,,,,,,,,,,,,,,,,,,,,,,77,,,,,,,,,,5,1,0,0,0,1,0,0,0,,,,,,,,
16854967,2,1,N,N,43,1FAFP55U04G105557,2004,9,37,376,104,N,78741,1,1,13,4,7,,,,N,A-TEX TOWING,A TEX,N,,,,,,,,,,,,,,,,,,,,,,0,,,,,,,,,,5,1,0,0,0,1,0,0,0,,,,,,,,
16854968,1,1,N,N,43,5TBET34165S489504,2005,8,91,687,30,N,78745,1,2,2,4,12,,,,Y,ROCHAS TOWING SERVICE,ROCHAS TOWING SERVICE,N,,,,,,,,,,,,,,,,,,,,,,0,,,,,,,,,,5,1,0,0,0,1,0,0,0,,,,,,,,
16854968,2,1,N,N,43,2FMDK3KC0DBA76905,2013,9,37,1035,104,N,78741,1,2,4,2,2,,,,Y,EZ AUTO AND TOWING SERVICE,EZ AUTO AND TOWING SERVICE,N,,,,,,,,,,,,,,,,,,,,,,0,,,,,,,,,,7,1,0,0,0,1,0,0,0,,,,,,,,
16854969,1,1,N,Y,43,1VWAS7A38FC085870,2015,9,96,473,104,N,78628,1,2,6,2,6,,,,N,NOT TOWED,NOT TOWED,N,,,,,,,,,,,,,,,,,,,,,,44,,,,,,,,,,2,1,0,0,0,1,0,0,0,,,,,,,,
16854969,2,1,N,Y,113,,,99,,,0,N,,,,,,,,,,N,,,N,,,,,,,,,,,,,,,,,,,,,,0,,,,,,,,,,2,1,0,0,0,0,1,0,0,,,,,,,,
16854970,1,1,N,N,43,4T4BF1FK4GR527601,2016,2,91,380,104,N,78634,1,2,3,1,10,,,,N,ATX-VIP TOWING SERVICES,ATX-VIP TOWING SERVICES,N,,,,,,,,,,,,,,,,,,,,,,0,,,,,,,,,,1,1,0,0,0,1,0,0,0,,,,,,,,
16854970,2,1,N,N,43,1C3CCCBB6FN625930,2015,3,21,2258,104,N,78753,1,2,12,1,3,,,,N,,,N,,,,,,,,,,,,,,,,,,,,,,0,,,,,,,,,,3,1,0,0,0,1,0,0,0,,,,,,,,
16854971,1,1,N,N,43,5N1ED28T11C551389,2001,17,71,694,104,N,78741,2,,2,6,12,,,,Y,A-TEX TOWING,5526 1/2 W HWY 290,N,,,,,,,,,,,,,,,,,,,,,,45,70,,,,,,,,,7,1,1,0,0,0,0,1,0,,,,,,,,
16854971,2,1,N,N,43,1HGCR2F58FA087099,2015,17,44,236,104,N,78660,1,2,2,6,12,,,,Y,A & A WRECKER NORTH,A & A WRECKER NORTH,N,,,,,,,,,,,,,,,,,,,,,,0,,,,,,,,,,3,1,1,0,0,0,0,1,0,,,,,,,,
16854973,1,1,N,N,43,1C4BJWDG0EL319548,2014,9,429,1464,69,N,78746,1,1,10,3,3,,,,Y,ARMADA TOWING,ARMADA TOWING,N,,,,,,,,,,,,,,,,,,,,,,67,,,,,,,,,,3,1,0,0,0,1,0,0,0,,,,,,,,
16854973,2,1,N,N,43,WDBJF65J7YB133375,2000,17,65,2488,104,N,78705,1,1,4,3,12,,,,Y,LAKESIDE,620 LAKESIDE TOWING,N,,,,,,,,,,,,,,,,,,,,,,0,,,,,,,,,,7,1,0,0,0,1,0,0,0,,,,,,,,
16854973,3,1,N,N,43,2CNDL63F266126397,2006,17,107,1048,69,N,78730,1,1,4,3,12,,,,Y,STARS TOWING,STARS TOWING,N,,,,,,,,,,,,,,,,,,,,,,0,,,,,,,,,,7,2,0,0,1,0,0,1,0,,,,,,,,
16854974,1,1,N,N,43,KNDJN2A22F7175612,2015,5,55,1357,104,N,78725,1,2,4,5,3,,,,Y,BULLET TOWING,BULLET TOWING,N,,,,,,,,,,,,,,,,,,,,,,67,,,,,,,,,,7,1,0,0,0,1,0,0,0,,,,,,,,
16854975,1,1,N,N,43,KMHEC4A48FA123226,2015,21,45,462,104,N,78654,1,2,4,1,11,,,,N,,,N,,,,,,,,,,,,,,,,,,,,,,,,,20,,,,,,,5,1,0,0,0,1,0,0,0,,,,,,,,
16854975,2,1,N,N,43,WAUFGAFC9GN088246,2016,2,8,2149,104,N,78749,1,2,6,1,6,,,,N,,,N,,,,,,,,,,,,,,,,,,,,,,0,,,,,,,,,,5,1,0,0,0,1,0,0,0,,,,,,,,
16854976,1,1,N,N,43,3KPA25AB2KE175677,2019,2,55,716,104,N,78745,1,2,2,1,12,,,,N,NOT TOWED,,N,,,,,,,,,,,,,,,,,,,,,,44,,,,,,,,,,5,1,0,0,0,1,0,0,0,,,,,,,,
16854976,2,1,N,N,43,3VWSA29M8YM148801,2000,3,96,316,104,N,78741,1,2,6,1,6,,,,N,NOT TOWED,,N,,,,,,,,,,,,,,,,,,,,,,0,,,,,,,,,,5,1,0,0,1,2,0,1,0,,,,,,,,
16854977,1,1,N,N,43,5J6RM3H59CL023562,2012,21,44,605,104,N,78729,1,2,1,5,12,14,2,3,N,ARMADA TOWING,ARMADA TOWING,N,,,,,,,,,,,,,,,,,,,,,,37,67,,,,,,,,,3,1,0,0,0,2,0,0,0,,,,,,,,
16854977,2,1,N,N,43,1G4GE5ED6BF327944,2011,2,105,1175,104,N,78653,1,2,1,4,12,,,,Y,620 LAKESIDE TOWING,620 LAKESIDE TOWING,N,,,,,,,,,,,,,,,,,,,,,,0,,,,,,,,,,7,1,0,0,0,1,0,0,0,,,,,,,,
16854977,3,1,N,N,43,1FAHP35NX9W221108,2009,17,37,696,104,N,78750,1,2,1,2,12,,,,N,620 LAKESIDE TOWING,620 LAKESIDE TOWING,N,,,,,,,,,,,,,,,,,,,,,,0,,,,,,,,,,7,2,1,0,0,0,0,1,0,,,,,,,,
16854978,1,1,N,N,43,JA4AD3A30JZ061021,2018,21,68,775,69,N,78729,1,2,2,3,12,,,,N,BULLET TOWING,BULLET TOWING,N,,,,,,,,,,,,,,,,,,,,,,44,19,,,,,,,,,1,1,0,0,0,1,0,0,0,,,,,,,,
16854978,2,1,N,N,43,JA4AP3AU1JZ008313,2018,16,68,775,69,N,76513,1,2,6,2,6,,,,N,NOT TOWED,,N,,,,,,,,,,,,,,,,,,,,,,0,,,,,,,,,,1,1,0,0,1,0,0,1,0,,,,,,,,
16854979,1,1,N,N,6,WBXHT3C30G5E48436,2016,2,14,2181,104,N,78744,1,1,3,2,11,,,,N,SOUTHSIDE WRECKER INC,,N,,,,,,,,,,,,,,,,,,,,,,0,,,,,,,,,,6,1,0,0,0,1,0,0,0,,,,,,,,
16854979,2,1,N,N,43,JTKDE167860116710,2006,9,91,2573,100,N,78745,1,1,4,2,2,,,,N,A-TEX TOWING,,N,,,,,,,,,,,,,,,,,,,,,,0,,,,,,,,,,8,1,0,0,1,1,0,1,0,,,,,,,,
16854980,1,1,N,N,43,1GNSCBE02CR281858,2012,2,107,547,69,N,78745,1,1,2,3,12,,,,N,A-TEX TOWING,5526 1/2 W HWY 290,N,,,,,,,,,,,,,,,,,,,,,,29,,,20,,,,,,,8,1,0,0,0,1,0,0,0,,,,,,,,
16854980,2,1,N,N,43,5N1AN08U37C543957,2002,3,71,694,69,N,78753,1,1,6,2,6,2,1,12,,,,N,,,,,,,,,,,,,,,,,,,,,,0,,,,,,,,,,8,1,0,0,0,1,0,0,0,,,,,,,,
16854980,3,1,N,N,43,1HGCM66535A026330,2005,2,44,236,104,N,78753,1,1,1,1,12,6,1,6,,,,N,,,,,,,,,,,,,,,,,,,,,,0,,,,,,,,,,8,2,0,0,1,0,0,1,0,,,,,,,,
16854980,4,1,N,N,43,JM1GL1X50H1132033,2017,3,63,870,104,N,78759,1,1,6,1,6,,,,,,,N,,,,,,,,,,,,,,,,,,,,,,0,,,,,,,,,,8,2,0,0,0,1,0,0,0,,,,,,,,
16855005,1,1,N,N,43,JTDKARFU3G3520531,2016,16,91,702,104,N,78726,1,1,8,1,3,,,,N,,,N,,,,,,,,,,,,,,,,,,,,,,0,,,,,,,,,,8,1,0,0,0,1,0,0,0,,,,,,,,
16855005,2,1,N,Y,113,,,99,,,0,N,,,,3,1,11,,,,,,,N,,,,,,,,,,,,,,,,,,,,,,0,,,,,,,,,,8,1,0,0,0,0,1,0,0,,,,,,,,
16855006,1,1,N,N,43,1FTYR1CG7GKA52800,2016,2,37,2992,103,N,78753,1,2,2,1,12,,,,Y,EZ AUTO AND TOWING SERVICE,EZ AUTO AND TOWING SERVICE,N,,,,,,,,,,,,,,,,,,,,,,20,,,,,,,,,,1,1,0,0,0,1,0,0,0,,,,,,,,
16855006,2,1,N,N,43,JF2GPAKCXG8213350,2016,21,85,2555,104,N,78745,1,2,6,0,6,2,0,12,N,,,N,,,,,,,,,,,,,,,,,,,,,,0,,,,,,,,,,1,1,0,0,0,1,0,0,0,,,,,,,,
16855006,3,1,N,N,43,1GTN1TEC9FZ904554,2015,21,39,3080,30,N,78620,1,2,6,0,6,,,,N,,,N,,,,,,,,,,,,,,,,,,,,,,0,,,,,,,,,,1,2,0,0,0,1,0,0,0,,,,,,,,
16855007,1,1,N,N,43,JF2SJABC3HH473568,2017,10,85,646,104,N,78729,1,1,2,3,12,,,,Y,ARMADA TOWING,ARMADA TOWING,N,,,,,,,,,,,,,,,,,,,,,,73,15,,,,,,,,,3,1,0,0,0,1,0,0,0,,,,,,,,
16855007,2,1,N,N,43,1GB3CZC88DF237174,2013,21,107,60,106,N,78741,1,1,13,1,9,,,,N,,,N,,,,,,,,,,,,,,,,,,,,,,0,,,,,,,,,,1,1,0,0,0,1,0,0,0,,,,,,,,
16855008,1,1,N,N,43,1FMCU0F70HUE94639,2017,9,37,711,69,N,78741,1,2,14,2,2,13,2,10,N,EZ AUTO AND TOWING SERVICE,EZ AUTO AND TOWING SERVICE,N,,,,,,,,,,,,,,,,,,,,,,15,,,20,,,,,,,1,1,0,0,0,1,0,0,0,,,,,,,,
16855008,2,1,N,N,43,3C63RRGLXHG599768,2017,21,109,2281,30,N,75063,2,,4,2,12,,,,N,,,N,,,,,,,,,,,,,,,,,,,,,,0,,,,,,,,,,7,1,0,0,0,3,0,0,0,,,,,,,,
16855008,3,1,N,N,43,1G1ZB5STXGF185339,2016,16,107,56,104,N,78744,1,1,11,2,10,,,,N,HARPERS TOWING SERVICE INC,HARPERS TOWING SERVICE INC,N,,,,,,,,,,,,,,,,,,,,,,0,,,,,,,,,,5,2,0,0,0,1,0,0,0,,,,,,,,
16855009,1,1,N,N,43,1C3CCBAB2DN704889,2013,2,21,2258,104,N,78255,1,2,2,3,12,,,,Y,SOUTHSIDE WRECKER INC,8200 S. CONGRESS AVE,N,,,,,,,,,,,,,,,,,,,,,,67,,,,,,,,,,1,1,0,0,0,1,0,0,0,,,,,,,,
16855009,2,1,N,N,43,1FTEW1EG5JKF73305,2018,21,37,2324,30,N,78739,1,2,2,2,1,,,,N,,,N,,,,,,,,,,,,,,,,,,,,,,0,,,,,,,,,,5,1,0,0,0,1,0,0,0,,,,,,,,
16855010,1,1,N,N,24,1FT7W2B6XKED02427,2019,21,37,2324,30,N,39218,1,1,1,0,12,,,,N,,,N,,,,,,,,,,,,,,,,,,,,,,0,,,,,,,,,,2,1,0,0,0,1,0,0,0,,,,,,,,
16855010,2,1,N,N,43,3N1BC13E68L397504,2008,17,71,1452,104,N,78758,1,1,5,3,6,,,,N,,,N,,,,,,,,,,,,,,,,,,,,,,0,,,,,,,,,,2,1,0,0,1,0,0,1,0,,,,,,,,
16855011,1,1,N,N,43,1G1ZD5ST5JF271515,2018,17,107,56,104,N,78216,1,1,10,1,3,,,,N,A-TEX TOWING,205 FARLEY DR.,N,,,,,,,,,,,,,,,,,,,,,,0,,,,,,,,,,1,1,0,0,0,0,1,0,0,,,,,,,,
16855012,1,1,N,N,43,1HGCV1F32JA122717,2018,3,44,236,104,N,78744,1,2,2,5,12,,,,N,STARS TOWING,STARS TOWING,N,,,,,,,,,,,,,,,,,,,,,,0,,,,,,,,,,11,1,0,0,1,0,0,1,0,,,,,,,,
16855013,1,1,N,N,43,4T1BE32K25U984094,2005,9,91,380,104,N,78666,1,1,2,4,12,,,,N,ROCHAS TOWING SERVICE,ROCHAS TOWING SERVICE,N,,,,,,,,,,,,,,,,,,,,,,44,22,,,,,,,,,1,1,0,0,0,1,0,0,0,,,,,,,,
16855013,2,1,N,N,43,3CZRU5H78JM701078,2018,9,44,697,69,N,78411,1,1,6,2,6,2,1,12,N,,,N,,,,,,,,,,,,,,,,,,,,,,0,,,,,,,,,,1,1,0,0,1,1,0,1,0,,,,,,,,
16855013,3,1,N,N,43,5TFAW5F15JX776763,2018,2,91,687,30,N,78163,1,1,6,1,6,,,,N,,,N,,,,,,,,,,,,,,,,,,,,,,0,,,,,,,,,,1,2,0,0,0,1,0,0,0,,,,,,,,
16855014,1,1,N,N,43,2HGES16573H596637,2003,17,44,256,104,N,78745,1,2,7,4,7,2,4,12,N,STARS TOWING,STARS TOWING,N,,,,,,,,,,,,,,,,,,,,,,20,4,,,,,,,,,4,1,0,0,0,1,0,0,0,,,,,,,,
16855014,2,1,N,N,43,1XP5DB9X21D545714,2001,5,74,1545,106,N,78641,1,2,12,1,4,,,,N,,,N,,,,,,,,,,,,,,,,,,,,,,0,,,,,,,,,,5,1,0,0,0,1,0,0,0,,,,,,,,
16855015,1,1,N,N,43,3FA6P0LU2HR315792,2017,21,37,1097,104,N,78703,1,2,10,4,3,,,,N,AAA,AAA,N,,,,,,,,,,,,,,,,,,,,,,16,20,35,,,,,,,,7,1,0,0,0,1,0,0,0,,,,,,,,
16855015,2,1,N,N,43,JTJHT00W854000761,2005,10,58,637,104,N,78723,1,2,2,3,12,,,,N,,,N,,,,,,,,,,,,,,,,,,,,,,0,,,,,,,,,,5,1,0,0,0,1,0,0,0,,,,,,,,
16855016,1,1,N,N,43,1N6AD0ER7AC410064,2010,9,71,634,30,N,78753,1,1,15,1,,,,,N,ATX-VIP TOWING SERVICES,OWNERS RESIDENCE/REQUEST,N,,,,,,,,,,,,,,,,,,,,,,47,,,,,,,,,,4,1,0,0,1,0,0,1,0,,,,,,,,
16855017,1,1,N,N,43,KNDCB3LC6H5047076,2017,3,55,611,69,N,78750,1,2,6,2,6,,,,N,,,N,,,,,,,,,,,,,,,,,,,,,,0,,,,,,,,,,5,1,0,0,0,1,0,0,0,,,,,,,,
16855017,2,1,N,Y,43,1B7HL48X42S581111,2002,21,109,,30,N,78621,2,,2,2,1,,,,N,,,N,,,,,,,,,,,,,,,,,,,,,,44,,,,,,,,,,5,1,0,0,0,0,1,0,0,,,,,,,,
16855018,1,1,N,N,43,1GCDC14K2JZ225222,1988,9,107,2233,30,N,75791,1,1,11,4,10,3,4,10,Y,STARS TOWING,STARS TOWING,N,,,,,,,,,,,,,,,,,,,,,,16,,,,,,,,,,6,1,0,1,0,0,0,1,0,,,,,,,,
16855018,2,1,N,N,43,JTDKN3DU3E0386039,2014,3,91,702,104,N,78704,1,1,2,4,2,,,,Y,EZ AUTO AND TOWING SERVICE,EZ AUTO AND TOWING SERVICE,N,,,,,,,,,,,,,,,,,,,,,,0,,,,,,,,,,8,1,0,1,0,0,0,1,0,,,,,,,,
16855019,1,1,N,N,43,1C4PJMBS8FW745697,2015,21,429,970,69,N,78704,1,2,14,4,2,,,,N,620 LAKESIDE TOWING,620 LAKESIDE TOWING,N,,,,,,,,,,,,,,,,,,,,,,,,,37,,,,,,,3,1,0,0,0,1,0,0,0,,,,,,,,
16855019,2,1,N,N,43,1ZVFT80N955234897,2005,3,37,96,100,N,76530,1,2,4,3,2,,,,N,620 LAKESIDE TOWING,620 LAKESIDE TOWING,N,,,,,,,,,,,,,,,,,,,,,,,,,16,,,,,,,7,1,0,1,0,0,0,1,0,,,,,,,,
16855020,1,1,N,N,43,1FTEX1C83AKE42379,2010,2,37,2324,30,N,78610,1,2,2,2,12,,,,Y,INTERSTATE CHAPARRAL TOWING INC.,INTERSTATE CHAPARRAL TOWING INC.,N,,,,,,,,,,,,,,,,,,,,,,35,,,,,,,,,,5,1,0,0,0,1,0,0,0,,,,,,,,
16855020,2,1,N,N,43,3D73M4CL3AG136611,2010,21,109,2272,30,N,78725,1,2,15,1,9,,,,N,,,N,,,,,,,,,,,,,,,,,,,,,,0,,,,,,,,,,3,1,0,0,0,1,0,0,0,,,,,,,,
16855021,1,1,N,N,43,WDDGF4HB5CR220315,2012,3,65,118,104,N,78746,1,2,2,4,12,,,,N,,,N,,,,,,,,,,,,,,,,,,,,,,19,22,44,,,,,,,,5,1,0,0,0,1,0,0,0,,,,,,,,
16855021,2,1,N,N,43,1FA6P8CFXF5374637,2015,13,37,96,100,N,78634,1,2,6,3,6,,,,N,,,N,,,,,,,,,,,,,,,,,,,,,,0,,,,,,,,,,5,1,0,0,0,1,0,0,0,,,,,,,,
16855286,1,1,N,N,43,4F4ZR17X1YTM13410,2000,13,63,2470,30,N,78723,1,2,3,1,11,,,,N,,,N,,,,,,,,,,,,,,,,,,,,,,37,,,,,,,,,,5,1,0,0,0,1,0,0,0,,,,,,,,
16855286,2,1,N,N,43,1HGCM66583A073625,2003,21,44,236,104,N,78717,1,2,15,2,11,,,,N,DRIVER,DRIVEN AWAY,N,,,,,,,,,,,,,,,,,,,,,,0,,,,,,,,,,1,1,0,0,1,0,0,1,0,,,,,,,,
16856286,1,1,N,N,43,WDDGF54X89F235957,2009,9,65,3930,104,N,76574,1,2,2,1,12,,,,Y,MR. EAST TOWING: 512 926-7374,"15309 SCARLET ST, AUSTIN 78728",N,,,,,,,,,,,,,,,,,,,,,,43,,,,,,,,,,7,1,0,0,0,2,0,0,0,,,,,,,,
16856409,1,1,N,N,43,1G6KD54Y45U197848,2005,8,106,36,104,N,78701,1,2,4,3,1,,,,N,,,N,,,,,,,,,,,,,,,,,,,,,,4,44,,,,,,,,,1,1,0,0,0,1,0,0,0,,,,,,,,
16856409,2,1,N,N,43,WDDGF4HBXER318775,2014,21,65,312,104,N,78703,1,2,9,3,9,,,,N,,,N,,,,,,,,,,,,,,,,,,,,,,0,,,,,,,,,,1,1,0,0,0,1,0,0,0,,,,,,,,
16856941,1,1,N,N,43,1ZVHT80N385168781,2008,17,37,96,100,N,78616,1,2,12,4,1,,,,Y,TEXAN TOWING: 512-288-8626,"10611 N IH 35, AUSTIN",N,,,,,,,,,,,,,,,,,,,,,,45,74,,,,,,,,,3,1,0,0,0,2,0,0,0,,,,,,,,
16857205,1,1,N,N,43,2C3CDXCT3FH738612,2015,2,109,74,104,N,78660,2,,2,5,12,,,,N,STARS TOWING,15500 CONNIE ST,N,,,,,,,,,,,,,,,,,,,,,,20,,,,,,,,,,6,1,0,1,0,0,0,1,0,,,,,,,,
16857205,2,1,N,N,43,4T1BE32K25U036536,2005,10,91,380,104,N,78660,1,1,4,3,1,,,,N,BULLET TOWING,4402 NIXON LN,N,,,,,,,,,,,,,,,,,,,,,,20,,,,,,,,,,2,1,0,0,0,1,0,0,0,,,,,,,,