Crash_ID,Unit_Nbr,Unit_Desc_ID,Veh_Parked_Fl,Veh_HNR_Fl,Veh_Lic_State_ID,VIN,Veh_Mod_Year,Veh_Color_ID,Veh_Make_ID,Veh_Mod_ID,Veh_Body_Styl_ID,Emer_Respndr_Fl,Ownr_Zip,Fin_Resp_Proof_ID,Fin_Resp_Type_ID,Veh_Dmag_Area_1_ID,Veh_Dmag_Scl_1_ID,Force_Dir_1_ID,Veh_Dmag_Area_2_ID,Veh_Dmag_Scl_2_ID,Force_Dir_2_ID,Veh_Inventoried_Fl,Veh_Transp_Name,Veh_Transp_Dest,Veh_Cmv_Fl,Cmv_Fiveton_Fl,Cmv_Hazmat_Fl,Cmv_Nine_Plus_Pass_Fl,Cmv_Veh_Oper_ID,Cmv_Carrier_ID_Type_ID,Cmv_Carrier_Zip,Cmv_Veh_Type_ID,Cmv_GVWR,Cmv_RGVW,Cmv_Hazmat_Rel_Fl,Hazmat_Cls_1_ID,Hazmat_IDNbr_1_ID,Hazmat_Cls_2_ID,Hazmat_IDNbr_2_ID,Cmv_Cargo_Body_ID,Cmv_Evnt1_ID,Cmv_Evnt2_ID,Cmv_Evnt3_ID,Cmv_Evnt4_ID,Cmv_Tot_Axle,Cmv_Tot_Tire,Contrib_Factr_1_ID,Contrib_Factr_2_ID,Contrib_Factr_3_ID,Contrib_Factr_P1_ID,Contrib_Factr_P2_ID,Veh_Dfct_1_ID,Veh_Dfct_2_ID,Veh_Dfct_3_ID,Veh_Dfct_P1_ID,Veh_Dfct_P2_ID,Veh_Trvl_Dir_ID,First_Harm_Evt_Inv_ID,Sus_Serious_Injry_Cnt,Nonincap_Injry_Cnt,Poss_Injry_Cnt,Non_Injry_Cnt,Unkn_Injry_Cnt,Tot_Injry_Cnt,Death_Cnt,Cmv_Disabling_Damage_Fl,Cmv_Bus_Type_ID,Trlr_GVWR,Trlr_RGVW,Trlr_Type_ID,Trlr_Disabling_Dmag_ID,Cmv_Intermodal_Container_Permit_Fl,CMV_Actual_Gross_Weight
16863262,2,1,N,N,43,7FARW1H50JE023958,2018,2,44,605,69,N,78602,1,2,6,4,6,,,,N,SPECIAL AUTOMOTIVE SERVICE INC,SPECIAL AUTOMOTIVE SERVICE INC,N,,,,,,,,,,,,,,,,,,,,,,0,,,,,,,,,,8,1,0,1,0,0,0,1,0,,,,,,,,
16863263,1,1,N,N,43,1FTEW1EF2FKD05052,2015,5,37,2324,30,N,78665,1,1,2,1,12,,,,N,,,N,,,,,,,,,,,,,,,,,,,,,,20,,,,,,,,,,7,1,0,0,0,1,0,0,0,,,,,,,,
16863263,2,1,N,N,43,5TDZA23CX4S029899,2004,18,91,648,104,N,76457,1,1,6,1,6,,,,N,,,N,,,,,,,,,,,,,,,,,,,,,,0,,,,,,,,,,7,1,0,0,1,1,0,1,0,,,,,,,,
16863264,1,1,N,N,43,WBANE73556CM36578,2006,21,14,632,104,N,78721,3,2,9,3,9,,,,Y,A-TEX TOWING,OWNERS RESIDENCE/REQUEST,N,,,,,,,,,,,,,,,,,,,,,,33,,,,,,,,,,6,1,0,0,0,1,0,0,0,,,,,,,,
16863264,2,1,N,N,43,1GNFC13077R119325,2007,2,107,547,69,N,78612,1,2,2,1,12,,,,N,,,N,,,,,,,,,,,,,,,,,,,,,,0,,,,,,,,,,8,1,0,0,0,2,0,0,0,,,,,,,,
16864229,1,1,N,N,43,JN8AE2KP0B9011983,2011,21,71,501,103,N,78612,1,2,2,1,12,,,,N,,,N,,,,,,,,,,,,,,,,,,,,,,22,,,,,,,,,,1,1,0,0,0,1,0,0,0,,,,,,,,
16864229,2,1,N,N,43,1GCEC14WX2Z230662,2002,9,107,658,30,N,78666,1,2,6,3,6,2,2,12,N,,,N,,,,,,,,,,,,,,,,,,,,,,0,,,,,,,,,,1,1,0,0,0,1,0,0,0,,,,,,,,
16864229,3,1,N,N,43,2FMPK3G94GBB31211,2016,2,37,1035,69,N,78621,1,2,6,1,6,,,,N,,,N,,,,,,,,,,,,,,,,,,,,,,0,,,,,,,,,,1,2,0,0,0,1,0,0,0,,,,,,,,
16864488,1,1,N,N,43,1GCCS39E088188006,2008,16,107,979,30,N,78724,1,1,2,3,12,,,,N,ROCHAS TOWING SERVICE,ROCHAS TOWING SERVICE,N,,,,,,,,,,,,,,,,,,,,,,44,20,,,,,,,,,5,1,0,0,0,1,0,0,0,,,,,,,,
16864488,2,1,N,N,43,1N4AL2APXCN492102,2012,2,71,500,104,N,78741,1,1,2,2,12,6,2,6,N,NONE,NONE,N,,,,,,,,,,,,,,,,,,,,,,0,,,,,,,,,,5,1,0,0,0,2,0,0,0,,,,,,,,
16864488,3,1,N,N,43,1N4BL4CV7KC152587,2019,21,71,500,104,N,k9j6y1,1,7,6,2,6,,,,N,NONE,NONE,N,,,,,,,,,,,,,,,,,,,,,,0,,,,,,,,,,5,2,0,0,0,1,0,0,0,,,,,,,,
16864689,1,1,N,N,43,5TFUW5F15KX798583,2019,9,91,687,30,N,78653,1,2,2,2,12,,,,N,,,N,,,,,,,,,,,,,,,,,,,,,,34,,,,,,,,,,7,1,0,0,0,1,0,0,0,,,,,,,,
16864689,2,1,N,N,43,1ZVFT80N155238832,2005,10,37,96,100,N,76559,1,2,12,2,3,4,2,1,N,,,N,,,,,,,,,,,,,,,,,,,,,,0,,,,,,,,,,1,1,0,0,0,1,0,0,0,,,,,,,,
16864689,3,1,N,N,43,JTEZU5JR1F5089932,2015,2,91,395,69,N,78737,1,2,11,1,8,,,,N,,,N,,,,,,,,,,,,,,,,,,,,,,0,,,,,,,,,,1,2,0,0,0,1,0,0,0,,,,,,,,
16864717,1,1,N,N,43,2C3CCABG4FH802497,2015,16,21,2259,104,N,78642,1,2,15,3,9,,,,N,620 LAKESIDE TOWING,620 LAKESIDE TOWING,N,,,,,,,,,,,,,,,,,,,,,,0,,,,,,,,,,6,1,0,0,0,1,0,0,0,,,,,,,,
16864717,2,1,N,N,18,1C4PJLCS1GW189811,2016,9,429,1116,69,N,71463,1,2,4,3,2,,,,N,620 LAKESIDE TOWING,620 LAKESIDE TOWING,N,,,,,,,,,,,,,,,,,,,,,,0,,,,,,,,,,4,1,0,0,0,1,0,0,0,,,,,,,,
16864718,1,1,N,Y,43,JHLRD18781C030871,2001,18,44,605,69,N,78735,1,2,2,5,12,,,,Y,A-TEX TOWING,A-TEX TOWING,N,,,,,,,,,,,,,,,,,,,,,,15,,,,,,,,,,5,1,0,0,0,0,1,0,0,,,,,,,,
16864718,2,1,N,N,43,5N1ED28T11C561288,2001,2,71,694,69,N,78621,1,2,10,4,3,,,,Y,ROCHAS TOWING SERVICE,ROCHAS TOWING SERVICE,N,,,,,,,,,,,,,,,,,,,,,,0,,,,,,,,,,7,1,0,0,2,0,0,2,0,,,,,,,,
16864719,1,1,N,N,43,5N1BA0ND9FN623500,2015,5,71,784,104,N,78748,1,1,2,2,12,,,,N,,,N,,,,,,,,,,,,,,,,,,,,,,0,,,,,,,,,,3,1,0,0,0,1,0,0,0,,,,,,,,
16864719,2,1,N,N,43,1FA6P8THXF5375448,2015,17,37,96,100,N,78745,1,1,15,3,9,,,,Y,EZ AUTO AND TOWING SERVICE,EZ AUTO AND TOWING SERVICE,N,,,,,,,,,,,,,,,,,,,,,,0,,,,,,,,,,5,1,0,0,0,1,0,0,0,,,,,,,,
16864720,1,1,N,N,22,1N4AL2AP7AN428094,2010,17,71,500,104,N,49548,1,2,3,3,11,,,,N,ARMADA TOWING,ARMADA TOWING,N,,,,,,,,,,,,,,,,,,,,,,35,,,,,,,,,,4,1,0,0,0,1,0,0,0,,,,,,,,
16864720,2,1,N,N,43,2T3WFREV4JW491722,2018,2,91,581,69,N,78641,1,2,4,3,1,17,2,9,N,620 LAKESIDE TOWING,620 LAKESIDE TOWING,N,,,,,,,,,,,,,,,,,,,,,,0,,,,,,,,,,6,1,0,0,1,0,0,1,0,,,,,,,,
16864720,3,1,N,N,43,5J8TC1H53KL008574,2019,2,1,1301,69,N,78681,1,2,14,1,3,,,,N,,,N,,,,,,,,,,,,,,,,,,,,,,0,,,,,,,,,,6,2,0,0,0,1,0,0,0,,,,,,,,
16864721,1,1,N,N,43,1FUYD7WB4XLA44838,1999,15,38,1524,106,N,78660,1,1,1,6,12,,,,Y,AUS-TEX AUTO ENTERPRISES LLC,AUS-TEX AUTO ENTERPRISES LLC,N,,,,,,,,,,,,,,,,,,,,,,74,,,,,,,,,,1,1,0,0,0,1,0,0,0,,,,,,,,
16864721,2,6,,,,,,,,,,,78660,,,,,,,,,,,,,,,,,,,,,,,,,,,,,,,,,,0,,,,,,,,,,9,2,0,0,0,0,0,0,0,,,,,,,,
16864721,3,1,N,N,43,1FMEU17L21LA16745,2001,21,37,554,69,N,78617,1,1,6,4,6,,,,Y,EZ AUTO AND TOWING SERVICE,EZ AUTO AND TOWING SERVICE,N,,,,,,,,,,,,,,,,,,,,,,4,20,23,,,,,,,,1,1,0,0,0,1,0,0,0,,,,,,,,
16864721,4,1,N,N,43,1FT8W3DT2DEB85443,2013,2,37,2326,30,N,78741,1,1,7,2,6,,,,N,,,N,,,,,,,,,,,,,,,,,,,,,,0,,,,,,,,,,1,2,0,0,0,1,0,0,0,,,,,,,,
16864722,1,1,N,N,43,JTDBT4K34A1369342,2010,17,91,1477,104,N,77080,1,1,2,2,12,,,,,AVILES & GABES WRECKER SERVICE INC.,AVILES & GABES WRECKER SERVICE INC.,N,,,,,,,,,,,,,,,,,,,,,,74,,,,,,,,,,1,1,0,0,0,1,0,0,0,,,,,,,,
16864723,1,1,N,N,43,KMHDU4AD2AU169666,2010,9,45,377,104,N,78704,1,1,2,4,12,,,,N,,,N,,,,,,,,,,,,,,,,,,,,,,20,66,,,,,,,,,1,1,0,0,0,1,0,0,0,,,,,,,,
16864723,2,1,N,N,42,JTDKB20U583319938,2008,21,91,702,104,N,78701,1,7,4,2,3,,,,N,,,N,,,,,,,,,,,,,,,,,,,,,,0,,,,,,,,,,3,1,0,0,0,1,0,0,0,,,,,,,,
16864724,1,1,N,N,43,YV1RS592262500333,2006,3,98,723,104,N,79751,1,1,2,2,12,,,,N,EZ AUTO AND TOWING SERVICE,EZ AUTO AND TOWING SERVICE,N,,,,,,,,,,,,,,,,,,,,,,22,,,,,,,,,,5,1,0,0,0,1,0,0,0,,,,,,,,
16864724,2,1,N,N,43,1FMZK1YG5JKA28872,2018,21,37,2992,103,N,78724,1,1,6,1,6,,,,N,,,N,,,,,,,,,,,,,,,,,,,,,,0,,,,,,,,,,5,1,0,0,0,1,0,0,0,,,,,,,,
16864725,1,1,N,N,43,3FA6P0G74HR307049,2017,17,37,1097,104,N,,1,1,1,5,12,,,,Y,ARAMDA,ARMADA,N,,,,,,,,,,,,,,,,,,,,,,,,,20,,,,,,,1,1,0,1,0,0,0,1,0,,,,,,,,
16864725,2,1,N,N,43,3BPPHM6X2DF590258,2013,21,74,4035,106,N,,1,1,7,3,6,,,,N,,,N,,,,,,,,,,,,,,,,,,,,,,0,,,,,,,,,,1,1,0,0,0,1,0,0,0,,,,,,,,
16864726,1,1,N,N,43,1G4HP52K044167348,2004,18,105,29,104,N,78702,2,,2,5,12,17,4,12,Y,A-TEX TOWING,AUS-TEX AUTO ENTERPRISES LLC,N,,,,,,,,,,,,,,,,,,,,,,45,,,,,,,,,,11,1,1,0,0,0,0,1,0,,,,,,,,
16864726,2,1,Y,N,43,3N1AB7AP8HY214144,2017,2,71,341,104,N,78717,1,2,5,3,6,,,,N,N/A,N/A,N,,,,,,,,,,,,,,,,,,,,,,0,,,,,,,,,,11,1,0,0,0,0,0,0,0,,,,,,,,
16864726,3,1,Y,N,43,1FTYR14E42PB54726,2002,21,37,101,30,N,78702,1,2,3,2,11,,,,N,N/A,N/A,N,,,,,,,,,,,,,,,,,,,,,,0,,,,,,,,,,11,2,0,0,0,0,0,0,0,,,,,,,,
16864726,4,1,Y,N,43,JTDKN3DU1A0036340,2010,1,91,702,104,N,78702,1,2,2,3,12,,,,N,N/A,N/A,N,,,,,,,,,,,,,,,,,,,,,,0,,,,,,,,,,11,2,0,0,0,0,0,0,0,,,,,,,,
16864727,1,1,N,N,43,2HGFA165X8H523339,2008,3,44,256,104,N,78729,1,1,1,7,12,,,,N,AVILES & GABES WRECKER SERVICE INC.,AVILES & GABES WRECKER SERVICE INC.,N,,,,,,,,,,,,,,,,,,,,,,19,20,,,,,,,,,5,1,0,0,0,1,0,0,0,,,,,,,,
16864727,2,1,N,N,43,1HGCR2F35FA142932,2015,9,44,236,104,N,78641,1,1,5,5,6,1,4,12,N,AVILES & GABES WRECKER SERVICE INC.,AVILES & GABES WRECKER SERVICE INC.,N,,,,,,,,,,,,,,,,,,,,,,0,,,,,,,,,,5,1,0,0,0,1,0,0,0,,,,,,,,
16864727,3,1,N,N,43,1FTFW1CT5CFA48065,2012,2,37,2324,30,N,79789,1,1,5,4,6,1,2,12,N,OWNER,UNKNOWN,N,,,,,,,,,,,,,,,,,,,,,,0,,,,,,,,,,5,2,0,0,0,1,0,0,0,,,,,,,,
16864727,4,1,N,N,43,5YFBURHE8EP031611,2014,3,91,173,104,N,78641,1,1,5,4,6,,,,N,OWNER,UNKNOWN,N,,,,,,,,,,,,,,,,,,,,,,0,,,,,,,,,,5,2,0,0,0,1,0,0,0,,,,,,,,
16864729,1,1,N,N,43,1HTMMMML4GH080726,2015,21,48,3587,106,N,77040,1,2,2,1,12,,,,N,SOUTHSIDE WRECKER INC,8200 S. CONGRESS AVE,Y,Y,N,N,1,2,77040,5,0,35000,N,,,,,3,13,14,,,,,54,,,,,,,,,,4,1,0,0,0,1,0,0,0,N,0,,,,,N,
16864729,2,1,Y,N,113,,,99,208,763,0,N,,,,,,,,,,N,,,N,,,,,,,,,,,,,,,,,,,,,,0,,,,,,,,,,1,1,0,0,0,0,0,0,0,,,,,,,,
16864729,3,1,Y,N,113,,,99,208,763,0,N,,,,,,,,,,N,,,N,,,,,,,,,,,,,,,,,,,,,,0,,,,,,,,,,1,2,0,0,0,0,0,0,0,,,,,,,,
16864729,4,1,Y,N,113,,,99,208,763,0,N,,,,,,,,,,N,,,N,,,,,,,,,,,,,,,,,,,,,,0,,,,,,,,,,1,2,0,0,0,0,0,0,0,,,,,,,,
16864729,5,1,Y,N,113,,,99,208,763,0,N,,,,,,,,,,N,,,N,,,,,,,,,,,,,,,,,,,,,,0,,,,,,,,,,1,2,0,0,0,0,0,0,0,,,,,,,,
16864734,1,1,N,N,43,3FAFP37363R143925,2003,3,37,696,104,N,78753,1,1,7,1,8,,,,Y,EZ AUTO AND TOWING SERVICE,EZ AUTO AND TOWING SERVICE,N,,,,,,,,,,,,,,,,,,,,,,0,,,,,,,,,,7,1,0,0,0,1,0,0,0,,,,,,,,
16864734,2,1,N,N,43,JTDZN3EU4FJ037013,2015,2,91,702,104,N,78704,1,1,2,1,12,,,,Y,EZ AUTO AND TOWING SERVICE,EZ AUTO AND TOWING SERVICE,N,,,,,,,,,,,,,,,,,,,,,,17,4,65,,,,,,,,7,1,0,0,0,2,0,0,0,,,,,,,,
16864737,1,1,N,N,43,2C4RC1BG1HR635888,2017,17,21,1270,104,N,78723,1,2,2,3,12,,,,N,,,N,,,,,,,,,,,,,,,,,,,,,,0,,,,,,,,,,1,1,0,0,0,1,0,0,0,,,,,,,,
16864737,2,1,N,N,43,5NPDH4AE3CH141342,2012,21,45,480,104,N,78610,1,2,2,5,6,2,3,12,N,A-TEX TOWING,A-TEX TOWING,N,,,,,,,,,,,,,,,,,,,,,,22,,,,,,,,,,1,1,0,0,0,1,0,0,0,,,,,,,,
16864737,3,1,N,N,43,WVWAA71K69W087228,2009,2,96,217,104,N,78756,1,2,6,3,6,2,1,12,N,,,N,,,,,,,,,,,,,,,,,,,,,,0,,,,,,,,,,1,2,0,0,0,1,0,0,0,,,,,,,,
16864737,4,1,N,N,43,3GCPKTE71CG130322,2012,2,107,658,30,N,78250,1,2,6,0,6,,,,N,,,N,,,,,,,,,,,,,,,,,,,,,,0,,,,,,,,,,1,2,0,0,0,1,0,0,0,,,,,,,,
16864738,1,1,N,N,43,1HGEM21941L034690,2001,3,44,256,100,N,78724,1,2,2,1,12,,,,N,NOT TOWED,NOT TOWED,N,,,,,,,,,,,,,,,,,,,,,,0,,,,,,,,,,3,1,0,0,1,0,0,1,0,,,,,,,,
16864738,2,1,N,N,43,1FMRU15W61LB58899,2001,18,37,601,69,N,78725,1,2,11,1,11,,,,N,NOT TOWED,NOT TOWED,N,,,,,,,,,,,,,,,,,,,,,,0,,,,,,,,,,3,1,0,0,1,0,0,1,0,,,,,,,,
16864739,1,1,N,N,43,JTDBL40E49J052922,2009,2,91,173,104,N,78613,1,1,2,4,12,,,,N,ROCHAS TOWING SERVICE,ROCHAS TOWING SERVICE,N,,,,,,,,,,,,,,,,,,,,,,19,,,,,,,,,,1,1,0,0,0,1,0,0,0,,,,,,,,
16864739,2,1,N,N,3,1HGCG5642XA048959,1999,17,44,256,104,N,780128,1,1,2,2,12,6,2,6,N,,,N,,,,,,,,,,,,,,,,,,,,,,0,,,,,,,,,,1,1,0,0,0,1,0,0,0,,,,,,,,
16864739,3,1,N,N,43,4T1BF1FK2DU262778,2013,2,91,178,104,N,78702,1,1,8,2,6,,,,N,,,N,,,,,,,,,,,,,,,,,,,,,,0,,,,,,,,,,1,2,0,1,0,0,1,1,0,,,,,,,,
16864740,1,1,N,N,43,1GKUCMEF6AR232343,2010,1,39,3093,104,N,76527,1,2,2,4,12,,,,N,SPECIAL AUTOMOTIVE SERVICE INC,SPECIAL AUTOMOTIVE SERVICE INC,N,,,,,,,,,,,,,,,,,,,,,,20,,,,,,,,,,3,1,0,0,0,2,0,0,0,,,,,,,,
16864740,2,1,N,N,43,1GNFC13068R147862,2008,2,107,547,104,N,78748,1,2,4,3,2,,,,N,SOUTHSIDE WRECKER INC,SOUTHSIDE WRECKER INC,N,,,,,,,,,,,,,,,,,,,,,,0,,,,,,,,,,5,1,0,0,0,1,0,0,0,,,,,,,,
16864741,1,1,N,N,43,1FTEX1CP3FKF16110,2015,17,37,2324,30,N,78744,1,2,12,2,3,,,,Y,SOUTHSIDE WRECKER INC,8200 S. CONGRESS AVE,N,,,,,,,,,,,,,,,,,,,,,,45,4,,,,,,,,,3,1,0,0,0,1,0,0,0,,,,,,,,
16864741,2,1,N,N,43,1FTYR2CM7HKA90122,2017,21,37,600,103,N,78759,1,2,13,2,9,,,,N,DRIVEN FROM SCENE,DRIVEN FROM SCENE,N,,,,,,,,,,,,,,,,,,,,,,0,,,,,,,,,,3,1,0,0,0,1,0,0,0,,,,,,,,
16864743,1,1,N,N,43,2G1FB1E33F9217207,2015,2,107,46,100,N,78722,1,2,10,5,3,8,2,4,Y,SPECIAL AUTOMOTIVE SERVICE INC,SPECIAL AUTOMOTIVE SERVICE INC,N,,,,,,,,,,,,,,,,,,,,,,,,,33,,,,,,,2,1,0,0,1,0,0,1,0,,,,,,,,
16864743,2,1,N,N,43,5TFBV58157X013090,2007,9,91,687,30,N,78612,1,2,2,2,12,,,,N,,,N,,,,,,,,,,,,,,,,,,,,,,0,,,,,,,,,,6,1,0,0,0,1,0,0,0,,,,,,,,
16864744,1,1,N,N,43,1HGCM82635A001390,2005,9,44,236,104,N,78628,1,2,2,5,12,,,,N,ROCHAS TOWING SERVICE,ROCHAS TOWING SERVICE,N,,,,,,,,,,,,,,,,,,,,,,20,44,,,,,,,,,3,1,0,0,1,0,0,1,0,,,,,,,,
16864744,2,1,N,N,43,1GNDT13S482112514,2008,17,107,45,104,N,78760,1,2,6,1,6,,,,N,,,N,,,,,,,,,,,,,,,,,,,,,,0,,,,,,,,,,3,1,0,0,1,0,0,1,0,,,,,,,,
16864767,1,1,N,N,43,1FTYR14V5YPA39738,2000,16,37,357,30,N,78702,1,2,10,3,3,,,,N,ROCHAS TOWING SERVICE,ROCHAS TOWING SERVICE,N,,,,,,,,,,,,,,,,,,,,,,37,,,20,,,,,,,3,1,0,0,1,0,0,1,0,,,,,,,,
16864767,2,1,N,N,43,2C4RC1BG7DR730403,2013,17,21,64,104,N,78702,2,,2,3,1,,,,N,BULLET TOWING,BULLET TOWING,N,,,,,,,,,,,,,,,,,,,,,,0,,,,,,,,,,7,1,0,0,2,0,0,2,0,,,,,,,,
16864768,1,1,N,Y,43,WAUUNAF58JA011087,2018,2,8,893,100,N,54902,1,2,,,,,,,N,N/A,N/A,N,,,,,,,,,,,,,,,,,,,,,,0,,,,,,,,,,1,1,0,0,0,0,1,0,0,,,,,,,,
16864768,2,1,N,N,43,1GNSCBKC1KR106997,2019,21,107,249,104,N,74134,1,2,5,1,6,,,,N,N/A,N/A,N,,,,,,,,,,,,,,,,,,,,,,0,,,,,,,,,,1,1,0,0,2,3,0,2,0,,,,,,,,
16864774,1,1,N,N,43,2C3CCAET5DH611094,2013,2,21,65,104,N,78758,1,1,2,5,,,,,N,620 LAKESIDE TOWING,620 LAKESIDE TOWING,N,,,,,,,,,,,,,,,,,,,,,,20,,,,,,,,,,11,1,0,0,0,1,0,0,0,,,,,,,,
16864774,2,1,N,N,43,1FMCU0EG2BKB13023,2011,17,37,711,104,N,,1,1,6,2,6,,,,N,,,N,,,,,,,,,,,,,,,,,,,,,,0,,,,,,,,,,11,1,0,0,0,1,0,0,0,,,,,,,,
16864775,1,1,N,N,43,1HGCM66854A025950,2004,9,44,236,104,N,78028,2,1,1,7,12,,,,N,HARPERS TOWING SERVICE INC,HARPERS TOWING SERVICE INC,N,,,,,,,,,,,,,,,,,,,,,,19,20,,,,,,,,,5,1,0,0,0,1,0,0,0,,,,,,,,
16864775,2,1,N,N,43,KNAFU4A22B5375042,2011,5,55,1093,104,N,78660,1,1,5,6,6,,,,N,,,N,,,,,,,,,,,,,,,,,,,,,,0,,,,,,,,,,5,1,0,0,1,1,0,1,0,,,,,,,,
16864779,1,1,N,N,43,1FM5K7F81DGC34906,2013,3,37,554,104,N,78657,1,2,12,5,1,10,5,3,N,EZ AUTO AND TOWING SERVICE,EZ AUTO AND TOWING SERVICE,N,,,,,,,,,,,,,,,,,,,,,,0,,,,,,,,,,3,1,0,1,0,0,0,1,0,,,,,,,,
16864779,2,1,Y,N,43,1FTSF31F0XEE25100,1999,21,37,2326,30,N,78741,1,2,13,6,7,4,3,1,N,SPECIAL AUTOMOTIVE SERVICE INC,SPECIAL AUTOMOTIVE SERVICE INC,N,,,,,,,,,,,,,,,,,,,,,,0,,,,,,,,,,3,1,0,0,0,0,0,0,0,,,,,,,,
16864779,3,1,Y,N,23,1FTFW1EF2EKG49175,2014,11,37,2967,30,N,78741,2,,6,5,6,4,1,11,,,,N,,,,,,,,,,,,,,,,,,,,,,0,,,,,,,,,,3,2,0,0,0,0,0,0,0,,,,,,,,
16864779,4,1,Y,N,43,2GNALBEKXE6285457,2014,2,107,1048,104,N,76092,1,2,5,1,6,,,,N,,,N,,,,,,,,,,,,,,,,,,,,,,0,,,,,,,,,,3,2,0,0,0,0,0,0,0,,,,,,,,
16864780,1,1,N,N,43,1N4AA5AP5CC842206,2012,17,71,297,104,N,78741,2,,2,6,12,,,,N,AUS-TEX AUTO ENTERPRISES LLC,AUS-TEX AUTO ENTERPRISES LLC,N,,,,,,,,,,,,,,,,,,,,,,0,,,,,,,,,,1,1,0,0,0,2,0,0,0,,,,,,,,
16864780,2,1,Y,N,43,1FAHP53U53A199609,2003,3,37,376,104,N,75038,2,,6,5,6,,,,N,AUS-TEX AUTO ENTERPRISES LLC,AUS-TEX AUTO ENTERPRISES LLC,N,,,,,,,,,,,,,,,,,,,,,,0,,,,,,,,,,1,2,0,0,0,0,0,0,0,,,,,,,,
16864780,3,4,,,,,,,,,,,,,,,,,,,,,,,,,,,,,,,,,,,,,,,,,,,,,0,,,,,,,,,,9,1,1,0,0,0,0,1,0,,,,,,,,
16864780,4,4,,,,,,,,,,,,,,,,,,,,,,,,,,,,,,,,,,,,,,,,,,,,,0,,,,,,,,,,9,2,1,0,0,0,0,1,0,,,,,,,,
16864781,1,1,N,N,43,5TDYKRFH9FS066843,2015,9,91,721,104,N,75075,1,1,3,2,11,,,,N,,,N,,,,,,,,,,,,,,,,,,,,,,0,,,,,,,,,,7,1,0,0,0,1,0,0,0,,,,,,,,
16864781,2,1,N,N,43,3FA6P0H79FR296951,2015,21,37,1097,104,N,77375,1,1,12,3,3,,,,N,EZ AUTO AND TOWING SERVICE,"1830 OAK HILL LN, AUSTIN, TX, 78744",N,,,,,,,,,,,,,,,,,,,,,,33,,,,,,,,,,1,1,0,0,0,1,0,0,0,,,,,,,,
16864782,1,1,N,N,43,WBA3A5C57FF607403,2015,16,14,652,104,N,77006,1,2,9,4,9,,,,Y,A-TEX TOWING,A-TEX TOWING,N,,,,,,,,,,,,,,,,,,,,,,15,,,,,,,,,,6,1,0,0,1,0,0,1,0,,,,,,,,
16864782,2,1,N,N,43,1FTFW1ET0DKF46681,2013,3,37,2324,30,N,78748,1,2,4,3,12,,,,,EZ AUTO AND TOWING SERVICE,EZ AUTO AND TOWING SERVICE,N,,,,,,,,,,,,,,,,,,,,,,0,,,,,,,,,,8,1,0,0,1,0,0,1,0,,,,,,,,
16864783,1,1,N,N,43,3VWJX7AT7EM630844,2014,16,96,181,100,N,78610,1,2,2,2,12,,,,N,EZ AUTO AND TOWING SERVICE,EZ AUTO AND TOWING SERVICE,N,,,,,,,,,,,,,,,,,,,,,,20,19,,,,,,,,,6,1,0,0,0,1,0,0,0,,,,,,,,
16864783,2,1,N,N,43,WBA5B1C5XFD918219,2015,17,14,632,104,N,78738,1,2,6,1,6,,,,N,,,N,,,,,,,,,,,,,,,,,,,,,,0,,,,,,,,,,6,1,0,0,1,0,0,1,0,,,,,,,,
16864784,1,1,N,Y,43,,,3,,,30,N,,,,4,2,1,,,,,,,N,,,,,,,,,,,,,,,,,,,,,,44,,,,,,,,,,6,1,0,0,0,0,1,0,0,,,,,,,,
16864784,2,1,N,N,43,1C4NJPBB9FD387899,2015,17,429,1273,69,N,78665,1,2,3,2,,,,,N,,,N,,,,,,,,,,,,,,,,,,,,,,0,,,,,,,,,,6,1,0,0,1,0,0,1,0,,,,,,,,
16864785,1,1,N,N,43,KMHGC4DD7EU259395,2014,9,45,1107,104,N,75075,2,,15,2,9,3,2,11,N,ROCHAS TOWING SERVICE,ROCHAS TOWING SERVICE,N,,,,,,,,,,,,,,,,,,,,,,4,,,,,,,,,,2,1,0,0,1,0,0,1,0,,,,,,,,
16864785,2,1,N,N,43,1GNUKCE09AR203267,2010,2,107,547,69,N,78640,1,2,10,2,3,,,,N,SOUTHSIDE WRECKER INC,8200 S. CONGRESS AVE,N,,,,,,,,,,,,,,,,,,,,,,0,,,,,,,,,,2,1,0,0,0,2,0,0,0,,,,,,,,
16864786,1,1,N,N,43,1LNHM81W46Y600888,2006,17,113,335,104,N,78723,1,2,10,5,3,,,,N,LAMONT & SONS,LAMONT & SONS,N,,,,,,,,,,,,,,,,,,,,,,23,,,,,,,,,,1,1,0,0,0,1,0,0,0,,,,,,,,
16864786,2,1,N,N,43,5XXGT4L39HG145714,2017,9,55,715,104,N,78745,1,2,2,4,12,,,,N,BULLET TOWING,BULLET TOWING,N,,,,,,,,,,,,,,,,,,,,,,0,,,,,,,,,,7,1,0,0,1,0,0,1,0,,,,,,,,
16864787,1,1,N,N,43,55SWF4JB7FU091597,2015,2,65,3930,104,N,78753,1,2,12,3,2,,,,N,969,969,N,,,,,,,,,,,,,,,,,,,,,,34,,,,,,,,,,8,1,0,0,0,2,0,0,0,,,,,,,,
16864787,2,1,N,N,43,2HKRL18611H536067,2001,10,44,571,103,N,78724,1,2,1,3,12,,,,N,AUS-TEX AUTO ENTERPRISES LLC,AUS-TEX AUTO ENTERPRISES LLC,N,,,,,,,,,,,,,,,,,,,,,,0,,,,,,,,,,4,1,0,0,2,1,0,2,0,,,,,,,,