Crash_ID,Unit_Nbr,Unit_Desc_ID,Veh_Parked_Fl,Veh_HNR_Fl,Veh_Lic_State_ID,VIN,Veh_Mod_Year,Veh_Color_ID,Veh_Make_ID,Veh_Mod_ID,Veh_Body_Styl_ID,Emer_Respndr_Fl,Ownr_Zip,Fin_Resp_Proof_ID,Fin_Resp_Type_ID,Veh_Dmag_Area_1_ID,Veh_Dmag_Scl_1_ID,Force_Dir_1_ID,Veh_Dmag_Area_2_ID,Veh_Dmag_Scl_2_ID,Force_Dir_2_ID,Veh_Inventoried_Fl,Veh_Transp_Name,Veh_Transp_Dest,Veh_Cmv_Fl,Cmv_Fiveton_Fl,Cmv_Hazmat_Fl,Cmv_Nine_Plus_Pass_Fl,Cmv_Veh_Oper_ID,Cmv_Carrier_ID_Type_ID,Cmv_Carrier_Zip,Cmv_Veh_Type_ID,Cmv_GVWR,Cmv_RGVW,Cmv_Hazmat_Rel_Fl,Hazmat_Cls_1_ID,Hazmat_IDNbr_1_ID,Hazmat_Cls_2_ID,Hazmat_IDNbr_2_ID,Cmv_Cargo_Body_ID,Cmv_Evnt1_ID,Cmv_Evnt2_ID,Cmv_Evnt3_ID,Cmv_Evnt4_ID,Cmv_Tot_Axle,Cmv_Tot_Tire,Contrib_Factr_1_ID,Contrib_Factr_2_ID,Contrib_Factr_3_ID,Contrib_Factr_P1_ID,Contrib_Factr_P2_ID,Veh_Dfct_1_ID,Veh_Dfct_2_ID,Veh_Dfct_3_ID,Veh_Dfct_P1_ID,Veh_Dfct_P2_ID,Veh_Trvl_Dir_ID,First_Harm_Evt_Inv_ID,Sus_Serious_Injry_Cnt,Nonincap_Injry_Cnt,Poss_Injry_Cnt,Non_Injry_Cnt,Unkn_Injry_Cnt,Tot_Injry_Cnt,Death_Cnt,Cmv_Disabling_Damage_Fl,Cmv_Bus_Type_ID,Trlr_GVWR,Trlr_RGVW,Trlr_Type_ID,Trlr_Disabling_Dmag_ID,Cmv_Intermodal_Container_Permit_Fl,CMV_Actual_Gross_Weight
16864788,1,1,N,N,43,5TETX22N86Z159242,2006,17,91,629,100,N,78702,1,1,1,0,12,,,,N,,,N,,,,,,,,,,,,,,,,,,,,,,0,,,,,,,,,,7,1,0,0,0,1,0,0,0,,,,,,,,
16864788,2,1,N,N,43,JH4CC2666RC000025,1994,10,1,393,104,N,75215,1,1,7,1,6,,,,N,,,N,,,,,,,,,,,,,,,,,,,,,,0,,,,,,,,,,7,1,0,0,3,0,0,3,0,,,,,,,,
16864788,3,4,,,,,,,,,,,,,,,,,,,,,,,,,,,,,,,,,,,,,,,,,,,,,0,,,,,,,,,,9,2,0,0,1,0,0,1,0,,,,,,,,
16864789,1,1,N,N,43,4T4BF3EK1BR161120,2011,21,91,380,104,N,77987,1,2,4,3,1,,,,Y,SOUTHSIDE WRECKER INC,8200 S. CONGRESS AVE,N,,,,,,,,,,,,,,,,,,,,,,0,,,,,,,,,,5,1,0,0,0,1,0,0,0,,,,,,,,
16864789,2,1,Y,N,43,1GNEC13T75R244604,2005,1,107,2203,69,N,78747,1,2,7,2,7,,,,N,NOT TOWED,N/A,N,,,,,,,,,,,,,,,,,,,,,,0,,,,,,,,,,5,1,0,0,0,0,0,0,0,,,,,,,,
16864789,3,1,Y,N,43,4S4BP61C267349091,2006,3,85,443,104,N,78704,1,2,7,2,7,,,,N,NOT TOWED,N/A,N,,,,,,,,,,,,,,,,,,,,,,0,,,,,,,,,,5,2,0,0,0,0,0,0,0,,,,,,,,
16864789,4,1,Y,N,43,1FAHP35NX8W122593,2008,17,37,696,104,N,78744,1,2,7,2,7,,,,N,NOT TOWED,N/A,N,,,,,,,,,,,,,,,,,,,,,,0,,,,,,,,,,5,2,0,0,0,0,0,0,0,,,,,,,,
16864790,1,1,N,N,43,1G2ZH57N084129332,2008,17,118,1104,104,N,78754,1,2,3,3,11,,,,N,ARMADA TOWING,ARMADA TOWING,N,,,,,,,,,,,,,,,,,,,,,,34,,,,,,,,,,5,1,0,0,0,1,0,0,0,,,,,,,,
16864790,2,1,N,N,43,3N1AB41D3XL105655,1999,21,71,341,104,N,78660,1,2,3,3,11,,,,N,STARS TOWING,STARS TOWING,N,,,,,,,,,,,,,,,,,,,,,,0,,,,,,,,,,1,1,0,0,0,1,0,0,0,,,,,,,,
16864793,1,1,N,N,43,WDCGG5HB1FG373667,2015,21,65,1113,69,N,78704,1,2,8,1,6,,,,,N/A,N/A,N,,,,,,,,,,,,,,,,,,,,,,0,,,,,,,,,,1,1,0,0,0,2,0,0,0,,,,,,,,
16864793,2,1,N,N,43,JM1BK343191244174,2009,3,63,3917,104,N,78731,1,1,4,2,12,,,,N,N/A,N/A,N,,,,,,,,,,,,,,,,,,,,,,3,,,,,,,,,,5,1,0,0,0,1,0,0,0,,,,,,,,
16864794,1,1,N,N,43,2C3CDZAG2FH701987,2015,2,109,73,100,N,78610,1,2,14,3,1,,,,Y,STARS TOWING,STARS TOWING,N,,,,,,,,,,,,,,,,,,,,,,35,,,,,,,,,,5,1,0,0,1,0,0,1,0,,,,,,,,
16864794,2,1,N,N,43,3MEHM07Z38R663021,2008,17,114,793,104,N,78721,1,1,3,2,12,,,,Y,ROCHAS TOWING SERVICE,ROCHAS TOWING SERVICE,N,,,,,,,,,,,,,,,,,,,,,,0,,,,,,,,,,1,2,0,0,1,0,0,1,0,,,,,,,,
16864794,3,1,N,N,43,1N6AF0KY1EN111167,2014,21,71,1445,103,N,78744,1,1,2,3,12,,,,Y,SOUTHSIDE WRECKER INC,OWNERS RESIDENCE/REQUEST,N,,,,,,,,,,,,,,,,,,,,,,0,,,,,,,,,,3,1,0,0,1,0,0,1,0,,,,,,,,
16864794,4,1,N,N,43,3AKBCYCY1EDFU0760,2013,21,38,1524,106,N,78766,1,1,2,2,12,,,,N,,,Y,Y,N,N,2,2,78653,9,35000,0,N,,,,,3,13,,,,3,,0,,,,,,,,,,3,2,0,0,0,1,0,0,0,N,0,,,,,Y,48387
16864794,5,6,,,,,,,,,,,78766,,,,,,,,,,,,,,,,,,,,,,,,,,,,,,,,,,0,,,,,,,,,,9,2,0,0,0,0,0,0,0,,,13387,0,2,N,,
16864795,1,1,N,N,43,ZFBCFABH0EZ007914,2014,10,35,2961,104,N,75044,1,2,2,4,12,,,,N,SPECIAL AUTOMOTIVE SERVICE INC,SPECIAL AUTOMOTIVE SERVICE INC,N,,,,,,,,,,,,,,,,,,,,,,66,,,,,,,,,,3,1,0,0,0,1,0,0,0,,,,,,,,
16864795,2,1,N,N,43,3N1AB51D73L724971,2003,16,71,341,104,N,78753,1,2,11,3,10,,,,N,SOUTHSIDE WRECKER INC,8200 S. CONGRESS AVE,N,,,,,,,,,,,,,,,,,,,,,,0,,,,,,,,,,7,1,0,0,0,1,0,0,0,,,,,,,,
16864796,1,1,N,N,43,JN1AZ34D56M304566,2006,17,71,776,104,N,78702,1,1,2,2,12,,,,Y,EZ AUTO AND TOWING SERVICE,EZ AUTO AND TOWING SERVICE,N,,,,,,,,,,,,,,,,,,,,,,67,,,,,,,,,,1,1,0,0,0,1,0,0,0,,,,,,,,
16864796,2,1,N,N,43,2HSFHAERXWC051868,1998,21,48,110,106,N,7864,1,3,6,0,12,,,,N,NOT TOWED,NOT TOWED,N,,,,,,,,,,,,,,,,,,,,,,0,,,,,,,,,,1,1,0,0,0,1,0,0,0,,,,,,,,
16864797,1,1,N,N,43,1G1JC5SH2G4183571,2016,16,107,2243,104,N,78738,1,1,2,1,12,,,,N,NA,NA,N,,,,,,,,,,,,,,,,,,,,,,20,,,,,,,,,,11,1,0,0,0,2,0,0,0,,,,,,,,
16864797,2,1,N,N,43,1FM5K8AR0FGB91829,2015,21,37,554,69,N,78702,1,1,6,1,6,,,,N,NA,NA,N,,,,,,,,,,,,,,,,,,,,,,0,,,,,,,,,,11,1,0,0,0,1,0,0,0,,,,,,,,
16864816,1,1,N,N,43,5NPE24AFXGH327979,2016,17,45,462,104,N,78741,1,2,2,2,2,,,,,,,N,,,,,,,,,,,,,,,,,,,,,,20,44,,,,,,,,,4,1,0,0,1,0,0,1,0,,,,,,,,
16864816,2,1,N,N,43,5TDZK23C27S067516,2007,17,91,648,104,N,78738,1,1,6,2,5,,,,N,,,N,,,,,,,,,,,,,,,,,,,,,,0,,,,,,,,,,4,1,0,0,0,3,0,0,0,,,,,,,,
16864817,1,1,N,N,43,JA3AH86D65U027272,2005,3,68,744,104,N,78758,1,2,8,1,3,15,1,11,N,ROCHAS TOWING SERVICE,ROCHAS TOWING SERVICE,N,,,,,,,,,,,,,,,,,,,,,,,,,20,60,,,,,,4,1,0,0,0,2,0,0,0,,,,,,,,
16864818,1,1,N,N,43,3LN6L2LU4FR602111,2015,2,113,2451,100,N,78725,1,1,2,4,12,,,,Y,MR EAST TOWING,MR EAST TOWING,N,,,,,,,,,,,,,,,,,,,,,,20,,,,,,,,,,1,1,0,0,0,1,0,0,0,,,,,,,,
16864818,2,1,N,N,43,2HGFB2F82EH547398,2014,2,44,256,104,N,78640,1,1,15,5,7,,,,Y,ROCHAS TOWING SERVICE,ROCHAS TOWING SERVICE,N,,,,,,,,,,,,,,,,,,,,,,20,,,,,,,,,,3,1,0,0,0,1,0,0,0,,,,,,,,
16864871,1,1,N,N,43,1FTFW1R67EFC92563,2014,21,37,2324,30,N,78613,3,2,4,3,1,,,,N,620 LAKESIDE TOWING,620 LAKESIDE TOWING,N,,,,,,,,,,,,,,,,,,,,,,20,,,,,,,,,,3,1,0,0,0,1,0,0,0,,,,,,,,
16864871,2,1,N,N,43,JN8AS5MT1EW608344,2014,1,71,3988,69,N,78613,1,2,3,6,10,,,,,620 LAKESIDE TOWING,620 LAKESIDE TOWING,N,,,,,,,,,,,,,,,,,,,,,,0,,,,,,,,,,1,1,0,0,0,1,0,0,0,,,,,,,,
16864871,3,1,N,N,43,2T1KR32E94C168952,2004,21,91,178,104,N,77904,1,2,3,2,11,,,,,,,N,,,,,,,,,,,,,,,,,,,,,,0,,,,,,,,,,1,2,0,0,0,1,0,0,0,,,,,,,,
16865264,1,1,N,N,43,JN8AF5MRXDT212728,2013,9,71,2505,69,N,78746,2,,2,3,12,,,,N,EZ AUTO AND TOWING SERVICE,EZ AUTO AND TOWING SERVICE,N,,,,,,,,,,,,,,,,,,,,,,0,,,,,,,,,,3,1,0,0,1,0,0,1,0,,,,,,,,
16865264,2,1,Y,N,43,1D7HA16D53J653492,2003,2,109,2275,30,N,78741,1,1,6,2,6,2,2,12,,AUSTEX,AUS-TEX AUTO ENTERPRISES LLC,N,,,,,,,,,,,,,,,,,,,,,,0,,,,,,,,,,3,1,0,0,0,0,0,0,0,,,,,,,,
16865264,3,1,Y,N,43,1FTRX12W16NA28332,2006,9,37,2324,30,N,78731,1,1,6,2,6,,,,N,,,N,,,,,,,,,,,,,,,,,,,,,,0,,,,,,,,,,3,2,0,0,0,0,0,0,0,,,,,,,,
16865697,1,1,N,N,43,WBABF8326WEH60612,1998,9,14,652,100,N,78726,1,1,10,5,3,,,,N,620-LAKESIDE: 512-266-8620,"12400 ANDERSON MILL, AUSTIN 78726",N,,,,,,,,,,,,,,,,,,,,,,37,,,,,,,,,,2,1,0,0,0,1,0,0,0,,,,,,,,
16865697,2,1,N,N,43,1GNMCBE32AR130180,2010,2,107,547,104,N,78634,1,1,2,3,12,,,,N,620-LAKESIDE: 512-266-8620,"12400 ANDERSON MILL, AUSTIN 78726",N,,,,,,,,,,,,,,,,,,,,,,0,,,,,,,,,,6,1,0,0,0,1,0,0,0,,,,,,,,
16865706,1,1,N,N,43,JM1BL1W54C1515400,2012,9,63,2480,104,N,78748,1,2,2,6,12,,,,N,MAJIC TOWING,"8606 EVELYN, BUDA, TEXAS",N,,,,,,,,,,,,,,,,,,,,,,40,,,45,,,,,,,4,1,0,0,0,0,1,0,0,,,,,,,,
16866979,1,1,N,Y,43,2G1WA5E34D1195191,2013,17,107,53,104,N,76707,2,,,,,,,,N,,,N,,,,,,,,,,,,,,,,,,,,,,0,,,,,,,,,,4,1,0,0,0,0,1,0,0,,,,,,,,
16866979,2,1,N,N,43,3CZRM3H51FG702775,2015,17,44,605,69,N,78653,1,2,14,3,4,12,3,2,N,H & H TOWING: 512-551-9200,"8735 N LAMAR BLVD, AUSTIN, TX 78753",N,,,,,,,,,,,,,,,,,,,,,,0,,,,,,,,,,4,1,0,0,0,1,0,0,0,,,,,,,,
16866979,3,1,N,N,43,JHMGK5H70GX027996,2016,3,44,3370,104,N,78251,1,2,4,2,12,,,,N,H & H TOWING: 512-551-9200,"1104 W PECAN, PFLUGERVILLE, TX, 78660",N,,,,,,,,,,,,,,,,,,,,,,0,,,,,,,,,,4,2,0,0,0,1,0,0,0,,,,,,,,
16866981,1,1,N,N,43,1FMZU73W34ZA34211,2004,2,37,554,69,N,78728,1,1,13,4,7,,,,N,H & H TOWING: 512-551-9200,"1104 W PECAN, PFLUGERVILLE, TX, 78660",N,,,,,,,,,,,,,,,,,,,,,,74,,,,,12,,,,,1,1,0,0,0,1,0,0,0,,,,,,,,
16866981,2,1,N,N,43,2HKRL1856XH502500,1999,17,44,571,103,N,78617,1,1,4,3,1,5,3,6,N,AUS-TEX: 512-836-7443,1408 THREE POINTS,N,,,,,,,,,,,,,,,,,,,,,,0,,,,,,,,,,1,1,0,0,1,0,0,1,0,,,,,,,,
16866981,3,1,N,N,43,1GNSCJE04CR178323,2012,18,107,2203,69,N,78626,1,1,2,1,12,,,,N,,,N,,,,,,,,,,,,,,,,,,,,,,44,,,,,,,,,,1,2,0,0,0,1,0,0,0,,,,,,,,
16868210,1,1,N,N,43,1FDGF5GY2BEC64909,2011,21,37,865,47,N,,1,2,3,3,12,,,,N,AUS-TEX AUTO ENTERPRISES LLC,"2300 SPIRIT OF TEXAS AUSTIN, TEXAS",Y,Y,N,N,4,5,,4,0,13000,N,,,,,2,1,18,18,98,,,22,,,20,,,,,,,5,1,0,0,0,1,0,0,0,Y,6,,,,,N,
16868276,1,1,N,N,43,1B7GG22Y6WS536375,1998,10,109,567,30,N,78665,1,2,11,1,10,,,,N,,,N,,,,,,,,,,,,,,,,,,,,,,4,,,,,,,,,,5,1,0,0,0,1,0,0,0,,,,,,,,
16868276,2,1,N,N,43,4JGDF2EE9FA582520,2015,21,65,1110,104,N,78708,1,2,14,2,8,,,,N,,,N,,,,,,,,,,,,,,,,,,,,,,0,,,,,,,,,,5,1,0,0,0,1,0,0,0,,,,,,,,
16870020,1,1,N,N,43,CB550F21026030000,1997,5,44,107,71,N,78745,1,1,2,2,12,,,,N,EZ AUTO AND TOWING SERVICE,EZ AUTO AND TOWING SERVICE,N,,,,,,,,,,,,,,,,,,,,,,0,,,,,,,,,,2,1,0,1,0,0,0,1,0,,,,,,,,
16870020,2,1,N,N,43,5NPDH4AE2FH588989,2015,17,45,480,104,N,78745,1,1,10,2,3,,,,N,,,N,,,,,,,,,,,,,,,,,,,,,,0,,,,,,,,,,6,1,0,0,0,1,0,0,0,,,,,,,,
16870021,1,1,N,N,43,3C4PDCBG2FT664083,2015,16,109,1166,69,N,78748,1,2,2,3,12,,,,N,A-TEX TOWING,5526 1/2 W HWY 290,N,,,,,,,,,,,,,,,,,,,,,,44,,,,,,,,,,1,1,0,0,1,0,0,1,0,,,,,,,,
16870021,2,1,N,N,43,1GNSCAKC6FR124914,2015,2,107,547,69,N,78739,1,2,6,2,6,,,,N,,,N,,,,,,,,,,,,,,,,,,,,,,0,,,,,,,,,,1,1,0,0,0,1,0,0,0,,,,,,,,
16870022,1,1,N,N,36,1C4NJRFB6HD174515,2017,9,429,1273,69,N,78741,1,1,2,2,12,,,,N,,,N,,,,,,,,,,,,,,,,,,,,,,20,,,,,,,,,,3,1,0,0,0,1,0,0,0,,,,,,,,
16870022,2,1,N,N,43,3C7WDMDL5CG224524,2012,2,109,2281,30,N,78691,1,1,6,1,,,,,N,,,N,,,,,,,,,,,,,,,,,,,,,,0,,,,,,,,,,3,1,0,0,0,1,0,0,0,,,,,,,,
16870023,1,1,N,N,43,JN8AZ28R19T115781,2009,10,71,998,104,N,78640,1,2,2,2,12,,,,N,,,N,,,,,,,,,,,,,,,,,,,,,,22,,,,,,,,,,1,1,0,0,0,1,0,0,0,,,,,,,,
16870023,2,1,N,N,43,5XYPK4A52HG314085,2017,2,55,767,104,N,67205,1,2,6,2,6,,,,N,,,N,,,,,,,,,,,,,,,,,,,,,,0,,,,,,,,,,1,1,0,0,0,1,0,0,0,,,,,,,,
16870024,1,1,N,N,43,1HGCP2F64CA064820,2012,17,44,236,30,N,75407,1,2,2,3,12,,,,N,SPECIAL AUTOMOTIVE SERVICE INC,SPECIAL AUTOMOTIVE SERVICE INC,N,,,,,,,,,,,,,,,,,,,,,,22,,,,,,,,,,1,1,0,0,0,1,0,0,0,,,,,,,,
16870024,2,1,N,N,46,1FMCU4K35BKA52680,2011,2,37,711,104,N,78704,1,2,6,2,6,,,,N,,,N,,,,,,,,,,,,,,,,,,,,,,0,,,,,,,,,,1,1,0,0,0,1,0,0,0,,,,,,,,
16870025,1,1,N,N,43,1C6RR6LT1FS581874,2015,2,109,2275,30,N,78745,1,1,2,3,12,,,,Y,A-TEX TOWING,5526 1/2 W HWY 290,N,,,,,,,,,,,,,,,,,,,,,,34,,,,,,,,,,8,1,0,0,0,1,0,0,0,,,,,,,,
16870025,2,1,N,N,43,1HGCP26379A016873,2009,8,44,236,104,N,78717,1,1,3,3,10,,,,Y,SOUTHSIDE WRECKER INC,8200 S. CONGRESS AVE,N,,,,,,,,,,,,,,,,,,,,,,0,,,,,,,,,,4,1,0,1,0,1,0,1,0,,,,,,,,
16870026,1,1,N,N,43,3GTP1UEC8FG231187,2015,2,39,3080,30,N,78653,1,2,3,1,11,,,,N,,,N,,,,,,,,,,,,,,,,,,,,,,0,,,,,,,,,,5,1,0,0,0,1,0,0,0,,,,,,,,
16870026,2,1,N,N,43,1G1AS58H197223571,2009,16,107,60,104,N,78753,1,2,2,2,12,11,1,10,N,STARS,STARS,N,,,,,,,,,,,,,,,,,,,,,,0,,,,,,,,,,7,1,0,0,0,1,0,0,0,,,,,,,,
16870026,3,1,N,N,43,2GCEK13T151319141,2005,17,107,60,30,N,78752,1,2,3,2,2,,,,N,,,N,,,,,,,,,,,,,,,,,,,,,,0,,,,,,,,,,7,2,0,0,0,2,0,0,0,,,,,,,,
16870027,1,1,N,N,43,1GNEC13ZX4R224043,2004,2,107,547,69,N,78749,1,1,2,4,12,,,,Y,SOUTHSIDE WRECKER INC,8200 S. CONGRESS AVE,N,,,,,,,,,,,,,,,,,,,,,,45,,,,,,,,,,7,1,0,0,0,1,0,0,0,,,,,,,,
16870027,2,1,N,N,43,1HGCR2F88EA126797,2014,17,44,236,104,N,78748,1,1,6,7,6,2,3,12,N,HARPERS TOWING SERVICE INC,HARPERS TOWING SERVICE INC,N,,,,,,,,,,,,,,,,,,,,,,0,,,,,,,,,,7,1,0,1,1,0,0,2,0,,,,,,,,
16870027,3,1,N,N,43,WVWND63B74E235630,2004,3,96,473,104,N,78633,3,1,6,2,6,,,,N,EZ AUTO AND TOWING SERVICE,EZ AUTO AND TOWING SERVICE,N,,,,,,,,,,,,,,,,,,,,,,0,,,,,,,,,,7,2,0,0,0,2,0,0,0,,,,,,,,
16870028,1,1,N,N,43,JTDKARFU6H3034894,2017,9,91,702,104,N,78746,1,1,11,1,9,,,,N,,,N,,,,,,,,,,,,,,,,,,,,,,20,,,,,,,,,,5,1,0,0,0,1,0,0,0,,,,,,,,
16870028,2,1,N,N,43,1FM5K8AR5FGB91812,2015,21,37,995,104,Y,,4,,14,1,3,,,,N,,,N,,,,,,,,,,,,,,,,,,,,,,0,,,,,,,,,,1,1,0,0,0,1,0,0,0,,,,,,,,
16870029,1,1,N,N,43,JF1GD67565H508060,2005,3,85,516,104,N,78723,1,2,3,3,10,,,,N,AVILES & GABES WRECKER SERVICE INC.,AVILES & GABES WRECKER SERVICE INC.,N,,,,,,,,,,,,,,,,,,,,,,,,,20,,,,,,,4,1,0,0,0,2,0,0,0,,,,,,,,
16870029,2,1,N,N,14,3AKJGED61GSHC8653,2016,2,38,1524,106,N,78660,1,2,,,,,,,N,,,Y,Y,N,N,2,5,78660,7,33001,0,N,,,,,4,13,,,,,,0,,,,,,,,,,6,1,0,0,0,1,0,0,0,N,0,,,,,N,
16870029,3,6,,,,,,,,,,,72209,,,,,,,,,,,,,,,,,,,,,,,,,,,,,,,,,,0,,,,,,,,,,9,2,0,0,0,0,0,0,0,,,13000,0,3,N,,
16870030,1,1,N,N,43,JTJBARBZ9G2070288,2016,21,58,429,69,N,78704,1,2,13,2,5,,,,Y,620 LAKESIDE TOWING,620 LAKESIDE TOWING,N,,,,,,,,,,,,,,,,,,,,,,67,,,,,,,,,,6,1,0,0,0,1,0,0,0,,,,,,,,
16870030,2,1,Y,N,43,5NPE24AF3HH570969,2017,2,45,462,104,N,78704,1,2,14,4,7,,,,N,NA,NA,N,,,,,,,,,,,,,,,,,,,,,,0,,,,,,,,,,4,1,0,0,0,1,0,0,0,,,,,,,,
16870031,1,1,N,N,43,1GKEC13T05R213451,2005,21,39,479,69,N,,1,2,2,2,12,,,,Y,A&A TOWING,A&A TOWING,N,,,,,,,,,,,,,,,,,,,,,,45,,,,,,,,,,5,1,0,0,0,1,0,0,0,,,,,,,,
16870031,2,1,N,N,43,2NKHHM6X9FM425041,2015,21,54,1533,92,N,78660,1,2,5,1,6,,,,N,,,N,,,,,,,,,,,,,,,,,,,,,,0,,,,,,,,,,5,1,0,0,0,1,0,0,0,,,,,,,,
16870032,1,1,N,N,43,JN8AS5MT0DW532792,2013,3,71,1310,69,N,78640,1,2,2,2,12,,,,N,NA,NA,N,,,,,,,,,,,,,,,,,,,,,,20,44,22,,,,,,,,1,1,0,0,0,1,0,0,0,,,,,,,,
16870032,2,1,N,N,43,2T3ZFREV1GW265918,2016,2,91,581,69,N,78748,1,2,6,2,6,,,,N,NA,NA,N,,,,,,,,,,,,,,,,,,,,,,0,,,,,,,,,,1,1,1,0,0,1,0,1,0,,,,,,,,
16870033,1,1,N,N,43,4T4BF1FK5GR536906,2016,3,91,380,104,N,76904,1,1,12,3,3,,,,N,NA,NA,N,,,,,,,,,,,,,,,,,,,,,,20,4,,,,,,,,,3,1,0,0,0,1,0,0,0,,,,,,,,
16870033,2,1,N,N,43,KNDJD736475717161,2007,16,55,767,69,N,78748,1,2,11,2,9,,,,N,NA,NA,N,,,,,,,,,,,,,,,,,,,,,,0,,,,,,,,,,3,1,0,0,0,1,0,0,0,,,,,,,,
16870034,1,1,N,N,43,1FMRU15W74LB39671,2004,2,37,601,104,N,,1,2,2,4,12,,,,N,FINGER TOWING SERVICE,FINGER TOWING SERVICE,N,,,,,,,,,,,,,,,,,,,,,,,,,22,,8,,,,,11,1,0,0,0,3,0,0,0,,,,,,,,
16870035,1,1,N,N,43,1GCEC14X23Z203773,2003,2,107,658,30,N,78640,2,,2,3,12,,,,Y,HARPERS TOWING SERVICE INC,HARPERS TOWING SERVICE INC,N,,,,,,,,,,,,,,,,,,,,,,0,,,,,,,,,,3,1,0,1,1,1,0,2,0,,,,,,,,
16870036,1,1,N,N,43,2HGFA1F58BH524061,2011,17,44,236,104,N,78666,1,1,1,0,12,,,,Y,SOUTHSIDE WRECKER INC,8200 S. CONGRESS AVE,N,,,,,,,,,,,,,,,,,,,,,,45,,,,,,,,,,1,1,0,0,0,1,0,0,0,,,,,,,,
16870038,1,1,N,N,43,JTDBU4EE8AJ058748,2010,3,91,173,104,N,78666,1,1,12,4,2,,,,Y,EZ AUTO AND TOWING SERVICE,EZ AUTO AND TOWING SERVICE,N,,,,,,,,,,,,,,,,,,,,,,74,,,,,12,,,,,5,1,0,0,0,1,0,0,0,,,,,,,,
16870039,1,1,N,Y,,,,2,42,,71,N,,,,3,2,12,,,,N,,,N,,,,,,,,,,,,,,,,,,,,,,1,20,,,,,,,,,1,1,0,0,0,0,1,0,0,,,,,,,,
16870039,2,1,N,N,43,1J4FT68S9VL601272,1997,21,429,970,69,N,78745,1,1,,,,,,,Y,AUSTIN EXPRESS TOWING INC.,AUSTIN EXPRESS TOWING INC.,N,,,,,,,,,,,,,,,,,,,,,,0,,,,,,,,,,5,1,0,0,0,2,0,0,0,,,,,,,,
16870042,1,1,N,Y,43,,,21,,,69,N,,,,,,,,,,,,,N,,,,,,,,,,,,,,,,,,,,,,0,,,,,,,,,,1,1,0,0,0,1,0,0,0,,,,,,,,
16870042,2,1,N,N,43,JTHBF5C24A5107492,2010,2,58,1156,104,N,78729,1,1,13,1,7,,,,N,,,N,,,,,,,,,,,,,,,,,,,,,,0,,,,,,,,,,1,1,0,1,0,1,0,1,0,,,,,,,,
16870043,1,1,N,N,43,1342127690,1974,22,96,181,100,N,78744,1,1,14,4,3,,,,Y,EZ AUTO AND TOWING SERVICE,EZ AUTO AND TOWING SERVICE,N,,,,,,,,,,,,,,,,,,,,,,0,,,,,,,,,,5,1,0,0,0,1,0,0,0,,,,,,,,
16870043,2,1,N,Y,,,,21,,,104,N,,,,,,,,,,,,,N,,,,,,,,,,,,,,,,,,,,,,16,,,,,,,,,,3,1,0,0,0,0,1,0,0,,,,,,,,
16870044,1,1,N,Y,43,JM1CW2BL9C0119510,2012,3,63,2474,103,N,78753,2,,7,4,6,,,,Y,STARS TOWING,5526 1/2 W HWY 290,N,,,,,,,,,,,,,,,,,,,,,,0,,,,,,,,,,7,1,0,0,1,0,2,1,0,,,,,,,,
16870044,2,1,N,N,43,WDBUF56J86A770705,2006,9,65,836,104,N,78758,1,1,2,2,12,,,,Y,ARMADA TOWING,5526 1/2 W HWY 290,N,,,,,,,,,,,,,,,,,,,,,,0,,,,,,,,,,1,1,0,0,0,1,0,0,0,,,,,,,,
16870048,1,1,N,N,43,JT3GM84R9Y0059333,2000,21,91,395,69,N,78612,1,2,2,5,12,,,,N,ROCHAS TOWING SERVICE,ROCHAS TOWING SERVICE,N,,,,,,,,,,,,,,,,,,,,,,,,,20,40,,,,,,7,1,0,1,0,0,0,1,0,,,,,,,,
16870048,2,1,N,N,43,5TFEM5F12DX062052,2013,17,91,687,30,N,78602,1,2,6,3,6,,,,N,DRIVER,FROM SCENE,N,,,,,,,,,,,,,,,,,,,,,,0,,,,,,,,,,7,1,0,0,1,0,0,1,0,,,,,,,,
16870093,1,1,N,N,43,1HGCP26749A005669,2009,2,44,236,104,N,78741,2,,2,4,12,18,4,3,Y,SOUTHSIDE WRECKER INC,8200 S. CONGRESS AVE,N,,,,,,,,,,,,,,,,,,,,,,43,68,60,,,,,,,,8,1,0,2,0,0,0,2,0,,,,,,,,
16870094,1,1,N,N,9,2C4RDGCG8KR513695,2019,21,109,550,103,N,,1,7,11,2,8,,,,N,NOT TOWED,NOT TOWED,N,,,,,,,,,,,,,,,,,,,,,,66,,,,,,,,,,7,1,0,0,0,2,0,0,0,,,,,,,,
16870094,2,1,N,N,43,JM3KFACM0J1342692,2018,9,63,2471,104,N,78701,1,1,12,3,2,,,,N,A-TEX TOWING,A-TEX YARD,N,,,,,,,,,,,,,,,,,,,,,,0,,,,,,,,,,7,1,0,0,0,1,0,0,0,,,,,,,,
16870095,1,1,N,N,43,4T1BF12B2TU132973,1996,,91,563,104,N,78747,1,1,2,5,12,,,,N,ATX-VIP TOWING SERVICES,ATX-VIP TOWING SERVICES,N,,,,,,,,,,,,,,,,,,,,,,44,,,,,,,,,,1,1,0,0,0,1,0,0,0,,,,,,,,
16870095,2,1,N,N,36,KNDPC3A23D7460290,2013,2,55,575,104,N,78747,1,1,6,3,6,,,,N,SOUTHSIDE WRECKER INC,8200 S. CONGRESS AVE,N,,,,,,,,,,,,,,,,,,,,,,0,,,,,,,,,,1,1,0,0,0,2,0,0,0,,,,,,,,