Crash_ID,Unit_Nbr,Unit_Desc_ID,Veh_Parked_Fl,Veh_HNR_Fl,Veh_Lic_State_ID,VIN,Veh_Mod_Year,Veh_Color_ID,Veh_Make_ID,Veh_Mod_ID,Veh_Body_Styl_ID,Emer_Respndr_Fl,Ownr_Zip,Fin_Resp_Proof_ID,Fin_Resp_Type_ID,Veh_Dmag_Area_1_ID,Veh_Dmag_Scl_1_ID,Force_Dir_1_ID,Veh_Dmag_Area_2_ID,Veh_Dmag_Scl_2_ID,Force_Dir_2_ID,Veh_Inventoried_Fl,Veh_Transp_Name,Veh_Transp_Dest,Veh_Cmv_Fl,Cmv_Fiveton_Fl,Cmv_Hazmat_Fl,Cmv_Nine_Plus_Pass_Fl,Cmv_Veh_Oper_ID,Cmv_Carrier_ID_Type_ID,Cmv_Carrier_Zip,Cmv_Veh_Type_ID,Cmv_GVWR,Cmv_RGVW,Cmv_Hazmat_Rel_Fl,Hazmat_Cls_1_ID,Hazmat_IDNbr_1_ID,Hazmat_Cls_2_ID,Hazmat_IDNbr_2_ID,Cmv_Cargo_Body_ID,Cmv_Evnt1_ID,Cmv_Evnt2_ID,Cmv_Evnt3_ID,Cmv_Evnt4_ID,Cmv_Tot_Axle,Cmv_Tot_Tire,Contrib_Factr_1_ID,Contrib_Factr_2_ID,Contrib_Factr_3_ID,Contrib_Factr_P1_ID,Contrib_Factr_P2_ID,Veh_Dfct_1_ID,Veh_Dfct_2_ID,Veh_Dfct_3_ID,Veh_Dfct_P1_ID,Veh_Dfct_P2_ID,Veh_Trvl_Dir_ID,First_Harm_Evt_Inv_ID,Sus_Serious_Injry_Cnt,Nonincap_Injry_Cnt,Poss_Injry_Cnt,Non_Injry_Cnt,Unkn_Injry_Cnt,Tot_Injry_Cnt,Death_Cnt,Cmv_Disabling_Damage_Fl,Cmv_Bus_Type_ID,Trlr_GVWR,Trlr_RGVW,Trlr_Type_ID,Trlr_Disabling_Dmag_ID,Cmv_Intermodal_Container_Permit_Fl,CMV_Actual_Gross_Weight
16870096,1,1,N,N,43,3GCPCSEC8HG516506,2017,21,107,658,30,N,78744,1,2,1,1,12,,,,N,,,N,,,,,,,,,,,,,,,,,,,,,,19,,,,,,,,,,8,1,0,0,0,3,0,0,0,,,,,,,,
16870096,2,1,N,N,43,1C4PJLCS3HW663324,2017,11,429,970,69,N,78754,1,2,5,0,6,,,,N,,,N,,,,,,,,,,,,,,,,,,,,,,0,,,,,,,,,,8,1,0,0,2,0,0,2,0,,,,,,,,
16870097,1,1,N,N,43,1TD56616B66937500,2006,17,107,60,104,N,78753,1,1,2,4,12,,,,N,ATX-VIP TOWING SERVICES,9414 NORTH CREEK DR.,N,,,,,,,,,,,,,,,,,,,,,,0,,,,,,,,,,3,1,0,0,0,2,0,0,0,,,,,,,,
16870097,2,1,N,N,43,JT2BG22K1Y0475160,2000,1,91,178,104,N,78753,1,1,2,2,12,,,,N,,,N,,,,,,,,,,,,,,,,,,,,,,0,,,,,,,,,,5,1,0,0,0,1,0,0,0,,,,,,,,
16870098,1,1,N,N,43,5NPDH4AE5EH512942,2014,21,45,480,104,N,78750,1,2,2,3,12,,,,Y,AUS-TEX AUTO ENTERPRISES LLC,AUS-TEX AUTO ENTERPRISES LLC,N,,,,,,,,,,,,,,,,,,,,,,44,,,,,,,,,,8,1,0,0,0,1,0,0,0,,,,,,,,
16870098,2,1,N,N,43,JM3KE2DE5D0147519,2013,2,63,2471,104,N,78602,1,2,6,1,6,,,,N,NOT TOWED,NOT TOWED,N,,,,,,,,,,,,,,,,,,,,,,0,,,,,,,,,,8,1,0,0,0,1,0,0,0,,,,,,,,
16870099,1,1,N,N,43,1FAHP3FN7BW164709,2001,17,37,696,104,N,78759,1,2,12,3,3,,,,N,620 LAKESIDE TOWING,620 LAKESIDE TOWING,N,,,,,,,,,,,,,,,,,,,,,,0,,,,,,,,,,7,1,0,0,0,1,0,0,0,,,,,,,,
16870099,2,1,N,N,43,1J4RR4GG8BC527741,2011,17,429,970,69,N,78746,1,2,4,1,12,,,,N,,,N,,,,,,,,,,,,,,,,,,,,,,37,,,,,,,,,,3,1,0,0,0,1,0,0,0,,,,,,,,
16870100,1,1,N,N,43,1HGCV1F96JA187431,2018,5,44,236,104,N,78757,1,2,9,3,9,,,,N,ARMADA TOWING,ARMADA TOWING,N,,,,,,,,,,,,,,,,,,,,,,34,,,,,,,,,,1,1,0,0,0,1,0,0,0,,,,,,,,
16870100,2,1,N,N,43,KNMAT2MT4HP609641,2017,17,71,1310,69,N,78660,1,2,2,3,12,,,,N,STARS TOWING,STARS TOWING,N,,,,,,,,,,,,,,,,,,,,,,0,,,,,,,,,,3,1,0,0,0,2,0,0,0,,,,,,,,
16870107,1,1,N,N,43,3TMJU62N06M016385,2006,11,91,629,30,N,78741,1,2,13,6,9,,,,N,ROCHAS TOWING SERVICE,ROCHAS TOWING SERVICE,N,,,,,,,,,,,,,,,,,,,,,,37,,,,,,,,,,5,1,0,0,0,2,0,0,0,,,,,,,,
16870107,2,1,N,N,43,5J6TF1H53EL001192,2014,9,44,2368,104,N,,1,2,2,6,,,,,N,ROCHAS TOWING SERVICE,ROCHAS TOWING SERVICE,N,,,,,,,,,,,,,,,,,,,,,,0,,,,,,,,,,7,1,0,0,0,1,0,0,0,,,,,,,,
16870108,1,1,N,N,43,JT6HF10U3Y0155865,2000,17,58,429,104,N,78734,1,2,11,3,12,,,,Y,EZ AUTO AND TOWING SERVICE,,N,,,,,,,,,,,,,,,,,,,,,,34,,,,,,,,,,1,1,0,0,0,3,0,0,0,,,,,,,,
16870108,2,1,N,N,43,1NXBR32E28Z941247,2008,16,91,173,104,N,78728,1,2,2,3,12,,,,N,NONE,,N,,,,,,,,,,,,,,,,,,,,,,0,,,,,,,,,,3,1,0,0,0,1,0,0,0,,,,,,,,
16870109,1,1,N,N,43,1FMYU93136KB08069,2006,17,37,711,104,N,78664,1,1,2,3,12,6,0,6,N,ARMADA TOWING,ARMADA TOWING,N,,,,,,,,,,,,,,,,,,,,,,20,,,,,,,,,,5,1,0,0,0,1,0,0,0,,,,,,,,
16870109,2,1,N,N,43,SALMF1D49BA346055,2011,21,57,1298,69,N,78681,1,1,6,1,6,,,,N,,,N,,,,,,,,,,,,,,,,,,,,,,0,,,,,,,,,,5,1,0,0,1,0,0,1,0,,,,,,,,
16870109,3,1,N,N,43,JN8AZ18U99W028420,2009,21,71,777,69,N,78613,1,1,2,1,12,,,,N,,,N,,,,,,,,,,,,,,,,,,,,,,0,,,,,,,,,,5,2,0,0,0,1,0,0,0,,,,,,,,
16870245,1,1,N,N,43,1FTEW1CF5GKE13153,2016,2,37,2324,30,N,78610,1,2,1,1,12,,,,N,,,N,,,,,,,,,,,,,,,,,,,,,,36,,,,,,,,,,3,1,0,0,0,3,0,0,0,,,,,,,,
16870245,2,4,,,,,,,,,,,,,,,,,,,,,,,,,,,,,,,,,,,,,,,,,,,,,0,,,,,,,,,,9,1,1,0,0,0,0,1,0,,,,,,,,
16871137,1,1,N,N,43,WMWXM5C55F3A97131,2015,,115,1564,104,N,,1,1,2,6,12,,,,,620 LAKESIDE TOWING,620 LAKESIDE TOWING,N,,,,,,,,,,,,,,,,,,,,,,0,,,,,,,,,,11,1,0,0,0,1,0,0,0,,,,,,,,
16871137,2,1,N,N,43,JM3TCADY5G0121571,2016,,63,1009,69,N,,1,1,6,3,7,,,,N,,,N,,,,,,,,,,,,,,,,,,,,,,0,,,,,,,,,,11,1,0,0,0,1,0,0,0,,,,,,,,
16871138,1,1,N,N,43,2A8GP54LX7R331480,2007,21,21,64,103,N,78641,1,1,2,3,12,,,,Y,EZ AUTO AND TOWING SERVICE,EZ AUTO AND TOWING SERVICE,N,,,,,,,,,,,,,,,,,,,,,,20,,,,,,,,,,5,1,0,0,0,1,0,0,0,,,,,,,,
16871138,2,1,N,N,43,3N1AB7APXEY274261,2014,2,71,341,104,N,78753,1,1,5,1,6,,,,N,,,N,,,,,,,,,,,,,,,,,,,,,,0,,,,,,,,,,5,1,0,0,0,2,0,0,0,,,,,,,,
16871139,1,1,N,Y,43,1G6KD5E66BU149020,2011,21,106,,104,N,78723,2,,1,4,12,,,,,AUSTEX,AUS-TEX AUTO ENTERPRISES LLC,N,,,,,,,,,,,,,,,,,,,,,,22,,,,,,,,,,11,1,0,0,0,0,1,0,0,,,,,,,,
16871140,1,1,N,N,43,19XFC2F6XKE004219,2019,21,44,256,104,N,78758,1,1,15,5,9,,,,Y,ARMADA TOWING,ARMADA TOWING,N,,,,,,,,,,,,,,,,,,,,,,20,,,,,,,,,,1,1,0,1,0,0,0,1,0,,,,,,,,
16871140,2,1,N,N,43,1ZVFT84N575315585,2007,21,37,96,104,N,78753,1,1,2,5,12,,,,Y,ROCHAS TOWING SERVICE,ROCHAS TOWING SERVICE,N,,,,,,,,,,,,,,,,,,,,,,0,,,,,,,,,,3,1,0,1,0,0,0,1,0,,,,,,,,
16871141,1,1,N,N,43,1HTMPAFM67H499902,2007,21,48,3586,106,N,79901,1,2,6,0,6,,,,N,OWNER,OWNER,Y,Y,N,N,2,2,79922,5,20000,0,N,,,,,3,13,,,,,,3,20,,,,,,,,,7,1,0,0,0,2,0,0,0,N,0,,,,,N,
16871141,2,1,N,N,43,1FMCU0GD5HUC78113,2017,3,37,711,69,N,77407,1,2,2,5,12,,,,N,ROCHAS TOWING SERVICE,ROCHAS TOWING SERVICE,N,,,,,,,,,,,,,,,,,,,,,,0,,,,,,,,,,3,1,0,0,0,4,0,0,0,,,,,,,,
16871142,1,1,N,Y,43,3GCUKREC7JG184482,2018,17,107,658,30,N,78633,3,2,11,1,9,,,,N,,,N,,,,,,,,,,,,,,,,,,,,,,4,,,,,,,,,,5,1,0,0,0,0,1,0,0,,,,,,,,
16871142,2,1,N,N,43,5FNRL5H67BB078302,2011,3,44,571,103,N,78723,1,2,4,2,2,,,,N,,,N,,,,,,,,,,,,,,,,,,,,,,0,,,,,,,,,,5,1,0,1,0,0,0,1,0,,,,,,,,
16871144,1,1,N,N,43,1FTRX12W76NA88499,2006,3,37,2324,30,N,78759,1,1,15,4,9,,,,Y,,,N,,,,,,,,,,,,,,,,,,,,,,20,,,,,,,,,,3,1,0,0,0,2,0,0,0,,,,,,,,
16871145,1,1,N,N,43,2HKRM3H56FH506943,2015,,44,605,104,N,78756,1,2,10,3,3,,,,N,,,N,,,,,,,,,,,,,,,,,,,,,,4,,,,,,,,,,5,1,0,0,0,1,0,0,0,,,,,,,,
16871145,2,1,N,N,43,1G1RA6E44DU107045,2013,,107,2257,104,N,78757,1,2,11,6,10,,,,N,620 LAKESIDE TOWING,620 LAKESIDE TOWING,N,,,,,,,,,,,,,,,,,,,,,,0,,,,,,,,,,5,1,0,0,0,1,0,0,0,,,,,,,,
16871146,1,1,N,Y,43,2G4WS52J741313737,2004,1,105,25,104,N,76574,1,1,12,6,3,11,4,10,N,A-TEX TOWING,5526 1/2 W HWY 290,N,,,,,,,,,,,,,,,,,,,,,,,,,67,,,,,,,1,1,0,0,0,0,1,0,0,,,,,,,,
16871147,1,1,N,N,26,1FTFW1ET0DFC58541,2013,21,37,2324,30,N,78130,2,,15,4,12,,,,N,EZ AUTO AND TOWING SERVICE,EZ AUTO AND TOWING SERVICE,N,,,,,,,,,,,,,,,,,,,,,,74,,,,,,,,,,11,1,0,0,0,1,0,0,0,,,,,,,,
16871147,2,1,N,N,43,3N1CN7AP6EL844981,2014,9,71,1452,104,N,78729,3,1,15,2,12,,,,N,,,N,,,,,,,,,,,,,,,,,,,,,,0,,,,,,,,,,11,2,0,0,0,1,0,0,0,,,,,,,,
16871148,1,1,N,N,43,4T1B11HKXJU618904,2018,3,91,173,104,N,78660,1,1,2,7,,,,,N,A-TEX TOWING,5526 1/2 W HWY 290,N,,,,,,,,,,,,,,,,,,,,,,0,,,,,,,,,,11,1,0,0,1,0,0,1,0,,,,,,,,
16871150,1,1,N,N,43,5NPDH4AE7GH750827,2016,,45,480,104,N,78753,1,1,16,3,3,,,,N,,,N,,,,,,,,,,,,,,,,,,,,,,0,,,,,,,,,,3,1,0,0,0,1,0,0,0,,,,,,,,
16871150,2,1,N,N,43,1HGCP26469A008112,2009,,44,236,104,N,78653,1,1,2,5,11,,,,N,,,N,,,,,,,,,,,,,,,,,,,,,,0,,,,,,,,,,7,1,0,0,0,1,0,0,0,,,,,,,,
16871151,1,1,N,Y,43,4A3AE45G44E043412,2004,9,68,342,100,N,78749,1,1,2,4,12,,,,Y,STARS TOWING,STARS TOWING,N,,,,,,,,,,,,,,,,,,,,,,74,,,,,,,,,,1,1,0,0,0,0,1,0,0,,,,,,,,
16871151,2,1,N,N,43,1G1PC5SH1C7376734,2012,2,107,2209,104,N,75035,1,1,8,4,5,,,,Y,ROCHAS TOWING SERVICE,ROCHAS TOWING SERVICE,N,,,,,,,,,,,,,,,,,,,,,,0,,,,,,,,,,1,1,0,1,0,0,0,1,0,,,,,,,,
16871152,1,1,N,N,43,1FTEW1CM6DKG46825,2013,2,37,2324,30,N,78758,1,1,7,2,4,,,,N,,,N,,,,,,,,,,,,,,,,,,,,,,3,,,,,,,,,,11,1,0,0,0,1,0,0,0,,,,,,,,
16871152,2,1,N,N,43,5N1AT2MT2JC729642,2017,2,71,1310,104,N,78727,1,1,4,2,10,,,,N,ROCHAS TOWING SERVICE,ROCHAS TOWING SERVICE,N,,,,,,,,,,,,,,,,,,,,,,0,,,,,,,,,,11,1,0,0,1,1,0,1,0,,,,,,,,
16871153,1,1,N,N,43,3GCEC13J88G239178,2008,21,107,658,30,N,78721,1,1,4,4,10,13,2,4,Y,ROCHAS TOWING SERVICE,ROCHAS TOWING SERVICE,N,,,,,,,,,,,,,,,,,,,,,,74,,,,,,,,,,1,1,0,1,0,0,0,1,0,,,,,,,,
16871153,2,1,N,N,43,JTDKDTB33C1003558,2012,3,91,178,104,N,78721,1,1,7,5,6,2,4,12,Y,MR EAST TOWING,MR EAST TOWING,N,,,,,,,,,,,,,,,,,,,,,,0,,,,,,,,,,1,1,0,1,0,0,0,1,0,,,,,,,,
16871153,3,1,Y,N,43,5N1AR2MN6GC642996,2016,9,71,531,69,N,78703,1,1,13,3,7,,,,Y,ATX-VIP TOWING SERVICES,ATX-VIP TOWING SERVICES,N,,,,,,,,,,,,,,,,,,,,,,0,,,,,,,,,,1,2,0,0,0,0,0,0,0,,,,,,,,
16871153,4,1,Y,N,43,3GNEC16Z62G181135,2002,18,107,2203,69,N,78721,1,1,3,3,11,,,,Y,ATX-VIP TOWING SERVICES,ATX-VIP TOWING SERVICES,N,,,,,,,,,,,,,,,,,,,,,,0,,,,,,,,,,5,2,0,0,0,0,0,0,0,,,,,,,,
16871154,1,1,N,N,43,2G1FA1E34D9218849,2013,2,107,46,100,N,78620,1,2,11,4,9,,,,Y,ROCHAS TOWING SERVICE,ROCHAS TOWING SERVICE,N,,,,,,,,,,,,,,,,,,,,,,24,63,,78,,,,,,,5,1,0,0,1,0,0,1,0,,,,,,,,
16871154,2,1,N,N,43,2GCEC19W511363118,2001,9,107,2202,30,N,78744,1,2,11,3,9,15,2,9,Y,EZ AUTO AND TOWING SERVICE,EZ AUTO AND TOWING SERVICE,N,,,,,,,,,,,,,,,,,,,,,,0,,,,,,,,,,7,1,0,0,0,1,0,0,0,,,,,,,,
16871155,1,1,N,N,43,JTMRJREV7JD244946,2018,21,91,581,104,N,78729,1,1,6,2,4,,,,N,,,N,,,,,,,,,,,,,,,,,,,,,,0,,,,,,,,,,5,2,0,0,0,1,0,0,0,,,,,,,,
16871155,2,1,N,N,43,1GKEC13T41J143204,2001,1,39,479,104,N,78717,1,1,16,3,,2,2,11,N,620 LAKESIDE TOWING,620 LAKESIDE TOWING,N,,,,,,,,,,,,,,,,,,,,,,0,,,,,,,,,,5,1,0,0,0,1,0,0,0,,,,,,,,
16871156,1,1,N,N,43,2T1CF22P0XC141068,1999,,91,686,104,N,78753,1,1,2,7,12,,,,N,STARS TOWING,STARS TOWING,N,,,,,,,,,,,,,,,,,,,,,,0,,,,,,,,,,11,1,0,0,0,1,0,0,0,,,,,,,,
16871156,2,1,N,N,43,2C4RDGBGXFR530120,2015,,109,1115,103,N,78753,1,1,6,4,6,2,4,12,N,,,N,,,,,,,,,,,,,,,,,,,,,,0,,,,,,,,,,11,1,0,0,0,1,0,0,0,,,,,,,,
16871156,3,1,N,N,43,1C4NJCBA7CD632565,2012,,429,983,69,N,78753,1,1,8,2,6,,,,N,,,N,,,,,,,,,,,,,,,,,,,,,,0,,,,,,,,,,11,2,0,0,0,1,0,0,0,,,,,,,,
16871195,1,1,N,N,43,1GTN1LEC9JZ253533,2018,21,39,2356,30,N,,2,,,,,,,,N,DRIVEN AWAY,DRIVEN AWAY,N,,,,,,,,,,,,,,,,,,,,,,50,,,,,,,,,,1,2,0,0,0,1,0,0,0,,,,,,,,
16871195,2,6,,,,,,,,,,,,,,,,,,,,,,,,,,,,,,,,,,,,,,,,,,,,,0,,,,,,,,,,9,2,0,0,0,0,0,0,0,,,,,,,,
16871195,3,1,N,N,43,JM3TB2DA0E0442250,2014,21,63,1009,104,N,76574,1,2,2,3,12,,,,N,PRONTO WRECKER SERVICE NORTH,PRONTO WRECKER SERVICE NORTH,N,,,,,,,,,,,,,,,,,,,,,,0,,,,,,,,,,1,1,0,0,0,1,0,0,0,,,,,,,,
16871196,1,1,N,N,43,1FM5K8F89GGC51608,2016,16,37,554,104,N,78660,1,2,2,2,12,,,,N,DRIVEN FROM SCENE,DRIVEN FROM SCENE,N,,,,,,,,,,,,,,,,,,,,,,20,,,22,,,,,,,1,1,0,0,0,1,0,0,0,,,,,,,,
16871196,2,1,N,N,43,3FA6P0UU7JR142033,2018,17,37,1097,104,N,78234,1,2,6,3,6,,,,N,DRIVEN FROM SCENE,DRIVEN FROM SCENE,N,,,,,,,,,,,,,,,,,,,,,,0,,,,,,,,,,1,1,0,0,0,2,0,0,0,,,,,,,,
16871197,1,1,N,N,43,5N1AR18B49C606723,2009,17,71,531,69,N,78750,1,2,2,2,12,,,,N,,,N,,,,,,,,,,,,,,,,,,,,,,22,,,,,,,,,,7,1,0,0,0,1,0,0,0,,,,,,,,
16871197,2,1,N,N,43,JTEGD20V640020880,2004,2,91,581,69,N,78730,1,2,6,1,6,,,,N,,,N,,,,,,,,,,,,,,,,,,,,,,0,,,,,,,,,,7,1,0,0,1,0,0,1,0,,,,,,,,
16871198,1,1,N,N,43,1FAHP35N29W103280,2009,3,37,696,104,N,78641,1,2,1,5,12,,,,N,LAKESIDE TOWING,"12400 ANDERSON MILL RD, AUSTIN, 78726",N,,,,,,,,,,,,,,,,,,,,,,22,20,,,,,,,,,4,1,0,0,0,1,0,0,0,,,,,,,,
16871198,2,1,N,N,43,4T4BF3EK2BR087531,2011,16,91,380,104,N,78602,1,2,5,2,6,,,,N,NA,NA,N,,,,,,,,,,,,,,,,,,,,,,0,,,,,,,,,,4,1,0,0,1,0,0,1,0,,,,,,,,
16871199,1,1,N,N,43,2C3CDXBG9CH202425,2012,17,109,74,104,N,78681,3,2,1,4,12,,,,N,620 LAKESIDE TOWING,620 LAKESIDE TOWING,N,,,,,,,,,,,,,,,,,,,,,,32,,,,,,,,,,5,1,0,0,0,1,0,0,0,,,,,,,,
16871199,2,1,N,N,43,3C7WRKCL9HG727942,2017,22,710,2522,9,N,78702,1,7,4,3,12,,,,N,AUS-TEX AUTO ENTERPRISES LLC,AUS-TEX AUTO ENTERPRISES LLC,N,,,,,,,,,,,,,,,,,,,,,,0,,,,,,,,,,7,1,0,0,0,2,0,0,0,,,,,,,,
16871200,1,1,N,Y,43,1FTRX08L4XKB80325,1999,21,37,2324,30,N,78282,2,,4,3,1,17,3,12,N,EZ AUTO AND TOWING SERVICE,EZ AUTO AND TOWING SERVICE,N,,,,,,,,,,,,,,,,,,,,,,20,44,67,45,,,,,,,5,1,0,1,0,0,0,1,0,,,,,,,,
16871200,2,1,N,N,43,1N4BL4DV6KC158749,2019,2,71,500,104,N,76542,1,1,7,2,7,3,2,11,N,EZ AUTO AND TOWING SERVICE,EZ AUTO AND TOWING SERVICE,N,,,,,,,,,,,,,,,,,,,,,,0,,,,,,,,,,5,1,0,0,1,0,0,1,0,,,,,,,,
16871200,3,1,N,N,36,1C4AJWBG2GL313641,2016,3,429,1464,69,N,73703,1,1,4,2,1,,,,N,,,N,,,,,,,,,,,,,,,,,,,,,,0,,,,,,,,,,3,2,0,0,0,1,0,0,0,,,,,,,,
16871201,1,1,N,N,43,1FTNE1EW8DDA23535,2013,,37,814,103,N,78758,1,1,13,2,8,,,,N,,,N,,,,,,,,,,,,,,,,,,,,,,20,,,,,,,,,,7,1,0,0,0,1,0,0,0,,,,,,,,
16871201,2,1,N,N,43,1NXBR32E08Z979818,2008,21,91,173,104,N,TX,1,1,2,4,12,,,,N,ROCHAS TOWING SERVICE,ROCHAS TOWING SERVICE,N,,,,,,,,,,,,,,,,,,,,,,0,,,,,,,,,,5,1,0,0,1,1,0,1,0,,,,,,,,
16871202,1,1,N,N,46,1FMCU4K35BKA52680,2011,2,37,711,104,N,78704,1,2,2,1,12,,,,N,,,N,,,,,,,,,,,,,,,,,,,,,,22,,,,,,,,,,1,1,0,0,0,1,0,0,0,,,,,,,,
16871202,2,1,N,N,43,3N1CN7AP7FL929698,2015,2,71,1452,104,N,78641,1,2,5,1,6,1,1,12,N,,,N,,,,,,,,,,,,,,,,,,,,,,0,,,,,,,,,,1,1,0,0,0,1,0,0,0,,,,,,,,
16871202,3,1,N,N,43,KNADN5A34D6154090,2013,16,55,1307,104,N,78741,1,2,5,1,6,,,,N,,,N,,,,,,,,,,,,,,,,,,,,,,0,,,,,,,,,,1,2,0,0,0,1,0,0,0,,,,,,,,
16871203,1,1,N,N,43,JTDKN3DU3E1745917,2014,21,91,702,104,N,78108,1,2,2,3,12,,,,N,MR EAST TOWING,MR EAST TOWING,N,,,,,,,,,,,,,,,,,,,,,,22,,,,,,,,,,1,1,0,0,0,1,0,0,0,,,,,,,,
16871203,2,1,N,N,43,JTJYARBZ8J2085656,2018,17,58,3884,69,N,78664,2,,6,2,6,,,,N,AVILES & GABES WRECKER SERVICE INC.,AVILES & GABES WRECKER SERVICE INC.,N,,,,,,,,,,,,,,,,,,,,,,0,,,,,,,,,,1,1,0,1,0,0,0,1,0,,,,,,,,
16871205,1,1,N,N,43,4A3AA46G82E115459,2002,9,68,392,104,N,78666,1,1,2,3,12,,,,N,EZ AUTO AND TOWING SERVICE,EZ AUTO AND TOWING SERVICE,N,,,,,,,,,,,,,,,,,,,,,,20,,,,,,,,,,8,1,0,0,0,1,0,0,0,,,,,,,,
16871205,2,1,N,N,43,2CTALBEW4A6314820,2010,2,39,1392,69,N,78753,1,1,5,3,6,,,,N,,,N,,,,,,,,,,,,,,,,,,,,,,0,,,,,,,,,,8,1,0,0,0,1,0,0,0,,,,,,,,
16871206,1,1,N,N,30,1GTW7AFF1H1907076,2017,21,39,478,103,N,78741,1,1,3,3,3,,,,N,EZ AUTO AND TOWING SERVICE,,N,,,,,,,,,,,,,,,,,,,,,,20,,,,,,,,,,7,1,0,0,0,1,0,0,0,,,,,,,,
16871206,2,1,N,N,43,1FTEW1CM1CKD68138,2012,3,37,2324,30,N,78735,1,1,14,1,3,,,,N,,,N,,,,,,,,,,,,,,,,,,,,,,0,,,,,,,,,,1,1,0,0,0,2,0,0,0,,,,,,,,
16871207,1,1,N,Y,,,,,,,0,N,,,,,,,,,,,,,N,,,,,,,,,,,,,,,,,,,,,,36,,,,,,,,,,11,1,0,0,0,0,1,0,0,,,,,,,,
16871207,2,4,,,,,,,,,,,,,,,,,,,,,,,,,,,,,,,,,,,,,,,,,,,,,0,,,,,,,,,,9,1,0,1,0,0,0,1,0,,,,,,,,
16871208,1,1,N,N,43,1G6DM57T270144777,2007,21,106,728,104,N,,1,1,2,3,12,,,,N,OWN WRECKER,UNKNOWN,N,,,,,,,,,,,,,,,,,,,,,,22,,,,,,,,,,5,1,0,0,1,0,0,1,0,,,,,,,,
16871208,2,1,Y,N,43,2T1BU4EE3CC774908,2012,8,91,173,104,N,78758,1,1,6,3,6,,,,N,,,N,,,,,,,,,,,,,,,,,,,,,,0,,,,,,,,,,5,1,0,0,0,0,0,0,0,,,,,,,,
16871209,1,1,N,N,43,5N1AR2MN4EC610237,2014,1,71,531,69,N,78741,1,1,3,4,11,,,,N,,,N,,,,,,,,,,,,,,,,,,,,,,0,,,,,,,,,,7,1,0,0,0,1,0,0,0,,,,,,,,
16871209,2,1,N,N,2,5NPEC4AC8BH022153,2011,3,45,462,104,N,72211,1,2,4,4,1,,,,Y,ROCHAS TOWING SERVICE,ROCHAS TOWING SERVICE,N,,,,,,,,,,,,,,,,,,,,,,37,,,,,,,,,,3,1,0,1,0,2,0,1,0,,,,,,,,
16871210,1,1,N,N,43,JTEBU5JRXF5220731,2015,16,91,395,69,N,78336,1,2,14,2,3,3,2,11,Y,STARS TOWING,STARS TOWING,N,,,,,,,,,,,,,,,,,,,,,,,,,4,,,,,,,6,1,0,0,1,0,0,1,0,,,,,,,,
16871210,2,1,N,N,43,2T3WFREV5FW209885,2015,9,91,581,69,N,77099,1,2,15,2,9,,,,N,,,N,,,,,,,,,,,,,,,,,,,,,,0,,,,,,,,,,6,1,0,0,0,1,0,0,0,,,,,,,,
16871211,1,1,N,N,43,3AKJGEDV8FSGB7443,2015,21,38,1524,106,N,77092,1,1,,,,,,,N,,,Y,Y,N,N,1,2,30269,5,0,80000,N,,,,,5,13,,,,,,3,,,20,,,,,,,7,1,0,0,0,1,0,0,0,N,0,,,,,N,
16871211,2,6,,,,,,,,,,,04348,,,,,,,,,,,,,,,,,,,,,,,,,,,,,,,,,,0,,,,,,,,,,9,2,0,0,0,0,0,0,0,,,0,80000,2,N,,
16871211,3,1,N,N,43,1FADP3K2XEL157561,2014,2,37,696,104,N,78634,1,1,2,2,12,,,,N,ARMADA TOWING,ARMADA TOWING,N,,,,,,,,,,,,,,,,,,,,,,0,,,,,,,,,,3,1,0,0,0,2,0,0,0,,,,,,,,
16871212,1,1,N,N,43,1G11B5SL1FF147297,2015,2,107,56,104,N,78643,1,2,2,4,12,,,,N,SPECIAL AUTOMOTIVE SERVICE INC,SPECIAL AUTOMOTIVE SERVICE INC,N,,,,,,,,,,,,,,,,,,,,,,20,,,,,,,,,,11,1,0,0,0,1,0,0,0,,,,,,,,
16871212,2,1,N,N,43,5N1AT2MT7FC818825,2015,2,71,1310,69,N,78759,1,2,5,2,6,,,,N,,,N,,,,,,,,,,,,,,,,,,,,,,0,,,,,,,,,,11,1,0,0,0,1,0,0,0,,,,,,,,
16871212,3,1,N,N,43,JTDKN3DU5D5642666,2013,21,91,702,104,N,78704,1,2,6,0,6,,,,N,,,N,,,,,,,,,,,,,,,,,,,,,,0,,,,,,,,,,11,2,0,0,0,1,0,0,0,,,,,,,,
16871213,1,1,N,N,43,1C4PJMBS2EW255402,2014,9,429,970,0,N,76904,1,1,2,2,12,,,,N,ARMADA TOWING,ARMADA TOWING,N,,,,,,,,,,,,,,,,,,,,,,20,,,,,,,,,,11,1,0,0,0,0,1,0,0,,,,,,,,
16871213,2,1,N,N,43,5XXGR4A72EG270604,2014,3,55,715,0,N,78750,3,1,6,7,6,,,,N,620 LAKESIDE TOWING,620 LAKESIDE TOWING,N,,,,,,,,,,,,,,,,,,,,,,0,,,,,,,,,,11,1,0,0,0,0,1,0,0,,,,,,,,
16871214,1,1,N,N,43,1D7HA16D15J539637,2005,2,109,2275,30,N,78617,1,1,3,1,12,,,,N,620 LAKESIDE TOWING,620 LAKESIDE TOWING,N,,,,,,,,,,,,,,,,,,,,,,0,,,,,,,,,,3,1,0,0,0,1,0,0,0,,,,,,,,