Crash_ID,Unit_Nbr,Unit_Desc_ID,Veh_Parked_Fl,Veh_HNR_Fl,Veh_Lic_State_ID,VIN,Veh_Mod_Year,Veh_Color_ID,Veh_Make_ID,Veh_Mod_ID,Veh_Body_Styl_ID,Emer_Respndr_Fl,Ownr_Zip,Fin_Resp_Proof_ID,Fin_Resp_Type_ID,Veh_Dmag_Area_1_ID,Veh_Dmag_Scl_1_ID,Force_Dir_1_ID,Veh_Dmag_Area_2_ID,Veh_Dmag_Scl_2_ID,Force_Dir_2_ID,Veh_Inventoried_Fl,Veh_Transp_Name,Veh_Transp_Dest,Veh_Cmv_Fl,Cmv_Fiveton_Fl,Cmv_Hazmat_Fl,Cmv_Nine_Plus_Pass_Fl,Cmv_Veh_Oper_ID,Cmv_Carrier_ID_Type_ID,Cmv_Carrier_Zip,Cmv_Veh_Type_ID,Cmv_GVWR,Cmv_RGVW,Cmv_Hazmat_Rel_Fl,Hazmat_Cls_1_ID,Hazmat_IDNbr_1_ID,Hazmat_Cls_2_ID,Hazmat_IDNbr_2_ID,Cmv_Cargo_Body_ID,Cmv_Evnt1_ID,Cmv_Evnt2_ID,Cmv_Evnt3_ID,Cmv_Evnt4_ID,Cmv_Tot_Axle,Cmv_Tot_Tire,Contrib_Factr_1_ID,Contrib_Factr_2_ID,Contrib_Factr_3_ID,Contrib_Factr_P1_ID,Contrib_Factr_P2_ID,Veh_Dfct_1_ID,Veh_Dfct_2_ID,Veh_Dfct_3_ID,Veh_Dfct_P1_ID,Veh_Dfct_P2_ID,Veh_Trvl_Dir_ID,First_Harm_Evt_Inv_ID,Sus_Serious_Injry_Cnt,Nonincap_Injry_Cnt,Poss_Injry_Cnt,Non_Injry_Cnt,Unkn_Injry_Cnt,Tot_Injry_Cnt,Death_Cnt,Cmv_Disabling_Damage_Fl,Cmv_Bus_Type_ID,Trlr_GVWR,Trlr_RGVW,Trlr_Type_ID,Trlr_Disabling_Dmag_ID,Cmv_Intermodal_Container_Permit_Fl,CMV_Actual_Gross_Weight
16871214,2,1,N,N,43,1N4AL3AP4FC119188,2015,2,71,500,104,N,78641,1,1,15,2,9,,,,N,,,N,,,,,,,,,,,,,,,,,,,,,,0,,,,,,,,,,1,1,0,0,0,1,0,0,0,,,,,,,,
16871215,1,1,N,N,43,1FADP3L97JL233033,2018,3,37,696,104,N,78401,1,1,3,3,11,,,,N,620 LAKESIDE TOWING,620 LAKESIDE TOWING,N,,,,,,,,,,,,,,,,,,,,,,22,,,,,,,,,,5,1,0,0,0,1,0,0,0,,,,,,,,
16871216,1,1,N,N,43,5N1ED28T81C570537,2001,2,71,694,104,N,78758,1,1,2,1,12,,,,N,,,N,,,,,,,,,,,,,,,,,,,,,,0,,,,,,,,,,7,1,0,0,0,0,1,0,0,,,,,,,,
16871216,2,1,N,N,43,KNAGE123485213803,2008,21,55,611,104,N,77054,1,1,4,1,12,,,,Y,ROCHAS TOWING SERVICE,ROCHAS TOWING SERVICE,N,,,,,,,,,,,,,,,,,,,,,,0,,,,,,,,,,1,1,0,1,0,0,0,1,0,,,,,,,,
16871217,1,1,N,N,43,KM8NU13C08U031822,2008,3,45,377,104,N,78750,1,2,17,7,9,,,,Y,STARS TOWING,STARS TOWING,N,,,,,,,,,,,,,,,,,,,,,,0,,,,,,,,,,1,1,0,0,0,1,0,0,0,,,,,,,,
16871217,2,1,N,N,43,1N4AL11DX5N910905,2005,1,71,500,104,N,,1,2,3,7,11,,,,Y,ARMADA TOWING,ARMADA TOWING,N,,,,,,,,,,,,,,,,,,,,,,0,,,,,,,,,,1,2,0,1,0,4,0,1,0,,,,,,,,
16871218,1,1,N,N,43,1GKEC23359R158071,2009,2,39,479,69,N,78664,1,2,2,1,12,,,,N,,,N,,,,,,,,,,,,,,,,,,,,,,20,44,,,,,,,,,1,1,0,0,0,1,0,0,0,,,,,,,,
16871218,2,1,N,N,43,00000000838671027,2013,17,71,500,104,N,78758,1,2,6,5,6,,,,Y,AVILES & GABES WRECKER SERVICE INC.,AVILES & GABES WRECKER SERVICE INC.,N,,,,,,,,,,,,,,,,,,,,,,0,,,,,,,,,,1,1,0,0,0,2,0,0,0,,,,,,,,
16871219,1,1,N,N,43,1LNHM86S7YY872991,2000,17,113,670,104,N,78741,2,,4,3,1,,,,Y,EZ AUTO AND TOWING SERVICE,EZ AUTO AND TOWING SERVICE,N,,,,,,,,,,,,,,,,,,,,,,,,,20,,,,,,,7,1,0,0,0,1,0,0,0,,,,,,,,
16871219,2,1,N,N,43,4T3ZE11A29U012682,2009,9,91,1449,104,N,78610,1,1,3,3,11,,,,Y,SOUTHSIDE WRECKER INC,8200 S. CONGRESS AVE,N,,,,,,,,,,,,,,,,,,,,,,0,,,,,,,,,,5,1,0,0,0,1,0,0,0,,,,,,,,
16871248,1,1,N,N,43,JTMZK31V075015348,2007,21,91,581,69,N,78748,1,2,2,2,12,,,,N,,,N,,,,,,,,,,,,,,,,,,,,,,44,,,,,,,,,,5,1,0,0,0,2,0,0,0,,,,,,,,
16871248,2,1,N,N,43,JTJGK31U570002636,2007,21,58,1318,69,N,78662,1,2,6,2,6,,,,N,,,N,,,,,,,,,,,,,,,,,,,,,,0,,,,,,,,,,5,1,0,0,1,1,0,1,0,,,,,,,,
16871249,1,1,N,N,43,1FTPW14V97KB55038,2007,21,37,2324,30,N,78640,1,1,1,1,12,,,,N,ROCHAS TOWING SERVICE,ROCHAS TOWING SERVICE,N,,,,,,,,,,,,,,,,,,,,,,22,,,,,,,,,,6,1,0,0,0,2,0,0,0,,,,,,,,
16871249,2,1,N,N,43,1ZVBP8CF9E5228817,2014,2,37,96,100,N,78218,1,1,6,2,6,,,,N,HARPERS TOWING SERVICE INC,HARPERS TOWING SERVICE INC,N,,,,,,,,,,,,,,,,,,,,,,27,,,4,,,,,,,6,1,0,0,0,2,0,0,0,,,,,,,,
16871250,1,1,N,N,43,1FADP3F28DL262706,2013,16,37,696,104,N,76543,2,,2,4,12,,,,N,EZ AUTO AND TOWING SERVICE,EZ AUTO AND TOWING SERVICE,N,,,,,,,,,,,,,,,,,,,,,,,,,16,,,,,,,7,1,0,0,2,0,0,2,0,,,,,,,,
16871250,2,1,N,N,43,1FTEX15N3TKA31408,1996,21,37,2324,30,N,78725,1,1,11,4,10,,,,N,SPECIAL AUTOMOTIVE SERVICE INC,SPECIAL AUTOMOTIVE SERVICE INC,N,,,,,,,,,,,,,,,,,,,,,,,,,16,,,,,,,3,1,0,1,0,0,0,1,0,,,,,,,,
16871251,1,1,N,N,43,1FTWW31P65EA95311,2005,17,37,2326,30,N,78753,1,2,5,0,6,,,,N,DENVERS TOWING,OWNERS RESIDENCE/REQUEST,N,,,,,,,,,,,,,,,,,,,,,,0,,,,,,,,,,1,1,0,0,0,1,0,0,0,,,,,,,,
16871252,1,1,N,N,43,2T1BU4EE3BC747545,2011,16,91,173,104,N,77840,1,1,2,1,12,,,,Y,SPECIAL AUTOMOTIVE SERVICE INC,SPECIAL AUTOMOTIVE SERVICE INC,N,,,,,,,,,,,,,,,,,,,,,,47,,,,,,,,,,3,1,0,1,0,0,0,1,0,,,,,,,,
16871252,2,1,N,N,43,1GYS3KEF5CR270022,2012,2,106,657,104,N,78664,1,1,6,1,6,,,,N,,,N,,,,,,,,,,,,,,,,,,,,,,0,,,,,,,,,,3,1,0,0,0,1,0,0,0,,,,,,,,
16871253,1,1,N,N,43,4T1BE32K04U890097,2004,17,91,380,104,N,78744,2,,3,4,11,,,,N,,,N,,,,,,,,,,,,,,,,,,,,,,37,,,,,,,,,,3,1,0,0,0,1,0,0,0,,,,,,,,
16871253,2,1,N,N,43,3FAHP07Z58R254520,2008,21,37,1097,104,N,78610,1,2,3,4,11,,,,Y,EZ AUTO AND TOWING SERVICE,EZ AUTO AND TOWING SERVICE,N,,,,,,,,,,,,,,,,,,,,,,0,,,,,,,,,,7,1,0,0,0,1,0,0,0,,,,,,,,
16871253,3,4,,,,,,,,,,,,,,,,,,,,,,,,,,,,,,,,,,,,,,,,,,,,,0,,,,,,,,,,9,2,0,0,0,1,0,0,0,,,,,,,,
16871254,1,1,N,N,43,5TFUW5F14DX273548,2013,2,91,687,30,N,78620,1,1,14,0,3,,,,N,OWNER,OWNER'S RESIDENCE,N,,,,,,,,,,,,,,,,,,,,,,0,,,,,,,,,,7,1,0,0,0,1,0,0,0,,,,,,,,
16871254,2,4,,,,,,,,,,,,,,,,,,,,,,,,,,,,,,,,,,,,,,,,,,,,,0,,,,,,,,,,9,1,1,0,0,0,0,1,0,,,,,,,,
16871255,1,1,N,N,43,1LNHM85W34Y613655,2004,17,113,335,104,N,79912,2,,3,5,11,,,,Y,AUS-TEX AUTO ENTERPRISES LLC,AUS-TEX AUTO ENTERPRISES LLC,N,,,,,,,,,,,,,,,,,,,,,,32,68,,,,,,,,,5,1,0,0,0,2,0,0,0,,,,,,,,
16871255,2,1,N,N,43,1FAHP2MK3JG106138,2018,2,37,101,105,Y,78702,4,,16,5,4,,,,Y,AUS-TEX AUTO ENTERPRISES LLC,CITY OF AUSTIN,N,,,,,,,,,,,,,,,,,,,,,,0,,,,,,,,,,5,1,1,0,0,0,0,1,0,,,,,,,,
16871255,3,1,N,N,43,1N6AD0ER6GN745846,2016,1,71,634,104,N,78109,1,2,9,2,8,,,,N,NOT TOWED,NOT TOWED,N,,,,,,,,,,,,,,,,,,,,,,0,,,,,,,,,,5,2,0,0,1,1,0,1,0,,,,,,,,
16871257,1,1,N,N,43,JM3TB3DA0E0437152,2014,2,63,1009,104,N,78729,1,2,2,1,12,,,,N,,,N,,,,,,,,,,,,,,,,,,,,,,20,,,,,,,,,,11,1,0,0,0,1,0,0,0,,,,,,,,
16871257,2,1,N,N,43,5TDKK3DC8ES493844,2014,10,91,648,104,N,78660,1,2,6,2,6,,,,N,,,N,,,,,,,,,,,,,,,,,,,,,,0,,,,,,,,,,11,1,0,1,0,0,0,1,0,,,,,,,,
16871262,1,1,N,Y,43,,2008,17,118,1104,104,N,78665,2,,11,4,9,15,2,9,Y,PRONTO WRECKER SERVICE NORTH,PRONTO WRECKER SERVICE NORTH,N,,,,,,,,,,,,,,,,,,,,,,4,,,20,,,,,,,8,1,0,0,0,1,0,0,0,,,,,,,,
16871262,2,1,N,N,43,2HGFC2F55GH540418,2016,16,44,256,104,N,78753,1,1,10,4,3,14,1,3,N,,,N,,,,,,,,,,,,,,,,,,,,,,0,,,,,,,,,,1,1,0,0,0,1,0,0,0,,,,,,,,
16871264,1,1,N,N,43,2HGFA16569H538471,2009,3,44,236,104,N,78733,1,1,1,6,12,,,,N,EZ AUTO AND TOWING SERVICE,1850 OAK HILL DR,N,,,,,,,,,,,,,,,,,,,,,,22,,,,,,,,,,7,1,0,0,0,1,0,0,0,,,,,,,,
16871265,1,1,N,N,43,KMHCT5AE0HU328241,2017,13,45,557,104,N,78664,1,1,2,5,,,,,,AVILES & GABES WRECKER SERVICE INC.,AVILES & GABES WRECKER SERVICE INC.,N,,,,,,,,,,,,,,,,,,,,,,0,,,,,,,,,,7,1,0,1,0,0,0,1,0,,,,,,,,
16871265,2,1,N,Y,,,,,107,249,69,N,,,,,,,,,,,,,N,,,,,,,,,,,,,,,,,,,,,,39,,,,,,,,,,1,1,0,0,0,0,1,0,0,,,,,,,,
16871266,1,1,N,Y,43,1FTPW14V86FB01155,2006,21,37,101,30,N,78752,2,,12,1,2,,,,N,,,N,,,,,,,,,,,,,,,,,,,,,,0,,,,,,,,,,4,1,0,0,0,0,1,0,0,,,,,,,,
16871266,2,1,Y,N,43,1FAFP34N05W235893,2005,2,37,696,104,N,78721,1,1,9,1,11,,,,N,,,N,,,,,,,,,,,,,,,,,,,,,,0,,,,,,,,,,8,1,0,1,0,0,0,1,0,,,,,,,,
16871267,1,1,N,N,43,2HGES26882H583314,2002,2,44,256,104,N,78744,1,1,11,5,9,,,,N,SOUTHSIDE WRECKER INC,8200 S. CONGRESS AVE,N,,,,,,,,,,,,,,,,,,,,,,15,20,,,,,,,,,7,1,0,0,0,1,0,0,0,,,,,,,,
16871267,2,1,N,N,43,3N1CE2CPXEL430442,2014,21,71,1452,104,N,77023,1,1,2,3,12,,,,N,ROCHAS TOWING SERVICE,ROCHAS TOWING SERVICE,N,,,,,,,,,,,,,,,,,,,,,,0,,,,,,,,,,5,1,0,0,0,1,0,0,0,,,,,,,,
16871268,1,1,N,N,43,YV1RS64A542390251,2004,17,98,723,104,N,78738,1,2,1,3,12,,,,N,ARMADA TOWING,OWNERS RESIDENCE/REQUEST,N,,,,,,,,,,,,,,,,,,,,,,44,,,,,,,,,,4,1,0,0,0,2,0,0,0,,,,,,,,
16871268,2,1,N,N,43,19XFB2F58EE015525,2014,,44,256,104,N,,1,2,6,5,6,,,,N,620 LAKESIDE TOWING,620 LAKESIDE TOWING,N,,,,,,,,,,,,,,,,,,,,,,0,,,,,,,,,,4,1,0,0,0,2,0,0,0,,,,,,,,
16871269,1,1,N,N,43,2T1BR32E76C709368,2006,3,91,173,104,N,78727,1,2,3,4,12,,,,N,STARS TOWING,STARS TOWING,N,,,,,,,,,,,,,,,,,,,,,,22,19,,,,,,,,,5,1,0,0,1,0,0,1,0,,,,,,,,
16871269,2,1,N,N,43,JTDKB20U583438766,2008,17,91,702,104,N,78745,2,,8,4,6,,,,N,PRONTO WRECKER SERVICE NORTH,PRONTO WRECKER SERVICE NORTH,N,,,,,,,,,,,,,,,,,,,,,,0,,,,,,,,,,5,1,0,0,0,1,0,0,0,,,,,,,,
16871270,1,1,N,N,43,2HGFG12698H511597,2008,3,44,256,104,N,78745,1,1,2,3,11,,,,N,,,N,,,,,,,,,,,,,,,,,,,,,,20,,,,,,,,,,1,1,0,0,0,1,0,0,0,,,,,,,,
16871270,2,1,N,N,43,KL8CK6S01GC551899,2016,17,107,2838,104,N,78745,1,1,12,6,2,,,,Y,ATX-VIP TOWING SERVICES,ATX-VIP TOWING SERVICES,N,,,,,,,,,,,,,,,,,,,,,,0,,,,,,,,,,1,1,0,0,1,0,0,1,0,,,,,,,,
16871271,1,1,N,N,43,1G1JA5SH4D4148774,2013,3,107,2243,104,N,78729,1,1,15,3,10,,,,N,ARMADA TOWING,ARMADA TOWING,N,,,,,,,,,,,,,,,,,,,,,,34,,,,,,,,,,5,1,0,1,0,0,0,1,0,,,,,,,,
16871271,2,1,N,N,43,JF2GPABC1HH223329,2017,21,85,168,104,N,77550,1,1,6,3,6,,,,N,,,N,,,,,,,,,,,,,,,,,,,,,,0,,,,,,,,,,7,1,0,0,0,1,0,0,0,,,,,,,,
16871273,1,1,N,N,43,1FMJU1KT2GEF28024,2016,2,37,554,69,N,78727,1,1,2,4,12,,,,N,INTERSTATE CHAPARRAL TOWING INC.,INTERSTATE CHAPARRAL TOWING INC.,N,,,,,,,,,,,,,,,,,,,,,,20,,,,,,,,,,1,1,0,1,0,0,0,1,0,,,,,,,,
16871273,2,1,N,N,43,4JGDA5JBXHA975974,2017,21,65,118,69,N,78717,1,1,2,4,6,2,4,12,N,620 LAKESIDE TOWING,620 LAKESIDE TOWING,N,,,,,,,,,,,,,,,,,,,,,,0,,,,,,,,,,1,1,0,4,0,0,0,4,0,,,,,,,,
16871273,3,1,N,N,43,1N6BA07D79N313283,2009,2,71,1397,30,N,78613,1,1,6,4,6,,,,N,620 LAKESIDE TOWING,620 LAKESIDE TOWING,N,,,,,,,,,,,,,,,,,,,,,,0,,,,,,,,,,1,2,0,1,0,4,0,1,0,,,,,,,,
16871273,4,1,N,N,43,3GNCJKSBXJL227888,2018,2,107,2248,69,N,78613,1,1,2,4,12,15,3,9,N,PRONTO WRECKER SERVICE NORTH,PRONTO WRECKER SERVICE NORTH,N,,,,,,,,,,,,,,,,,,,,,,0,,,,,,,,,,1,2,0,2,0,0,0,2,0,,,,,,,,
16871273,5,1,N,N,43,1FTEX15Y9RKC03573,1994,10,37,2324,30,N,78613,1,1,11,4,10,,,,N,STARS TOWING,STARS TOWING,N,,,,,,,,,,,,,,,,,,,,,,0,,,,,,,,,,1,2,0,1,0,0,0,1,0,,,,,,,,
16871274,1,1,N,N,43,1FMYU03134KA81531,2004,9,37,711,104,N,78754,1,1,5,0,6,,,,N,,,N,,,,,,,,,,,,,,,,,,,,,,0,,,,,,,,,,3,1,0,0,0,1,0,0,0,,,,,,,,
16871274,2,4,,,,,,,,,,,,,,,,,,,,,,,,,,,,,,,,,,,,,,,,,,,,,0,,,,,,,,,,9,1,0,0,1,0,0,1,0,,,,,,,,
16871275,1,1,N,N,43,WBADW3C58BE540112,2011,2,14,2732,104,N,78613,1,1,2,4,12,,,,Y,620 LAKESIDE TOWING,620 LAKESIDE TOWING,N,,,,,,,,,,,,,,,,,,,,,,20,,,,,,,,,,1,1,0,0,0,1,0,0,0,,,,,,,,
16871275,2,1,N,N,43,YV4A22PKXK1443283,2019,2,98,1326,69,N,78731,1,1,6,2,6,,,,N,,,N,,,,,,,,,,,,,,,,,,,,,,0,,,,,,,,,,1,1,0,0,0,1,0,0,0,,,,,,,,
16871276,1,1,N,N,43,19UUA65546A021332,2006,2,1,2607,104,N,78665,1,2,4,3,1,,,,N,INTERSTATE CHAPARRAL TOWING INC.,INTERSTATE CHAPARRAL TOWING INC.,N,,,,,,,,,,,,,,,,,,,,,,0,,,,,,,,,,3,1,0,0,0,1,0,0,0,,,,,,,,
16871276,2,1,N,N,43,JM3KE2DY4F0491341,2015,16,63,2471,69,N,78702,1,2,2,3,11,,,,N,EZ AUTO AND TOWING SERVICE,EZ AUTO AND TOWING SERVICE,N,,,,,,,,,,,,,,,,,,,,,,0,,,,,,,,,,7,1,0,1,0,2,0,1,0,,,,,,,,
16871277,1,1,N,N,43,2HGFG12637H510640,2007,17,44,256,104,N,78752,1,2,2,5,10,12,2,4,Y,SPECIAL AUTOMOTIVE SERVICE INC,SPECIAL AUTOMOTIVE SERVICE INC,N,,,,,,,,,,,,,,,,,,,,,,33,,,,,,,,,,1,1,0,0,0,1,0,0,0,,,,,,,,
16871277,2,1,N,N,43,KM8SN4HFXHU207702,2017,3,45,713,104,N,78704,1,2,2,4,,,,,Y,A-TEX TOWING,5526 1/2 W HWY 290,N,,,,,,,,,,,,,,,,,,,,,,0,,,,,,,,,,3,1,0,0,0,1,0,0,0,,,,,,,,
16871277,3,1,N,N,43,1NXBR32E48Z003346,2008,16,91,173,104,N,78745,1,2,3,3,11,,,,N,,,N,,,,,,,,,,,,,,,,,,,,,,0,,,,,,,,,,7,2,0,0,0,3,0,0,0,,,,,,,,
16871278,1,1,N,N,43,5XXGM4A78EG266328,2014,21,55,715,104,N,78729,2,,2,3,6,15,2,9,N,FINGER TOWING SERVICE,FINGER TOWING SERVICE,N,,,,,,,,,,,,,,,,,,,,,,0,,,,,,,,,,2,1,0,0,0,2,0,0,0,,,,,,,,
16871279,1,1,N,N,43,1C4NJPBA5GD706532,2016,21,429,1273,69,N,76574,1,2,3,3,12,,,,N,AVILES & GABES WRECKER SERVICE INC.,AVILES & GABES WRECKER SERVICE INC.,N,,,,,,,,,,,,,,,,,,,,,,44,,,,,,,,,,1,1,0,0,2,0,0,2,0,,,,,,,,
16871279,2,1,N,Y,43,,2016,17,107,658,30,N,76643,1,2,8,3,6,,,,N,620 LAKESIDE TOWING,620 LAKESIDE TOWING,N,,,,,,,,,,,,,,,,,,,,,,0,,,,,,,,,,1,1,0,0,0,1,0,0,0,,,,,,,,
16871290,1,1,N,N,43,1FMJU1FT6FEF50729,2015,3,37,601,105,N,78752,4,,6,5,6,4,2,11,N,,,N,,,,,,,,,,,,,,,,,,,,,,0,,,,,,,,,,5,1,0,0,0,1,0,0,0,,,,,,,,
16871290,2,1,N,N,43,1FTEW1CMXDKD64722,2013,16,37,2324,30,N,78753,2,,2,6,12,,,,N,AVILES & GABES WRECKER SERVICE,"2311 W. HOWARD LANE, AUSTIN, TX 78728",N,,,,,,,,,,,,,,,,,,,,,,22,,,20,,,,,,,5,1,0,0,0,1,0,0,0,,,,,,,,
16871290,3,1,N,N,43,1HGCR3F88EA014037,2014,9,44,236,104,N,78613,1,2,7,4,7,,,,N,,,N,,,,,,,,,,,,,,,,,,,,,,0,,,,,,,,,,5,2,0,0,0,1,0,0,0,,,,,,,,
16871298,1,1,N,N,43,2C3CA5CV5AH294009,2010,17,21,65,104,N,78644,1,2,8,1,5,,,,N,,,N,,,,,,,,,,,,,,,,,,,,,,3,,,,,,,,,,3,1,0,0,0,1,0,0,0,,,,,,,,
16871298,2,1,Y,N,43,2FAHP71VX8X166126,2008,12,37,995,105,Y,78752,4,,13,1,9,,,,N,,,N,,,,,,,,,,,,,,,,,,,,,,0,,,,,,,,,,1,1,0,0,0,0,0,0,0,,,,,,,,
16871305,1,1,N,N,43,1N4AA5AP6BC846909,2011,2,71,297,104,N,78744,2,,2,2,12,,,,N,STARS TOWING,STARS TOWING,N,,,,,,,,,,,,,,,,,,,,,,64,,,22,,,,,,,1,1,0,0,1,0,0,1,0,,,,,,,,
16871305,2,1,N,N,43,2FMGK5C86FBA21932,2015,3,37,1088,69,N,78653,1,2,11,1,11,,,,N,ROCHAS TOWING SERVICE,ROCHAS TOWING SERVICE,N,,,,,,,,,,,,,,,,,,,,,,0,,,,,,,,,,7,1,0,0,1,1,0,1,0,,,,,,,,
16871306,1,1,N,N,43,1C3CCCAB7FN587058,2015,2,21,2258,104,N,78617,2,,2,3,12,,,,N,STARS TOWING,STARS TOWING,N,,,,,,,,,,,,,,,,,,,,,,37,,,,,,,,,,3,1,0,0,0,1,0,0,0,,,,,,,,
16871306,2,1,N,N,43,4S3BL626897215523,2009,9,85,443,104,N,78752,1,2,3,3,10,,,,N,ROCHAS TOWING SERVICE,ROCHAS TOWING SERVICE,N,,,,,,,,,,,,,,,,,,,,,,0,,,,,,,,,,7,1,0,0,0,1,0,0,0,,,,,,,,
16871307,1,1,N,N,43,1GCEC14V8XZ163025,1999,1,107,2236,30,N,76543,1,1,10,2,3,,,,N,,,N,,,,,,,,,,,,,,,,,,,,,,0,,,,,,,,,,1,1,0,0,0,1,0,0,0,,,,,,,,
16871307,2,1,N,N,43,1G1PC5SB7E7221197,2014,16,107,2209,104,N,78745,2,,2,3,12,,,,N,AUS-TEX AUTO ENTERPRISES LLC,OWNERS RESIDENCE/REQUEST,N,,,,,,,,,,,,,,,,,,,,,,0,,,,,,,,,,1,1,0,0,0,2,0,0,0,,,,,,,,
16871308,1,1,N,N,43,1C4NJDEB1GD630889,2016,17,429,983,104,N,78617,1,2,3,3,10,,,,Y,DENVERS TOWING,DENVERS TOWING,N,,,,,,,,,,,,,,,,,,,,,,,,,20,,,,,,,8,1,0,0,0,1,0,0,0,,,,,,,,
16871308,2,1,N,N,43,3N1AB7AP9FY364745,2015,9,71,341,104,N,78724,1,2,4,3,2,,,,Y,ROCHAS TOWING SERVICE,ROCHAS TOWING SERVICE,N,,,,,,,,,,,,,,,,,,,,,,0,,,,,,,,,,3,1,0,0,2,1,0,2,0,,,,,,,,
16871309,1,1,N,Y,,,,,,,69,N,,,,,,,,,,,,,N,,,,,,,,,,,,,,,,,,,,,,0,,,,,,,,,,4,1,0,0,0,0,1,0,0,,,,,,,,
16871309,2,4,,,,,,,,,,,,,,,,,,,,,,,,,,,,,,,,,,,,,,,,,,,,,75,59,,,,,,,,,9,1,1,0,0,0,0,1,0,,,,,,,,
16871309,3,1,N,N,43,2C3LA53G67H692436,2007,2,21,65,104,N,78741,1,2,3,3,12,,,,N,,,N,,,,,,,,,,,,,,,,,,,,,,59,75,,,,,,,,,4,2,0,0,0,0,1,0,0,,,,,,,,
16871310,1,1,N,N,43,JM1BK323871623737,2007,3,63,3917,104,N,78744,1,2,2,4,12,,,,N,SOUTHSIDE WRECKER INC,8200 S. CONGRESS AVE,N,,,,,,,,,,,,,,,,,,,,,,44,,,4,,,,,,,5,1,0,0,0,1,0,0,0,,,,,,,,
16871310,2,1,N,N,43,ZFBCFYCTXGP388536,2016,9,35,283,104,N,78721,1,2,6,3,6,,,,N,SOUTHSIDE WRECKER INC,8200 S. CONGRESS AVE,N,,,,,,,,,,,,,,,,,,,,,,0,,,,,,,,,,5,1,0,0,0,2,0,0,0,,,,,,,,
16871311,1,1,N,N,43,5T4HP41V253404397,2005,21,208,763,103,N,78653,1,2,2,2,12,,,,N,AUS-TEX AUTO ENTERPRISES LLC,AUS-TEX AUTO ENTERPRISES LLC,N,,,,,,,,,,,,,,,,,,,,,,44,,,75,,,,,,,3,1,0,0,0,1,0,0,0,,,,,,,,
16871311,2,1,N,N,43,1HGCP2F72CA216117,2012,9,44,236,104,N,78754,1,2,6,4,6,2,1,12,N,,,N,,,,,,,,,,,,,,,,,,,,,,0,,,,,,,,,,3,1,0,0,0,1,0,0,0,,,,,,,,
16871311,3,1,N,N,43,3CZRU5H37GM722090,2016,9,44,107,69,N,77095,1,2,6,1,6,,,,N,,,N,,,,,,,,,,,,,,,,,,,,,,0,,,,,,,,,,3,2,0,0,0,1,0,0,0,,,,,,,,
16871312,1,1,N,N,43,2GCEC19V611204647,2001,16,107,658,30,N,78744,2,,6,4,5,6,4,6,Y,SOUTHSIDE WRECKER INC,8200 S. CONGRESS AVE,N,,,,,,,,,,,,,,,,,,,,,,,,,49,,,,,,,7,1,0,0,1,0,0,1,0,,,,,,,,
16871312,2,1,N,N,43,5TBRU34126S464826,2006,8,91,687,30,N,78617,1,2,15,4,9,,,,Y,HARPERS TOWING SERVICE INC,HARPERS TOWING SERVICE INC,N,,,,,,,,,,,,,,,,,,,,,,0,,,,,,,,,,3,2,0,0,0,2,0,0,0,,,,,,,,
16871312,3,1,N,N,43,1D7HA16N04J231527,2004,9,109,2270,30,N,78723,1,2,13,3,8,,,,Y,,,N,,,,,,,,,,,,,,,,,,,,,,0,,,,,,,,,,3,2,0,0,0,2,0,0,0,,,,,,,,
16871313,1,1,N,N,43,1FTRX12W05NB83355,2005,21,37,2324,30,N,,1,1,4,2,,,,,Y,DENVERS TOWING,DENVERS TOWING,N,,,,,,,,,,,,,,,,,,,,,,0,,,,,,,,,,6,1,0,0,0,1,0,0,0,,,,,,,,
16871313,2,1,N,N,43,4S4WX97D684404505,2008,2,85,1415,104,N,78754,1,1,2,3,10,,,,Y,BULLET TOWING,BULLET TOWING,N,,,,,,,,,,,,,,,,,,,,,,0,,,,,,,,,,2,1,0,0,1,1,0,1,0,,,,,,,,
16871314,1,1,N,N,43,5J6YH18513L017002,2003,99,44,760,104,N,78729,1,2,1,1,12,,,,N,,,N,,,,,,,,,,,,,,,,,,,,,,0,,,,,,,,,,1,1,0,0,0,0,2,0,0,,,,,,,,
16871314,2,1,N,N,43,4T4BF3EK4AR011307,2010,2,91,380,104,N,78752,1,2,6,3,6,,,,,,,N,,,,,,,,,,,,,,,,,,,,,,0,,,,,,,,,,1,1,0,1,0,1,0,1,0,,,,,,,,
16871315,1,1,N,N,43,JF1GJAA60DH002042,2013,21,85,516,104,N,78745,1,1,2,4,12,,,,N,,,N,,,,,,,,,,,,,,,,,,,,,,0,,,,,,,,,,5,1,0,0,0,2,0,0,0,,,,,,,,
16871315,2,1,N,N,43,KNMAT2MT5KP503187,2019,21,71,1310,69,N,74134,1,1,6,1,6,,,,N,,,N,,,,,,,,,,,,,,,,,,,,,,0,,,,,,,,,,5,1,0,0,1,1,0,1,0,,,,,,,,
16871316,1,1,N,N,43,1C4NJCEA4FD106748,2015,3,429,983,69,N,78723,1,2,3,0,11,2,0,12,Y,SOUTHSIDE WRECKER INC,8200 S. CONGRESS AVE,N,,,,,,,,,,,,,,,,,,,,,,45,,,,,,,,,,5,1,0,0,0,1,0,0,0,,,,,,,,