Crash_ID,Unit_Nbr,Unit_Desc_ID,Veh_Parked_Fl,Veh_HNR_Fl,Veh_Lic_State_ID,VIN,Veh_Mod_Year,Veh_Color_ID,Veh_Make_ID,Veh_Mod_ID,Veh_Body_Styl_ID,Emer_Respndr_Fl,Ownr_Zip,Fin_Resp_Proof_ID,Fin_Resp_Type_ID,Veh_Dmag_Area_1_ID,Veh_Dmag_Scl_1_ID,Force_Dir_1_ID,Veh_Dmag_Area_2_ID,Veh_Dmag_Scl_2_ID,Force_Dir_2_ID,Veh_Inventoried_Fl,Veh_Transp_Name,Veh_Transp_Dest,Veh_Cmv_Fl,Cmv_Fiveton_Fl,Cmv_Hazmat_Fl,Cmv_Nine_Plus_Pass_Fl,Cmv_Veh_Oper_ID,Cmv_Carrier_ID_Type_ID,Cmv_Carrier_Zip,Cmv_Veh_Type_ID,Cmv_GVWR,Cmv_RGVW,Cmv_Hazmat_Rel_Fl,Hazmat_Cls_1_ID,Hazmat_IDNbr_1_ID,Hazmat_Cls_2_ID,Hazmat_IDNbr_2_ID,Cmv_Cargo_Body_ID,Cmv_Evnt1_ID,Cmv_Evnt2_ID,Cmv_Evnt3_ID,Cmv_Evnt4_ID,Cmv_Tot_Axle,Cmv_Tot_Tire,Contrib_Factr_1_ID,Contrib_Factr_2_ID,Contrib_Factr_3_ID,Contrib_Factr_P1_ID,Contrib_Factr_P2_ID,Veh_Dfct_1_ID,Veh_Dfct_2_ID,Veh_Dfct_3_ID,Veh_Dfct_P1_ID,Veh_Dfct_P2_ID,Veh_Trvl_Dir_ID,First_Harm_Evt_Inv_ID,Sus_Serious_Injry_Cnt,Nonincap_Injry_Cnt,Poss_Injry_Cnt,Non_Injry_Cnt,Unkn_Injry_Cnt,Tot_Injry_Cnt,Death_Cnt,Cmv_Disabling_Damage_Fl,Cmv_Bus_Type_ID,Trlr_GVWR,Trlr_RGVW,Trlr_Type_ID,Trlr_Disabling_Dmag_ID,Cmv_Intermodal_Container_Permit_Fl,CMV_Actual_Gross_Weight
16871428,1,1,N,N,43,JHLRD1844YC027904,2000,3,44,605,104,N,78744,1,2,10,2,2,,,,Y,ATX-VIP TOWING SERVICES,ATX-VIP TOWING SERVICES,N,,,,,,,,,,,,,,,,,,,,,,0,,,,,,,,,,2,1,0,1,0,0,0,1,0,,,,,,,,
16871429,1,1,N,N,43,3GNEC12ZX6G165709,2006,3,107,730,30,N,78660,2,,1,5,12,,,,Y,SPECIAL AUTOMOTIVE SERVICE INC,SPECIAL AUTOMOTIVE SERVICE INC,N,,,,,,,,,,,,,,,,,,,,,,22,,,,,,,,,,1,1,0,0,0,2,0,0,0,,,,,,,,
16871429,2,1,N,N,43,1FMCU0JX0EUC86098,2014,9,37,101,104,N,78724,2,,6,4,6,,,,Y,969 TOWING,969 TOWING,N,,,,,,,,,,,,,,,,,,,,,,0,,,,,,,,,,1,1,0,0,3,0,0,3,0,,,,,,,,
16871430,1,1,N,N,43,JM1BN1K72H1100939,2017,16,63,1210,104,N,78723,1,1,13,4,2,,,,N,,,N,,,,,,,,,,,,,,,,,,,,,,20,,,,,,,,,,1,1,0,0,0,1,0,0,0,,,,,,,,
16871430,2,1,N,N,43,2MEFM74W45X660247,2005,1,65,743,104,N,78751,1,1,,,,,,,,,,N,,,,,,,,,,,,,,,,,,,,,,0,,,,,,,,,,7,1,0,0,0,0,1,0,0,,,,,,,,
16871431,1,1,N,N,43,5TDDW5G15BS055099,2011,2,91,722,104,N,78732,1,2,1,3,12,,,,N,620 LAKESIDE TOWING,620 LAKESIDE TOWING,N,,,,,,,,,,,,,,,,,,,,,,16,,,,,,,,,,3,1,0,0,0,1,0,0,0,,,,,,,,
16871431,2,1,N,N,43,JTMWFREV8HD106184,2017,17,91,581,104,N,78732,1,2,3,3,11,,,,N,620 LAKESIDE TOWING,620 LAKESIDE TOWING,N,,,,,,,,,,,,,,,,,,,,,,0,,,,,,,,,,1,1,0,0,0,1,0,0,0,,,,,,,,
16871432,1,1,N,N,43,1HGCR2F53GA042914,2016,17,44,236,104,N,78759,1,2,4,3,2,,,,N,,,N,,,,,,,,,,,,,,,,,,,,,,34,,,,,,,,,,7,1,0,0,0,1,0,0,0,,,,,,,,
16871432,2,1,N,N,43,2T2ZK1BA8FC176902,2015,17,58,1318,104,N,78758,1,2,3,3,11,,,,N,620 LAKESIDE TOWING,620 LAKESIDE TOWING,N,,,,,,,,,,,,,,,,,,,,,,0,,,,,,,,,,5,1,0,0,0,1,0,0,0,,,,,,,,
16871433,1,1,N,Y,43,4T1BF1FK8EU315971,2014,2,91,380,104,N,76537,1,1,7,1,6,,,,N,NONE,NONE,N,,,,,,,,,,,,,,,,,,,,,,0,,,,,,,,,,1,1,0,0,1,0,0,1,0,,,,,,,,
16871433,2,1,N,Y,113,,,99,,,0,N,,,,,,,,,,N,,,N,,,,,,,,,,,,,,,,,,,,,,0,,,,,,,,,,1,1,0,0,0,0,1,0,0,,,,,,,,
16871434,1,1,N,N,43,5NMZU3LB2JH097567,2018,2,45,713,104,N,78681,1,1,3,5,11,,,,N,OWNER,UNKNOWN,N,,,,,,,,,,,,,,,,,,,,,,19,20,35,,,,,,,,5,1,0,0,1,0,0,1,0,,,,,,,,
16871434,2,1,N,N,43,1HGCG1658WA039196,1998,10,44,236,104,N,78634,1,1,4,6,4,,,,N,STARS TOWING,STARS TOWING,N,,,,,,,,,,,,,,,,,,,,,,0,,,,,,,,,,7,1,0,0,0,1,0,0,0,,,,,,,,
16871435,1,1,N,N,43,KL4CJ1SB8HB039668,2017,17,105,2184,104,N,78722,1,1,3,5,11,,,,N,ROCHAS TOWING SERVICE,ROCHAS TOWING SERVICE,N,,,,,,,,,,,,,,,,,,,,,,0,,,,,,,,,,5,1,0,0,0,1,0,0,0,,,,,,,,
16871435,2,1,N,N,43,2HKRM3H71FH554111,2015,11,44,605,104,N,,1,1,8,5,5,,,,N,DRIVER,UNKNOWN,N,,,,,,,,,,,,,,,,,,,,,,19,20,44,,,,,,,,5,1,0,0,0,1,0,0,0,,,,,,,,
16871436,1,1,N,Y,43,00000000000000000,2014,99,208,763,0,N,,,,1,1,12,,,,N,UNKNOWN,UNKNOWN,N,,,,,,,,,,,,,,,,,,,,,,19,20,44,,,,,,,,5,1,0,0,0,1,0,0,0,,,,,,,,
16871436,2,1,N,N,43,5XYPG4A33GG080733,2016,11,55,767,104,N,78664,1,1,1,5,12,5,1,6,N,DRIVER,UNKNOWN,N,,,,,,,,,,,,,,,,,,,,,,0,,,,,,,,,,5,1,0,0,0,1,0,0,0,,,,,,,,
16871436,3,1,N,N,43,KNMAT2MT1GP721621,2016,9,71,1310,104,N,78758,1,1,5,5,6,,,,N,DRIVER,UNKNOWN,N,,,,,,,,,,,,,,,,,,,,,,0,,,,,,,,,,5,2,0,0,0,1,0,0,0,,,,,,,,
16871437,1,1,N,N,43,1FMYU02Z37KA98311,2007,21,37,711,69,N,78724,1,1,3,4,12,,,,Y,AVILES & GABES WRECKER SERVICE INC.,AVILES & GABES WRECKER SERVICE INC.,N,,,,,,,,,,,,,,,,,,,,,,0,,,,,,,,,,4,1,0,0,0,1,0,0,0,,,,,,,,
16871437,2,1,N,N,43,1GC2CUEGXGZ300471,2016,21,107,658,30,N,78741,1,1,8,2,6,,,,N,,,N,,,,,,,,,,,,,,,,,,,,,,0,,,,,,,,,,4,1,0,0,0,1,0,0,0,,,,,,,,
16871438,1,1,N,N,43,1N4BA41EX8C834171,2008,9,71,297,104,N,78741,1,2,2,2,12,,,,N,EZ AUTO AND TOWING SERVICE,EZ AUTO AND TOWING SERVICE,N,,,,,,,,,,,,,,,,,,,,,,22,,,,,,,,,,1,1,0,0,0,1,0,0,0,,,,,,,,
16871438,2,1,N,N,43,3GNFL3EK7DS520683,2013,17,107,2208,69,N,78704,1,2,6,1,6,,,,N,,,N,,,,,,,,,,,,,,,,,,,,,,0,,,,,,,,,,1,1,0,0,0,1,0,0,0,,,,,,,,
16871439,1,1,N,N,43,JTHBJ46G382240031,2008,2,58,1052,104,N,78749,1,2,2,3,12,,,,N,620 LAKESIDE TOWING,620 LAKESIDE TOWING,N,,,,,,,,,,,,,,,,,,,,,,44,,,,,,,,,,5,1,0,0,0,1,0,0,0,,,,,,,,
16871439,2,1,N,N,43,1FTEX1CB7JKE96196,2018,21,37,2324,30,N,,1,2,6,1,6,,,,N,,,N,,,,,,,,,,,,,,,,,,,,,,0,,,,,,,,,,5,1,0,0,0,1,0,0,0,,,,,,,,
16871442,1,1,N,N,43,4T4BF1FK1CR253848,2012,2,91,380,104,N,78664,1,1,2,6,12,,,,Y,620 LAKESIDE TOWING,620 LAKESIDE TOWING,N,,,,,,,,,,,,,,,,,,,,,,,,,44,,,,,,,4,1,0,0,0,1,0,0,0,,,,,,,,
16871442,2,1,N,N,43,1FAHP2F84DG225063,2013,9,37,376,104,N,78757,1,1,5,3,6,,,,N,,,N,,,,,,,,,,,,,,,,,,,,,,41,,,,,,,,,,4,1,0,0,0,1,0,0,0,,,,,,,,
16871469,1,1,N,N,43,4C3AU52N1XE100140,1999,8,21,593,100,N,78073,1,2,3,4,10,,,,N,969 TOWING,969 TOWING,N,,,,,,,,,,,,,,,,,,,,,,35,,,,,,,,,,4,1,0,0,0,1,0,0,0,,,,,,,,
16871469,2,1,N,N,43,JA4AP3AU9CZ003346,2012,17,68,2497,69,N,78757,1,2,4,4,1,,,,N,STARS TOWING,STARS TOWING,N,,,,,,,,,,,,,,,,,,,,,,0,,,,,,,,,,6,1,0,0,0,1,0,0,0,,,,,,,,
16871720,1,1,N,N,43,2FMDK3KC4DBB25555,2013,21,37,1035,69,N,78703,1,1,14,1,3,,,,N,,,N,,,,,,,,,,,,,,,,,,,,,,37,,,,,,,,,,3,1,0,0,0,1,0,0,0,,,,,,,,
16871720,2,1,N,N,43,YV1RS547572640008,2007,17,98,723,104,N,78756,1,1,4,1,1,,,,N,,,N,,,,,,,,,,,,,,,,,,,,,,0,,,,,,,,,,7,1,0,0,0,1,0,0,0,,,,,,,,
16873250,1,1,N,N,43,1HGCP26859A051312,2009,3,44,236,104,N,78753,2,,11,1,10,,,,N,,,N,,,,,,,,,,,,,,,,,,,,,,4,,,,,,,,,,1,1,0,0,0,2,0,0,0,,,,,,,,
16873250,2,1,N,N,43,5TESM92NX1Z813972,2001,21,91,2569,30,N,78727,1,2,12,1,4,,,,N,,,N,,,,,,,,,,,,,,,,,,,,,,0,,,,,,,,,,1,1,0,0,0,1,0,0,0,,,,,,,,
16873286,1,1,N,N,43,1GCEC14X67Z616365,2007,3,107,60,30,N,78660,1,1,2,3,12,,,,Y,AVILES & GABES WRECKER SERVICE INC.,AVILES & GABES WRECKER SERVICE INC.,N,,,,,,,,,,,,,,,,,,,,,,74,,,,,,,,,,7,1,0,0,0,1,0,0,0,,,,,,,,
16873286,2,1,N,N,43,3N1AB7AP8HY236113,2017,9,71,341,104,N,78753,2,,2,1,12,,,,N,A-TEX TOWING,A-TEX TOWING,N,,,,,,,,,,,,,,,,,,,,,,0,,,,,,,,,,1,2,0,0,0,1,0,0,0,,,,,,,,
16873286,3,1,N,N,17,JTMRFREV5ED055378,2014,16,91,581,104,N,78754,1,1,2,3,11,,,,N,STARS TOWING,STARS TOWING,N,,,,,,,,,,,,,,,,,,,,,,0,,,,,,,,,,3,1,0,0,0,1,0,0,0,,,,,,,,
16873290,1,1,N,N,43,1FT8W3DTXHEC42056,2017,21,37,2326,30,N,75103,1,2,4,1,,12,1,,N,,,Y,Y,N,N,3,2,75103,5,14000,0,N,,,,,5,13,,,,,,,,,44,74,,,,,,2,1,0,0,1,0,0,1,0,N,0,,,,,N,
16873290,2,6,,,,,,,,,,,75103,,,,,,,,,,,,,,,,,,,,,,,,,,,,,,,,,,0,,,,,,,,,,9,2,0,0,0,0,0,0,0,,,20000,0,2,N,,
16873290,3,1,N,Y,113,,,3,208,763,87,N,,2,,,,,,,,N,,,Y,Y,N,N,,4,,9,0,0,N,,,,,,13,,,,,,,,,74,,,,,,,2,1,0,0,0,0,1,0,0,N,0,,,,,N,
16873290,4,6,,,,,,,,,,,,,,,,,,,,,,,,,,,,,,,,,,,,,,,,,,,,,0,,,,,,,,,,9,2,0,0,0,0,0,0,0,,,0,0,2,N,,
16873290,5,1,N,N,43,1HGCV1F35JA216073,2018,17,44,236,104,N,78155,1,2,7,3,,,,,N,,,N,,,,,,,,,,,,,,,,,,,,,,0,,,,,,,,,,2,2,0,0,0,2,0,0,0,,,,,,,,
16873291,1,1,N,N,43,1G1ZB5EB7AF232935,2010,18,107,56,104,N,78664,1,1,11,1,1,,,,N,,,N,,,,,,,,,,,,,,,,,,,,,,0,,,,,,,,,,2,1,0,0,0,1,0,0,0,,,,,,,,
16873291,2,4,,,,,,,,,,,,,,,,,,,,,,,,,,,,,,,,,,,,,,,,,,,,,59,,,,,,,,,,9,1,0,0,1,0,0,1,0,,,,,,,,
16873292,1,1,N,N,43,4T1BE30K44U269481,2004,3,91,380,104,N,78754,1,1,,1,,,,,N,,,N,,,,,,,,,,,,,,,,,,,,,,20,,,,,,,,,,7,1,0,0,0,2,0,0,0,,,,,,,,
16873292,2,4,,,,,,,,,,,,,,,,,,,,,,,,,,,,,,,,,,,,,,,,,,,,,0,,,,,,,,,,9,1,0,1,0,0,0,1,0,,,,,,,,
16873293,1,1,N,N,43,KM8JU3AG7EU804989,2014,3,45,1431,69,N,75080,1,2,2,3,12,,,,N,ROCHAS TOWING SERVICE,ROCHAS TOWING SERVICE,N,,,,,,,,,,,,,,,,,,,,,,19,20,,,,,,,,,6,1,0,0,0,1,0,0,0,,,,,,,,
16873293,2,1,N,N,43,5N1DR2MN4HC909566,2017,9,71,531,69,N,76522,1,2,6,3,6,2,1,12,N,,,N,,,,,,,,,,,,,,,,,,,,,,0,,,,,,,,,,6,1,0,0,0,2,0,0,0,,,,,,,,
16873294,1,1,N,N,43,NM0LS7E75J1379415,2018,21,37,2992,103,N,63132,2,,10,2,6,,,,,NOT TOWED,NOT TOWED,N,,,,,,,,,,,,,,,,,,,,,,14,,,,,,,,,,7,1,0,0,0,1,0,0,0,,,,,,,,
16873294,2,1,N,N,43,5TEGN92N32Z128846,2002,16,91,2569,30,N,78617,1,1,2,1,12,,,,Y,EZ AUTO AND TOWING SERVICE,EZ AUTO AND TOWING SERVICE,N,,,,,,,,,,,,,,,,,,,,,,20,,,,,,,,,,7,1,0,0,0,2,0,0,0,,,,,,,,
16873295,1,1,N,N,43,5PVNE8JV5D4S52955,2013,21,43,1528,92,N,78748,1,1,11,1,7,,,,N,,,N,,,,,,,,,,,,,,,,,,,,,,34,,,,,,,,,,8,1,0,0,0,2,0,0,0,,,,,,,,
16873295,2,1,N,N,43,1N4AL2AP4BN451432,2011,3,71,500,104,N,78744,1,1,10,3,3,,,,Y,ROCHAS TOWING SERVICE,ROCHAS TOWING SERVICE,N,,,,,,,,,,,,,,,,,,,,,,0,,,,,,,,,,1,1,0,0,0,3,0,0,0,,,,,,,,
16873296,1,1,N,N,43,KNAFK4A62F5329421,2015,17,55,1093,104,N,78752,1,1,2,1,12,,,,N,AUSTIN EXPRESS TOWING INC.,AUSTIN EXPRESS TOWING INC.,N,,,,,,,,,,,,,,,,,,,,,,44,,,,,,,,,,4,1,0,0,0,1,0,0,0,,,,,,,,
16873296,2,1,N,N,43,5N1DR2MN9HC672881,2017,17,71,531,104,N,78633,1,1,6,0,6,,,,N,,,N,,,,,,,,,,,,,,,,,,,,,,0,,,,,,,,,,4,1,0,0,1,0,0,1,0,,,,,,,,
16873297,1,1,N,N,9,3ALXA7CG1HDHZ1677,2017,21,38,3000,87,N,32066,1,1,10,1,3,,,,N,,,Y,Y,N,N,1,2,32066,5,80000,0,N,,,,,3,13,,,,,,64,,,20,,,,,,,7,1,0,0,0,1,0,0,0,N,0,,,,,N,
16873297,2,6,,,,,,,,,,,32066,,,,,,,,,,,,,,,,,,,,,,,,,,,,,,,,,,0,,,,,,,,,,9,2,0,0,0,0,0,0,0,,,80000,0,2,N,,
16873297,3,1,N,N,43,1FMCU0D79AKA31497,2010,8,37,711,69,N,78610,1,1,15,2,9,2,2,12,N,STARS TOWING,STARS TOWING,N,,,,,,,,,,,,,,,,,,,,,,0,,,,,,,,,,7,1,0,0,0,1,0,0,0,,,,,,,,
16873298,1,1,N,N,43,3C4PDCAB5JT216371,2018,9,109,1166,69,N,08054,1,1,2,4,12,,,,N,SPECIAL AUTOMOTIVE SERVICE INC,SPECIAL AUTOMOTIVE SERVICE INC,N,,,,,,,,,,,,,,,,,,,,,,44,,,,,,,,,,5,1,0,0,0,1,0,0,0,,,,,,,,
16873298,2,1,N,N,43,3N1BC1CPXCK261389,2012,2,71,1452,104,N,78741,1,1,2,5,12,6,4,6,N,BULLET TOWING,BULLET TOWING,N,,,,,,,,,,,,,,,,,,,,,,0,,,,,,,,,,5,1,0,0,0,1,0,0,0,,,,,,,,
16873298,3,1,N,N,43,5NPE24AF1GH340829,2016,21,45,462,104,N,78741,1,1,6,2,6,,,,N,,,N,,,,,,,,,,,,,,,,,,,,,,0,,,,,,,,,,5,2,0,0,0,1,0,0,0,,,,,,,,
16873299,1,1,N,N,43,2C3HL56T1SH520591,1995,17,21,499,104,N,78602,1,2,3,1,11,,,,N,,,N,,,,,,,,,,,,,,,,,,,,,,20,,,19,,,,,,,5,1,0,0,0,1,0,0,0,,,,,,,,
16873299,2,1,N,N,43,JNKAY01E46M112906,2006,2,47,1197,104,N,78612,2,,12,3,2,,,,N,ROCHAS TOWING SERVICE,ROCHAS TOWING SERVICE,N,,,,,,,,,,,,,,,,,,,,,,0,,,,,,,,,,7,1,0,0,1,2,0,1,0,,,,,,,,
16873300,1,1,N,N,43,1FMCU0F78GUC05571,2016,9,37,711,104,N,78747,1,2,2,1,12,,,,N,ROCHAS TOWING SERVICE,ROCHAS TOWING SERVICE,N,,,,,,,,,,,,,,,,,,,,,,20,,,,,,,,,,1,1,0,0,0,1,0,0,0,,,,,,,,
16873300,2,1,N,N,43,1FMCU0F79DUB95015,2013,2,37,711,104,N,78640,1,2,6,1,6,2,1,12,N,,,N,,,,,,,,,,,,,,,,,,,,,,0,,,,,,,,,,1,1,0,0,0,1,0,0,0,,,,,,,,
16873300,3,1,N,N,43,4T1BE32K36U154077,2006,,91,380,104,N,78704,1,2,6,1,6,,,,N,,,N,,,,,,,,,,,,,,,,,,,,,,0,,,,,,,,,,1,2,0,0,0,1,0,0,0,,,,,,,,
16873302,1,1,N,N,43,1N4AL11D35N915332,2005,10,71,500,104,N,78741,2,,2,1,12,,,,N,,,N,,,,,,,,,,,,,,,,,,,,,,,,,19,20,,,,,,2,1,0,0,0,1,0,0,0,,,,,,,,
16873302,2,1,N,N,43,5YFBURHE4EP009072,2014,10,91,173,104,N,78741,1,2,6,1,6,,,,N,,,N,,,,,,,,,,,,,,,,,,,,,,0,,,,,,,,,,2,1,0,0,1,0,0,1,0,,,,,,,,
16873304,1,1,N,N,43,1FMJK1J52BEF21124,2011,5,37,601,69,N,78745,1,2,3,1,11,,,,N,ATX-VIP TOWING SERVICES,ATX-VIP TOWING SERVICES,N,,,,,,,,,,,,,,,,,,,,,,20,53,,,,,,,,,2,1,0,0,1,0,0,1,0,,,,,,,,
16873304,2,1,N,N,43,19XFC2F55JE010077,2018,21,44,256,104,N,78704,1,2,14,2,4,,,,N,EZ AUTO AND TOWING SERVICE,EZ AUTO AND TOWING SERVICE,N,,,,,,,,,,,,,,,,,,,,,,0,,,,,,,,,,2,1,0,0,1,0,0,1,0,,,,,,,,
16873305,1,1,N,N,43,JM1GJ1U57G1406904,2016,17,63,3917,104,N,78748,1,2,2,4,12,,,,Y,ROCHAS TOWING SERVICE,,N,,,,,,,,,,,,,,,,,,,,,,44,,,,,,,,,,1,1,0,0,0,1,0,0,0,,,,,,,,
16873305,2,1,N,N,43,1C4NJPBA1ED703575,2014,21,429,1273,69,N,78748,1,2,6,2,6,,,,,,,N,,,,,,,,,,,,,,,,,,,,,,0,,,,,,,,,,1,1,0,0,0,1,0,0,0,,,,,,,,
16873306,1,1,N,N,43,3FRWF7FA0FV727577,2015,21,37,2978,106,N,78753,1,2,3,3,11,,,,N,,,N,,,,,,,,,,,,,,,,,,,,,,74,,,,,12,,,,,6,1,0,0,0,1,0,0,0,,,,,,,,
16873307,1,1,N,Y,43,1C4BJWFG1HL584481,2017,21,429,1464,104,N,,2,,,,,,,,,,,N,,,,,,,,,,,,,,,,,,,,,,0,,,,,,,,,,3,1,0,0,0,0,0,0,0,,,,,,,,
16873307,2,1,N,N,43,WBA3B1C57DK128652,2013,16,14,842,104,N,78704,1,2,6,3,6,,,,Y,AUS-TEX AUTO ENTERPRISES LLC,AUS-TEX AUTO ENTERPRISES LLC,N,,,,,,,,,,,,,,,,,,,,,,0,,,,,,,,,,3,1,0,1,0,0,0,1,0,,,,,,,,
16873307,3,1,N,N,43,19XFB2F84CE316199,2012,9,44,256,104,N,78729,1,2,7,1,7,,,,N,,,N,,,,,,,,,,,,,,,,,,,,,,0,,,,,,,,,,3,2,0,0,0,1,0,0,0,,,,,,,,
16873308,1,1,N,N,43,5TFRV54197X017681,2007,2,91,2569,30,N,78652,1,1,2,4,12,,,,Y,EZ AUTO AND TOWING SERVICE,EZ AUTO AND TOWING SERVICE,N,,,,,,,,,,,,,,,,,,,,,,44,,,45,20,,,,,,5,1,0,0,0,1,0,0,0,,,,,,,,
16873308,2,1,N,N,43,SAJAR4BG1HA970894,2017,21,51,2405,100,N,78602,1,1,6,3,6,1,1,12,Y,ROCHAS TOWING SERVICE,ROCHAS TOWING SERVICE,N,,,,,,,,,,,,,,,,,,,,,,0,,,,,,,,,,5,1,0,0,2,0,0,2,0,,,,,,,,
16873308,3,1,N,N,43,4T1BF1FK8HU730258,2017,17,91,380,104,N,75261,1,7,5,1,12,,,,N,,,N,,,,,,,,,,,,,,,,,,,,,,0,,,,,,,,,,5,2,0,0,0,3,0,0,0,,,,,,,,
16873309,1,1,N,N,43,1HD1FBM10CB620601,2012,3,42,3096,71,N,78641,1,2,1,2,12,,,,N,,,N,,,,,,,,,,,,,,,,,,,,,,44,,,,,,,,,,8,1,0,0,0,1,0,0,0,,,,,,,,
16873309,2,1,N,N,43,5TDYKRFH0FS041829,2015,21,91,721,104,N,77079,1,2,5,1,6,,,,N,,,N,,,,,,,,,,,,,,,,,,,,,,0,,,,,,,,,,2,1,0,0,0,1,0,0,0,,,,,,,,
16873310,1,1,N,N,43,1HGCM82623A017402,2003,3,44,236,104,N,78744,1,1,2,4,12,,,,N,BULLET TOWING,BULLET TOWING,N,,,,,,,,,,,,,,,,,,,,,,20,16,,,,,,,,,7,1,0,0,0,1,0,0,0,,,,,,,,
16873310,2,1,N,N,43,2FMTK3K95FBB61550,2015,10,37,1035,69,N,78703,1,1,15,3,9,,,,N,EZ AUTO AND TOWING SERVICE,EZ AUTO AND TOWING SERVICE,N,,,,,,,,,,,,,,,,,,,,,,0,,,,,,,,,,5,1,0,0,0,2,0,0,0,,,,,,,,
16873311,1,1,N,N,43,1HGCD5538VA036264,1997,3,44,236,104,N,78731,1,2,8,3,6,,,,N,NOT TOWED,,N,,,,,,,,,,,,,,,,,,,,,,38,,,,,,,,,,7,1,0,0,0,1,0,0,0,,,,,,,,
16873311,2,1,N,N,43,1FM5K7D83EGA07866,2014,21,37,554,69,N,78704,1,2,3,3,12,,,,N,SOUTHSIDE WRECKER INC,SOUTHSIDE WRECKER INC,N,,,,,,,,,,,,,,,,,,,,,,0,,,,,,,,,,1,1,0,0,0,1,0,0,0,,,,,,,,
16873312,1,1,N,N,43,1HGCM66806A063606,2006,9,44,236,104,N,78665,1,1,2,4,1,,,,Y,AUS-TEX AUTO ENTERPRISES LLC,AUS-TEX AUTO ENTERPRISES LLC,N,,,,,,,,,,,,,,,,,,,,,,0,,,,,,,,,,5,1,0,0,0,1,0,0,0,,,,,,,,
16873312,2,1,N,N,43,4T1BG22K5XU406756,1999,2,91,380,104,N,78754,1,1,4,4,1,,,,Y,STARS TOWING,STARS TOWING,N,,,,,,,,,,,,,,,,,,,,,,,,,20,35,,,,,,7,1,0,0,0,1,0,0,0,,,,,,,,
16873313,1,1,N,N,43,1G1BC5SM3K7125820,2019,5,107,2209,104,N,78723,2,,4,4,3,3,4,9,Y,BULLET TOWING,BULLET TOWING,N,,,,,,,,,,,,,,,,,,,,,,34,,,,,,,,,,3,1,0,0,0,1,0,0,0,,,,,,,,
16873313,2,1,N,N,43,2B3KA43D09H520141,2009,21,109,74,104,N,78723,1,2,3,3,12,,,,N,,,N,,,,,,,,,,,,,,,,,,,,,,0,,,,,,,,,,1,1,0,0,0,1,0,0,0,,,,,,,,
16873313,3,1,N,N,43,1GB2CUEG2HZ384081,2017,21,107,2205,30,N,78664,1,2,15,3,9,,,,N,,,N,,,,,,,,,,,,,,,,,,,,,,0,,,,,,,,,,5,2,0,0,0,1,0,0,0,,,,,,,,
16873314,1,1,N,N,3,JYA1TA003GA000365,1986,9,101,4584,71,N,78723,2,,26,1,,,,,Y,EZ AUTO AND TOWING SERVICE,EZ AUTO AND TOWING SERVICE,N,,,,,,,,,,,,,,,,,,,,,,23,,,,,,,,,,3,1,0,1,0,0,0,1,0,,,,,,,,
16873344,1,1,N,N,43,5TDYK3DC6FS674095,2015,17,91,648,104,N,78613,1,2,2,4,12,,,,N,620 LAKESIDE TOWING,620 LAKESIDE TOWING,N,,,,,,,,,,,,,,,,,,,,,,4,,,,,,,,,,4,1,0,0,0,2,0,0,0,,,,,,,,
16873344,2,1,N,N,43,5TDZY5G12ES053153,2014,2,91,722,104,N,78641,1,2,8,2,6,,,,N,,,N,,,,,,,,,,,,,,,,,,,,,,0,,,,,,,,,,4,1,0,0,0,4,0,0,0,,,,,,,,
16873345,1,1,N,N,43,KMHCT4AE0HU193840,2017,9,45,377,104,N,78660,1,1,12,2,3,,,,Y,EZ AUTO AND TOWING SERVICE,EZ AUTO AND TOWING SERVICE,N,,,,,,,,,,,,,,,,,,,,,,,,,20,,,,,,,1,1,0,0,0,1,0,0,0,,,,,,,,
16873345,2,1,N,N,43,4A4AP3AU3FE055436,2015,21,68,775,104,N,78665,1,1,13,1,9,,,,Y,STARS,STARS,N,,,,,,,,,,,,,,,,,,,,,,0,,,,,,,,,,1,1,0,0,0,1,0,0,0,,,,,,,,
16873346,1,1,N,Y,,,,9,,,104,N,,2,,10,2,3,,,,N,,,N,,,,,,,,,,,,,,,,,,,,,,,,,60,53,,,,,,1,1,0,0,0,0,1,0,0,,,,,,,,
16873346,2,1,N,N,43,1FALP4443VF146464,1997,16,37,96,100,N,78216,1,2,10,5,1,15,2,9,N,ARMADA TOWING,ARMADA TOWING,N,,,,,,,,,,,,,,,,,,,,,,,,,67,,,,,,,1,1,0,0,0,1,0,0,0,,,,,,,,
16873346,3,1,Y,N,43,1FMZU67E61UC90539,2001,9,37,554,69,N,78753,1,2,15,5,7,,,,N,,,N,,,,,,,,,,,,,,,,,,,,,,0,,,,,,,,,,1,2,0,0,0,1,0,0,0,,,,,,,,
16873347,1,1,N,N,43,3AKJHHDR1KSKF3679,2018,16,38,2996,87,N,40906,1,2,27,0,,,,,N,PRONTO WRECKER SERVICE NORTH,PRONTO WRECKER SERVICE NORTH,Y,Y,N,N,1,2,38501,9,52000,0,N,,,,,8,14,,,,,,52,,,,,,,,,,6,1,0,0,0,1,0,0,0,Y,0,,,,,N,
16873347,2,6,,,,,,,,,,,,,,,,,,,,,,,,,,,,,,,,,,,,,,,,,,,,,0,,,,,,,,,,9,2,0,0,0,0,0,0,0,,,0,0,1,N,,
16873347,3,1,Y,N,43,3VWDB7AJ7HM226442,2017,21,96,316,104,N,40906,1,2,27,0,,,,,N,,,N,,,,,,,,,,,,,,,,,,,,,,0,,,,,,,,,,2,2,0,0,0,0,0,0,0,,,,,,,,