Crash_ID,Unit_Nbr,Unit_Desc_ID,Veh_Parked_Fl,Veh_HNR_Fl,Veh_Lic_State_ID,VIN,Veh_Mod_Year,Veh_Color_ID,Veh_Make_ID,Veh_Mod_ID,Veh_Body_Styl_ID,Emer_Respndr_Fl,Ownr_Zip,Fin_Resp_Proof_ID,Fin_Resp_Type_ID,Veh_Dmag_Area_1_ID,Veh_Dmag_Scl_1_ID,Force_Dir_1_ID,Veh_Dmag_Area_2_ID,Veh_Dmag_Scl_2_ID,Force_Dir_2_ID,Veh_Inventoried_Fl,Veh_Transp_Name,Veh_Transp_Dest,Veh_Cmv_Fl,Cmv_Fiveton_Fl,Cmv_Hazmat_Fl,Cmv_Nine_Plus_Pass_Fl,Cmv_Veh_Oper_ID,Cmv_Carrier_ID_Type_ID,Cmv_Carrier_Zip,Cmv_Veh_Type_ID,Cmv_GVWR,Cmv_RGVW,Cmv_Hazmat_Rel_Fl,Hazmat_Cls_1_ID,Hazmat_IDNbr_1_ID,Hazmat_Cls_2_ID,Hazmat_IDNbr_2_ID,Cmv_Cargo_Body_ID,Cmv_Evnt1_ID,Cmv_Evnt2_ID,Cmv_Evnt3_ID,Cmv_Evnt4_ID,Cmv_Tot_Axle,Cmv_Tot_Tire,Contrib_Factr_1_ID,Contrib_Factr_2_ID,Contrib_Factr_3_ID,Contrib_Factr_P1_ID,Contrib_Factr_P2_ID,Veh_Dfct_1_ID,Veh_Dfct_2_ID,Veh_Dfct_3_ID,Veh_Dfct_P1_ID,Veh_Dfct_P2_ID,Veh_Trvl_Dir_ID,First_Harm_Evt_Inv_ID,Sus_Serious_Injry_Cnt,Nonincap_Injry_Cnt,Poss_Injry_Cnt,Non_Injry_Cnt,Unkn_Injry_Cnt,Tot_Injry_Cnt,Death_Cnt,Cmv_Disabling_Damage_Fl,Cmv_Bus_Type_ID,Trlr_GVWR,Trlr_RGVW,Trlr_Type_ID,Trlr_Disabling_Dmag_ID,Cmv_Intermodal_Container_Permit_Fl,CMV_Actual_Gross_Weight
16873564,2,1,N,N,22,1FAFP53U95A310706,2005,18,37,376,104,N,48823,1,2,3,3,11,,,,N,HARPERS TOWING SERVICE INC,HARPERS TOWING SERVICE INC,N,,,,,,,,,,,,,,,,,,,,,,0,,,,,,,,,,2,1,0,0,0,1,0,0,0,,,,,,,,
16874663,1,1,N,N,43,1C3CCBAB3DN704691,2013,2,21,2258,104,N,76542,2,,1,7,12,,,,N,AUS-TEX AUTO ENTERPRISES LLC,AUS-TEX AUTO ENTERPRISES LLC,N,,,,,,,,,,,,,,,,,,,,,,19,20,44,,,,,,,,5,1,0,1,0,0,0,1,0,,,,,,,,
16874663,2,1,N,N,43,4V4NC9TJ0CN553037,2012,11,98,4427,106,N,57104,1,1,5,5,6,,,,N,DRIVER,UNKNOWN,N,,,,,,,,,,,,,,,,,,,,,,0,,,,,,,,,,5,1,0,0,0,1,0,0,0,,,,,,,,
16874663,3,6,,,,,,,,,,,57104,,,,,,,,,,,,,,,,,,,,,,,,,,,,,,,,,,0,,,,,,,,,,9,2,0,0,0,0,0,0,0,,,,,,,,
16874961,1,1,N,N,43,1FTCR10X4STA22221,1995,16,37,357,30,N,78617,1,1,16,3,3,,,,Y,EZ AUTO AND TOWING SERVICE,EZ AUTO AND TOWING SERVICE,N,,,,,,,,,,,,,,,,,,,,,,16,43,,68,,,,,,,5,1,0,1,0,0,0,1,0,,,,,,,,
16874961,2,1,N,N,43,1J8HG48K87C685345,2007,10,429,970,69,N,78702,1,1,2,5,12,,,,Y,ROCHAS TOWING SERVICE,ROCHAS TOWING SERVICE,N,,,,,,,,,,,,,,,,,,,,,,0,,,,,,,,,,3,1,0,1,0,0,0,1,0,,,,,,,,
16874961,3,1,N,N,43,1HGCP3F86BA020307,2011,,44,236,104,N,78702,2,,2,4,12,,,,Y,SPECIAL AUTOMOTIVE SERVICE INC,SPECIAL AUTOMOTIVE SERVICE INC,N,,,,,,,,,,,,,,,,,,,,,,0,,,,,,,,,,1,2,0,1,0,0,0,1,0,,,,,,,,
16876263,1,1,N,Y,43,1N4AL3APXEC193505,2014,11,71,500,104,Y,78745,1,1,2,5,12,,,,N,NO TOWED LTS,NOT TOWED LTS,N,,,,,,,,,,,,,,,,,,,,,,64,,,,,,,,,,8,1,0,0,0,0,1,0,0,,,,,,,,
16876263,2,1,N,N,43,2T1CF22P3XC107612,1999,21,91,380,104,N,78640,1,1,10,6,3,17,6,11,,SOUTHSIDE WRECKER INC,8200 S. CONGRESS AVE,N,,,,,,,,,,,,,,,,,,,,,,0,,,,,,,,,,2,1,1,0,1,0,0,2,0,,,,,,,,
16876356,1,1,N,N,43,3VWRW3AL2AM005194,2010,3,96,184,100,N,,1,2,1,5,12,,,,Y,STARS TOWING,STARS,N,,,,,,,,,,,,,,,,,,,,,,44,45,,,,,,,,,1,1,0,0,0,1,0,0,0,,,,,,,,
16876356,2,1,N,N,43,1C6RR7YT8HS602673,2017,21,109,2275,30,N,78732,1,2,6,3,6,,,,N,,,N,,,,,,,,,,,,,,,,,,,,,,0,,,,,,,,,,1,1,0,0,0,2,0,0,0,,,,,,,,
16876357,1,1,N,N,43,5YFBU4EE3DP103451,2013,17,91,173,104,N,78666,1,1,1,4,12,,,,N,ARMADA TOWING,601 E BEN WHITE BLVD,N,,,,,,,,,,,,,,,,,,,,,,20,,,,,,,,,,5,1,0,0,0,1,0,0,0,,,,,,,,
16876357,2,1,N,N,43,1GNSCJKC4HR280095,2017,9,107,2206,104,N,78730,1,1,5,1,6,,,,N,,,N,,,,,,,,,,,,,,,,,,,,,,0,,,,,,,,,,5,1,0,0,0,1,0,0,0,,,,,,,,
16876358,1,1,N,N,43,5TESN92N14Z341372,2004,9,91,629,30,N,78748,1,2,2,5,12,,,,Y,TOW TIME,TOW TIME,N,,,,,,,,,,,,,,,,,,,,,,45,,,,,,,,,,1,1,0,0,0,1,0,0,0,,,,,,,,
16876358,2,1,N,N,43,JTDJT923475089558,2007,16,91,1477,100,N,78748,1,2,6,6,6,2,6,12,Y,AUS-TEX AUTO ENTERPRISES LLC,AUS-TEX AUTO ENTERPRISES LLC,N,,,,,,,,,,,,,,,,,,,,,,0,,,,,,,,,,1,1,0,0,0,1,0,0,0,,,,,,,,
16876358,3,1,N,N,43,WBAVB13556PT16617,2006,16,14,652,104,N,78724,1,2,6,4,6,,,,N,,,N,,,,,,,,,,,,,,,,,,,,,,0,,,,,,,,,,1,2,0,0,1,0,0,1,0,,,,,,,,
16876359,1,1,N,N,43,1GD412CL1CF182661,2012,21,39,2342,30,N,78629,1,2,4,3,1,7,2,7,N,,,N,,,,,,,,,,,,,,,,,,,,,,44,,,20,,,,,,,5,1,0,0,0,2,0,0,0,,,,,,,,
16876359,2,1,N,N,43,3GCEK23389G117447,2009,11,107,658,30,N,78610,1,2,7,3,7,,,,N,K&S TOWING,K&S TOWING,N,,,,,,,,,,,,,,,,,,,,,,0,,,,,,,,,,5,1,0,0,1,0,0,1,0,,,,,,,,
16876360,1,1,N,N,43,JHLRD1879YS000603,2000,21,44,605,104,N,78756,1,1,14,2,4,,,,N,STARS TOWING,STARS TOWING,N,,,,,,,,,,,,,,,,,,,,,,37,,,,,,,,,,5,1,0,0,1,0,0,1,0,,,,,,,,
16876360,2,1,N,N,43,2HKRM3H52FH523822,2019,9,44,605,30,N,78746,1,1,2,2,12,,,,N,,,N,,,,,,,,,,,,,,,,,,,,,,0,,,,,,,,,,1,1,0,0,0,1,0,0,0,,,,,,,,
16876361,1,1,N,N,43,JKAEX8B19EA002056,2014,2,53,3681,71,N,78725,1,1,3,4,,,,,Y,ROCHAS TOWING SERVICE,ROCHAS TOWING SERVICE,N,,,,,,,,,,,,,,,,,,,,,,22,,,,,,,,,,2,1,0,1,0,0,0,1,0,,,,,,,,
16876361,2,1,N,N,43,4T1BE32K52U089159,2002,2,91,380,104,N,78725,1,1,14,3,5,,,,N,,,N,,,,,,,,,,,,,,,,,,,,,,0,,,,,,,,,,2,1,0,0,0,1,0,0,0,,,,,,,,
16876362,1,1,N,N,43,4T1BE32K34U376941,2004,1,91,380,104,N,78660,1,1,15,3,7,,,,N,,,N,,,,,,,,,,,,,,,,,,,,,,4,,,,,,,,,,7,1,0,0,0,1,0,0,0,,,,,,,,
16876362,2,1,N,N,43,1GYFK63837R148622,2007,21,106,657,69,N,78758,1,2,12,1,4,,,,N,PRONTO WRECKER SERVICE NORTH,OWNERS RESIDENCE/REQUEST,N,,,,,,,,,,,,,,,,,,,,,,0,,,,,,,,,,7,1,0,0,0,1,0,0,0,,,,,,,,
16876363,1,1,N,N,43,2G1WB5E3XG1182320,2016,17,107,2830,104,N,78660,1,1,3,1,11,,,,Y,ARMADA TOWING SOUTH,ARMADA TOWING SOUTH,N,,,,,,,,,,,,,,,,,,,,,,37,,,,,,,,,,3,1,0,0,0,1,0,0,0,,,,,,,,
16876363,2,1,N,N,46,1D4GP24R26B622548,2006,16,109,1115,103,N,78664,2,,4,2,2,,,,Y,AVILES & GABES WRECKER SERVICE INC.,AVILES & GABES WRECKER SERVICE INC.,N,,,,,,,,,,,,,,,,,,,,,,0,,,,,,,,,,5,1,0,0,0,1,0,0,0,,,,,,,,
16876364,1,1,N,N,43,JM1BL1TF8D1730809,2013,2,63,1210,104,N,78750,1,1,1,0,12,,,,N,,,N,,,,,,,,,,,,,,,,,,,,,,0,,,,,,,,,,1,1,0,0,0,1,0,0,0,,,,,,,,
16876364,2,3,,,,,,,,,,,,,,,,,,,,,,,,,,,,,,,,,,,,,,,,,,,,,48,,,,,,,,,,9,1,0,0,1,0,0,1,0,,,,,,,,
16876365,1,1,N,N,43,1GCNCPEX0BZ339013,2011,21,107,658,106,N,75247,1,1,2,2,12,,,,N,,,N,,,,,,,,,,,,,,,,,,,,,,0,,,,,,,,,,1,1,0,1,0,0,0,1,0,,,,,,,,
16876365,2,1,N,N,43,19UUA566X2A006636,2002,9,1,564,104,N,78741,1,1,6,2,6,,,,Y,SOUTHSIDE,SOUTHSIDE,N,,,,,,,,,,,,,,,,,,,,,,0,,,,,,,,,,1,1,0,2,0,0,0,2,0,,,,,,,,
16876366,1,1,N,N,43,3AKJHHDR1JSJN2421,2018,21,38,2994,87,N,79907,1,2,4,3,12,,,,N,,,Y,Y,N,N,1,4,79907,9,42000,0,N,,,,,12,13,,,,,,,,,20,,,,,,,5,1,0,0,0,1,0,0,0,N,0,,,,,N,
16876366,2,1,N,N,14,2G1WL52M4V1144427,1997,,107,420,104,N,78723,1,2,6,5,6,2,3,11,Y,SOUTHSIDE WRECKER INC,8200 S. CONGRESS AVE,N,,,,,,,,,,,,,,,,,,,,,,0,,,,,,,,,,5,1,0,0,1,0,0,1,0,,,,,,,,
16876366,3,1,N,N,43,JTDKB20U767528944,2006,16,91,702,104,N,78666,1,2,8,2,6,,,,Y,STARS TOWING,STARS TOWING,N,,,,,,,,,,,,,,,,,,,,,,0,,,,,,,,,,5,2,0,0,0,1,0,0,0,,,,,,,,
16876366,4,1,N,N,43,1N6AA1E57HN557656,2017,2,71,1397,106,N,78641,1,2,14,1,5,,,,N,,,N,,,,,,,,,,,,,,,,,,,,,,0,,,,,,,,,,5,2,0,0,0,1,0,0,0,,,,,,,,
16876367,1,1,N,Y,43,,,21,208,763,103,N,,,,,,,,,,N,,,N,,,,,,,,,,,,,,,,,,,,,,4,,,,,,,,,,1,1,0,0,0,0,1,0,0,,,,,,,,
16876367,2,1,N,N,43,1FAFP49Y74F194542,2004,2,37,96,100,N,78727,1,2,4,2,2,10,2,3,N,STARS TOWING,OWNERS RESIDENCE/REQUEST,N,,,,,,,,,,,,,,,,,,,,,,0,,,,,,,,,,1,1,0,0,0,1,0,0,0,,,,,,,,
16876368,1,1,N,N,43,JF1ZCAC10D2604303,2013,16,85,2551,100,N,78617,1,2,2,4,12,,,,Y,ROCHAS TOWING SERVICE,ROCHAS TOWING SERVICE,N,,,,,,,,,,,,,,,,,,,,,,67,,,,,,,,,,5,1,0,1,0,0,0,1,0,,,,,,,,
16876368,2,1,N,N,43,JTHBF1D27E5027455,2014,9,58,1156,104,N,78752,1,2,7,2,7,,,,N,,,N,,,,,,,,,,,,,,,,,,,,,,0,,,,,,,,,,5,1,0,0,0,1,0,0,0,,,,,,,,
16876369,1,1,N,N,43,JN1BZ34E28M750769,2008,3,71,776,100,N,78641,1,2,14,2,4,,,,N,STARS TOWING,STARS TOWING,N,,,,,,,,,,,,,,,,,,,,,,4,,,,,,,,,,5,1,0,0,0,1,0,0,0,,,,,,,,
16876369,2,1,N,N,43,1GCHC24U21Z317987,2001,21,107,2237,30,N,78758,1,2,11,1,11,,,,N,,,N,,,,,,,,,,,,,,,,,,,,,,0,,,,,,,,,,5,1,0,0,0,1,0,0,0,,,,,,,,
16876370,1,1,N,N,43,3C6RR6KT1FG604238,2015,21,710,4100,106,N,78748,1,2,2,4,10,4,4,2,N,SOUTHSIDE WRECKER INC,8200 S. CONGRESS AVE,N,,,,,,,,,,,,,,,,,,,,,,45,22,,,,,,,,,7,1,0,0,0,1,0,0,0,,,,,,,,
16876370,2,1,Y,N,43,JTKDE167190284239,2009,9,91,2573,104,N,78745,1,2,16,4,3,,,,N,,,N,,,,,,,,,,,,,,,,,,,,,,0,,,,,,,,,,5,2,0,0,0,0,0,0,0,,,,,,,,
16876371,1,1,N,N,43,1GNLRGED7AS147761,2010,2,107,1414,104,N,78642,1,2,2,4,12,,,,N,NA,NA,N,,,,,,,,,,,,,,,,,,,,,,20,,,,,,,,,,5,1,0,0,0,3,0,0,0,,,,,,,,
16876371,2,1,N,N,43,3N1AB7AP8FL680912,2015,16,71,341,104,N,78725,1,1,11,6,9,9,4,9,N,ROCHAS TOWING SERVICE,ROCHAS TOWING SERVICE,N,,,,,,,,,,,,,,,,,,,,,,20,,,,,,,,,,3,1,0,0,0,1,0,0,0,,,,,,,,
16876372,1,1,N,N,43,WA1LAAF70HD047810,2017,3,8,1285,69,N,78745,1,2,15,3,9,,,,Y,EZ AUTO AND TOWING SERVICE,EZ AUTO AND TOWING SERVICE,N,,,,,,,,,,,,,,,,,,,,,,20,,,,,,,,,,7,1,0,0,0,1,0,0,0,,,,,,,,
16876372,2,1,N,N,43,1FMZU67K84UA97349,2004,9,37,712,30,N,78744,1,2,2,3,12,,,,Y,BULLET TOWING,BULLET TOWING,N,,,,,,,,,,,,,,,,,,,,,,0,,,,,,,,,,1,1,0,0,2,1,0,2,0,,,,,,,,
16876374,1,1,N,N,43,1D7HA16K15J647495,2005,3,109,2275,30,N,78741,1,1,1,2,12,,,,,,,N,,,,,,,,,,,,,,,,,,,,,,,,,19,,,,,,,5,1,0,0,0,1,0,0,0,,,,,,,,
16876374,2,1,N,N,43,JTDKN3DU3A0072997,2010,16,91,702,104,N,78130,1,1,2,4,12,10,4,3,,A-TEX TOWING,ATX-VIP TOWING SERVICES,N,,,,,,,,,,,,,,,,,,,,,,0,,,,,,,,,,3,1,0,0,0,1,0,0,0,,,,,,,,
16876380,1,1,N,Y,,,,,,,30,N,,,,,,,,,,,,,N,,,,,,,,,,,,,,,,,,,,,,0,,,,,,,,,,3,1,0,0,0,0,0,0,0,,,,,,,,
16876380,2,3,,,,,,,,,,,,,,,,,,,,,,,,,,,,,,,,,,,,,,,,,,,,,,,,68,,,,,,,9,1,0,1,0,0,0,1,0,,,,,,,,
16876381,1,1,N,N,43,2T1KU40E59C082584,2009,21,91,173,104,N,78741,2,,3,4,12,,,,Y,EZ AUTO AND TOWING SERVICE,EZ AUTO AND TOWING SERVICE,N,,,,,,,,,,,,,,,,,,,,,,67,,,,,,,,,,1,1,0,1,0,0,0,1,0,,,,,,,,
16876382,1,1,N,N,43,1FMRU17L3XLA19969,1999,21,37,554,69,N,78681,2,,6,3,6,15,3,9,Y,AUS-TEX AUTO ENTERPRISES LLC,AUS-TEX AUTO ENTERPRISES LLC,N,,,,,,,,,,,,,,,,,,,,,,0,,,,,,,,,,5,1,0,0,0,1,0,0,0,,,,,,,,
16876382,2,1,Y,N,43,2T3ZFREV3JW424316,2018,17,91,581,104,N,78758,,,,,,,,,,,,N,,,,,,,,,,,,,,,,,,,,,,0,,,,,,,,,,7,2,0,0,0,0,0,0,0,,,,,,,,
16876383,1,1,N,N,43,4T1SK12E2SU518927,1995,10,91,380,104,N,78664,1,2,1,3,12,,,,N,ROCHAS TOWING SERVICE,ROCHAS TOWING SERVICE,N,,,,,,,,,,,,,,,,,,,,,,22,,,,,,,,,,5,1,0,0,0,1,0,0,0,,,,,,,,
16876383,2,1,N,N,43,2CNFLPE58B6383903,2011,16,107,1048,69,N,78660,1,2,6,2,6,,,,N,,,N,,,,,,,,,,,,,,,,,,,,,,0,,,,,,,,,,5,1,0,0,0,1,0,0,0,,,,,,,,
16876384,1,1,N,N,43,JHMCG56422C004115,2002,8,44,236,104,N,78653,2,,2,3,12,,,,N,STARS TOWING,STARS TOWING,N,,,,,,,,,,,,,,,,,,,,,,20,,,,,,,,,,5,1,0,0,1,0,0,1,0,,,,,,,,
16876384,2,1,N,N,43,3VW637AJ6DM284512,2013,21,96,316,104,N,78704,1,1,5,2,6,,,,N,,,N,,,,,,,,,,,,,,,,,,,,,,0,,,,,,,,,,5,1,0,0,0,1,0,0,0,,,,,,,,
16876385,1,1,N,Y,,,,2,37,,69,N,,,,,,,,,,,,,N,,,,,,,,,,,,,,,,,,,,,,35,,,,,,,,,,5,1,0,0,0,0,1,0,0,,,,,,,,
16876385,2,1,N,N,43,1B3BD4FB4BN588389,2011,2,109,549,104,N,78744,2,,,,,,,,,AVILES & GABES WRECKER SERVICE INC.,AVILES & GABES WRECKER SERVICE INC.,N,,,,,,,,,,,,,,,,,,,,,,0,,,,,,,,,,3,1,0,0,1,0,0,1,0,,,,,,,,
16876415,1,1,N,N,43,4T1BG22K8YU993679,2000,21,91,380,104,N,78745,1,2,4,4,3,,,,Y,SOUTHSIDE WRECKER INC,8200 S. CONGRESS AVE,N,,,,,,,,,,,,,,,,,,,,,,37,20,67,,,,,,,,8,1,0,0,0,1,0,0,0,,,,,,,,
16876415,2,1,N,N,43,KNAGM4AD3D5044625,2013,21,55,715,104,N,78721,1,2,4,3,3,,,,N,,,N,,,,,,,,,,,,,,,,,,,,,,0,,,,,,,,,,4,1,0,0,1,0,0,1,0,,,,,,,,
16876416,1,1,N,N,43,1FTFW1ET3EFB28920,2014,2,37,2324,30,N,78741,1,2,3,1,12,,,,N,N/A,N/A,N,,,,,,,,,,,,,,,,,,,,,,0,,,,,,,,,,5,1,0,0,0,1,0,0,0,,,,,,,,
16876416,2,4,,,,,,,,,,,,,,,,,,,,,,,,,,,,,,,,,,,,,,,,,,,,,59,,,,,,,,,,9,1,0,0,0,0,0,0,1,,,,,,,,
16876417,1,1,N,N,43,1HGCP26439A072771,2009,21,44,236,104,N,78681,1,1,2,2,12,,,,N,,,N,,,,,,,,,,,,,,,,,,,,,,0,,,,,,,,,,1,1,0,0,0,1,0,0,0,,,,,,,,
16876417,2,1,N,N,43,5J6RE3H39AL006463,2010,17,44,360,69,N,78729,1,1,11,4,10,,,,N,ARMADA TOWING,ARMADA TOWING,N,,,,,,,,,,,,,,,,,,,,,,0,,,,,,,,,,5,1,0,0,0,1,0,0,0,,,,,,,,
16876417,3,1,N,N,43,JHMFA36289S016433,2009,17,44,256,104,N,78727,1,1,3,5,12,,,,N,620 LAKESIDE TOWING,620 LAKESIDE TOWING,N,,,,,,,,,,,,,,,,,,,,,,0,,,,,,,,,,5,2,0,0,0,1,0,0,0,,,,,,,,
16876418,1,1,N,N,43,1FMZU62K34ZA51762,2004,2,37,554,69,Y,78660,2,,2,6,12,,,,N,620 LAKESIDE TOWING,620 LAKESIDE TOWING,N,,,,,,,,,,,,,,,,,,,,,,67,,,,,,,,,,1,1,0,0,0,1,0,0,0,,,,,,,,
16876418,2,1,N,N,43,5TETX62N45Z036561,2005,17,91,629,30,Y,78729,2,,6,6,6,,,,N,,,N,,,,,,,,,,,,,,,,,,,,,,0,,,,,,,,,,1,1,0,0,0,4,0,0,0,,,,,,,,
16876419,1,1,N,N,43,1FTPX12596NA75106,2006,21,37,2324,30,N,78640,1,2,2,6,12,,,,N,EZ AUTO AND TOWING SERVICE,EZ AUTO AND TOWING SERVICE,N,,,,,,,,,,,,,,,,,,,,,,74,,,,,,,,,,1,1,0,0,1,0,0,1,0,,,,,,,,
16876419,2,1,N,N,43,5XXGT4L38GG020198,2016,9,55,715,104,N,78754,1,2,2,6,12,,,,N,ROCHAS TOWING SERVICE,ROCHAS TOWING SERVICE,N,,,,,,,,,,,,,,,,,,,,,,74,,,,,,,,,,5,1,0,0,0,1,0,0,0,,,,,,,,
16876421,1,1,N,N,43,3C6TRVDG1HE546839,2017,21,710,2522,103,N,,1,7,,,,,,,,,,N,,,,,,,,,,,,,,,,,,,,,,0,,,,,,,,,,5,1,0,0,0,1,0,0,0,,,,,,,,
16876421,2,1,N,N,43,KNAFX4A64E5102859,2014,21,55,1093,104,N,78757,1,1,4,2,2,,,,N,ARMADA TOWING,,N,,,,,,,,,,,,,,,,,,,,,,0,,,,,,,,,,5,1,0,0,0,1,0,0,0,,,,,,,,
16876422,1,1,N,N,43,3HGGK5G54FM749656,2015,9,44,1083,104,N,78753,1,1,1,2,12,,,,N,,,N,,,,,,,,,,,,,,,,,,,,,,0,,,,,,,,,,4,1,0,0,0,1,0,0,0,,,,,,,,
16876422,2,1,N,N,43,1HGCM56807A057025,2007,17,44,236,104,N,78757,1,1,4,4,2,7,4,7,N,LAMONT & SONS,LAMONT & SONS,N,,,,,,,,,,,,,,,,,,,,,,0,,,,,,,,,,3,1,0,0,0,1,0,0,0,,,,,,,,
16876423,1,1,N,N,43,JTMZK31V875012004,2007,21,91,581,69,N,78748,1,1,9,5,9,,,,Y,HARPERS TOWING SERVICE INC,HARPERS TOWING SERVICE INC,N,,,,,,,,,,,,,,,,,,,,,,0,,,,,,,,,,3,1,0,1,0,0,0,1,0,,,,,,,,
16876423,2,1,N,N,43,1GCGG29C881134019,2008,21,107,370,103,N,78758,1,1,11,2,11,,,,N,,,N,,,,,,,,,,,,,,,,,,,,,,0,,,,,,,,,,8,1,0,0,0,0,1,0,0,,,,,,,,
16876424,1,1,N,N,43,1N6AD0ER4GN746316,2016,2,71,634,104,N,78727,1,2,2,3,12,,,,N,,,N,,,,,,,,,,,,,,,,,,,,,,19,,,,,,,,,,3,1,0,0,0,1,0,0,0,,,,,,,,
16876424,2,1,N,N,43,JTEGD20V640040370,2004,17,91,581,104,N,78660,1,2,10,3,6,2,1,12,N,620 LAKESIDE TOWING,620 LAKESIDE TOWING,N,,,,,,,,,,,,,,,,,,,,,,0,,,,,,,,,,3,1,0,1,0,0,0,1,0,,,,,,,,
16876424,3,1,N,N,43,1HGCM82657A006867,2007,2,44,107,0,N,78660,1,2,10,1,6,,,,N,,,N,,,,,,,,,,,,,,,,,,,,,,0,,,,,,,,,,3,2,0,0,0,1,0,0,0,,,,,,,,
16876425,1,1,N,N,43,1FTEW1CG1GKF17955,2016,9,37,2324,30,N,78721,1,2,2,2,12,,,,N,,,N,,,,,,,,,,,,,,,,,,,,,,35,20,,,,,,,,,1,1,0,0,0,1,0,0,0,,,,,,,,
16876425,2,1,N,N,43,WBA2K1C58JVB64472,2018,21,14,21,100,N,78756,1,2,14,7,4,13,6,8,N,MR EAST TOWING,MR EAST TOWING,N,,,,,,,,,,,,,,,,,,,,,,0,,,,,,,,,,7,1,1,0,0,0,0,1,0,,,,,,,,
16876426,1,1,N,N,43,5TDZA22C94S151171,2004,9,91,648,103,N,78753,1,2,4,5,,12,4,1,N,SPECIAL AUTOMOTIVE SERVICE INC,SPECIAL AUTOMOTIVE SERVICE INC,N,,,,,,,,,,,,,,,,,,,,,,15,,,19,,,,,,,8,1,0,0,3,1,0,3,0,,,,,,,,
16876426,2,1,N,N,43,4T1BZ1HK4JU009817,2018,2,91,380,104,N,78749,1,2,15,6,9,2,4,12,N,A-TEX TOWING,5526 1/2 W HWY 290,N,,,,,,,,,,,,,,,,,,,,,,0,,,,,,,,,,7,1,1,1,0,0,0,2,0,,,,,,,,
16876426,3,1,N,N,43,KMHHU6KJ4EU119732,2014,2,45,3563,100,N,78748,1,2,4,2,11,,,,N,,,N,,,,,,,,,,,,,,,,,,,,,,0,,,,,,,,,,4,2,0,0,0,1,0,0,0,,,,,,,,
16876426,4,1,N,N,43,1C4AJWAG6CL164100,2012,16,429,1464,69,N,78732,1,2,3,2,11,,,,N,,,N,,,,,,,,,,,,,,,,,,,,,,0,,,,,,,,,,4,2,0,0,0,1,0,0,0,,,,,,,,
16876427,1,1,N,N,30,2HGES16513H603940,2003,3,44,256,104,N,07079,1,2,1,3,12,,,,N,620 LAKESIDE TOWING,620 LAKESIDE TOWING,N,,,,,,,,,,,,,,,,,,,,,,44,,,,,,,,,,8,1,0,0,0,1,0,0,0,,,,,,,,
16876427,2,1,N,N,43,1FTMF1CW1AKE69951,2010,21,37,2324,104,N,78641,1,2,5,1,6,,,,N,,,N,,,,,,,,,,,,,,,,,,,,,,0,,,,,,,,,,8,1,0,0,0,1,0,0,0,,,,,,,,
16876428,1,1,N,N,43,ZAPM459L165001779,2006,17,95,4384,71,N,78753,1,2,2,3,12,,,,N,ARMADA TOWING,9706 MIDDLE FISKVILLE RD,N,,,,,,,,,,,,,,,,,,,,,,34,,,,,,,,,,3,1,0,1,0,0,0,1,0,,,,,,,,
16876428,2,1,N,N,43,4T1BD1FK5CU022841,2012,2,91,380,104,N,78653,1,2,4,4,12,,,,N,,,N,,,,,,,,,,,,,,,,,,,,,,0,,,,,,,,,,5,1,0,0,0,1,0,0,0,,,,,,,,
16876429,1,1,N,N,43,1G11Z5SL5FU115122,2015,9,107,53,104,N,78759,1,2,2,3,12,,,,N,620 LAKESIDE TOWING,620 LAKESIDE TOWING,N,,,,,,,,,,,,,,,,,,,,,,44,,,,,,,,,,1,1,0,0,0,1,0,0,0,,,,,,,,
16876429,2,1,N,N,43,1FAHP3F21CL355289,2012,21,37,696,104,N,78660,1,2,6,3,6,,,,N,PRONTO WRECKER SERVICE NORTH,PRONTO WRECKER SERVICE NORTH,N,,,,,,,,,,,,,,,,,,,,,,0,,,,,,,,,,1,1,0,0,0,1,0,0,0,,,,,,,,
16876430,1,1,N,N,43,3N1AB7AP5HY329235,2017,21,71,341,104,N,78741,1,2,2,4,1,6,1,6,N,ATX-VIP TOWING SERVICES,ATX-VIP TOWING SERVICES,N,,,,,,,,,,,,,,,,,,,,,,0,,,,,,,,,,1,1,0,0,0,2,0,0,0,,,,,,,,
16876430,2,1,N,N,43,1J4GX48S03C537794,2003,11,429,1116,104,N,78702,1,2,7,2,5,,,,N,,,N,,,,,,,,,,,,,,,,,,,,,,0,,,,,,,,,,1,2,0,0,0,2,0,0,0,,,,,,,,
16876430,3,1,N,N,43,3VW917AU3FM080220,2015,2,96,381,104,N,78721,1,2,2,1,12,6,1,6,N,,,N,,,,,,,,,,,,,,,,,,,,,,0,,,,,,,,,,1,1,0,0,0,1,0,0,0,,,,,,,,
16876430,4,1,N,N,43,ZACCJBDT6FPC45866,2015,21,429,4686,104,N,78741,1,2,2,1,12,,,,,,,N,,,,,,,,,,,,,,,,,,,,,,0,,,,,,,,,,1,2,0,0,0,1,0,0,0,,,,,,,,
16876431,1,1,N,N,43,2HGFC2F70GH513712,2016,16,44,256,104,N,78750,1,1,,,,,,,N,FINGER TOWING SERVICE,FINGER TOWING SERVICE,N,,,,,,,,,,,,,,,,,,,,,,44,,,,,,,,,,5,1,0,0,0,1,0,0,0,,,,,,,,
16876431,2,1,N,N,43,KNAGN4AD6F5090224,2015,17,55,715,104,N,78750,1,1,3,3,12,,,,N,,,N,,,,,,,,,,,,,,,,,,,,,,0,,,,,,,,,,5,1,0,0,0,1,0,0,0,,,,,,,,