Crash_ID,Unit_Nbr,Unit_Desc_ID,Veh_Parked_Fl,Veh_HNR_Fl,Veh_Lic_State_ID,VIN,Veh_Mod_Year,Veh_Color_ID,Veh_Make_ID,Veh_Mod_ID,Veh_Body_Styl_ID,Emer_Respndr_Fl,Ownr_Zip,Fin_Resp_Proof_ID,Fin_Resp_Type_ID,Veh_Dmag_Area_1_ID,Veh_Dmag_Scl_1_ID,Force_Dir_1_ID,Veh_Dmag_Area_2_ID,Veh_Dmag_Scl_2_ID,Force_Dir_2_ID,Veh_Inventoried_Fl,Veh_Transp_Name,Veh_Transp_Dest,Veh_Cmv_Fl,Cmv_Fiveton_Fl,Cmv_Hazmat_Fl,Cmv_Nine_Plus_Pass_Fl,Cmv_Veh_Oper_ID,Cmv_Carrier_ID_Type_ID,Cmv_Carrier_Zip,Cmv_Veh_Type_ID,Cmv_GVWR,Cmv_RGVW,Cmv_Hazmat_Rel_Fl,Hazmat_Cls_1_ID,Hazmat_IDNbr_1_ID,Hazmat_Cls_2_ID,Hazmat_IDNbr_2_ID,Cmv_Cargo_Body_ID,Cmv_Evnt1_ID,Cmv_Evnt2_ID,Cmv_Evnt3_ID,Cmv_Evnt4_ID,Cmv_Tot_Axle,Cmv_Tot_Tire,Contrib_Factr_1_ID,Contrib_Factr_2_ID,Contrib_Factr_3_ID,Contrib_Factr_P1_ID,Contrib_Factr_P2_ID,Veh_Dfct_1_ID,Veh_Dfct_2_ID,Veh_Dfct_3_ID,Veh_Dfct_P1_ID,Veh_Dfct_P2_ID,Veh_Trvl_Dir_ID,First_Harm_Evt_Inv_ID,Sus_Serious_Injry_Cnt,Nonincap_Injry_Cnt,Poss_Injry_Cnt,Non_Injry_Cnt,Unkn_Injry_Cnt,Tot_Injry_Cnt,Death_Cnt,Cmv_Disabling_Damage_Fl,Cmv_Bus_Type_ID,Trlr_GVWR,Trlr_RGVW,Trlr_Type_ID,Trlr_Disabling_Dmag_ID,Cmv_Intermodal_Container_Permit_Fl,CMV_Actual_Gross_Weight
16876432,1,1,N,N,43,1G1JF52F237234162,2003,21,107,300,104,N,,1,1,16,5,2,,,,N,ROCHAS TOWING SERVICE,ROCHAS TOWING SERVICE,N,,,,,,,,,,,,,,,,,,,,,,41,,,20,,,,,,,7,1,0,0,1,0,0,1,0,,,,,,,,
16876433,1,1,N,N,24,1G6DM57TX60106132,2006,2,106,728,104,N,77302,1,1,2,3,12,,,,N,AVILES & GABES WRECKER SERVICE INC.,AVILES & GABES WRECKER SERVICE INC.,N,,,,,,,,,,,,,,,,,,,,,,20,,,,,,,,,,4,1,0,0,0,1,0,0,0,,,,,,,,
16876433,2,1,N,N,43,1FBZX2ZM4HKA97423,2017,17,37,2324,30,N,78758,1,1,6,1,6,,,,N,,,N,,,,,,,,,,,,,,,,,,,,,,0,,,,,,,,,,4,1,0,0,0,1,0,0,0,,,,,,,,
16876434,1,1,N,N,43,1C4RJEBT6EC274379,2014,9,429,1116,69,N,78753,1,2,2,1,12,,,,N,,,N,,,,,,,,,,,,,,,,,,,,,,20,16,,,,,,,,,7,1,0,0,0,1,0,0,0,,,,,,,,
16876434,2,1,N,N,43,JTDZN3EU5HJ066698,2017,21,91,4329,104,N,78757,1,2,4,1,2,,,,Y,620 LAKESIDE TOWING,620 LAKESIDE TOWING,N,,,,,,,,,,,,,,,,,,,,,,0,,,,,,,,,,1,1,0,0,0,1,0,0,0,,,,,,,,
16876435,1,1,N,N,43,5FNYF6H75HB069320,2017,9,44,761,69,N,78757,1,2,11,3,9,16,3,5,N,STARS TOWING,STARS TOWING,N,,,,,,,,,,,,,,,,,,,,,,47,,,,,,,,,,1,1,0,0,1,0,0,1,0,,,,,,,,
16876435,2,1,N,N,43,WMWWG9C57G3A92508,2016,19,115,742,100,N,78703,1,2,11,3,9,,,,N,620 LAKESIDE TOWING,620 LAKESIDE TOWING,N,,,,,,,,,,,,,,,,,,,,,,0,,,,,,,,,,1,2,0,1,0,0,0,1,0,,,,,,,,
16876436,1,1,N,N,43,3D7ML48C86G264205,2006,3,109,2280,30,N,78634,2,,4,4,2,,,,Y,ROCHAS TOWING SERVICE,ROCHAS TOWING SERVICE,N,,,,,,,,,,,,,,,,,,,,,,37,,,,,,,,,,6,1,0,0,0,1,0,0,0,,,,,,,,
16876436,2,1,N,N,43,2B3CJ4DV4AH159805,2010,16,109,73,100,N,78724,1,1,2,4,10,,,,Y,EZ AUTO AND TOWING SERVICE,EZ AUTO AND TOWING SERVICE,N,,,,,,,,,,,,,,,,,,,,,,0,,,,,,,,,,2,1,0,0,0,1,0,0,0,,,,,,,,
16876437,1,1,N,N,43,2GCEC13Z471172883,2013,3,107,2236,30,N,76548,1,1,2,4,12,,,,N,SOUTHSIDE WRECKER INC,8200 S. CONGRESS AVE,N,,,,,,,,,,,,,,,,,,,,,,44,,,,,,,,,,1,1,0,0,0,1,0,0,0,,,,,,,,
16876437,2,1,N,N,43,2FMDK3AK7BBB27032,2011,,37,1035,69,N,78746,1,1,6,2,6,,,,N,,,N,,,,,,,,,,,,,,,,,,,,,,0,,,,,,,,,,1,1,0,0,0,1,0,0,0,,,,,,,,
16876479,1,1,N,N,43,JM3ER2W55A0347942,2010,3,63,1008,69,N,78640,1,1,4,1,,,,,N,AVILES & GABES WRECKER SERVICE INC.,AVILES & GABES WRECKER SERVICE INC.,N,,,,,,,,,,,,,,,,,,,,,,34,,,20,,,,,,,7,1,0,0,0,1,0,0,0,,,,,,,,
16876479,2,1,N,N,43,3VWLA7AJ6FM286496,2015,18,96,316,104,N,78703,1,1,7,1,7,,,,N,,,N,,,,,,,,,,,,,,,,,,,,,,0,,,,,,,,,,5,1,0,0,0,1,0,0,0,,,,,,,,
16876480,1,1,N,N,43,19XFC1F35GE012249,2016,17,44,256,104,N,78749,1,2,2,3,12,7,1,6,Y,A-TEX TOWING,A-TEX TOWING,N,,,,,,,,,,,,,,,,,,,,,,44,,,,,,,,,,2,1,0,0,0,1,0,0,0,,,,,,,,
16876480,2,1,N,N,43,2G2WP552871212444,2007,17,118,154,104,N,78245,1,2,6,2,6,2,2,12,,,,N,,,,,,,,,,,,,,,,,,,,,,0,,,,,,,,,,2,1,0,0,1,0,0,1,0,,,,,,,,
16876480,3,1,N,N,43,3GNAXKEX5JS553021,2018,9,107,1048,69,N,78736,1,2,6,2,6,2,2,12,,,,N,,,,,,,,,,,,,,,,,,,,,,0,,,,,,,,,,2,2,0,1,0,0,0,1,0,,,,,,,,
16876480,4,1,N,N,43,1HGCV1F94JA112789,2018,9,44,236,104,N,78610,1,2,6,2,6,,,,,,,N,,,,,,,,,,,,,,,,,,,,,,0,,,,,,,,,,2,2,0,0,0,1,0,0,0,,,,,,,,
16876480,5,1,N,N,43,1GKS2CKJ2FR703831,2015,2,39,479,69,N,78746,1,2,12,1,1,,,,,,,N,,,,,,,,,,,,,,,,,,,,,,0,,,,,,,,,,2,2,0,0,0,1,0,0,0,,,,,,,,
16876481,1,1,N,N,43,JKAEX8B18HDA37417,2017,2,53,3770,71,N,78664,1,2,10,2,1,,,,Y,,,N,,,,,,,,,,,,,,,,,,,,,,22,,,,,,,,,,2,1,0,1,0,0,0,1,0,,,,,,,,
16876482,1,1,N,N,43,JM1BL1TF3D1812544,2013,17,63,3917,104,N,,1,2,2,5,12,,,,Y,BULLET TOWING,BULLET TOWING,N,,,,,,,,,,,,,,,,,,,,,,44,,,,,,,,,,5,1,0,0,0,1,0,0,0,,,,,,,,
16876482,2,1,N,N,43,4F4YR12UX2TM06066,2002,21,63,2469,30,N,78703,1,2,6,1,6,,,,N,,,N,,,,,,,,,,,,,,,,,,,,,,0,,,,,,,,,,5,1,0,0,0,1,0,0,0,,,,,,,,
16876483,1,1,N,N,43,1NXBR32E06Z578198,2006,9,91,173,104,N,78758,2,,4,4,12,,,,N,,,N,,,,,,,,,,,,,,,,,,,,,,19,,,78,,,,,,,5,1,0,0,0,1,0,0,0,,,,,,,,
16876483,2,1,N,N,43,WDDHF5GB3BA416553,2011,9,65,118,104,N,78753,1,1,5,2,6,,,,,,,N,,,,,,,,,,,,,,,,,,,,,,0,,,,,,,,,,5,1,0,0,1,0,0,1,0,,,,,,,,
16876484,1,1,N,N,43,4T1BK36B36U081182,2006,2,91,563,104,N,78665,1,2,2,4,12,,,,N,FINGER TOWING SERVICE,FINGER TOWING SERVICE,N,,,,,,,,,,,,,,,,,,,,,,,,,19,,,,,,,1,1,0,0,1,0,0,1,0,,,,,,,,
16876484,2,1,N,N,43,WDC0G4JB9HF155619,2017,2,65,1110,69,N,78757,1,2,6,2,6,,,,N,N/A,N/A,N,,,,,,,,,,,,,,,,,,,,,,0,,,,,,,,,,1,1,0,0,0,1,0,0,0,,,,,,,,
16876485,1,1,N,N,43,1C3CDFBB1GD538345,2016,2,109,78,104,N,78753,1,2,2,5,12,,,,Y,STARS TOWING,STARS TOWING,N,,,,,,,,,,,,,,,,,,,,,,20,,,,,,,,,,5,1,0,1,0,0,0,1,0,,,,,,,,
16876485,2,1,N,N,43,5GTDN136368260016,2006,2,112,2373,69,N,78664,1,2,3,3,1,,,,N,,,N,,,,,,,,,,,,,,,,,,,,,,0,,,,,,,,,,3,1,0,0,0,1,0,0,0,,,,,,,,
16876485,3,1,N,N,43,2HGFB2F85EH538971,2014,2,44,256,104,N,78633,1,2,14,2,5,,,,N,,,N,,,,,,,,,,,,,,,,,,,,,,20,,,,,,,,,,3,2,0,0,0,1,0,0,0,,,,,,,,
16876486,1,1,N,N,14,3AKJGEDV7ESFX7858,2014,21,38,1524,87,N,33178,1,2,7,2,8,,,,,SOUTHSIDE WRECKER INC,UNKNOWN,Y,Y,N,N,1,2,65806,0,23587,0,N,,,,,3,13,,,,,,0,,,,,,,,,,1,1,0,0,0,1,0,0,0,Y,0,,,,,N,
16876486,2,6,,,,,,,,,,,33178,,,,,,,,,,,,,,,,,,,,,,,,,,,,,,,,,,0,,,,,,,,,,9,2,0,0,0,0,0,0,0,,,40000,0,2,N,,
16876486,3,1,N,Y,43,1GNEC13T51R194831,2001,3,107,547,104,N,78228,,,,,,,,,,,,N,,,,,,,,,,,,,,,,,,,,,,0,,,,,,,,,,1,1,0,0,0,0,1,0,0,,,,,,,,
16876487,1,1,N,N,43,1G1FB1RS3H0145326,2017,2,107,46,100,N,78744,1,1,2,5,12,,,,N,ATX-VIP TOWING SERVICES,ATX-VIP TOWING SERVICES,N,,,,,,,,,,,,,,,,,,,,,,,,,20,,,,,,,1,1,0,0,0,1,0,0,0,,,,,,,,
16876487,2,1,N,N,43,1FTPW14V87KC20591,2007,2,37,2324,30,N,,1,1,6,1,6,,,,N,,,N,,,,,,,,,,,,,,,,,,,,,,0,,,,,,,,,,1,1,0,0,0,1,0,0,0,,,,,,,,
16876489,1,1,N,N,43,1C6RREMT9KN700675,2019,9,109,2275,30,N,74134,1,2,2,4,12,,,,N,BULLET TOWING,BULLET TOWING,N,,,,,,,,,,,,,,,,,,,,,,44,,,19,,,,,,,3,1,0,0,0,1,0,0,0,,,,,,,,
16876489,2,1,N,N,43,1HGFA16597L127968,2007,3,44,256,104,N,78621,1,2,6,6,6,2,2,12,N,AVILES & GABES WRECKER SERVICE INC.,AVILES & GABES WRECKER SERVICE INC.,N,,,,,,,,,,,,,,,,,,,,,,0,,,,,,,,,,3,1,0,0,1,0,0,1,0,,,,,,,,
16876489,3,1,N,N,43,1FMEU6DE5AUA98984,2010,21,37,601,69,N,78660,1,1,6,1,6,,,,N,NOT TOWED,NOT TOWED,N,,,,,,,,,,,,,,,,,,,,,,44,,,19,,,,,,,3,2,0,0,0,1,0,0,0,,,,,,,,
16876490,1,1,N,N,43,3D73Y4CL9AG164577,2010,2,109,2275,106,N,78640,1,2,2,2,12,,,,N,,,N,,,,,,,,,,,,,,,,,,,,,,20,,,,,,,,,,5,1,0,0,0,1,0,0,0,,,,,,,,
16876490,2,1,N,N,43,WDDGJ4HB4DG006539,2013,9,65,671,100,N,78666,1,2,2,3,12,6,3,6,N,,,N,,,,,,,,,,,,,,,,,,,,,,0,,,,,,,,,,5,1,0,0,0,1,0,0,0,,,,,,,,
16876490,3,1,N,N,43,1FAHP24W08G183272,2008,17,37,376,104,N,78130,1,2,6,2,6,,,,N,,,N,,,,,,,,,,,,,,,,,,,,,,0,,,,,,,,,,5,2,0,0,0,1,0,0,0,,,,,,,,
16876491,1,1,N,N,43,1N4AL2AP1CN525505,2012,17,71,500,104,N,76537,2,,2,6,12,,,,Y,A & A WRECKER SOUTH,A & A WRECKER SOUTH,N,,,,,,,,,,,,,,,,,,,,,,,,,22,,,,,,,8,1,0,0,0,1,0,0,0,,,,,,,,
16876491,2,1,N,N,43,3D73Y3CL6BG607487,2011,2,109,2281,30,N,78634,1,2,6,1,6,,,,N,,,N,,,,,,,,,,,,,,,,,,,,,,0,,,,,,,,,,8,1,0,0,0,1,0,0,0,,,,,,,,
16876492,1,1,N,N,43,JTHBA1D22G5005980,2016,9,58,1156,104,N,78747,1,1,10,4,3,,,,N,NA,NA,N,,,,,,,,,,,,,,,,,,,,,,37,,,20,,,,,,,7,1,0,0,2,0,0,2,0,,,,,,,,
16876492,2,1,N,N,43,KNDJT2A62D7589060,2013,17,55,1357,104,N,76401,1,1,2,4,12,,,,N,EZ AUTO AND TOWING SERVICE,8917 CIRCLE DR,N,,,,,,,,,,,,,,,,,,,,,,0,,,,,,,,,,3,1,0,0,0,2,0,0,0,,,,,,,,
16876493,1,1,N,N,43,JM1NB354750414235,2005,16,63,2479,100,N,78610,1,2,11,3,9,,,,Y,ARMADA TOWING,ARMADA TOWING,N,,,,,,,,,,,,,,,,,,,,,,0,,,,,,,,,,7,1,0,0,0,1,0,0,0,,,,,,,,
16876493,2,1,N,N,43,3N1AB7APXJY294035,2018,17,71,341,104,N,74134,2,,2,2,12,,,,Y,HARPERS TOWING SERVICE INC,HARPERS TOWING SERVICE INC,N,,,,,,,,,,,,,,,,,,,,,,0,,,,,,,,,,1,1,0,1,0,0,0,1,0,,,,,,,,
16876494,1,1,N,N,43,1C4BJWCG6HL710127,2017,18,429,1464,92,N,78723,1,2,11,1,9,,,,N,,,N,,,,,,,,,,,,,,,,,,,,,,0,,,,,,,,,,4,1,0,0,0,1,0,0,0,,,,,,,,
16876494,2,4,,,,,,,,,,,,,,,,,,,,,,,,,,,,,,,,,,,,,,,,,,,,,16,22,,,,,,,,,9,1,1,0,0,0,0,1,0,,,,,,,,
16876495,1,1,N,N,43,2FMDK36CX8BA43006,2008,2,37,1035,104,N,78617,1,1,4,3,2,3,2,11,Y,BULLET TOWING,BULLET TOWING,N,,,,,,,,,,,,,,,,,,,,,,0,,,,,,,,,,6,1,0,0,1,0,0,1,0,,,,,,,,
16876496,1,1,N,N,43,5FNRL6H53KB043480,2019,3,44,571,103,N,78746,1,2,6,3,6,,,,N,,,N,,,,,,,,,,,,,,,,,,,,,,0,,,,,,,,,,1,1,0,0,0,2,0,0,0,,,,,,,,
16876496,2,1,N,N,43,1HGCV1F52JA203282,2018,9,44,236,104,N,78739,1,2,2,2,12,,,,Y,A-TEX TOWING,5526 1/2 W HWY 290,N,,,,,,,,,,,,,,,,,,,,,,0,,,,,,,,,,1,1,0,0,0,1,0,0,0,,,,,,,,
16876497,1,1,N,N,43,2FMDK3JC8CBA61861,2012,10,37,1035,69,N,78660,1,1,11,2,10,,,,N,,,N,,,,,,,,,,,,,,,,,,,,,,0,,,,,,,,,,5,1,0,0,0,1,0,0,0,,,,,,,,
16876497,2,4,,,,,,,,,,,,,,,,,,,,,,,,,,,,,,,,,,,,,,,,,,,,,0,,,,,,,,,,9,1,0,1,0,0,0,1,0,,,,,,,,
16876498,1,1,N,N,43,5J6RE3H71BL052843,2011,9,44,107,69,N,78681,1,1,2,5,12,,,,Y,SOUTHSIDE WRECKER INC,SOUTHSIDE,N,,,,,,,,,,,,,,,,,,,,,,0,,,,,,,,,,11,1,0,0,0,1,0,0,0,,,,,,,,
16876498,2,1,N,N,43,JM1BK12G471723180,2007,3,63,3917,104,N,78741,1,1,6,5,6,,,,N,STARS TOWING,STARS TOWING,N,,,,,,,,,,,,,,,,,,,,,,0,,,,,,,,,,11,1,0,0,0,0,0,0,0,,,,,,,,
16876499,1,1,N,N,43,1G1ZS58F17F308320,2007,8,107,56,104,N,78753,1,2,11,5,10,29,0,,N,EZ AUTO AND TOWING SERVICE,EZ AUTO AND TOWING SERVICE,N,,,,,,,,,,,,,,,,,,,,,,60,,,,,6,,,,,1,1,0,0,1,0,0,1,0,,,,,,,,
16876500,1,1,N,N,43,3VWDT81K86M027764,2006,9,96,316,104,N,78701,1,1,2,3,12,,,,N,ARMADA TOWING,ARMADA TOWING,N,,,,,,,,,,,,,,,,,,,,,,0,,,,,,,,,,5,1,0,0,0,2,0,0,0,,,,,,,,
16876500,2,4,,,,,,,,,,,,,,,,,,,,,,,,,,,,,,,,,,,,,,,,,,,,,45,59,74,,,,,,,,9,1,0,0,0,0,0,0,1,,,,,,,,
16876501,1,1,N,N,43,2GNALDEK7D6198271,2013,3,107,1048,69,N,78741,1,2,2,5,10,,,,N,ROCHAS TOWING SERVICE,ROCHAS TOWING SERVICE,N,,,,,,,,,,,,,,,,,,,,,,35,,,,,,,,,,1,1,0,0,1,0,0,1,0,,,,,,,,
16876501,2,1,N,N,43,1G1PC5SBXF7189735,2015,2,107,2209,104,N,78741,1,2,4,4,1,,,,N,ROCHAS TOWING SERVICE,ROCHAS TOWING SERVICE,N,,,,,,,,,,,,,,,,,,,,,,0,,,,,,,,,,3,1,0,0,1,0,0,1,0,,,,,,,,
16876502,1,1,N,N,43,JTKKT624350100211,2005,17,91,2574,104,N,78724,1,2,5,5,6,2,1,12,N,MR EAST TOWING,MR EAST TOWING,N,,,,,,,,,,,,,,,,,,,,,,22,,,,,,,,,,4,1,0,0,0,1,0,0,0,,,,,,,,
16876504,1,1,N,N,43,1HGEJ6527TL038636,1996,10,44,256,104,Y,78758,1,1,12,5,2,,,,N,,,N,,,,,,,,,,,,,,,,,,,,,,22,23,,,,,,,,,3,1,0,0,0,1,0,0,0,,,,,,,,
16876504,2,1,N,N,43,JTHBK1GG7E2121128,2014,9,58,1052,104,Y,78230,1,1,11,5,11,,,,N,ARMADA TOWING,ARMADA TOWING,N,,,,,,,,,,,,,,,,,,,,,,0,,,,,,,,,,3,1,0,0,0,1,0,0,0,,,,,,,,
16876527,1,1,N,N,43,3GNEC16Z53G184836,2003,2,107,249,69,N,78725,1,1,4,6,12,,,,Y,EZ AUTO AND TOWING SERVICE,EZ AUTO AND TOWING SERVICE,N,,,,,,,,,,,,,,,,,,,,,,74,,,,,,,,,,7,1,0,0,0,1,0,0,0,,,,,,,,
16876527,2,1,N,N,43,WMWZB3C55EWR41536,2014,3,115,742,100,N,78717,1,1,7,4,6,,,,N,,,N,,,,,,,,,,,,,,,,,,,,,,0,,,,,,,,,,7,1,0,0,0,1,0,0,0,,,,,,,,
16876528,1,1,N,N,43,2HGFG3B53CH519853,2012,,44,256,100,N,78728,1,1,,,,,,,,AVILES AND GABES,AVILES & GABES WRECKER SERVICE INC.,N,,,,,,,,,,,,,,,,,,,,,,20,,,,,,,,,,5,1,0,0,0,1,0,0,0,,,,,,,,
16876528,2,1,N,N,43,5XYZTDLB0HG417739,2017,21,45,377,69,N,78728,1,1,,,,,,,,,,N,,,,,,,,,,,,,,,,,,,,,,0,,,,,,,,,,5,1,0,0,0,1,0,0,0,,,,,,,,
16876529,1,1,N,N,43,JHLRD68474C022171,2004,2,44,605,69,N,78758,1,2,2,3,12,,,,Y,STARS TOWING,STARS TOWING,N,,,,,,,,,,,,,,,,,,,,,,60,,,,,,,,,,6,1,0,0,0,1,0,0,0,,,,,,,,
16876529,2,1,N,N,43,1N6AA07A24N561953,2004,17,71,1397,30,N,78744,1,2,6,2,6,2,1,12,N,,,N,,,,,,,,,,,,,,,,,,,,,,0,,,,,,,,,,6,1,0,1,0,1,0,1,0,,,,,,,,
16876529,3,1,N,N,43,2T1BURHE6HC912893,2017,17,91,173,104,N,78723,1,2,6,1,6,,,,N,,,N,,,,,,,,,,,,,,,,,,,,,,0,,,,,,,,,,6,2,0,1,0,0,0,1,0,,,,,,,,
16876531,1,1,N,N,43,1N6BA1F42JN516562,2018,21,71,1397,30,N,,1,2,3,1,11,,,,N,,,N,,,,,,,,,,,,,,,,,,,,,,20,66,,,,,,,,,8,1,0,0,0,2,0,0,0,,,,,,,,
16876531,2,1,N,N,43,1N4AL3APXDN524117,2013,2,71,500,104,N,78724,2,,,,,,,,Y,AVILES & GABES WRECKER SERVICE INC.,2311 W HOWARD LN AUSTIN TEXAS,N,,,,,,,,,,,,,,,,,,,,,,0,,,,,,,,,,8,1,0,4,0,0,0,4,0,,,,,,,,
16876532,1,1,N,Y,43,4T1B11HKXJU602718,2018,3,91,380,104,N,78703,1,2,4,1,12,,,,N,,,N,,,,,,,,,,,,,,,,,,,,,,20,38,66,25,,,,,,,3,1,0,0,0,0,1,0,0,,,,,,,,
16876532,2,3,,,,,,,,,,,,,,,,,,,,,,,,,,,,,,,,,,,,,,,,,,,,,0,,,,,,,,,,9,1,0,1,0,0,0,1,0,,,,,,,,
16876533,1,1,N,N,43,JTDKB22U767060999,2006,3,91,702,104,N,78728,1,2,14,1,3,,,,N,,,N,,,,,,,,,,,,,,,,,,,,,,4,,,,,,,,,,5,1,0,0,0,1,0,0,0,,,,,,,,
16876533,2,1,N,N,43,3AKJGLD64ESFM1378,2014,3,38,1524,0,N,75216,1,2,11,1,11,,,,N,,,Y,Y,N,N,2,2,75162,9,80000,0,N,,,,,5,13,,,,,,0,,,,,,,,,,5,1,0,0,0,1,0,0,0,N,0,,,,,N,
16876533,3,6,,,,,,,,,,,75216,,,,,,,,,,,,,,,,,,,,,,,,,,,,,,,,,,0,,,,,,,,,,9,2,0,0,0,0,0,0,0,,,0,68000,2,N,,
16876534,1,1,N,Y,113,,,8,208,763,69,N,,,,,,,,,,,,,N,,,,,,,,,,,,,,,,,,,,,,35,,,,,,,,,,4,1,0,0,0,0,1,0,0,,,,,,,,
16876534,2,1,N,N,43,JTDKN3DU7B1419324,2011,16,91,702,104,N,78621,1,2,16,2,3,,,,Y,SPECIAL AUTOMOTIVE SERVICE INC,SPECIAL AUTOMOTIVE SERVICE INC,N,,,,,,,,,,,,,,,,,,,,,,0,,,,,,,,,,6,1,0,0,0,1,0,0,0,,,,,,,,
16876819,1,1,N,N,43,1GCEC14V81Z329311,2001,16,107,2236,30,N,78754,1,1,16,6,3,,,,N,,,N,,,,,,,,,,,,,,,,,,,,,,34,,,,,,,,,,6,1,0,0,0,1,0,0,0,,,,,,,,
16876819,2,1,N,N,43,5NPE24AF4GH417323,2016,16,45,462,104,N,78634,1,1,2,5,12,,,,N,ROCHAS TOWING SERVICE,ROCHAS TOWING SERVICE,N,,,,,,,,,,,,,,,,,,,,,,0,,,,,,,,,,2,1,0,0,0,2,0,0,0,,,,,,,,
16876820,1,1,N,N,43,KMHHT6KD6AU028517,2010,21,45,3563,100,N,78722,1,1,7,3,4,,,,N,,,N,,,,,,,,,,,,,,,,,,,,,,34,,,,,,,,,,8,1,0,0,0,2,0,0,0,,,,,,,,
16876820,2,1,N,N,43,1C4HJWEG2EL182282,2014,21,429,3662,69,N,,1,1,4,3,2,,,,N,,,N,,,,,,,,,,,,,,,,,,,,,,0,,,,,,,,,,2,1,0,0,0,3,0,0,0,,,,,,,,
16876821,1,1,N,N,43,JTDKB20U057013198,2005,17,91,702,104,N,78704,1,1,4,4,2,,,,N,MR EAST TOWING,MR EAST TOWING,N,,,,,,,,,,,,,,,,,,,,,,35,,,,,,,,,,5,1,0,0,0,1,0,0,0,,,,,,,,
16876821,2,1,N,N,43,KNDJN2A22E7097671,2014,21,55,1357,104,N,,1,1,3,3,2,,,,N,EZ AUTO AND TOWING SERVICE,EZ AUTO AND TOWING SERVICE,N,,,,,,,,,,,,,,,,,,,,,,0,,,,,,,,,,3,1,0,1,0,1,0,1,0,,,,,,,,
16876822,1,1,N,N,43,1GNFC23039R189817,2009,17,107,547,104,N,78617,1,1,2,2,12,,,,Y,SPECIAL AUTOMOTIVE SERVICE INC,SPECIAL AUTOMOTIVE SERVICE INC,N,,,,,,,,,,,,,,,,,,,,,,16,,,,,,,,,,1,1,0,0,0,1,0,0,0,,,,,,,,
16876822,2,1,N,N,43,1GNERGKW7JJ137963,2018,15,107,1414,104,N,78617,1,1,13,2,7,,,,Y,A-TEX TOWING,5526 1/2 W HWY 290,N,,,,,,,,,,,,,,,,,,,,,,0,,,,,,,,,,7,1,0,0,2,0,0,2,0,,,,,,,,
16876823,1,1,N,N,43,2GNALBEK3D6388931,2013,2,107,1048,69,N,,1,1,4,4,11,,,,N,STARS TOWING,STARS TOWING,N,,,,,,,,,,,,,,,,,,,,,,44,,,,,,,,,,5,1,0,0,0,3,0,0,0,,,,,,,,
16876823,2,1,N,N,43,2HGFC2F7XGH577837,2016,21,44,256,104,N,78660,1,1,8,4,5,,,,,,,N,,,,,,,,,,,,,,,,,,,,,,0,,,,,,,,,,5,1,0,0,0,1,0,0,0,,,,,,,,
16876824,1,1,N,N,43,KNAFE121485555875,2008,8,55,717,104,N,78748,1,1,4,4,1,2,3,12,Y,HARPERS TOWING SERVICE INC,HARPERS TOWING SERVICE INC,N,,,,,,,,,,,,,,,,,,,,,,46,,,,,,,,,,5,1,0,0,1,0,0,1,0,,,,,,,,
16876824,2,1,N,N,43,KMHDB8AE2AU085496,2010,2,45,377,104,N,78748,1,1,10,4,3,,,,Y,ROCHAS TOWING SERVICE,ROCHAS TOWING SERVICE,N,,,,,,,,,,,,,,,,,,,,,,0,,,,,,,,,,5,1,0,0,0,1,0,0,0,,,,,,,,
16876825,1,1,N,N,43,JN8AZ1MU3CW106347,2012,2,71,777,69,N,78731,1,1,2,1,12,,,,,,,N,,,,,,,,,,,,,,,,,,,,,,44,,,,,,,,,,4,1,0,0,0,1,0,0,0,,,,,,,,
16876825,2,1,N,N,43,1FTMF1CF7EKF79182,2014,21,37,2324,30,N,78702,4,,6,1,6,,,,,,,N,,,,,,,,,,,,,,,,,,,,,,0,,,,,,,,,,4,1,0,0,0,1,0,0,0,,,,,,,,
16876826,1,1,N,Y,43,5TFUW5F19AX127058,2010,11,91,687,30,N,76136,2,,2,4,12,,,,N,AUS-TEX AUTO ENTERPRISES LLC,AUS-TEX AUTO ENTERPRISES LLC,N,,,,,,,,,,,,,,,,,,,,,,22,,,44,,,,,,,6,1,0,0,0,0,1,0,0,,,,,,,,
16876826,2,1,N,N,43,5XXGU4L32GG064033,2016,17,55,715,104,N,78728,1,2,6,2,6,,,,N,,,N,,,,,,,,,,,,,,,,,,,,,,0,,,,,,,,,,6,1,0,0,0,2,0,0,0,,,,,,,,
16876826,3,1,N,N,43,1GNSCBKC4GR315464,2016,2,107,547,104,N,76119,1,1,7,2,6,,,,,,,N,,,,,,,,,,,,,,,,,,,,,,0,,,,,,,,,,6,2,0,0,0,7,0,0,0,,,,,,,,
16876827,1,1,N,N,43,1GNEC13V84R227178,2004,,107,547,69,N,78745,1,2,1,5,12,,,,N,ROCHAS TOWING SERVICE,ROCHAS TOWING SERVICE,N,,,,,,,,,,,,,,,,,,,,,,74,,,,,,,,,,5,1,0,0,0,2,0,0,0,,,,,,,,
16876827,2,1,N,N,43,JHLRD28441S006889,2001,10,44,605,69,N,78747,3,2,6,2,6,,,,N,NONE,NONE,N,,,,,,,,,,,,,,,,,,,,,,0,,,,,,,,,,5,1,0,0,0,1,0,0,0,,,,,,,,
16876828,1,1,N,N,43,2D4FV48V95H596220,2005,1,109,225,104,N,78724,2,,2,4,12,,,,N,SPECIAL AUTOMOTIVE SERVICE INC,SPECIAL AUTOMOTIVE SERVICE INC,N,,,,,,,,,,,,,,,,,,,,,,44,20,,,,,,,6,,5,1,0,0,0,1,0,0,0,,,,,,,,