Crash_ID,Unit_Nbr,Unit_Desc_ID,Veh_Parked_Fl,Veh_HNR_Fl,Veh_Lic_State_ID,VIN,Veh_Mod_Year,Veh_Color_ID,Veh_Make_ID,Veh_Mod_ID,Veh_Body_Styl_ID,Emer_Respndr_Fl,Ownr_Zip,Fin_Resp_Proof_ID,Fin_Resp_Type_ID,Veh_Dmag_Area_1_ID,Veh_Dmag_Scl_1_ID,Force_Dir_1_ID,Veh_Dmag_Area_2_ID,Veh_Dmag_Scl_2_ID,Force_Dir_2_ID,Veh_Inventoried_Fl,Veh_Transp_Name,Veh_Transp_Dest,Veh_Cmv_Fl,Cmv_Fiveton_Fl,Cmv_Hazmat_Fl,Cmv_Nine_Plus_Pass_Fl,Cmv_Veh_Oper_ID,Cmv_Carrier_ID_Type_ID,Cmv_Carrier_Zip,Cmv_Veh_Type_ID,Cmv_GVWR,Cmv_RGVW,Cmv_Hazmat_Rel_Fl,Hazmat_Cls_1_ID,Hazmat_IDNbr_1_ID,Hazmat_Cls_2_ID,Hazmat_IDNbr_2_ID,Cmv_Cargo_Body_ID,Cmv_Evnt1_ID,Cmv_Evnt2_ID,Cmv_Evnt3_ID,Cmv_Evnt4_ID,Cmv_Tot_Axle,Cmv_Tot_Tire,Contrib_Factr_1_ID,Contrib_Factr_2_ID,Contrib_Factr_3_ID,Contrib_Factr_P1_ID,Contrib_Factr_P2_ID,Veh_Dfct_1_ID,Veh_Dfct_2_ID,Veh_Dfct_3_ID,Veh_Dfct_P1_ID,Veh_Dfct_P2_ID,Veh_Trvl_Dir_ID,First_Harm_Evt_Inv_ID,Sus_Serious_Injry_Cnt,Nonincap_Injry_Cnt,Poss_Injry_Cnt,Non_Injry_Cnt,Unkn_Injry_Cnt,Tot_Injry_Cnt,Death_Cnt,Cmv_Disabling_Damage_Fl,Cmv_Bus_Type_ID,Trlr_GVWR,Trlr_RGVW,Trlr_Type_ID,Trlr_Disabling_Dmag_ID,Cmv_Intermodal_Container_Permit_Fl,CMV_Actual_Gross_Weight
16876828,2,1,N,N,43,2HKRM3H35FH556876,2015,9,44,605,104,N,78752,2,,6,3,6,2,1,12,N,,,N,,,,,,,,,,,,,,,,,,,,,,0,,,,,,,,,,5,1,0,0,1,0,0,1,0,,,,,,,,
16876828,3,1,N,N,43,JN8AE2KP7F9126327,2015,17,71,501,104,N,78617,1,1,6,1,6,,,,N,,,N,,,,,,,,,,,,,,,,,,,,,,0,,,,,,,,,,5,2,0,0,0,1,0,0,0,,,,,,,,
16876829,1,1,N,N,43,1HGCM56887A115902,2007,8,44,236,104,N,78602,1,1,4,6,1,,,,N,AVILES & GABES WRECKER SERVICE INC.,AVILES & GABES WRECKER SERVICE INC.,N,,,,,,,,,,,,,,,,,,,,,,37,,,,,,,,,,1,1,0,0,0,1,0,0,0,,,,,,,,
16876829,2,1,N,N,43,JM1DE1HY9B0114276,2011,21,63,2472,104,N,78721,1,1,2,6,1,,,,N,EZ AUTO AND TOWING SERVICE,EZ AUTO AND TOWING SERVICE,N,,,,,,,,,,,,,,,,,,,,,,0,,,,,,,,,,5,1,0,0,1,0,0,1,0,,,,,,,,
16876830,1,1,N,N,43,1N4AL3AP8FN366265,2015,9,71,500,104,N,78723,1,2,2,4,11,,,,Y,MR EAST TOWING,MR EAST TOWING,N,,,,,,,,,,,,,,,,,,,,,,20,,,,,,,,,,5,1,0,0,0,1,0,0,0,,,,,,,,
16876830,2,1,N,N,43,1FMRU17W33LB81217,2003,2,37,601,69,N,78752,1,2,4,3,2,,,,Y,EZ AUTO AND TOWING SERVICE,EZ AUTO AND TOWING SERVICE,N,,,,,,,,,,,,,,,,,,,,,,0,,,,,,,,,,7,1,0,0,0,1,0,0,0,,,,,,,,
16876935,1,1,N,Y,113,,,21,,,104,N,,,,1,1,12,,,,N,,,N,,,,,,,,,,,,,,,,,,,,,,44,20,,22,,,,,,,7,1,0,0,0,0,1,0,0,,,,,,,,
16876935,2,1,N,N,43,5XYKU4A62CG272250,2012,21,55,767,69,N,78717,1,2,5,2,6,11,1,10,Y,LAKESIDE WRECKER,12228 ROXIE DR. AUSTIN 78681,N,,,,,,,,,,,,,,,,,,,,,,0,,,,,,,,,,7,1,0,0,0,2,0,0,0,,,,,,,,
16876935,3,1,N,N,43,1FTEW1EG9FKF02616,2015,21,37,2324,30,N,78734,1,2,14,1,5,,,,N,,,N,,,,,,,,,,,,,,,,,,,,,,0,,,,,,,,,,7,2,0,0,0,1,0,0,0,,,,,,,,
16877287,1,1,N,N,43,5FNYF3H49DB029305,2013,17,44,761,69,N,78652,1,1,10,4,2,,,,N,SOUTHSIDE,,N,,,,,,,,,,,,,,,,,,,,,,74,,,,,,,,,,5,1,0,0,0,2,0,0,0,,,,,,,,
16877287,2,1,N,N,43,JT3GN86R420219541,2002,18,91,395,69,N,78744,1,1,1,5,12,,,,N,EZ TOW: 512-291-8299,"1830 OAK HILL LN, AUSTIN, TX 78744",N,,,,,,,,,,,,,,,,,,,,,,74,,,,,,,,,,3,1,0,0,0,3,0,0,0,,,,,,,,
16877626,1,1,N,N,43,WBA3A5G56ENP33511,2014,17,14,588,104,N,78745,1,2,2,1,12,,,,N,,,N,,,,,,,,,,,,,,,,,,,,,,0,,,,,,,,,,3,1,0,0,0,1,0,0,0,,,,,,,,
16877626,2,3,,,,,,,,,,,,,,,,,,,,,,,,,,,,,,,,,,,,,,,,,,,,,16,,,,,,,,,,9,1,0,1,0,0,0,1,0,,,,,,,,
16879643,1,1,N,N,43,JTEDP21A550052159,2005,10,91,721,69,N,78758,1,2,3,4,11,,,,N,TEXAS PRIDE WRECKER,"867 SH-95 NORTH BASTROP, TX 78602",N,,,,,,,,,,,,,,,,,,,,,,22,44,,,,,,,,,7,1,0,0,0,2,0,0,0,,,,,,,,
16879643,2,1,N,N,43,5YFBURHE6HP633475,2017,2,91,173,104,N,78612,2,,8,4,7,,,,N,FRIENDLY WRECKER,"1122 SH-304 BASTROP, TX 78602",N,,,,,,,,,,,,,,,,,,,,,,0,,,,,,,,,,7,1,0,1,0,0,0,1,0,,,,,,,,
16879643,3,1,N,N,43,3VW3A7AJXFM405523,2015,9,96,316,104,N,78738,1,2,29,0,,,,,N,NEED FOR SPEED,"867 SH-95N BASTROP, TX 78602",N,,,,,,,,,,,,,,,,,,,,,,0,,,,,,,,,,7,2,0,0,0,1,0,0,0,,,,,,,,
16880326,1,1,N,N,43,5XYZU3LA8DG026847,2013,13,45,713,69,N,78741,1,1,4,2,12,,,,Y,STARS TOWING,STARS TOWING,N,,,,,,,,,,,,,,,,,,,,,,0,,,,,,,,,,5,1,0,0,0,2,0,0,0,,,,,,,,
16880326,2,1,N,N,43,JHMGD38458S020335,2008,2,44,1083,100,N,78704,1,1,6,2,6,,,,N,,,N,,,,,,,,,,,,,,,,,,,,,,0,,,,,,,,,,5,1,0,0,0,1,0,0,0,,,,,,,,
16880481,1,1,N,N,43,1GNDS13S152163306,2005,17,107,732,104,N,78610,1,1,17,2,9,,,,Y,HARPERS TOWING SERVICE INC,HARPERS TOWING SERVICE INC,N,,,,,,,,,,,,,,,,,,,,,,74,,,,,,,,,,1,1,0,0,0,1,0,0,0,,,,,,,,
16880482,1,1,N,N,43,KNAFU5A20D5728077,2013,9,55,1093,104,N,78753,1,2,7,1,4,,,,N,,,N,,,,,,,,,,,,,,,,,,,,,,44,,,,,12,,,,,8,1,0,0,1,0,0,1,0,,,,,,,,
16880482,2,1,N,N,43,1HGCM56187A189792,2007,9,44,236,104,N,78753,1,2,1,2,12,,,,N,,,N,,,,,,,,,,,,,,,,,,,,,,20,,,,,12,,,,,8,1,0,0,0,1,0,0,0,,,,,,,,
16880483,1,1,N,N,43,3FAHP0HA0AR414785,2010,16,37,1097,104,N,78610,1,2,11,6,9,,,,N,EZ AUTO AND TOWING SERVICE,EZ AUTO AND TOWING SERVICE,N,,,,,,,,,,,,,,,,,,,,,,35,,,,,,,,,,7,1,0,0,1,0,0,1,0,,,,,,,,
16880483,2,1,N,N,43,2GTEC19V631105510,2003,17,39,3080,30,N,78725,1,2,10,5,12,15,5,12,N,BULLET TOWING,BULLET TOWING,N,,,,,,,,,,,,,,,,,,,,,,0,,,,,,,,,,1,1,0,1,0,0,0,1,0,,,,,,,,
16880484,1,1,N,N,43,JN8AS5MT8CW298836,2012,2,71,1310,104,N,78610,1,2,3,5,11,,,,Y,EZ AUTO AND TOWING SERVICE,EZ AUTO AND TOWING SERVICE,N,,,,,,,,,,,,,,,,,,,,,,20,,,19,,,,,,,1,1,0,1,0,0,0,1,0,,,,,,,,
16880484,2,1,N,N,43,1GCEC19K8RE304121,1994,18,107,2202,30,N,78744,1,2,8,2,5,,,,N,EZ AUTO AND TOWING SERVICE,EZ AUTO AND TOWING SERVICE,N,,,,,,,,,,,,,,,,,,,,,,0,,,,,,,,,,1,1,0,1,0,0,0,1,0,,,,,,,,
16880485,1,1,N,N,43,1FM5K8AR2EGB59091,2014,98,37,554,69,Y,,1,7,2,1,12,,,,N,,,N,,,,,,,,,,,,,,,,,,,,,,0,,,,,,,,,,3,1,0,0,0,1,0,0,0,,,,,,,,
16880485,2,1,N,N,43,1J4GS48K86C205640,2006,17,429,1116,69,N,78747,1,2,6,1,6,,,,N,,,N,,,,,,,,,,,,,,,,,,,,,,0,,,,,,,,,,3,1,0,0,0,2,0,0,0,,,,,,,,
16880486,1,1,N,N,43,1GNLCDEC0GR306711,2016,2,107,547,105,N,,4,,2,1,12,,,,,,,N,,,,,,,,,,,,,,,,,,,,,,0,,,,,,,,,,11,1,0,0,0,1,0,0,0,,,,,,,,
16880486,2,1,N,N,43,5N1AR2MN7EC714706,2014,9,71,531,104,N,78717,1,2,14,1,1,,,,,,,N,,,,,,,,,,,,,,,,,,,,,,0,,,,,,,,,,11,1,0,0,0,1,0,0,0,,,,,,,,
16880487,1,1,N,N,43,JM1BM1U79E1129544,2014,9,63,1210,104,N,78704,1,1,2,2,12,,,,Y,,,N,,,,,,,,,,,,,,,,,,,,,,,,,67,,,,,,,5,1,0,0,0,0,1,0,0,,,,,,,,
16880487,2,1,N,N,9,JF2SKACC5KH434015,2019,9,85,646,69,N,76101,1,1,8,1,6,,,,N,,,N,,,,,,,,,,,,,,,,,,,,,,0,,,,,,,,,,5,1,0,1,0,0,0,1,0,,,,,,,,
16880488,1,1,N,N,43,2C3CDXCTXHH583480,2017,21,109,74,104,N,78727,1,2,4,3,12,,,,N,STARS TOWING,STARS TOWING,N,,,,,,,,,,,,,,,,,,,,,,20,22,,,,,,,,,1,1,0,1,0,0,0,1,0,,,,,,,,
16880488,2,1,Y,N,43,JHLRD2841WC001151,1998,2,44,107,69,N,78727,1,2,7,2,6,,,,N,AVILES & GABES WRECKER SERVICE INC.,AVILES & GABES WRECKER SERVICE INC.,N,,,,,,,,,,,,,,,,,,,,,,0,,,,,,,,,,1,1,0,1,0,0,0,1,0,,,,,,,,
16880488,3,1,Y,N,43,1B3EL46X06N111914,2006,17,109,551,104,N,78727,2,,6,1,12,,,,N,LEFT AT SCENE,LEFT AT SCENE,N,,,,,,,,,,,,,,,,,,,,,,0,,,,,,,,,,1,2,0,0,0,0,0,0,0,,,,,,,,
16880489,1,1,N,N,43,3N1AB6AP5BL719346,2011,21,71,341,104,N,78613,1,2,1,4,12,,,,N,LAKESIDE TOWING,"12400 ANDERSON MILL ROAD, AUSTIN, 78726",N,,,,,,,,,,,,,,,,,,,,,,22,20,,,,,,,,,6,1,0,0,0,1,0,0,0,,,,,,,,
16880489,2,1,N,N,43,1FMCU0F7XHUE07894,2017,,37,711,69,N,78747,1,2,5,1,6,1,1,12,N,NA,NA,N,,,,,,,,,,,,,,,,,,,,,,0,,,,,,,,,,6,1,0,1,0,0,0,1,0,,,,,,,,
16880489,3,1,N,N,43,5TDZA3EH5DS036161,2013,2,91,721,69,N,78660,1,2,5,1,6,,,,N,NA,NA,N,,,,,,,,,,,,,,,,,,,,,,0,,,,,,,,,,6,2,0,0,1,0,0,1,0,,,,,,,,
16880490,1,1,N,N,43,JTEZU14R08K011179,2008,17,91,395,69,N,75033,1,2,9,5,9,16,5,3,Y,SOUTHSIDE WRECKER INC,8200 S. CONGRESS AVE,N,,,,,,,,,,,,,,,,,,,,,,41,,,,,,,,,,1,1,0,0,0,1,0,0,0,,,,,,,,
16880490,2,1,N,N,36,3AKJGLDR9KSKL6915,2019,21,38,1524,87,N,72770,1,2,2,2,12,,,,N,SOUTHSIDE WRECKER INC,E WILLIAM CANNON DR / S IH 35 SVRD NB,Y,Y,N,N,2,2,72770,9,36000,0,N,,,,,3,13,,,,,,,,,41,,,,,,,1,2,0,0,0,1,0,0,0,Y,0,,,,,N,
16880491,1,1,N,N,43,1C6RR6LT9JS210485,2020,9,109,2275,30,N,78749,1,2,4,4,10,,,,N,,,N,,,,,,,,,,,,,,,,,,,,,,41,,,,,,,,,,11,1,0,0,0,2,0,0,0,,,,,,,,
16880493,1,1,N,N,43,2FABP7BV4AX108569,2010,21,37,995,104,N,78701,1,7,11,7,11,,,,N,OWNER,UNKNOWN,N,,,,,,,,,,,,,,,,,,,,,,19,20,66,,,,,,,,7,1,0,0,0,1,0,0,0,,,,,,,,
16880493,2,1,N,N,43,2A8HR54149R648090,2009,9,21,64,103,N,78741,1,1,4,5,1,,,,N,OWNER,UNKNOWN,N,,,,,,,,,,,,,,,,,,,,,,0,,,,,,,,,,7,1,0,0,1,0,0,1,0,,,,,,,,
16880494,1,1,N,N,43,JF1GJAH6XDH033000,2013,3,85,516,104,N,,1,1,2,3,12,,,,Y,EZ AUTO AND TOWING SERVICE,EZ AUTO AND TOWING SERVICE,N,,,,,,,,,,,,,,,,,,,,,,22,,,,,,,,,,3,1,0,0,0,1,0,0,0,,,,,,,,
16880494,2,1,N,N,43,5J8YD3H38KL005358,2019,2,1,705,69,N,,1,1,6,1,6,,,,N,REMOVED BY OWNER,,N,,,,,,,,,,,,,,,,,,,,,,0,,,,,,,,,,3,1,0,0,0,2,0,0,0,,,,,,,,
16880495,1,1,N,N,43,JM1CW2BL2C0112205,2012,17,63,3917,69,N,78727,1,1,10,4,1,,,,,AUS-TEX AUTO ENTERPRISES LLC,AUS-TEX AUTO ENTERPRISES LLC,N,,,,,,,,,,,,,,,,,,,,,,74,,,,,,,,,,5,1,0,0,0,1,0,0,0,,,,,,,,
16880495,2,1,Y,N,43,WDBNG70J1YA041311,2000,2,65,676,104,N,78758,1,1,15,3,1,,,,,,,N,,,,,,,,,,,,,,,,,,,,,,0,,,,,,,,,,5,1,0,0,0,0,0,0,0,,,,,,,,
16880496,1,1,N,N,43,3C6TR4HT8HG788663,2017,21,710,4101,30,N,60143,1,1,1,0,12,,,,N,,,N,,,,,,,,,,,,,,,,,,,,,,19,,,,,,,,,,4,1,0,0,0,1,0,0,0,,,,,,,,
16880496,2,1,N,N,43,3HGCM56374G706613,2004,18,44,236,104,N,76549,1,1,5,1,6,,,,N,,,N,,,,,,,,,,,,,,,,,,,,,,0,,,,,,,,,,4,1,0,0,1,1,0,1,0,,,,,,,,
16880497,1,1,N,N,43,1G1PF5S95B7111569,2011,21,107,2209,104,N,78717,1,2,8,3,6,,,,N,EZ AUTO AND TOWING SERVICE,EZ AUTO AND TOWING SERVICE,N,,,,,,,,,,,,,,,,,,,,,,0,,,,,,,,,,7,1,0,0,0,1,0,0,0,,,,,,,,
16880497,2,1,N,N,43,WDBRF64J72F180541,2002,,65,671,104,N,78621,1,1,2,4,12,,,,N,,,N,,,,,,,,,,,,,,,,,,,,,,0,,,,,,,,,,1,1,0,0,0,1,0,0,0,,,,,,,,
16880498,1,1,N,N,43,3VW217AU2FM063314,2015,21,96,381,104,N,78728,1,1,1,3,12,,,,N,EZ AUTO AND TOWING SERVICE,EZ AUTO AND TOWING SERVICE,N,,,,,,,,,,,,,,,,,,,,,,22,,,,,,,,,,5,1,0,0,0,1,0,0,0,,,,,,,,
16880498,2,1,N,N,43,5N1DR2MN9HC621994,2017,21,71,531,104,N,78728,1,1,6,3,6,,,,N,,,N,,,,,,,,,,,,,,,,,,,,,,0,,,,,,,,,,5,1,0,0,0,2,0,0,0,,,,,,,,
16880499,1,1,N,N,43,JTJBT20X460115229,2007,21,58,2439,104,N,78641,1,2,3,3,10,,,,N,EZ AUTO AND TOWING SERVICE,EZ AUTO AND TOWING SERVICE,N,,,,,,,,,,,,,,,,,,,,,,0,,,,,,,,,,6,1,0,1,0,0,0,1,0,,,,,,,,
16880499,2,1,N,N,43,1FMCU9G94HUC81309,2017,9,37,711,104,N,78744,1,2,10,3,3,,,,N,A-TEX TOWING,5526 1/2 W HWY 290,N,,,,,,,,,,,,,,,,,,,,,,0,,,,,,,,,,6,1,0,1,0,0,0,1,0,,,,,,,,
16880499,3,1,N,N,43,1VWBA7A32JC002658,2018,21,96,473,104,N,78745,1,2,4,3,2,,,,N,ARMADA TOWING,ARMADA TOWING,N,,,,,,,,,,,,,,,,,,,,,,0,,,,,,,,,,6,2,0,0,0,1,0,0,0,,,,,,,,
16880499,4,1,N,N,43,3N1CN7AP5EK450748,2014,9,71,1452,104,N,77418,3,2,6,3,6,,,,N,STARS TOWING,STARS TOWING,N,,,,,,,,,,,,,,,,,,,,,,0,,,,,,,,,,6,2,0,0,0,1,0,0,0,,,,,,,,
16880500,1,1,N,N,43,JNRAS08WX7X200800,2007,3,47,572,69,N,78745,1,1,2,5,12,,,,N,EZ AUTO AND TOWING SERVICE,EZ AUTO AND TOWING SERVICE,N,,,,,,,,,,,,,,,,,,,,,,44,,,74,,,,,,,7,1,0,0,0,1,0,0,0,,,,,,,,
16880500,2,1,N,N,43,JTDKN3DU2F1924712,2015,2,91,702,104,N,78616,1,1,6,6,6,,,,N,ROCHAS TOWING SERVICE,ROCHAS TOWING SERVICE,N,,,,,,,,,,,,,,,,,,,,,,0,,,,,,,,,,7,1,0,0,0,1,0,0,0,,,,,,,,
16880500,3,1,N,N,43,1FTNE24W86DA79467,2006,21,37,814,103,N,78704,1,1,14,1,4,,,,N,,,N,,,,,,,,,,,,,,,,,,,,,,0,,,,,,,,,,7,2,0,0,0,1,0,0,0,,,,,,,,
16880550,1,1,N,N,43,3GYFNAEY8BS578109,2011,14,106,1373,69,N,77478,1,2,2,5,1,,,,N,620 LAKESIDE TOWING,620 LAKESIDE TOWING,N,,,,,,,,,,,,,,,,,,,,,,22,,,,,8,,,,,5,1,0,0,0,1,0,0,0,,,,,,,,
16880551,1,1,N,N,43,1G1JC6SH0D4225690,2013,9,107,2243,104,N,78669,1,2,3,2,11,,,,Y,A-TEX TOWING,5526 1/2 W HWY 290,N,,,,,,,,,,,,,,,,,,,,,,44,4,20,,,,,,,,5,1,0,0,0,1,0,0,0,,,,,,,,
16880551,2,1,N,N,43,1GB0CVCG4DF178305,2013,21,107,658,30,N,78652,1,2,8,0,5,,,,,,,N,,,,,,,,,,,,,,,,,,,,,,0,,,,,,,,,,5,1,0,0,0,1,0,0,0,,,,,,,,
16880552,1,1,N,N,43,5NPDH4AE1BH025961,2011,1,45,480,104,N,78717,1,1,2,3,12,,,,N,620 LAKESIDE TOWING,620 LAKESIDE TOWING,N,,,,,,,,,,,,,,,,,,,,,,44,,,,,,,,,,1,1,0,0,0,1,0,0,0,,,,,,,,
16880552,2,1,N,N,43,1GCWGAFP2J1289071,2018,21,107,731,103,N,78759,2,,5,1,6,,,,N,,,N,,,,,,,,,,,,,,,,,,,,,,0,,,,,,,,,,1,1,0,0,0,1,0,0,0,,,,,,,,
16880553,1,1,N,N,43,JTEDP21A650062098,2005,21,91,721,69,N,78602,1,1,3,2,11,4,2,10,N,NOT TOWED,NOT TOWED,N,,,,,,,,,,,,,,,,,,,,,,,,,4,,,,,,,3,1,0,2,0,1,0,2,0,,,,,,,,
16880554,1,1,N,N,43,5YFBURHE3JP848818,2018,9,91,173,104,N,78681,1,1,2,4,12,,,,N,620 LAKESIDE TOWING,620 LAKESIDE TOWING,N,,,,,,,,,,,,,,,,,,,,,,41,,,,,,,,,,1,1,0,1,0,0,0,1,0,,,,,,,,
16880554,2,1,N,N,43,SHHFK7H98JU216499,2018,9,44,256,104,N,78613,1,1,4,2,1,,,,N,620 LAKESIDE TOWING,620 LAKESIDE TOWING,N,,,,,,,,,,,,,,,,,,,,,,0,,,,,,,,,,1,1,0,1,0,2,0,1,0,,,,,,,,
16880555,1,1,N,N,43,5XYZU3LB4HG421672,2017,21,45,713,69,N,,1,2,15,1,10,,,,N,,,N,,,,,,,,,,,,,,,,,,,,,,4,,,,,,,,,,1,1,0,0,0,2,0,0,0,,,,,,,,
16880555,2,1,N,N,43,1G1ZD5ST5KF154034,2019,16,107,56,104,N,78610,1,2,11,1,10,,,,N,,,N,,,,,,,,,,,,,,,,,,,,,,0,,,,,,,,,,1,1,0,0,0,4,0,0,0,,,,,,,,
16880556,1,1,N,N,43,3C7WRKCL0FG640461,2015,22,37,2327,9,N,,1,7,2,0,12,,,,N,,,N,,,,,,,,,,,,,,,,,,,,,,0,,,,,,,,,,6,1,0,2,0,1,0,2,0,,,,,,,,
16880556,2,1,N,N,43,1FATP8FFXH5296135,2017,21,37,96,100,N,78620,1,1,6,2,6,,,,N,,,N,,,,,,,,,,,,,,,,,,,,,,0,,,,,,,,,,6,1,0,1,0,0,0,1,0,,,,,,,,
16880557,1,1,N,N,43,1C4RJEAG3JC281188,2018,17,429,970,69,N,78754,1,1,1,2,12,,,,Y,STARS TOWING,STARS TOWING,N,,,,,,,,,,,,,,,,,,,,,,44,,,,,,,,,,1,1,0,0,0,1,0,0,0,,,,,,,,
16880557,2,1,N,N,43,2HGFA16969H511385,2009,9,44,256,104,N,76531,1,1,6,4,6,,,,Y,ARMADA TOWING,ARMADA TOWING,N,,,,,,,,,,,,,,,,,,,,,,0,,,,,,,,,,1,1,0,0,1,0,0,1,0,,,,,,,,
16880558,1,1,N,Y,43,2C4GP54L05R288742,2005,3,21,64,103,N,76112,2,,2,1,12,,,,N,,,N,,,,,,,,,,,,,,,,,,,,,,0,,,,,,,,,,7,1,0,0,0,0,0,0,0,,,,,,,,
16880558,2,1,N,N,43,1HGCG56662A097320,2002,17,44,236,104,N,78660,1,2,6,3,6,,,,N,,,N,,,,,,,,,,,,,,,,,,,,,,0,,,,,,,,,,7,1,0,1,0,0,0,1,0,,,,,,,,
16880559,1,1,N,N,43,JTLZE4FE0FJ068809,2010,9,109,2275,30,N,78758,1,1,1,1,12,,,,N,NONE,NONE,N,,,,,,,,,,,,,,,,,,,,,,20,,,,,,,,,,5,1,0,0,0,1,0,0,0,,,,,,,,
16880559,2,1,N,N,43,JTLZE4FE0FJ068809,2015,21,91,4331,104,N,78754,1,1,10,4,3,,,,N,ARMADA,ARMADA,N,,,,,,,,,,,,,,,,,,,,,,20,,,,,,,,,,1,1,0,0,0,1,0,0,0,,,,,,,,
16880560,1,1,N,Y,43,WAUDGAFL6EA069259,2014,2,8,2153,104,N,78748,1,1,3,1,11,,,,Y,A-TEX TOWING,ATEX,N,,,,,,,,,,,,,,,,,,,,,,60,,,,,,,,,,8,1,0,0,0,0,1,0,0,,,,,,,,
16880560,2,1,N,N,43,WBAPH77599NL85069,2009,2,14,588,104,N,78737,1,1,7,3,7,,,,Y,ROCHAS TOWING SERVICE,ROCHAS TOWING SERVICE,N,,,,,,,,,,,,,,,,,,,,,,0,,,,,,,,,,2,1,0,0,0,1,0,0,0,,,,,,,,
16880561,1,1,N,N,43,2G4WB55KX11221005,2001,21,105,28,104,N,78753,2,,2,3,12,,,,Y,SPECIAL AUTOMOTIVE SERVICE INC,SPECIAL AUTOMOTIVE SERVICE INC,N,,,,,,,,,,,,,,,,,,,,,,20,,,,,,,,,,7,1,0,1,0,0,0,1,0,,,,,,,,
16880561,2,1,N,N,43,2HGFG12638H511756,2008,9,44,256,100,N,78756,1,2,14,3,3,,,,,EZ AUTO AND TOWING SERVICE,EZ AUTO AND TOWING SERVICE,N,,,,,,,,,,,,,,,,,,,,,,0,,,,,,,,,,1,1,0,0,1,0,0,1,0,,,,,,,,
16880562,1,1,N,N,43,5YFBURHE1GP527644,2016,3,91,173,104,N,78759,1,1,1,1,12,,,,Y,620 LAKESIDE TOWING,620 LAKESIDE TOWING,N,,,,,,,,,,,,,,,,,,,,,,67,,,19,20,,,,,,7,1,0,0,0,1,0,0,0,,,,,,,,
16880563,1,1,N,N,43,KMHDU46D17U225551,2007,3,45,480,104,N,78747,1,1,10,4,3,,,,N,ARMADA TOWING,ARMADA TOWING,N,,,,,,,,,,,,,,,,,,,,,,0,,,,,,,,,,4,1,0,0,0,1,0,0,0,,,,,,,,
16880563,2,1,N,N,43,1GCRCPEA2BZ317401,2011,21,107,2236,30,N,78727,1,1,2,1,12,,,,N,,,N,,,,,,,,,,,,,,,,,,,,,,0,,,,,,,,,,8,1,0,0,0,1,0,0,0,,,,,,,,
16880564,1,1,N,N,43,JNRAS08U37X100486,2007,21,47,1099,69,N,78613,1,1,3,1,12,,,,Y,AUS-TEX AUTO ENTERPRISES LLC,AUS-TEX AUTO ENTERPRISES LLC,N,,,,,,,,,,,,,,,,,,,,,,,,,45,,,,,,,6,1,0,0,0,1,0,0,0,,,,,,,,
16880564,2,1,N,N,43,1HGCP36878A020969,2008,9,44,236,104,N,78728,1,1,8,1,6,,,,N,,,N,,,,,,,,,,,,,,,,,,,,,,0,,,,,,,,,,6,1,0,0,0,3,0,0,0,,,,,,,,
16880565,1,1,N,N,43,1GNFK16RXXJ568378,1999,11,107,60,69,N,78702,1,2,2,3,12,,,,Y,,,N,,,,,,,,,,,,,,,,,,,,,,0,,,,,,,,,,5,1,0,0,2,0,0,2,0,,,,,,,,
16880565,2,1,Y,N,43,1FMCU0GX9DUD85816,2013,2,37,101,69,N,78758,1,2,2,1,6,,,,N,,,N,,,,,,,,,,,,,,,,,,,,,,0,,,,,,,,,,7,1,0,0,0,0,0,0,0,,,,,,,,
16880566,1,1,N,N,43,5XXGT4L37GG018071,2016,21,55,715,104,N,75240,1,2,2,4,12,14,2,5,Y,620 LAKESIDE TOWING,620 LAKESIDE TOWING,N,,,,,,,,,,,,,,,,,,,,,,4,,,,,,,,,,1,1,0,0,0,1,0,0,0,,,,,,,,
16880566,2,1,N,N,43,JM1BM1T70F1241510,2015,21,63,3917,104,N,78749,2,,2,5,11,,,,Y,DENVERS TOWING,DENVERS TOWING,N,,,,,,,,,,,,,,,,,,,,,,0,,,,,,,,,,1,1,0,0,0,3,0,0,0,,,,,,,,
16880567,1,1,N,N,43,4T1BF28B71U133725,2001,8,91,563,104,N,78744,1,1,1,3,12,10,2,12,N,ARMADA,OWNERS RESIDENCE,N,,,,,,,,,,,,,,,,,,,,,,,,,41,,,,,,,4,1,0,0,0,1,0,0,0,,,,,,,,
16880568,1,1,N,N,43,1C3CCCAB5GN156588,2016,3,21,2258,104,N,77459,1,2,2,3,12,10,3,3,Y,ATX-VIP TOWING SERVICES,ATX-VIP TOWING SERVICES,N,,,,,,,,,,,,,,,,,,,,,,0,,,,,,,,,,6,1,0,0,0,1,0,0,0,,,,,,,,
16880569,1,1,N,N,43,1G6DT57V990170610,2009,21,106,728,104,N,78654,1,2,4,4,2,,,,Y,SOUTHSIDE WRECKER INC,8200 S. CONGRESS AVE,N,,,,,,,,,,,,,,,,,,,,,,0,,,,,,,,,,11,1,0,0,0,0,0,0,0,,,,,,,,
16880570,1,1,N,N,43,1C4NJCEB7CD719502,2012,2,429,983,104,N,78726,1,1,2,5,,,,,Y,620 LAKESIDE TOWING,620 LAKESIDE TOWING,N,,,,,,,,,,,,,,,,,,,,,,45,,,,,,,,,,1,1,0,0,0,1,0,0,0,,,,,,,,