Crash_ID,Unit_Nbr,Unit_Desc_ID,Veh_Parked_Fl,Veh_HNR_Fl,Veh_Lic_State_ID,VIN,Veh_Mod_Year,Veh_Color_ID,Veh_Make_ID,Veh_Mod_ID,Veh_Body_Styl_ID,Emer_Respndr_Fl,Ownr_Zip,Fin_Resp_Proof_ID,Fin_Resp_Type_ID,Veh_Dmag_Area_1_ID,Veh_Dmag_Scl_1_ID,Force_Dir_1_ID,Veh_Dmag_Area_2_ID,Veh_Dmag_Scl_2_ID,Force_Dir_2_ID,Veh_Inventoried_Fl,Veh_Transp_Name,Veh_Transp_Dest,Veh_Cmv_Fl,Cmv_Fiveton_Fl,Cmv_Hazmat_Fl,Cmv_Nine_Plus_Pass_Fl,Cmv_Veh_Oper_ID,Cmv_Carrier_ID_Type_ID,Cmv_Carrier_Zip,Cmv_Veh_Type_ID,Cmv_GVWR,Cmv_RGVW,Cmv_Hazmat_Rel_Fl,Hazmat_Cls_1_ID,Hazmat_IDNbr_1_ID,Hazmat_Cls_2_ID,Hazmat_IDNbr_2_ID,Cmv_Cargo_Body_ID,Cmv_Evnt1_ID,Cmv_Evnt2_ID,Cmv_Evnt3_ID,Cmv_Evnt4_ID,Cmv_Tot_Axle,Cmv_Tot_Tire,Contrib_Factr_1_ID,Contrib_Factr_2_ID,Contrib_Factr_3_ID,Contrib_Factr_P1_ID,Contrib_Factr_P2_ID,Veh_Dfct_1_ID,Veh_Dfct_2_ID,Veh_Dfct_3_ID,Veh_Dfct_P1_ID,Veh_Dfct_P2_ID,Veh_Trvl_Dir_ID,First_Harm_Evt_Inv_ID,Sus_Serious_Injry_Cnt,Nonincap_Injry_Cnt,Poss_Injry_Cnt,Non_Injry_Cnt,Unkn_Injry_Cnt,Tot_Injry_Cnt,Death_Cnt,Cmv_Disabling_Damage_Fl,Cmv_Bus_Type_ID,Trlr_GVWR,Trlr_RGVW,Trlr_Type_ID,Trlr_Disabling_Dmag_ID,Cmv_Intermodal_Container_Permit_Fl,CMV_Actual_Gross_Weight
16887558,2,1,N,N,43,4S3GTAB65H3703472,2017,2,85,516,104,N,78704,1,2,3,3,11,,,,N,HARPERS TOWING SERVICE INC,HARPERS TOWING SERVICE INC,N,,,,,,,,,,,,,,,,,,,,,,0,,,,,,,,,,3,1,0,0,0,1,0,0,0,,,,,,,,
16887560,1,1,N,N,43,3C6TRVDG5KE502446,2018,21,710,4106,103,N,76554,1,1,4,3,,,,,Y,AVILES & GABES WRECKER SERVICE INC.,IMPOUND,N,,,,,,,,,,,,,,,,,,,,,,0,,,,,,,,,,5,1,0,0,0,1,0,0,0,,,,,,,,
16887560,2,6,,,,,,,,,,,,,,,,,,,,,,,,,,,,,,,,,,,,,,,,,,,,,0,,,,,,,,,,9,2,0,0,0,0,0,0,0,,,,,,,,
16887560,3,1,N,N,43,1GC2CUEG1HZ373391,2017,21,107,658,106,N,78758,1,1,7,1,7,,,,N,,,N,,,,,,,,,,,,,,,,,,,,,,0,,,,,,,,,,3,1,0,0,0,1,0,0,0,,,,,,,,
16887561,1,1,N,N,43,JM3ER2A5XB0405794,2011,16,63,1008,104,N,78754,1,2,6,2,6,,,,N,,,N,,,,,,,,,,,,,,,,,,,,,,0,,,,,,,,,,1,2,0,0,0,1,0,0,0,,,,,,,,
16887561,2,1,N,N,35,1C3EL55RX5N641995,2005,17,21,593,100,N,44512,1,2,2,4,12,6,3,6,N,AAA,OWNERS RESIDENCE/REQUEST,N,,,,,,,,,,,,,,,,,,,,,,0,,,,,,,,,,1,1,0,0,0,1,0,0,0,,,,,,,,
16887561,3,1,N,N,43,JTMZD33V465010773,2006,17,91,581,104,N,78754,1,2,2,3,12,,,,N,,,N,,,,,,,,,,,,,,,,,,,,,,0,,,,,,,,,,1,1,0,0,0,1,0,0,0,,,,,,,,
16887562,1,1,N,N,43,1G3NF52E54C132590,2004,18,116,680,104,N,78660,1,2,16,5,3,,,,N,AVILES & GABES WRECKER SERVICE INC.,AVILES & GABES WRECKER SERVICE INC.,N,,,,,,,,,,,,,,,,,,,,,,20,34,,,,,,,,,4,1,0,1,1,0,0,2,0,,,,,,,,
16887562,2,1,N,N,43,ZFBCFXCT0GP507205,2016,17,35,2956,104,N,78660,1,2,2,5,11,,,,N,STARS TOWING,IMPOUND,N,,,,,,,,,,,,,,,,,,,,,,0,,,,,,,,,,8,1,0,1,0,1,0,1,0,,,,,,,,
16887563,1,1,N,N,43,1J4GW58S94C377943,2004,9,429,1116,104,N,77388,1,2,3,2,11,,,,N,EZ AUTO AND TOWING SERVICE,EZ AUTO AND TOWING SERVICE,N,,,,,,,,,,,,,,,,,,,,,,0,,,,,,,,,,3,1,0,0,0,1,0,0,0,,,,,,,,
16887563,2,1,N,N,43,3GNEC16Z53G243481,2003,10,107,2203,104,N,78745,1,2,2,3,12,,,,N,REMOVED BY OWNER,REMOVED BY OWNER,N,,,,,,,,,,,,,,,,,,,,,,0,,,,,,,,,,5,1,0,0,0,1,0,0,0,,,,,,,,
16887564,1,1,N,N,43,JN8CS1MU4GM670409,2016,17,47,2397,104,N,78730,1,2,8,4,4,,,,N,620 LAKESIDE TOWING,620 LAKESIDE TOWING,N,,,,,,,,,,,,,,,,,,,,,,37,,,,,,,,,,8,1,0,0,0,1,0,0,0,,,,,,,,
16887564,2,1,N,N,43,2T2ZK1BA0DC089654,2013,17,58,1318,104,N,78732,1,2,1,4,12,,,,N,620 LAKESIDE TOWING,620 LAKESIDE TOWING,N,,,,,,,,,,,,,,,,,,,,,,0,,,,,,,,,,4,1,0,0,0,1,0,0,0,,,,,,,,
16887564,3,1,N,N,43,5TDBA22C34S005575,2004,17,91,648,103,N,78730,1,2,1,3,12,,,,Y,620 LAKESIDE TOWING,620 LAKESIDE TOWING,N,,,,,,,,,,,,,,,,,,,,,,0,,,,,,,,,,8,2,0,0,0,1,0,0,0,,,,,,,,
16887564,4,1,N,N,43,5UXWX9C50E0D29548,2014,3,14,1466,104,N,78730,1,2,3,1,11,,,,N,,,N,,,,,,,,,,,,,,,,,,,,,,0,,,,,,,,,,3,2,0,0,0,1,0,0,0,,,,,,,,
16887565,1,1,N,N,43,1GYS3CKJXGR268674,2016,2,106,657,69,N,78731,1,2,2,1,12,,,,N,,,N,,,,,,,,,,,,,,,,,,,,,,0,,,,,,,,,,7,1,0,0,0,2,0,0,0,,,,,,,,
16887565,2,3,,,,,,,,,,,,,,,,,,,,,,,,,,,,,,,,,,,,,,,,,,,,,0,,,,,1,,,,,9,1,0,1,0,0,0,1,0,,,,,,,,
16887566,1,1,N,N,43,JTJYARBZ7G2023691,2016,2,58,3884,69,N,78653,1,2,18,7,3,,,,Y,ROCHAS TOWING SERVICE,ROCHAS TOWING SERVICE,N,,,,,,,,,,,,,,,,,,,,,,68,,,,,,,,,,1,1,0,0,0,1,0,0,0,,,,,,,,
16887566,2,1,N,N,14,1XPHD49X7BD110911,2011,21,74,1545,106,N,72770,1,2,11,1,9,,,,N,NOT TOWED,NOT TOWED,Y,Y,N,N,1,2,72770,9,30850,0,N,,,,,12,13,1,,,,,0,,,,,,,,,,1,1,0,0,0,1,0,0,0,N,0,,,,,N,
16887566,3,6,,,,,,,,,,,72770,,,,,,,,,,,,,,,,,,,,,,,,,,,,,,,,,,0,,,,,,,,,,9,2,0,0,0,1,0,0,0,,,0,30850,2,N,,
16887567,1,1,N,N,43,1GCHK23U02F149872,2002,11,107,2202,30,N,78602,1,2,16,0,3,,,,,,,N,,,,,,,,,,,,,,,,,,,,,,0,,,,,,,,,,5,1,0,0,0,1,0,0,0,,,,,,,,
16887567,2,1,N,N,,,,,208,763,0,N,78738,2,,,,,,,,,,,N,,,,,,,,,,,,,,,,,,,,,,0,,,,,,,,,,5,1,0,0,1,0,0,1,0,,,,,,,,
16887568,1,1,N,N,43,5J6RE38589L021355,2009,10,44,605,104,N,78666,1,3,2,1,12,,,,N,EZ AUTO AND TOWING SERVICE,EZ AUTO AND TOWING SERVICE,N,,,,,,,,,,,,,,,,,,,,,,0,,,,,,,,,,2,1,0,0,0,1,0,0,0,,,,,,,,
16887569,1,1,N,N,6,1D7HA18NX6J109113,2006,16,109,2275,30,N,78744,1,1,2,5,12,5,3,6,Y,SPECIAL AUTOMOTIVE SERVICE INC,SPECIAL AUTOMOTIVE SERVICE INC,N,,,,,,,,,,,,,,,,,,,,,,20,44,,40,,,,,,,4,1,1,0,0,0,0,1,0,,,,,,,,
16887569,2,1,N,N,43,WBAJA5C53JG899707,2018,2,14,524,104,N,78758,1,1,6,6,,,,,N,A-TEX TOWING,5526 1/2 W HWY 290,N,,,,,,,,,,,,,,,,,,,,,,0,,,,,,,,,,4,1,0,0,0,1,0,0,0,,,,,,,,
16887569,3,1,N,N,43,1N4AL21E18C288421,2008,17,71,500,104,N,78737,1,1,2,5,12,,,,N,HARPERS TOWING SERVICE INC,HARPERS TOWING SERVICE INC,N,,,,,,,,,,,,,,,,,,,,,,,,,44,,,,,,,4,2,0,1,0,0,0,1,0,,,,,,,,
16887570,1,1,N,N,43,1C6RD6GT3CS183893,2012,2,109,2275,30,N,78744,1,2,3,3,12,,,,Y,SOUTHSIDE WRECKER INC,8200 S. CONGRESS AVE,N,,,,,,,,,,,,,,,,,,,,,,68,74,,,,,,,,,3,1,0,1,0,1,0,1,0,,,,,,,,
16887570,2,1,N,N,43,1FM5K8AR4EGB54359,2014,2,37,554,69,N,78702,4,7,13,4,9,,,,Y,AUS-TEX AUTO ENTERPRISES LLC,"1182 HARGRAVE ST AUSTIN, TX 78702",N,,,,,,,,,,,,,,,,,,,,,,0,,,,,,,,,,1,1,0,1,0,0,0,1,0,,,,,,,,
16887571,1,1,N,N,43,WA1LFAFP8FA014411,2015,17,8,1284,69,N,78746,1,2,4,1,12,,,,N,AVILES & GABES WRECKER SERVICE INC.,AVILES & GABES WRECKER SERVICE INC.,N,,,,,,,,,,,,,,,,,,,,,,22,,,,,,,,,,6,1,0,1,0,0,0,1,0,,,,,,,,
16887571,2,1,N,N,43,2HKRM4H55FH706086,2015,9,44,605,69,N,79762,1,2,6,3,6,,,,N,DRIVEN AWAY,DRIVEN AWAY,N,,,,,,,,,,,,,,,,,,,,,,,,,28,,,,,,,6,1,0,0,0,1,0,0,0,,,,,,,,
16887573,1,1,N,N,43,1FAHP35NX8W197844,2008,3,37,696,104,N,78741,1,2,2,4,11,,,,N,EZ AUTO AND TOWING SERVICE,EZ AUTO AND TOWING SERVICE,N,,,,,,,,,,,,,,,,,,,,,,37,,,,,,,,,,1,1,0,0,0,1,0,0,0,,,,,,,,
16887573,2,1,N,N,43,1FM5K7B92DGC53026,2013,2,37,554,104,N,78741,1,2,12,3,5,,,,N,,,N,,,,,,,,,,,,,,,,,,,,,,0,,,,,,,,,,3,1,0,0,0,1,0,0,0,,,,,,,,
16887574,1,1,N,N,43,5TFRV54169X072835,2009,2,91,687,30,N,78744,1,2,2,1,12,,,,N,EZ AUTO AND TOWING SERVICE,EZ AUTO AND TOWING SERVICE,N,,,,,,,,,,,,,,,,,,,,,,,,,20,,,,,,,1,1,0,0,0,1,0,0,0,,,,,,,,
16887574,2,1,N,N,43,JN8AF5MR4DT211509,2013,17,71,2505,104,N,78744,1,2,6,5,6,,,,N,AVILES & GABES WRECKER SERVICE INC.,AVILES & GABES WRECKER SERVICE INC.,N,,,,,,,,,,,,,,,,,,,,,,0,,,,,,,,,,1,1,0,0,0,1,0,0,0,,,,,,,,
16887575,1,1,N,N,43,KMHDU4AD7AU178511,2010,9,45,480,104,N,78620,1,1,2,4,1,,,,Y,EZ AUTO AND TOWING SERVICE,EZ AUTO AND TOWING SERVICE,N,,,,,,,,,,,,,,,,,,,,,,,,,20,,,,,,,8,1,0,0,0,0,0,0,0,,,,,,,,
16887576,1,1,N,N,43,JTDKN3DU1D5573829,2013,9,91,702,104,N,78768,1,2,2,2,12,,,,N,,,N,,,,,,,,,,,,,,,,,,,,,,33,,,,,,,,,,3,1,0,0,0,1,0,0,0,,,,,,,,
16887576,2,1,N,N,43,JYAVP33E8DA008398,2013,2,101,1558,71,N,78642,1,2,12,2,3,,,,N,620 LAKESIDE TOWING,620 LAKESIDE TOWING,N,,,,,,,,,,,,,,,,,,,,,,0,,,,,,,,,,5,1,0,0,0,1,0,0,0,,,,,,,,
16887577,1,1,N,N,43,1N4AL3AP3FN301825,2015,2,71,500,104,N,78653,1,1,3,1,11,,,,Y,AUS-TEX AUTO ENTERPRISES LLC,AUS-TEX AUTO ENTERPRISES LLC,N,,,,,,,,,,,,,,,,,,,,,,22,,,,,,,,,,5,1,0,0,0,1,0,0,0,,,,,,,,
16887577,2,1,N,N,43,1C6RR7GT3DS508437,2013,21,710,4100,30,N,75165,1,1,8,1,5,,,,N,,,N,,,,,,,,,,,,,,,,,,,,,,0,,,,,,,,,,5,1,0,0,0,1,0,0,0,,,,,,,,
16887578,1,1,N,N,43,4T1BE46K09U856216,2009,21,91,380,104,N,78704,1,1,2,2,12,,,,N,,,N,,,,,,,,,,,,,,,,,,,,,,44,,,,,,,,,,1,1,0,0,0,1,0,0,0,,,,,,,,
16887578,2,1,N,N,43,3FA6P0H78ER306030,2014,17,37,1097,104,N,78076,1,1,6,2,6,,,,N,,,N,,,,,,,,,,,,,,,,,,,,,,0,,,,,,,,,,1,1,0,1,0,0,0,1,0,,,,,,,,
16887579,1,1,N,N,43,1N4AL2AP5BC126624,2011,1,71,500,104,N,78374,1,2,14,3,3,,,,N,EZ AUTO AND TOWING SERVICE,EZ AUTO AND TOWING SERVICE,N,,,,,,,,,,,,,,,,,,,,,,37,,,,,,,,,,1,1,0,0,0,1,0,0,0,,,,,,,,
16887579,2,1,N,N,43,SALAE25447A427692,2007,2,57,1187,69,N,78731,1,2,2,3,12,,,,N,EZ AUTO AND TOWING SERVICE,EZ AUTO AND TOWING SERVICE,N,,,,,,,,,,,,,,,,,,,,,,0,,,,,,,,,,5,1,0,0,1,0,0,1,0,,,,,,,,
16887580,1,1,N,N,43,4T1SK12E4RU337726,1994,8,91,380,104,N,76578,1,2,2,4,12,,,,N,AVILES & GABES WRECKER SERVICE INC.,AVILES & GABES WRECKER SERVICE INC.,N,,,,,,,,,,,,,,,,,,,,,,44,,,,,,,,,,5,1,0,0,0,1,0,0,0,,,,,,,,
16887580,2,1,N,N,43,1FTEW1CFXHKD46440,2017,17,37,2324,30,N,78734,1,2,6,2,6,,,,N,,,N,,,,,,,,,,,,,,,,,,,,,,0,,,,,,,,,,5,1,0,0,0,1,0,0,0,,,,,,,,
16887581,1,1,N,N,43,1GCJTDFE4B8108499,2011,21,107,979,30,N,78729,1,1,3,6,11,,,,N,FINGER TOWING SERVICE,FINGER TOWING SERVICE,N,,,,,,,,,,,,,,,,,,,,,,47,,,,,,,,,,5,1,0,0,0,1,0,0,0,,,,,,,,
16887581,2,1,N,N,43,2C3CCAPT0JH148855,2018,16,21,2259,104,N,78613,1,1,2,7,1,,,,N,MR EAST TOWING,MR EAST TOWING,N,,,,,,,,,,,,,,,,,,,,,,0,,,,,,,,,,5,1,0,0,0,1,0,0,0,,,,,,,,
16887582,1,1,N,N,43,1N4AL3APXFN306441,2015,21,71,500,104,N,78704,1,2,12,2,1,,,,N,,,N,,,,,,,,,,,,,,,,,,,,,,0,,,,,,,,,,7,1,0,0,0,1,0,0,0,,,,,,,,
16887582,2,4,,,,,,,,,,,,,,,,,,,,,,,,,,,,,,,,,,,,,,,,,,,,,59,,,,,,,,,,9,1,0,0,0,1,0,0,0,,,,,,,,
16887583,1,1,N,N,43,KNADE123486361494,2008,21,55,716,104,N,78744,1,1,1,2,1,,,,,ROCHAS TOWING SERVICE,ROCHAS TOWING SERVICE,N,,,,,,,,,,,,,,,,,,,,,,20,,,,,,,,,,11,1,0,0,0,0,1,0,0,,,,,,,,
16887584,1,1,N,N,43,JTMJFREV4GJ076420,2016,13,91,581,104,N,78640,1,1,12,3,2,,,,N,EZ AUTO AND TOWING SERVICE,EZ AUTO AND TOWING SERVICE,N,,,,,,,,,,,,,,,,,,,,,,37,,,,,,,,,,1,1,0,0,0,1,0,0,0,,,,,,,,
16887584,2,1,N,N,43,19UUB1F57HA008446,2017,21,1,2610,104,N,78248,1,1,3,2,,,,,N,INTERSTATE TOWING,CALIBER COLLISION,N,,,,,,,,,,,,,,,,,,,,,,0,,,,,,,,,,5,1,0,0,0,1,0,0,0,,,,,,,,
16887606,1,1,N,Y,43,2GCEC19T311174103,2001,21,107,2202,30,N,,1,1,11,1,11,,,,,,,N,,,,,,,,,,,,,,,,,,,,,,4,,,,,,,,,,5,1,0,0,0,0,1,0,0,,,,,,,,
16887606,2,1,N,N,43,WVGAV7AX5CW588405,2012,21,96,1396,104,N,78759,1,1,12,2,5,,,,N,,,N,,,,,,,,,,,,,,,,,,,,,,0,,,,,,,,,,5,1,0,0,0,1,0,0,0,,,,,,,,
16887607,1,1,N,N,43,KMHDN46D16U262353,2006,3,45,480,104,N,78752,1,2,2,7,12,,,,N,PRONTO WRECKER SERVICE NORTH,PRONTO WRECKER SERVICE NORTH,N,,,,,,,,,,,,,,,,,,,,,,44,,,20,,,,,,,1,1,0,0,1,0,0,1,0,,,,,,,,
16887607,2,1,N,N,43,1C4PJMDS0EW296589,2014,21,429,970,69,N,78723,1,2,6,3,6,,,,N,,,N,,,,,,,,,,,,,,,,,,,,,,0,,,,,,,,,,1,1,0,0,0,1,0,0,0,,,,,,,,
16887608,1,1,N,N,43,WDC0G4JB6JV102730,2018,3,65,3930,104,N,78610,1,1,3,5,11,,,,N,DRIVER,UNKNOWN,N,,,,,,,,,,,,,,,,,,,,,,19,20,33,,,,,,,,6,1,0,0,0,1,0,0,0,,,,,,,,
16887608,2,1,N,N,43,3N1AB7AP1DL797602,2013,21,71,341,104,N,77003,1,1,4,7,2,,,,N,ROCHAS TOWING SERVICE,ROCHAS TOWING SERVICE,N,,,,,,,,,,,,,,,,,,,,,,0,,,,,,,,,,8,1,0,0,0,1,0,0,0,,,,,,,,
16887609,1,1,N,N,43,1FM5K7D80FGC04060,2015,9,37,554,104,N,,1,2,12,1,2,,,,N,,,N,,,,,,,,,,,,,,,,,,,,,,4,,,,,,,,,,1,1,0,0,0,1,0,0,0,,,,,,,,
16887609,2,1,N,N,43,JN8AY2ND4H9011339,2017,21,71,784,104,N,78613,1,2,2,4,12,11,2,11,N,ROCHAS TOWING SERVICE,ROCHAS TOWING SERVICE,N,,,,,,,,,,,,,,,,,,,,,,0,,,,,,,,,,1,1,0,2,0,0,0,2,0,,,,,,,,
16887610,1,1,N,N,43,1FTFW1CF8DFD81940,2013,9,37,2324,30,N,78737,1,1,1,6,12,,,,N,DRIVER,UNKNOWN,N,,,,,,,,,,,,,,,,,,,,,,19,20,44,,,,,,,,1,1,0,0,0,1,0,0,0,,,,,,,,
16887610,2,1,N,N,43,1FM5K8AR6GGB55712,2016,16,37,554,104,N,,1,7,5,5,6,1,2,12,N,DRIVER,UNKNOWN,N,,,,,,,,,,,,,,,,,,,,,,0,,,,,,,,,,1,1,0,0,0,1,0,0,0,,,,,,,,
16887610,3,1,N,N,43,5N1DL0MM9HC561356,2017,9,47,3579,69,N,78640,1,1,5,5,6,,,,N,DRIVER,UNKNOWN,N,,,,,,,,,,,,,,,,,,,,,,0,,,,,,,,,,1,2,0,0,0,2,0,0,0,,,,,,,,
16887611,1,1,N,N,43,4M2YU57186KJ08327,2006,5,114,1198,104,N,78748,1,2,16,2,3,,,,N,,,N,,,,,,,,,,,,,,,,,,,,,,35,,,,,,,,,,1,1,0,0,0,1,0,0,0,,,,,,,,
16887611,2,1,N,N,43,1FAHP3FN8AW253283,2010,17,37,696,104,N,78745,2,,2,3,12,,,,N,EZ AUTO AND TOWING SERVICE,EZ AUTO AND TOWING SERVICE,N,,,,,,,,,,,,,,,,,,,,,,0,,,,,,,,,,7,1,0,0,1,0,0,1,0,,,,,,,,
16887612,1,1,N,N,43,4T3ZK3BB0AU026659,2010,2,91,1449,69,N,78744,1,1,4,3,1,,,,,ROCHAS,YARD,N,,,,,,,,,,,,,,,,,,,,,,44,4,,68,,,,,,,3,1,2,0,0,0,0,2,0,,,,,,,,
16887612,2,1,N,N,43,1FVHCYBA034100000,2011,21,38,1524,106,N,78744,1,1,,,,,,,,,,Y,Y,N,N,2,2,,7,25000,0,N,,,,,6,13,,,,,,0,,,,,,,,,,3,1,0,0,0,1,0,0,0,Y,0,,,,,N,
16887612,3,6,,,,,,,,,,,78744,,,,,,,,,,,,,,,,,,,,,,,,,,,,,,,,,,0,,,,,,,,,,9,2,0,0,0,0,0,0,0,,,0,5900,2,N,,
16887613,1,1,N,N,43,KNDJP3A54F7217997,2015,3,55,1357,104,N,78745,1,2,2,2,11,,,,N,,,N,,,,,,,,,,,,,,,,,,,,,,20,19,,,,,,,,,7,1,0,0,1,0,0,1,0,,,,,,,,
16887613,2,1,N,N,43,1N6BA07D28N313822,2008,16,71,1397,30,N,78704,1,2,14,1,3,,,,N,,,N,,,,,,,,,,,,,,,,,,,,,,0,,,,,,,,,,1,1,0,0,1,0,0,1,0,,,,,,,,
16887613,3,1,Y,N,43,JM1CR293390348187,2009,2,63,1211,104,N,,1,2,9,1,8,,,,N,,,N,,,,,,,,,,,,,,,,,,,,,,0,,,,,,,,,,1,2,0,0,0,0,0,0,0,,,,,,,,
16887614,1,1,N,N,43,1N4AL11D15N908069,2005,16,71,500,104,N,78748,1,2,2,0,12,,,,Y,SOUTHSIDE WRECKER INC,8200 S. CONGRESS AVE,N,,,,,,,,,,,,,,,,,,,,,,20,,,67,,,,,,,2,1,0,0,0,1,0,0,0,,,,,,,,
16887614,2,1,N,N,43,KNDJN2A24G7853634,2016,2,55,1357,104,N,78155,1,1,6,0,6,,,,N,,,N,,,,,,,,,,,,,,,,,,,,,,0,,,,,,,,,,2,1,0,0,0,1,0,0,0,,,,,,,,
16888985,1,1,N,N,43,JT3GN86R020256747,2002,10,91,395,69,N,78619,2,,17,6,9,,,,N,A-TEX TOWING,5526 1/2 W HWY 290,N,,,,,,,,,,,,,,,,,,,,,,67,74,,,,,,,,,5,1,0,0,0,0,1,0,0,,,,,,,,
16888986,1,1,N,N,43,1C4PJLCB8GW336559,2016,9,429,983,69,N,78753,1,1,16,3,3,,,,N,,,N,,,,,,,,,,,,,,,,,,,,,,17,,,48,,,,,,,7,1,0,0,0,1,0,0,0,,,,,,,,
16888986,2,1,N,N,43,2C3KA63H76H198076,2006,21,21,2259,104,N,78750,1,7,5,1,12,,,,N,,,N,,,,,,,,,,,,,,,,,,,,,,37,,,48,,,,,,,5,1,0,0,0,2,0,0,0,,,,,,,,
16888987,1,1,N,N,43,1C3CDFAA2DD285105,2013,16,109,78,104,N,78759,1,2,2,3,12,,,,Y,EZ AUTO AND TOWING SERVICE,EZ AUTO AND TOWING SERVICE,N,,,,,,,,,,,,,,,,,,,,,,22,,,,,,,,,,2,1,0,0,1,0,0,1,0,,,,,,,,
16888987,2,1,N,N,43,1FTFW1ET0DFD81921,2013,2,37,2324,30,N,78660,1,2,6,2,6,,,,N,,,N,,,,,,,,,,,,,,,,,,,,,,0,,,,,,,,,,2,1,0,0,1,0,0,1,0,,,,,,,,
16888988,1,1,N,N,43,JHMCD5669RC041778,1994,9,44,236,104,N,78754,1,2,3,4,12,,,,Y,AVILES & GABES WRECKER SERVICE INC.,AVILES & GABES WRECKER SERVICE INC.,N,,,,,,,,,,,,,,,,,,,,,,74,,,,,,,,,,5,1,0,0,0,1,0,0,0,,,,,,,,
16888989,1,1,N,N,43,1G1ZH57B48F258091,2008,2,107,56,104,N,78704,1,1,2,2,12,,,,,,,N,,,,,,,,,,,,,,,,,,,,,,37,,,,,,,,,,7,1,0,0,0,1,0,0,0,,,,,,,,
16888989,2,1,N,N,43,5NPE24AF2GH349720,2016,17,45,462,104,N,78741,1,1,10,2,3,,,,,,,N,,,,,,,,,,,,,,,,,,,,,,0,,,,,,,,,,1,1,0,0,1,0,0,1,0,,,,,,,,
16888990,1,1,N,N,43,2B3KA43G98H229033,2008,2,109,74,104,N,78613,2,,7,2,6,7,2,7,N,,,N,,,,,,,,,,,,,,,,,,,,,,33,,,,,,,,,,5,1,0,0,0,2,0,0,0,,,,,,,,
16888990,2,1,N,N,43,WDBRF92H17F865322,2007,21,65,839,104,N,78758,1,1,4,6,10,4,6,11,Y,STARS TOWING,STARS TOWING,N,,,,,,,,,,,,,,,,,,,,,,0,,,,,,,,,,4,1,0,0,1,1,0,1,0,,,,,,,,
16888991,1,1,N,N,43,KMHCM3AC0BU188313,2011,17,45,557,100,N,78745,1,1,14,2,3,,,,,EZ AUTO AND TOWING SERVICE,EZ AUTO AND TOWING SERVICE,N,,,,,,,,,,,,,,,,,,,,,,45,,,,,,,,,,5,1,0,0,0,1,0,0,0,,,,,,,,
16888991,2,1,N,N,43,4F2CZ06124KM25734,2004,2,63,719,104,N,78719,1,1,1,3,12,,,,,SOUTHSIDE WRECKER INC,8200 S. CONGRESS AVE,N,,,,,,,,,,,,,,,,,,,,,,0,,,,,,,,,,3,1,0,0,0,1,0,0,0,,,,,,,,
16888992,1,1,N,N,43,JF1GH60649H819242,2009,21,85,516,104,N,78727,1,2,12,5,3,,,,N,,,N,,,,,,,,,,,,,,,,,,,,,,0,,,,,,,,,,3,1,0,0,0,1,0,0,0,,,,,,,,
16888992,2,1,N,N,43,5NPDH4AE7GH665759,2016,2,45,480,104,N,78724,1,2,2,3,12,,,,N,,,N,,,,,,,,,,,,,,,,,,,,,,0,,,,,,,,,,7,1,0,0,0,2,0,0,0,,,,,,,,
16888993,1,1,N,Y,43,2HGFG3B04DH505532,2013,2,44,256,100,N,75103,1,2,6,3,6,2,1,12,N,,,N,,,,,,,,,,,,,,,,,,,,,,74,,,,,,,,,,3,1,0,0,2,0,0,2,0,,,,,,,,
16888993,2,1,N,Y,43,1NXBR32E54Z300331,2004,18,91,173,104,N,78741,1,2,6,1,6,,,,N,,,N,,,,,,,,,,,,,,,,,,,,,,0,,,,,,,,,,3,2,0,0,0,1,0,0,0,,,,,,,,
16888993,3,1,N,Y,113,,,99,,,0,N,,,,,,,,,,N,,,N,,,,,,,,,,,,,,,,,,,,,,0,,,,,,,,,,3,1,0,0,0,0,1,0,0,,,,,,,,
16888994,1,1,N,N,43,4T1B11HK4JU675020,,,91,173,104,N,78665,1,1,,,,,,,N,,,N,,,,,,,,,,,,,,,,,,,,,,0,,,,,,,,,,11,1,0,0,0,1,0,0,0,,,,,,,,
16888994,2,1,N,N,43,1HGCM56804A175183,2004,,44,236,104,N,78660,1,1,,,,,,,N,AVILES & GABES WRECKER SERVICE INC.,AVILES & GABES WRECKER SERVICE INC.,N,,,,,,,,,,,,,,,,,,,,,,0,,,,,,,,,,11,1,0,0,0,1,0,0,0,,,,,,,,
16888995,1,1,N,N,43,3VWGF71K17M196542,2007,,96,316,104,N,,1,1,2,5,12,,,,,,,N,,,,,,,,,,,,,,,,,,,,,,0,,,,,,,,,,11,1,0,0,0,1,0,0,0,,,,,,,,
16888995,2,1,Y,N,43,2HNYD2H20DH523295,2013,,1,705,69,N,,1,1,11,4,9,12,3,3,,,,N,,,,,,,,,,,,,,,,,,,,,,0,,,,,,,,,,11,1,0,0,0,0,0,0,0,,,,,,,,
16888995,3,1,Y,N,43,1GNFC13J67R161901,2007,,107,547,69,N,,1,1,11,3,8,,,,,,,N,,,,,,,,,,,,,,,,,,,,,,0,,,,,,,,,,11,2,0,0,0,0,0,0,0,,,,,,,,
16888996,1,1,N,N,43,2G1WF52E529352698,2002,17,107,53,104,N,76537,1,2,3,2,11,,,,N,,,N,,,,,,,,,,,,,,,,,,,,,,,,,44,,,,,6,,2,1,0,0,0,1,0,0,0,,,,,,,,
16888996,2,1,N,N,43,4T1BF1FK3HU399539,2017,2,91,380,104,N,77019,1,2,8,2,7,1,1,12,N,,,N,,,,,,,,,,,,,,,,,,,,,,0,,,,,,,,,,2,1,0,0,1,0,0,1,0,,,,,,,,