Crash_ID,Unit_Nbr,Unit_Desc_ID,Veh_Parked_Fl,Veh_HNR_Fl,Veh_Lic_State_ID,VIN,Veh_Mod_Year,Veh_Color_ID,Veh_Make_ID,Veh_Mod_ID,Veh_Body_Styl_ID,Emer_Respndr_Fl,Ownr_Zip,Fin_Resp_Proof_ID,Fin_Resp_Type_ID,Veh_Dmag_Area_1_ID,Veh_Dmag_Scl_1_ID,Force_Dir_1_ID,Veh_Dmag_Area_2_ID,Veh_Dmag_Scl_2_ID,Force_Dir_2_ID,Veh_Inventoried_Fl,Veh_Transp_Name,Veh_Transp_Dest,Veh_Cmv_Fl,Cmv_Fiveton_Fl,Cmv_Hazmat_Fl,Cmv_Nine_Plus_Pass_Fl,Cmv_Veh_Oper_ID,Cmv_Carrier_ID_Type_ID,Cmv_Carrier_Zip,Cmv_Veh_Type_ID,Cmv_GVWR,Cmv_RGVW,Cmv_Hazmat_Rel_Fl,Hazmat_Cls_1_ID,Hazmat_IDNbr_1_ID,Hazmat_Cls_2_ID,Hazmat_IDNbr_2_ID,Cmv_Cargo_Body_ID,Cmv_Evnt1_ID,Cmv_Evnt2_ID,Cmv_Evnt3_ID,Cmv_Evnt4_ID,Cmv_Tot_Axle,Cmv_Tot_Tire,Contrib_Factr_1_ID,Contrib_Factr_2_ID,Contrib_Factr_3_ID,Contrib_Factr_P1_ID,Contrib_Factr_P2_ID,Veh_Dfct_1_ID,Veh_Dfct_2_ID,Veh_Dfct_3_ID,Veh_Dfct_P1_ID,Veh_Dfct_P2_ID,Veh_Trvl_Dir_ID,First_Harm_Evt_Inv_ID,Sus_Serious_Injry_Cnt,Nonincap_Injry_Cnt,Poss_Injry_Cnt,Non_Injry_Cnt,Unkn_Injry_Cnt,Tot_Injry_Cnt,Death_Cnt,Cmv_Disabling_Damage_Fl,Cmv_Bus_Type_ID,Trlr_GVWR,Trlr_RGVW,Trlr_Type_ID,Trlr_Disabling_Dmag_ID,Cmv_Intermodal_Container_Permit_Fl,CMV_Actual_Gross_Weight
16893280,1,1,N,N,43,5YFBURHE3KP897986,2019,17,91,173,104,N,75261,1,7,,,,,,,Y,ARMADA TOWING,HERTZ ABIA,N,,,,,,,,,,,,,,,,,,,,,,,,,20,,,,,,,1,1,0,0,0,1,0,0,0,,,,,,,,
16893281,1,1,N,N,43,1FAHP2MK0JG106114,2018,2,37,376,104,Y,78702,4,,3,4,11,,,,Y,AUS-TEX AUTO ENTERPRISES LLC,AUS-TEX AUTO ENTERPRISES LLC,N,,,,,,,,,,,,,,,,,,,,,,0,,,,,,,,,,8,1,0,0,0,1,0,0,0,,,,,,,,
16893281,2,1,N,N,43,1FM5K8AR2EGB54375,2014,2,37,554,104,Y,78702,4,,6,3,6,,,,N,,,N,,,,,,,,,,,,,,,,,,,,,,0,,,,,,,,,,8,1,0,0,0,1,0,0,0,,,,,,,,
16893290,1,1,N,Y,43,JM1DE1KYXE0178484,2014,17,63,,104,N,79927,1,2,10,3,3,,,,N,STARS TOWING,STARS TOWING,N,,,,,,,,,,,,,,,,,,,,,,0,,,,,,,,,,7,1,0,1,0,2,0,1,0,,,,,,,,
16893290,2,1,N,Y,,,,2,71,500,104,N,,,,,,,,,,,,,N,,,,,,,,,,,,,,,,,,,,,,,,,4,,,,,,,7,1,0,0,0,0,1,0,0,,,,,,,,
16893291,1,1,N,N,43,JN1AZ44E89M402428,2009,16,71,850,100,Y,78754,1,1,4,4,12,2,4,12,N,620 LAKESIDE TOWING,620 LAKESIDE TOWING,N,,,,,,,,,,,,,,,,,,,,,,2,,,,,,,,,,1,1,0,0,0,1,0,0,0,,,,,,,,
16893293,1,1,N,Y,43,1D7HA18K77J560474,2007,16,109,2275,30,N,78704,1,1,2,4,12,,,,Y,ROCHAS TOWING SERVICE,ROCHAS TOWING SERVICE,N,,,,,,,,,,,,,,,,,,,,,,0,,,,,,,,,,5,1,0,1,0,0,0,1,0,,,,,,,,
16893294,1,1,N,N,35,JF1GG65574G806941,2004,17,85,646,104,N,78746,2,,2,3,12,6,1,6,Y,ROCHAS TOWING SERVICE,5526 1/2 W HWY 290,N,,,,,,,,,,,,,,,,,,,,,,20,67,,,,,,,,,7,1,0,3,0,0,0,3,0,,,,,,,,
16893294,2,1,Y,N,43,WDDSJ4EB9JN568832,2018,17,65,839,104,N,76177,2,,13,2,8,2,1,12,Y,AVILES & GABES WRECKER SERVICE INC.,5526 1/2 W HWY 290,N,,,,,,,,,,,,,,,,,,,,,,0,,,,,,,,,,7,1,0,0,0,0,0,0,0,,,,,,,,
16893294,3,1,Y,N,43,2G4WS52J9Y1255040,2000,10,105,25,104,N,78724,2,,6,1,6,,,,N,,,N,,,,,,,,,,,,,,,,,,,,,,0,,,,,,,,,,7,2,0,0,0,0,0,0,0,,,,,,,,
16893296,1,1,N,N,43,1GNEC13T6YJ192725,2000,8,107,547,69,N,78653,1,1,2,3,12,,,,N,,,N,,,,,,,,,,,,,,,,,,,,,,44,,,,,,,,,,7,1,0,0,0,1,0,0,0,,,,,,,,
16893296,2,1,N,N,43,3C6UR5DL1JG315130,2018,9,710,4100,30,N,78602,1,1,6,2,6,,,,N,,,N,,,,,,,,,,,,,,,,,,,,,,0,,,,,,,,,,7,1,0,0,0,1,0,0,0,,,,,,,,
16893298,1,1,N,N,43,1XP5U9X57N7389550,2007,21,74,1545,106,N,39120,1,2,3,2,11,,,,N,,,N,,,,,,,,,,,,,,,,,,,,,,37,,,,,,,,,,1,1,0,0,0,1,0,0,0,,,,,,,,
16893298,2,6,,,,,,,,,,,39120,,,,,,,,,,,,,,,,,,,,,,,,,,,,,,,,,,0,,,,,,,,,,9,2,0,0,0,0,0,0,0,,,,,,,,
16893298,3,1,N,N,43,JTDBU4EE4B9151494,2011,2,91,173,104,N,78660,1,2,3,4,11,,,,N,969 TOWING,969 TOWING,N,,,,,,,,,,,,,,,,,,,,,,0,,,,,,,,,,5,1,0,0,1,0,0,1,0,,,,,,,,
16893299,1,1,N,N,43,1NXBU40E09Z102867,2009,2,91,173,104,N,78621,1,1,2,3,12,,,,N,ROCHAS TOWING SERVICE,ROCHAS TOWING SERVICE,N,,,,,,,,,,,,,,,,,,,,,,16,,,,,,,,,,7,1,0,0,0,1,0,0,0,,,,,,,,
16893299,2,1,N,N,43,4T1BE46K08U243074,2008,17,91,380,104,N,78704,1,1,8,4,5,,,,N,AVILES & GABES WRECKER SERVICE INC.,AVILES & GABES WRECKER SERVICE INC.,N,,,,,,,,,,,,,,,,,,,,,,0,,,,,,,,,,1,1,0,0,0,1,0,0,0,,,,,,,,
16893300,1,1,N,N,43,3ALACWD29KDKL9247,2019,21,38,1524,106,N,92335,1,1,14,1,4,,,,N,,,N,,,,,,,,,,,,,,,,,,,,,,34,,,48,,,,,,,2,1,0,0,0,1,0,0,0,,,,,,,,
16893300,2,1,N,N,43,WDCGG5HB6FG370859,2015,21,65,1113,69,N,78704,1,1,3,2,11,,,,N,,,N,,,,,,,,,,,,,,,,,,,,,,0,,,,,,,,,,5,1,0,0,0,1,0,0,0,,,,,,,,
16893520,1,1,N,N,43,1FTPX14576KB29050,2006,3,37,2324,106,N,78725,1,2,6,4,6,,,,N,620 LAKESIDE TOWING,620 LAKESIDE TOWING,N,,,,,,,,,,,,,,,,,,,,,,60,,,,,,,,,,6,1,0,0,0,1,0,0,0,,,,,,,,
16893520,2,1,N,N,43,5N1AL0MN0DC349063,2013,3,47,2389,104,N,78730,1,2,2,4,12,,,,N,STARS TOWING,STARS TOWING,N,,,,,,,,,,,,,,,,,,,,,,0,,,,,,,,,,8,1,0,0,0,1,0,0,0,,,,,,,,
16895338,1,1,N,N,43,5UXWX9C55D0D06703,2013,3,14,1466,104,N,78723,1,2,7,2,7,,,,N,N/A,,N,,,,,,,,,,,,,,,,,,,,,,0,,,,,,,,,,7,1,0,0,0,1,0,0,0,,,,,,,,
16895338,2,1,N,N,43,4JGAB54E3YA154110,2000,2,65,2491,104,N,78722,2,,1,3,12,4,2,1,N,A-TEX,2933 HIGGINS STREET,N,,,,,,,,,,,,,,,,,,,,,,22,,,,,,,,,,7,1,0,0,0,1,0,0,0,,,,,,,,
16895455,1,1,N,N,43,3N1CB51D1YL303800,2000,11,71,341,104,N,78741,1,2,2,4,12,,,,N,SOUTHSIDE WRECKER INC,8200 S. CONGRESS AVE,N,,,,,,,,,,,,,,,,,,,,,,44,,,19,,,,,,,8,1,0,0,0,1,0,0,0,,,,,,,,
16895455,2,1,N,N,43,JTDKB20U557051557,2005,16,91,702,104,N,78741,1,2,6,2,6,,,,N,,,N,,,,,,,,,,,,,,,,,,,,,,0,,,,,,,,,,8,1,0,0,0,1,0,0,0,,,,,,,,
16895456,1,1,N,N,43,1FMYU60E12UD69849,2002,21,37,554,69,N,78669,1,2,15,4,10,,,,,A-TEX TOWING,5526 1/2 W HWY 290,N,,,,,,,,,,,,,,,,,,,,,,,,,22,74,,,,,,3,1,0,0,0,2,0,0,0,,,,,,,,
16895457,1,1,N,N,43,WAU2GAFC9CN122338,2012,2,8,2150,104,N,78703,1,2,2,7,12,3,6,11,N,HARPERS TOWING SERVICE INC,HARPERS TOWING SERVICE INC,N,,,,,,,,,,,,,,,,,,,,,,15,,,,,,,,,,7,1,0,0,0,1,0,0,0,,,,,,,,
16895457,2,1,N,N,43,JTHBC96S275008335,2007,21,58,1131,104,N,78751,1,2,4,6,5,,,,N,AVILES & GABES WRECKER SERVICE INC.,AVILES & GABES WRECKER SERVICE INC.,N,,,,,,,,,,,,,,,,,,,,,,0,,,,,,,,,,1,1,0,0,0,1,0,0,0,,,,,,,,
16895458,1,1,N,N,43,1N4AL21E98N543174,2008,2,71,500,104,N,78723,1,2,2,4,12,,,,N,ARMADA TOWING,ARMADA TOWING,N,,,,,,,,,,,,,,,,,,,,,,20,22,4,,,,,,,,3,1,0,0,0,2,0,0,0,,,,,,,,
16895459,1,1,N,N,43,1N6BA07B36N564909,2006,16,71,634,30,N,78753,1,2,2,4,12,,,,Y,STARS TOWING,STARS TOWING,N,,,,,,,,,,,,,,,,,,,,,,0,,,,,,,,,,5,1,0,0,1,0,0,1,0,,,,,,,,
16895459,2,1,N,N,43,5RKYS92U5D4500308,2013,9,502,941,47,N,78701,1,7,6,4,6,,,,N,,,N,,,,,,,,,,,,,,,,,,,,,,0,,,,,,,,,,5,1,0,0,5,0,0,5,0,,,,,,,,
16895460,1,1,N,N,43,2C3CCAEG7JH126924,2017,9,21,65,104,N,78665,1,2,3,3,12,,,,N,,,N,,,,,,,,,,,,,,,,,,,,,,48,,,,,,,,,,5,1,0,0,0,1,0,0,0,,,,,,,,
16895460,2,1,N,N,43,3VWDX7AJ8CM327385,2012,9,96,316,104,N,78745,1,2,16,6,5,,,,N,EAGLE TOWING,EAGLE TOWING,N,,,,,,,,,,,,,,,,,,,,,,0,,,,,,,,,,7,1,0,0,0,1,0,0,0,,,,,,,,
16895461,1,1,N,N,43,1FADP3K27DL200378,2013,11,37,696,104,N,78748,1,1,2,7,12,,,,N,ROCHAS TOWING SERVICE,ROCHAS TOWING SERVICE,N,,,,,,,,,,,,,,,,,,,,,,0,,,,,,,,,,1,1,0,0,0,1,0,0,0,,,,,,,,
16895461,2,1,N,N,43,1FTRF12248KD87405,2008,21,37,2324,30,N,78744,1,1,10,6,3,,,,N,HARPERS TOWING SERVICE INC,HARPERS TOWING SERVICE INC,N,,,,,,,,,,,,,,,,,,,,,,0,,,,,,,,,,7,1,0,1,0,0,0,1,0,,,,,,,,
16895462,1,1,N,N,43,5TFTX4EN0BX007514,2011,21,91,629,30,N,78942,1,2,2,4,12,,,,N,ARMADA TOWING,ARMADA TOWING,N,,,,,,,,,,,,,,,,,,,,,,15,,,,,,,,,,4,1,0,0,0,1,0,0,0,,,,,,,,
16895462,2,1,N,N,43,3FRWX65F77V484601,2007,16,37,2975,92,N,78728,1,2,10,2,,,,,N,,,N,,,,,,,,,,,,,,,,,,,,,,0,,,,,,,,,,6,1,0,0,0,1,0,0,0,,,,,,,,
16895463,1,1,N,N,43,KL1TD5DE9AB113219,2010,21,107,920,104,N,78723,1,2,2,4,12,,,,,A-TEX TOWING,A-TEX TOWING,N,,,,,,,,,,,,,,,,,,,,,,44,,,,,,,,,,7,1,0,0,1,0,0,1,0,,,,,,,,
16895463,2,1,N,N,43,1FD8W3B65HEE34672,2017,21,37,2325,30,N,78703,1,7,6,1,6,,,,,,,N,,,,,,,,,,,,,,,,,,,,,,0,,,,,,,,,,7,1,0,0,0,1,0,0,0,,,,,,,,
16895464,1,1,N,Y,43,1FTEW1EG2GKF81127,2016,9,37,2324,106,N,75050,1,2,16,1,5,,,,N,,,N,,,,,,,,,,,,,,,,,,,,,,20,,,,,,,,,,1,1,0,0,0,0,1,0,0,,,,,,,,
16895464,2,3,,,,,,,,,,,,,,,,,,,,,,,,,,,,,,,,,,,,,,,,,,,,,0,,,,,,,,,,9,1,0,1,0,0,0,1,0,,,,,,,,
16895465,1,1,N,N,43,3N1CN7AP1JL807959,2019,9,71,1452,104,N,74332,1,1,2,3,1,,,,N,STARS TOWING,STARS TOWING,N,,,,,,,,,,,,,,,,,,,,,,,,,33,,,,,,,2,1,0,0,0,2,0,0,0,,,,,,,,
16895465,2,1,N,N,43,1G4BR82P3SR422846,1995,21,105,475,103,N,78737,1,1,3,2,11,,,,N,,,N,,,,,,,,,,,,,,,,,,,,,,0,,,,,,,,,,8,1,0,0,0,1,0,0,0,,,,,,,,
16895466,1,1,N,N,43,3MZBN1U7XHM108218,2017,9,63,1210,104,N,78739,1,1,11,3,11,,,,N,ROCHAS TOWING SERVICE,ROCHAS TOWING SERVICE,N,,,,,,,,,,,,,,,,,,,,,,20,,,,,,,,,,3,1,0,0,0,1,0,0,0,,,,,,,,
16895466,2,1,N,N,43,1GCNCPEX1DZ302314,2013,3,107,2236,30,N,78640,1,1,14,2,3,,,,N,A-TEX TOWING,5526 1/2 W HWY 290,N,,,,,,,,,,,,,,,,,,,,,,0,,,,,,,,,,5,1,0,0,0,1,0,0,0,,,,,,,,
16895467,1,1,N,N,43,5TFTX4CN4EX037252,2014,9,91,629,30,N,78717,1,2,11,3,9,,,,N,SPECIAL AUTOMOTIVE SERVICE INC,SPECIAL AUTOMOTIVE SERVICE INC,N,,,,,,,,,,,,,,,,,,,,,,16,,,,,,,,,,7,1,0,1,0,0,0,1,0,,,,,,,,
16895467,2,1,N,N,43,JF1GD29613G510011,2003,3,85,4156,104,N,78703,1,2,2,3,12,,,,N,ROCHAS TOWING SERVICE,ROCHAS TOWING SERVICE,N,,,,,,,,,,,,,,,,,,,,,,0,,,,,,,,,,1,1,0,0,0,1,0,0,0,,,,,,,,
16895468,1,1,N,N,43,KNDJN2A20G7854344,2016,2,55,1357,104,N,78332,1,2,2,4,12,,,,Y,SPECIAL AUTOMOTIVE SERVICE INC,SPECIAL AUTOMOTIVE SERVICE INC,N,,,,,,,,,,,,,,,,,,,,,,0,,,,,,,,,,7,1,0,0,0,1,0,0,0,,,,,,,,
16895468,2,1,N,N,43,5FNRL5H66FB002852,2015,21,44,571,103,N,78737,1,2,7,2,7,,,,N,,,N,,,,,,,,,,,,,,,,,,,,,,0,,,,,,,,,,5,1,0,0,0,1,0,0,0,,,,,,,,
16895468,3,1,N,N,43,JT2BK18U620060120,2002,17,91,702,104,N,78758,2,,2,3,12,,,,N,,,N,,,,,,,,,,,,,,,,,,,,,,0,,,,,,,,,,5,2,0,0,0,1,0,0,0,,,,,,,,
16895469,1,1,N,N,43,15GGD2712G1187512,2016,3,40,3031,47,N,78701,1,1,4,0,12,,,,N,,,N,,,,,,,,,,,,,,,,,,,,,,36,,,,,,,,,,4,1,0,0,0,1,0,0,0,,,,,,,,
16895469,2,4,,,,,,,,,,,,,,,,,,,,,,,,,,,,,,,,,,,,,,,,,,,,,0,,,,,,,,,,9,1,0,0,1,0,0,1,0,,,,,,,,
16895470,1,1,N,N,43,5LMFU27566LJ19375,2006,17,113,638,69,N,78741,1,2,2,5,12,,,,Y,BULLET TOWING,BULLET TOWING,N,,,,,,,,,,,,,,,,,,,,,,44,,,20,,,,,,,7,1,0,0,1,1,0,1,0,,,,,,,,
16895470,2,1,N,N,43,5FNRL5H65CB010016,2012,21,44,571,103,N,78747,1,2,6,4,6,2,3,12,N,,,N,,,,,,,,,,,,,,,,,,,,,,0,,,,,,,,,,7,1,0,0,0,1,0,0,0,,,,,,,,
16895470,3,1,N,N,43,2HGFB2F5XEH539667,2014,5,44,256,104,N,78745,1,2,6,3,6,2,2,12,N,,,N,,,,,,,,,,,,,,,,,,,,,,0,,,,,,,,,,7,2,0,0,0,2,0,0,0,,,,,,,,
16895470,4,1,N,N,21,4T1BG12K9TU944543,1996,10,91,380,104,N,78741,1,2,6,2,6,,,,N,,,N,,,,,,,,,,,,,,,,,,,,,,0,,,,,,,,,,7,2,0,0,0,1,0,0,0,,,,,,,,
16895471,1,1,N,N,43,1D7HA18288S589249,2008,2,109,2275,30,N,78733,1,2,2,1,12,,,,N,,,N,,,,,,,,,,,,,,,,,,,,,,0,,,,,,,,,,5,1,0,0,0,1,0,0,0,,,,,,,,
16895472,1,1,N,N,43,1VWBS7A30GC065490,2016,21,96,473,104,N,78731,1,1,2,2,12,,,,N,STARS TOWING,STARS TOWING,N,,,,,,,,,,,,,,,,,,,,,,67,,,,,,,,,,7,1,0,0,0,1,0,0,0,,,,,,,,
16895472,2,1,N,N,43,5YFBURHE7GP562107,2016,16,91,173,104,N,78640,1,1,2,2,12,6,2,6,N,ROCHAS TOWING SERVICE,ROCHAS TOWING SERVICE,N,,,,,,,,,,,,,,,,,,,,,,0,,,,,,,,,,7,1,0,1,0,0,0,1,0,,,,,,,,
16895472,3,1,N,N,43,2FMPK3J91GBB15668,2016,9,37,1035,69,N,78703,1,1,6,1,6,,,,N,,,N,,,,,,,,,,,,,,,,,,,,,,0,,,,,,,,,,7,2,0,0,0,1,0,0,0,,,,,,,,
16895473,1,1,N,N,43,1FMCU0F76DUC16788,2013,3,37,711,69,N,78653,1,2,2,3,12,,,,Y,EZ AUTO AND TOWING SERVICE,EZ AUTO AND TOWING SERVICE,N,,,,,,,,,,,,,,,,,,,,,,22,,,44,,,,,,,8,1,0,0,1,0,0,1,0,,,,,,,,
16895473,2,1,N,N,43,1VWCH7A3XCC034258,2012,11,96,473,104,N,78705,1,2,6,3,6,2,3,12,Y,A & A WRECKER NORTH,A & A WRECKER NORTH,N,,,,,,,,,,,,,,,,,,,,,,0,,,,,,,,,,8,1,0,0,0,1,0,0,0,,,,,,,,
16895473,3,1,N,N,43,3GYFNAEY4BS668339,2011,17,106,1373,69,N,78727,1,2,6,3,6,2,3,12,Y,AVILES & GABES WRECKER SERVICE INC.,AVILES & GABES WRECKER SERVICE INC.,N,,,,,,,,,,,,,,,,,,,,,,0,,,,,,,,,,8,2,0,0,0,1,0,0,0,,,,,,,,
16895473,4,1,N,N,43,3C4PDCGB9HT598969,2017,16,109,1166,69,N,78753,1,2,6,1,6,,,,N,,,N,,,,,,,,,,,,,,,,,,,,,,0,,,,,,,,,,8,2,0,0,0,1,0,0,0,,,,,,,,
16895474,1,1,N,N,43,WBADW7C56BE443417,2011,17,14,652,104,N,78701,1,1,2,4,12,,,,N,ROCHAS TOWING SERVICE,ROCHAS TOWING SERVICE,N,,,,,,,,,,,,,,,,,,,,,,22,,,,,,,,,,8,1,0,1,0,0,0,1,0,,,,,,,,
16895474,2,1,N,N,43,1FMCU0F76DUC16788,2013,3,37,711,104,N,78653,1,1,6,3,,,,,N,EZ AUTO AND TOWING SERVICE,EZ AUTO AND TOWING SERVICE,N,,,,,,,,,,,,,,,,,,,,,,0,,,,,,,,,,8,1,0,0,1,0,0,1,0,,,,,,,,
16895478,1,1,N,N,43,JTHBA1D25G5014883,2016,2,58,1156,104,N,78758,1,2,4,4,1,,,,Y,STARS TOWING,STARS TOWING,N,,,,,,,,,,,,,,,,,,,,,,,,,20,45,,,,,,5,1,0,0,0,0,1,0,0,,,,,,,,
16895478,2,1,Y,N,43,4S3GTAD67H3751830,2017,17,85,516,104,N,78731,,,7,4,7,,,,N,,,N,,,,,,,,,,,,,,,,,,,,,,0,,,,,,,,,,5,1,0,0,0,0,0,0,0,,,,,,,,
16895483,1,1,N,Y,43,,,,,,104,N,,,,3,3,11,,,,,,,N,,,,,,,,,,,,,,,,,,,,,,37,,,,,,,,,,1,1,0,0,0,1,0,0,0,,,,,,,,
16895483,2,1,N,N,43,1HGCM56407A157199,2007,3,44,236,104,N,78745,1,2,13,4,11,,,,N,,,N,,,,,,,,,,,,,,,,,,,,,,0,,,,,,,,,,5,1,0,0,0,1,0,0,0,,,,,,,,
16895691,1,1,N,N,43,1M2AG11C17M059264,2007,21,60,3903,106,N,78750,1,2,3,3,10,,,,N,,,Y,Y,N,N,1,3,78750,6,80000,0,N,,,,,6,13,,,,,,22,,,,,,,,,,1,1,0,0,0,1,0,0,0,N,0,,,,,N,
16895691,2,1,N,N,43,1HGEJ6674YL036943,2000,3,44,256,104,N,78641,1,2,6,3,4,4,3,12,Y,SPECIAL AUTOMOTIVE SERVICE INC,SPECIAL AUTOMOTIVE SERVICE INC,N,,,,,,,,,,,,,,,,,,,,,,0,,,,,,,,,,1,1,0,2,0,0,0,2,0,,,,,,,,
16895691,3,1,N,N,43,1C6RR6LT8HS570549,2017,17,109,2275,30,N,78660,1,2,15,2,7,,,,Y,A-TEX TOWING,A-TEX TOWING,N,,,,,,,,,,,,,,,,,,,,,,0,,,,,,,,,,1,2,0,0,0,1,0,0,0,,,,,,,,
16895691,4,1,N,N,43,1C6SRFFT3KN538479,2019,21,109,2275,30,N,78602,1,2,6,2,6,,,,N,,,N,,,,,,,,,,,,,,,,,,,,,,0,,,,,,,,,,1,2,0,0,0,1,0,0,0,,,,,,,,
16895691,5,1,N,N,43,1XP5DB9X3XD378453,1995,3,74,1545,106,N,76557,1,2,2,1,12,,,,N,,,Y,Y,N,N,1,2,76557,9,50000,0,N,,,,,5,13,,,,,,0,,,,,,,,,,1,2,0,0,0,1,0,0,0,N,0,,,,,N,
16895691,6,6,,,,,,,,,,,76557,,,,,,,,,,,,,,,,,,,,,,,,,,,,,,,,,,0,,,,,,,,,,9,2,0,0,0,0,0,0,0,,,52000,0,2,N,,
16895693,1,1,N,N,43,JN8AS5MT4DW516272,2013,2,71,1310,69,N,78727,1,2,3,4,10,,,,,DRIVEN FROM SCENE,DRIVEN FROM SCENE,N,,,,,,,,,,,,,,,,,,,,,,22,64,,,,,,,,,1,1,0,0,0,2,0,0,0,,,,,,,,
16895693,2,1,N,N,43,WVWMN7AN8BE731674,2011,2,96,964,104,N,78613,1,2,9,4,9,,,,Y,FINGER TOWING,307 FARLEY,N,,,,,,,,,,,,,,,,,,,,,,0,,,,,,,,,,8,1,0,0,0,1,0,0,0,,,,,,,,
16895694,1,1,N,N,43,2T1CF22P9XC100891,1999,17,91,686,100,N,,1,2,12,2,2,,,,N,,,N,,,,,,,,,,,,,,,,,,,,,,0,,,,,,,,,,5,1,0,0,0,1,0,0,0,,,,,,,,
16895694,2,1,N,N,43,1FA6P8CF4H5281258,2017,2,37,96,100,N,78653,1,1,2,3,11,,,,N,AVILES & GABES WRECKER SERVICE INC.,AVILES & GABES WRECKER SERVICE INC.,N,,,,,,,,,,,,,,,,,,,,,,0,,,,,,,,,,1,1,0,1,0,1,0,1,0,,,,,,,,
16895695,1,1,N,N,43,19XFC2F79HE016430,2017,21,44,256,104,N,78232,1,2,16,3,3,9,2,9,N,ATX-VIP TOWING SERVICES,ATX-VIP TOWING SERVICES,N,,,,,,,,,,,,,,,,,,,,,,37,,,,,,,,,,1,1,0,0,1,0,0,1,0,,,,,,,,
16895695,2,1,N,N,43,4T1BF32KX5U611737,2005,9,91,380,104,N,78704,1,2,2,2,12,,,,N,,,N,,,,,,,,,,,,,,,,,,,,,,0,,,,,,,,,,5,1,0,0,1,0,0,1,0,,,,,,,,
16895696,1,1,N,N,43,1FTPW12565FB71898,2005,9,37,2324,30,N,78704,1,2,14,1,3,,,,N,,,N,,,,,,,,,,,,,,,,,,,,,,22,39,,,,,,,,,2,1,0,0,0,2,0,0,0,,,,,,,,
16895696,2,1,N,N,43,JM1BK32F381845114,2008,2,63,1210,104,N,78747,1,2,3,3,12,,,,N,SOUTHSIDE WRECKER INC,8200 S. CONGRESS AVE,N,,,,,,,,,,,,,,,,,,,,,,0,,,,,,,,,,8,1,0,0,0,1,0,0,0,,,,,,,,
16895697,1,1,N,N,43,4T1B11HK7JU664500,2018,11,91,380,104,N,78717,1,1,15,4,11,,,,N,A & A WRECKER SOUTH,A & A WRECKER SOUTH,N,,,,,,,,,,,,,,,,,,,,,,16,,,,,,,,,,1,1,0,0,0,1,0,0,0,,,,,,,,
16895697,2,1,N,N,43,2GNALCEK9H6164817,2017,2,107,1048,104,N,78717,1,1,3,2,11,,,,N,,,N,,,,,,,,,,,,,,,,,,,,,,0,,,,,,,,,,5,1,0,0,0,3,0,0,0,,,,,,,,
16895698,1,1,N,N,41,2GKFLZEK1D6144271,2013,2,39,1392,69,N,57363,1,2,2,2,12,,,,N,TOW TIME,TOW TIME,N,,,,,,,,,,,,,,,,,,,,,,34,,,,,,,,,,1,1,0,0,0,2,0,0,0,,,,,,,,
16895698,2,1,N,N,43,1FMCU0F71EUC76785,2014,21,37,101,104,N,78711,4,,14,1,4,,,,,AUS-TEX AUTO ENTERPRISES LLC,AUS-TEX AUTO ENTERPRISES LLC,N,,,,,,,,,,,,,,,,,,,,,,0,,,,,,,,,,3,1,0,0,0,1,0,0,0,,,,,,,,
16895699,1,1,N,N,43,1A4GP45R16B740172,2006,18,21,64,103,N,78744,1,1,11,3,10,,,,N,ARMADA TOWING,ARMADA TOWING,N,,,,,,,,,,,,,,,,,,,,,,28,,,,,,,,,,7,1,0,0,0,1,0,0,0,,,,,,,,
16895699,2,1,N,N,43,1HGCT2A8XEA001454,2014,2,44,236,104,N,78745,1,1,12,4,2,,,,N,ARMADA TOWING,ARMADA TOWING,N,,,,,,,,,,,,,,,,,,,,,,37,,,20,,,,,,,3,1,0,0,0,1,0,0,0,,,,,,,,
16895700,1,1,N,N,43,KNADM4A38D6177692,2013,16,55,716,104,N,78717,1,2,3,4,12,,,,N,AVILES & GABES WRECKER SERVICE INC.,AVILES & GABES WRECKER SERVICE INC.,N,,,,,,,,,,,,,,,,,,,,,,0,,,,,,,,,,1,1,0,0,0,1,0,0,0,,,,,,,,
16895700,2,1,N,N,43,3N1BC13EX8L354980,2008,3,71,1452,104,N,78757,1,2,2,5,12,,,,N,ATX-VIP TOWING SERVICES,ATX-VIP TOWING SERVICES,N,,,,,,,,,,,,,,,,,,,,,,0,,,,,,,,,,3,1,0,0,0,1,0,0,0,,,,,,,,
16895701,1,1,N,N,43,1FAHP3H20CL454201,2012,9,37,696,104,N,78729,1,1,2,4,,,,,Y,,,N,,,,,,,,,,,,,,,,,,,,,,,,,20,,,,,,,7,1,0,0,0,1,0,0,0,,,,,,,,
16895701,2,1,N,N,43,WP1AG2A59HLB51157,2017,2,76,4099,69,N,78717,1,1,11,3,,15,1,11,Y,,,N,,,,,,,,,,,,,,,,,,,,,,0,,,,,,,,,,3,1,0,0,0,2,0,0,0,,,,,,,,
16895703,1,1,N,N,43,1LNFM97V2WY740398,1998,8,113,669,104,N,78154,2,,4,5,1,,,,Y,EZ AUTO AND TOWING SERVICE,EZ AUTO AND TOWING SERVICE,N,,,,,,,,,,,,,,,,,,,,,,74,,,,,,,,,,5,1,0,0,0,1,0,0,0,,,,,,,,