Crash_ID,Unit_Nbr,Unit_Desc_ID,Veh_Parked_Fl,Veh_HNR_Fl,Veh_Lic_State_ID,VIN,Veh_Mod_Year,Veh_Color_ID,Veh_Make_ID,Veh_Mod_ID,Veh_Body_Styl_ID,Emer_Respndr_Fl,Ownr_Zip,Fin_Resp_Proof_ID,Fin_Resp_Type_ID,Veh_Dmag_Area_1_ID,Veh_Dmag_Scl_1_ID,Force_Dir_1_ID,Veh_Dmag_Area_2_ID,Veh_Dmag_Scl_2_ID,Force_Dir_2_ID,Veh_Inventoried_Fl,Veh_Transp_Name,Veh_Transp_Dest,Veh_Cmv_Fl,Cmv_Fiveton_Fl,Cmv_Hazmat_Fl,Cmv_Nine_Plus_Pass_Fl,Cmv_Veh_Oper_ID,Cmv_Carrier_ID_Type_ID,Cmv_Carrier_Zip,Cmv_Veh_Type_ID,Cmv_GVWR,Cmv_RGVW,Cmv_Hazmat_Rel_Fl,Hazmat_Cls_1_ID,Hazmat_IDNbr_1_ID,Hazmat_Cls_2_ID,Hazmat_IDNbr_2_ID,Cmv_Cargo_Body_ID,Cmv_Evnt1_ID,Cmv_Evnt2_ID,Cmv_Evnt3_ID,Cmv_Evnt4_ID,Cmv_Tot_Axle,Cmv_Tot_Tire,Contrib_Factr_1_ID,Contrib_Factr_2_ID,Contrib_Factr_3_ID,Contrib_Factr_P1_ID,Contrib_Factr_P2_ID,Veh_Dfct_1_ID,Veh_Dfct_2_ID,Veh_Dfct_3_ID,Veh_Dfct_P1_ID,Veh_Dfct_P2_ID,Veh_Trvl_Dir_ID,First_Harm_Evt_Inv_ID,Sus_Serious_Injry_Cnt,Nonincap_Injry_Cnt,Poss_Injry_Cnt,Non_Injry_Cnt,Unkn_Injry_Cnt,Tot_Injry_Cnt,Death_Cnt,Cmv_Disabling_Damage_Fl,Cmv_Bus_Type_ID,Trlr_GVWR,Trlr_RGVW,Trlr_Type_ID,Trlr_Disabling_Dmag_ID,Cmv_Intermodal_Container_Permit_Fl,CMV_Actual_Gross_Weight
16895704,1,1,N,N,43,5FNRL5H65GB116410,2016,17,44,571,103,N,78717,1,2,2,5,12,,,,N,620 LAKESIDE TOWING,620 LAKESIDE TOWING,N,,,,,,,,,,,,,,,,,,,,,,37,,,,,,,,,,7,1,0,0,0,1,0,0,0,,,,,,,,
16895704,2,1,N,N,43,JTDBU4EE0AJ062812,2010,17,91,173,104,N,75025,1,2,12,2,5,,,,N,FINGER TOWING SERVICE,FINGER TOWING SERVICE,N,,,,,,,,,,,,,,,,,,,,,,0,,,,,,,,,,3,1,0,1,0,0,0,1,0,,,,,,,,
16895704,3,1,Y,N,40,5N1AN0NU7AC523884,2010,17,71,694,69,N,78717,1,2,4,2,1,,,,N,NA,NA,N,,,,,,,,,,,,,,,,,,,,,,0,,,,,,,,,,3,2,0,0,0,0,0,0,0,,,,,,,,
16895705,1,1,N,N,43,2T3WFREV5DW032414,2013,17,91,581,69,N,78732,1,2,2,4,12,,,,N,PRONTO WRECKER SERVICE NORTH,PRONTO WRECKER SERVICE NORTH,N,,,,,,,,,,,,,,,,,,,,,,44,,,14,,,,,,,2,1,0,1,0,0,0,1,0,,,,,,,,
16895705,2,1,N,N,43,KNDJT2A28B7224795,2011,17,55,1357,104,N,79727,1,2,6,4,6,2,3,12,N,FINGER TOWING SERVICE,FINGER TOWING SERVICE,N,,,,,,,,,,,,,,,,,,,,,,0,,,,,,,,,,2,1,0,0,0,1,0,0,0,,,,,,,,
16895705,3,1,N,N,43,4T1BK1FK8HU581703,2017,16,91,380,104,N,78753,1,2,6,3,6,,,,N,NA,NA,N,,,,,,,,,,,,,,,,,,,,,,0,,,,,,,,,,2,2,0,1,0,0,0,1,0,,,,,,,,
16895706,1,1,N,N,43,1HGCP263X8A108221,2008,8,44,236,104,N,78660,2,,6,1,6,,,,Y,AUS-TEX AUTO ENTERPRISES LLC,AUS-TEX AUTO ENTERPRISES LLC,N,,,,,,,,,,,,,,,,,,,,,,67,,,,,,,,,,7,1,0,0,0,1,0,0,0,,,,,,,,
16895706,2,1,N,N,43,1FM5K8AR23GB59088,2014,2,37,554,69,N,78702,1,7,,0,,,,,N,,,N,,,,,,,,,,,,,,,,,,,,,,0,,,,,,,,,,3,1,0,0,0,2,0,0,0,,,,,,,,
16895707,1,1,N,N,43,KNAFK4A65E5193391,2014,17,55,1093,104,N,78744,2,,15,4,9,,,,N,SOUTHSIDE WRECKER INC,8200 S. CONGRESS AVE,N,,,,,,,,,,,,,,,,,,,,,,68,37,,,,,,,,,7,1,0,0,0,1,0,0,0,,,,,,,,
16895707,2,1,N,N,43,1J4GL48K23W659244,2003,2,429,970,104,N,78640,1,2,2,4,12,,,,N,SOUTHSIDE WRECKER INC,8200 S. CONGRESS AVE,N,,,,,,,,,,,,,,,,,,,,,,0,,,,,,,,,,3,1,0,0,0,1,0,0,0,,,,,,,,
16895708,1,1,N,N,43,1G1BE5SMXH7208342,2017,17,107,2209,104,N,78645,1,1,2,3,12,,,,N,FINGER TOWING SERVICE,FINGER TOWING SERVICE,N,,,,,,,,,,,,,,,,,,,,,,22,,,,,,,,,,6,1,0,0,1,0,0,1,0,,,,,,,,
16895708,2,1,N,N,43,1GNEC13T71R105535,2001,2,107,547,69,N,78750,1,1,6,3,6,2,2,12,N,STARS TOWING,STARS TOWING,N,,,,,,,,,,,,,,,,,,,,,,0,,,,,,,,,,6,1,0,0,1,0,0,1,0,,,,,,,,
16895708,3,1,N,N,43,1C4NJCBA8DD115485,2013,21,429,983,69,N,78728,1,1,6,3,6,,,,N,,,N,,,,,,,,,,,,,,,,,,,,,,0,,,,,,,,,,6,2,0,0,1,0,0,1,0,,,,,,,,
16895709,1,1,N,N,43,1N4AL11E23C307657,2003,8,71,500,104,N,78748,2,,4,4,1,,,,N,,,N,,,,,,,,,,,,,,,,,,,,,,67,,,,,,,,,,3,1,0,0,0,1,0,0,0,,,,,,,,
16895710,1,1,N,N,43,4T1BE46K37U128919,2007,17,91,380,104,N,78736,3,1,1,7,1,,,,Y,EZ AUTO AND TOWING SERVICE,EZ AUTO AND TOWING SERVICE,N,,,,,,,,,,,,,,,,,,,,,,19,,,,,,,,,,1,1,1,0,0,0,0,1,0,,,,,,,,
16895712,1,1,N,N,43,5XXGN4A73DG247844,2013,11,55,715,104,N,78729,1,1,2,6,12,,,,N,ARMADA TOWING,ARMADA TOWING,N,,,,,,,,,,,,,,,,,,,,,,20,,,,,,,,,,11,1,0,0,0,1,0,0,0,,,,,,,,
16895712,2,1,N,N,43,5N1AR2MN0GC624879,2016,21,71,531,104,N,78724,1,1,5,3,6,,,,N,,,N,,,,,,,,,,,,,,,,,,,,,,0,,,,,,,,,,11,1,0,0,0,1,0,0,0,,,,,,,,
16895716,1,1,N,N,43,KNDPB3A25B7032091,2011,9,55,575,104,N,78660,1,1,2,6,12,,,,Y,ARMADA TOWING,ARMADA TOWING,N,,,,,,,,,,,,,,,,,,,,,,44,,,,,,,,,,2,1,0,0,0,1,0,0,0,,,,,,,,
16895716,2,1,N,N,43,2GKALPEK1H6300197,2017,9,39,1392,104,N,78660,1,1,5,1,6,,,,N,,,N,,,,,,,,,,,,,,,,,,,,,,0,,,,,,,,,,2,1,0,0,0,1,0,0,0,,,,,,,,
16895722,1,1,N,N,43,3N1CE2CP2GL386312,2016,16,71,3996,104,N,78634,1,1,2,6,12,,,,Y,STARS TOWING,STARS TOWING,N,,,,,,,,,,,,,,,,,,,,,,44,,,,,,,,,,6,1,0,0,0,1,0,0,0,,,,,,,,
16895722,2,1,N,N,43,5TFEY5F12AX096041,2010,21,91,687,30,N,78665,1,1,5,1,6,,,,N,,,N,,,,,,,,,,,,,,,,,,,,,,0,,,,,,,,,,6,1,0,0,0,1,0,0,0,,,,,,,,
16895724,1,1,N,N,43,1G1ZD5ST2JF205021,2018,17,107,56,104,N,78727,1,1,3,4,11,,,,Y,620 LAKESIDE TOWING,620 LAKESIDE TOWING,N,,,,,,,,,,,,,,,,,,,,,,74,,,,,,,,,,6,1,0,0,1,0,0,1,0,,,,,,,,
16895724,2,1,N,N,43,1N4AL21E67N436727,2007,17,71,500,104,N,,1,1,8,5,,,,,Y,620 LAKESIDE TOWING,620 LAKESIDE TOWING,N,,,,,,,,,,,,,,,,,,,,,,74,,,,,,,,,,6,1,0,0,1,1,0,1,0,,,,,,,,
16895725,1,1,N,N,43,1N4AL3AP1DN542005,2013,1,71,500,104,N,77093,1,1,3,6,10,,,,N,ROCHAS TOWING SERVICE,ROCHAS TOWING SERVICE,N,,,,,,,,,,,,,,,,,,,,,,58,,,,,,,,,,1,1,0,0,0,1,0,0,0,,,,,,,,
16895725,2,1,N,N,43,JN8AZ08T74W211955,2004,21,71,777,69,N,78641,1,1,4,3,2,,,,N,,,N,,,,,,,,,,,,,,,,,,,,,,0,,,,,,,,,,5,1,0,0,0,1,0,0,0,,,,,,,,
16895745,1,1,N,N,43,1NXBR32E45Z407307,2005,16,91,173,104,N,78758,1,1,4,2,1,,,,N,,,N,,,,,,,,,,,,,,,,,,,,,,20,,,,,,,,,,2,1,0,1,0,1,0,1,0,,,,,,,,
16895746,1,1,N,N,43,LRBFXBSA2HD177210,2017,17,105,34,69,N,,1,1,3,3,12,,,,N,SPECIAL AUTOMOTIVE SERVICE INC,"1300 W WHITESTONE, CEDAR PARK",N,,,,,,,,,,,,,,,,,,,,,,,,,20,,,,,,,5,1,0,0,0,1,0,0,0,,,,,,,,
16895746,2,1,N,N,43,1C4RDHAG3HC960445,2017,9,109,635,69,N,,1,1,8,3,6,,,,N,,,N,,,,,,,,,,,,,,,,,,,,,,0,,,,,,,,,,5,1,0,0,0,1,0,0,0,,,,,,,,
16895775,1,1,N,Y,,,,,,,0,N,,,,,,,,,,,,,N,,,,,,,,,,,,,,,,,,,,,,0,,,,,,,,,,5,1,0,0,0,0,0,0,0,,,,,,,,
16895775,2,1,N,N,43,1N4AA6AP4GC431441,2016,21,71,297,104,N,78681,1,1,10,3,3,,,,N,,,N,,,,,,,,,,,,,,,,,,,,,,0,,,,,,,,,,5,1,0,0,1,0,0,1,0,,,,,,,,
16895776,1,1,N,N,43,4F2YZ04123KM25899,2003,3,63,719,69,N,78723,1,2,2,4,12,,,,N,ROCHAS TOWING SERVICE,ROCHAS TOWING SERVICE,N,,,,,,,,,,,,,,,,,,,,,,44,,,,,,,,,,7,1,0,0,0,1,0,0,0,,,,,,,,
16895776,2,1,N,N,43,1GKFC16JX8R172054,2008,11,39,3093,69,N,78725,1,2,6,3,6,,,,N,EZ AUTO AND TOWING SERVICE,EZ AUTO AND TOWING SERVICE,N,,,,,,,,,,,,,,,,,,,,,,0,,,,,,,,,,7,1,0,1,0,2,0,1,0,,,,,,,,
16895777,1,1,N,N,43,1FTYR10U44PA41102,2004,16,37,357,30,N,78702,2,,3,1,12,,,,N,,,N,,,,,,,,,,,,,,,,,,,,,,44,,,22,,,,,,,1,1,0,0,0,1,0,0,0,,,,,,,,
16895777,2,1,N,N,43,1GTN1TE0XBZ174573,2011,22,39,3080,30,N,78748,1,2,5,1,6,,,,N,,,N,,,,,,,,,,,,,,,,,,,,,,0,,,,,,,,,,1,1,0,0,0,1,0,0,0,,,,,,,,
16895894,1,1,N,N,43,2G4WC532051212612,2005,17,105,1175,104,N,78640,1,2,11,2,11,,,,N,REMOVED BY OWNER,REMOVED BY OWNER,N,,,,,,,,,,,,,,,,,,,,,,0,,,,,,,,,,3,1,0,0,0,1,0,0,0,,,,,,,,
16895894,2,1,N,N,43,5FNYF5H34GB007817,2016,3,44,761,104,N,78749,1,2,12,3,3,,,,N,K&S TOWING,K&S TOWING,N,,,,,,,,,,,,,,,,,,,,,,0,,,,,,,,,,5,1,0,0,0,1,0,0,0,,,,,,,,
16895897,1,1,N,N,43,1C4RJEAG4JC430126,2018,9,429,1163,69,N,78747,1,2,2,1,12,,,,N,,,N,,,,,,,,,,,,,,,,,,,,,,19,,,,,,,,,,5,1,0,0,0,2,0,0,0,,,,,,,,
16895897,2,1,N,N,43,1FADP3E29GL230000,2016,17,37,696,104,N,78613,1,2,6,2,6,,,,N,,,N,,,,,,,,,,,,,,,,,,,,,,0,,,,,,,,,,5,1,0,1,0,0,0,1,0,,,,,,,,
16895900,1,1,N,N,43,KMHTC6AD8CU020272,2012,2,45,2381,104,N,78744,1,1,7,2,7,,,,Y,AVILES & GABES WRECKER SERVICE INC.,IMPOUND,N,,,,,,,,,,,,,,,,,,,,,,0,,,,,,,,,,7,1,0,0,0,1,0,0,0,,,,,,,,
16895900,2,1,N,N,43,1N4AL2AP2BC124555,2011,21,71,500,104,N,78752,1,1,2,3,12,,,,Y,AVILES & GABES WRECKER SERVICE INC.,IMPOUND,N,,,,,,,,,,,,,,,,,,,,,,0,,,,,,,,,,1,1,0,0,0,1,0,0,0,,,,,,,,
16895908,1,1,N,N,43,1HGCS1B88CA019976,2012,2,44,236,100,N,78744,1,2,4,6,12,,,,Y,BULLET TOWING,BULLET TOWING,N,,,,,,,,,,,,,,,,,,,,,,16,,,20,19,,,,,,3,1,0,0,0,1,0,0,0,,,,,,,,
16895908,2,1,N,N,43,1FT7W2BT7HEC53671,2017,5,37,2325,30,N,78739,1,2,3,3,,,,,N,HARPERS TOWING SERVICE INC,HARPERS TOWING SERVICE INC,N,,,,,,,,,,,,,,,,,,,,,,0,,,,,,,,,,1,1,0,0,0,1,0,0,0,,,,,,,,
16896349,1,1,N,N,43,4T1BF1FK9FU024526,2015,2,91,380,104,N,78745,1,1,12,3,5,,,,Y,AUSTIN EXPRESS TOWING INC.,AUSTIN EXPRESS TOWING INC.,N,,,,,,,,,,,,,,,,,,,,,,35,,,,,,,,,,7,1,0,2,0,0,0,2,0,,,,,,,,
16896349,2,1,N,N,43,JN8AS5MTXBW181967,2011,2,71,1310,104,N,78704,1,1,2,3,10,,,,Y,EZ AUTO AND TOWING SERVICE,EZ AUTO AND TOWING SERVICE,N,,,,,,,,,,,,,,,,,,,,,,0,,,,,,,,,,5,1,0,0,1,0,0,1,0,,,,,,,,
16896360,1,1,N,N,43,3GNAXJEV3JL356500,2018,3,107,1048,69,N,78617,1,1,1,2,12,,,,N,OWNER,UNKNOWN,N,,,,,,,,,,,,,,,,,,,,,,19,20,,,,,,,,,1,1,0,0,0,2,0,0,0,,,,,,,,
16896360,2,3,,,,,,,,,,,,,,,,,,,,,,,,,,,,,,,,,,,,,,,,,,,,,0,,,,,,,,,,9,1,1,0,0,0,0,1,0,,,,,,,,
16896365,1,1,N,N,43,JTEDP21A350060339,2005,9,91,721,69,N,78759,1,2,16,3,3,,,,N,,,N,,,,,,,,,,,,,,,,,,,,,,37,,,20,19,,,,,,7,1,0,0,0,1,0,0,0,,,,,,,,
16896365,2,1,N,N,43,WDDGF5HB3CR222036,2012,21,65,848,104,N,,1,2,3,4,11,,,,Y,STARS TOWING,STARS TOWING,N,,,,,,,,,,,,,,,,,,,,,,0,,,,,,,,,,3,1,0,0,1,0,0,1,0,,,,,,,,
16896368,1,1,N,N,43,KNADM5A34F6451530,2015,16,55,1307,104,N,78617,2,,15,2,9,,,,,SOUTHSIDE WRECKER INC,8200 S. CONGRESS AVE,N,,,,,,,,,,,,,,,,,,,,,,20,15,,,,,,,,,8,1,0,0,0,1,0,0,0,,,,,,,,
16896368,2,1,N,N,43,3N1AB6AP3CL756638,2012,16,71,341,104,N,78640,1,2,2,2,12,,,,,EZ AUTO AND TOWING SERVICE,5526 1/2 W HWY 290,N,,,,,,,,,,,,,,,,,,,,,,0,,,,,,,,,,1,1,0,0,0,1,0,0,0,,,,,,,,
16896369,1,1,N,N,43,5NPDH4AEXBH058814,2011,9,45,480,104,N,78749,1,2,16,2,3,3,2,12,N,EZ AUTO AND TOWING SERVICE,EZ AUTO AND TOWING SERVICE,N,,,,,,,,,,,,,,,,,,,,,,65,,,,,,,,,,5,1,0,0,0,1,0,0,0,,,,,,,,
16896369,2,1,N,N,43,3C3CFFKRXGT184505,2016,10,35,2956,100,N,78748,1,2,11,2,9,,,,N,SPECIAL AUTOMOTIVE SERVICE INC,SPECIAL AUTOMOTIVE SERVICE INC,N,,,,,,,,,,,,,,,,,,,,,,0,,,,,,,,,,5,1,0,0,0,1,0,0,0,,,,,,,,
16896369,3,1,N,N,43,SALAK2V67GA790630,2016,9,57,2433,69,N,78746,1,2,2,1,11,,,,N,,,N,,,,,,,,,,,,,,,,,,,,,,0,,,,,,,,,,3,2,0,0,0,1,0,0,0,,,,,,,,
16896370,1,1,N,N,43,WVWHN7AN6CE536577,2012,9,96,964,104,N,78617,1,1,2,5,12,,,,N,A-TEX TOWING,5526 1/2 W HWY 290,N,,,,,,,,,,,,,,,,,,,,,,44,,,,,,,,,,7,1,0,0,0,1,0,0,0,,,,,,,,
16896370,2,1,N,N,43,1FADP3E25GL391301,2016,17,37,696,104,N,78749,1,1,6,3,6,2,1,12,Y,SPECIAL AUTOMOTIVE SERVICE INC,5526 1/2 W HWY 290,N,,,,,,,,,,,,,,,,,,,,,,0,,,,,,,,,,7,1,0,0,0,1,0,0,0,,,,,,,,
16896370,3,1,N,N,43,1HGCR2F32HA079372,2017,17,44,236,104,N,78745,1,1,6,3,6,,,,N,,,N,,,,,,,,,,,,,,,,,,,,,,0,,,,,,,,,,7,2,0,0,0,1,0,0,0,,,,,,,,
16896543,1,1,N,N,43,3GSCL93Z58S664676,2008,9,81,747,69,N,78753,1,1,2,2,12,,,,N,,,N,,,,,,,,,,,,,,,,,,,,,,60,,,66,,,,,,,8,1,0,0,0,4,0,0,0,,,,,,,,
16896543,2,1,N,N,43,YV1RS59V142327461,2004,21,98,723,104,N,78728,1,1,9,5,10,,,,N,,,N,,,,,,,,,,,,,,,,,,,,,,0,,,,,,,,,,5,1,0,0,0,1,0,0,0,,,,,,,,
16897806,1,1,N,N,43,3TMDZ5BN3GM010008,2016,21,91,2569,30,N,78703,1,1,14,1,3,,,,,,,N,,,,,,,,,,,,,,,,,,,,,,65,,,,,,,,,,11,1,0,0,0,1,0,0,0,,,,,,,,
16897806,2,1,N,N,43,1G1PH5SHSF7224479,2015,3,107,2209,104,N,78748,1,1,3,3,12,,,,N,SPECIAL AUTOMOTIVE SERVICE INC,,N,,,,,,,,,,,,,,,,,,,,,,0,,,,,,,,,,11,1,0,0,0,4,0,0,0,,,,,,,,
16897807,1,1,N,N,43,5J6RM4H57EL085213,2014,3,44,605,69,N,78701,1,2,4,3,11,,,,N,ATX-VIP TOWING SERVICES,ATX-VIP TOWING SERVICES,N,,,,,,,,,,,,,,,,,,,,,,65,,,,,,,,,,3,1,0,0,0,2,0,0,0,,,,,,,,
16897807,2,1,N,N,43,1FA6P8CFXF5407975,2015,2,37,96,100,N,78744,1,2,3,2,11,,,,N,ATX-VIP TOWING SERVICES,ATX-VIP TOWING SERVICES,N,,,,,,,,,,,,,,,,,,,,,,0,,,,,,,,,,1,1,0,0,0,1,0,0,0,,,,,,,,
16897808,1,1,N,N,43,1HGCG1655XA027931,1999,10,44,236,104,N,78732,1,2,2,4,12,,,,N,,,N,,,,,,,,,,,,,,,,,,,,,,44,,,,,,,,,,5,1,0,0,0,1,0,0,0,,,,,,,,
16897808,2,1,N,N,43,4T1BK46KX7U526590,2007,8,91,380,104,N,78726,1,2,6,2,6,,,,N,,,N,,,,,,,,,,,,,,,,,,,,,,0,,,,,,,,,,5,1,0,0,0,3,0,0,0,,,,,,,,
16897809,1,1,N,N,43,5XYZT3LB3EG131518,2014,21,45,3564,69,N,78652,1,2,2,3,12,,,,N,EZ AUTO AND TOWING SERVICE,EZ AUTO AND TOWING SERVICE,N,,,,,,,,,,,,,,,,,,,,,,44,,,,,,,,,,6,1,0,0,0,1,0,0,0,,,,,,,,
16897809,2,1,N,N,43,2HGFB6E57DH704226,2013,9,44,256,104,N,78616,1,2,6,3,6,,,,N,EZ AUTO AND TOWING SERVICE,EZ AUTO AND TOWING SERVICE,N,,,,,,,,,,,,,,,,,,,,,,0,,,,,,,,,,6,1,0,0,0,1,0,0,0,,,,,,,,
16897809,3,1,N,N,43,3GKFK16ZX3G217754,2003,9,39,3093,104,N,78616,1,2,6,5,6,2,3,12,N,DRIVEN FROM SCENE,,N,,,,,,,,,,,,,,,,,,,,,,22,,,20,,,,,,,6,2,0,0,0,2,0,0,0,,,,,,,,
16897810,1,1,N,N,43,5TBRN34122S269462,2002,,91,687,106,N,78745,1,1,1,0,12,,,,N,,,N,,,,,,,,,,,,,,,,,,,,,,0,,,,,,,,,,1,1,0,0,0,1,0,0,0,,,,,,,,
16897810,2,4,,,,,,,,,,,,,,,,,,,,,,,,,,,,,,,,,,,,,,,,,,,,,0,,,,,,,,,,9,1,0,1,0,0,0,1,0,,,,,,,,
16897811,1,1,N,N,43,5UXFE43518L026075,2008,17,14,689,104,N,78660,1,1,2,3,12,,,,N,EZ AUTO AND TOWING SERVICE,EZ AUTO AND TOWING SERVICE,N,,,,,,,,,,,,,,,,,,,,,,19,,,,,,,,,,1,1,0,0,0,1,0,0,0,,,,,,,,
16897811,2,1,N,N,43,1FTEW1CP6JKC80791,2018,21,37,2324,30,N,78653,1,1,2,2,12,10,1,6,N,A & A WRECKER NORTH,A & A WRECKER NORTH,N,,,,,,,,,,,,,,,,,,,,,,0,,,,,,,,,,1,1,0,0,0,1,0,0,0,,,,,,,,
16897811,3,1,N,N,43,1FTPX125X4NA82059,2004,8,37,2324,30,N,78028,1,1,6,1,6,,,,N,,,N,,,,,,,,,,,,,,,,,,,,,,0,,,,,,,,,,1,2,0,0,0,1,0,0,0,,,,,,,,
16897812,1,1,N,N,43,5N1AT2MT6EC779109,2014,17,71,1310,104,N,78612,1,1,10,1,3,,,,N,OWNERS INSURANCE,,N,,,,,,,,,,,,,,,,,,,,,,19,20,,,,,,,,,5,1,0,0,0,1,0,0,0,,,,,,,,
16897812,2,1,N,N,43,1GNSCAKC7JR405287,2018,2,107,547,104,N,78748,1,1,15,1,7,,,,N,,,N,,,,,,,,,,,,,,,,,,,,,,0,,,,,,,,,,5,1,0,0,0,2,0,0,0,,,,,,,,
16897813,1,1,N,N,43,1GKKRNEDXGJ158135,2016,21,39,894,69,N,78669,1,2,2,0,12,,,,N,,,N,,,,,,,,,,,,,,,,,,,,,,0,,,,,,,,,,8,1,0,0,0,1,0,0,0,,,,,,,,
16897813,2,4,,,,,,,,,,,,,,,,,,,,,,,,,,,,,,,,,,,,,,,,,,,,,0,,,,,,,,,,9,1,0,0,1,0,0,1,0,,,,,,,,
16897814,1,1,N,N,43,JA4AP3AWXHZ069834,2017,5,68,775,69,N,78704,2,,4,1,4,,,,Y,ROCHAS TOWING SERVICE,ROCHAS TOWING SERVICE,N,,,,,,,,,,,,,,,,,,,,,,0,,,,,,,,,,3,1,0,1,0,0,0,1,0,,,,,,,,
16897814,2,1,N,N,25,1HGFA16586L126101,2006,17,44,236,104,N,63017,1,1,2,3,12,,,,Y,A-TEX TOWING,A-TEX TOWING,N,,,,,,,,,,,,,,,,,,,,,,0,,,,,,,,,,7,1,0,1,0,0,0,1,0,,,,,,,,
16897815,1,1,N,N,43,2T1KR30E77C636474,2007,9,91,178,104,N,78721,1,2,3,3,12,,,,N,EZ AUTO AND TOWING SERVICE,EZ AUTO AND TOWING SERVICE,N,,,,,,,,,,,,,,,,,,,,,,16,,,,,,,,,,7,1,0,0,1,0,0,1,0,,,,,,,,
16897815,2,1,N,N,43,WBAWL135X7PX13520,2007,2,14,588,100,N,78757,1,2,12,3,3,,,,N,SPECIAL AUTOMOTIVE SERVICE INC,SPECIAL AUTOMOTIVE SERVICE INC,N,,,,,,,,,,,,,,,,,,,,,,0,,,,,,,,,,1,1,0,0,0,1,0,0,0,,,,,,,,
16897816,1,1,N,N,43,4T1BB46K09U091999,2009,17,91,380,104,N,78754,1,2,1,4,12,,,,N,AUS-TEX AUTO ENTERPRISES LLC,AUS-TEX AUTO ENTERPRISES LLC,N,,,,,,,,,,,,,,,,,,,,,,44,,,,,,,,,,3,1,0,0,0,1,0,0,0,,,,,,,,
16897816,2,1,N,N,43,1GTG5BEA8G1318174,2016,16,39,958,30,N,78717,1,2,5,2,6,1,1,12,N,,,N,,,,,,,,,,,,,,,,,,,,,,0,,,,,,,,,,3,1,0,0,0,1,0,0,0,,,,,,,,
16897816,3,1,N,N,43,2HKRL18072H543702,2002,3,44,571,103,N,78758,1,2,5,2,6,,,,,,,N,,,,,,,,,,,,,,,,,,,,,,0,,,,,,,,,,3,2,0,1,0,3,0,1,0,,,,,,,,
16897817,1,1,N,N,43,JTJBM7FX6H5160261,2017,21,58,2439,69,N,78738,1,2,2,6,12,,,,N,STARS TOWING,STARS TOWING,N,,,,,,,,,,,,,,,,,,,,,,0,,,,,,,,,,1,1,0,0,0,1,0,0,0,,,,,,,,
16897817,2,1,N,N,43,1G4CW54K744130341,2004,21,105,1271,104,N,77486,1,2,6,5,6,2,4,12,N,STARS TOWING,STARS TOWING,N,,,,,,,,,,,,,,,,,,,,,,0,,,,,,,,,,1,1,0,0,0,1,0,0,0,,,,,,,,
16897817,3,1,N,N,43,4T1B11HK3JU154905,2018,21,91,380,104,N,78746,1,2,6,3,6,,,,N,,,N,,,,,,,,,,,,,,,,,,,,,,0,,,,,,,,,,1,2,0,0,0,1,0,0,0,,,,,,,,
16897818,1,1,N,N,43,JN1CV6EK5DM920624,2013,9,47,1102,100,N,78681,1,2,16,4,3,,,,N,DRIVEN FROM SCENE,,N,,,,,,,,,,,,,,,,,,,,,,37,,,,,,,,,,3,1,0,0,0,1,0,0,0,,,,,,,,
16897818,2,1,N,N,43,2T3ZF4DV8AW052332,2010,2,91,581,69,N,78738,1,2,2,3,12,,,,N,TEXAN TOWING,TEXAN TOWING,N,,,,,,,,,,,,,,,,,,,,,,0,,,,,,,,,,7,1,0,0,1,0,0,1,0,,,,,,,,
16897819,1,1,N,N,43,2C3CDXHG4EH262476,2014,2,109,74,104,N,78741,1,2,12,2,3,,,,N,REMOVED BY AUSTEX,REMOVED BY AUSTEX,N,,,,,,,,,,,,,,,,,,,,,,0,,,,,,,,,,1,1,0,0,0,1,0,0,0,,,,,,,,
16897819,2,1,N,N,43,1FAHP2MK3JG106110,2018,2,37,376,104,Y,78745,1,7,4,3,12,,,,N,AUSTEX TOWING,200 FARLY LANE DR. AUSTIN TEXAS,N,,,,,,,,,,,,,,,,,,,,,,0,,,,,,,,,,5,1,0,0,0,1,0,0,0,,,,,,,,
16897821,1,1,N,Y,,,,,,,0,N,,,,,,,,,,,,,N,,,,,,,,,,,,,,,,,,,,,,20,,,,,,,,,,1,1,0,0,0,0,1,0,0,,,,,,,,
16897821,2,1,N,N,43,1FMZU63E9YUB04962,2000,2,37,554,104,N,78721,1,1,15,4,8,,,,N,SPECIAL AUTOMOTIVE SERVICE INC,SPECIAL AUTOMOTIVE SERVICE INC,N,,,,,,,,,,,,,,,,,,,,,,0,,,,,,,,,,5,1,0,0,0,1,0,0,0,,,,,,,,
16897822,1,1,N,Y,43,,,17,,,30,N,,,,,,,,,,,,,N,,,,,,,,,,,,,,,,,,,,,,,,,45,,,,,,,2,1,0,0,0,0,1,0,0,,,,,,,,
16897822,2,1,N,N,43,JHMGD38628S007558,2008,9,44,1083,104,N,78617,1,1,4,6,1,6,3,6,Y,EZ AUTO AND TOWING SERVICE,EZ AUTO AND TOWING SERVICE,N,,,,,,,,,,,,,,,,,,,,,,0,,,,,,,,,,2,1,0,0,0,1,0,0,0,,,,,,,,
16897822,3,1,Y,N,43,1GCRCNEC7GZ109611,2016,21,107,658,30,N,,,,,,,,,,,,,N,,,,,,,,,,,,,,,,,,,,,,0,,,,,,,,,,2,2,0,0,0,0,0,0,0,,,,,,,,
16897824,1,1,N,N,43,JH4CL96885C027991,2005,9,1,1430,104,N,78681,1,1,3,3,11,,,,N,,,N,,,,,,,,,,,,,,,,,,,,,,37,,,20,,,,,,,2,1,0,0,0,1,0,0,0,,,,,,,,