Crash_ID,Unit_Nbr,Unit_Desc_ID,Veh_Parked_Fl,Veh_HNR_Fl,Veh_Lic_State_ID,VIN,Veh_Mod_Year,Veh_Color_ID,Veh_Make_ID,Veh_Mod_ID,Veh_Body_Styl_ID,Emer_Respndr_Fl,Ownr_Zip,Fin_Resp_Proof_ID,Fin_Resp_Type_ID,Veh_Dmag_Area_1_ID,Veh_Dmag_Scl_1_ID,Force_Dir_1_ID,Veh_Dmag_Area_2_ID,Veh_Dmag_Scl_2_ID,Force_Dir_2_ID,Veh_Inventoried_Fl,Veh_Transp_Name,Veh_Transp_Dest,Veh_Cmv_Fl,Cmv_Fiveton_Fl,Cmv_Hazmat_Fl,Cmv_Nine_Plus_Pass_Fl,Cmv_Veh_Oper_ID,Cmv_Carrier_ID_Type_ID,Cmv_Carrier_Zip,Cmv_Veh_Type_ID,Cmv_GVWR,Cmv_RGVW,Cmv_Hazmat_Rel_Fl,Hazmat_Cls_1_ID,Hazmat_IDNbr_1_ID,Hazmat_Cls_2_ID,Hazmat_IDNbr_2_ID,Cmv_Cargo_Body_ID,Cmv_Evnt1_ID,Cmv_Evnt2_ID,Cmv_Evnt3_ID,Cmv_Evnt4_ID,Cmv_Tot_Axle,Cmv_Tot_Tire,Contrib_Factr_1_ID,Contrib_Factr_2_ID,Contrib_Factr_3_ID,Contrib_Factr_P1_ID,Contrib_Factr_P2_ID,Veh_Dfct_1_ID,Veh_Dfct_2_ID,Veh_Dfct_3_ID,Veh_Dfct_P1_ID,Veh_Dfct_P2_ID,Veh_Trvl_Dir_ID,First_Harm_Evt_Inv_ID,Sus_Serious_Injry_Cnt,Nonincap_Injry_Cnt,Poss_Injry_Cnt,Non_Injry_Cnt,Unkn_Injry_Cnt,Tot_Injry_Cnt,Death_Cnt,Cmv_Disabling_Damage_Fl,Cmv_Bus_Type_ID,Trlr_GVWR,Trlr_RGVW,Trlr_Type_ID,Trlr_Disabling_Dmag_ID,Cmv_Intermodal_Container_Permit_Fl,CMV_Actual_Gross_Weight
16900286,1,1,N,N,43,1FTRE14W03HB64657,2003,21,37,600,103,N,78752,1,2,3,2,12,,,,N,OWNER,OWNER,N,,,,,,,,,,,,,,,,,,,,,,0,,,,,,,,,,7,1,0,0,0,1,0,0,0,,,,,,,,
16900286,2,1,N,N,43,1D8HR48N33F507977,2003,3,109,635,69,N,78754,1,2,14,2,3,,,,N,AVILES & GABES WRECKER SERVICE INC.,AVILES & GABES WRECKER SERVICE INC.,N,,,,,,,,,,,,,,,,,,,,,,0,,,,,,,,,,1,1,0,0,0,1,0,0,0,,,,,,,,
16900286,3,1,N,N,43,3GNEC16Z82G348790,2002,10,107,547,69,N,75154,1,2,12,1,3,,,,N,OWNER,OWNER,N,,,,,,,,,,,,,,,,,,,,,,0,,,,,,,,,,1,2,0,0,0,1,0,0,0,,,,,,,,
16900287,1,1,N,N,43,JN8AZ2NE1D9060742,2013,9,47,2393,69,N,78628,1,2,3,3,10,,,,N,,,N,,,,,,,,,,,,,,,,,,,,,,35,,,,,,,,,,7,1,0,0,0,1,0,0,0,,,,,,,,
16900287,2,1,N,N,43,ZACCJAAB3JPG96705,2018,16,429,4686,69,N,78727,1,2,12,4,2,,,,Y,EZ AUTO AND TOWING SERVICE,EZ AUTO AND TOWING SERVICE,N,,,,,,,,,,,,,,,,,,,,,,0,,,,,,,,,,1,1,0,1,0,0,0,1,0,,,,,,,,
16900288,1,1,N,N,43,2FAFP73W74X167385,2004,17,37,2321,104,N,78741,1,2,2,3,12,,,,N,,,N,,,,,,,,,,,,,,,,,,,,,,20,,,,,,,,,,7,1,0,0,0,1,0,0,0,,,,,,,,
16900288,2,1,N,N,43,1J4GW48N94C397100,2004,10,429,1116,104,N,78610,2,,,,,,,,,N/A,N/A,N,,,,,,,,,,,,,,,,,,,,,,0,,,,,,,,,,7,1,0,0,1,0,0,1,0,,,,,,,,
16900289,1,1,N,N,43,1G11A5SL0FU125788,2015,21,107,56,104,N,78753,1,3,6,1,6,,,,N,,,N,,,,,,,,,,,,,,,,,,,,,,,,,20,,,,,,,1,1,0,0,1,0,0,1,0,,,,,,,,
16900289,2,1,N,N,43,1FADP3K24DL224217,2013,21,37,696,104,N,78653,1,2,2,1,12,,,,N,,,N,,,,,,,,,,,,,,,,,,,,,,0,,,,,,,,,,1,1,0,0,0,0,1,0,0,,,,,,,,
16900289,3,1,N,N,43,4S4BSENC5K3267795,2019,9,85,1268,104,N,78722,1,2,2,1,12,6,1,6,N,,,N,,,,,,,,,,,,,,,,,,,,,,0,,,,,,,,,,1,2,0,0,0,0,1,0,0,,,,,,,,
16900289,4,1,N,N,43,3FAHP0JA1CR375735,2012,2,37,1097,104,N,78757,1,2,2,6,12,,,,Y,STARS TOWING,STARS TOWING,N,,,,,,,,,,,,,,,,,,,,,,0,,,,,,,,,,1,2,0,0,0,0,1,0,0,,,,,,,,
16900290,1,1,N,N,43,5J6RE3H75AL039883,2010,21,44,605,104,N,78753,1,1,2,4,11,,,,N,EZ AUTO AND TOWING SERVICE,EZ AUTO AND TOWING SERVICE,N,,,,,,,,,,,,,,,,,,,,,,37,,,,,,,,,,6,1,0,1,0,0,0,1,0,,,,,,,,
16900290,2,1,N,N,43,5XYKT4A17BG118431,2011,3,55,767,104,N,78719,2,,2,4,2,,,,N,EZ AUTO AND TOWING SERVICE,EZ AUTO AND TOWING SERVICE,N,,,,,,,,,,,,,,,,,,,,,,,,,21,,,,,,,8,1,0,3,0,1,0,3,0,,,,,,,,
16900291,1,1,N,Y,43,JT3GN86RXV0033605,1997,9,91,178,104,N,78212,1,2,2,5,12,,,,Y,STARS TOWING,STARS TOWING,N,,,,,,,,,,,,,,,,,,,,,,0,,,,,,,,,,5,1,0,0,0,0,1,0,0,,,,,,,,
16900292,1,1,N,N,43,JTHBJ46G772058217,2007,2,58,1050,104,N,78705,1,1,,,,,,,N,NOT TOWED,NOT TOWED,N,,,,,,,,,,,,,,,,,,,,,,35,,,,,,,,,,3,1,0,0,0,1,0,0,0,,,,,,,,
16900292,2,3,,,,,,,,,,,,,,,,,,,,,,,,,,,,,,,,,,,,,,,,,,,,,0,,,,,,,,,,9,1,0,0,1,0,0,1,0,,,,,,,,
16900293,1,1,N,Y,43,1N4AL21E29N450286,2009,9,71,500,104,N,78759,1,2,2,4,12,,,,N,ROCHAS TOWING SERVICE,ROCHAS TOWING SERVICE,N,,,,,,,,,,,,,,,,,,,,,,0,,,,,,,,,,3,1,0,0,0,1,0,0,0,,,,,,,,
16900293,2,1,N,N,43,1FTRW12W67KC91440,2007,16,37,2324,30,N,78721,1,2,7,2,5,,,,N,,,N,,,,,,,,,,,,,,,,,,,,,,0,,,,,,,,,,3,1,0,1,0,1,0,1,0,,,,,,,,
16900294,1,1,N,N,43,1B3CB4HA5AD660980,2010,16,109,951,104,N,78725,1,2,2,1,12,,,,Y,969 TOWING,10109 FM 969,N,,,,,,,,,,,,,,,,,,,,,,67,,,19,,,,,,,8,1,0,0,0,1,0,0,0,,,,,,,,
16900296,1,1,N,N,43,1G6DP567950147295,2005,21,106,728,104,N,78744,2,,2,3,12,,,,Y,ARMADA TOWING,ARMADA TOWING,N,,,,,,,,,,,,,,,,,,,,,,20,,,,,,,,,,7,1,0,0,0,0,1,0,0,,,,,,,,
16900297,1,1,N,N,43,3GNEC13T32G229397,2002,1,107,730,30,N,,1,1,2,4,12,,,,N,ROCHAS TOWING SERVICE,ROCHAS TOWING SERVICE,N,,,,,,,,,,,,,,,,,,,,,,15,,,20,,,,,,,1,1,0,0,0,1,0,0,0,,,,,,,,
16900297,2,1,N,N,43,JN8AS5MT1DW507450,2013,17,71,1310,69,N,,1,1,16,4,3,,,,N,,,N,,,,,,,,,,,,,,,,,,,,,,0,,,,,,,,,,5,1,0,0,0,1,0,0,0,,,,,,,,
16900297,3,1,N,N,43,1HGCM82676A005959,2006,2,44,107,100,N,,1,1,2,1,12,,,,N,,,N,,,,,,,,,,,,,,,,,,,,,,0,,,,,,,,,,7,2,0,0,0,1,0,0,0,,,,,,,,
16900298,1,1,N,N,43,4T1BF28B01U170812,2001,17,91,563,104,N,78725,2,,3,4,12,4,4,12,Y,MR EAST TOWING,MR EAST TOWING,N,,,,,,,,,,,,,,,,,,,,,,68,,,,,,,,,,1,1,0,0,0,1,0,0,0,,,,,,,,
16900298,2,4,,,,,,,,,,,,,,,,,,,,,,,,,,,,,,,,,,,,,,,,,,,,,0,,,,,,,,,,9,1,0,1,0,0,0,1,0,,,,,,,,
16900298,3,1,N,N,43,2C4RDGCG6ER205784,2014,9,109,550,103,N,78664,1,1,8,2,7,,,,Y,AVILES & GABES WRECKER SERVICE INC.,AVILES & GABES WRECKER SERVICE INC.,N,,,,,,,,,,,,,,,,,,,,,,0,,,,,,,,,,5,2,0,0,1,0,0,1,0,,,,,,,,
16900299,1,1,N,N,43,5TDZK3EH2DS142399,2013,9,91,721,104,N,78727,1,1,12,3,3,,,,Y,ARMADA TOWING,ARMADA TOWING,N,,,,,,,,,,,,,,,,,,,,,,35,,,,,,,,,,6,1,0,0,0,2,0,0,0,,,,,,,,
16900299,2,1,N,N,43,JTNBB46K573005170,2007,9,91,380,104,N,78753,1,1,2,4,12,,,,Y,PRONTO WRECKER SERVICE NORTH,PRONTO WRECKER SERVICE NORTH,N,,,,,,,,,,,,,,,,,,,,,,0,,,,,,,,,,4,1,0,0,0,1,0,0,0,,,,,,,,
16900300,1,1,N,N,43,KMHDB8AE1CU152219,2012,17,45,3562,92,N,77064,1,2,2,4,11,,,,N,ROCHAS TOWING SERVICE,ROCHAS TOWING SERVICE,N,,,,,,,,,,,,,,,,,,,,,,37,,,,,,,,,,5,1,0,0,0,1,0,0,0,,,,,,,,
16900300,2,1,N,N,43,1FMPU18L1XLB92024,1999,3,37,601,69,N,78744,1,2,12,1,2,,,,N,,,N,,,,,,,,,,,,,,,,,,,,,,0,,,,,,,,,,7,1,0,0,1,0,0,1,0,,,,,,,,
16900300,3,1,N,N,43,3C4NJCCB6KT638163,2019,9,429,983,69,N,48359,1,2,9,1,9,,,,N,,,N,,,,,,,,,,,,,,,,,,,,,,0,,,,,,,,,,7,2,0,0,0,1,0,0,0,,,,,,,,
16900300,4,1,N,N,43,1YVHP80CX85M24379,2008,17,63,870,104,N,78741,1,2,5,1,6,,,,N,,,N,,,,,,,,,,,,,,,,,,,,,,0,,,,,,,,,,7,2,0,0,0,1,0,0,0,,,,,,,,
16900351,1,1,N,N,43,KL4CJASB9HB008963,2017,2,105,2184,69,N,78634,1,2,8,6,5,,,,,EZ AUTO AND TOWING SERVICE,IMPOUND,N,,,,,,,,,,,,,,,,,,,,,,20,37,,,,,,,,,7,1,0,0,0,1,0,0,0,,,,,,,,
16900351,2,1,N,N,43,1G1ZB5ST5KF117684,2019,9,107,56,104,N,78702,1,2,4,6,2,,,,,,,N,,,,,,,,,,,,,,,,,,,,,,0,,,,,,,,,,3,1,0,0,0,1,0,0,0,,,,,,,,
16900352,1,1,N,N,43,1N4AL3AP1EN205173,2014,17,71,500,104,N,78745,1,2,2,4,12,,,,,A-TEX TOWING,5526 1/2 W HWY 290,N,,,,,,,,,,,,,,,,,,,,,,44,,,,,,,,,,3,1,0,0,0,1,0,0,0,,,,,,,,
16900352,2,1,N,N,43,1C6RR7MT2GS272114,2016,9,109,2275,30,N,78610,1,2,6,4,6,2,0,12,,EZ AUTO AND TOWING SERVICE,1830 OAK HILL LANE,N,,,,,,,,,,,,,,,,,,,,,,0,,,,,,,,,,3,1,0,0,1,0,0,1,0,,,,,,,,
16900352,3,1,N,N,43,1GC1KXCG9BF186850,2011,2,107,658,30,N,78744,1,2,6,0,6,,,,,,,N,,,,,,,,,,,,,,,,,,,,,,0,,,,,,,,,,3,2,0,0,0,1,2,0,0,,,,,,,,
16900354,1,1,N,N,43,JTDKN3DU0D5683822,2013,21,91,702,104,N,78736,2,,12,7,3,,,,Y,SPECIAL AUTOMOTIVE SERVICE INC,5700 BURLESON RD,N,,,,,,,,,,,,,,,,,,,,,,74,19,,,,,,,,,5,1,0,1,0,0,1,1,0,,,,,,,,
16900354,2,1,N,N,43,1FUJGLDR2DLBH2603,2013,21,38,1524,87,N,77032,1,1,,,,,,,N,,,Y,Y,N,N,1,2,77032,8,80000,0,N,,,,,3,13,,,,,,0,,,,,,,,,,3,1,0,0,0,1,0,0,0,N,0,,,,,N,
16900354,3,6,,,,,,,,,,,,,,,,,,,,,,,,,,,,,,,,,,,,,,,,,,,,,0,,,,,,,,,,9,2,0,0,0,0,0,0,0,,,80000,0,2,Y,,
16900356,1,1,N,N,43,3FA6P0HD3FR110228,2015,3,37,1097,104,N,78731,1,1,2,4,12,,,,N,ARMADA TOWING,ARMADA TOWING,N,,,,,,,,,,,,,,,,,,,,,,44,77,,,,,,,,,4,1,0,0,0,1,0,0,0,,,,,,,,
16900356,2,1,N,N,43,3VWDB7AJ5HM229002,2017,9,96,316,104,N,78717,1,2,6,2,6,3,2,12,N,DRIVEN BY DRIVER,,N,,,,,,,,,,,,,,,,,,,,,,0,,,,,,,,,,4,1,0,0,0,1,0,0,0,,,,,,,,
16900356,3,1,N,N,43,WMZYT3C34H3D98408,2017,21,115,742,104,N,78757,1,2,8,1,6,,,,N,DRIVEN BY DRIVER,,N,,,,,,,,,,,,,,,,,,,,,,0,,,,,,,,,,4,2,0,0,1,0,0,1,0,,,,,,,,
16900357,1,1,N,N,43,JHMCG56432C004415,2002,10,44,236,104,N,78727,1,1,2,3,12,,,,Y,AUS-TEX AUTO ENTERPRISES LLC,AUS-TEX AUTO ENTERPRISES LLC,N,,,,,,,,,,,,,,,,,,,,,,41,,,,,,,,,,1,1,0,0,0,1,0,0,0,,,,,,,,
16900358,1,1,N,N,43,KNADN5A39E6391238,2014,2,55,1307,104,N,79934,1,1,2,3,10,,,,Y,ROCHAS TOWING SERVICE,ROCHAS TOWING SERVICE,N,,,,,,,,,,,,,,,,,,,,,,37,,,,,,,,,,1,1,0,0,1,0,0,1,0,,,,,,,,
16900358,2,1,N,N,43,JT8BD69S840191773,2004,17,58,1127,104,N,78745,1,1,2,4,12,,,,Y,SOUTHSIDE WRECKER INC,8200 S. CONGRESS AVE,N,,,,,,,,,,,,,,,,,,,,,,0,,,,,,,,,,5,1,0,0,0,1,0,0,0,,,,,,,,
16900359,1,1,N,N,43,5UXWX9C54H0T02368,2017,21,14,1466,69,N,78704,1,1,2,3,12,,,,N,,,N,,,,,,,,,,,,,,,,,,,,,,0,,,,,,,,,,5,1,0,0,0,1,0,0,0,,,,,,,,
16900359,2,1,N,N,43,1HGCP36859A048769,2009,21,44,236,104,N,78745,1,1,6,3,6,,,,N,,,N,,,,,,,,,,,,,,,,,,,,,,0,,,,,,,,,,5,1,0,0,1,0,0,1,0,,,,,,,,
16900360,1,1,N,N,43,1N4AA5AP8AC868375,2010,9,71,297,104,N,78741,1,1,2,5,10,,,,N,A-TEX TOWING,5526 1/2 W HWY 290,N,,,,,,,,,,,,,,,,,,,,,,0,,,,,,,,,,5,1,0,0,0,1,0,0,0,,,,,,,,
16900360,2,1,N,N,43,2CNDL23F476080811,2007,9,107,1048,69,N,78744,1,1,4,4,1,,,,N,STARS TOWING,STARS TOWING,N,,,,,,,,,,,,,,,,,,,,,,0,,,,,,,,,,7,1,0,0,0,1,0,0,0,,,,,,,,
16900610,1,1,N,N,43,1GYEC63T32R275778,2002,21,106,657,104,N,78634,1,2,16,2,3,12,2,1,N,,,N,,,,,,,,,,,,,,,,,,,,,,74,,,,,,,,,,1,1,0,0,0,1,0,0,0,,,,,,,,
16900610,2,1,Y,N,,,,,208,763,0,N,,,,,,,,,,N,,,N,,,,,,,,,,,,,,,,,,,,,,54,,,,,,,,,,3,1,0,0,0,1,0,0,0,,,,,,,,
16900826,1,1,N,N,43,3D4GG67V29T243231,2009,2,109,1166,69,N,78621,1,2,4,6,12,,,,N,H&H TOWING,"1104 W PECAN ST PFLUGERVILLE, TX",N,,,,,,,,,,,,,,,,,,,,,,22,,,,,,,,,,7,1,0,0,1,0,0,1,0,,,,,,,,
16900826,2,1,N,N,43,1FUJA6CG42PJ66327,2002,21,38,3000,87,N,78754,1,2,5,0,6,,,,N,N/A,N/A,Y,Y,N,N,1,2,78754,6,80000,0,N,,,,,6,13,,,,,,0,,,,,,,,,,7,1,0,0,0,1,0,0,0,N,0,,,,,N,
16900826,3,6,,,,,,,,,,,78759,,,,,,,,,,,,,,,,,,,,,,,,,,,,,,,,,,0,,,,,,,,,,9,2,0,0,0,0,0,0,0,,,13000,0,1,N,,
16901165,1,1,N,N,43,2FAHP71W55X165678,2005,9,37,2321,104,N,78721,1,1,10,1,3,,,,N,NONE,NONE,N,,,,,,,,,,,,,,,,,,,,,,20,74,,,,,,,,,1,1,0,0,0,2,0,0,0,,,,,,,,
16901165,2,1,N,N,43,1HD1GX4157K313263,2007,2,42,3178,71,N,78749,1,1,26,1,,,,,N,ROCHAS TOWING SERVICE,ROCHAS TOWING SERVICE,N,,,,,,,,,,,,,,,,,,,,,,0,,,,,,,,,,7,1,1,0,0,0,0,1,0,,,,,,,,
16903381,1,1,N,N,43,JHMCP26878C062795,2008,21,44,236,104,N,78681,1,2,4,1,12,,,,N,DRIVEN FROM SCENE,,N,,,,,,,,,,,,,,,,,,,,,,22,,,,,,,,,,6,1,0,0,0,1,0,0,0,,,,,,,,
16903381,2,1,N,N,43,1G1ZE5E10BF318409,2011,17,107,56,104,N,786280000,1,2,6,2,6,,,,N,DRIVEN FROM SCENE,,N,,,,,,,,,,,,,,,,,,,,,,0,,,,,,,,,,6,1,0,0,0,1,0,0,0,,,,,,,,
16903400,1,1,N,N,43,1GNFG15T141241068,2004,21,107,2821,103,N,75119,1,1,14,3,5,,,,N,AVILES WRECKER: 512-517-0625,"4868 YAGER LN, AUSTIN, TX 78653",N,,,,,,,,,,,,,,,,,,,,,,74,,,,,,,,,,5,1,0,0,0,1,0,0,0,,,,,,,,
16903400,2,1,N,N,43,1FTYR14D99PA30842,2009,21,37,357,30,N,78758,1,1,2,4,12,,,,N,AVILES WRECKER: 512-517-0625,"4868 YAGER LN, AUSTIN, TX 78653",N,,,,,,,,,,,,,,,,,,,,,,0,,,,,,,,,,3,1,0,0,0,1,0,0,0,,,,,,,,
16903410,1,1,N,N,43,KMHCT5AE3FU228356,2015,3,45,557,104,N,78634,1,1,9,3,9,,,,N,H & H TOWING: 512-551-9200,"1104 W PECAN, PFLUGERVILLE, TX, 78660",N,,,,,,,,,,,,,,,,,,,,,,34,,,,,,,,,,3,1,1,0,0,0,0,1,0,,,,,,,,
16903410,2,1,N,N,43,WBA4A5C55FD410522,2015,21,14,2734,104,N,78758,1,1,2,2,12,,,,N,,,N,,,,,,,,,,,,,,,,,,,,,,0,,,,,,,,,,5,1,0,0,1,0,0,1,0,,,,,,,,
16904117,1,1,N,N,43,2HKRM3H58EH506750,2014,2,44,605,69,N,78741,1,2,2,2,12,,,,Y,,,N,,,,,,,,,,,,,,,,,,,,,,67,,,,,,,,,,5,1,0,0,0,1,0,0,0,,,,,,,,
16904117,2,1,N,N,43,5YFBU4EE0DP224972,2013,9,91,173,104,N,78723,1,2,6,2,6,,,,N,,,N,,,,,,,,,,,,,,,,,,,,,,0,,,,,,,,,,5,1,0,0,1,0,0,1,0,,,,,,,,
16904433,1,1,N,N,43,JF2GTAMC2K8219550,2019,9,85,4933,104,N,78722,1,1,4,2,11,12,2,10,N,,,N,,,,,,,,,,,,,,,,,,,,,,0,,,,,,,,,,5,1,0,0,0,1,0,0,0,,,,,,,,
16904433,2,1,N,N,43,1GC2KUEG1GZ202478,2016,21,107,658,30,N,78704,1,1,13,2,8,,,,N,,,N,,,,,,,,,,,,,,,,,,,,,,0,,,,,,,,,,5,1,0,0,0,1,0,0,0,,,,,,,,
16906679,1,1,N,N,43,5YFBURHE3EP169931,2014,9,91,173,104,N,77090,1,1,2,7,12,,,,Y,INTERSTATE CHAPARRAL TOWING INC.,INTERSTATE CHAPARRAL TOWING INC.,N,,,,,,,,,,,,,,,,,,,,,,71,,,,,,,,,,4,1,0,1,0,1,1,1,0,,,,,,,,
16906680,1,1,N,N,43,1GCNCNEH3HZ108743,2017,21,107,2236,30,N,78613,1,2,3,1,12,,,,N,NOT TOWED,NOT TOWED,N,,,,,,,,,,,,,,,,,,,,,,44,20,,,,,,,,,1,1,0,0,0,1,0,0,0,,,,,,,,
16906680,2,1,N,N,43,2T1BU4EE3CC905772,2012,17,91,173,104,N,78634,1,2,8,2,6,,,,N,NOT TOWED,NOT TOWED,N,,,,,,,,,,,,,,,,,,,,,,0,,,,,,,,,,1,1,0,0,1,0,0,1,0,,,,,,,,
16906682,1,1,N,Y,43,YV1NK53D72J031748,2002,17,98,950,104,N,78744,3,1,2,4,12,,,,N,EZ AUTO AND TOWING SERVICE,EZ AUTO AND TOWING SERVICE,N,,,,,,,,,,,,,,,,,,,,,,16,,,,,,,,,,8,1,0,0,0,0,1,0,0,,,,,,,,
16906682,2,1,N,N,43,1D3HB16K79J509531,2009,11,109,2275,30,N,78724,1,1,15,3,9,,,,N,,,N,,,,,,,,,,,,,,,,,,,,,,0,,,,,,,,,,6,1,0,0,0,1,0,0,0,,,,,,,,
16906682,3,1,N,N,43,JN1BV7AP3EM692482,2014,21,47,2393,104,N,78664,1,1,2,0,12,,,,,,,N,,,,,,,,,,,,,,,,,,,,,,0,,,,,,,,,,2,2,0,0,0,2,0,0,0,,,,,,,,
16906683,1,1,N,N,43,2HGES164X5H586999,2005,17,44,256,104,N,78753,1,1,1,3,12,,,,Y,A-TEX TOWING,A-TEX TOWING,N,,,,,,,,,,,,,,,,,,,,,,0,,,,,,,,,,2,1,0,0,0,1,0,0,0,,,,,,,,
16906684,1,1,N,N,43,4T1BF1FK1GU177886,2016,17,91,380,104,N,78108,1,2,4,3,12,,,,N,EZ AUTO AND TOWING SERVICE,EZ AUTO AND TOWING SERVICE,N,,,,,,,,,,,,,,,,,,,,,,,,,20,,,,,,,8,1,0,0,0,1,0,0,0,,,,,,,,
16906684,2,1,N,N,43,1HGEJ8241TL024331,1998,2,44,236,104,N,78741,1,2,2,4,12,,,,N,SPECIAL AUTOMOTIVE SERVICE INC,SPECIAL AUTOMOTIVE SERVICE INC,N,,,,,,,,,,,,,,,,,,,,,,0,,,,,,,,,,4,1,0,1,0,0,0,1,0,,,,,,,,
16906685,1,1,N,N,43,5TDZZRFH1JS240283,2018,2,91,721,104,Y,78250,1,1,4,2,12,,,,N,AUS-TEX AUTO ENTERPRISES LLC,AUS-TEX AUTO ENTERPRISES LLC,N,,,,,,,,,,,,,,,,,,,,,,45,,,74,,,,,,,7,1,0,1,0,1,0,1,0,,,,,,,,
16906686,1,1,N,N,43,2HGES26763H533679,2003,17,44,256,104,N,78702,3,1,2,2,12,,,,Y,SOUTHSIDE WRECKER INC,8200 S. CONGRESS AVE,N,,,,,,,,,,,,,,,,,,,,,,0,,,,,,,,,,7,1,0,0,0,0,1,0,0,,,,,,,,
16906686,2,1,N,N,43,1HGCM56356A149783,2003,9,44,256,104,N,78721,2,,9,4,9,2,3,12,Y,EZ AUTO AND TOWING SERVICE,EZ AUTO AND TOWING SERVICE,N,,,,,,,,,,,,,,,,,,,,,,0,,,,,,,,,,3,1,0,0,3,2,0,3,0,,,,,,,,
16906687,1,1,N,N,43,1GCEC19Z16E212972,2006,21,107,658,30,N,76574,1,1,4,1,12,,,,N,,,N,,,,,,,,,,,,,,,,,,,,,,44,,,,,,,,,,3,1,0,0,0,1,0,0,0,,,,,,,,
16906687,2,1,N,N,43,1G1BC5SM8J7228021,2018,2,107,2209,104,N,78724,1,1,7,1,6,,,,N,,,N,,,,,,,,,,,,,,,,,,,,,,0,,,,,,,,,,3,1,0,4,0,0,0,4,0,,,,,,,,
16906688,1,1,N,Y,43,1J8FT28098D715650,2008,3,429,1273,69,N,,,,13,1,8,,,,,,,N,,,,,,,,,,,,,,,,,,,,,,0,,,,,,,,,,1,1,0,0,0,0,0,0,0,,,,,,,,
16906688,2,1,N,N,43,1FM5K7F87JGB99526,2020,2,37,554,69,N,78641,1,2,4,1,1,,,,N,,,N,,,,,,,,,,,,,,,,,,,,,,0,,,,,,,,,,1,1,0,0,0,2,0,0,0,,,,,,,,
16906689,1,1,N,N,43,3GCPCREC7JG614957,2018,2,107,658,30,N,78626,1,1,2,3,12,,,,Y,AVILES & GABES WRECKER SERVICE INC.,AVILES & GABES WRECKER SERVICE INC.,N,,,,,,,,,,,,,,,,,,,,,,0,,,,,,,,,,8,1,0,2,0,0,0,2,0,,,,,,,,
16906689,2,1,N,N,43,JM1NC26F580145194,2008,3,63,2479,100,N,78660,1,1,16,6,3,12,4,3,Y,AUS-TEX AUTO ENTERPRISES LLC,AUS-TEX AUTO ENTERPRISES LLC,N,,,,,,,,,,,,,,,,,,,,,,37,,,,,,,,,,4,1,0,1,0,0,0,1,0,,,,,,,,
16906690,1,1,N,N,43,JTMDJREV4JD223174,2020,2,91,581,69,N,78753,1,1,2,4,12,,,,N,PRONTO WRECKER SERVICE NORTH,PRONTO WRECKER SERVICE NORTH,N,,,,,,,,,,,,,,,,,,,,,,45,,,,,,,,,,2,1,0,0,0,2,0,0,0,,,,,,,,
16906690,2,1,N,N,43,1FMCU93G49KA82164,2009,10,37,711,104,N,78754,1,1,6,2,6,,,,N,,,N,,,,,,,,,,,,,,,,,,,,,,0,,,,,,,,,,2,1,0,0,0,1,0,0,0,,,,,,,,
16906691,1,1,N,Y,43,JM1BJ2223Y0311286,2000,21,63,772,104,N,76502,1,1,2,1,12,,,,N,NONE,NONE,N,,,,,,,,,,,,,,,,,,,,,,67,22,,,,,,,,,6,1,0,0,0,1,0,0,0,,,,,,,,
16906691,2,4,,,,,,,,,,,,,,,,,,,,,,,,,,,,,,,,,,,,,,,,,,,,,0,,,,,,,,,,9,1,0,0,1,0,0,1,0,,,,,,,,
16906693,1,1,N,N,43,1N4BL11D35C382978,2005,21,71,500,104,N,,2,,5,5,6,,,,N,ATX-VIP TOWING SERVICES,5526 1/2 W HWY 290,N,,,,,,,,,,,,,,,,,,,,,,0,,,,,,,,,,3,1,0,0,0,1,0,0,0,,,,,,,,
16906700,1,1,N,N,43,4P1CU01H78A008485,2008,16,119,1565,23,Y,78702,1,7,16,1,3,14,1,3,N,,,N,,,,,,,,,,,,,,,,,,,,,,0,,,,,,,,,,5,1,0,0,0,4,0,0,0,,,,,,,,
16906700,2,1,N,N,43,2C4RDGEG5HR602288,2017,2,109,1115,103,N,78753,1,1,11,2,9,15,1,7,N,,,N,,,,,,,,,,,,,,,,,,,,,,0,,,,,,,,,,5,1,0,0,0,1,0,0,0,,,,,,,,
16906703,1,1,N,N,43,JHMGE8U51BC016559,2011,3,44,1083,104,N,78702,1,1,4,3,2,,,,Y,ARMADA TOWING,ARMADA TOWING,N,,,,,,,,,,,,,,,,,,,,,,0,,,,,,,,,,1,1,0,0,0,1,0,0,0,,,,,,,,
16906703,2,1,N,N,43,KNADE123076270222,2007,3,55,716,104,N,,1,1,2,3,11,,,,Y,,,N,,,,,,,,,,,,,,,,,,,,,,0,,,,,,,,,,5,1,0,0,0,1,0,0,0,,,,,,,,
16906704,1,1,N,N,43,JM1FE174290401864,2009,2,63,796,100,N,32792,1,2,3,2,11,,,,,STARS TOWING,STARS TOWING,N,,,,,,,,,,,,,,,,,,,,,,47,,,,,,,,,,5,1,0,0,0,1,0,0,0,,,,,,,,
16906704,2,1,N,N,43,2FMDK3GC4CBA59371,2012,17,37,1035,69,N,78731,1,2,3,3,11,,,,N,ARMADA TOWING,ARMADA TOWING,N,,,,,,,,,,,,,,,,,,,,,,0,,,,,,,,,,1,1,0,0,0,1,0,0,0,,,,,,,,