Crash_ID,Unit_Nbr,Unit_Desc_ID,Veh_Parked_Fl,Veh_HNR_Fl,Veh_Lic_State_ID,VIN,Veh_Mod_Year,Veh_Color_ID,Veh_Make_ID,Veh_Mod_ID,Veh_Body_Styl_ID,Emer_Respndr_Fl,Ownr_Zip,Fin_Resp_Proof_ID,Fin_Resp_Type_ID,Veh_Dmag_Area_1_ID,Veh_Dmag_Scl_1_ID,Force_Dir_1_ID,Veh_Dmag_Area_2_ID,Veh_Dmag_Scl_2_ID,Force_Dir_2_ID,Veh_Inventoried_Fl,Veh_Transp_Name,Veh_Transp_Dest,Veh_Cmv_Fl,Cmv_Fiveton_Fl,Cmv_Hazmat_Fl,Cmv_Nine_Plus_Pass_Fl,Cmv_Veh_Oper_ID,Cmv_Carrier_ID_Type_ID,Cmv_Carrier_Zip,Cmv_Veh_Type_ID,Cmv_GVWR,Cmv_RGVW,Cmv_Hazmat_Rel_Fl,Hazmat_Cls_1_ID,Hazmat_IDNbr_1_ID,Hazmat_Cls_2_ID,Hazmat_IDNbr_2_ID,Cmv_Cargo_Body_ID,Cmv_Evnt1_ID,Cmv_Evnt2_ID,Cmv_Evnt3_ID,Cmv_Evnt4_ID,Cmv_Tot_Axle,Cmv_Tot_Tire,Contrib_Factr_1_ID,Contrib_Factr_2_ID,Contrib_Factr_3_ID,Contrib_Factr_P1_ID,Contrib_Factr_P2_ID,Veh_Dfct_1_ID,Veh_Dfct_2_ID,Veh_Dfct_3_ID,Veh_Dfct_P1_ID,Veh_Dfct_P2_ID,Veh_Trvl_Dir_ID,First_Harm_Evt_Inv_ID,Sus_Serious_Injry_Cnt,Nonincap_Injry_Cnt,Poss_Injry_Cnt,Non_Injry_Cnt,Unkn_Injry_Cnt,Tot_Injry_Cnt,Death_Cnt,Cmv_Disabling_Damage_Fl,Cmv_Bus_Type_ID,Trlr_GVWR,Trlr_RGVW,Trlr_Type_ID,Trlr_Disabling_Dmag_ID,Cmv_Intermodal_Container_Permit_Fl,CMV_Actual_Gross_Weight
16906705,1,1,N,N,43,JTEZU11F170009350,2007,9,91,1085,104,N,78726,1,1,4,1,1,,,,Y,ROCHAS TOWING SERVICE,ROCHAS TOWING SERVICE,N,,,,,,,,,,,,,,,,,,,,,,67,,,,,,,,,,11,1,0,0,0,1,0,0,0,,,,,,,,
16906705,2,1,Y,N,43,3C6UR5GL6DG600065,2013,2,710,4101,30,N,78610,1,1,7,1,7,,,,N,NA,NA,N,,,,,,,,,,,,,,,,,,,,,,0,,,,,,,,,,11,1,0,0,0,0,1,0,0,,,,,,,,
16906706,1,1,N,N,43,4S3BMCB61C3015674,2012,17,85,443,104,N,78729,1,2,2,3,12,,,,N,,,N,,,,,,,,,,,,,,,,,,,,,,44,,,,,,,,,,5,1,0,0,1,0,0,1,0,,,,,,,,
16906706,2,1,N,N,43,JTDKN3DU7B0249021,2011,17,91,702,104,N,53559,1,2,6,3,6,,,,N,AVILES & GABES WRECKER SERVICE INC.,AVILES & GABES WRECKER SERVICE INC.,N,,,,,,,,,,,,,,,,,,,,,,0,,,,,,,,,,5,1,0,0,0,1,0,0,0,,,,,,,,
16906707,1,1,N,N,43,2FTJW36C5PCB44460,1993,3,37,2326,30,N,76550,1,2,,,,,,,N,,,N,,,,,,,,,,,,,,,,,,,,,,4,,,,,,,,,,5,1,0,0,0,2,0,0,0,,,,,,,,
16906707,2,1,N,N,43,1G1PC5SH8C7361583,2012,16,107,2209,104,N,78660,1,2,15,2,9,,,,N,ARMADA TOWING,ARMADA TOWING,N,,,,,,,,,,,,,,,,,,,,,,0,,,,,,,,,,5,1,0,0,0,1,0,0,0,,,,,,,,
16906708,1,1,N,N,43,1FTNF1CF0BKD13549,2011,21,37,2324,30,N,78741,1,2,4,5,2,11,2,9,Y,SPECIAL AUTOMOTIVE SERVICE INC,SPECIAL AUTOMOTIVE SERVICE INC,N,,,,,,,,,,,,,,,,,,,,,,,,,74,,,,,,,8,1,0,1,0,0,0,1,0,,,,,,,,
16906708,2,1,N,N,43,1FMCU0EG4AKC60605,2010,9,37,711,104,N,78723,1,2,10,3,1,,,,N,,,N,,,,,,,,,,,,,,,,,,,,,,,,,74,,,,,,,8,1,0,0,1,0,0,1,0,,,,,,,,
16906727,1,1,N,N,43,JM1BL1LP8D1800527,2013,9,63,3917,104,N,78725,1,1,,,,,,,Y,AUS-TEX AUTO ENTERPRISES LLC,AUS-TEX AUTO ENTERPRISES LLC,N,,,,,,,,,,,,,,,,,,,,,,20,,,,,,,,,,2,1,0,0,0,1,0,0,0,,,,,,,,
16906727,2,1,N,N,43,1N6BA06A18N314449,2008,16,71,1397,30,N,78723,1,1,5,2,6,,,,N,,,N,,,,,,,,,,,,,,,,,,,,,,0,,,,,,,,,,2,1,0,0,0,1,0,0,0,,,,,,,,
16906732,1,1,N,N,43,JN8AZ1MU1BW066767,2011,21,71,777,104,N,78750,1,2,2,0,1,,,,N,,,N,,,,,,,,,,,,,,,,,,,,,,0,,,,,,,,,,4,1,0,0,0,1,0,0,0,,,,,,,,
16906732,2,4,,,,,,,,,,,,,,,,,,,,,,,,,,,,,,,,,,,,,,,,,,,,,74,,,,,,,,,,9,1,0,0,0,1,0,0,0,,,,,,,,
16906734,1,1,N,N,43,WMWXU1C5XH2E17366,2017,16,115,742,104,N,78641,1,2,4,2,,,,,N,FINGER TOWING SERVICE,CALIBER COLLISION,N,,,,,,,,,,,,,,,,,,,,,,15,,,,,,,,,,8,1,0,0,0,1,0,0,0,,,,,,,,
16906734,2,1,N,N,43,2G1WG5EK9B1214806,2011,2,107,53,104,N,78744,1,2,3,3,,,,,N,AVILES & GABES WRECKER SERVICE INC.,AVILES & GABES WRECKER SERVICE INC.,N,,,,,,,,,,,,,,,,,,,,,,0,,,,,,,,,,7,1,0,1,0,0,0,1,0,,,,,,,,
16906735,1,1,N,N,43,1N4AL11E72C190365,2002,17,71,500,104,N,78758,1,2,12,3,1,8,3,4,N,SPECIAL AUTOMOTIVE SERVICE INC,SPECIAL AUTOMOTIVE SERVICE INC,N,,,,,,,,,,,,,,,,,,,,,,41,22,,,,,,,,,1,1,0,0,0,1,0,0,0,,,,,,,,
16906735,2,1,N,N,43,5TDKKRFH7FS074316,2015,9,91,721,69,N,78727,1,2,17,6,9,,,,N,A-TEX TOWING,5526 1/2 W HWY 290,N,,,,,,,,,,,,,,,,,,,,,,0,,,,,,,,,,1,1,0,1,0,0,0,1,0,,,,,,,,
16906738,1,1,N,N,30,4S4BSAFC6G3274706,2016,21,85,1268,104,N,07840,1,2,3,2,11,,,,N,STARS TOWING,STARS TOWING,N,,,,,,,,,,,,,,,,,,,,,,19,41,,,,,,,,,1,1,0,0,1,0,0,1,0,,,,,,,,
16906739,1,1,N,N,43,3FA6P0SU2DR253788,2013,21,37,1097,104,N,78759,1,2,16,0,3,,,,Y,620 LAKESIDE TOWING,620 LAKESIDE TOWING,N,,,,,,,,,,,,,,,,,,,,,,62,,,74,,12,,,12,,8,1,0,0,0,1,0,0,0,,,,,,,,
16906740,1,1,N,N,43,5TFRM5F19GX106036,2016,21,91,687,30,N,78703,1,2,2,6,12,10,2,3,Y,620 LAKESIDE TOWING,620 LAKESIDE TOWING,N,,,,,,,,,,,,,,,,,,,,,,22,,,,,,,,,,2,1,0,0,3,0,1,3,0,,,,,,,,
16906740,2,1,N,N,43,2C3CDXCT3EH330948,2014,2,109,74,104,N,78729,1,2,6,4,12,10,2,9,Y,620 LAKESIDE TOWING,620 LAKESIDE TOWING,N,,,,,,,,,,,,,,,,,,,,,,0,,,,,,,,,,6,1,0,0,1,0,0,1,0,,,,,,,,
16906740,3,1,N,N,43,2A8GP54L76R907413,2006,17,21,64,103,N,78750,1,2,15,1,9,,,,N,,,N,,,,,,,,,,,,,,,,,,,,,,0,,,,,,,,,,6,2,0,0,1,0,0,1,0,,,,,,,,
16906740,4,1,N,N,43,3FA6P0PU9ER207448,2014,9,37,696,104,N,78726,1,2,15,0,9,,,,N,,,N,,,,,,,,,,,,,,,,,,,,,,0,,,,,,,,,,6,2,0,0,0,1,0,0,0,,,,,,,,
16906742,1,1,N,Y,43,3D7KU28D33G822720,2003,21,109,2275,30,N,78724,2,,,,,,,,N,NOT ON SCENE,NOT ON SCENE,N,,,,,,,,,,,,,,,,,,,,,,,,,22,41,,,,,,7,1,0,0,0,0,1,0,0,,,,,,,,
16906742,2,1,N,Y,43,KNDJT2A56D7488112,2013,,55,1357,104,N,78725,1,1,5,1,6,,,,N,NOT TOWED,NOT TOWED,N,,,,,,,,,,,,,,,,,,,,,,0,,,,,,,,,,7,1,0,0,0,1,0,0,0,,,,,,,,
16906742,3,1,N,Y,43,1N6AA1E51HN536799,2017,2,71,1397,30,N,78610,1,1,11,3,8,13,1,9,Y,AUS-TEX AUTO ENTERPRISES LLC,AUS-TEX AUTO ENTERPRISES LLC,N,,,,,,,,,,,,,,,,,,,,,,0,,,,,,,,,,8,2,0,0,0,1,0,0,0,,,,,,,,
16906743,1,1,N,N,43,JTJZK1BA6A2406834,2010,21,58,666,104,N,78756,1,2,2,1,12,,,,N,,,N,,,,,,,,,,,,,,,,,,,,,,37,,,,,,,,,,5,1,0,0,0,1,0,0,0,,,,,,,,
16906743,2,3,,,,,,,,,,,,,,,,,,,,,,,,,,,,,,,,,,,,,,,,,,,,,0,,,,,,,,,,9,1,0,1,0,0,0,1,0,,,,,,,,
16906744,1,1,N,N,43,19XFC1F44HE031787,2017,9,44,256,104,N,78621,1,2,2,3,12,,,,N,ROCHAS TOWING SERVICE,ROCHAS TOWING SERVICE,N,,,,,,,,,,,,,,,,,,,,,,0,,,,,,,,,,2,1,0,0,0,1,0,0,0,,,,,,,,
16906744,2,1,N,N,43,1GNSCHKC3GR348653,2016,17,107,249,104,N,78573,1,2,6,1,6,,,,N,NOT TOWED,NOT TOWED,N,,,,,,,,,,,,,,,,,,,,,,0,,,,,,,,,,2,1,0,0,0,5,0,0,0,,,,,,,,
16906744,3,1,N,N,43,1FTNR2CG1FKA19492,2015,,37,2992,103,N,78728,1,2,6,1,6,,,,N,NOT TOWED,NOT TOWED,N,,,,,,,,,,,,,,,,,,,,,,0,,,,,,,,,,2,2,0,0,0,2,0,0,0,,,,,,,,
16906745,1,1,N,N,43,3GNDA13D68S562788,2008,17,107,1142,104,N,75067,1,2,14,3,3,11,3,9,N,HARPERS TOWING SERVICE INC,HARPERS TOWING SERVICE INC,N,,,,,,,,,,,,,,,,,,,,,,4,22,41,,,,,,,,7,1,0,0,1,0,0,1,0,,,,,,,,
16906745,2,1,N,N,43,1C6RR7LM9GS346297,2016,9,710,4100,30,N,78738,1,2,13,2,9,,,,N,,,N,,,,,,,,,,,,,,,,,,,,,,0,,,,,,,,,,7,1,0,0,1,0,0,1,0,,,,,,,,
16906746,1,1,N,N,43,3VWRF31Y86M316566,2006,9,96,1257,100,N,78747,1,2,2,2,12,,,,N,STARS TOWING,STARS TOWING,N,,,,,,,,,,,,,,,,,,,,,,22,19,,,,,,,,,1,1,0,0,1,0,0,1,0,,,,,,,,
16906746,2,1,N,N,43,1HGCT2A86GA000269,2016,2,44,236,104,N,78739,1,2,6,2,6,,,,N,,,N,,,,,,,,,,,,,,,,,,,,,,0,,,,,,,,,,1,1,0,0,0,1,0,0,0,,,,,,,,
16906747,1,1,N,N,42,1HGCV2F51JA015472,2018,21,44,236,104,N,37027,1,1,11,2,11,,,,N,ROCHAS TOWING SERVICE,ROCHAS TOWING SERVICE,N,,,,,,,,,,,,,,,,,,,,,,15,,,,,,,,,,3,1,0,0,1,0,0,1,0,,,,,,,,
16906747,2,1,N,N,43,5TFRM5F18DX058668,2013,21,91,687,30,N,78758,1,2,12,1,3,,,,N,EZ AUTO AND TOWING SERVICE,EZ AUTO AND TOWING SERVICE,N,,,,,,,,,,,,,,,,,,,,,,0,,,,,,,,,,5,1,0,0,1,0,0,1,0,,,,,,,,
16906747,3,1,N,N,43,00000000000221052,2000,21,37,101,0,N,,4,,2,1,12,,,,N,,,N,,,,,,,,,,,,,,,,,,,,,,0,,,,,,,,,,1,2,0,0,0,1,0,0,0,,,,,,,,
16906748,1,1,N,N,43,2GNALDEK2C6146707,2012,2,107,1048,104,N,78744,1,1,1,7,12,,,,N,AVILES & GABES WRECKER SERVICE INC.,AVILES & GABES WRECKER SERVICE INC.,N,,,,,,,,,,,,,,,,,,,,,,19,20,,,,,,,,,5,1,0,0,0,1,0,0,0,,,,,,,,
16906748,2,1,N,N,43,1C4RJFBGXFC612943,2015,2,429,1116,104,N,78702,1,1,15,7,9,,,,N,AUSTIN EXPRESS TOWING INC.,AUS-TEX AUTO ENTERPRISES LLC,N,,,,,,,,,,,,,,,,,,,,,,0,,,,,,,,,,3,1,0,0,0,1,0,0,0,,,,,,,,
16906749,1,1,N,N,43,KMHDU46D47U120423,2007,18,45,480,104,N,78721,1,1,2,3,12,,,,Y,STARS TOWING,STARS TOWING,N,,,,,,,,,,,,,,,,,,,,,,20,,,,,,,,,,4,1,0,0,1,0,0,1,0,,,,,,,,
16906749,2,1,N,N,43,1D4GP25B05B280968,2005,3,109,550,103,N,78620,1,1,4,4,3,,,,N,ROCHAS TOWING SERVICE,ROCHAS TOWING SERVICE,N,,,,,,,,,,,,,,,,,,,,,,20,,,,,,,,,,8,1,0,2,0,0,0,2,0,,,,,,,,
16906750,1,1,N,N,43,2T1KR32E65C551698,2005,21,91,1208,69,N,78735,1,2,14,3,3,,,,N,NA,NA,N,,,,,,,,,,,,,,,,,,,,,,20,,,,,,,,,,7,1,0,0,0,1,0,0,0,,,,,,,,
16906750,2,1,N,N,43,1FTRX17L92NA76105,2002,16,37,2324,30,N,78621,1,2,4,4,12,,,,N,EZ AUTO AND TOWING SERVICE,AUTO SHOP,N,,,,,,,,,,,,,,,,,,,,,,20,,,,,,,,,,3,1,0,0,1,0,0,1,0,,,,,,,,
16906751,1,1,N,Y,,,,2,98,,104,N,,,,,,,,,,,,,N,,,,,,,,,,,,,,,,,,,,,,0,,,,,,,,,,7,1,0,0,0,0,0,0,0,,,,,,,,
16906751,2,1,N,N,43,KM8NU13C28U050565,2008,3,45,2381,69,N,78666,2,,12,1,2,14,1,5,N,,,N,,,,,,,,,,,,,,,,,,,,,,0,,,,,,,,,,1,1,0,1,0,0,0,1,0,,,,,,,,
16906753,1,1,N,N,43,2GCEC19T031355789,2003,,107,658,30,N,78724,1,2,2,3,12,,,,N,,,N,,,,,,,,,,,,,,,,,,,,,,,,,44,,,,,,,8,1,0,0,1,0,0,1,0,,,,,,,,
16906753,2,1,N,N,43,3FAHP0KC7BR121056,2011,,37,1097,104,N,78729,1,2,7,4,6,,,,N,STARS TOWING,STARS TOWING,N,,,,,,,,,,,,,,,,,,,,,,0,,,,,,,,,,8,1,0,0,2,0,0,2,0,,,,,,,,
16906754,1,1,N,N,43,WBAVM1C57EVW48708,2014,9,14,2181,104,N,78744,1,1,10,3,3,,,,N,,,N,,,,,,,,,,,,,,,,,,,,,,,,,37,,,,,,,3,1,0,1,0,0,0,1,0,,,,,,,,
16906754,2,1,N,N,43,WDCGG5HB4FG354191,2015,16,65,118,104,N,78744,1,1,2,3,12,,,,N,SOUTHSIDE WRECKER INC,8200 S. CONGRESS AVE,N,,,,,,,,,,,,,,,,,,,,,,0,,,,,,,,,,7,1,0,1,0,0,0,1,0,,,,,,,,
16906755,1,1,N,Y,43,4A3AA46G61E154727,2001,10,68,392,104,N,78617,2,,2,2,10,,,,Y,NA,NA,N,,,,,,,,,,,,,,,,,,,,,,20,,,,,,,,,,7,1,0,0,0,1,1,0,0,,,,,,,,
16906755,2,1,N,N,43,1GKS2CKJ4JR223492,2018,21,39,479,104,N,78628,1,1,6,3,7,,,,N,NA,NA,N,,,,,,,,,,,,,,,,,,,,,,0,,,,,,,,,,7,1,0,0,0,1,0,0,0,,,,,,,,
16906756,1,1,N,N,9,3N1CN7AP4JL813707,2015,9,71,341,104,N,78130,1,1,2,2,12,,,,N,AAA,AAA,N,,,,,,,,,,,,,,,,,,,,,,66,,,,,,,,,,3,1,0,0,0,0,1,0,0,,,,,,,,
16906756,2,1,N,N,43,1G2ZA5E03A4115278,2010,17,118,159,104,N,78702,1,1,3,1,10,,,,Y,A-TEX TOWING,A-TEX TOWING,N,,,,,,,,,,,,,,,,,,,,,,0,,,,,,,,,,1,1,0,0,0,2,0,0,0,,,,,,,,
16906756,3,1,Y,N,43,5YJ3E1EA3JF157224,2018,99,602,2033,104,N,78723,1,1,6,0,12,,,,N,,,N,,,,,,,,,,,,,,,,,,,,,,0,,,,,,,,,,7,2,0,0,0,0,1,0,0,,,,,,,,
16906757,1,1,N,N,43,1GC2CUEG2GZ369820,2016,21,107,658,30,N,78640,1,2,3,1,12,,,,N,,,N,,,,,,,,,,,,,,,,,,,,,,0,,,,,,,,,,7,1,0,0,0,2,0,0,0,,,,,,,,
16906757,2,1,N,N,43,KMHD84LF7JU504245,2018,2,45,480,104,N,78745,1,2,2,3,12,,,,Y,SOUTHSIDE WRECKER INC,8200 S. CONGRESS AVE,N,,,,,,,,,,,,,,,,,,,,,,0,,,,,,,,,,1,1,0,1,0,0,0,1,0,,,,,,,,
16906787,1,1,N,N,43,1GYEC63897R262598,2007,2,106,729,69,N,78730,1,1,2,3,1,,,,N,A-TEX TOWING,5526 1/2 W HWY 290,N,,,,,,,,,,,,,,,,,,,,,,47,,,74,,,,,,,3,1,0,0,0,1,0,0,0,,,,,,,,
16906787,2,1,N,N,43,5TFGY5F14EX159980,2014,16,91,687,30,N,78703,1,1,6,3,7,,,,N,NA,,N,,,,,,,,,,,,,,,,,,,,,,0,,,,,,,,,,3,1,0,0,0,1,0,0,0,,,,,,,,
16906788,1,1,N,N,43,1G11C5SA5GF123257,2016,17,107,56,104,N,78666,1,1,2,6,12,,,,N,AVILES & GABES WRECKER SERVICE INC.,AVILES & GABES WRECKER SERVICE INC.,N,,,,,,,,,,,,,,,,,,,,,,44,,,,,,,,,,4,1,0,1,0,0,0,1,0,,,,,,,,
16906788,2,1,N,N,43,3MZBM1K70GM253207,2016,11,63,1210,104,N,78757,1,1,14,5,,,,,N,EZ AUTO AND TOWING SERVICE,EZ AUTO AND TOWING SERVICE,N,,,,,,,,,,,,,,,,,,,,,,0,,,,,,,,,,4,1,0,0,0,2,0,0,0,,,,,,,,
16906789,1,1,N,N,43,JTDKB20U653100594,2005,2,91,702,104,N,78664,1,1,12,3,3,,,,,620 LAKESIDE TOWING,620 LAKESIDE TOWING,N,,,,,,,,,,,,,,,,,,,,,,,,,20,,,,,,,8,1,0,0,0,1,0,0,0,,,,,,,,
16906790,1,1,N,N,43,2GCEC13J081239779,2008,16,107,658,30,N,78753,1,2,2,4,12,,,,Y,STARS TOWING,STARS TOWING,N,,,,,,,,,,,,,,,,,,,,,,0,,,,,,,,,,5,1,0,0,0,1,0,0,0,,,,,,,,
16906790,2,1,N,N,43,2HGFG1B92AH518424,2010,3,44,256,100,N,78703,1,2,6,6,6,2,3,12,Y,AVILES & GABES WRECKER SERVICE INC.,AVILES & GABES WRECKER SERVICE INC.,N,,,,,,,,,,,,,,,,,,,,,,0,,,,,,,,,,5,1,0,0,0,0,1,0,0,,,,,,,,
16906790,3,1,N,N,43,JM1BM1W38E1200887,2014,2,63,272,104,N,78754,1,2,14,3,5,6,2,6,N,,,N,,,,,,,,,,,,,,,,,,,,,,0,,,,,,,,,,5,2,0,0,0,1,0,0,0,,,,,,,,
16906791,1,1,N,N,43,WMWSU3C53DT679625,2013,3,115,742,100,N,78701,1,2,2,2,12,,,,Y,EZ AUTO AND TOWING SERVICE,EZ AUTO AND TOWING SERVICE,N,,,,,,,,,,,,,,,,,,,,,,22,,,,,,,,,,5,1,0,0,0,1,0,0,0,,,,,,,,
16906791,2,1,N,N,43,KMHDH4AE9EU084388,2014,2,45,480,104,N,78610,1,2,6,1,6,,,,N,,,N,,,,,,,,,,,,,,,,,,,,,,0,,,,,,,,,,5,1,0,0,0,1,0,0,0,,,,,,,,
16906792,1,1,N,N,43,2T1BR12E6XC131432,1999,17,91,173,104,N,78666,1,2,2,2,12,,,,Y,ROCHAS TOWING SERVICE,ROCHAS TOWING SERVICE,N,,,,,,,,,,,,,,,,,,,,,,67,,,,,,,,,,3,1,0,0,1,0,0,1,0,,,,,,,,
16906792,2,1,N,N,43,5NPET46C79H499983,2009,17,45,377,104,N,79423,1,2,6,2,6,15,2,2,N,SOUTHSIDE WRECKER INC,8200 S. CONGRESS AVE,N,,,,,,,,,,,,,,,,,,,,,,0,,,,,,,,,,3,1,0,0,0,1,0,0,0,,,,,,,,
16906793,1,1,N,N,43,1HGCR2F55EA167393,2014,2,44,236,104,N,78230,1,2,7,4,7,,,,N,STARS TOWING,STARS TOWING,N,,,,,,,,,,,,,,,,,,,,,,44,,,,,,,,,,4,1,0,0,0,2,0,0,0,,,,,,,,
16906793,2,1,N,N,43,KM8JT3AB9CU393695,2012,17,45,1431,104,N,78702,1,2,12,2,2,11,1,11,N,ARMADA TOWING,ARMADA TOWING,N,,,,,,,,,,,,,,,,,,,,,,0,,,,,,,,,,4,1,0,0,0,1,0,0,0,,,,,,,,
16906794,1,1,N,N,43,WDDGF5EB8BR146803,2011,17,65,118,104,N,78745,1,2,4,2,2,,,,Y,SPECIAL AUTOMOTIVE SERVICE INC,SPECIAL AUTOMOTIVE SERVICE INC,N,,,,,,,,,,,,,,,,,,,,,,37,,,67,,,,,,,7,1,0,0,1,0,0,1,0,,,,,,,,
16906794,2,1,N,N,43,1C4BJWDG5FL528351,2015,9,429,1464,69,N,78745,1,2,3,1,10,3,1,1,Y,A-TEX TOWING,5526 1/2 W HWY 290,N,,,,,,,,,,,,,,,,,,,,,,0,,,,,,,,,,3,1,0,0,0,2,0,0,0,,,,,,,,
16906794,3,1,N,N,43,1C4RJEBGXEC116033,2014,21,429,1116,69,N,78745,1,2,3,1,11,,,,Y,EZ AUTO AND TOWING SERVICE,EZ AUTO AND TOWING SERVICE,N,,,,,,,,,,,,,,,,,,,,,,0,,,,,,,,,,1,2,0,0,0,3,0,0,0,,,,,,,,
16906795,1,1,N,N,43,5TFLU4ENXFX121020,2015,9,91,629,30,N,78721,1,2,2,5,12,,,,Y,SPECIAL AUTOMOTIVE SERVICE INC,SPECIAL AUTOMOTIVE SERVICE INC,N,,,,,,,,,,,,,,,,,,,,,,40,,,,,,,,,,1,1,0,1,0,0,0,1,0,,,,,,,,
16906795,2,1,N,N,43,1FMZU65E92ZA22821,2002,10,37,554,104,N,75217,1,2,6,5,6,2,3,12,Y,SPECIAL AUTOMOTIVE SERVICE INC,SPECIAL AUTOMOTIVE SERVICE INC,N,,,,,,,,,,,,,,,,,,,,,,0,,,,,,,,,,1,1,0,1,0,2,0,1,0,,,,,,,,
16906795,3,1,N,N,43,1GTEC14WX1Z334972,2001,21,39,105,30,N,78640,1,2,6,2,6,,,,N,,,N,,,,,,,,,,,,,,,,,,,,,,0,,,,,,,,,,1,2,0,0,0,1,0,0,0,,,,,,,,
16906796,1,1,N,N,43,2FMPK3K94KBB55363,2019,2,37,1035,69,N,,2,,1,4,12,,,,N,620 LAKESIDE TOWING,620 LAKESIDE TOWING,N,,,,,,,,,,,,,,,,,,,,,,34,,,,,,,,,,6,1,0,1,0,0,0,1,0,,,,,,,,
16906796,2,1,N,N,43,5XYZK4AG0CG106192,2012,17,45,713,69,N,78753,1,1,11,4,9,,,,N,620 LAKESIDE TOWING,620 LAKESIDE TOWING,N,,,,,,,,,,,,,,,,,,,,,,0,,,,,,,,,,4,1,0,1,0,0,0,1,0,,,,,,,,
16906797,1,1,N,N,43,3D6WC78L29G549808,2009,2,109,2874,30,N,78724,1,1,13,3,9,,,,N,24 HOUR,OWNERS RESIDENCE/REQUEST,N,,,,,,,,,,,,,,,,,,,,,,0,,,,,,,,,,1,1,0,0,0,1,0,0,0,,,,,,,,
16906797,2,1,N,N,43,WMWZB3C59DWM07101,2013,16,115,742,104,N,76092,1,1,2,5,12,,,,N,620 LAKESIDE TOWING,620 LAKESIDE TOWING,N,,,,,,,,,,,,,,,,,,,,,,0,,,,,,,,,,3,1,0,0,0,1,0,0,0,,,,,,,,
16906798,1,1,N,Y,43,1FAHP3F2XCL194828,2012,3,37,696,104,N,78721,2,,2,3,12,,,,Y,A-TEX TOWING,5526 1/2 W HWY 290,N,,,,,,,,,,,,,,,,,,,,,,16,43,60,,,,,,,,3,1,0,0,0,1,0,0,0,,,,,,,,
16906798,2,1,N,N,43,2B3KA43R76H238084,2006,17,109,82,104,N,78721,2,,14,1,3,,,,N,,,N,,,,,,,,,,,,,,,,,,,,,,0,,,,,,,,,,7,1,0,0,0,1,0,0,0,,,,,,,,
16906799,1,1,N,N,43,1HGCR2F71DA011447,2013,17,44,236,104,N,78741,1,1,15,6,10,9,6,9,N,HARPERS TOWING SERVICE INC,HARPERS TOWING SERVICE INC,N,,,,,,,,,,,,,,,,,,,,,,20,,,,,,,,,,7,1,0,0,1,0,0,1,0,,,,,,,,
16906799,2,1,N,Y,43,YS3FD45Y441043818,2003,2,80,803,104,N,78617,1,1,2,5,12,1,5,12,N,SOUTHSIDE WRECKER INC,8200 S. CONGRESS AVE,N,,,,,,,,,,,,,,,,,,,,,,0,,,,,,,,,,1,1,0,0,0,0,0,0,0,,,,,,,,
16906801,1,1,N,Y,43,3GCUKSEC8GG230160,2016,2,107,2236,30,N,78617,1,1,2,3,12,,,,Y,SOUTHSIDE WRECKER INC,8200 S. CONGRESS AVE,N,,,,,,,,,,,,,,,,,,,,,,23,,,20,,,,,,,5,1,0,0,0,0,1,0,0,,,,,,,,
16906802,1,1,N,N,43,1HGCS1B38CA019352,2012,21,44,236,100,N,78704,2,,2,4,12,,,,,,,N,,,,,,,,,,,,,,,,,,,,,,43,22,,,,,,,,,11,1,0,0,0,5,0,0,0,,,,,,,,
16906802,2,1,N,N,43,5XXGT4L38GG038829,2016,17,55,715,104,N,78217,3,1,7,3,,,,,,,,N,,,,,,,,,,,,,,,,,,,,,,0,,,,,,,,,,11,1,0,1,1,0,0,2,0,,,,,,,,
16906803,1,1,N,N,43,5FNYF28636B000591,2006,11,44,761,104,N,78727,1,1,1,3,6,,,,N,,,N,,,,,,,,,,,,,,,,,,,,,,20,44,,,,,,,,,6,1,0,0,0,1,0,0,0,,,,,,,,
16906803,2,1,N,N,43,4T1BE32K55U638587,2005,9,91,380,104,N,78704,1,1,5,6,6,,,,Y,LAMONT & SONS,LAMONT & SONS,N,,,,,,,,,,,,,,,,,,,,,,0,,,,,,,,,,6,1,0,0,0,1,0,0,0,,,,,,,,
16906803,3,1,N,N,43,JM1BK12F181826663,2008,21,63,2473,104,N,78664,1,1,1,2,11,,,,N,,,N,,,,,,,,,,,,,,,,,,,,,,0,,,,,,,,,,4,2,0,0,0,1,0,0,0,,,,,,,,
16906805,1,1,N,N,43,1D7RV1GT9BS673087,2011,21,710,4100,30,N,78747,1,2,2,2,12,,,,N,,,N,,,,,,,,,,,,,,,,,,,,,,44,,,,,,,,,,6,1,0,0,0,1,0,0,0,,,,,,,,
16906805,2,1,N,N,43,5N1AT2MT0HC754565,2017,21,71,1310,69,N,78746,1,2,6,6,6,2,5,12,N,EZ AUTO AND TOWING SERVICE,EZ AUTO AND TOWING SERVICE,N,,,,,,,,,,,,,,,,,,,,,,0,,,,,,,,,,6,1,0,0,0,1,0,0,0,,,,,,,,
16906805,3,1,N,N,43,JTLKE50E091085064,2009,2,91,4331,104,N,78703,1,2,6,6,6,2,5,12,N,SPECIAL AUTOMOTIVE SERVICE INC,SPECIAL AUTOMOTIVE SERVICE INC,N,,,,,,,,,,,,,,,,,,,,,,0,,,,,,,,,,6,2,0,0,0,1,0,0,0,,,,,,,,