Crash_ID,Unit_Nbr,Unit_Desc_ID,Veh_Parked_Fl,Veh_HNR_Fl,Veh_Lic_State_ID,VIN,Veh_Mod_Year,Veh_Color_ID,Veh_Make_ID,Veh_Mod_ID,Veh_Body_Styl_ID,Emer_Respndr_Fl,Ownr_Zip,Fin_Resp_Proof_ID,Fin_Resp_Type_ID,Veh_Dmag_Area_1_ID,Veh_Dmag_Scl_1_ID,Force_Dir_1_ID,Veh_Dmag_Area_2_ID,Veh_Dmag_Scl_2_ID,Force_Dir_2_ID,Veh_Inventoried_Fl,Veh_Transp_Name,Veh_Transp_Dest,Veh_Cmv_Fl,Cmv_Fiveton_Fl,Cmv_Hazmat_Fl,Cmv_Nine_Plus_Pass_Fl,Cmv_Veh_Oper_ID,Cmv_Carrier_ID_Type_ID,Cmv_Carrier_Zip,Cmv_Veh_Type_ID,Cmv_GVWR,Cmv_RGVW,Cmv_Hazmat_Rel_Fl,Hazmat_Cls_1_ID,Hazmat_IDNbr_1_ID,Hazmat_Cls_2_ID,Hazmat_IDNbr_2_ID,Cmv_Cargo_Body_ID,Cmv_Evnt1_ID,Cmv_Evnt2_ID,Cmv_Evnt3_ID,Cmv_Evnt4_ID,Cmv_Tot_Axle,Cmv_Tot_Tire,Contrib_Factr_1_ID,Contrib_Factr_2_ID,Contrib_Factr_3_ID,Contrib_Factr_P1_ID,Contrib_Factr_P2_ID,Veh_Dfct_1_ID,Veh_Dfct_2_ID,Veh_Dfct_3_ID,Veh_Dfct_P1_ID,Veh_Dfct_P2_ID,Veh_Trvl_Dir_ID,First_Harm_Evt_Inv_ID,Sus_Serious_Injry_Cnt,Nonincap_Injry_Cnt,Poss_Injry_Cnt,Non_Injry_Cnt,Unkn_Injry_Cnt,Tot_Injry_Cnt,Death_Cnt,Cmv_Disabling_Damage_Fl,Cmv_Bus_Type_ID,Trlr_GVWR,Trlr_RGVW,Trlr_Type_ID,Trlr_Disabling_Dmag_ID,Cmv_Intermodal_Container_Permit_Fl,CMV_Actual_Gross_Weight
16906805,4,1,N,N,43,1FMCU0E79CKC50414,2012,2,37,711,69,N,75234,1,2,6,4,6,,,,N,,,N,,,,,,,,,,,,,,,,,,,,,,0,,,,,,,,,,6,2,0,0,0,1,0,0,0,,,,,,,,
16906806,1,1,N,N,43,1C4NJCEB6CD686492,2012,17,429,981,69,N,78681,1,2,4,2,12,,,,N,ARMADA TOWING,ARMADA TOWING,N,,,,,,,,,,,,,,,,,,,,,,74,,,,,,,,6,,1,1,0,0,0,1,0,0,0,,,,,,,,
16906806,2,1,N,N,43,3N1CN7AP9HL889434,2017,2,71,1452,104,N,78759,1,2,7,3,5,,,,N,620 LAKESIDE TOWING,620 LAKESIDE TOWING,N,,,,,,,,,,,,,,,,,,,,,,0,,,,,,,,,,1,1,0,0,2,0,0,2,0,,,,,,,,
16906807,1,1,N,N,43,1FAFP34N67W119407,2007,9,37,696,104,N,78734,1,1,2,3,12,,,,Y,A-TEX TOWING,A-TEX TOWING,N,,,,,,,,,,,,,,,,,,,,,,0,,,,,,,,,,5,1,0,0,0,1,0,0,0,,,,,,,,
16906807,2,1,N,N,43,1FM5K8F88DGA96948,2013,9,37,554,69,N,78750,1,1,6,1,6,,,,N,,,N,,,,,,,,,,,,,,,,,,,,,,0,,,,,,,,,,5,1,0,0,0,3,0,0,0,,,,,,,,
16906809,1,1,N,N,43,2G1FB1E3XD9176491,2013,2,107,46,100,N,78660,1,1,2,5,12,,,,N,AVILES & GABES WRECKER SERVICE INC.,AVILES & GABES WRECKER SERVICE INC.,N,,,,,,,,,,,,,,,,,,,,,,44,20,,,,,,,,,7,1,0,1,0,1,0,1,0,,,,,,,,
16906809,2,1,N,N,43,2HKYF18614H550851,2004,2,44,761,104,N,78660,1,1,6,3,6,2,3,12,N,,,N,,,,,,,,,,,,,,,,,,,,,,0,,,,,,,,,,7,1,0,1,0,0,0,1,0,,,,,,,,
16906809,3,1,N,N,43,5TBET34165S483928,2005,2,91,687,30,N,78753,1,1,6,2,6,,,,N,,,N,,,,,,,,,,,,,,,,,,,,,,0,,,,,,,,,,7,2,0,0,0,1,0,0,0,,,,,,,,
16906810,1,1,N,N,43,2C3CDXBG1CH124190,2012,21,109,74,104,N,78724,1,2,1,0,12,,,,N,,,N,,,,,,,,,,,,,,,,,,,,,,0,,,,,,,,,,3,1,0,0,0,3,0,0,0,,,,,,,,
16906810,2,4,,,,,,,,,,,,,,,,,,,,,,,,,,,,,,,,,,,,,,,,,,,,,59,,,,,,,,,,9,1,0,1,0,0,0,1,0,,,,,,,,
16906812,1,1,N,N,43,JT3GN86RX10204718,2001,8,91,395,104,N,78666,1,1,,,,,,,,BULLET TOWING,BULLET TOWING,N,,,,,,,,,,,,,,,,,,,,,,1,20,,,,,,,,,5,1,0,0,0,1,0,0,0,,,,,,,,
16906812,2,1,N,N,43,5XXGU4L31GG108104,2016,21,55,715,104,N,78721,1,1,,,,,,,,EZ AUTO AND TOWING SERVICE,EZ AUTO AND TOWING SERVICE,N,,,,,,,,,,,,,,,,,,,,,,0,,,,,,,,,,5,1,0,0,0,1,0,0,0,,,,,,,,
16906812,3,1,N,N,43,1GNSCJE09DR283490,2013,16,107,2203,104,N,77354,1,1,,,,,,,,NA,NA,N,,,,,,,,,,,,,,,,,,,,,,0,,,,,,,,,,5,2,0,0,0,4,0,0,0,,,,,,,,
16906820,1,1,N,N,43,2HGFG128X8H526384,2008,17,44,256,104,N,78702,2,,2,2,12,,,,Y,EZ AUTO AND TOWING SERVICE,EZ AUTO AND TOWING SERVICE,N,,,,,,,,,,,,,,,,,,,,,,74,,,,,,,,,,3,1,0,0,0,2,0,0,0,,,,,,,,
16906820,2,1,N,Y,43,,,3,,,104,N,,,,,,,,,,,,,N,,,,,,,,,,,,,,,,,,,,,,0,,,,,,,,,,3,1,0,0,0,0,0,0,0,,,,,,,,
16906821,1,1,N,N,43,WBAPH7C53BE683547,2011,9,14,652,104,N,77379,1,2,2,3,12,,,,N,ATX-VIP TOWING SERVICES,ATX-VIP TOWING SERVICES,N,,,,,,,,,,,,,,,,,,,,,,44,,,,,,,,,,1,1,0,0,0,1,0,0,0,,,,,,,,
16906821,2,1,N,N,43,JTDKN3DU5A0033943,2010,18,91,702,104,N,78704,1,2,6,4,6,1,3,12,N,,,N,,,,,,,,,,,,,,,,,,,,,,0,,,,,,,,,,1,1,0,0,0,1,0,0,0,,,,,,,,
16906821,3,1,N,N,43,JT3GN87R029000456,2002,21,91,395,104,N,78745,1,2,6,1,6,,,,N,,,N,,,,,,,,,,,,,,,,,,,,,,0,,,,,,,,,,1,2,0,0,0,1,0,0,0,,,,,,,,
16906822,1,1,N,N,43,2HGFG12689H541515,2009,9,44,256,100,N,77566,1,1,2,3,12,,,,N,N/A,N/A,N,,,,,,,,,,,,,,,,,,,,,,15,,,,,,,,,,5,1,0,0,0,1,0,0,0,,,,,,,,
16906822,2,1,N,N,43,4T1BF18B7WU286770,1998,18,91,563,104,N,78723,1,1,13,4,9,,,,N,N/A,N/A,N,,,,,,,,,,,,,,,,,,,,,,0,,,,,,,,,,3,1,0,1,0,1,0,1,0,,,,,,,,
16906861,1,1,N,N,43,1GB3G4CGXF1263130,2015,21,107,2816,106,N,78633,1,1,2,3,12,,,,,,,N,,,,,,,,,,,,,,,,,,,,,,73,,,,,,,,,,1,1,0,0,0,1,0,0,0,,,,,,,,
16906861,2,1,N,N,43,4T1GK13E2RU063320,1994,9,91,380,104,N,78723,1,1,8,4,5,,,,,,,N,,,,,,,,,,,,,,,,,,,,,,73,,,,,,,,,,1,1,0,1,0,0,0,1,0,,,,,,,,
16906862,1,1,N,N,43,JTDKN3DU7C1513981,2012,10,91,702,104,N,78759,1,2,10,3,11,,,,N,620 LAKESIDE TOWING,620 LAKESIDE TOWING,N,,,,,,,,,,,,,,,,,,,,,,0,,,,,6,,,,,5,1,0,0,0,1,0,0,0,,,,,,,,
16906862,2,1,N,N,43,JTDBU4EE5A9116025,2010,21,91,173,104,N,78748,1,2,10,3,6,,,,N,,,N,,,,,,,,,,,,,,,,,,,,,,0,,,,,,,,,,5,1,0,0,1,0,0,1,0,,,,,,,,
16906863,1,1,N,N,43,1FTRX18L71NA95264,2001,18,37,2324,30,N,78666,1,2,14,4,,13,3,,Y,EZ AUTO AND TOWING SERVICE,EZ AUTO AND TOWING SERVICE,N,,,,,,,,,,,,,,,,,,,,,,35,,,,,,,,,,6,1,0,1,0,0,0,1,0,,,,,,,,
16906863,2,1,N,N,43,1LNHM93R79G606661,2009,11,113,2449,104,N,78613,1,2,2,4,,,,,Y,EZ AUTO AND TOWING SERVICE,EZ AUTO AND TOWING SERVICE,N,,,,,,,,,,,,,,,,,,,,,,0,,,,,,,,,,4,1,0,0,0,1,0,0,0,,,,,,,,
16906863,3,1,N,N,43,4UZAC3EA1JCJL5868,2018,5,38,1524,103,N,75229,1,2,11,1,,,,,N,DRIVER,LEFT AT SCENE,N,,,,,,,,,,,,,,,,,,,,,,0,,,,,,,,,,2,2,0,0,0,1,0,0,0,,,,,,,,
16906865,1,1,N,Y,43,4F2CZ02759KM04877,2009,21,63,719,104,N,78653,2,,,,,,,,N,,,N,,,,,,,,,,,,,,,,,,,,,,0,,,,,,,,,,4,1,0,0,0,0,0,0,0,,,,,,,,
16906865,2,1,N,N,43,1G1AK12F957603199,2005,21,107,978,104,N,78724,1,2,6,2,6,,,,N,,,N,,,,,,,,,,,,,,,,,,,,,,0,,,,,,,,,,4,1,0,0,0,1,0,0,0,,,,,,,,
16906865,3,1,N,N,43,3FA6P0LUXKR121115,2019,21,37,1097,104,N,74134,1,2,6,1,6,,,,N,,,N,,,,,,,,,,,,,,,,,,,,,,0,,,,,,,,,,4,2,0,1,0,0,0,1,0,,,,,,,,
16906866,1,1,N,N,43,1FAHP35N69W119966,2009,16,37,696,104,N,78753,1,1,2,4,12,,,,N,AVILES & GABES WRECKER SERVICE INC.,5526 1/2 W HWY 290,N,,,,,,,,,,,,,,,,,,,,,,0,,,,,,,,,,3,1,0,0,0,1,0,0,0,,,,,,,,
16906866,2,1,N,N,13,JN8AF5MR9DT212848,2013,8,71,2505,104,N,60402,1,1,2,3,12,,,,N,,,N,,,,,,,,,,,,,,,,,,,,,,0,,,,,,,,,,5,1,0,0,0,1,0,0,0,,,,,,,,
16906870,1,1,N,N,43,4T1BF1FKXDU261507,2013,17,91,380,104,N,78730,1,2,13,3,,,,,Y,620 LAKESIDE TOWING,620 LAKESIDE TOWING,N,,,,,,,,,,,,,,,,,,,,,,4,,,,,,,,,,2,1,0,0,0,1,0,0,0,,,,,,,,
16906870,2,1,N,N,43,1GCRCNECXGZ207824,2016,2,107,2236,30,N,78660,1,2,12,2,,,,,N,UNKNOWN,"1312 FM 685, PFLUGERVILLE, TX 78660",N,,,,,,,,,,,,,,,,,,,,,,0,,,,,,,,,,2,1,0,0,1,0,0,1,0,,,,,,,,
16906874,1,1,N,N,43,5NPET4AC1AH628988,2010,9,45,462,104,N,79762,1,2,3,3,11,,,,N,ATX-VIP TOWING SERVICES,,N,,,,,,,,,,,,,,,,,,,,,,0,,,,,,,,,,1,1,0,0,0,2,0,0,0,,,,,,,,
16906874,2,1,N,N,43,5FNYF18465B040364,2005,3,44,761,104,N,78741,1,2,8,3,4,,,,N,,,N,,,,,,,,,,,,,,,,,,,,,,0,,,,,,,,,,1,1,0,0,0,1,0,0,0,,,,,,,,
16906878,1,1,N,N,43,KMHDN46D56U264512,2006,2,45,480,0,N,76537,1,2,2,2,12,,,,,620 LAKESIDE TOWING,620 LAKESIDE TOWING,N,,,,,,,,,,,,,,,,,,,,,,0,,,,,,,,,,7,1,0,0,0,0,1,0,0,,,,,,,,
16906878,2,1,N,N,43,5XYZU3LB7EG179424,2014,17,45,713,0,N,78759,1,2,5,0,6,,,,,,,N,,,,,,,,,,,,,,,,,,,,,,0,,,,,,,,,,7,1,0,0,0,0,1,0,0,,,,,,,,
16906879,1,1,N,N,43,1G1JC5SH7D4164946,2013,21,107,2243,104,N,78758,1,2,1,3,12,,,,N,ARMADA TOWING,ARMADA TOWING,N,,,,,,,,,,,,,,,,,,,,,,0,,,,,,,,,,3,1,0,3,0,1,0,3,0,,,,,,,,
16906879,2,1,N,N,43,1N4AA6AP2GC429509,2016,2,71,297,104,N,78758,1,2,10,2,3,,,,N,,,N,,,,,,,,,,,,,,,,,,,,,,0,,,,,,,,,,5,1,0,0,0,1,0,0,0,,,,,,,,
16906880,1,1,N,N,43,4T1BF12B3VU171011,1997,10,91,563,104,N,77546,1,2,2,4,12,,,,N,ATX-VIP TOWING SERVICES,ATX-VIP TOWING SERVICES,N,,,,,,,,,,,,,,,,,,,,,,41,,,,,,,,,,7,1,0,1,0,0,0,1,0,,,,,,,,
16906881,1,1,N,Y,43,1GNDT13S332319064,2003,16,107,732,104,N,78758,1,2,2,2,12,,,,N,,,N,,,,,,,,,,,,,,,,,,,,,,20,,,,,,,,,,8,1,0,0,0,1,0,0,0,,,,,,,,
16906881,2,1,Y,N,43,4T3ZF13C6YU187141,2000,1,91,648,103,N,78758,1,2,15,7,9,,,,N,,,N,,,,,,,,,,,,,,,,,,,,,,0,,,,,,,,,,7,1,0,0,0,0,0,0,0,,,,,,,,
16906882,1,1,N,N,43,JM3LW28AX50542404,2005,8,63,433,103,N,78724,1,2,3,1,10,,,,N,,,N,,,,,,,,,,,,,,,,,,,,,,34,,,,,,,,,,3,1,0,0,0,3,0,0,0,,,,,,,,
16906882,2,1,N,N,43,JT2BK12U220040732,2002,17,91,702,104,N,,1,7,4,1,1,,,,N,,,N,,,,,,,,,,,,,,,,,,,,,,0,,,,,,,,,,4,1,0,0,0,1,0,0,0,,,,,,,,
16906883,1,1,N,N,43,JN8AZ08WX7W666653,2007,2,71,777,69,N,78702,1,2,2,7,12,,,,Y,SOUTHSIDE WRECKER INC,SOUTHSIDE WRECKER INC,N,,,,,,,,,,,,,,,,,,,,,,,,,19,,,,,,,1,1,0,0,0,1,0,0,0,,,,,,,,
16906883,2,1,N,N,43,1NXBR32E66Z612757,2006,17,91,173,104,N,78744,1,2,2,7,9,,,,Y,A-TEX TOWING,A-TEX TOWING,N,,,,,,,,,,,,,,,,,,,,,,0,,,,,,,,,,7,1,0,0,1,0,0,1,0,,,,,,,,
16906883,3,1,N,N,43,5YFBURHEXGP517257,2016,9,91,173,104,N,77019,1,2,4,1,12,,,,N,,,N,,,,,,,,,,,,,,,,,,,,,,0,,,,,,,,,,5,2,0,0,0,2,0,0,0,,,,,,,,
16906885,1,1,N,N,43,1G1ZB5ST5JF252890,2018,17,107,56,104,N,78744,1,2,14,6,3,,,,Y,ARMADA TOWING,ARMADA TOWING,N,,,,,,,,,,,,,,,,,,,,,,34,45,,,,,,,,,7,1,0,0,1,0,0,1,0,,,,,,,,
16906885,2,1,N,N,43,2GCEC19V911232622,2001,21,107,658,30,N,78741,1,2,2,3,12,,,,N,,,N,,,,,,,,,,,,,,,,,,,,,,0,,,,,,,,,,5,1,0,0,1,0,0,1,0,,,,,,,,
16906886,1,1,N,N,43,KMHCT4AEXDU525681,2013,9,45,557,104,N,78753,1,2,2,4,12,,,,Y,A & A WRECKER NORTH,A & A WRECKER NORTH,N,,,,,,,,,,,,,,,,,,,,,,34,,,,,,,,,,3,1,0,0,0,1,0,0,0,,,,,,,,
16906886,2,1,N,N,43,WBAGL63453DP63326,2003,2,14,21,104,N,76502,1,2,4,4,2,,,,Y,LAMONT & SONS,LAMONT & SONS,N,,,,,,,,,,,,,,,,,,,,,,0,,,,,,,,,,5,1,0,0,0,1,0,0,0,,,,,,,,
16906887,1,1,N,N,43,7FARW1H80JE038602,2018,9,44,605,104,N,78746,1,1,12,1,5,,,,N,,,N,,,,,,,,,,,,,,,,,,,,,,20,4,,,,,,,,,7,1,0,0,0,1,0,0,0,,,,,,,,
16906887,2,1,N,N,43,1C4PJLCB9KD262766,2019,21,429,970,104,N,78759,1,1,11,1,7,,,,N,,,N,,,,,,,,,,,,,,,,,,,,,,0,,,,,,,,,,7,1,0,1,0,0,0,1,0,,,,,,,,
16906889,1,1,N,N,43,1G1PA5SG5E7233334,2014,3,107,2209,104,N,78727,1,2,3,2,11,,,,N,ROCHAS TOWING SERVICE,ROCHAS TOWING SERVICE,N,,,,,,,,,,,,,,,,,,,,,,20,,,,,,,,,,5,1,0,0,0,1,0,0,0,,,,,,,,
16906889,2,1,N,N,43,JTHBA30G755082323,2005,3,58,1051,104,N,78657,1,2,4,2,1,15,1,10,N,DENVERS TOWING,DENVERS TOWING,N,,,,,,,,,,,,,,,,,,,,,,0,,,,,,,,,,5,1,0,0,0,1,0,0,0,,,,,,,,
16906890,1,1,N,N,46,1FA6P8TH1F5359431,2015,22,37,96,100,N,78745,1,2,10,4,3,,,,N,,,N,,,,,,,,,,,,,,,,,,,,,,20,38,,,,,,,,,3,1,0,0,0,1,0,0,0,,,,,,,,
16906890,2,1,N,N,43,5J6YH18385L004622,2005,17,44,760,104,N,78610,1,2,2,3,12,,,,N,EZ AUTO AND TOWING SERVICE,EZ AUTO AND TOWING SERVICE,N,,,,,,,,,,,,,,,,,,,,,,0,,,,,,,,,,3,1,0,0,0,1,0,0,0,,,,,,,,
16906892,1,1,N,N,43,JM1BL1W5XC1515143,2012,16,63,1210,104,N,78640,1,2,4,2,,,,,Y,EZ AUTO AND TOWING SERVICE,EZ AUTO AND TOWING SERVICE,N,,,,,,,,,,,,,,,,,,,,,,67,,,,,,,,,,1,1,0,0,0,2,0,0,0,,,,,,,,
16906892,2,1,Y,N,43,1G6KD57Y98U132283,2008,16,106,1031,104,N,79603,2,,7,1,7,,,,N,,,N,,,,,,,,,,,,,,,,,,,,,,0,,,,,,,,,,7,1,0,0,0,0,0,0,0,,,,,,,,
16906893,1,1,N,N,43,19XFC2F58JE039542,2018,16,44,256,104,N,78218,2,,4,3,12,,,,Y,620 LAKESIDE TOWING,620 LAKESIDE TOWING,N,,,,,,,,,,,,,,,,,,,,,,67,,,,,,,,,,5,1,0,0,0,2,0,0,0,,,,,,,,
16906893,2,1,N,N,43,5YJSA1E17FF109630,2015,3,602,2562,104,N,78612,1,1,2,4,12,,,,Y,620 LAKESIDE TOWING,620 LAKESIDE TOWING,N,,,,,,,,,,,,,,,,,,,,,,0,,,,,,,,,,7,1,0,0,0,3,0,0,0,,,,,,,,
16906893,3,1,N,N,43,3KPF34AD5KE023536,2019,17,55,1093,104,N,78660,1,1,3,1,9,,,,Y,STARS TOWING,STARS TOWING,N,,,,,,,,,,,,,,,,,,,,,,0,,,,,,,,,,11,2,0,0,0,2,0,0,0,,,,,,,,
16906895,1,1,N,N,43,JF1GE61688H525297,2008,17,85,516,104,N,78751,1,1,3,1,10,11,1,9,Y,SOUTHSIDE WRECKER INC,8200 S. CONGRESS AVE,N,,,,,,,,,,,,,,,,,,,,,,45,4,,,,,,,,,7,1,0,0,0,1,0,0,0,,,,,,,,
16906895,2,1,N,N,43,1FTRW076X2KB74097,2002,16,37,2324,30,N,78155,1,2,4,1,2,16,1,3,N,,,N,,,,,,,,,,,,,,,,,,,,,,0,,,,,,,,,,7,1,0,0,0,3,0,0,0,,,,,,,,
16906896,1,1,N,N,43,3FA6P0K90ER398020,2014,2,37,1097,104,N,76028,1,1,4,4,1,,,,N,SPECIAL AUTOMOTIVE SERVICE INC,SPECIAL AUTOMOTIVE SERVICE INC,N,,,,,,,,,,,,,,,,,,,,,,20,,,,,,,,,,5,1,0,0,0,2,0,0,0,,,,,,,,
16906896,2,1,N,N,43,5XXGM4A79DG123225,2013,21,55,715,104,N,78616,2,,7,3,7,,,,,EZ AUTO AND TOWING SERVICE,EZ AUTO AND TOWING SERVICE,N,,,,,,,,,,,,,,,,,,,,,,0,,,,,,,,,,5,1,0,0,0,2,0,0,0,,,,,,,,
16906897,1,1,N,Y,43,4F2YZ02Z55KM19056,2005,9,63,719,104,N,78744,1,1,2,4,12,,,,Y,AUS-TEX AUTO ENTERPRISES LLC,IMPOUND,N,,,,,,,,,,,,,,,,,,,,,,0,,,,,,,,,,5,1,0,0,0,0,0,0,0,,,,,,,,
16906898,1,1,N,N,43,3C6TRVDG3JE148652,2018,21,710,4106,100,N,78744,1,2,3,5,11,,,,N,SOUTHSIDE WRECKER INC,8200 S. CONGRESS AVE,N,,,,,,,,,,,,,,,,,,,,,,20,,,,,,,,,,3,1,0,0,0,1,0,0,0,,,,,,,,
16906898,2,1,N,N,43,1HD1CGP14WY214808,1998,16,44,107,71,N,78745,1,2,2,7,1,,,,N,SOUTHSIDE WRECKER INC,8200 S. CONGRESS AVE,N,,,,,,,,,,,,,,,,,,,,,,0,,,,,,,,,,5,1,1,0,0,0,0,1,0,,,,,,,,
16906920,1,1,N,N,43,5YJ3E1EA7JF167495,2018,,602,2033,104,N,78702,1,1,6,2,6,,,,N,SPECIAL AUTOMOTIVE SERVICE INC,TOW YARD,N,,,,,,,,,,,,,,,,,,,,,,0,,,,,,,,,,5,1,0,0,0,1,0,0,0,,,,,,,,
16906920,2,1,N,N,43,5LMJJ2H53EEL02740,2014,2,113,638,69,N,78640,1,1,2,2,12,,,,N,AVILES & GABES WRECKER SERVICE INC.,TOW YARD,N,,,,,,,,,,,,,,,,,,,,,,44,,,,,,,,,,5,1,0,0,0,1,0,0,0,,,,,,,,
16906921,1,1,N,N,43,5YFBU4EE3DP142461,2013,17,91,173,104,N,78736,1,1,4,4,12,,,,N,A-TEX TOWING,A-TEX TOWING,N,,,,,,,,,,,,,,,,,,,,,,,,,20,,,,,,,7,1,0,0,1,0,0,1,0,,,,,,,,
16906921,2,1,N,N,43,JN8AT2MT3HW136342,2016,21,71,1310,69,N,78749,1,2,6,6,6,,,,N,A-TEX TOWING,A-TEX,N,,,,,,,,,,,,,,,,,,,,,,0,,,,,,,,,,7,1,0,0,0,1,0,0,0,,,,,,,,
16906922,1,1,N,N,43,WDBRF52H17E027404,2007,2,65,118,104,N,78723,1,2,4,2,12,,,,,,,N,,,,,,,,,,,,,,,,,,,,,,44,,,,,,,,,,5,1,0,0,0,2,0,0,0,,,,,,,,
16906922,2,1,N,N,43,JM1BL1K50B1457192,2011,16,63,1210,104,N,78728,1,2,7,3,,15,2,7,N,ARMADA TOWING,ARMADA TOWING,N,,,,,,,,,,,,,,,,,,,,,,0,,,,,,,,,,5,1,0,0,0,1,0,0,0,,,,,,,,
16906923,1,1,N,N,43,1D7RB1GK9AS248127,2010,17,109,2275,30,N,78703,1,1,1,3,12,,,,N,,,N,,,,,,,,,,,,,,,,,,,,,,22,,,,,,,,,,7,1,0,0,0,1,0,0,0,,,,,,,,
16906923,2,1,N,N,43,3MZBM1V71GM254183,2016,9,63,1210,104,N,78749,1,1,10,5,3,,,,N,STARS TOWING,STARS TOWING,N,,,,,,,,,,,,,,,,,,,,,,0,,,,,,,,,,1,1,0,0,0,2,0,0,0,,,,,,,,
16906924,1,1,N,N,43,1C3CCCCGXFN546495,2015,16,21,2258,104,N,78028,1,1,15,4,8,,,,N,LAKESIDE TOWING,YARD,N,,,,,,,,,,,,,,,,,,,,,,34,,,,,,,,,,7,1,0,1,0,1,0,1,0,,,,,,,,
16906924,2,1,N,N,43,JM1BK12F451277083,2005,16,63,3917,104,N,78704,1,1,2,3,12,,,,N,AVILES & GABES WRECKER SERVICE INC.,YARD,N,,,,,,,,,,,,,,,,,,,,,,,,,60,67,,,,,,1,1,0,0,0,1,0,0,0,,,,,,,,
16906925,1,1,N,N,32,1G1ZH57B984265291,2008,9,107,56,104,N,78749,1,2,2,3,12,,,,N,HARPERS TOWING SERVICE INC,HARPERS TOWING SERVICE INC,N,,,,,,,,,,,,,,,,,,,,,,,,,20,,,,,,,7,1,0,0,0,1,0,0,0,,,,,,,,
16906925,2,1,N,N,25,,1997,16,429,970,69,N,78739,1,2,2,3,12,,,,N,HARPERS TOWING SERVICE INC,HARPERS TOWING SERVICE INC,N,,,,,,,,,,,,,,,,,,,,,,0,,,,,,,,,,3,1,0,0,0,1,0,0,0,,,,,,,,
16906926,1,1,N,N,43,,2018,2,37,2324,104,N,,1,2,10,4,3,15,3,9,N,620 LAKESIDE TOWING,620 LAKESIDE TOWING,N,,,,,,,,,,,,,,,,,,,,,,34,,,20,,,,,,,6,1,0,0,0,1,0,0,0,,,,,,,,
16906926,2,1,N,N,43,1G6AR5SX1F0113517,2015,2,65,118,104,N,,1,2,2,6,12,,,,N,ATX-VIP TOWING SERVICES,ATX-VIP TOWING SERVICES,N,,,,,,,,,,,,,,,,,,,,,,0,,,,,,,,,,4,1,0,0,0,1,0,0,0,,,,,,,,
16906927,1,1,N,N,43,2C3CDXHG2HH612076,2017,16,109,74,104,N,78660,2,,12,6,2,15,6,11,N,EZ AUTO AND TOWING SERVICE,EZ AUTO AND TOWING SERVICE,N,,,,,,,,,,,,,,,,,,,,,,67,,,,,,,,,,1,1,1,0,0,0,0,1,0,,,,,,,,
16906927,2,1,N,N,43,WKKA34CD673000555,2007,2,119,1565,47,N,0,1,2,13,2,9,,,,N,,,Y,Y,N,Y,1,3,77339,4,54500,0,N,,,,,2,13,,,,3,,0,,,,,,,,,,1,1,0,0,0,1,0,0,0,Y,2,,,,,Y,54500
16906928,1,1,N,Y,43,,,2,109,2275,30,N,,,,,,,,,,,,,N,,,,,,,,,,,,,,,,,,,,,,0,,,,,,,,,,7,1,0,0,0,0,0,0,0,,,,,,,,
16906928,2,1,N,N,43,3FAHP0HA2CR246697,2012,3,37,1097,104,N,75119,1,2,7,1,5,,,,N,,,N,,,,,,,,,,,,,,,,,,,,,,0,,,,,,,,,,7,1,0,0,0,2,0,0,0,,,,,,,,
16906928,3,1,N,N,43,2T3YFREV4FW217534,2015,21,91,581,104,N,78729,1,1,2,1,12,,,,,,,N,,,,,,,,,,,,,,,,,,,,,,0,,,,,,,,,,7,2,0,0,0,1,0,0,0,,,,,,,,
16906929,1,1,N,N,43,1N4AL3AP3DC145259,2013,2,71,500,104,N,78602,1,2,,,,,,,N,STARS TOWING,STARS TOWING,N,,,,,,,,,,,,,,,,,,,,,,0,,,,,,,,8,,1,1,0,0,0,1,0,0,0,,,,,,,,
16906931,1,1,N,Y,,,,21,107,2236,30,N,,2,,,,,,,,,,,N,,,,,,,,,,,,,,,,,,,,,,0,,,,,,,,,,1,1,0,0,0,0,1,0,0,,,,,,,,
16906931,2,1,N,N,43,1N4AL3AP8EN377278,2014,2,71,500,104,N,78727,1,1,13,2,9,14,2,3,N,,,N,,,,,,,,,,,,,,,,,,,,,,0,,,,,,,,,,1,1,0,0,0,1,0,0,0,,,,,,,,
16906931,3,1,N,N,43,JM3ER2D34B0405753,2011,21,63,272,104,N,78758,1,1,15,1,11,,,,N,,,N,,,,,,,,,,,,,,,,,,,,,,0,,,,,,,,,,1,2,0,0,0,1,0,0,0,,,,,,,,
16906932,1,1,N,N,43,1C4NJPBA1GD777663,2016,21,429,1273,69,N,78723,1,2,2,5,12,7,3,6,Y,A-TEX TOWING,5526 1/2 W HWY 290,N,,,,,,,,,,,,,,,,,,,,,,43,,,,,,,,,,3,1,0,0,2,0,0,2,0,,,,,,,,
16906932,2,1,N,N,43,JTDKN3DU8F0409610,2015,21,91,702,104,N,78723,1,2,8,6,6,7,3,5,Y,MR EAST TOWING,MR EAST TOWING,N,,,,,,,,,,,,,,,,,,,,,,0,,,,,,,,,,5,1,0,0,1,0,0,1,0,,,,,,,,
16906932,3,1,N,N,43,5N1AT2MT9JC703880,2019,16,71,1310,69,N,78747,1,2,2,5,12,,,,,ROCHAS TOWING SERVICE,ROCHAS TOWING SERVICE,N,,,,,,,,,,,,,,,,,,,,,,0,,,,,,,,,,1,2,0,0,3,0,0,3,0,,,,,,,,