Crash_ID,Unit_Nbr,Unit_Desc_ID,Veh_Parked_Fl,Veh_HNR_Fl,Veh_Lic_State_ID,VIN,Veh_Mod_Year,Veh_Color_ID,Veh_Make_ID,Veh_Mod_ID,Veh_Body_Styl_ID,Emer_Respndr_Fl,Ownr_Zip,Fin_Resp_Proof_ID,Fin_Resp_Type_ID,Veh_Dmag_Area_1_ID,Veh_Dmag_Scl_1_ID,Force_Dir_1_ID,Veh_Dmag_Area_2_ID,Veh_Dmag_Scl_2_ID,Force_Dir_2_ID,Veh_Inventoried_Fl,Veh_Transp_Name,Veh_Transp_Dest,Veh_Cmv_Fl,Cmv_Fiveton_Fl,Cmv_Hazmat_Fl,Cmv_Nine_Plus_Pass_Fl,Cmv_Veh_Oper_ID,Cmv_Carrier_ID_Type_ID,Cmv_Carrier_Zip,Cmv_Veh_Type_ID,Cmv_GVWR,Cmv_RGVW,Cmv_Hazmat_Rel_Fl,Hazmat_Cls_1_ID,Hazmat_IDNbr_1_ID,Hazmat_Cls_2_ID,Hazmat_IDNbr_2_ID,Cmv_Cargo_Body_ID,Cmv_Evnt1_ID,Cmv_Evnt2_ID,Cmv_Evnt3_ID,Cmv_Evnt4_ID,Cmv_Tot_Axle,Cmv_Tot_Tire,Contrib_Factr_1_ID,Contrib_Factr_2_ID,Contrib_Factr_3_ID,Contrib_Factr_P1_ID,Contrib_Factr_P2_ID,Veh_Dfct_1_ID,Veh_Dfct_2_ID,Veh_Dfct_3_ID,Veh_Dfct_P1_ID,Veh_Dfct_P2_ID,Veh_Trvl_Dir_ID,First_Harm_Evt_Inv_ID,Sus_Serious_Injry_Cnt,Nonincap_Injry_Cnt,Poss_Injry_Cnt,Non_Injry_Cnt,Unkn_Injry_Cnt,Tot_Injry_Cnt,Death_Cnt,Cmv_Disabling_Damage_Fl,Cmv_Bus_Type_ID,Trlr_GVWR,Trlr_RGVW,Trlr_Type_ID,Trlr_Disabling_Dmag_ID,Cmv_Intermodal_Container_Permit_Fl,CMV_Actual_Gross_Weight
16907058,1,1,N,N,43,1HGCP263X8A163994,2008,3,44,236,104,N,78724,1,2,2,2,10,,,,N,,,N,,,,,,,,,,,,,,,,,,,,,,34,,,,,,,,,,5,1,0,0,0,1,0,0,0,,,,,,,,
16907058,2,1,N,N,43,JNKCV51E75M200314,2005,3,47,764,104,N,78729,1,2,10,2,3,,,,N,,,N,,,,,,,,,,,,,,,,,,,,,,0,,,,,,,,,,7,1,0,0,0,1,0,0,0,,,,,,,,
16907059,1,1,N,Y,43,KMHCN4AC9AU473836,2010,9,45,557,104,N,78681,1,2,12,3,2,1,3,12,N,AVILES & GABES WRECKER SERVICE INC.,2800 LA FRONTERA BLVD,N,,,,,,,,,,,,,,,,,,,,,,0,,,,,,,,,,1,1,0,0,0,2,0,0,0,,,,,,,,
16907059,2,1,N,Y,113,,,99,,,0,N,,,,,,,,,,N,,,N,,,,,,,,,,,,,,,,,,,,,,0,,,,,,,,,,1,1,0,0,0,0,1,0,0,,,,,,,,
16907059,3,6,,,,,,,,,,,,,,,,,,,,,,,,,,,,,,,,,,,,,,,,,,,,,0,,,,,,,,,,9,2,0,0,0,0,0,0,0,,,,,,,,
16907062,1,1,N,N,43,5NPDH4AE0EH531088,2014,16,45,480,104,N,78753,2,,2,5,12,,,,Y,STARS TOWING,STARS TOWING,N,,,,,,,,,,,,,,,,,,,,,,0,,,,,,,,,,1,1,0,1,0,0,0,1,0,,,,,,,,
16907062,2,1,N,N,43,KM8JM12B97U647573,2007,17,45,377,104,N,,1,2,2,5,12,,,,Y,969 TOWING,969 TOWING,N,,,,,,,,,,,,,,,,,,,,,,0,,,,,,,,,,5,1,0,0,0,0,2,0,0,,,,,,,,
16907063,1,1,N,Y,43,1GCEC14W1XZ130182,1999,3,107,2202,104,N,78744,1,1,4,1,2,,,,N,,,N,,,,,,,,,,,,,,,,,,,,,,27,,,,,,,,,,5,1,0,0,0,0,1,0,0,,,,,,,,
16907063,2,1,N,N,43,JN1AZ34D34T165170,2004,3,71,776,100,N,78744,1,1,3,1,10,,,,N,,,N,,,,,,,,,,,,,,,,,,,,,,0,,,,,,,,,,5,1,0,0,0,1,0,0,0,,,,,,,,
16907064,1,1,N,Y,43,JTEGH20V820073999,2002,21,91,581,69,N,78741,2,,4,2,12,,,,Y,SPECIAL AUTOMOTIVE SERVICE INC,SPECIAL AUTOMOTIVE SERVICE INC,N,,,,,,,,,,,,,,,,,,,,,,23,,,20,,,,,,,1,1,0,0,0,0,1,0,0,,,,,,,,
16907064,2,1,Y,N,43,WDCTG4GB1JJ407743,2018,17,65,2490,69,N,78701,2,,7,2,6,,,,N,STARS TOWING,STARS TOWING,N,,,,,,,,,,,,,,,,,,,,,,0,,,,,,,,,,1,1,0,0,0,0,0,0,0,,,,,,,,
16907065,1,1,N,N,43,WDDGF5EB1BR186138,2011,2,65,118,104,N,78729,1,2,,,,,,,N,,,N,,,,,,,,,,,,,,,,,,,,,,20,54,,,,,,,,,3,1,0,0,0,1,0,0,0,,,,,,,,
16907065,2,4,,,,,,,,,,,,,,,,,,,,,,,,,,,,,,,,,,,,,,,,,,,,,0,,,,,,,,,,9,1,0,1,0,0,0,1,0,,,,,,,,
16907066,1,1,N,N,43,1FMPU17L33LB22746,2003,2,37,601,104,N,78757,1,1,,,,,,,,STARS TOWING,STARS TOWING,N,,,,,,,,,,,,,,,,,,,,,,22,,,,,,,,,,7,1,0,0,0,1,0,0,0,,,,,,,,
16907067,1,1,N,N,43,1FD8X3HTXGEC53351,2016,21,37,2326,30,N,78734,4,,2,5,12,,,,N,620 LAKESIDE TOWING,620 LAKESIDE TOWING,N,,,,,,,,,,,,,,,,,,,,,,22,,,74,,,,,,,6,1,0,0,0,1,0,0,0,,,,,,,,
16907068,1,1,N,N,43,1HGCM56447A220823,2007,17,44,236,104,N,78634,1,2,4,3,12,,,,N,,,N,,,,,,,,,,,,,,,,,,,,,,44,,,,,,,,,,6,1,0,0,1,0,0,1,0,,,,,,,,
16907068,2,1,N,N,43,2HJYK16546H545754,2006,21,44,1306,30,N,78957,1,2,7,4,6,3,4,11,N,AVILES & GABES WRECKER SERVICE INC.,AVILES & GABES WRECKER SERVICE INC.,N,,,,,,,,,,,,,,,,,,,,,,0,,,,,,,,,,6,1,0,0,0,1,0,0,0,,,,,,,,
16907069,1,1,N,N,43,JTNKARJE2GJ503548,2016,16,91,4331,104,N,78729,1,1,2,3,11,,,,N,ARMADA TOWING,ARMADA TOWING,N,,,,,,,,,,,,,,,,,,,,,,44,22,,,,,,,,,4,1,0,0,0,1,0,0,0,,,,,,,,
16907069,2,1,N,N,20,JN8AS5MV8CW381149,2012,15,71,1310,104,N,78759,1,1,7,2,5,,,,N,,,N,,,,,,,,,,,,,,,,,,,,,,0,,,,,,,,,,4,1,0,0,0,1,0,0,0,,,,,,,,
16907070,1,1,N,N,43,3C6UR4CL6GG128972,2016,21,109,2276,30,N,78702,1,3,,,,,,,N,,,N,,,,,,,,,,,,,,,,,,,,,,0,,,,,,,,,,2,1,0,0,0,2,0,0,0,,,,,,,,
16907070,2,4,,,,,,,,,,,,,,,,,,,,,,,,,,,,,,,,,,,,,,,,,,,,,0,,,,,,,,,,9,1,0,0,1,0,0,1,0,,,,,,,,
16908218,1,1,N,N,43,1FMJU1HT7JEA15608,2018,18,37,601,69,N,78748,1,2,4,2,12,,,,Y,K&S TOWING: 512-291-3672,"721 W FM 1626, MANCHACA 78652",N,,,,,,,,,,,,,,,,,,,,,,67,20,,,,,,,,,5,1,0,0,0,1,0,0,0,,,,,,,,
16908238,1,1,N,N,43,1FTWW31P36EA87880,2006,21,37,2326,106,N,78213,1,2,10,4,3,15,3,9,N,EZ TOW,"5039 WEST AVE, SAN ANTONIO, TX",Y,Y,N,N,2,2,78213,7,0,9100,N,,,,,5,18,,,,,,60,,,,,,,,,,5,1,0,0,0,1,0,0,0,Y,0,,,,,N,
16908238,2,6,,,,,,,,,,,78213,,,,,,,,,,,,,,,,,,,,,,,,,,,,,,,,,,0,,,,,,,,,,9,2,0,0,0,0,0,0,0,,,14000,0,1,N,,
16908881,1,1,N,N,43,2A4RR8DG2BR659056,2011,2,21,66,103,N,78660,1,1,2,6,12,,,,Y,INTERSTATE CHAPARRAL TOWING INC.,INTERSTATE CHAPARRAL TOWING INC.,N,,,,,,,,,,,,,,,,,,,,,,65,,,,,,,,,,7,1,0,4,0,0,0,4,0,,,,,,,,
16908881,2,1,N,N,43,JTEGD21A030063380,2003,8,91,721,104,N,78665,1,1,2,5,12,,,,Y,A & A WRECKER NORTH,A & A WRECKER NORTH,N,,,,,,,,,,,,,,,,,,,,,,0,,,,,,,,,,3,1,0,1,1,3,0,2,0,,,,,,,,
16908881,3,1,N,N,43,4T1BK46K07U022632,2007,16,91,380,104,N,78727,1,1,2,5,12,,,,Y,ROCHAS TOWING SERVICE,ROCHAS TOWING SERVICE,N,,,,,,,,,,,,,,,,,,,,,,0,,,,,,,,,,1,2,0,0,0,1,0,0,0,,,,,,,,
16908972,1,1,N,N,43,2GTEK13T461158012,2006,2,39,3080,30,N,78727,2,,17,4,12,18,4,3,N,ROCHAS TOWING SERVICE,ROCHAS TOWING SERVICE,N,,,,,,,,,,,,,,,,,,,,,,22,,,,,,,,,,3,1,0,1,0,0,0,1,0,,,,,,,,
16909643,1,1,N,N,6,2MEFM75WXYX606793,2000,3,114,1114,104,N,80917,2,,12,2,2,,,,N,DRIVER,TRAFFIC,N,,,,,,,,,,,,,,,,,,,,,,15,,,20,,,,,,,1,1,0,0,0,1,0,0,0,,,,,,,,
16909643,2,1,N,N,43,2B3KA43T99H590244,2009,2,109,74,105,N,78703,1,2,3,2,10,,,,N,DRIVER,TRAFFIC,N,,,,,,,,,,,,,,,,,,,,,,0,,,,,,,,,,7,1,0,0,0,2,0,0,0,,,,,,,,
16911199,1,1,N,N,43,5LMEU68H83ZJ25652,2003,9,113,921,69,N,77433,1,2,10,4,3,,,,N,,,N,,,,,,,,,,,,,,,,,,,,,,15,,,,,,,,,,5,1,0,0,0,1,0,0,0,,,,,,,,
16911199,2,1,N,N,43,1J4FA24109L772980,2009,21,429,1464,69,N,75204,1,2,4,2,11,,,,N,,,N,,,,,,,,,,,,,,,,,,,,,,0,,,,,,,,,,1,1,0,0,0,1,0,0,0,,,,,,,,
16911307,1,1,N,N,43,5NPE24AF1HH444075,2017,3,45,462,104,N,78748,1,2,11,1,11,,,,Y,SOUTHSIDE WRECKER INC,8200 S. CONGRESS AVE,N,,,,,,,,,,,,,,,,,,,,,,67,,,,,,,,,,6,1,0,0,0,1,0,0,0,,,,,,,,
16911308,1,1,N,N,43,1C3EL66R15N504724,2005,17,21,593,104,N,78741,1,2,10,3,3,,,,N,,,N,,,,,,,,,,,,,,,,,,,,,,,,,37,,,,,,,3,1,0,0,0,1,0,0,0,,,,,,,,
16911308,2,1,N,N,43,WMWSU3C58CT185257,2012,16,115,742,100,N,78735,1,2,2,2,12,,,,N,ARMADA TOWING,ARMADA TOWING,N,,,,,,,,,,,,,,,,,,,,,,0,,,,,,,,,,7,1,0,0,2,0,0,2,0,,,,,,,,
16911309,1,1,N,N,43,1FTFW1CF5DFB19518,2013,21,37,2324,106,N,78703,1,2,1,1,12,,,,N,,,N,,,,,,,,,,,,,,,,,,,,,,0,,,,,,,,,,1,1,0,0,0,1,0,0,0,,,,,,,,
16911309,2,1,N,N,43,1YVHZ8BHXB5M27602,2011,21,63,870,104,N,,1,2,,,,,,,N,,,N,,,,,,,,,,,,,,,,,,,,,,0,,,,,,,,,,3,1,0,1,0,2,0,1,0,,,,,,,,
16911310,1,1,N,N,43,3GCPCREC1GG379206,2016,21,107,658,104,N,78748,2,,17,6,1,18,6,1,N,STARS TOWING,STARS TOWING,N,,,,,,,,,,,,,,,,,,,,,,22,,,16,,,,,,,5,1,0,0,1,0,0,1,0,,,,,,,,
16911314,1,1,N,Y,,,,,,,92,N,,2,,,,,,,,N,,,N,,,,,,,,,,,,,,,,,,,,,,0,,,,,,,,,,5,1,0,0,0,0,0,0,0,,,,,,,,
16911314,2,1,N,N,43,4T4BF3EK5BR182939,2017,21,91,380,104,N,78759,2,,6,4,12,,,,N,,,N,,,,,,,,,,,,,,,,,,,,,,0,,,,,,,,,,5,1,0,0,1,0,0,1,0,,,,,,,,
16911315,1,1,N,N,43,1C4RJEBG9FC926805,2015,2,429,1116,69,N,78641,1,2,16,4,3,,,,Y,,,N,,,,,,,,,,,,,,,,,,,,,,0,,,,,,,,,,8,1,0,0,0,2,1,0,0,,,,,,,,
16911315,2,1,N,N,43,JM1CW2CL8C0115527,2012,17,63,1211,69,N,78750,1,2,,,,,,,Y,STARS TOWING,STARS TOWING,N,,,,,,,,,,,,,,,,,,,,,,0,,,,,,,,,,6,1,0,0,0,0,1,0,0,,,,,,,,
16911316,1,1,N,N,43,1FVHC5CV36HW10004,2005,21,65,925,87,N,78701,1,7,27,0,,,,,N,,,Y,Y,N,N,4,5,78701,6,52000,0,N,,,,,6,18,,,,,,52,,,,,,,,,,3,1,0,0,0,1,0,0,0,N,0,,,,,N,
16911317,1,1,N,N,43,JHMCM56144C009057,2004,17,44,236,104,N,78664,1,2,2,3,12,,,,Y,620 LAKESIDE TOWING,620 LAKESIDE TOWING,N,,,,,,,,,,,,,,,,,,,,,,37,,,20,,,,,,,4,1,0,0,0,1,0,0,0,,,,,,,,
16911317,2,1,N,N,43,5NPDH4AE9GH789029,2016,2,45,480,104,N,78726,1,2,2,4,12,,,,Y,620 LAKESIDE TOWING,620 LAKESIDE TOWING,N,,,,,,,,,,,,,,,,,,,,,,0,,,,,,,,,,8,1,0,0,0,1,0,0,0,,,,,,,,
16911318,1,1,N,N,43,KMHDU46D49U784093,2009,2,45,480,104,N,78752,2,,4,4,,,,,N,ROCHAS TOWING SERVICE,ROCHAS TOWING SERVICE,N,,,,,,,,,,,,,,,,,,,,,,20,,,,,,,,,,1,1,0,0,0,1,0,0,0,,,,,,,,
16911318,2,1,Y,N,43,1NXBR32E47Z826762,2007,16,91,173,104,N,78723,1,2,7,4,6,,,,N,,,N,,,,,,,,,,,,,,,,,,,,,,0,,,,,,,,,,8,1,0,0,0,0,0,0,0,,,,,,,,
16911319,1,1,N,N,43,KNAGM4AD0D5045456,2013,21,55,715,104,N,76513,1,2,11,1,9,,,,N,,,N,,,,,,,,,,,,,,,,,,,,,,20,,,,,,,,,,7,1,0,0,0,1,0,0,0,,,,,,,,
16911319,2,1,N,N,43,4RKY182J8E4500477,2014,9,502,941,47,N,78702,1,1,1,1,1,,,,,,,N,,,,,,,,,,,,,,,,,,,,,,0,,,,,,,,,,1,1,0,0,0,1,0,0,0,,,,,,,,
16911320,1,1,N,Y,,,,,,,104,N,,,,,,,,,,,,,N,,,,,,,,,,,,,,,,,,,,,,44,20,,,,,,,,,7,1,0,0,0,0,1,0,0,,,,,,,,
16911320,2,1,N,N,43,JTJGF10U210099084,2001,17,58,1316,69,N,78704,1,2,8,1,6,2,1,12,N,,,N,,,,,,,,,,,,,,,,,,,,,,0,,,,,,,,,,7,1,0,0,0,1,0,0,0,,,,,,,,
16911320,3,1,N,N,43,1FAHP3F25CL354937,2011,16,37,696,104,N,78731,1,1,6,1,6,2,1,12,N,,,N,,,,,,,,,,,,,,,,,,,,,,0,,,,,,,,,,7,2,0,0,0,3,0,0,0,,,,,,,,
16911320,4,1,N,N,43,3N1AB7AP0HY306865,2017,3,71,341,104,N,75261,1,2,6,1,6,,,,N,,,N,,,,,,,,,,,,,,,,,,,,,,0,,,,,,,,,,7,2,0,0,0,1,0,0,0,,,,,,,,
16911321,1,1,N,N,43,3N1AB7AP4GY313459,2016,2,71,341,104,N,78666,1,2,3,2,1,,,,N,,,N,,,,,,,,,,,,,,,,,,,,,,0,,,,,,,,,,1,1,0,0,0,2,0,0,0,,,,,,,,
16911321,2,1,N,N,43,JM1GJ1V51F1223804,2015,3,63,870,104,N,78749,1,1,1,2,12,5,2,6,N,,,N,,,,,,,,,,,,,,,,,,,,,,0,,,,,,,,,,1,1,0,0,0,3,0,0,0,,,,,,,,
16911321,3,1,N,N,43,1N4AL3AP8FC283009,2015,17,71,500,104,N,78741,1,2,6,5,6,1,2,12,N,,,N,,,,,,,,,,,,,,,,,,,,,,0,,,,,,,,,,1,2,0,0,0,1,0,0,0,,,,,,,,
16911321,4,1,N,N,43,JM3KFACM6J1356645,2018,2,63,2471,69,N,78704,1,2,5,2,6,,,,N,,,N,,,,,,,,,,,,,,,,,,,,,,0,,,,,,,,,,1,2,0,0,0,1,0,0,0,,,,,,,,
16911322,1,1,N,N,43,5FNRL38709B400821,2009,3,44,571,103,N,78749,1,2,3,7,12,,,,N,DRIVER FROM SCENE,FROM SCENE BY DRIVER,N,,,,,,,,,,,,,,,,,,,,,,0,,,,,,,,,,3,1,0,0,1,0,0,1,0,,,,,,,,
16911322,2,1,N,N,43,ZACCJBCTXFPB83731,2015,13,429,4686,69,N,78749,1,2,4,7,12,,,,N,HARPERS TOWING SERVICE INC,SOUTH POINT,N,,,,,,,,,,,,,,,,,,,,,,0,,,,,,,,,,5,1,0,0,2,0,0,2,0,,,,,,,,
16911323,1,1,N,N,43,1C4BJWDG3FL767347,2015,3,429,3662,69,N,75204,1,2,2,1,12,,,,,ROCHAS TOWING SERVICE,ROCHAS TOWING SERVICE,N,,,,,,,,,,,,,,,,,,,,,,,,,44,,,,,,,3,1,0,0,0,2,0,0,0,,,,,,,,
16911323,2,1,N,N,43,5UXFB53516LV28838,2006,21,14,689,104,N,78640,1,2,6,1,6,,,,N,EZ AUTO AND TOWING SERVICE,EZ AUTO AND TOWING SERVICE,N,,,,,,,,,,,,,,,,,,,,,,0,,,,,,,,,,3,1,0,0,1,1,0,1,0,,,,,,,,
16911325,1,1,N,N,43,JYARN53E4JA002774,2018,16,101,1558,71,N,78748,1,2,2,3,1,,,,Y,A-TEX TOWING,5526 1/2 W HWY 290,N,,,,,,,,,,,,,,,,,,,,,,74,61,,,,,,,,,5,1,1,0,0,0,0,1,0,,,,,,,,
16911326,1,1,N,N,20,2C3CCAAG5DH596086,2013,2,21,65,104,N,78745,1,2,6,2,6,,,,N,,,N,,,,,,,,,,,,,,,,,,,,,,0,,,,,,,,,,5,1,0,2,0,0,0,2,0,,,,,,,,
16911326,2,1,N,Y,,,,21,,,30,N,,,,,,,,,,,,,N,,,,,,,,,,,,,,,,,,,,,,0,,,,,,,,,,5,1,0,0,0,0,0,0,0,,,,,,,,
16911327,1,1,N,N,43,1FADP5AU5EL503076,2014,3,37,101,104,N,78653,1,1,14,2,3,,,,N,,,N,,,,,,,,,,,,,,,,,,,,,,0,,,,,,,,,,11,1,0,0,0,3,0,0,0,,,,,,,,
16911327,2,1,N,N,43,3N1CN7AP1DL842974,2013,17,71,1452,104,N,78613,1,1,11,4,9,,,,N,A-TEX TOWING,A-TEX TOWING,N,,,,,,,,,,,,,,,,,,,,,,0,,,,,,,,,,11,1,0,0,0,1,0,0,0,,,,,,,,
16911328,1,1,N,N,5,JF1VA1J67F9824552,2015,3,85,4156,104,N,76542,1,1,2,1,12,6,0,6,N,,,N,,,,,,,,,,,,,,,,,,,,,,44,20,,,,,,,,,1,1,0,0,1,0,0,1,0,,,,,,,,
16911328,2,1,N,N,43,3C4NJCCB9JT368523,2018,16,429,983,104,N,76542,1,1,6,1,6,,,,N,,,N,,,,,,,,,,,,,,,,,,,,,,0,,,,,,,,,,1,1,0,0,0,3,0,0,0,,,,,,,,
16911329,1,1,N,Y,,,,,,,0,N,,,,,,,,,,,,,N,,,,,,,,,,,,,,,,,,,,,,20,,,,,,,,,,7,1,0,0,0,0,1,0,0,,,,,,,,
16911329,2,3,,,,,,,,,,,,,,,,,,,,,,,,,,,,,,,,,,,,,,,,,,,,,71,,,,,,,,,,9,1,0,1,0,0,0,1,0,,,,,,,,
16911331,1,1,N,Y,,,,,,,0,N,,2,,,,,,,,,,,N,,,,,,,,,,,,,,,,,,,,,,0,,,,,,,,,,1,1,0,0,0,0,0,0,0,,,,,,,,
16911331,2,1,N,Y,43,WDCGG5GBXCF803621,2012,21,65,1113,69,N,78660,1,2,15,1,9,11,1,7,N,N/A,N/A,N,,,,,,,,,,,,,,,,,,,,,,0,,,,,,,,,,1,1,0,0,0,1,0,0,0,,,,,,,,
16911332,1,1,N,N,43,JA4AD3A37GZ009376,2016,2,68,775,69,N,78748,1,1,1,2,12,,,,N,A-TEX TOWING,5526 1/2 W HWY 290,N,,,,,,,,,,,,,,,,,,,,,,0,,,,,,,,,,1,1,0,0,1,1,0,1,0,,,,,,,,
16911332,2,1,N,N,43,KMHD35LE8DU105344,2013,21,45,3561,104,N,78748,1,1,16,2,4,,,,N,,,N,,,,,,,,,,,,,,,,,,,,,,37,,,,,,,,,,5,1,0,0,0,1,0,0,0,,,,,,,,
16911333,1,1,N,N,43,JTEZU14R850046303,2005,21,91,395,69,N,78704,1,1,12,1,1,,,,,ROCHAS TOWING SERVICE,2422 WILSON ST,N,,,,,,,,,,,,,,,,,,,,,,20,19,,,,,,,,,5,1,0,0,0,1,0,0,0,,,,,,,,
16911333,2,1,Y,N,43,JTJHW31U060004088,2006,17,58,1319,69,N,78738,1,1,12,1,1,,,,,DRIVEN BY OWNER,DRIVEN BY OWNER,N,,,,,,,,,,,,,,,,,,,,,,0,,,,,,,,,,5,1,0,0,0,1,0,0,0,,,,,,,,
16911333,3,1,Y,N,43,WA18NAF4XHA044253,2017,9,8,2670,104,N,78704,3,1,15,1,8,,,,N,PARKED,PARKED,N,,,,,,,,,,,,,,,,,,,,,,0,,,,,,,,,,5,2,0,0,0,1,0,0,0,,,,,,,,
16911335,1,1,N,N,43,1C6RD6KP4CS236627,2012,21,710,4100,30,N,76001,1,2,2,3,12,,,,N,SPECIAL AUTOMOTIVE SERVICE INC,SPECIAL AUTOMOTIVE SERVICE INC,N,,,,,,,,,,,,,,,,,,,,,,20,,,,,,,,,,8,1,0,0,0,2,0,0,0,,,,,,,,
16911335,2,1,N,N,43,1FMZU67E93UC81580,2003,18,37,712,30,N,78745,1,2,10,4,3,,,,N,A-TEX TOWING,5526 1/2 W HWY 290,N,,,,,,,,,,,,,,,,,,,,,,0,,,,,,,,,,2,1,0,0,0,1,0,0,0,,,,,,,,
16911336,1,1,N,N,43,1FMYU02Z26KA87119,2006,17,37,711,104,N,78610,1,1,17,4,12,18,4,6,Y,SOUTHSIDE WRECKER INC,8200 S. CONGRESS AVE,N,,,,,,,,,,,,,,,,,,,,,,20,,,,,,,,,,5,1,0,2,0,0,0,2,0,,,,,,,,
16911337,1,1,N,N,43,SHHFK7H56HU218873,2017,3,44,256,104,N,76574,1,2,11,2,11,12,2,1,N,EZ AUTO AND TOWING SERVICE,EZ AUTO AND TOWING SERVICE,N,,,,,,,,,,,,,,,,,,,,,,66,67,,,,,,,,,3,1,0,0,1,0,0,1,0,,,,,,,,
16911337,2,1,N,N,43,5N1AR18U58C649516,2008,9,71,531,69,N,78744,1,2,2,1,11,,,,N,,,N,,,,,,,,,,,,,,,,,,,,,,0,,,,,,,,,,3,1,0,0,0,2,0,0,0,,,,,,,,
16911371,1,1,N,N,9,5YFBURHE9JP812602,2018,21,91,173,104,N,76633,1,1,8,6,2,,,,N,,,N,,,,,,,,,,,,,,,,,,,,,,4,,,,,,,,,,5,1,0,0,0,1,0,0,0,,,,,,,,
16911371,2,1,N,N,43,JKAEX8B10HDA35581,2017,3,53,3681,71,N,78634,1,1,10,5,12,1,3,12,Y,EZ AUTO AND TOWING SERVICE,,N,,,,,,,,,,,,,,,,,,,,,,60,,,,,,,,,,5,1,0,1,0,0,0,1,0,,,,,,,,
16911372,1,1,N,N,43,4T1BF3EKXBU668589,2011,2,91,380,104,N,78753,1,2,2,3,12,,,,Y,969 TOWING,969 TOWING,N,,,,,,,,,,,,,,,,,,,,,,35,,,45,,,,,,,5,1,0,0,1,2,0,1,0,,,,,,,,
16911372,2,1,N,N,43,3MZBN1U76JM177333,2018,16,63,2474,104,N,78634,1,2,12,3,3,,,,N,EZ AUTO AND TOWING SERVICE,EZ AUTO AND TOWING SERVICE,N,,,,,,,,,,,,,,,,,,,,,,0,,,,,,,,,,7,1,0,0,0,1,0,0,0,,,,,,,,
16911373,1,1,N,N,43,1N4AL3AP1EN235452,2014,9,71,500,104,N,78752,1,2,3,6,12,16,5,3,Y,A-TEX TOWING,A-TEX TOWING,N,,,,,,,,,,,,,,,,,,,,,,19,,,,,,,,,,1,1,0,1,0,0,0,1,0,,,,,,,,
16911374,1,1,N,N,43,1FMCU0DG0CKC09526,2012,9,37,711,69,N,,1,1,3,6,12,,,,Y,SPECIAL AUTOMOTIVE SERVICE INC,SPECIAL AUTOMOTIVE SERVICE INC,N,,,,,,,,,,,,,,,,,,,,,,0,,,,,,,,,,3,1,0,1,0,0,0,1,0,,,,,,,,
16911374,2,1,N,N,43,1FUYSSEB1XLF47267,1999,21,38,1524,87,N,78719,1,1,4,5,12,,,,Y,AUS-TEX AUTO ENTERPRISES LLC,AUS-TEX AUTO ENTERPRISES LLC,Y,Y,N,N,5,4,,9,0,25000,N,,,,,10,13,,,,,,0,,,,,,,,,,6,1,0,0,0,1,0,0,0,Y,0,,,,,N,
16911374,3,6,,,,,,,,,,,,,,,,,,,,,,,,,,,,,,,,,,,,,,,,,,,,,0,,,,,,,,,,9,2,0,0,0,0,0,0,0,,,0,0,1,N,,
16911375,1,1,N,N,43,5FNYF5H55GB017287,2016,9,44,761,69,N,78757,1,1,14,4,4,,,,Y,STARS TOWING,STARS TOWING,N,,,,,,,,,,,,,,,,,,,,,,4,,,,,,,,,,4,1,0,0,0,3,0,0,0,,,,,,,,
16911375,2,1,N,N,43,1YVHZ8BH3C5M34764,2012,17,63,870,104,N,78723,1,1,4,6,1,,,,Y,ARMADA TOWING,,N,,,,,,,,,,,,,,,,,,,,,,0,,,,,,,,,,4,1,0,0,0,1,0,0,0,,,,,,,,
16911376,1,1,N,N,43,1C4NJCBA6GD574308,2016,2,429,983,104,N,78759,1,2,1,2,12,,,,Y,STARS TOWING,STARS TOWING,N,,,,,,,,,,,,,,,,,,,,,,44,,,45,,,,,,,5,1,0,0,0,1,0,0,0,,,,,,,,
16911376,2,1,N,N,43,2HGFA16807H510981,2007,3,44,256,104,N,78750,1,2,5,2,6,,,,Y,,,N,,,,,,,,,,,,,,,,,,,,,,0,,,,,,,,,,5,1,0,0,0,1,0,0,0,,,,,,,,
16911377,1,1,N,Y,43,JM1BK32F481180563,2008,2,63,3917,104,N,78114,1,2,,,,,,,,,,N,,,,,,,,,,,,,,,,,,,,,,20,,,,,,,,,,5,1,0,0,0,0,1,0,0,,,,,,,,
16911377,2,1,Y,N,43,2FABP7BV7BX182019,2011,2,37,995,104,Y,78720,1,7,15,1,7,,,,N,,,N,,,,,,,,,,,,,,,,,,,,,,0,,,,,,,,,,5,1,0,0,0,0,0,0,0,,,,,,,,
16911378,1,1,N,N,43,1FMCU04G39KA08681,2009,,37,711,104,N,78719,2,,2,3,12,,,,Y,SPECIAL AUTOMOTIVE SERVICE INC,SPECIAL AUTOMOTIVE SERVICE INC,N,,,,,,,,,,,,,,,,,,,,,,45,,,,,,,,,,8,1,0,0,0,1,0,0,0,,,,,,,,
16911378,2,1,N,N,43,1G1BE5SM0J7199978,2018,21,107,2209,104,N,78744,1,2,3,3,11,,,,N,A-TEX TOWING,A-TEX TOWING,N,,,,,,,,,,,,,,,,,,,,,,0,,,,,,,,,,4,1,0,0,1,0,0,1,0,,,,,,,,
16911379,1,1,N,N,43,3N1AB6AP6CL704999,2012,16,71,341,104,N,78748,2,,12,7,1,,,,Y,ATX-VIP TOWING SERVICES,ATX-VIP TOWING SERVICES,N,,,,,,,,,,,,,,,,,,,,,,68,4,,,,,,,,,5,1,0,0,1,0,0,1,0,,,,,,,,