Crash_ID,Unit_Nbr,Unit_Desc_ID,Veh_Parked_Fl,Veh_HNR_Fl,Veh_Lic_State_ID,VIN,Veh_Mod_Year,Veh_Color_ID,Veh_Make_ID,Veh_Mod_ID,Veh_Body_Styl_ID,Emer_Respndr_Fl,Ownr_Zip,Fin_Resp_Proof_ID,Fin_Resp_Type_ID,Veh_Dmag_Area_1_ID,Veh_Dmag_Scl_1_ID,Force_Dir_1_ID,Veh_Dmag_Area_2_ID,Veh_Dmag_Scl_2_ID,Force_Dir_2_ID,Veh_Inventoried_Fl,Veh_Transp_Name,Veh_Transp_Dest,Veh_Cmv_Fl,Cmv_Fiveton_Fl,Cmv_Hazmat_Fl,Cmv_Nine_Plus_Pass_Fl,Cmv_Veh_Oper_ID,Cmv_Carrier_ID_Type_ID,Cmv_Carrier_Zip,Cmv_Veh_Type_ID,Cmv_GVWR,Cmv_RGVW,Cmv_Hazmat_Rel_Fl,Hazmat_Cls_1_ID,Hazmat_IDNbr_1_ID,Hazmat_Cls_2_ID,Hazmat_IDNbr_2_ID,Cmv_Cargo_Body_ID,Cmv_Evnt1_ID,Cmv_Evnt2_ID,Cmv_Evnt3_ID,Cmv_Evnt4_ID,Cmv_Tot_Axle,Cmv_Tot_Tire,Contrib_Factr_1_ID,Contrib_Factr_2_ID,Contrib_Factr_3_ID,Contrib_Factr_P1_ID,Contrib_Factr_P2_ID,Veh_Dfct_1_ID,Veh_Dfct_2_ID,Veh_Dfct_3_ID,Veh_Dfct_P1_ID,Veh_Dfct_P2_ID,Veh_Trvl_Dir_ID,First_Harm_Evt_Inv_ID,Sus_Serious_Injry_Cnt,Nonincap_Injry_Cnt,Poss_Injry_Cnt,Non_Injry_Cnt,Unkn_Injry_Cnt,Tot_Injry_Cnt,Death_Cnt,Cmv_Disabling_Damage_Fl,Cmv_Bus_Type_ID,Trlr_GVWR,Trlr_RGVW,Trlr_Type_ID,Trlr_Disabling_Dmag_ID,Cmv_Intermodal_Container_Permit_Fl,CMV_Actual_Gross_Weight
16911379,2,1,N,N,43,1HGCV1E36JA127601,2018,21,44,236,104,N,78744,1,2,7,6,7,,,,N,SOUTHSIDE WRECKER INC,8200 S. CONGRESS AVE,N,,,,,,,,,,,,,,,,,,,,,,0,,,,,,,,,,5,1,0,0,0,2,0,0,0,,,,,,,,
16911381,1,1,N,Y,,,,3,,,30,N,,,,,,,,,,,,,N,,,,,,,,,,,,,,,,,,,,,,44,,,,,,,,,,3,1,0,0,0,0,1,0,0,,,,,,,,
16911381,2,1,N,N,43,JTMZK33V576009648,2007,2,91,581,69,N,78759,1,2,6,2,6,,,,N,NONE,NONE,N,,,,,,,,,,,,,,,,,,,,,,0,,,,,,,,,,3,1,0,1,0,0,0,1,0,,,,,,,,
16911382,1,1,N,N,43,1G1ZU648X4F220952,2004,11,107,56,104,N,78753,1,2,10,3,3,,,,N,AVILES & GABES WRECKER SERVICE INC.,AVILES & GABES WRECKER SERVICE INC.,N,,,,,,,,,,,,,,,,,,,,,,40,,,,,,,,,,4,1,0,0,0,2,0,0,0,,,,,,,,
16911383,1,1,N,N,43,WBA8A9C34HK620521,2017,2,14,2165,104,N,78767,2,,2,6,1,10,3,3,Y,SOUTHSIDE WRECKER INC,8200 S. CONGRESS AVE,N,,,,,,,,,,,,,,,,,,,,,,22,43,,,,,,,,,11,1,0,0,3,1,0,3,0,,,,,,,,
16911384,1,1,N,N,43,JNKCV54E97M902780,2007,2,47,764,100,N,78751,1,2,29,0,,,,,N,FINGER TOWING SERVICE,FINGER TOWING SERVICE,N,,,,,,,,,,,,,,,,,,,,,,22,,,,,,,,,,2,1,0,0,0,1,0,0,0,,,,,,,,
16911385,1,1,N,N,43,1FTSW21P05EA88380,2005,10,37,2325,30,N,76528,1,2,2,1,12,,,,N,,,N,,,,,,,,,,,,,,,,,,,,,,44,,,,,,,,,,5,1,0,0,0,1,0,0,0,,,,,,,,
16911385,2,1,N,N,43,5N1AZ2MG1JN140586,2018,16,71,777,69,N,78741,1,1,,,,,,,N,,,N,,,,,,,,,,,,,,,,,,,,,,0,,,,,,,,,,5,1,0,1,0,0,0,1,0,,,,,,,,
16911386,1,1,N,N,43,1FMYU60E01UC52231,2001,21,37,554,100,N,78702,1,1,4,2,3,,,,N,SPECIAL AUTOMOTIVE SERVICE INC,SPECIAL AUTOMOTIVE SERVICE INC,N,,,,,,,,,,,,,,,,,,,,,,0,,,,,,,,,,5,1,0,0,0,1,0,0,0,,,,,,,,
16911386,2,1,N,N,43,5J6YH18328L011263,2008,2,44,760,104,N,78681,1,1,3,2,11,,,,N,ARMADA TOWING,TOW YARD,N,,,,,,,,,,,,,,,,,,,,,,0,,,,,,,,,,3,1,0,0,1,0,0,1,0,,,,,,,,
16911387,1,1,N,N,43,4JGDF7DE9DA117831,2013,17,65,858,69,N,78746,1,2,13,3,8,10,3,1,N,STARS TOWING,STARS TOWING,N,,,,,,,,,,,,,,,,,,,,,,20,,,74,,,,,,,2,1,0,0,0,0,1,0,0,,,,,,,,
16911388,1,1,N,N,43,5FNYF3H53CB039481,2012,9,44,761,69,N,,1,1,14,1,4,,,,N,,,N,,,,,,,,,,,,,,,,,,,,,,20,,,19,,,,,,,7,1,0,0,0,1,0,0,0,,,,,,,,
16911388,2,1,Y,N,43,1FM5K8AR6EGB54377,2014,2,37,554,69,Y,78701,1,7,11,1,10,,,,N,NONE,,N,,,,,,,,,,,,,,,,,,,,,,0,,,,,,,,,,5,1,0,0,0,2,0,0,0,,,,,,,,
16911389,1,1,N,N,43,5J6RE4H30BL106054,2011,2,44,107,69,N,78754,1,1,2,2,4,,,,N,EZ AUTO AND TOWING SERVICE,TOW YARD,N,,,,,,,,,,,,,,,,,,,,,,37,,,,,,,,,,1,1,0,0,0,1,0,0,0,,,,,,,,
16911389,2,1,N,N,43,WVGZE77L57D023032,2007,2,96,1400,104,N,75248,1,1,3,2,7,,,,N,EZ AUTO AND TOWING SERVICE,TOW YARD,N,,,,,,,,,,,,,,,,,,,,,,0,,,,,,,,,,7,1,0,0,0,1,0,0,0,,,,,,,,
16911390,1,1,N,N,43,WDDGJ4HB0EG287255,2014,21,65,671,100,N,75048,1,2,3,3,10,,,,,620 LAKESIDE TOWING,620 LAKESIDE TOWING,N,,,,,,,,,,,,,,,,,,,,,,74,,,,,,,,,,1,1,0,0,1,0,0,1,0,,,,,,,,
16911391,1,1,N,N,43,1FTNS24L26DB45753,2006,21,37,101,103,N,78660,1,2,4,4,2,,,,N,620 LAKESIDE TOWING,620 LAKESIDE TOWING,N,,,,,,,,,,,,,,,,,,,,,,20,,,,,,,,,,3,1,0,0,0,1,0,0,0,,,,,,,,
16911391,2,1,N,N,43,2B3KA53H98H269837,2008,9,109,74,104,N,78754,1,2,3,6,11,,,,N,620 LAKESIDE TOWING,620 LAKESIDE TOWING,N,,,,,,,,,,,,,,,,,,,,,,0,,,,,,,,,,1,1,0,0,0,1,0,0,0,,,,,,,,
16911392,1,1,N,N,43,,2018,21,106,657,69,N,78717,1,1,13,2,9,,,,N,,,N,,,,,,,,,,,,,,,,,,,,,,4,,,,,,,,,,3,1,0,0,0,1,0,0,0,,,,,,,,
16911392,2,1,N,N,43,,2006,21,80,803,104,N,78729,1,1,12,4,3,,,,N,,,N,,,,,,,,,,,,,,,,,,,,,,0,,,,,,,,,,4,1,0,0,0,1,0,0,0,,,,,,,,
16911396,1,1,N,N,43,1N4AL3AP8EC139300,2014,2,71,500,104,N,78759,1,1,4,3,12,,,,N,620 LAKESIDE TOWING,620 LAKESIDE TOWING,N,,,,,,,,,,,,,,,,,,,,,,0,,,,,,,,,,4,1,0,0,0,2,0,0,0,,,,,,,,
16911396,2,7,N,N,43,WBANE73566CM31664,2006,2,14,632,104,N,78727,1,1,,,,,,,N,,,N,,,,,,,,,,,,,,,,,,,,,,37,,,,,,,,,,8,2,0,0,0,1,0,0,0,,,,,,,,
16911399,1,1,N,N,43,3GKFK16Z83G304052,2003,1,39,3093,69,N,78612,1,2,3,2,11,,,,N,EZ AUTO AND TOWING SERVICE,EZ AUTO AND TOWING SERVICE,N,,,,,,,,,,,,,,,,,,,,,,19,,,,,,,,,,8,1,0,0,0,1,0,0,0,,,,,,,,
16911399,2,1,N,N,43,JF2SH6BCXAH793386,2010,3,85,646,69,N,78610,1,2,8,1,6,,,,N,,,N,,,,,,,,,,,,,,,,,,,,,,0,,,,,,,,,,8,1,0,0,1,0,0,1,0,,,,,,,,
16911400,1,1,N,N,43,JS3TD62V214159658,2001,10,88,1118,104,N,78602,1,1,7,2,7,,,,,,,N,,,,,,,,,,,,,,,,,,,,,,60,,,,,,,,,,5,1,0,0,0,1,0,0,0,,,,,,,,
16911401,1,1,N,N,43,4S2CK58W6X4336708,1999,17,49,536,69,N,78747,1,2,4,3,12,,,,Y,EZ AUTO AND TOWING SERVICE,EZ AUTO AND TOWING SERVICE,N,,,,,,,,,,,,,,,,,,,,,,22,,,,,,,,,,8,1,0,0,0,1,0,0,0,,,,,,,,
16911401,2,1,N,N,43,5TFRX5GN3JX119462,2018,21,91,629,30,N,78735,1,2,6,3,6,,,,,,,N,,,,,,,,,,,,,,,,,,,,,,0,,,,,,,,,,8,1,0,1,0,1,0,1,0,,,,,,,,
16911420,1,1,N,N,43,1FTYR10DX5PA58729,2005,21,37,357,30,N,79210,1,2,15,6,9,,,,N,SPECIAL AUTOMOTIVE SERVICE INC,SPECIAL AUTOMOTIVE SERVICE INC,N,,,,,,,,,,,,,,,,,,,,,,22,,,,,,,,,,5,1,0,0,0,1,0,0,0,,,,,,,,
16911421,1,1,N,Y,43,1G6KD57Y96U205309,2006,3,106,1031,104,N,78753,1,2,6,4,7,,,,N,A-TEX TOWING,AUS-TEX AUTO ENTERPRISES LLC,N,,,,,,,,,,,,,,,,,,,,,,0,,,,,,,,,,7,1,0,0,0,2,0,0,0,,,,,,,,
16911421,2,1,N,Y,113,,,99,,,0,N,,,,,,,,,,N,,,N,,,,,,,,,,,,,,,,,,,,,,0,,,,,,,,,,7,1,0,0,0,0,1,0,0,,,,,,,,
16911422,1,1,N,N,43,1G1ZD5ST2JF186227,2018,21,107,56,104,N,81007,1,1,9,2,9,,,,N,ROCHAS TOWING SERVICE,ROCHAS TOWING SERVICE,N,,,,,,,,,,,,,,,,,,,,,,65,,,19,20,,,,,,3,1,0,0,0,1,0,0,0,,,,,,,,
16911422,2,1,N,N,43,JM3KE2DY0G0918970,2016,2,63,1008,104,N,78652,1,1,12,2,2,,,,N,STARS TOWING,STARS TOWING,N,,,,,,,,,,,,,,,,,,,,,,0,,,,,,,,,,3,1,0,0,0,1,0,0,0,,,,,,,,
16911427,1,1,N,N,43,1M2AX13C2JM040890,2018,21,60,3904,106,N,77013,1,2,5,0,6,,,,N,,,N,,,,,,,,,,,,,,,,,,,,,,,,,20,74,,,,,,1,1,0,0,0,1,0,0,0,,,,,,,,
16911427,2,1,N,N,43,3A4FY58BX7T570794,2007,3,21,709,104,N,78155,1,2,2,4,12,,,,N,ROCHAS TOWING SERVICE,ROCHAS TOWING SERVICE,N,,,,,,,,,,,,,,,,,,,,,,,,,74,,,,,,,5,1,0,0,0,1,0,0,0,,,,,,,,
16911428,1,1,N,N,43,KNAFE221595625214,2009,17,55,717,104,N,78753,1,2,6,2,6,,,,N,,,N,,,,,,,,,,,,,,,,,,,,,,34,,,,,,,,,,4,1,0,0,2,0,0,2,0,,,,,,,,
16911428,2,1,N,N,43,5NPDH4AE1DH384732,2013,21,45,480,104,N,78660,1,2,2,3,12,,,,N,,,N,,,,,,,,,,,,,,,,,,,,,,,,,60,,,,,,,6,1,0,0,2,0,0,2,0,,,,,,,,
16911429,1,1,N,N,43,1FDWE3FS1GDC53963,2016,21,37,101,106,N,78745,1,2,2,4,12,,,,Y,INTERSTATE CHAPARRAL TOWING INC.,,N,,,,,,,,,,,,,,,,,,,,,,0,,,,,8,,,,,5,1,0,0,0,1,0,0,0,,,,,,,,
16911429,2,1,N,N,43,JM1BK34LX81817023,2008,3,63,1210,104,N,78739,1,2,6,5,12,2,4,12,N,A-TEX TOWING,,N,,,,,,,,,,,,,,,,,,,,,,0,,,,,,,,,,5,1,0,0,0,1,0,0,0,,,,,,,,
16911429,3,1,N,N,43,ZACCJABB3HPF08225,2017,2,429,4686,104,N,78701,1,2,6,2,12,,,,N,A-TEX TOWING,,N,,,,,,,,,,,,,,,,,,,,,,0,,,,,,,,,,5,2,0,0,0,1,0,0,0,,,,,,,,
16911430,1,1,N,N,43,1GCCS148X68261465,2006,16,107,979,30,N,78602,1,2,2,3,12,,,,Y,ARMADA TOWING,ARMADA TOWING,N,,,,,,,,,,,,,,,,,,,,,,22,,,,,,,,,,4,1,0,0,0,1,0,0,0,,,,,,,,
16911430,2,1,N,N,43,JM1BK12F961437279,2006,21,63,3917,104,N,78723,1,2,2,2,12,6,2,6,N,DRIVEN FROM SCENE,DRIVEN FROM SCENE,N,,,,,,,,,,,,,,,,,,,,,,0,,,,,,,,,,4,1,0,0,0,1,0,0,0,,,,,,,,
16911430,3,1,N,N,43,3N1AB61E07L633142,2007,2,71,341,104,N,78723,1,2,6,1,6,,,,N,DRIVEN FROM SCENE,DRIVEN FROM SCENE,N,,,,,,,,,,,,,,,,,,,,,,0,,,,,,,,,,4,2,0,0,0,1,0,0,0,,,,,,,,
16911431,1,1,N,N,43,5TDBT48A27S287854,2007,9,91,722,104,N,78749,1,1,11,3,9,,,,N,,,N,,,,,,,,,,,,,,,,,,,,,,37,20,,,,,,,,,7,1,0,0,0,1,0,0,0,,,,,,,,
16911431,2,1,N,N,43,1FMYU921X3KE10228,2003,17,37,711,104,N,78741,1,1,2,4,12,,,,N,A-TEX TOWING,5526 1/2 W HWY 290,N,,,,,,,,,,,,,,,,,,,,,,0,,,,,,,,,,8,1,0,1,0,0,0,1,0,,,,,,,,
16911432,1,1,N,N,43,1G1ZA5EU6CF394739,2012,21,107,56,104,N,78748,2,,2,4,12,,,,Y,EZ AUTO AND TOWING SERVICE,EZ AUTO AND TOWING SERVICE,N,,,,,,,,,,,,,,,,,,,,,,20,,,,,,,,,,7,1,0,0,0,1,0,0,0,,,,,,,,
16911432,2,1,N,N,43,1GTDC14Z1LZ552145,1990,2,39,2340,30,N,76310,1,1,5,1,6,,,,N,,,N,,,,,,,,,,,,,,,,,,,,,,0,,,,,,,,,,7,1,0,0,0,2,0,0,0,,,,,,,,
16911433,1,1,N,N,43,1FMCU0H98DUA29776,2013,2,37,711,104,N,75119,1,1,2,4,12,,,,Y,EZ AUTO AND TOWING SERVICE,EZ AUTO AND TOWING SERVICE,N,,,,,,,,,,,,,,,,,,,,,,20,,,,,,,,,,5,1,0,0,0,1,0,0,0,,,,,,,,
16911433,2,1,N,N,43,JT8BL69S010001690,2001,4,58,1130,104,N,78748,2,,6,4,6,,,,Y,A-TEX TOWING,5526 1/2 W HWY 290,N,,,,,,,,,,,,,,,,,,,,,,0,,,,,,,,,,5,1,0,0,0,4,0,0,0,,,,,,,,
16911434,1,1,N,N,43,1FADP5BU6DL502662,2013,2,37,2320,104,N,78746,1,2,4,1,12,,,,N,,,N,,,,,,,,,,,,,,,,,,,,,,0,,,,,,,,,,1,1,0,0,0,1,0,0,0,,,,,,,,
16911434,2,1,N,N,43,KNALN4D73F5195758,2015,2,55,2426,104,N,78665,1,2,6,1,6,,,,N,,,N,,,,,,,,,,,,,,,,,,,,,,0,,,,,,,,,,1,1,0,0,1,0,0,1,0,,,,,,,,
16911435,1,1,N,N,43,1FAHP2F82DG233856,2013,21,37,376,104,N,78741,2,,14,4,4,,,,N,A-TEX TOWING,ATEX,N,,,,,,,,,,,,,,,,,,,,,,37,,,,,,,,,,5,1,0,0,0,1,0,0,0,,,,,,,,
16911435,2,1,N,N,43,1J4AA2D17AL201176,2010,3,429,1464,69,N,78749,1,2,2,1,12,,,,,,,N,,,,,,,,,,,,,,,,,,,,,,0,,,,,,,,,,1,1,0,0,0,1,0,0,0,,,,,,,,
16911436,1,1,N,N,43,19XFA1F88AE013081,2010,17,44,256,104,N,,1,2,2,4,12,,,,N,STARS TOWING,STARS TOWING,N,,,,,,,,,,,,,,,,,,,,,,,,,20,,,,,,,2,1,0,0,0,1,0,0,0,,,,,,,,
16911436,2,1,N,N,43,1C4PJLCB4GW138206,2016,2,429,1163,104,N,,1,2,6,1,6,,,,N,DRIVEABLE,DRIVEABLE,N,,,,,,,,,,,,,,,,,,,,,,0,,,,,,,,,,2,1,0,0,0,1,0,0,0,,,,,,,,
16911437,1,1,N,N,43,19UUA66256A004625,2006,3,1,2608,104,N,76708,1,1,4,2,1,,,,N,NONE,NONE,N,,,,,,,,,,,,,,,,,,,,,,0,,,,,,,,,,7,1,0,0,0,1,0,0,0,,,,,,,,
16911437,2,1,N,N,22,1GAZGYFL6F1221925,2015,16,107,731,103,N,,1,1,2,4,12,,,,N,NONE,NONE,N,,,,,,,,,,,,,,,,,,,,,,0,,,,,,,,,,3,1,0,0,0,2,0,0,0,,,,,,,,
16911438,1,1,N,N,43,1C6RR7NT1FS647715,2015,3,109,2275,30,N,78725,1,1,11,1,10,,,,N,NOT TOWED,NOT TOWED,N,,,,,,,,,,,,,,,,,,,,,,,,,39,,,,,,,8,1,0,0,0,0,1,0,0,,,,,,,,
16911438,2,1,N,N,43,1N4AL3AP3FC199504,2015,16,71,500,104,N,78665,1,1,14,2,4,,,,Y,AVILES AND GABES,AVILES & GABES WRECKER SERVICE INC.,N,,,,,,,,,,,,,,,,,,,,,,0,,,,,,,,,,1,1,0,0,0,1,0,0,0,,,,,,,,
16911439,1,1,N,N,43,3C3CFFBR7FT673149,2015,16,35,84,100,N,78721,1,1,3,4,10,,,,,FINGER TOWING SERVICE,FINGER TOWING SERVICE,N,,,,,,,,,,,,,,,,,,,,,,0,,,,,,,,,,4,1,0,0,0,1,0,0,0,,,,,,,,
16911440,1,1,N,N,43,2FMDK39C98BA67163,2008,2,37,1035,69,N,78758,1,2,2,2,12,,,,N,,,N,,,,,,,,,,,,,,,,,,,,,,,,,20,,,,,,,2,1,0,1,0,0,0,1,0,,,,,,,,
16911440,2,1,N,N,43,KNAFK4A61F5420308,2015,17,55,1093,104,N,78628,1,2,6,3,6,,,,N,,,N,,,,,,,,,,,,,,,,,,,,,,0,,,,,,,,,,2,1,0,1,0,0,0,1,0,,,,,,,,
16911441,1,1,N,N,43,1FMCU0C79AKA69619,2010,3,37,101,104,N,78725,1,2,1,5,12,,,,Y,SPECIAL AUTOMOTIVE SERVICE INC,SPECIAL AUTOMOTIVE SERVICE INC,N,,,,,,,,,,,,,,,,,,,,,,15,20,,19,,,,,,,7,1,0,0,0,2,0,0,0,,,,,,,,
16911441,2,1,N,N,43,2MEFM74W62X652923,2002,21,114,1114,104,N,78669,1,2,10,5,4,,,,Y,ROCHAS TOWING SERVICE,ROCHAS TOWING SERVICE,N,,,,,,,,,,,,,,,,,,,,,,,,,19,20,,,,,,3,1,0,0,0,1,0,0,0,,,,,,,,
16911442,1,1,N,N,43,5N1AT2MV0FC812950,2015,2,71,1310,104,N,78628,1,1,3,2,1,10,2,2,N,,,N,,,,,,,,,,,,,,,,,,,,,,,,,74,,,,,,,2,1,0,0,0,1,0,0,0,,,,,,,,
16911442,2,1,N,N,43,1N4AL24E19C104270,2009,9,71,500,100,N,78634,1,1,8,1,5,,,,N,ARMADA TOWING,ARMADA TOWING,N,,,,,,,,,,,,,,,,,,,,,,,,,41,,,,,,,2,1,0,0,0,1,0,0,0,,,,,,,,
16911442,3,1,N,N,43,JTEZU5JR4D5049759,2013,9,91,395,104,N,78717,1,1,15,1,9,,,,N,,,N,,,,,,,,,,,,,,,,,,,,,,0,,,,,,,,,,2,2,0,0,0,1,0,0,0,,,,,,,,
16911443,1,1,N,N,43,4T4BF1FK6ER428727,2014,17,91,380,104,N,78655,1,2,2,7,1,7,4,5,Y,A-TEX TOWING,5526 1/2 W HWY 290,N,,,,,,,,,,,,,,,,,,,,,,19,41,,,,,,,,,7,1,0,1,0,0,0,1,0,,,,,,,,
16911443,2,1,N,N,43,5FYD5KV0XAB038137,2010,3,498,1410,47,N,78702,1,7,7,2,7,,,,N,,,Y,Y,N,Y,2,5,78702,4,42530,0,N,,,,,2,13,,,,,,0,,,,,,,,,,7,1,0,0,0,2,0,0,0,N,2,,,,,N,
16911443,3,1,N,N,43,ZACCJABB3HPE67482,2017,9,429,4686,69,N,78744,1,2,4,5,1,,,,Y,ROCHAS TOWING SERVICE,ROCHAS TOWING SERVICE,N,,,,,,,,,,,,,,,,,,,,,,0,,,,,,,,,,7,2,0,0,0,1,0,0,0,,,,,,,,
16911444,1,1,N,N,43,WBAHN83577DT68816,2007,17,14,633,104,N,79101,1,2,4,2,,,,,N,SPECIAL AUTOMOTIVE SERVICE INC,SPECIAL AUTOMOTIVE SERVICE INC,N,,,,,,,,,,,,,,,,,,,,,,60,,,,,,,,,,7,1,0,0,0,1,0,0,0,,,,,,,,
16911445,1,1,N,N,43,5N1AT2MT9HC882996,2017,21,71,1310,69,N,78745,1,2,2,3,12,,,,N,A-TEX TOWING,5526 1/2 W HWY 290,N,,,,,,,,,,,,,,,,,,,,,,22,67,,,,,,,,,6,1,0,0,0,1,0,0,0,,,,,,,,
16911445,2,1,N,N,43,SALGS2VF0GA250725,2016,2,57,613,69,N,78739,1,2,6,3,6,,,,N,,,N,,,,,,,,,,,,,,,,,,,,,,0,,,,,,,,,,6,1,0,0,0,1,0,0,0,,,,,,,,
16911446,1,1,N,N,43,JN1BV7AP3EM691154,2014,2,47,2393,104,N,75038,1,2,2,5,12,,,,N,EZ AUTO AND TOWING SERVICE,EZ AUTO AND TOWING SERVICE,N,,,,,,,,,,,,,,,,,,,,,,74,,,,,,,,,,6,1,0,0,0,1,0,0,0,,,,,,,,
16911447,1,1,N,N,43,2B3HD46R0YH145150,2000,10,109,502,104,N,78721,1,1,12,3,3,,,,N,AUSTEX,4901 LOUIS AVE,N,,,,,,,,,,,,,,,,,,,,,,66,,,,,,,,,,5,1,0,0,1,0,0,1,0,,,,,,,,
16911447,2,1,N,N,43,1N4AL11D72C708238,2002,10,71,341,104,N,78721,1,1,2,3,12,,,,Y,ROCHAS TOWING SERVICE,ROCHAS TOWING SERVICE,N,,,,,,,,,,,,,,,,,,,,,,21,,,,,,,,,,1,1,0,0,0,2,0,0,0,,,,,,,,
16911448,1,1,N,N,43,1FTRX14W95NB00843,2005,21,37,2324,30,N,78731,1,1,11,4,9,,,,Y,SPECIAL AUTOMOTIVE SERVICE INC,SPECIAL AUTOMOTIVE SERVICE INC,N,,,,,,,,,,,,,,,,,,,,,,0,,,,,,,,,,5,1,0,0,0,1,0,0,0,,,,,,,,
16911448,2,1,N,N,24,5NPEB4AC2DH765493,2013,21,45,462,104,N,78704,2,,3,1,12,,,,N,,,N,,,,,,,,,,,,,,,,,,,,,,0,,,,,,,,,,1,2,0,0,0,1,0,0,0,,,,,,,,
16911448,3,1,N,N,43,4T1BF1FK8HU449190,2017,9,91,380,104,N,78748,1,1,15,4,11,,,,Y,ROCHAS TOWING SERVICE,ROCHAS TOWING SERVICE,N,,,,,,,,,,,,,,,,,,,,,,0,,,,,,,,,,1,1,0,0,0,1,0,0,0,,,,,,,,
16911448,4,1,N,N,43,2HNYB1H46AH502724,2010,9,1,2128,100,N,78704,1,1,13,2,10,,,,Y,SPECIAL AUTOMOTIVE SERVICE INC,SPECIAL AUTOMOTIVE SERVICE INC,N,,,,,,,,,,,,,,,,,,,,,,0,,,,,,,,,,1,2,0,0,0,1,0,0,0,,,,,,,,
16911448,5,1,N,N,43,1N4AL11D76C221160,2006,17,71,500,104,N,78701,1,1,2,3,12,,,,N,SPECIAL AUTOMOTIVE SERVICE INC,SPECIAL AUTOMOTIVE SERVICE INC,N,,,,,,,,,,,,,,,,,,,,,,0,,,,,,,,,,1,2,1,0,0,0,0,1,0,,,,,,,,
16911495,1,1,N,N,43,JHMCM56663C056181,2003,17,44,236,104,N,78617,1,1,3,3,9,7,3,9,N,969 TOWING,969 TOWING,N,,,,,,,,,,,,,,,,,,,,,,0,,,,,,,,,,6,1,0,0,0,1,0,0,0,,,,,,,,
16911496,1,1,N,N,43,5XXGT4L13JG237583,2018,17,55,715,104,N,78729,1,1,12,3,3,,,,Y,620 LAKESIDE TOWING,620 LAKESIDE TOWING,N,,,,,,,,,,,,,,,,,,,,,,20,,,,,,,,,,7,1,0,0,0,1,0,0,0,,,,,,,,
16911496,2,1,N,N,43,2G4WD582161233623,2006,3,105,1175,104,N,78727,1,1,2,3,12,,,,N,,,N,,,,,,,,,,,,,,,,,,,,,,0,,,,,,,,,,3,1,0,0,1,0,0,1,0,,,,,,,,
16911497,1,1,N,N,43,5FNRL18004B036240,2004,2,44,571,103,N,78704,1,2,4,3,1,3,3,11,N,SPECIAL AUTOMOTIVE SERVICE INC,SPECIAL AUTOMOTIVE SERVICE INC,N,,,,,,,,,,,,,,,,,,,,,,20,,,,,,,,,,1,1,0,1,0,0,0,1,0,,,,,,,,
16911497,2,1,N,N,43,2FMTK3G90FBB45071,2015,9,37,1035,104,N,78704,1,2,11,1,8,,,,N,,,N,,,,,,,,,,,,,,,,,,,,,,0,,,,,,,,,,8,1,0,0,0,2,0,0,0,,,,,,,,
16911497,3,1,N,N,43,4S4BP61C757390797,2005,17,85,1268,104,N,78704,1,2,3,3,12,10,1,2,,EZ AUTO AND TOWING SERVICE,EZ AUTO AND TOWING SERVICE,N,,,,,,,,,,,,,,,,,,,,,,0,,,,,,,,,,5,2,0,1,0,2,0,1,0,,,,,,,,
16911497,4,1,N,N,43,1FAFP55S94G174293,2004,17,37,376,104,N,78753,1,2,11,1,9,,,,N,,,N,,,,,,,,,,,,,,,,,,,,,,0,,,,,,,,,,5,2,0,0,0,1,0,0,0,,,,,,,,
16911497,5,1,N,N,43,JNKCV66E39M720580,2009,17,47,466,104,N,78640,2,,2,3,12,,,,Y,ATX-VIP TOWING SERVICES,ATX-VIP TOWING SERVICES,N,,,,,,,,,,,,,,,,,,,,,,0,,,,,,,,,,5,2,0,0,0,1,0,0,0,,,,,,,,
16911498,1,1,N,N,43,1FADP5AU5DL509121,2013,21,37,696,104,N,78727,1,1,4,6,1,,,,Y,STARS TOWING,STARS TOWING,N,,,,,,,,,,,,,,,,,,,,,,67,,,,,,,,,,5,1,0,0,0,1,0,0,0,,,,,,,,
16911499,1,1,N,N,43,1FTRX12W86NB83475,2006,2,37,2324,30,N,78574,1,2,4,3,,,,,N,620 LAKESIDE TOWING,620 LAKESIDE TOWING,N,,,,,,,,,,,,,,,,,,,,,,44,22,,,,,,,,,5,1,0,0,0,1,0,0,0,,,,,,,,
16911499,2,1,N,N,43,JM1NDAM71H0109456,2017,16,63,2482,100,N,78717,1,2,6,2,,2,1,12,N,AVILES & GABES WRECKER SERVICE INC.,AVILES & GABES WRECKER SERVICE INC.,N,,,,,,,,,,,,,,,,,,,,,,0,,,,,,,,,,5,1,0,0,1,0,0,1,0,,,,,,,,
16911499,3,1,N,N,43,1C3CCCAB8GN137064,2016,2,21,2258,104,N,78758,1,2,6,1,,,,,N,,,N,,,,,,,,,,,,,,,,,,,,,,0,,,,,,,,,,5,2,0,0,1,0,0,1,0,,,,,,,,
16911500,1,1,N,N,43,4S4BRCBC0D3314318,2013,16,85,1268,69,N,78248,1,1,3,2,12,,,,N,,,N,,,,,,,,,,,,,,,,,,,,,,37,,,,,,,,,,3,1,0,0,0,1,0,0,0,,,,,,,,
16911500,2,1,N,N,43,5J6YH17584L001219,2004,17,44,760,69,N,78723,1,1,11,3,10,,,,Y,AVILES & GABES WRECKER SERVICE INC.,AVILES & GABES WRECKER SERVICE INC.,N,,,,,,,,,,,,,,,,,,,,,,0,,,,,,,,,,7,1,0,0,0,1,0,0,0,,,,,,,,