Crash_ID,Unit_Nbr,Unit_Desc_ID,Veh_Parked_Fl,Veh_HNR_Fl,Veh_Lic_State_ID,VIN,Veh_Mod_Year,Veh_Color_ID,Veh_Make_ID,Veh_Mod_ID,Veh_Body_Styl_ID,Emer_Respndr_Fl,Ownr_Zip,Fin_Resp_Proof_ID,Fin_Resp_Type_ID,Veh_Dmag_Area_1_ID,Veh_Dmag_Scl_1_ID,Force_Dir_1_ID,Veh_Dmag_Area_2_ID,Veh_Dmag_Scl_2_ID,Force_Dir_2_ID,Veh_Inventoried_Fl,Veh_Transp_Name,Veh_Transp_Dest,Veh_Cmv_Fl,Cmv_Fiveton_Fl,Cmv_Hazmat_Fl,Cmv_Nine_Plus_Pass_Fl,Cmv_Veh_Oper_ID,Cmv_Carrier_ID_Type_ID,Cmv_Carrier_Zip,Cmv_Veh_Type_ID,Cmv_GVWR,Cmv_RGVW,Cmv_Hazmat_Rel_Fl,Hazmat_Cls_1_ID,Hazmat_IDNbr_1_ID,Hazmat_Cls_2_ID,Hazmat_IDNbr_2_ID,Cmv_Cargo_Body_ID,Cmv_Evnt1_ID,Cmv_Evnt2_ID,Cmv_Evnt3_ID,Cmv_Evnt4_ID,Cmv_Tot_Axle,Cmv_Tot_Tire,Contrib_Factr_1_ID,Contrib_Factr_2_ID,Contrib_Factr_3_ID,Contrib_Factr_P1_ID,Contrib_Factr_P2_ID,Veh_Dfct_1_ID,Veh_Dfct_2_ID,Veh_Dfct_3_ID,Veh_Dfct_P1_ID,Veh_Dfct_P2_ID,Veh_Trvl_Dir_ID,First_Harm_Evt_Inv_ID,Sus_Serious_Injry_Cnt,Nonincap_Injry_Cnt,Poss_Injry_Cnt,Non_Injry_Cnt,Unkn_Injry_Cnt,Tot_Injry_Cnt,Death_Cnt,Cmv_Disabling_Damage_Fl,Cmv_Bus_Type_ID,Trlr_GVWR,Trlr_RGVW,Trlr_Type_ID,Trlr_Disabling_Dmag_ID,Cmv_Intermodal_Container_Permit_Fl,CMV_Actual_Gross_Weight
16911501,1,1,N,N,43,JTNBE46K873002884,2007,11,91,380,104,N,78744,1,2,6,2,7,4,2,1,Y,AUS-TEX AUTO ENTERPRISES LLC,AUS-TEX AUTO ENTERPRISES LLC,N,,,,,,,,,,,,,,,,,,,,,,68,,,67,,,,,,,11,1,0,0,1,0,0,1,0,,,,,,,,
16911502,1,1,N,N,43,1HGCP2F60CA129324,2012,9,44,236,104,N,78731,1,2,,,,,,,N,ATX-VIP TOWING SERVICES,ATX-VIP TOWING SERVICES,N,,,,,,,,,,,,,,,,,,,,,,22,,,,,,,,,,1,1,0,1,0,0,0,1,0,,,,,,,,
16911502,2,1,N,N,43,1FMEU64818UA42349,2008,21,37,554,69,N,78703,1,2,6,2,6,,,,N,,,N,,,,,,,,,,,,,,,,,,,,,,0,,,,,,,,,,1,1,0,0,0,1,0,0,0,,,,,,,,
16911503,1,1,N,N,43,KNDJC735495873388,2009,2,55,767,104,N,78702,1,2,7,3,7,,,,N,,,N,,,,,,,,,,,,,,,,,,,,,,38,,,,,,,,,,7,1,0,0,1,0,0,1,0,,,,,,,,
16911503,2,1,N,N,43,1C6RD7LT0CS188769,2012,16,109,82,30,N,78744,1,2,4,1,2,,,,N,,,N,,,,,,,,,,,,,,,,,,,,,,0,,,,,,,,,,1,1,0,0,0,1,0,0,0,,,,,,,,
16911504,1,1,N,N,43,1FADP3F20EL168496,2014,17,37,696,104,N,78759,1,1,14,3,3,,,,N,STARS TOWING,STARS TOWING,N,,,,,,,,,,,,,,,,,,,,,,0,,,,,,,,,,1,1,0,0,0,1,0,0,0,,,,,,,,
16911504,2,1,N,N,43,2G1FT1EW0E9218319,2014,21,107,46,100,N,78767,1,1,1,3,12,,,,N,BULLET TOWING,8400 RESEARCH BLVD,N,,,,,,,,,,,,,,,,,,,,,,0,,,,,,,,,,5,1,0,0,0,2,0,0,0,,,,,,,,
16911506,1,1,N,N,43,1HGCG16542A080483,2002,9,44,236,104,N,78749,1,2,2,5,12,,,,N,,,N,,,,,,,,,,,,,,,,,,,,,,0,,,,,,,,,,5,1,0,0,0,1,0,0,0,,,,,,,,
16911509,1,1,N,N,43,4T1B11HK7JU013206,2018,,91,380,104,N,77079,1,2,2,1,12,,,,N,,,N,,,,,,,,,,,,,,,,,,,,,,44,,,,,,,,,,3,1,0,0,0,1,0,0,0,,,,,,,,
16911509,2,1,N,N,43,1HGCR2F30EA211735,2014,17,44,236,104,N,78681,1,2,5,1,6,,,,N,,,N,,,,,,,,,,,,,,,,,,,,,,0,,,,,,,,,,3,1,0,0,1,0,0,1,0,,,,,,,,
16911513,1,1,N,N,43,1FMCU0D74CKA59579,2012,21,37,711,104,N,78724,1,2,2,1,6,,,,N,AUS-TEX AUTO ENTERPRISES LLC,8711 JOHNNY MORRIS RD,N,,,,,,,,,,,,,,,,,,,,,,0,,,,,,,,,,1,1,0,0,0,1,0,0,0,,,,,,,,
16911513,2,1,N,N,43,1GCCS148168131882,2006,21,107,979,30,N,78759,1,2,2,1,6,,,,N,EZ AUTO AND TOWING SERVICE,"10712 N LAMAR BLVD, SUITE C",N,,,,,,,,,,,,,,,,,,,,,,0,,,,,,,,,,1,1,0,0,0,1,0,0,0,,,,,,,,
16911513,3,1,N,N,43,3GCPCREC2JG354340,2018,2,107,658,30,N,78745,1,2,6,2,6,,,,N,,,N,,,,,,,,,,,,,,,,,,,,,,0,,,,,,,,,,1,2,0,0,0,1,0,0,0,,,,,,,,
16911515,1,1,N,N,43,5YFBURHE6EP149897,2014,3,91,173,104,N,78723,1,2,12,2,5,,,,N,DRIVEN FROM SCENE,DRIVEN FROM SCEN,N,,,,,,,,,,,,,,,,,,,,,,65,,,,,,,,,,1,1,0,0,0,1,0,0,0,,,,,,,,
16911515,2,1,N,N,43,2T1BR12E72C556599,2002,17,91,173,104,N,78724,1,2,11,3,9,,,,Y,MR EAST TOWING,MR EAST TOWING,N,,,,,,,,,,,,,,,,,,,,,,0,,,,,,,,,,1,1,0,0,0,1,0,0,0,,,,,,,,
16911751,1,1,N,N,43,1C4BJWDG3EL100745,2014,2,429,3662,104,N,78727,1,2,3,3,12,,,,Y,620 LAKESIDE TOWING,620 LAKESIDE TOWING,N,,,,,,,,,,,,,,,,,,,,,,45,,,,,,,,,,5,1,0,0,0,1,0,0,0,,,,,,,,
16911751,2,1,N,N,43,WDBJF82J91X056212,2001,8,65,674,104,N,76248,1,2,8,5,6,,,,N,620 LAKESIDE TOWING,620 LAKESIDE TOWING,N,,,,,,,,,,,,,,,,,,,,,,0,,,,,,,,,,5,1,0,0,0,1,0,0,0,,,,,,,,
16912098,1,1,N,N,43,1G8AL58F67Z169912,2007,2,81,746,104,N,78653,1,1,16,5,3,4,2,1,N,A & E,"100 RODRIGUEZ ST, STE B BUDA, TX",N,,,,,,,,,,,,,,,,,,,,,,44,22,,,,,,,,,5,1,0,0,1,0,0,1,0,,,,,,,,
16912098,2,1,N,Y,113,UNK,,99,208,763,87,N,UNK,2,,,,,,,,N,,,Y,Y,N,N,,4,UNK,7,0,0,N,,,,,12,98,,,,,,0,,,,,,,,,,5,1,0,0,0,0,1,0,0,N,0,,,,,N,
16912098,3,6,,,,,,,,,,,UNK,,,,,,,,,,,,,,,,,,,,,,,,,,,,,,,,,,0,,,,,,,,,,9,2,0,0,0,0,0,0,0,,,0,0,1,N,,
16912326,1,1,N,N,43,1J8HR58208C189635,2008,2,429,1116,69,N,78665,1,2,2,4,12,,,,N,BULLDOG TOWING,1101 S INDUSTRIAL BLVD ROUND ROCK 78681,N,,,,,,,,,,,,,,,,,,,,,,22,,,,,,,,,,2,1,0,0,0,1,0,0,0,,,,,,,,
16912326,2,1,N,N,43,JN8AZ1MU1CW114012,2012,21,71,777,69,N,76310,1,1,6,2,6,,,,N,TRITON TOWING,653 W FRONT ST HUTTO 78634,N,,,,,,,,,,,,,,,,,,,,,,0,,,,,,,,,,2,1,0,0,0,2,0,0,0,,,,,,,,
16912363,1,1,N,N,43,1C3BC4FB3BN595338,2011,3,21,2258,104,N,78754,1,2,12,3,3,,,,N,,,N,,,,,,,,,,,,,,,,,,,,,,0,,,,,,,,,,2,1,0,0,0,1,0,0,0,,,,,,,,
16912363,2,1,N,N,43,2FMPK3J92JBB94906,2018,11,37,1035,69,N,78653,1,2,13,3,3,11,3,11,N,,,N,,,,,,,,,,,,,,,,,,,,,,4,74,,,,,,,,,2,1,0,0,0,2,0,0,0,,,,,,,,
16913015,1,1,N,N,43,JHLRE385X8C021722,2008,3,44,605,104,N,78729,1,2,1,0,12,,,,N,,,N,,,,,,,,,,,,,,,,,,,,,,20,,,,,,,,,,6,1,0,0,0,1,0,0,0,,,,,,,,
16913015,2,1,N,N,43,1FM5K8AR6GGC91791,2016,2,37,554,104,N,78723,1,2,5,1,6,,,,N,,,N,,,,,,,,,,,,,,,,,,,,,,0,,,,,,,,,,6,1,0,1,0,0,0,1,0,,,,,,,,
16913582,1,1,N,N,43,5YFBURHE8KP913437,2019,16,91,173,104,N,78216,1,2,2,6,12,,,,N,AVILES & GABES WRECKER SERVICE INC.,AVILES & GABES WRECKER SERVICE INC.,N,,,,,,,,,,,,,,,,,,,,,,0,,,,,,,,,,5,1,1,1,0,0,0,2,0,,,,,,,,
16913582,2,1,N,N,43,JTMBFREV1FJ017439,2015,9,91,581,104,N,78722,1,2,2,5,12,6,5,6,N,ARMADA TOWING,ARMADA TOWING,N,,,,,,,,,,,,,,,,,,,,,,0,,,,,,,,,,5,1,0,0,0,2,0,0,0,,,,,,,,
16913582,3,1,N,N,43,1FTZX1764WKA37827,1998,21,37,2324,30,N,78758,2,,6,3,6,,,,N,,,N,,,,,,,,,,,,,,,,,,,,,,0,,,,,,,,,,5,2,0,0,0,3,0,0,0,,,,,,,,
16913624,1,1,N,N,43,JN8AS5MV6BW268220,2011,3,71,1310,104,N,75219,1,1,1,5,12,,,,N,EZ AUTO AND TOWING SERVICE,EZ AUTO AND TOWING SERVICE,N,,,,,,,,,,,,,,,,,,,,,,15,,,,,,,,,,5,1,0,0,0,1,0,0,0,,,,,,,,
16913624,2,1,N,N,43,1FTYR10D02TA59116,2002,18,37,357,30,N,77025,1,1,10,4,3,,,,N,STARS TOWING,STARS TOWING,N,,,,,,,,,,,,,,,,,,,,,,0,,,,,,,,,,3,1,0,0,0,1,0,0,0,,,,,,,,
16913625,1,1,N,N,43,4T1BE32K34U875366,2004,17,91,380,104,N,78602,1,1,4,4,11,,,,N,STARS TOWING,STARS TOWING,N,,,,,,,,,,,,,,,,,,,,,,0,,,,,,,,,,7,1,0,0,0,4,0,0,0,,,,,,,,
16913625,2,1,N,N,43,JM3KE2DE9D0147491,2013,3,63,2471,104,N,78621,1,1,4,4,11,,,,N,AVILES & GABES WRECKER SERVICE INC.,AVILES & GABES WRECKER SERVICE INC.,N,,,,,,,,,,,,,,,,,,,,,,0,,,,,,,,,,7,1,0,0,0,1,0,0,0,,,,,,,,
16913626,1,1,N,N,43,1G1JB5SH7H4123080,2017,17,107,2243,104,N,78725,1,2,2,1,12,,,,N,,,N,,,,,,,,,,,,,,,,,,,,,,20,15,,,,,,,,,7,1,0,0,0,2,0,0,0,,,,,,,,
16913626,2,1,N,N,43,3G7DA03E24S507369,2004,16,118,2512,104,N,78753,2,,15,1,9,,,,N,EZ AUTO AND TOWING SERVICE,EZ AUTO AND TOWING SERVICE,N,,,,,,,,,,,,,,,,,,,,,,0,,,,,,,,,,5,1,0,0,0,3,0,0,0,,,,,,,,
16913627,1,1,N,N,43,1G2ZH528854140124,2005,13,118,1104,104,N,78653,1,2,16,4,3,2,3,12,Y,AVILES & GABES WRECKER SERVICE INC.,AVILES & GABES WRECKER SERVICE INC.,N,,,,,,,,,,,,,,,,,,,,,,15,,,,,,,,,,7,1,0,1,0,0,0,1,0,,,,,,,,
16913627,2,1,N,N,43,7FARW1H81JE047101,2018,9,44,605,69,N,78746,1,2,2,3,12,,,,Y,AVILES & GABES WRECKER SERVICE INC.,AVILES & GABES WRECKER SERVICE INC.,N,,,,,,,,,,,,,,,,,,,,,,0,,,,,,,,,,5,1,0,0,0,1,0,0,0,,,,,,,,
16913627,3,1,N,N,43,5TBRT34142S268576,2002,11,91,687,30,N,78733,1,2,11,4,7,,,,Y,EZ AUTO AND TOWING SERVICE,EZ AUTO AND TOWING SERVICE,N,,,,,,,,,,,,,,,,,,,,,,0,,,,,,,,,,3,2,0,0,0,1,0,0,0,,,,,,,,
16913628,1,1,N,Y,43,3GCPCREC7EG405448,2014,17,107,2202,30,N,78747,1,2,15,3,7,,,,N,,,N,,,,,,,,,,,,,,,,,,,,,,34,,,,,,,,,,7,2,0,0,0,1,0,0,0,,,,,,,,
16913628,2,1,N,N,43,1D7RB1CP4BS567583,2011,16,710,4100,30,N,78666,1,2,4,5,10,12,3,4,N,SPECIAL AUTOMOTIVE SERVICE INC,SPECIAL AUTOMOTIVE SERVICE INC,N,,,,,,,,,,,,,,,,,,,,,,,,,41,,,,,,,1,1,0,1,0,0,0,1,0,,,,,,,,
16913629,1,1,N,N,43,1FMCU0HD7JUA63742,2018,11,37,711,69,N,78729,1,1,16,7,3,,,,N,ROCHAS TOWING SERVICE,,N,,,,,,,,,,,,,,,,,,,,,,29,,,,,,,,,,7,1,0,0,0,1,0,0,0,,,,,,,,
16913629,2,1,N,N,43,1GNEC16Z76J134376,2006,2,107,2203,69,N,75093,1,1,2,6,12,,,,N,EZ AUTO AND TOWING SERVICE,,N,,,,,,,,,,,,,,,,,,,,,,0,,,,,,,,,,5,1,0,0,1,0,0,1,0,,,,,,,,
16913629,3,1,N,N,32,JN8AT2MV9HW273609,2017,21,71,1310,69,N,11224,2,,2,4,12,,,,N,ROCHAS TOWING SERVICE,,N,,,,,,,,,,,,,,,,,,,,,,0,,,,,,,,,,3,2,0,0,0,4,0,0,0,,,,,,,,
16913629,4,1,N,N,43,1FT7W2BT8HED91428,2017,21,37,2325,30,N,78735,1,1,16,3,3,,,,N,DRIVEN AWAY BY OWNER,,N,,,,,,,,,,,,,,,,,,,,,,0,,,,,,,,,,5,2,0,0,0,1,0,0,0,,,,,,,,
16913630,1,1,N,N,43,JN1BJ1CP0JW184944,2018,2,71,1310,92,N,78754,1,2,2,3,12,,,,Y,969 TOWING,969 TOWING,N,,,,,,,,,,,,,,,,,,,,,,67,19,20,,,,,,,,1,1,0,0,1,0,0,1,0,,,,,,,,
16913630,2,1,N,N,43,1FTFW1CF7DKF52877,2013,3,37,2324,92,N,78753,1,2,6,1,6,,,,N,,,N,,,,,,,,,,,,,,,,,,,,,,0,,,,,,,,,,1,1,0,0,0,1,0,0,0,,,,,,,,
16913631,1,1,N,N,43,1N6AA1EJXHN538466,2017,5,71,1397,30,N,78666,1,2,8,2,6,,,,Y,EZ AUTO AND TOWING SERVICE,EZ AUTO AND TOWING SERVICE,N,,,,,,,,,,,,,,,,,,,,,,68,,,,,,,,,,2,1,0,0,1,0,0,1,0,,,,,,,,
16913631,2,1,N,N,43,2HKRM3H70EH514746,2014,9,44,605,69,N,78634,1,2,3,3,12,,,,Y,AVILES & GABES WRECKER SERVICE INC.,AVILES & GABES WRECKER SERVICE INC.,N,,,,,,,,,,,,,,,,,,,,,,0,,,,,,,,,,2,1,0,0,0,1,0,0,0,,,,,,,,
16913632,1,1,N,N,43,1GNEC13Z52R168493,2002,18,107,547,69,N,78723,1,2,,,,,,,N,,,N,,,,,,,,,,,,,,,,,,,,,,22,,,20,,,,,,,3,1,0,0,0,0,1,0,0,,,,,,,,
16913632,2,1,N,N,43,1G1ZD5EU2CF255926,2012,21,107,56,104,N,78744,2,,6,3,6,,,,Y,MR EAST TOWING,MR EAST TOWING,N,,,,,,,,,,,,,,,,,,,,,,0,,,,,,,,,,3,1,0,0,2,1,0,2,0,,,,,,,,
16913633,1,1,N,Y,43,,2014,21,65,,0,N,,2,,,,,,,,N,,,N,,,,,,,,,,,,,,,,,,,,,,,,,67,,,,,,,11,1,0,0,0,0,1,0,0,,,,,,,,
16913633,2,1,Y,N,43,,2018,21,47,2394,0,N,78758,1,1,7,1,7,,,,N,,,N,,,,,,,,,,,,,,,,,,,,,,0,,,,,,,,,,11,1,0,0,0,0,0,0,0,,,,,,,,
16913634,1,1,N,Y,43,3N1CN7AP2EL834061,2014,21,71,1452,104,N,78744,1,2,3,3,12,,,,,SOUTHSIDE WRECKER INC,8200 S. CONGRESS AVE,N,,,,,,,,,,,,,,,,,,,,,,0,,,,,,,,,,6,1,0,0,0,0,0,0,0,,,,,,,,
16913635,1,1,N,N,43,2G1WF52E139367622,2003,21,107,53,104,N,78102,1,1,2,3,10,,,,N,AUS-TEX AUTO ENTERPRISES LLC,AUS-TEX AUTO ENTERPRISES LLC,N,,,,,,,,,,,,,,,,,,,,,,15,,,,,,,,,,5,1,0,0,0,1,0,0,0,,,,,,,,
16913635,2,1,N,N,43,JNRAS08U46X104545,2006,9,47,1099,104,N,78753,1,1,4,4,2,,,,N,AVILES & GABES WRECKER SERVICE INC.,AVILES & GABES WRECKER SERVICE INC.,N,,,,,,,,,,,,,,,,,,,,,,0,,,,,,,,,,7,1,1,0,0,0,0,1,0,,,,,,,,
16913636,1,1,N,N,43,1FMCU03Z18KA33113,2008,17,37,711,104,N,78681,1,2,1,3,12,,,,N,AVILES & GABES WRECKER SERVICE INC.,AVILES & GABES WRECKER SERVICE INC.,N,,,,,,,,,,,,,,,,,,,,,,44,,,,,,,,,,3,1,0,0,0,1,0,0,0,,,,,,,,
16913636,2,1,N,N,43,5FNYF5H54GB006846,2016,2,44,761,104,N,78681,1,2,5,1,6,1,1,12,,,,N,,,,,,,,,,,,,,,,,,,,,,0,,,,,,,,,,3,1,0,0,0,1,0,0,0,,,,,,,,
16913636,3,1,N,N,43,1GCRCREA8BZ308035,2011,21,107,2236,30,N,78753,1,2,5,2,6,,,,N,,,N,,,,,,,,,,,,,,,,,,,,,,0,,,,,,,,,,3,2,0,0,0,1,0,0,0,,,,,,,,
16913637,1,1,N,N,43,WDBTK65JX5F136862,2005,9,65,673,100,N,78681,1,2,2,4,12,,,,N,AVILES & GABES WRECKER SERVICE INC.,AVILES & GABES WRECKER SERVICE INC.,N,,,,,,,,,,,,,,,,,,,,,,44,22,,,,,,,,,5,1,0,0,1,0,0,1,0,,,,,,,,
16913637,2,1,N,N,43,WBA3A5G5XFNS83640,2015,9,14,652,104,N,78613,1,2,6,3,,2,3,12,N,STARS TOWING,STARS TOWING,N,,,,,,,,,,,,,,,,,,,,,,0,,,,,,,,,,5,1,0,0,1,0,0,1,0,,,,,,,,
16913637,3,1,N,N,43,1D7HA182X8S546628,2008,16,109,2275,30,N,78728,1,2,6,1,6,,,,N,,,N,,,,,,,,,,,,,,,,,,,,,,0,,,,,,,,,,5,2,0,0,1,0,0,1,0,,,,,,,,
16913638,1,1,N,N,43,JN8AS5MT4DW505899,2013,21,71,1310,104,N,78749,1,2,4,5,12,,,,Y,EZ AUTO AND TOWING SERVICE,EZ AUTO AND TOWING SERVICE,N,,,,,,,,,,,,,,,,,,,,,,15,,,,,,,,,,4,1,0,0,1,0,0,1,0,,,,,,,,
16913638,2,1,N,N,43,3VWLX7AJ8CM409581,2012,21,96,316,69,N,76708,1,2,,,,,,,N,A-TEX TOWING,A-TEX TOWING,N,,,,,,,,,,,,,,,,,,,,,,0,,,,,,,,,,6,1,0,0,1,0,0,1,0,,,,,,,,
16913639,1,1,N,N,43,1C4RDHDG5DC508860,2013,2,109,635,69,N,78739,1,1,4,5,1,15,4,9,N,ATX-VIP TOWING SERVICES,ATX-VIP TOWING SERVICES,N,,,,,,,,,,,,,,,,,,,,,,0,,,,,,,,,,3,1,0,0,0,1,0,0,0,,,,,,,,
16913639,2,1,Y,N,43,YV140MAK2G1197258,2016,17,98,688,104,N,78739,1,1,7,5,5,,,,N,BULLET TOWING,BULLET TOWING,N,,,,,,,,,,,,,,,,,,,,,,0,,,,,,,,,,3,1,0,0,0,1,0,0,0,,,,,,,,
16913640,1,1,N,N,43,3GNEC12J47G119031,2007,,107,730,30,N,78753,1,1,3,3,,,,,N,STARS TOWING,STARS TOWING,N,,,,,,,,,,,,,,,,,,,,,,34,,,,,,,,,,1,1,0,0,0,1,0,0,0,,,,,,,,
16913640,2,1,N,N,43,JTDKN3DUXD1620332,2013,,91,702,104,N,78731,1,1,4,3,12,,,,N,AVILES & GABES WRECKER SERVICE INC.,AVILES & GABES WRECKER SERVICE INC.,N,,,,,,,,,,,,,,,,,,,,,,0,,,,,,,,,,3,1,0,0,0,1,0,0,0,,,,,,,,
16913641,1,1,N,N,43,1G1PD5SH6C7268901,2012,17,107,2209,104,N,78704,1,2,2,4,12,18,4,3,N,EZ AUTO AND TOWING SERVICE,EZ AUTO AND TOWING SERVICE,N,,,,,,,,,,,,,,,,,,,,,,40,,,,,,,,,,5,1,0,0,0,1,0,0,0,,,,,,,,
16913642,1,1,N,N,43,2C3CDZAT0FH712094,2015,16,109,73,100,N,78726,1,2,2,5,12,,,,N,ROCHAS TOWING SERVICE,ROCHAS TOWING SERVICE,N,,,,,,,,,,,,,,,,,,,,,,,,,16,,,,,,,4,1,0,0,0,1,0,0,0,,,,,,,,
16913642,2,1,N,N,43,2FMDK52C39BA35994,2009,21,37,1088,104,N,78739,1,2,2,5,12,,,,N,EZ AUTO AND TOWING SERVICE,EZ AUTO AND TOWING SERVICE,N,,,,,,,,,,,,,,,,,,,,,,,,,16,,,,,,,7,1,0,1,0,0,0,1,0,,,,,,,,
16913643,1,1,N,N,43,1HD1YAJ11JC070101,2018,2,42,3094,71,N,78644,1,1,2,3,12,,,,N,SPECIAL AUTOMOTIVE SERVICE INC,SPECIAL AUTOMOTIVE SERVICE INC,N,,,,,,,,,,,,,,,,,,,,,,,,,44,,,,,,,1,1,0,0,0,1,0,0,0,,,,,,,,
16913643,2,1,N,N,43,5N1AT2MV0EC761335,2014,16,71,1310,69,N,78744,1,1,5,1,6,,,,N,REMOVED BY DRIVER,REMOVED BY DRIVER,N,,,,,,,,,,,,,,,,,,,,,,0,,,,,,,,,,1,1,0,0,0,1,0,0,0,,,,,,,,
16913644,1,1,N,N,43,1NXBU4EE7AZ223134,2010,16,91,173,104,N,78232,1,2,4,3,2,,,,N,SPECIAL AUTOMOTIVE SERVICE INC,SPECIAL AUTOMOTIVE SERVICE INC,N,,,,,,,,,,,,,,,,,,,,,,15,,,,,,,,,,3,1,0,0,0,1,0,0,0,,,,,,,,
16913644,2,1,N,N,43,JHLRE483X8C044986,2008,21,44,605,69,N,78717,1,2,11,2,9,9,1,9,N,A-TEX TOWING,5526 1/2 W HWY 290,N,,,,,,,,,,,,,,,,,,,,,,0,,,,,,,,,,1,1,0,0,0,1,0,0,0,,,,,,,,
16913644,3,4,,,,,,,,,,,,,,,,,,,,,,,,,,,,,,,,,,,,,,,,,,,,,0,,,,,,,,,,9,2,0,0,1,0,0,1,0,,,,,,,,
16913645,1,1,N,N,43,2C3KA63H86H341567,2006,10,21,65,104,N,78723,1,1,2,0,12,,,,N,,,N,,,,,,,,,,,,,,,,,,,,,,0,,,,,,,,,,7,1,0,0,0,1,0,0,0,,,,,,,,
16913645,2,4,,,,,,,,,,,,,,,,,,,,,,,,,,,,,,,,,,,,,,,,,,,,,0,,,,,,,,,,9,1,0,0,1,0,0,1,0,,,,,,,,
16913646,1,1,N,N,43,KMHDU46D28U453379,2008,17,45,480,104,N,78728,2,,2,4,12,,,,N,BULLET TOWING,BULLET TOWING,N,,,,,,,,,,,,,,,,,,,,,,4,,,,,,,,,,1,1,0,0,0,1,0,0,0,,,,,,,,
16913646,2,1,N,N,43,3GYFNBE38FS523756,2015,2,106,1373,69,N,78641,1,2,12,3,2,,,,N,620 LAKESIDE TOWING,620 LAKESIDE TOWING,N,,,,,,,,,,,,,,,,,,,,,,0,,,,,,,,,,1,1,0,0,0,1,0,0,0,,,,,,,,
16913646,3,1,N,N,43,2G1WG5E3XC1209303,2012,17,107,53,104,N,77521,1,2,11,1,10,,,,N,,,N,,,,,,,,,,,,,,,,,,,,,,0,,,,,,,,,,1,2,0,0,0,1,0,0,0,,,,,,,,
16913647,1,1,N,N,43,1FMCU22X2MUD17103,1991,16,37,554,69,N,78727,1,2,1,1,12,,,,Y,620 LAKESIDE TOWING,620 LAKESIDE TOWING,N,,,,,,,,,,,,,,,,,,,,,,67,64,,,,,,,,,8,1,0,0,0,1,0,0,0,,,,,,,,
16913647,2,1,N,N,43,1FTRE14W65HA58944,,21,37,600,103,N,78724,1,2,1,1,12,,,,N,,,N,,,,,,,,,,,,,,,,,,,,,,0,,,,,,,,,,6,1,0,0,0,1,0,0,0,,,,,,,,
16913668,1,1,N,N,43,W04GT5GC1B1064395,2011,2,105,28,104,N,78660,1,2,2,2,12,,,,N,,,N,,,,,,,,,,,,,,,,,,,,,,22,,,,,,,,,,1,1,0,0,0,1,0,0,0,,,,,,,,
16913668,2,1,N,N,43,5UMBT93587LY53360,2007,2,14,756,100,N,78613,1,2,6,2,6,,,,N,,,N,,,,,,,,,,,,,,,,,,,,,,0,,,,,,,,,,1,1,0,0,0,1,0,0,0,,,,,,,,
16913671,1,1,N,N,43,1FTSW21R59EA48951,2009,2,37,2325,30,N,78757,1,2,3,3,12,4,3,12,Y,SOUTHSIDE WRECKER INC,IMPOUND,N,,,,,,,,,,,,,,,,,,,,,,68,67,,,,,,,,,5,1,0,0,0,1,0,0,0,,,,,,,,
16913671,2,1,N,N,43,4T1B11HK3KU216126,2019,2,91,380,104,N,33624,1,2,8,4,6,,,,Y,ROCHAS TOWING SERVICE,ROCHAS TOWING SERVICE,N,,,,,,,,,,,,,,,,,,,,,,0,,,,,,,,,,5,1,0,0,0,1,0,0,0,,,,,,,,
16913671,3,1,N,N,43,5TDYK3DC8BS033945,2011,17,91,648,103,N,78155,1,2,10,3,5,,,,Y,ROCHAS TOWING SERVICE,ROCHAS TOWING SERVICE,N,,,,,,,,,,,,,,,,,,,,,,0,,,,,,,,,,5,2,0,0,0,2,0,0,0,,,,,,,,
16913671,4,1,N,N,43,1FUJGLD54FLGE2162,2015,21,38,2997,87,N,78582,1,2,,,,,,,N,,,Y,Y,N,N,5,2,,9,1,0,N,,,,,3,13,,,,,,0,,,,,,,,,,5,2,0,0,0,1,0,0,0,N,0,,,,,N,
16913671,5,6,,,,,,,,,,,78582,,,,,,,,,,,,,,,,,,,,,,,,,,,,,,,,,,0,,,,,,,,,,9,2,0,0,0,0,0,0,0,,,1,0,1,N,,
16913672,1,1,N,N,43,1J4GA69168L614517,2008,2,429,1464,104,N,,1,2,6,2,6,,,,N,DRIVEABLE,DRIVEABLE,N,,,,,,,,,,,,,,,,,,,,,,34,4,,20,,,,,,,11,1,0,0,0,1,0,0,0,,,,,,,,
16913672,2,1,N,N,43,1FTEW1E5XJKE39601,2018,9,37,2324,104,N,,1,2,2,5,12,,,,N,620 LAKESIDE TOWING,620 LAKESIDE TOWING,N,,,,,,,,,,,,,,,,,,,,,,,,,20,,,,,,,11,1,0,0,0,1,0,0,0,,,,,,,,
16913673,1,1,N,N,43,1FAFP42XXYF288342,2000,2,37,96,104,N,78653,1,2,2,4,12,,,,N,SPECIAL AUTOMOTIVE SERVICE INC,SPECIAL AUTOMOTIVE SERVICE INC,N,,,,,,,,,,,,,,,,,,,,,,15,,,,,,,,,,4,1,0,0,0,1,0,0,0,,,,,,,,