Crash_ID,Unit_Nbr,Unit_Desc_ID,Veh_Parked_Fl,Veh_HNR_Fl,Veh_Lic_State_ID,VIN,Veh_Mod_Year,Veh_Color_ID,Veh_Make_ID,Veh_Mod_ID,Veh_Body_Styl_ID,Emer_Respndr_Fl,Ownr_Zip,Fin_Resp_Proof_ID,Fin_Resp_Type_ID,Veh_Dmag_Area_1_ID,Veh_Dmag_Scl_1_ID,Force_Dir_1_ID,Veh_Dmag_Area_2_ID,Veh_Dmag_Scl_2_ID,Force_Dir_2_ID,Veh_Inventoried_Fl,Veh_Transp_Name,Veh_Transp_Dest,Veh_Cmv_Fl,Cmv_Fiveton_Fl,Cmv_Hazmat_Fl,Cmv_Nine_Plus_Pass_Fl,Cmv_Veh_Oper_ID,Cmv_Carrier_ID_Type_ID,Cmv_Carrier_Zip,Cmv_Veh_Type_ID,Cmv_GVWR,Cmv_RGVW,Cmv_Hazmat_Rel_Fl,Hazmat_Cls_1_ID,Hazmat_IDNbr_1_ID,Hazmat_Cls_2_ID,Hazmat_IDNbr_2_ID,Cmv_Cargo_Body_ID,Cmv_Evnt1_ID,Cmv_Evnt2_ID,Cmv_Evnt3_ID,Cmv_Evnt4_ID,Cmv_Tot_Axle,Cmv_Tot_Tire,Contrib_Factr_1_ID,Contrib_Factr_2_ID,Contrib_Factr_3_ID,Contrib_Factr_P1_ID,Contrib_Factr_P2_ID,Veh_Dfct_1_ID,Veh_Dfct_2_ID,Veh_Dfct_3_ID,Veh_Dfct_P1_ID,Veh_Dfct_P2_ID,Veh_Trvl_Dir_ID,First_Harm_Evt_Inv_ID,Sus_Serious_Injry_Cnt,Nonincap_Injry_Cnt,Poss_Injry_Cnt,Non_Injry_Cnt,Unkn_Injry_Cnt,Tot_Injry_Cnt,Death_Cnt,Cmv_Disabling_Damage_Fl,Cmv_Bus_Type_ID,Trlr_GVWR,Trlr_RGVW,Trlr_Type_ID,Trlr_Disabling_Dmag_ID,Cmv_Intermodal_Container_Permit_Fl,CMV_Actual_Gross_Weight
16913673,2,1,N,N,43,1FTYR11E31PB23888,2001,11,37,357,30,N,78644,1,2,15,3,9,,,,N,A-TEX TOWING,ATX-VIP TOWING SERVICES,N,,,,,,,,,,,,,,,,,,,,,,0,,,,,,,,,,2,1,0,0,1,0,0,1,0,,,,,,,,
16913674,1,1,N,N,43,JTHBE1BL1D5016772,2013,17,58,1127,104,N,78729,2,,2,4,12,,,,N,A-TEX TOWING,5526 1/2 W HWY 290,N,,,,,,,,,,,,,,,,,,,,,,44,,,,,,,,,,1,1,0,0,0,1,0,0,0,,,,,,,,
16913674,2,1,N,N,43,KNDJN2A29E7038813,2014,10,55,1357,104,N,78626,1,2,6,3,6,,,,N,ROCHAS TOWING SERVICE,ROCHAS TOWING SERVICE,N,,,,,,,,,,,,,,,,,,,,,,,,,4,,,,,,,1,1,0,0,1,0,0,1,0,,,,,,,,
16913675,1,1,N,Y,43,UNKNOWN,,99,208,763,104,N,,2,,,,,,,,N,LEFT THE SCENE,LEFT THE SCENE,N,,,,,,,,,,,,,,,,,,,,,,22,,,,,,,,,,7,1,0,0,0,0,1,0,0,,,,,,,,
16913675,2,1,N,N,43,1FA6P8CF2F5366550,2015,2,37,96,100,N,78728,1,2,6,1,6,,,,N,DRIVEN AWAY,BY OWNER,N,,,,,,,,,,,,,,,,,,,,,,0,,,,,,,,,,7,1,0,0,1,0,0,1,0,,,,,,,,
16913676,1,1,N,N,43,1FAFP34N85W159792,2005,1,37,101,104,N,78660,1,1,2,4,11,,,,,,,N,,,,,,,,,,,,,,,,,,,,,,0,,,,,,,,,,5,1,0,0,0,1,0,0,0,,,,,,,,
16913676,2,1,N,N,43,JTHBH96S365013883,2006,1,58,429,104,N,78702,1,1,4,2,2,,,,,,,N,,,,,,,,,,,,,,,,,,,,,,0,,,,,,,,,,5,1,0,0,0,1,0,0,0,,,,,,,,
16913677,1,1,N,N,43,5J8TB3H36JL014607,2018,9,1,1301,104,N,,1,1,10,4,3,,,,N,FINGER TOWING SERVICE,FINGER TOWING SERVICE,N,,,,,,,,,,,,,,,,,,,,,,,,,16,,,,,,,8,1,0,0,0,1,0,0,0,,,,,,,,
16913677,2,1,N,N,43,3GNEC12037G241547,2007,13,107,730,30,N,35401,1,1,2,3,12,,,,N,STARS TOWING,STARS TOWING,N,,,,,,,,,,,,,,,,,,,,,,0,,,,,,,,,,6,1,0,0,0,1,0,0,0,,,,,,,,
16913678,1,1,N,N,43,1FMCU0GX3FUA28702,2015,21,37,711,104,N,78758,2,,2,5,12,,,,Y,FINGER TOWING SERVICE,FINGER TOWING SERVICE,N,,,,,,,,,,,,,,,,,,,,,,45,,,,,,,,,,4,1,0,0,0,1,0,0,0,,,,,,,,
16913678,2,1,N,N,43,1HGCM56886A096427,2006,17,44,236,104,N,78681,1,1,10,6,,,,,Y,A-TEX TOWING,5526 1/2 W HWY 290,N,,,,,,,,,,,,,,,,,,,,,,0,,,,,,,,,,6,1,0,0,0,2,0,0,0,,,,,,,,
16913679,1,1,N,N,43,3VWJX7AT5DM665798,2013,17,96,181,100,N,78759,1,1,2,3,12,,,,Y,,,N,,,,,,,,,,,,,,,,,,,,,,20,,,,,,,,,,1,1,0,0,0,1,0,0,0,,,,,,,,
16913679,2,1,N,N,43,1N4AL3AP8DN529445,2013,2,71,500,104,N,78759,1,1,15,6,9,,,,Y,,,N,,,,,,,,,,,,,,,,,,,,,,0,,,,,,,,,,7,1,0,0,0,2,0,0,0,,,,,,,,
16913680,1,1,N,N,43,1NXBR32E76Z650028,2006,17,91,173,104,N,78721,1,7,,,,,,,,NA,MA,N,,,,,,,,,,,,,,,,,,,,,,0,,,,,,,,,,3,1,0,0,0,1,0,0,0,,,,,,,,
16913680,2,1,N,N,43,,2019,10,207,9998,104,N,78701,1,7,,,,,,,,NA,NA,N,,,,,,,,,,,,,,,,,,,,,,35,,,,,,,,,,1,1,1,0,0,0,0,1,0,,,,,,,,
16913681,1,1,N,N,43,JTDKARFPXJ3083855,2018,16,91,702,104,N,78653,1,2,7,4,6,3,3,10,Y,PRONTO WRECKER SERVICE NORTH,PRONTO WRECKER SERVICE NORTH,N,,,,,,,,,,,,,,,,,,,,,,35,,,,,,,,,,2,1,0,0,1,0,0,1,0,,,,,,,,
16913681,2,1,N,N,43,1FTEW1EF8FFA75333,2015,21,37,2324,30,N,78613,3,2,4,2,12,,,,N,OWNER,OWNER,N,,,,,,,,,,,,,,,,,,,,,,0,,,,,,,,,,2,1,0,0,0,2,0,0,0,,,,,,,,
16913681,3,1,N,N,43,3GTP1NEC3JG193513,2018,16,39,2356,30,N,78041,1,2,13,1,10,,,,N,OWNER,OWNER,N,,,,,,,,,,,,,,,,,,,,,,0,,,,,,,,,,6,2,0,0,0,1,0,0,0,,,,,,,,
16913682,1,1,N,N,43,1HGCM56306A181783,2006,3,44,236,104,N,78664,1,2,15,4,9,,,,N,AVILES & GABES WRECKER SERVICE INC.,AVILES & GABES WRECKER SERVICE INC.,N,,,,,,,,,,,,,,,,,,,,,,34,,,,,,,,,,7,1,0,0,1,0,0,1,0,,,,,,,,
16913682,2,1,N,N,43,3KPFK4A72JE209403,2018,21,55,1093,104,N,78660,1,2,2,3,12,,,,N,620 LAKESIDE TOWING,620 LAKESIDE TOWING,N,,,,,,,,,,,,,,,,,,,,,,0,,,,,,,,,,1,1,0,1,0,0,0,1,0,,,,,,,,
16913683,1,1,N,N,43,1G11C5SA5GU115672,2016,2,107,56,104,N,78617,1,2,2,3,12,,,,Y,ROCHAS TOWING SERVICE,ROCHAS TOWING SERVICE,N,,,,,,,,,,,,,,,,,,,,,,41,,,44,,,,,,,7,1,0,0,0,1,0,0,0,,,,,,,,
16913687,1,1,N,Y,,,,,,,0,N,,,,,,,,,,,,,N,,,,,,,,,,,,,,,,,,,,,,74,,,,,,,,,,8,1,0,0,0,0,1,0,0,,,,,,,,
16913687,2,3,,,,,,,,,,,,,,,,,,,,,,,,,,,,,,,,,,,,,,,,,,,,,0,,,,,,,,,,9,1,0,1,0,0,0,1,0,,,,,,,,
16913689,1,1,N,N,43,KL5JD56Z87K658973,2007,3,88,1091,104,N,78705,1,2,12,5,2,,,,N,SOUTHSIDE WRECKER INC,OWNER,N,,,,,,,,,,,,,,,,,,,,,,16,,,,,,,,,,1,1,0,0,0,1,0,0,0,,,,,,,,
16913689,2,1,N,N,43,2C3CDZAG8FH720897,2015,3,109,73,100,N,78735,1,2,2,7,12,,,,N,SPECIAL AUTOMOTIVE SERVICE INC,OWNER,N,,,,,,,,,,,,,,,,,,,,,,0,,,,,,,,,,7,1,0,1,0,0,0,1,0,,,,,,,,
16913690,1,1,N,N,43,KNAFE221X95605461,2009,17,55,717,104,N,78617,1,2,16,2,1,,,,Y,AVILES & GABES WRECKER SERVICE INC.,AVILES & GABES WRECKER SERVICE INC.,N,,,,,,,,,,,,,,,,,,,,,,37,,,,,,,,,,2,1,0,1,0,0,0,1,0,,,,,,,,
16913690,2,1,N,N,43,2G1WC5E34C1168016,2012,21,107,53,104,N,78753,1,2,12,2,1,,,,N,,,N,,,,,,,,,,,,,,,,,,,,,,0,,,,,,,,,,6,1,0,1,0,0,0,1,0,,,,,,,,
16913691,1,1,N,N,43,1D3HB13T09S730492,2009,3,109,2275,30,N,78641,1,2,2,2,12,,,,N,,,N,,,,,,,,,,,,,,,,,,,,,,22,,,44,,,,,,,4,1,0,0,0,1,0,0,0,,,,,,,,
16913691,2,1,N,N,43,1G1PK5SB9E7218594,2014,9,107,2209,104,N,78237,1,7,6,2,6,2,1,12,N,,,N,,,,,,,,,,,,,,,,,,,,,,0,,,,,,,,,,4,1,0,0,0,1,0,0,0,,,,,,,,
16913691,3,1,N,N,43,3GTU2PEJ7JG414038,2018,17,39,3080,30,N,78641,1,2,6,0,6,,,,N,,,N,,,,,,,,,,,,,,,,,,,,,,0,,,,,,,,,,4,2,0,0,0,1,0,0,0,,,,,,,,
16913692,1,1,N,N,43,5FNYF4H2XBB068857,2011,9,44,761,104,N,78745,1,1,16,3,,,,,N,,,N,,,,,,,,,,,,,,,,,,,,,,16,,,,,,,,,,1,1,0,0,0,1,0,0,0,,,,,,,,
16913692,2,1,N,N,43,JTEZU5JR6H5154728,2017,2,91,395,69,N,78660,1,1,2,3,,,,,N,STARS TOWING,STARS TOWING,N,,,,,,,,,,,,,,,,,,,,,,0,,,,,,,,,,7,1,0,0,0,1,0,0,0,,,,,,,,
16913693,1,1,N,N,43,2C4RDGBGXJR180819,2018,9,109,550,103,N,78714,4,,14,1,5,,,,N,,,N,,,,,,,,,,,,,,,,,,,,,,20,,,,,,,,,,8,1,0,0,0,1,0,0,0,,,,,,,,
16913693,2,1,Y,N,43,3N1CE2CP5EL361711,2014,9,71,1452,104,N,78702,1,2,13,1,10,,,,N,,,N,,,,,,,,,,,,,,,,,,,,,,0,,,,,,,,,,4,1,0,0,0,0,0,0,0,,,,,,,,
16913694,1,1,N,N,43,1GBCS10A5N2911611,1992,21,119,1565,92,N,78705,1,7,10,3,3,,,,N,SELF,SELF,N,,,,,,,,,,,,,,,,,,,,,,35,,,,,,,,,,1,1,0,0,0,1,0,0,0,,,,,,,,
16913694,2,1,N,N,43,WBAWB33548P133230,2008,2,14,826,100,N,78634,1,2,1,3,12,,,,N,AVILES & GABES WRECKER SERVICE INC.,AVILES & GABES WRECKER SERVICE INC.,N,,,,,,,,,,,,,,,,,,,,,,0,,,,,,,,,,7,1,0,0,0,1,0,0,0,,,,,,,,
16913695,1,1,N,N,43,JNRAS08W98X210039,2008,17,47,1099,104,N,78705,1,2,4,1,1,,,,N,,,N,,,,,,,,,,,,,,,,,,,,,,35,,,,,,,,,,7,1,0,0,0,1,0,0,0,,,,,,,,
16913695,2,3,,,,,,,,,,,,,,,,,,,,,,,,,,,,,,,,,,,,,,,,,,,,,0,,,,,,,,,,9,1,0,1,0,0,0,1,0,,,,,,,,
16913697,1,1,N,N,43,4F2CZ02719KM06254,2009,17,63,719,69,N,78664,1,1,8,2,6,,,,N,,,N,,,,,,,,,,,,,,,,,,,,,,41,,,,,,,,,,5,1,0,0,0,1,0,0,0,,,,,,,,
16913697,2,1,N,N,43,3N1CB51D16L554975,2006,2,71,341,104,N,78660,1,2,16,4,3,,,,N,STARS TOWING,STARS TOWING,N,,,,,,,,,,,,,,,,,,,,,,41,,,,,,,,,,5,2,0,0,1,0,0,1,0,,,,,,,,
16913697,3,1,N,N,43,3AKJGLDR9HSGP4779,2017,16,38,1524,87,N,46385,1,7,3,4,,,,,N,,,Y,Y,N,N,1,2,84127,9,80000,0,N,,,,,12,13,,,,,,0,,,,,,,,,,5,2,0,0,0,1,0,0,0,N,0,,,,,N,
16913697,4,6,,,,,,,,,,,84127,,,,,,,,,,,,,,,,,,,,,,,,,,,,,,,,,,0,,,,,,,,,,9,2,0,0,0,0,0,0,0,,,68000,0,2,N,,
16913698,1,1,N,N,43,5YFBURHE7GP488090,2016,2,91,173,104,N,78664,1,1,2,4,12,,,,N,,,N,,,,,,,,,,,,,,,,,,,,,,74,,,,,,,,,,6,1,0,1,0,0,0,1,0,,,,,,,,
16913698,2,1,N,N,43,3CZRM3H33DG703244,2013,9,44,107,104,N,78022,1,1,6,2,6,,,,N,,,N,,,,,,,,,,,,,,,,,,,,,,0,,,,,,,,,,6,1,0,0,0,2,0,0,0,,,,,,,,
16913699,1,1,N,N,43,1G1ZD5ST5JF205255,2018,3,107,56,104,N,77450,1,2,11,3,9,,,,,EZ AUTO AND TOWING SERVICE,EZ AUTO AND TOWING SERVICE,N,,,,,,,,,,,,,,,,,,,,,,34,,,,,,,,,,1,1,0,0,1,0,0,1,0,,,,,,,,
16913699,2,1,N,N,43,1FAFP53245A121783,2005,3,37,376,104,N,78101,1,2,4,4,12,2,3,12,,SPECIAL AUTOMOTIVE SERVICE INC,SPECIAL AUTOMOTIVE SERVICE INC,N,,,,,,,,,,,,,,,,,,,,,,0,,,,,,,,,,4,1,0,0,1,0,0,1,0,,,,,,,,
16913700,1,1,N,N,43,5NPEU46F56H137377,2006,21,45,462,104,N,78745,1,2,2,3,12,,,,N,HARPERS TOWING SERVICE INC,HARPERS TOWING SERVICE INC,N,,,,,,,,,,,,,,,,,,,,,,15,,,,,,,,,,7,1,0,0,0,1,0,0,0,,,,,,,,
16913700,2,1,N,N,43,WDBHA29G5XF762614,1999,17,65,838,104,N,78746,2,,16,2,3,,,,N,A-TEX TOWING,5526 1/2 W HWY 290,N,,,,,,,,,,,,,,,,,,,,,,0,,,,,,,,,,1,1,0,0,0,2,0,0,0,,,,,,,,
16913714,1,1,N,N,9,3N1CN7APXDL886892,2013,17,71,1452,104,N,32814,1,2,2,3,12,,,,N,ROCHAS TOWING SERVICE,ROCHAS TOWING SERVICE,N,,,,,,,,,,,,,,,,,,,,,,44,,,,,,,,,,6,1,0,0,1,0,0,1,0,,,,,,,,
16913714,2,1,N,N,43,1C4RJFBG9JC153106,2018,9,429,1116,69,N,78731,1,2,6,1,6,,,,N,,,N,,,,,,,,,,,,,,,,,,,,,,0,,,,,,,,,,6,1,0,0,1,0,0,1,0,,,,,,,,
16913715,1,1,N,N,43,1HGEM22904L046418,2004,3,44,256,104,N,78753,2,,3,3,,,,,Y,ROCHAS TOWING SERVICE,ROCHAS TOWING SERVICE,N,,,,,,,,,,,,,,,,,,,,,,4,,,,,,,,,,7,1,0,0,0,1,0,0,0,,,,,,,,
16913715,2,1,N,N,43,516M3LFD5JH224558,2018,3,10,1504,106,N,78701,1,7,12,1,4,,,,N,,,N,,,,,,,,,,,,,,,,,,,,,,4,,,,,,,,,,7,1,0,0,0,2,0,0,0,,,,,,,,
16913716,1,1,N,N,43,KNAFX4A68F5330428,2015,17,55,1093,104,N,78753,1,2,4,3,,,,,Y,ARMADA TOWING,ARMADA TOWING,N,,,,,,,,,,,,,,,,,,,,,,41,,,,,,,,,,4,1,0,0,0,1,0,0,0,,,,,,,,
16913716,2,1,N,N,43,5XYKU4A68DG324935,2013,17,55,767,69,N,77354,1,2,11,2,,,,,Y,STARS TOWING,STARS TOWING,N,,,,,,,,,,,,,,,,,,,,,,0,,,,,,,,,,2,1,0,0,0,2,0,0,0,,,,,,,,
16913717,1,1,N,N,43,5YFBURHE5EP110685,2014,17,91,173,104,N,78704,1,2,3,1,11,,,,N,NOT TOWED,NOT TOWED,N,,,,,,,,,,,,,,,,,,,,,,,,,37,,,,,,,2,1,0,0,0,3,0,0,0,,,,,,,,
16913717,2,1,N,N,43,WAUEFAFL6EN013564,2014,21,8,2148,104,N,78704,1,2,3,1,11,,,,Y,A-TEX TOWING,ATEX,N,,,,,,,,,,,,,,,,,,,,,,0,,,,,,,,,,4,1,0,0,0,1,0,0,0,,,,,,,,
16913718,1,1,N,N,43,1HGCP2F80ABA11220,2011,3,44,236,104,N,78724,1,1,1,1,12,,,,Y,A-TEX TOWING,OWNERS RESIDENCE/REQUEST,N,,,,,,,,,,,,,,,,,,,,,,0,,,,,,,,,,7,1,0,0,0,3,0,0,0,,,,,,,,
16913718,2,1,N,N,43,KNDJP3A58F7750547,2015,17,55,1357,104,N,78722,1,1,2,3,10,,,,Y,PRONTO WRECKER SERVICE NORTH,PRONTO WRECKER SERVICE NORTH,N,,,,,,,,,,,,,,,,,,,,,,0,,,,,,,,,,1,1,0,0,2,0,0,2,0,,,,,,,,
16913719,1,1,N,N,43,1FADP3E20JL321597,2018,2,37,696,104,N,78211,1,2,2,3,12,,,,N,ROCHAS TOWING SERVICE,ROCHAS TOWING SERVICE,N,,,,,,,,,,,,,,,,,,,,,,0,,,,,,,,6,,1,1,0,2,0,0,0,2,0,,,,,,,,
16913719,2,1,N,N,43,5UXWX5C57BL701161,2011,16,14,1466,69,N,,1,2,6,1,6,,,,N,N/A,N/A,N,,,,,,,,,,,,,,,,,,,,,,0,,,,,,,,,,1,1,0,0,1,0,0,1,0,,,,,,,,
16913723,1,1,N,Y,43,1FMFU17L74LB01931,2004,2,37,601,69,N,,1,2,2,6,12,15,6,12,Y,PRONTO WRECKER SERVICE NORTH,PRONTO WRECKER SERVICE NORTH,N,,,,,,,,,,,,,,,,,,,,,,23,,,67,68,,,,,,1,1,0,0,0,0,1,0,0,,,,,,,,
16913726,1,1,N,N,43,WVWED7AJXCW203781,2012,21,96,519,104,N,78752,1,1,11,4,11,,,,N,A-TEX TOWING,A-TEX TOWING,N,,,,,,,,,,,,,,,,,,,,,,20,,,,,,,,,,1,1,0,1,0,0,0,1,0,,,,,,,,
16913726,2,1,N,N,43,2T3ZFREV7EW102641,2014,2,91,581,104,N,77094,1,1,1,4,12,,,,N,EZ AUTO AND TOWING SERVICE,EZ AUTO AND TOWING SERVICE,N,,,,,,,,,,,,,,,,,,,,,,0,,,,,,,,,,3,1,0,0,0,1,0,0,0,,,,,,,,
16913727,1,1,N,N,43,1N6AD0EV9CC483596,2012,2,71,634,30,N,78759,1,1,1,5,12,,,,Y,620 LAKESIDE TOWING,620 LAKESIDE TOWING,N,,,,,,,,,,,,,,,,,,,,,,74,,,20,,,,,,,5,1,0,0,0,1,0,0,0,,,,,,,,
16913727,2,1,N,N,43,ZDMMACLS8JB001999,2018,2,32,2899,71,N,78730,1,2,26,1,,26,1,,N,A & A WRECKER NORTH,A & A WRECKER NORTH,N,,,,,,,,,,,,,,,,,,,,,,0,,,,,,,,,,5,1,0,0,1,0,0,1,0,,,,,,,,
16913728,1,1,N,Y,43,2G1WF55K439209289,2003,21,107,53,104,N,,1,1,2,3,12,,,,N,SOUTHSIDE WRECKER INC,SOUTHSIDE WRECKER INC,N,,,,,,,,,,,,,,,,,,,,,,0,,,,,,,,,,5,1,0,0,0,0,0,0,0,,,,,,,,
16913728,2,1,N,N,43,1FMCU03178KD91889,2008,17,37,711,104,N,78573,1,1,2,3,12,6,3,6,N,ARMADA TOWING,ARMADA TOWING,N,,,,,,,,,,,,,,,,,,,,,,0,,,,,,,,,,5,1,0,0,0,1,0,0,0,,,,,,,,
16913728,3,1,N,N,43,1C3CCBAG6DN743058,2013,21,21,2258,104,N,78640,1,1,8,2,5,,,,N,,,N,,,,,,,,,,,,,,,,,,,,,,20,,,,,,,,,,5,2,0,0,0,2,0,0,0,,,,,,,,
16913729,1,1,N,N,43,JTDKB20U283428874,2008,9,91,702,104,N,78380,1,1,3,7,11,13,4,9,N,620 LAKESIDE TOWING,620 LAKESIDE TOWING,N,,,,,,,,,,,,,,,,,,,,,,19,20,60,,,,,,,,4,1,0,0,0,1,0,0,0,,,,,,,,
16913730,1,1,N,N,43,5NPEU46F87H173386,2007,8,45,462,104,N,78744,1,1,2,3,12,,,,Y,SPECIAL AUTOMOTIVE SERVICE INC,SPECIAL AUTOMOTIVE SERVICE INC,N,,,,,,,,,,,,,,,,,,,,,,44,,,,,,,,,,5,1,0,0,0,1,0,0,0,,,,,,,,
16913730,2,1,N,N,43,1C3CDFAA6FD150230,2015,2,109,78,104,N,78572,1,1,6,3,6,,,,Y,SPECIAL AUTOMOTIVE SERVICE INC,SPECIAL AUTOMOTIVE SERVICE INC,N,,,,,,,,,,,,,,,,,,,,,,0,,,,,,,,,,5,1,0,0,0,1,0,0,0,,,,,,,,
16913730,3,1,N,N,43,1FAFP42R43F449679,2003,3,37,96,100,N,78744,1,1,8,0,5,,,,N,,,N,,,,,,,,,,,,,,,,,,,,,,0,,,,,,,,,,5,2,0,0,0,1,0,0,0,,,,,,,,
16913731,1,1,N,Y,,,,99,208,763,0,N,,,,,,,,,,,,,N,,,,,,,,,,,,,,,,,,,,,,0,,,,,,,,,,5,1,0,0,0,0,0,0,0,,,,,,,,
16913731,2,4,,,,,,,,,,,,,,,,,,,,,,,,,,,,,,,,,,,,,,,,,,,,,0,,,,,,,,,,9,1,0,0,0,0,0,0,1,,,,,,,,
16913732,1,1,N,N,43,1GNSCKE00DR281617,2013,2,107,547,69,N,78660,1,1,12,4,2,,,,Y,STARS TOWING,15500 CONNIE ST,N,,,,,,,,,,,,,,,,,,,,,,,,,44,,,,,,,1,1,0,0,0,2,0,0,0,,,,,,,,
16913732,2,1,N,N,,,,3,498,1410,47,N,76137,1,1,13,2,8,,,,N,,,N,,,,,,,,,,,,,,,,,,,,,,,,,28,,,,,,,1,1,0,0,0,1,0,0,0,,,,,,,,
16913733,1,1,N,N,43,1FAHP2D85DG136184,2013,3,37,376,104,N,78745,1,1,2,5,12,,,,Y,EZ AUTO AND TOWING SERVICE,EZ AUTO AND TOWING SERVICE,N,,,,,,,,,,,,,,,,,,,,,,45,,,,,,,,,,7,1,0,1,0,0,0,1,0,,,,,,,,
16913734,1,1,N,N,43,1C4NJPBA7HD149706,2017,9,429,1273,69,N,78660,1,1,1,2,12,,,,N,SOUTHSIDE WRECKER INC,8200 S. CONGRESS AVE,N,,,,,,,,,,,,,,,,,,,,,,0,,,,,,,,,,3,1,0,0,0,1,0,0,0,,,,,,,,
16913734,2,4,,,,,,,,,,,,,,,,,,,,,,,,,,,,,,,,,,,,,,,,,,,,,59,,,20,45,,,,,,9,1,0,0,0,0,0,0,1,,,,,,,,
16913735,1,1,N,Y,43,1HGCM72514A025235,2004,17,44,236,104,N,,2,,2,4,12,,,,Y,AUS-TEX AUTO ENTERPRISES LLC,AUS-TEX AUTO ENTERPRISES LLC,N,,,,,,,,,,,,,,,,,,,,,,0,,,,,,,,,,11,1,0,0,0,0,1,0,0,,,,,,,,
16913736,1,1,N,N,43,1FA6P8CF2G5246121,2016,9,37,96,100,N,78744,1,2,2,6,12,,,,Y,SOUTHSIDE WRECKER INC,8200 S. CONGRESS AVE,N,,,,,,,,,,,,,,,,,,,,,,20,22,45,,,,,,,,6,1,0,0,1,1,0,1,0,,,,,,,,
16913737,1,1,N,N,43,19UUA56683A072524,2003,17,1,2608,92,N,78758,1,1,3,2,10,,,,Y,AUS-TEX AUTO ENTERPRISES LLC,5526 1/2 W HWY 290,N,,,,,,,,,,,,,,,,,,,,,,20,19,,68,,,,,,,11,1,0,0,0,1,0,0,0,,,,,,,,
16913737,2,1,Y,N,43,5FNYF186X5B014545,2005,2,44,761,92,N,78753,1,1,3,3,10,,,,N,,,N,,,,,,,,,,,,,,,,,,,,,,0,,,,,,,,,,11,1,0,0,0,1,0,0,0,,,,,,,,
16913738,1,1,N,N,43,1D7HU18N84S711426,2004,3,109,2275,30,N,78664,2,,3,3,12,,,,N,DRIVEN BY OWNER,,N,,,,,,,,,,,,,,,,,,,,,,44,,,,,,,,,,6,1,0,0,0,1,0,0,0,,,,,,,,
16913738,2,1,N,N,43,3MZBM1L7XFM188962,2015,9,63,3917,100,N,78727,1,2,8,5,6,,,,N,STARS TOWING,STARS TOWING,N,,,,,,,,,,,,,,,,,,,,,,0,,,,,,,,,,6,1,0,0,0,1,0,0,0,,,,,,,,
16913739,1,1,N,N,43,JF2SJAACXEH434957,2013,9,45,557,104,N,78739,1,1,2,3,12,,,,Y,A-TEX TOWING,A-TEX TOWING,N,,,,,,,,,,,,,,,,,,,,,,22,,,,,,,,,,3,1,0,0,0,1,0,0,0,,,,,,,,
16913739,2,1,N,N,43,JF2SJAACXEH434957,2014,11,85,646,103,N,78739,1,1,6,2,,,,,N,,,N,,,,,,,,,,,,,,,,,,,,,,0,,,,,,,,,,3,1,0,0,0,1,0,0,0,,,,,,,,
16913740,1,1,N,N,43,SHHFK7H92JU207264,2018,17,44,256,104,N,75013,1,2,12,1,2,,,,N,,,N,,,,,,,,,,,,,,,,,,,,,,37,20,,,,,,,,,7,1,0,0,0,1,0,0,0,,,,,,,,
16913740,2,1,N,N,43,1FMZU65K93UB34569,2003,2,37,554,104,N,78719,1,2,2,2,12,,,,N,ATX-VIP TOWING SERVICES,ATX-VIP TOWING SERVICES,N,,,,,,,,,,,,,,,,,,,,,,0,,,,,,,,,,3,1,0,0,0,2,0,0,0,,,,,,,,
16913741,1,1,N,N,43,WDBHA24G0YA807755,2000,21,65,118,104,N,78704,1,1,3,4,11,,,,N,EZ AUTO AND TOWING SERVICE,EZ AUTO AND TOWING SERVICE,N,,,,,,,,,,,,,,,,,,,,,,22,23,,,,,,,,,1,1,0,0,0,1,0,0,0,,,,,,,,
16913741,2,1,N,N,43,2T1BU4EE9AC382982,2010,9,91,380,104,N,,1,1,3,4,11,,,,N,ROCHAS TOWING SERVICE,ROCHAS TOWING SERVICE,N,,,,,,,,,,,,,,,,,,,,,,0,,,,,,,,,,7,1,0,0,0,2,0,0,0,,,,,,,,
16913742,1,1,N,N,43,1G1ZB5ST8JF252835,2018,3,107,56,104,N,78745,1,1,9,4,4,,,,N,ROCHAS TOWING SERVICE,ROCHAS TOWING SERVICE,N,,,,,,,,,,,,,,,,,,,,,,34,,,,,,,,,,7,1,0,0,0,1,0,0,0,,,,,,,,
16913742,2,1,N,N,43,1B7HC13Y0XJ609868,1999,17,109,82,30,N,78745,1,1,2,2,2,,,,,EZ AUTO AND TOWING SERVICE,EZ AUTO AND TOWING SERVICE,N,,,,,,,,,,,,,,,,,,,,,,0,,,,,,,,,,1,1,0,0,0,1,0,0,0,,,,,,,,
16913743,1,1,N,N,43,KMHCM36C69U126093,2009,21,45,557,100,N,78717,1,2,2,4,12,,,,N,ATX-VIP TOWING SERVICES,ATX-VIP TOWING SERVICES,N,,,,,,,,,,,,,,,,,,,,,,23,,,,,,,,,,2,1,0,1,0,0,0,1,0,,,,,,,,
16913743,2,1,N,N,43,WBY1Z4C53EV273550,2014,9,14,2746,104,N,78703,1,2,2,3,12,,,,N,A-TEX TOWING,A-TEX TOWING,N,,,,,,,,,,,,,,,,,,,,,,0,,,,,,,,,,6,1,0,0,1,0,0,1,0,,,,,,,,
16913745,1,1,N,N,43,JN8AF5MR9DT217306,2013,9,71,2505,104,N,78641,1,2,12,1,1,,,,N,,,N,,,,,,,,,,,,,,,,,,,,,,4,,,,,,,,,,7,1,0,0,0,3,0,0,0,,,,,,,,