Crash_ID,Unit_Nbr,Unit_Desc_ID,Veh_Parked_Fl,Veh_HNR_Fl,Veh_Lic_State_ID,VIN,Veh_Mod_Year,Veh_Color_ID,Veh_Make_ID,Veh_Mod_ID,Veh_Body_Styl_ID,Emer_Respndr_Fl,Ownr_Zip,Fin_Resp_Proof_ID,Fin_Resp_Type_ID,Veh_Dmag_Area_1_ID,Veh_Dmag_Scl_1_ID,Force_Dir_1_ID,Veh_Dmag_Area_2_ID,Veh_Dmag_Scl_2_ID,Force_Dir_2_ID,Veh_Inventoried_Fl,Veh_Transp_Name,Veh_Transp_Dest,Veh_Cmv_Fl,Cmv_Fiveton_Fl,Cmv_Hazmat_Fl,Cmv_Nine_Plus_Pass_Fl,Cmv_Veh_Oper_ID,Cmv_Carrier_ID_Type_ID,Cmv_Carrier_Zip,Cmv_Veh_Type_ID,Cmv_GVWR,Cmv_RGVW,Cmv_Hazmat_Rel_Fl,Hazmat_Cls_1_ID,Hazmat_IDNbr_1_ID,Hazmat_Cls_2_ID,Hazmat_IDNbr_2_ID,Cmv_Cargo_Body_ID,Cmv_Evnt1_ID,Cmv_Evnt2_ID,Cmv_Evnt3_ID,Cmv_Evnt4_ID,Cmv_Tot_Axle,Cmv_Tot_Tire,Contrib_Factr_1_ID,Contrib_Factr_2_ID,Contrib_Factr_3_ID,Contrib_Factr_P1_ID,Contrib_Factr_P2_ID,Veh_Dfct_1_ID,Veh_Dfct_2_ID,Veh_Dfct_3_ID,Veh_Dfct_P1_ID,Veh_Dfct_P2_ID,Veh_Trvl_Dir_ID,First_Harm_Evt_Inv_ID,Sus_Serious_Injry_Cnt,Nonincap_Injry_Cnt,Poss_Injry_Cnt,Non_Injry_Cnt,Unkn_Injry_Cnt,Tot_Injry_Cnt,Death_Cnt,Cmv_Disabling_Damage_Fl,Cmv_Bus_Type_ID,Trlr_GVWR,Trlr_RGVW,Trlr_Type_ID,Trlr_Disabling_Dmag_ID,Cmv_Intermodal_Container_Permit_Fl,CMV_Actual_Gross_Weight
16913745,2,1,N,N,43,19XFA1F95AE064031,2010,9,44,256,104,N,78613,1,2,11,2,10,,,,N,,,N,,,,,,,,,,,,,,,,,,,,,,0,,,,,,,,,,7,1,0,0,0,1,0,0,0,,,,,,,,
16913749,1,1,N,N,43,1N6AA06BX5N510888,2005,9,71,1397,30,N,78752,2,,2,2,,,,,N,,,N,,,,,,,,,,,,,,,,,,,,,,20,23,,,,,,,,,1,1,0,0,0,1,0,0,0,,,,,,,,
16913749,2,1,N,N,43,3VWRM71K88M063910,2008,9,96,316,104,N,78753,1,2,7,3,6,,,,N,,,N,,,,,,,,,,,,,,,,,,,,,,0,,,,,,,,,,5,1,0,0,1,1,0,1,0,,,,,,,,
16913749,3,1,N,N,43,JN1AZ4EH3CM561048,2012,21,71,850,100,N,78617,1,2,2,1,,,,,N,,,N,,,,,,,,,,,,,,,,,,,,,,0,,,,,,,,,,5,2,0,0,0,1,0,0,0,,,,,,,,
16913749,4,1,N,N,43,3LNHL2GC3BR760539,2011,3,113,2452,104,N,78741,2,,3,3,,,,,N,,,N,,,,,,,,,,,,,,,,,,,,,,0,,,,,,,,,,5,2,0,0,2,0,0,2,0,,,,,,,,
16913751,1,1,N,N,43,KNADE163666081941,2006,21,55,1307,104,N,76548,1,2,6,5,6,,,,N,EZ TOWING,EZ TOWING,N,,,,,,,,,,,,,,,,,,,,,,38,,,,,,,,,,5,1,0,0,1,0,0,1,0,,,,,,,,
16913751,2,1,N,N,43,1HGCR3F82FA031580,2015,,44,236,104,N,78602,1,2,2,4,12,,,,N,EZ TOWING,EZ TOWING,N,,,,,,,,,,,,,,,,,,,,,,0,,,,,,,,,,7,1,0,0,0,1,0,0,0,,,,,,,,
16913752,1,1,N,N,43,YV1CY592651139262,2005,9,98,781,69,N,78744,1,1,2,3,12,,,,N,SPECIAL AUTOMOTIVE SERVICE INC,SPECIAL AUTOMOTIVE SERVICE INC,N,,,,,,,,,,,,,,,,,,,,,,,,,20,,,,,,,7,1,0,0,0,1,0,0,0,,,,,,,,
16913752,2,1,N,N,19,WBA3A5106FKW92135,2015,21,14,588,104,N,78745,1,1,6,3,6,,,,N,,,N,,,,,,,,,,,,,,,,,,,,,,0,,,,,,,,,,7,1,0,0,0,1,0,0,0,,,,,,,,
16913753,1,1,N,N,43,KNDJT2A18A7195224,2010,2,55,1357,104,N,79605,1,1,2,6,12,,,,N,SOUTHSIDE WRECKER INC,,N,,,,,,,,,,,,,,,,,,,,,,29,,,20,,,,,,,3,1,0,0,0,2,0,0,0,,,,,,,,
16913753,2,1,N,N,43,4S4BP62CX87327146,2008,5,85,1268,69,N,78744,1,1,7,6,8,13,6,9,N,EZ AUTO AND TOWING SERVICE,,N,,,,,,,,,,,,,,,,,,,,,,0,,,,,,,,,,3,1,0,0,0,1,0,0,0,,,,,,,,
16913754,1,1,N,N,36,1ZVBP8AMXC5205754,2012,11,37,96,100,N,78745,1,2,2,3,12,6,3,6,Y,,,N,,,,,,,,,,,,,,,,,,,,,,47,,,,,,,,,,7,1,0,3,0,0,0,3,0,,,,,,,,
16913755,1,1,N,Y,43,2T2GK31U08C041043,2008,2,58,1318,69,N,78753,1,2,1,1,12,,,,N,,,N,,,,,,,,,,,,,,,,,,,,,,44,,,19,,,,,,,4,1,0,0,0,0,1,0,0,,,,,,,,
16913755,2,1,N,N,43,5TBDT48146S543363,2006,2,91,687,30,N,78602,1,2,6,1,6,,,,N,,,N,,,,,,,,,,,,,,,,,,,,,,0,,,,,,,,,,4,1,0,1,0,0,0,1,0,,,,,,,,
16914987,1,1,N,N,43,2C3CDXCT3CH230510,2012,3,109,74,104,N,78748,1,2,1,4,12,,,,N,TEXAN TOWING: 512-288-8626,"8200 S CONGRESS AVE, AUSTIN 78745",N,,,,,,,,,,,,,,,,,,,,,,67,60,65,,,,,,,,6,1,0,0,0,2,0,0,0,,,,,,,,
16916999,1,1,N,N,43,1J8GS48K87C663503,2007,9,429,1116,104,N,78721,2,,2,1,12,,,,Y,SOUTHSIDE WRECKER INC,8200 S. CONGRESS AVE,N,,,,,,,,,,,,,,,,,,,,,,20,,,,,,,,,,5,1,0,0,0,4,0,0,0,,,,,,,,
16916999,2,1,N,N,43,ML32A3HJ5FH057375,2015,15,68,389,104,N,78741,1,1,15,1,9,,,,Y,SPECIAL AUTOMOTIVE SERVICE INC,SPECIAL AUTOMOTIVE SERVICE INC,N,,,,,,,,,,,,,,,,,,,,,,0,,,,,,,,,,3,1,0,0,0,1,0,0,0,,,,,,,,
16917433,1,1,N,N,43,KL7CJLSB1JB725684,2018,21,107,2248,104,N,78660,2,,,,,,,,Y,ARMADA TOWING,ARMADA TOWING,N,,,,,,,,,,,,,,,,,,,,,,40,60,,,,,,,,,1,1,0,0,0,2,0,0,0,,,,,,,,
16917685,1,1,N,N,43,5XYKTDA29BG103650,2011,5,55,767,69,N,78754,2,,2,4,12,,,,N,ARMADA TOWING,ARMADA TOWING,N,,,,,,,,,,,,,,,,,,,,,,44,,,,,,,,,,3,1,0,1,0,3,0,1,0,,,,,,,,
16917685,2,1,N,N,43,1GC0KUEG9GZ366391,2016,17,107,2236,30,N,78615,1,2,6,0,6,,,,N,N/A,N/A,N,,,,,,,,,,,,,,,,,,,,,,0,,,,,,,,,,3,1,0,0,0,2,0,0,0,,,,,,,,
16917951,1,1,N,N,43,1FAHP2MK0JG106145,2018,2,37,101,105,N,78701,1,7,12,1,1,,,,N,DRIVEN AWAY BY DRIVER,,N,,,,,,,,,,,,,,,,,,,,,,29,,,,,,,,,,3,1,0,0,0,1,0,0,0,,,,,,,,
16917951,2,1,N,N,43,JTJBT20X140043774,2004,9,58,768,69,N,78750,1,1,13,1,7,7,1,8,N,DRIVEN AWAY BY OWNER,,N,,,,,,,,,,,,,,,,,,,,,,0,,,,,,,,,,3,1,0,0,0,1,0,0,0,,,,,,,,
16917953,1,1,N,N,43,1D7HA18N44J144016,2004,9,109,2279,30,N,78753,2,,3,6,11,,,,N,EZ AUTO AND TOWING SERVICE,EZ AUTO AND TOWING SERVICE,N,,,,,,,,,,,,,,,,,,,,,,74,,,,,,,,,,5,1,0,0,0,1,0,0,0,,,,,,,,
16917954,1,1,N,N,43,3VWSP69M53M082206,2003,9,96,316,104,N,78731,1,2,11,3,11,,,,Y,SPECIAL AUTOMOTIVE SERVICE INC,SPECIAL AUTOMOTIVE SERVICE INC,N,,,,,,,,,,,,,,,,,,,,,,,,,60,,,,,,,3,1,0,0,0,1,0,0,0,,,,,,,,
16917955,1,1,N,N,43,1FTEW1CM0EKD12243,2014,9,37,2324,30,N,78640,1,1,1,5,12,,,,N,,,N,,,,,,,,,,,,,,,,,,,,,,0,,,,,,,,,,7,1,0,0,0,1,0,0,0,,,,,,,,
16917955,2,1,N,N,43,1LNHL9DR8CG801189,2012,,113,2449,104,N,78132,1,1,15,7,9,,,,N,,,N,,,,,,,,,,,,,,,,,,,,,,0,,,,,,,,,,7,1,0,0,0,1,0,0,0,,,,,,,,
16917956,1,1,N,N,43,1LNHM87A73Y663751,2003,2,113,670,104,N,78723,2,,2,2,2,,,,N,,,N,,,,,,,,,,,,,,,,,,,,,,0,,,,,,,,,,4,1,0,0,0,3,0,0,0,,,,,,,,
16917956,2,1,N,N,43,JTDKB20U773259367,2007,21,91,702,104,N,78758,1,1,2,3,10,,,,N,,,N,,,,,,,,,,,,,,,,,,,,,,0,,,,,,,,,,2,1,0,1,0,0,0,1,0,,,,,,,,
16917958,1,1,N,Y,43,1FADP3F23EL342268,2014,17,37,229,104,N,78727,1,2,,,,,,,N,LTS VEHICLE,LTS VEHICLE,N,,,,,,,,,,,,,,,,,,,,,,,,,20,,,,,,,1,1,0,0,0,1,0,0,0,,,,,,,,
16917958,2,1,N,N,43,JH4CU2F46CC004692,2012,2,1,393,104,N,,1,2,6,3,6,,,,,,,N,,,,,,,,,,,,,,,,,,,,,,0,,,,,,,,,,1,1,0,0,0,1,0,0,0,,,,,,,,
16917965,1,1,N,N,43,1C3CDFBAXDD268759,2013,21,109,78,104,N,78744,1,2,3,2,12,,,,N,,,N,,,,,,,,,,,,,,,,,,,,,,0,,,,,,,,,,7,1,0,0,0,1,0,0,0,,,,,,,,
16917965,2,1,N,N,43,5YFBURHE5EP028004,2014,9,91,173,104,N,78748,1,2,4,5,3,,,,N,,,N,,,,,,,,,,,,,,,,,,,,,,0,,,,,,,,,,3,1,0,0,0,1,0,0,0,,,,,,,,
16917966,1,1,N,N,43,1D7HA18D83S279175,2003,21,109,2276,30,N,78628,1,2,1,2,12,,,,N,,,N,,,,,,,,,,,,,,,,,,,,,,44,,,20,,,,,,,1,1,0,0,0,1,0,0,0,,,,,,,,
16917966,2,1,N,N,43,3CZRM3H51GG701076,2017,3,44,3294,69,Y,78660,1,2,6,3,6,,,,N,,,N,,,,,,,,,,,,,,,,,,,,,,0,,,,,,,,,,1,1,1,0,0,1,0,1,0,,,,,,,,
16917967,1,1,N,N,43,5FNRL5H2XFB048469,2015,9,44,571,104,N,78745,1,2,3,3,12,,,,Y,SPECIAL AUTOMOTIVE SERVICE INC,OWNERS RESIDENCE/REQUEST,N,,,,,,,,,,,,,,,,,,,,,,0,,,,,,,,,,3,1,0,0,0,1,0,0,0,,,,,,,,
16917967,2,1,N,N,43,1HGFA16817L118935,2007,9,44,256,104,N,78610,1,2,8,1,6,,,,N,,,N,,,,,,,,,,,,,,,,,,,,,,0,,,,,,,,,,3,1,0,0,0,1,0,0,0,,,,,,,,
16917968,1,1,N,N,43,1FTRW07W21KF29827,2001,3,37,2324,30,N,78745,1,2,2,2,,,,,Y,HARPERS TOWING SERVICE INC,HARPERS TOWING SERVICE INC,N,,,,,,,,,,,,,,,,,,,,,,0,,,,,,,,,,3,1,0,0,0,1,0,0,0,,,,,,,,
16917968,2,1,N,N,43,1C4AJWAG3FL551398,2015,9,429,1464,100,N,78744,1,2,6,1,6,,,,N,,,N,,,,,,,,,,,,,,,,,,,,,,0,,,,,,,,,,3,1,0,0,0,1,0,0,0,,,,,,,,
16917968,3,1,N,N,43,WDDGF4HB5EA947147,2014,17,65,118,104,N,78748,2,,2,3,12,,,,Y,ATX-VIP TOWING SERVICES,OWNERS RESIDENCE/REQUEST,N,,,,,,,,,,,,,,,,,,,,,,0,,,,,,,,,,3,2,0,0,0,1,0,0,0,,,,,,,,
16917969,1,1,N,N,113,UN,1952,2,208,763,69,N,UN,2,,3,1,11,,,,N,,,N,,,,,,,,,,,,,,,,,,,,,,0,,,,,,,,,,4,1,0,0,0,0,1,0,0,,,,,,,,
16917969,2,3,,,,,,,,,,,,,,,,,,,,,,,,,,,,,,,,,,,,,,,,,,,,,0,,,,,,,,,,9,1,0,1,0,0,0,1,0,,,,,,,,
16917970,1,1,N,N,43,1FMCU04125KB69366,2006,3,37,711,104,N,78617,1,1,16,1,1,2,1,11,Y,SPECIAL AUTOMOTIVE SERVICE INC,SPECIAL AUTOMOTIVE SERVICE INC,N,,,,,,,,,,,,,,,,,,,,,,20,,,,,,,,,,5,1,0,0,0,1,0,0,0,,,,,,,,
16917970,2,1,N,N,43,5N1AL0MN3EC546035,,21,47,3579,104,N,78744,1,1,7,1,5,,,,N,NOT TOWED,NOT TOWED,N,,,,,,,,,,,,,,,,,,,,,,0,,,,,,,,,,5,1,0,0,0,1,0,0,0,,,,,,,,
16917971,1,1,N,N,43,1N4AL21E29N522877,2009,21,71,500,104,N,93314,1,1,1,7,3,,,,N,EZ AUTO AND TOWING SERVICE,EZ AUTO AND TOWING SERVICE,N,,,,,,,,,,,,,,,,,,,,,,37,,,,,,,,,,7,1,0,0,0,1,0,0,0,,,,,,,,
16917971,2,1,N,N,43,5YFBURHE6KP878090,2019,2,91,173,104,N,74134,1,1,1,7,12,,,,N,A & A WRECKER SOUTH,A & A WRECKER SOUTH,N,,,,,,,,,,,,,,,,,,,,,,61,,,,,,,,,,3,1,0,0,0,1,0,0,0,,,,,,,,
16917972,1,1,N,N,43,5N1BV28U35N110611,2005,9,71,501,103,N,78753,1,2,2,3,12,,,,N,STARS TOWING,STARS TOWING,N,,,,,,,,,,,,,,,,,,,,,,0,,,,,,,,,,7,1,0,0,0,1,0,0,0,,,,,,,,
16917972,2,1,N,N,43,1C6RR6GP2DS659167,2013,21,710,4100,30,N,78753,1,2,2,2,11,,,,N,,,N,,,,,,,,,,,,,,,,,,,,,,20,,,,,,,,,,3,1,0,0,0,1,0,0,0,,,,,,,,
16917973,1,1,N,N,43,1HD1CZ3198K450054,2008,2,42,1527,71,N,78758,1,1,15,2,9,,,,Y,ROCHAS TOWING SERVICE,ROCHAS TOWING SERVICE,N,,,,,,,,,,,,,,,,,,,,,,45,,,22,20,,,,,,1,1,0,0,1,0,0,1,0,,,,,,,,
16917974,1,1,N,Y,43,JTLZE4FEXEJ065818,2014,2,91,,104,N,78758,1,2,1,3,12,,,,N,,,N,,,,,,,,,,,,,,,,,,,,,,0,,,,,,,,,,5,1,0,0,0,1,0,0,0,,,,,,,,
16917974,2,1,N,Y,,1GNEC16Z52J275585,2002,16,107,249,104,N,,,,,,,,,,,AUS-TEX AUTO ENTERPRISES LLC,AUS-TEX AUTO ENTERPRISES LLC,N,,,,,,,,,,,,,,,,,,,,,,0,,,,,,,,,,7,1,0,0,0,1,0,0,0,,,,,,,,
16917975,1,1,N,N,43,2T2ZK1BAXAC019140,2010,16,58,666,104,N,78749,1,1,14,1,5,,,,Y,ROCHAS TOWING SERVICE,ROCHAS TOWING SERVICE,N,,,,,,,,,,,,,,,,,,,,,,0,,,,,,,,,,8,1,0,0,0,1,0,0,0,,,,,,,,
16917975,2,1,N,N,43,15GGD2716G1187500,2016,3,40,3031,47,N,78702,1,7,3,1,,,,,N,,,N,,,,,,,,,,,,,,,,,,,,,,0,,,,,,,,,,8,1,0,0,0,1,0,0,0,,,,,,,,
16917976,1,1,N,N,43,5N1AT2MT3KC706226,2019,16,71,1310,69,N,78729,1,2,6,5,4,,,,N,AUS-TEX AUTO ENTERPRISES LLC,AUS-TEX AUTO ENTERPRISES LLC,N,,,,,,,,,,,,,,,,,,,,,,37,,,,,,,,,,6,1,0,0,0,1,0,0,0,,,,,,,,
16917976,2,1,N,N,43,4T4BF1FK9DR328121,2013,17,91,380,104,N,,2,,2,5,12,,,,N,AUSTIN EXPRESS TOWING INC.,AUSTIN EXPRESS TOWING INC.,N,,,,,,,,,,,,,,,,,,,,,,0,,,,,,,,,,2,1,0,0,0,1,0,0,0,,,,,,,,
16917976,3,1,N,N,43,2GCEC19T7Y1325745,2000,17,107,2202,30,N,78754,1,2,3,3,10,,,,N,NA,NA,N,,,,,,,,,,,,,,,,,,,,,,0,,,,,,,,,,8,2,0,0,0,1,0,0,0,,,,,,,,
16917977,1,1,N,Y,43,JTJZB1BA5A2002536,2010,17,58,1319,69,N,78653,1,2,15,3,9,,,,N,,,N,,,,,,,,,,,,,,,,,,,,,,74,,,,,,,,,,11,1,0,0,0,1,0,0,0,,,,,,,,
16917977,2,1,N,N,43,JM3KE2CY7G0604797,2016,5,63,2471,104,N,78757,1,2,13,3,7,,,,N,,,N,,,,,,,,,,,,,,,,,,,,,,0,,,,,,,,,,11,1,0,0,0,1,0,0,0,,,,,,,,
16918009,1,1,N,N,43,1N4AL2AP1AN534623,2010,2,71,500,104,N,78745,2,,2,3,12,,,,Y,SPECIAL AUTOMOTIVE SERVICE INC,SPECIAL AUTOMOTIVE SERVICE INC,N,,,,,,,,,,,,,,,,,,,,,,0,,,,,,,,,,2,1,0,0,0,1,0,0,0,,,,,,,,
16918009,2,1,N,N,43,5TFJU4GN4EX059526,2014,17,91,629,30,N,78640,1,1,2,2,12,6,1,6,N,,,N,,,,,,,,,,,,,,,,,,,,,,0,,,,,,,,,,2,1,0,0,0,1,0,0,0,,,,,,,,
16918009,3,1,N,N,43,5N1BA0ND1DN613041,2013,2,71,784,104,N,78747,1,1,6,2,6,,,,N,,,N,,,,,,,,,,,,,,,,,,,,,,0,,,,,,,,,,2,2,0,0,0,4,0,0,0,,,,,,,,
16918010,1,1,N,N,43,2HJYK16596H546575,2006,17,44,1306,106,N,78620,1,1,6,1,6,,,,N,,,N,,,,,,,,,,,,,,,,,,,,,,0,,,,,,,,,,1,1,0,0,0,1,0,0,0,,,,,,,,
16918010,2,1,N,N,43,1G1ZA5E08CF371945,2012,21,107,56,104,N,76542,1,1,2,4,12,,,,N,620 LAKESIDE TOWING,620 LAKESIDE TOWING,N,,,,,,,,,,,,,,,,,,,,,,44,,,,,,,,,,1,1,0,0,0,1,0,0,0,,,,,,,,
16918011,1,1,N,Y,43,4T4BE46K77R010135,2007,21,91,,104,N,78753,2,,4,6,1,,,,Y,AUS-TEX AUTO ENTERPRISES LLC,AUS-TEX AUTO ENTERPRISES LLC,N,,,,,,,,,,,,,,,,,,,,,,0,,,,,,,,,,11,1,0,0,0,0,1,0,0,,,,,,,,
16918011,2,1,Y,N,43,1GKEC13R8VJ760650,1997,16,39,105,106,N,78753,2,,7,1,7,,,,,,,N,,,,,,,,,,,,,,,,,,,,,,0,,,,,,,,,,11,1,0,0,0,1,0,0,0,,,,,,,,
16918012,1,1,N,N,43,ZFBCFABH7EZ019980,2014,16,35,2956,104,N,78617,2,,13,3,9,6,3,6,N,NOT TOWED,NOT TOWE,N,,,,,,,,,,,,,,,,,,,,,,33,,,,,,,,,,3,1,0,0,0,1,0,0,0,,,,,,,,
16918012,2,1,N,N,43,1N4AL2EP1CC108438,2012,2,71,500,104,N,77705,1,1,12,4,3,,,,N,AUS-TEX AUTO ENTERPRISES LLC,AUS-TEX AUTO ENTERPRISES LLC,N,,,,,,,,,,,,,,,,,,,,,,0,,,,,,,,,,3,1,0,0,0,1,0,0,0,,,,,,,,
16918013,1,1,N,N,43,JF1GR8H60DL217991,2013,21,85,516,104,N,78751,1,1,2,4,12,,,,N,,,N,,,,,,,,,,,,,,,,,,,,,,20,,,,,,,,,,11,1,0,0,0,1,0,0,0,,,,,,,,
16918013,2,1,N,N,43,1GNERFKW5KJ154661,2019,17,107,1414,104,N,78653,1,1,6,2,6,,,,N,,,N,,,,,,,,,,,,,,,,,,,,,,0,,,,,,,,,,11,1,0,0,1,0,0,1,0,,,,,,,,
16918014,1,1,N,N,43,JKAZR2A18HDA18859,2017,2,53,3795,71,N,78745,1,1,10,3,3,,,,N,SPECIAL AUTOMOTIVE SERVICE INC,SPECIAL AUTOMOTIVE SERVICE INC,N,,,,,,,,,,,,,,,,,,,,,,41,,,,,,,,,,5,1,0,1,0,0,0,1,0,,,,,,,,
16918015,1,1,N,N,43,5FNRL5H6XBB096907,2011,5,44,571,103,N,78739,1,1,4,2,1,,,,N,HARPERS TOWING SERVICE INC,HARPERS TOWING SERVICE INC,N,,,,,,,,,,,,,,,,,,,,,,20,,,,,,,,,,3,1,0,0,0,1,0,0,0,,,,,,,,
16918015,2,1,N,N,43,5TBRT38155S468221,2005,21,91,687,106,N,78704,1,1,7,2,7,,,,N,,,N,,,,,,,,,,,,,,,,,,,,,,0,,,,,,,,,,3,1,0,0,0,1,0,0,0,,,,,,,,
16918016,1,1,N,Y,,,,9,208,763,0,N,,,,,,,,,,,,,N,,,,,,,,,,,,,,,,,,,,,,0,,,,,,,,,,4,1,0,0,0,0,1,0,0,,,,,,,,
16918016,2,1,N,Y,43,2T1KR32E37C646948,2007,2,91,,104,N,78753,1,1,2,3,1,10,1,2,Y,STARS TOWING,STARS TOWING,N,,,,,,,,,,,,,,,,,,,,,,0,,,,,,,,,,6,1,0,0,0,3,0,0,0,,,,,,,,
16918017,1,1,N,N,43,1C3CCCAB7GN106467,2016,21,21,2258,104,N,78660,1,2,2,1,12,,,,N,,,N,,,,,,,,,,,,,,,,,,,,,,0,,,,,,,,,,8,1,0,0,0,3,0,0,0,,,,,,,,
16918017,2,1,N,N,43,JA32U2FU9HU000665,2017,2,68,744,104,N,78753,1,2,6,1,6,,,,N,,,N,,,,,,,,,,,,,,,,,,,,,,0,,,,,,,,,,8,1,0,0,0,2,1,0,0,,,,,,,,
16918018,1,1,N,N,43,1B3CC4FB0AN106880,2010,17,109,549,104,N,78741,1,2,3,5,9,,,,N,A-TEX TOWING,5526 1/2 W HWY 290,N,,,,,,,,,,,,,,,,,,,,,,34,,,,,,,,,,7,1,0,1,1,0,0,2,0,,,,,,,,
16918018,2,1,N,N,43,1GCGSDENXH1203780,2017,3,107,979,30,N,78109,1,2,2,4,12,,,,N,ROCHAS TOWING SERVICE,ROCHAS TOWING SERVICE,N,,,,,,,,,,,,,,,,,,,,,,0,,,,,,,,,,1,1,0,0,1,0,0,1,0,,,,,,,,
16918019,1,1,N,Y,,,,2,,,69,N,,,,,,,,,,,,,N,,,,,,,,,,,,,,,,,,,,,,0,,,,,,,,,,7,1,0,0,0,0,0,0,0,,,,,,,,
16918019,2,4,,,,,,,,,,,,,,,,,,,,,,,,,,,,,,,,,,,,,,,,,,,,,0,,,,,,,,,,9,1,0,1,0,0,0,1,0,,,,,,,,
16918020,1,1,N,N,43,2GKALMEK3H6162371,2017,2,39,1392,30,N,78736,1,2,8,2,6,,,,,ZABAN,ZABAN,N,,,,,,,,,,,,,,,,,,,,,,37,20,,,,,,,,,5,1,0,0,0,1,0,0,0,,,,,,,,
16918020,2,1,N,N,43,1C3EL55R24N184792,2004,21,21,593,100,N,78733,1,2,2,2,11,,,,,EZ AUTO AND TOWING SERVICE,EZ AUTO AND TOWING SERVICE,N,,,,,,,,,,,,,,,,,,,,,,0,,,,,,,,,,1,1,0,0,0,1,0,0,0,,,,,,,,
16918021,1,1,N,N,102,1HGCG5659WA200422,1998,17,63,2479,100,N,22408,2,,,,,,,,,STARS TOWING,STARS TOWING,N,,,,,,,,,,,,,,,,,,,,,,4,,,,,,,,,,5,1,0,0,1,0,0,1,0,,,,,,,,
16918022,1,1,N,N,43,2LMDU68CX7BJ30030,2007,9,113,1203,104,N,78724,2,,15,2,8,,,,N,N/A,N/A,N,,,,,,,,,,,,,,,,,,,,,,0,,,,,,,,,,4,1,0,1,0,0,0,1,0,,,,,,,,
16918022,2,1,N,N,43,1G6AA5RA1D0125219,2013,21,106,2190,104,N,78660,1,2,4,4,1,,,,Y,SPECIAL AUTOMOTIVE SERVICE INC,SPECIAL AUTOMOTIVE SERVICE INC,N,,,,,,,,,,,,,,,,,,,,,,0,,,,,,,,,,4,1,0,0,0,2,0,0,0,,,,,,,,
16918023,1,1,N,Y,43,1FMZU32X1XZB89797,1999,16,37,554,69,N,78617,2,,2,6,1,,,,Y,A-TEX TOWING,5526 1/2 W HWY 290,N,,,,,,,,,,,,,,,,,,,,,,74,,,,,,,,,,1,1,0,0,0,0,1,0,0,,,,,,,,
16918024,1,1,N,N,43,5TFCZ5AN4HX120963,2017,21,91,629,92,N,78758,1,1,14,1,5,,,,Y,AUS-TEX AUTO ENTERPRISES LLC,5526 1/2 W HWY 290,N,,,,,,,,,,,,,,,,,,,,,,45,,,20,19,,,,,,1,1,0,0,0,1,0,0,0,,,,,,,,
16918024,2,1,N,N,43,1HGES16385L019426,2005,1,44,256,92,N,78758,1,2,2,2,12,,,,N,,,N,,,,,,,,,,,,,,,,,,,,,,0,,,,,,,,,,3,1,0,0,0,1,0,0,0,,,,,,,,
16918025,1,1,N,N,43,WBAVD33546KL51183,2006,9,14,21,104,N,78758,2,,2,4,12,,,,Y,A-TEX TOWING,205 FARLEY DR,N,,,,,,,,,,,,,,,,,,,,,,,,,67,20,,,,,,7,1,0,0,0,0,1,0,0,,,,,,,,
16918025,2,1,N,N,43,JA3AU26UX8U011749,2008,9,68,342,104,N,78758,1,1,6,4,6,,,,N,,,N,,,,,,,,,,,,,,,,,,,,,,0,,,,,,,,,,7,1,0,0,0,1,0,0,0,,,,,,,,
16918026,1,1,N,N,43,1N4AL2AP3BN477262,2011,3,71,500,104,N,78729,1,2,2,3,1,,,,N,DRIVEN AWAY,BY DRIVER,N,,,,,,,,,,,,,,,,,,,,,,37,,,,,,,,,,5,1,0,0,0,2,0,0,0,,,,,,,,
16918026,2,1,N,N,43,5LMTJ2DH5HUL56348,2017,21,113,3886,69,N,78852,1,2,11,4,11,,,,Y,ROCHAS TOWING SERVICE,ROCHAS TOWING SERVICE,N,,,,,,,,,,,,,,,,,,,,,,0,,,,,,,,,,1,1,0,0,0,1,0,0,0,,,,,,,,
16918027,1,1,N,N,43,1GNEC13Z24R188509,2004,2,107,547,104,N,78610,1,1,2,2,12,,,,Y,HARPERS TOWING SERVICE INC,HARPERS TOWING SERVICE INC,N,,,,,,,,,,,,,,,,,,,,,,22,,,,,,,,,,5,1,0,0,0,1,0,0,0,,,,,,,,
16918027,2,1,N,N,43,5TFJX4GN4FX049288,2015,9,91,629,30,N,78741,1,1,,,,,,,N,,,N,,,,,,,,,,,,,,,,,,,,,,0,,,,,,,,,,5,1,0,0,0,3,0,0,0,,,,,,,,
16918028,1,1,N,N,43,1FAFP52U63G131406,2003,17,37,376,104,N,78612,2,,4,2,12,,,,N,,,N,,,,,,,,,,,,,,,,,,,,,,35,,,20,,,,,,,5,1,0,0,0,3,0,0,0,,,,,,,,
16918028,2,1,N,N,43,5FRYD4H43EB048587,2014,2,1,705,69,N,78749,1,2,16,4,3,,,,N,EZ AUTO AND TOWING SERVICE,EZ AUTO AND TOWING SERVICE,N,,,,,,,,,,,,,,,,,,,,,,0,,,,,,,,,,7,1,0,0,0,1,0,0,0,,,,,,,,
16918029,1,1,N,Y,,,,17,,,69,N,,,,,,,,,,,,,N,,,,,,,,,,,,,,,,,,,,,,70,22,,,,,,,,,11,1,0,0,0,0,1,0,0,,,,,,,,
16918029,2,1,Y,N,43,19UUA8F58CA021050,2012,2,1,564,104,N,78681,1,1,5,2,6,,,,N,,,N,,,,,,,,,,,,,,,,,,,,,,0,,,,,,,,,,11,1,0,0,0,1,0,0,0,,,,,,,,