Crash_ID,Unit_Nbr,Unit_Desc_ID,Veh_Parked_Fl,Veh_HNR_Fl,Veh_Lic_State_ID,VIN,Veh_Mod_Year,Veh_Color_ID,Veh_Make_ID,Veh_Mod_ID,Veh_Body_Styl_ID,Emer_Respndr_Fl,Ownr_Zip,Fin_Resp_Proof_ID,Fin_Resp_Type_ID,Veh_Dmag_Area_1_ID,Veh_Dmag_Scl_1_ID,Force_Dir_1_ID,Veh_Dmag_Area_2_ID,Veh_Dmag_Scl_2_ID,Force_Dir_2_ID,Veh_Inventoried_Fl,Veh_Transp_Name,Veh_Transp_Dest,Veh_Cmv_Fl,Cmv_Fiveton_Fl,Cmv_Hazmat_Fl,Cmv_Nine_Plus_Pass_Fl,Cmv_Veh_Oper_ID,Cmv_Carrier_ID_Type_ID,Cmv_Carrier_Zip,Cmv_Veh_Type_ID,Cmv_GVWR,Cmv_RGVW,Cmv_Hazmat_Rel_Fl,Hazmat_Cls_1_ID,Hazmat_IDNbr_1_ID,Hazmat_Cls_2_ID,Hazmat_IDNbr_2_ID,Cmv_Cargo_Body_ID,Cmv_Evnt1_ID,Cmv_Evnt2_ID,Cmv_Evnt3_ID,Cmv_Evnt4_ID,Cmv_Tot_Axle,Cmv_Tot_Tire,Contrib_Factr_1_ID,Contrib_Factr_2_ID,Contrib_Factr_3_ID,Contrib_Factr_P1_ID,Contrib_Factr_P2_ID,Veh_Dfct_1_ID,Veh_Dfct_2_ID,Veh_Dfct_3_ID,Veh_Dfct_P1_ID,Veh_Dfct_P2_ID,Veh_Trvl_Dir_ID,First_Harm_Evt_Inv_ID,Sus_Serious_Injry_Cnt,Nonincap_Injry_Cnt,Poss_Injry_Cnt,Non_Injry_Cnt,Unkn_Injry_Cnt,Tot_Injry_Cnt,Death_Cnt,Cmv_Disabling_Damage_Fl,Cmv_Bus_Type_ID,Trlr_GVWR,Trlr_RGVW,Trlr_Type_ID,Trlr_Disabling_Dmag_ID,Cmv_Intermodal_Container_Permit_Fl,CMV_Actual_Gross_Weight
16930789,2,1,N,N,43,1N4AL11D35C395886,2005,1,71,69,104,N,78758,1,1,1,4,12,,,,N,,,N,,,,,,,,,,,,,,,,,,,,,,0,,,,,,,,,,3,1,0,0,0,2,0,0,0,,,,,,,,
16930790,1,1,N,N,43,2FMTK3K94FBB28622,2015,9,37,1035,69,N,78759,1,2,4,3,1,,,,Y,,,N,,,,,,,,,,,,,,,,,,,,,,0,,,,,,,,,,11,1,0,0,0,1,0,0,0,,,,,,,,
16930791,1,1,N,N,43,3D7MX39A67G787087,2007,3,109,2281,30,N,78612,1,2,11,4,11,13,2,11,Y,EZ AUTO AND TOWING SERVICE,EZ AUTO AND TOWING SERVICE,N,,,,,,,,,,,,,,,,,,,,,,40,,,20,,,,,,,6,1,0,0,0,1,0,0,0,,,,,,,,
16930792,1,1,N,N,43,1FTRX07W53KD72973,2003,16,37,2324,30,N,78744,1,2,2,3,12,,,,N,,,N,,,,,,,,,,,,,,,,,,,,,,0,,,,,,,,,,1,1,0,0,0,2,0,0,0,,,,,,,,
16930792,2,1,N,N,43,1GCDC14Z3PZ171841,1993,2,107,658,30,N,,2,,10,4,3,,,,Y,SPECIAL AUTOMOTIVE SERVICE INC,SPECIAL AUTOMOTIVE SERVICE INC,N,,,,,,,,,,,,,,,,,,,,,,0,,,,,,,,,,3,1,0,0,0,1,0,0,0,,,,,,,,
16930793,1,1,N,N,43,5TBRU34155S453785,2005,9,91,687,30,N,78704,1,2,2,1,12,,,,N,,,N,,,,,,,,,,,,,,,,,,,,,,44,,,20,,,,,,,2,1,0,0,0,1,0,0,0,,,,,,,,
16930793,2,1,N,N,43,3MYDLBZV9GY121467,2016,21,91,4331,104,N,78653,1,2,6,2,6,,,,N,EZ AUTO AND TOWING SERVICE,EZ AUTO AND TOWING SERVICE,N,,,,,,,,,,,,,,,,,,,,,,0,,,,,,,,,,2,1,0,0,0,3,0,0,0,,,,,,,,
16930835,1,1,N,N,43,1ZVHT82H695129398,2009,3,37,96,100,N,75089,1,2,4,2,1,,,,N,STARS TOWING,STARS TOWING,N,,,,,,,,,,,,,,,,,,,,,,0,,,,,,,,,,11,1,0,0,0,1,0,0,0,,,,,,,,
16930836,1,1,N,N,43,JM1BM1V74E1106820,2014,9,63,3917,104,N,78723,1,2,12,5,3,,,,Y,AVILES & GABES WRECKER SERVICE INC.,TOW YARD,N,,,,,,,,,,,,,,,,,,,,,,33,,,,,,,,,,7,1,0,0,0,1,0,0,0,,,,,,,,
16930836,2,1,N,N,43,KMHCN36C77U048756,2007,16,45,557,104,N,78723,1,2,2,5,12,,,,Y,ARMADA TOWING,TOW YARD,N,,,,,,,,,,,,,,,,,,,,,,0,,,,,,,,,,3,1,0,2,0,0,0,2,0,,,,,,,,
16930837,1,1,N,Y,43,KNDPM3AC3J7412791,2018,18,55,575,104,N,78744,1,2,3,3,10,9,2,10,Y,A-TEX TOWING,5526 1/2 W HWY 290,N,,,,,,,,,,,,,,,,,,,,,,0,,,,,,,,,,1,1,0,0,0,1,0,0,0,,,,,,,,
16930837,2,1,N,Y,113,,,99,,,0,N,,,,,,,,,,N,,,N,,,,,,,,,,,,,,,,,,,,,,0,,,,,,,,,,5,1,0,0,0,0,1,0,0,,,,,,,,
16930838,1,1,N,N,43,4T1BF1FK4EU401309,2014,2,91,380,104,N,78741,1,2,3,3,12,,,,Y,ROCHAS TOWING SERVICE,ROCHAS TOWING SERVICE,N,,,,,,,,,,,,,,,,,,,,,,,,,45,,,,,,,8,1,0,0,0,1,0,0,0,,,,,,,,
16930838,2,1,N,N,43,5J6YH17593L014253,2003,13,44,760,104,N,78721,2,,8,3,8,,,,Y,SPECIAL AUTOMOTIVE SERVICE INC,SPECIAL AUTOMOTIVE SERVICE INC,N,,,,,,,,,,,,,,,,,,,,,,0,,,,,,,,,,8,1,0,0,0,2,0,0,0,,,,,,,,
16930839,1,1,N,N,43,2C3CDYBT7CH106179,2012,17,109,74,100,N,78735,1,1,14,0,5,,,,Y,SOUTHSIDE WRECKER INC,SOUTHSIDE,N,,,,,,,,,,,,,,,,,,,,,,,,,67,20,,,,,,2,1,0,0,0,1,0,0,0,,,,,,,,
16930839,2,1,N,N,43,5TDYK3DC0ES514034,2014,9,91,648,69,N,78758,1,1,3,0,12,,,,N,,,N,,,,,,,,,,,,,,,,,,,,,,0,,,,,,,,,,6,1,0,0,0,1,0,0,0,,,,,,,,
16930840,1,1,N,N,43,5FNRL38875B064782,2005,17,44,571,104,N,78741,1,2,10,2,3,,,,N,,,N,,,,,,,,,,,,,,,,,,,,,,15,19,20,,,,,,,,7,1,0,0,0,1,0,0,0,,,,,,,,
16930840,2,1,N,N,43,3N1BC13E37L416167,2007,2,71,1452,104,N,78660,1,2,2,6,12,,,,N,DENVERS TOWING,DENVERS TOWING,N,,,,,,,,,,,,,,,,,,,,,,0,,,,,,,,,,5,1,0,0,0,1,0,0,0,,,,,,,,
16930841,1,1,N,N,35,WBA3B1G54FNT01524,2015,9,14,652,104,N,76544,1,2,10,3,1,10,3,3,N,,,N,,,,,,,,,,,,,,,,,,,,,,0,,,,,,,,,,1,1,0,0,2,1,0,2,0,,,,,,,,
16930841,2,1,N,N,43,1N4AA51E69C810940,2009,9,71,500,104,N,78750,1,2,11,2,9,,,,N,,,N,,,,,,,,,,,,,,,,,,,,,,0,,,,,,,,,,1,1,0,0,1,0,0,1,0,,,,,,,,
16930842,1,1,N,Y,43,,,9,37,2324,30,N,,,,,,,,,,,,,N,,,,,,,,,,,,,,,,,,,,,,0,,,,,,,,,,4,1,0,0,0,0,0,0,0,,,,,,,,
16930842,2,1,N,N,43,3FA6P0G72GR186195,2016,16,37,1097,104,N,78745,1,2,15,2,10,,,,Y,A-TEX TOWING,5526 1/2 W HWY 290,N,,,,,,,,,,,,,,,,,,,,,,0,,,,,,,,,,4,1,0,1,1,0,0,2,0,,,,,,,,
16930844,1,1,N,Y,43,JT3GN86R520246974,2002,21,91,,69,N,,1,2,,,,,,,N,,,N,,,,,,,,,,,,,,,,,,,,,,55,,,20,,,,,,,8,1,0,0,0,0,1,0,0,,,,,,,,
16930844,2,1,N,N,43,KNAFK4A6XG5609041,2016,2,55,1093,104,N,76542,3,2,14,3,3,,,,Y,ROCHAS TOWING SERVICE,"1012 STEWART DR, HUTTO TX 78634",N,,,,,,,,,,,,,,,,,,,,,,37,,,,,,,,,,4,1,0,0,0,4,0,0,0,,,,,,,,
16930845,1,1,N,N,43,5TBRN34193S384688,2003,21,91,687,30,N,78741,1,1,2,3,12,6,3,6,Y,EZ AUTO AND TOWING SERVICE,EZ AUTO AND TOWING SERVICE,N,,,,,,,,,,,,,,,,,,,,,,19,20,,,,,,,,,5,1,0,0,0,1,0,0,0,,,,,,,,
16930846,1,1,N,Y,,,,2,107,,104,N,,,,,,,,,,,,,N,,,,,,,,,,,,,,,,,,,,,,0,,,,,,,,,,3,1,0,0,0,0,0,0,0,,,,,,,,
16930846,2,4,,,,,,,,,,,,,,,,,,,,,,,,,,,,,,,,,,,,,,,,,,,,,0,,,,,,,,,,9,1,1,0,0,0,0,1,0,,,,,,,,
16930847,1,1,N,N,43,1FTSW21P06EA86789,2006,9,37,2325,30,N,78621,1,2,4,7,1,,,,Y,ROCHAS TOWING SERVICE,ROCHAS TOWING SERVICE,N,,,,,,,,,,,,,,,,,,,,,,55,,,,,,,,,,1,1,0,0,1,0,0,1,0,,,,,,,,
16930847,2,1,Y,N,43,4DRGSAAN6SA066795,1995,22,373,1409,47,N,78130,2,,7,3,7,,,,Y,SOUTHSIDE WRECKER INC,8200 S. CONGRESS AVE,N,,,,,,,,,,,,,,,,,,,,,,0,,,,,,,,,,1,1,0,0,1,0,0,1,0,,,,,,,,
16930848,1,1,N,N,43,5XXGR4A65FG511001,2015,21,55,611,104,N,78729,1,1,1,5,12,,,,Y,AVILES & GABES WRECKER SERVICE INC.,AVILES & GABES WRECKER SERVICE INC.,N,,,,,,,,,,,,,,,,,,,,,,20,,,,,,,,,,1,1,0,0,0,1,0,0,0,,,,,,,,
16930848,2,1,N,N,43,3C6JR6AT3FG584900,2015,2,109,82,106,N,78724,1,1,11,5,10,,,,Y,MR EAST TOWING,MR EAST TOWING,N,,,,,,,,,,,,,,,,,,,,,,0,,,,,,,,,,1,1,0,0,0,1,0,0,0,,,,,,,,
16930849,1,1,N,N,43,1G4CW52K8W4624875,1998,18,105,29,104,N,78612,1,1,2,5,12,,,,Y,ROCHAS TOWING SERVICE,ROCHAS TOWING SERVICE,N,,,,,,,,,,,,,,,,,,,,,,67,,,,,,,,,,3,1,0,0,0,1,0,0,0,,,,,,,,
16930850,1,1,N,N,43,2HGFB2F52CH537702,2012,9,44,236,104,N,76542,3,2,7,3,7,,,,N,SPECIAL AUTOMOTIVE SERVICE INC,SPECIAL AUTOMOTIVE SERVICE INC,N,,,,,,,,,,,,,,,,,,,,,,37,,,20,,,,,,,1,1,0,0,0,1,0,0,0,,,,,,,,
16930850,2,1,N,N,43,JTHBK262495091442,2009,3,58,429,104,N,78664,1,2,4,3,1,,,,N,STARS TOWING,STARS TOWING,N,,,,,,,,,,,,,,,,,,,,,,0,,,,,,,,,,1,1,0,0,0,1,0,0,0,,,,,,,,
16930851,1,1,N,N,43,WDBJF70GXYA959760,2000,2,65,674,104,N,78644,1,1,13,1,9,,,,N,,,N,,,,,,,,,,,,,,,,,,,,,,,,,60,,,,,8,,8,1,0,0,0,1,0,0,0,,,,,,,,
16930852,1,1,N,N,43,1GTHC29U85E235932,2005,21,39,3080,30,N,78704,1,2,13,1,9,,,,N,,,N,,,,,,,,,,,,,,,,,,,,,,60,,,,,,,,,,4,1,0,0,0,1,0,0,0,,,,,,,,
16930853,1,1,N,N,43,3N1CN7AP3GL872840,2016,16,71,1452,104,N,78642,2,,2,5,12,,,,N,620 LAKESIDE TOWING,620 LAKESIDE TOWING,N,,,,,,,,,,,,,,,,,,,,,,74,,,,,,,,,,5,1,0,0,0,1,0,0,0,,,,,,,,
16930853,2,1,N,N,43,JM1GJ1V63E1153200,2014,3,63,870,104,N,78641,1,1,12,5,1,8,3,5,N,FINGER TOWING SERVICE,FINGER TOWING SERVICE,N,,,,,,,,,,,,,,,,,,,,,,0,,,,,,,,,,7,1,0,0,0,1,0,0,0,,,,,,,,
16930854,1,1,N,Y,43,19XFC2F51HE016596,2017,21,44,256,104,N,78873,1,1,2,2,12,,,,N,,,N,,,,,,,,,,,,,,,,,,,,,,22,,,,,,,,,,1,1,0,0,0,0,1,0,0,,,,,,,,
16930854,2,1,N,Y,43,KMHCT5AE8EU156679,2014,17,45,557,104,N,78745,1,1,6,1,,,,,N,,,N,,,,,,,,,,,,,,,,,,,,,,0,,,,,,,,,,1,1,0,1,0,0,0,1,0,,,,,,,,
16930855,1,1,N,N,43,JTEZU5JR2G5127458,2016,2,91,395,69,N,78628,1,1,2,5,12,,,,N,SOUTHSIDE WRECKER INC,8200 S. CONGRESS AVE,N,,,,,,,,,,,,,,,,,,,,,,20,,,,,,,,,,1,1,0,0,0,2,0,0,0,,,,,,,,
16930855,2,1,N,N,43,3GNEC16R5WG107548,1998,11,107,249,69,N,78201,1,1,6,4,6,,,,N,,,N,,,,,,,,,,,,,,,,,,,,,,0,,,,,,,,,,1,1,0,0,0,1,0,0,0,,,,,,,,
16930856,1,1,N,N,43,3N1AB7AP4GY335218,2016,17,71,341,104,N,78741,2,,2,3,12,,,,N,NOT TOWED,NOT TOWED,N,,,,,,,,,,,,,,,,,,,,,,20,,,,,,,,,,1,1,0,0,0,1,0,0,0,,,,,,,,
16930856,2,1,N,N,43,3VWD07AJ6EM303982,2014,2,96,316,104,N,78754,1,1,6,3,6,,,,N,NOT TOWED,NOT TOWED,N,,,,,,,,,,,,,,,,,,,,,,0,,,,,,,,,,1,1,0,0,1,3,0,1,0,,,,,,,,
16930857,1,1,N,N,43,1N4AL21E28C225151,2008,21,71,500,104,N,78723,1,2,2,3,12,,,,N,ROCHAS TOWING SERVICE,ROCHAS TOWING SERVICE,N,,,,,,,,,,,,,,,,,,,,,,44,,,,,,,,,,7,1,0,0,0,1,0,0,0,,,,,,,,
16930857,2,1,N,N,43,2T3ZFREV3JW516090,2018,9,91,581,104,N,78753,1,2,6,1,6,,,,N,,,N,,,,,,,,,,,,,,,,,,,,,,0,,,,,,,,,,7,1,0,0,0,2,0,0,0,,,,,,,,
16930858,1,1,N,Y,43,3CZRM3H5XDG702092,2013,17,44,605,104,N,78617,1,2,2,5,12,,,,Y,AUS-TEX AUTO ENTERPRISES LLC,AUS-TEX AUTO ENTERPRISES LLC,N,,,,,,,,,,,,,,,,,,,,,,23,,,67,,,,,,,1,1,0,0,1,0,0,1,0,,,,,,,,
16930863,1,1,N,N,43,1D3HB13T89S743216,2009,17,109,2275,30,N,78753,1,1,4,5,1,12,5,3,Y,AUS-TEX AUTO ENTERPRISES LLC,AUS-TEX AUTO ENTERPRISES LLC,N,,,,,,,,,,,,,,,,,,,,,,67,,,,,,,,,,5,1,0,0,0,1,0,0,0,,,,,,,,
16930863,2,1,Y,N,43,2B3KA53H96H311145,2006,17,109,74,104,N,78753,1,1,11,3,9,,,,N,,,N,,,,,,,,,,,,,,,,,,,,,,0,,,,,,,,,,5,1,0,0,0,0,0,0,0,,,,,,,,
16930863,3,1,Y,N,43,1HGCM66524A084363,2000,11,44,236,104,N,77845,2,,,,,,,,N,,,N,,,,,,,,,,,,,,,,,,,,,,0,,,,,,,,,,5,2,0,0,0,0,0,0,0,,,,,,,,
16930863,4,1,Y,N,43,4A3AB36F77E063232,2007,8,68,342,104,N,78758,2,,,,,,,,,,,N,,,,,,,,,,,,,,,,,,,,,,0,,,,,,,,,,5,2,0,0,0,0,0,0,0,,,,,,,,
16930889,1,1,N,N,43,5TDYZ3DC0KS979646,2019,9,91,648,103,N,78717,1,2,2,5,12,,,,Y,620 LAKESIDE TOWING,620 LAKESIDE TOWING,N,,,,,,,,,,,,,,,,,,,,,,0,,,,,,,,,,3,1,0,0,0,1,0,0,0,,,,,,,,
16930889,2,1,Y,N,43,KNAFE121075400464,2007,17,55,717,104,N,78728,1,1,6,5,6,7,5,6,Y,,,N,,,,,,,,,,,,,,,,,,,,,,0,,,,,,,,,,3,2,0,0,0,0,0,0,0,,,,,,,,
16930889,3,4,,,,,,,,,,,,,,,,,,,,,,,,,,,,,,,,,,,,,,,,,,,,,0,,,,,,,,,,9,1,0,1,0,0,0,1,0,,,,,,,,
16930889,4,4,,,,,,,,,,,,,,,,,,,,,,,,,,,,,,,,,,,,,,,,,,,,,0,,,,,,,,,,9,2,0,1,0,0,0,1,0,,,,,,,,
16930890,1,1,N,Y,,,,,107,658,30,N,,,,,,,,,,,,,N,,,,,,,,,,,,,,,,,,,,,,0,,,,,,,,,,7,1,0,0,0,0,0,0,0,,,,,,,,
16930890,2,1,N,N,43,1ZVBP8AM0E5328742,2014,16,37,96,100,N,78744,1,1,6,2,6,2,2,12,Y,SOUTHSIDE WRECKER INC,8200 S. CONGRESS AVE,N,,,,,,,,,,,,,,,,,,,,,,0,,,,,,,,,,7,1,0,0,0,1,0,0,0,,,,,,,,
16930892,1,1,N,N,43,3N1AB6AP3AL621317,2010,21,71,341,104,N,78758,1,1,2,4,12,,,,Y,A-TEX TOWING,IMPOUND,N,,,,,,,,,,,,,,,,,,,,,,67,,,,,,,,,,5,1,0,0,0,1,0,0,0,,,,,,,,
16930892,2,1,N,N,43,1FTRX07292KA88354,2002,21,37,101,105,N,78753,1,1,6,2,6,,,,N,,,N,,,,,,,,,,,,,,,,,,,,,,0,,,,,,,,,,5,1,0,0,0,1,0,0,0,,,,,,,,
16930893,1,1,N,N,43,WDDGF4HB8CA605463,2012,9,65,671,104,N,78645,2,,2,4,12,,,,Y,FINGER TOWING SERVICE,FINGER TOWING SERVICE,N,,,,,,,,,,,,,,,,,,,,,,67,,,,,,,,,,1,1,0,0,1,0,0,1,0,,,,,,,,
16930894,1,1,N,N,43,1G6AA5RA3E0173063,2014,17,106,2190,104,N,78721,1,1,4,1,12,,,,Y,,,N,,,,,,,,,,,,,,,,,,,,,,20,,,,,,,,,,2,1,0,0,0,1,0,0,0,,,,,,,,
16930894,2,1,N,N,43,1FMCU0GDXJUD43706,2018,11,37,711,69,N,78753,1,1,6,1,6,,,,N,,,N,,,,,,,,,,,,,,,,,,,,,,0,,,,,,,,,,2,1,0,0,0,1,0,0,0,,,,,,,,
16930895,1,1,N,N,18,1G2NW12E04M657502,2004,16,118,153,100,N,71263,1,2,14,2,3,,,,,,,N,,,,,,,,,,,,,,,,,,,,,,4,,,,,,,,,,5,1,0,0,0,2,0,0,0,,,,,,,,
16930895,2,1,N,N,43,1YVHZ8EH6D5M14876,2013,2,63,870,104,N,78745,2,,11,4,9,,,,N,ROCHAS TOWING SERVICE,ROCHAS TOWING SERVICE,N,,,,,,,,,,,,,,,,,,,,,,0,,,,,,,,,,5,1,0,0,0,1,0,0,0,,,,,,,,
16930896,1,1,N,N,43,JN1CV6APXFM503231,2015,21,47,3576,104,N,78759,1,1,3,5,10,7,5,7,N,HARPERS TOWING SERVICE INC,HARPERS TOWING SERVICE INC,N,,,,,,,,,,,,,,,,,,,,,,0,,,,,,,,,,1,1,0,0,0,1,0,0,0,,,,,,,,
16930896,2,1,N,N,43,5UXKR2C5XJ0Z18145,2018,2,14,689,69,N,78739,1,1,2,5,12,,,,N,A-TEX TOWING,5526 1/2 W HWY 290,N,,,,,,,,,,,,,,,,,,,,,,0,,,,,,,,,,3,1,0,0,0,3,0,0,0,,,,,,,,
16930897,1,1,N,N,43,5TDZT38A72S071953,2002,21,91,722,69,N,78626,1,2,12,1,3,4,1,12,Y,STARS TOWING,STARS TOWING,N,,,,,,,,,,,,,,,,,,,,,,37,,,,,,,,,,8,1,0,0,0,1,0,0,0,,,,,,,,
16930897,2,1,N,N,43,5TFRM5F19BX028883,2011,9,91,687,30,N,78664,1,1,3,2,12,,,,Y,STARS TOWING,STARS TOWING,N,,,,,,,,,,,,,,,,,,,,,,0,,,,,,,,,,4,1,0,0,0,1,0,0,0,,,,,,,,
16930897,3,1,N,N,43,1GCWGBFP7K1149590,2019,21,107,2818,103,N,74134,1,2,3,1,10,,,,Y,AUS-TEX AUTO ENTERPRISES LLC,AUS-TEX AUTO ENTERPRISES LLC,N,,,,,,,,,,,,,,,,,,,,,,0,,,,,,,,,,2,2,0,0,0,1,0,0,0,,,,,,,,
16930898,1,1,N,N,43,2C3CDXBG8EH271934,2014,17,109,74,104,N,78741,1,1,4,1,1,,,,Y,SPECIAL AUTOMOTIVE SERVICE INC,SPECIAL AUTOMOTIVE SERVICE INC,N,,,,,,,,,,,,,,,,,,,,,,22,,,,,,,,,,6,1,0,0,0,1,0,0,0,,,,,,,,
16930898,2,1,N,N,43,1GNUKCE04AR110382,2010,2,107,547,104,N,78724,1,1,7,1,7,,,,,MR EAST TOWING,MR EAST TOWING,N,,,,,,,,,,,,,,,,,,,,,,0,,,,,,,,,,6,1,0,0,1,0,0,1,0,,,,,,,,
16930903,1,1,N,N,43,JTMRK4DV7A5084319,2010,17,91,581,69,N,78640,1,1,10,2,3,,,,N,DRIVEN,DRIVEN BY OWNER,N,,,,,,,,,,,,,,,,,,,,,,4,,,,,,,,,,1,1,0,0,1,0,0,1,0,,,,,,,,
16930903,2,1,N,N,43,5NPDH4AE1DH344232,2013,9,45,480,104,N,78744,3,1,11,2,11,,,,N,AUSTIN TOWING AND RECOVERY,1500 E CESAR CHAVEZ,N,,,,,,,,,,,,,,,,,,,,,,,,,22,,,,,,,1,1,0,0,0,0,1,0,0,,,,,,,,
16930907,1,1,N,N,43,5N1AZ2MG2FN236217,2015,3,71,777,104,N,78633,1,2,13,7,8,,,,N,ARMADA TOWING,ARMADA TOWING,N,,,,,,,,,,,,,,,,,,,,,,34,,,,,,,,,,3,1,0,1,0,0,0,1,0,,,,,,,,
16930907,2,1,N,N,43,2CTFLWE55B6209757,2011,9,39,1392,104,N,78727,1,2,,,,,,,N,ROCHAS TOWING SERVICE,ROCHAS TOWING SERVICE,N,,,,,,,,,,,,,,,,,,,,,,0,,,,,,,,,,6,1,0,0,0,1,0,0,0,,,,,,,,
16930922,1,1,N,N,43,1FT7W2BT2FED39306,2015,21,37,2325,30,N,78701,1,2,13,1,8,,,,N,,,N,,,,,,,,,,,,,,,,,,,,,,66,,,,,,,,,,1,1,0,0,0,1,0,0,0,,,,,,,,
16930922,2,1,N,N,43,1B3CB4HA3AD550087,2010,8,109,951,104,N,75098,1,2,2,2,12,,,,N,SOUTHSIDE WRECKER SERVICE,8200 S. CONGRESS AVE AUSTIN TX 78745,N,,,,,,,,,,,,,,,,,,,,,,0,,,,,,,,,,1,1,0,0,0,1,0,0,0,,,,,,,,
16931818,1,1,N,N,43,3HSCUAPR6BN231501,2011,21,48,3583,106,N,78046,1,1,11,2,1,,,,N,,,Y,Y,N,N,1,2,78040,7,7000,0,N,,,,,3,98,,,,,,,,,20,,,,,,,5,1,0,0,0,1,0,0,0,N,0,,,,,N,
16931818,2,6,,,,,,,,,,,,,,,,,,,,,,,,,,,,,,,,,,,,,,,,,,,,,0,,,,,,,,,,9,2,0,0,0,0,0,0,0,,,0,0,1,N,,
16931818,3,1,N,N,43,1HGCR2F30HA222349,2017,9,44,236,104,N,78721,1,1,15,6,9,,,,Y,EZ AUTO AND TOWING SERVICE,EZ AUTO AND TOWING SERVICE,N,,,,,,,,,,,,,,,,,,,,,,74,,,,,,,,,,5,1,0,0,0,1,0,0,0,,,,,,,,
16932705,1,1,N,N,43,2G1FP22G4Y2172921,2000,2,107,46,100,N,78748,1,1,11,2,8,,,,N,AVILES AND GABES WRECKER SERVICE,"2311 WEST HOWARD LANE AUSTIN,TX 78728",N,,,,,,,,,,,,,,,,,,,,,,0,,,,,,,,,,3,1,0,0,0,1,0,0,0,,,,,,,,
16932705,2,1,N,N,43,KNDJP3A53G7871942,2016,10,55,1357,69,N,78752,1,1,12,1,1,1,1,1,N,DROVE AWAY FROM SCENE,,N,,,,,,,,,,,,,,,,,,,,,,35,,,,,,,,,,4,1,0,0,0,1,0,0,0,,,,,,,,
16932727,1,1,N,N,43,2C4RC1BG3CR185931,2012,,21,64,104,N,78748,1,2,11,7,11,,,,N,SPECIAL AUTOMOTIVE SERVICE INC,SPECIAL AUTOMOTIVE SERVICE INC,N,,,,,,,,,,,,,,,,,,,,,,37,,,,,,,,,,7,1,0,0,0,1,0,0,0,,,,,,,,
16932727,2,1,N,N,43,4S4BRCAC0B3409167,2011,,85,1268,104,N,78745,1,2,11,4,8,,,,N,,,N,,,,,,,,,,,,,,,,,,,,,,0,,,,,,,,,,3,1,0,0,0,1,0,0,0,,,,,,,,
16932765,1,1,N,N,43,JTEZU5JR9G5131328,2016,,91,395,69,N,77065,1,2,2,4,12,,,,N,K & S TOWING,K & S TOWING,N,,,,,,,,,,,,,,,,,,,,,,,,,44,,,,,,,7,1,0,0,0,1,0,0,0,,,,,,,,
16932765,2,1,N,N,43,2FMPK3G95HBC09318,2017,2,37,1097,69,N,78957,1,2,6,4,,,,,N,DRIVEN BY DRIVER,FROM SCENE,N,,,,,,,,,,,,,,,,,,,,,,0,,,,,,,,,,7,1,0,0,0,1,0,0,0,,,,,,,,
16932767,1,1,N,N,43,1GKS2CKJ1FR743933,2015,21,39,479,104,N,78666,1,1,3,0,12,,,,N,,,N,,,,,,,,,,,,,,,,,,,,,,0,,,,,,,,,,7,1,0,0,0,1,0,0,0,,,,,,,,
16932767,2,4,,,,,,,,,,,,,,,,,,,,,,,,,,,,,,,,,,,,,,,,,,,,,0,,,,,,,,,,9,1,1,0,0,0,0,1,0,,,,,,,,
16932768,1,1,N,N,43,1HGCS12349A008115,2009,9,44,236,100,N,78745,1,1,4,3,2,,,,N,A-TEX TOWING,5526 1/2 W HWY 290,N,,,,,,,,,,,,,,,,,,,,,,74,,,41,,,,,,,7,1,0,0,0,1,0,0,0,,,,,,,,
16932768,2,1,Y,N,43,1HGCR2F54EA253956,2014,3,44,236,104,N,78666,1,2,7,3,10,,,,N,E-Z TOWING,5526 1/2 W HWY 290,N,,,,,,,,,,,,,,,,,,,,,,0,,,,,,,,,,11,1,0,0,0,0,0,0,0,,,,,,,,
16932768,3,1,Y,N,43,JTEZU5JRXD5052701,2013,21,91,395,104,N,78745,1,2,7,2,9,,,,N,,,N,,,,,,,,,,,,,,,,,,,,,,0,,,,,,,,,,11,2,0,0,0,0,0,0,0,,,,,,,,
16932768,4,1,Y,N,43,1HGCG16501A030145,2001,10,44,236,104,N,78745,1,2,7,1,8,,,,N,,,N,,,,,,,,,,,,,,,,,,,,,,0,,,,,,,,,,11,2,0,0,0,0,0,0,0,,,,,,,,
16932769,1,1,N,N,43,1FTYR14V41PB39190,2001,8,37,357,30,N,77445,1,1,1,7,12,,,,N,620 LAKESIDE TOWING,620 LAKESIDE TOWING,N,,,,,,,,,,,,,,,,,,,,,,19,20,,,,,,,,,2,1,0,0,0,1,0,0,0,,,,,,,,
16932769,2,1,N,N,43,1FTEW1CG0GKF46489,2016,9,37,2324,30,N,78738,1,1,1,7,12,,,,N,620 LAKESIDE TOWING,620 LAKESIDE TOWING,N,,,,,,,,,,,,,,,,,,,,,,0,,,,,,,,,,6,1,0,0,0,1,0,0,0,,,,,,,,
16932774,1,1,N,Y,,,,,,,30,N,,,,,,,,,,,,,N,,,,,,,,,,,,,,,,,,,,,,0,,,,,,,,,,1,1,0,0,0,0,0,0,0,,,,,,,,
16932774,2,1,N,N,43,2FMDK3KC4EBB46570,2014,2,37,1035,104,N,78727,1,2,7,3,6,,,,N,,,N,,,,,,,,,,,,,,,,,,,,,,0,,,,,,,,,,1,1,0,0,0,1,0,0,0,,,,,,,,