Crash_ID,Unit_Nbr,Unit_Desc_ID,Veh_Parked_Fl,Veh_HNR_Fl,Veh_Lic_State_ID,VIN,Veh_Mod_Year,Veh_Color_ID,Veh_Make_ID,Veh_Mod_ID,Veh_Body_Styl_ID,Emer_Respndr_Fl,Ownr_Zip,Fin_Resp_Proof_ID,Fin_Resp_Type_ID,Veh_Dmag_Area_1_ID,Veh_Dmag_Scl_1_ID,Force_Dir_1_ID,Veh_Dmag_Area_2_ID,Veh_Dmag_Scl_2_ID,Force_Dir_2_ID,Veh_Inventoried_Fl,Veh_Transp_Name,Veh_Transp_Dest,Veh_Cmv_Fl,Cmv_Fiveton_Fl,Cmv_Hazmat_Fl,Cmv_Nine_Plus_Pass_Fl,Cmv_Veh_Oper_ID,Cmv_Carrier_ID_Type_ID,Cmv_Carrier_Zip,Cmv_Veh_Type_ID,Cmv_GVWR,Cmv_RGVW,Cmv_Hazmat_Rel_Fl,Hazmat_Cls_1_ID,Hazmat_IDNbr_1_ID,Hazmat_Cls_2_ID,Hazmat_IDNbr_2_ID,Cmv_Cargo_Body_ID,Cmv_Evnt1_ID,Cmv_Evnt2_ID,Cmv_Evnt3_ID,Cmv_Evnt4_ID,Cmv_Tot_Axle,Cmv_Tot_Tire,Contrib_Factr_1_ID,Contrib_Factr_2_ID,Contrib_Factr_3_ID,Contrib_Factr_P1_ID,Contrib_Factr_P2_ID,Veh_Dfct_1_ID,Veh_Dfct_2_ID,Veh_Dfct_3_ID,Veh_Dfct_P1_ID,Veh_Dfct_P2_ID,Veh_Trvl_Dir_ID,First_Harm_Evt_Inv_ID,Sus_Serious_Injry_Cnt,Nonincap_Injry_Cnt,Poss_Injry_Cnt,Non_Injry_Cnt,Unkn_Injry_Cnt,Tot_Injry_Cnt,Death_Cnt,Cmv_Disabling_Damage_Fl,Cmv_Bus_Type_ID,Trlr_GVWR,Trlr_RGVW,Trlr_Type_ID,Trlr_Disabling_Dmag_ID,Cmv_Intermodal_Container_Permit_Fl,CMV_Actual_Gross_Weight
16936538,1,1,N,Y,43,2GTEC19ZXP1525604,1993,12,39,105,30,N,78735,2,,,,,,,,N,,,N,,,,,,,,,,,,,,,,,,,,,,44,,,,,,,,,,3,1,0,0,0,0,1,0,0,,,,,,,,
16936538,2,1,N,N,43,5N1AL0MN2DC340493,2013,2,47,2389,69,N,78753,1,1,5,2,6,,,,N,,,N,,,,,,,,,,,,,,,,,,,,,,0,,,,,,,,,,3,1,0,1,0,1,0,1,0,,,,,,,,
16936867,1,1,N,N,43,JTDBU4EE8B9161476,2011,9,91,173,104,N,78652,1,1,11,2,10,9,2,9,N,,,N,,,,,,,,,,,,,,,,,,,,,,4,,,20,,,,,,,5,1,0,0,0,1,0,0,0,,,,,,,,
16936867,2,1,N,N,43,15GGB2711G1189323,2016,3,40,3031,47,N,78702,1,1,4,1,1,,,,N,,,Y,N,N,Y,2,3,78702,4,0,41600,N,,,,,2,13,,,,,,0,,,,,,,,,,5,1,0,0,0,1,0,0,0,N,2,,,,,N,
16938421,1,1,N,N,43,1HGCP26468A033977,2008,3,44,236,104,N,78726,2,,12,2,2,,,,N,AUS-TEX: 512-836-7443,1408 THREE POINTS,N,,,,,,,,,,,,,,,,,,,,,,20,,,,,,,,,,11,1,0,0,0,1,0,0,0,,,,,,,,
16938421,2,1,N,N,43,1N4AL2AP8BN444001,2011,21,71,500,104,N,78726,1,2,1,2,12,,,,N,A-TEX TOWING: 512-383-5900,"5526-1/2 W US 290, AUSTIN 78735",N,,,,,,,,,,,,,,,,,,,,,,20,,,,,,,,,,11,1,0,0,0,1,0,0,0,,,,,,,,
16939016,1,1,N,N,43,1MEHM43137G609831,2007,9,114,123,104,N,78665,1,2,11,3,10,,,,N,H & H TOWING: 512-551-9200,"1104 W PECAN, PFLUGERVILLE, TX, 78660",N,,,,,,,,,,,,,,,,,,,,,,74,,,,,8,,,,,1,1,0,0,0,1,0,0,0,,,,,,,,
16939016,2,1,N,N,43,3GCUKREC8JG192140,2018,2,107,658,30,N,78660,1,2,29,0,,,,,N,H & H TOWING: 512-551-9200,"1104 W PECAN, PFLUGERVILLE, TX, 78660",N,,,,,,,,,,,,,,,,,,,,,,0,,,,,,,,,,1,1,0,0,1,0,0,1,0,,,,,,,,
16939350,1,1,N,N,43,KNAGE123275112127,2007,16,55,715,104,N,78758,1,1,2,1,12,,,,N,DRIVEN AWAY,DRIVEN AWAY,N,,,,,,,,,,,,,,,,,,,,,,22,,,,,8,,,,,3,1,0,0,0,1,0,0,0,,,,,,,,
16939350,2,1,N,N,43,4T1BG22K4YU629971,2000,18,91,380,104,N,78653,1,1,5,1,6,,,,N,DRIVEN AWAY,DRIVEN AWAY,N,,,,,,,,,,,,,,,,,,,,,,0,,,,,,,,,,3,1,0,0,0,2,0,0,0,,,,,,,,
16940660,1,1,N,Y,43,1N4AL11D64C118390,2004,21,71,500,104,N,78225,2,,12,3,3,1,3,12,Y,BULLDOG RECOVERY: 512-402-4006,"2311 W HOWARD LN, AUSTIN 78728",N,,,,,,,,,,,,,,,,,,,,,,17,,,,,,,,,,11,1,0,0,0,0,1,0,0,,,,,,,,
16940660,2,1,N,N,43,1G1FG1R72H0106160,2017,16,107,46,100,N,78660,1,1,11,2,10,,,,N,H & H TOWING: 512-551-9200,"1104 W PECAN, PFLUGERVILLE, TX, 78660",N,,,,,,,,,,,,,,,,,,,,,,0,,,,,,,,,,11,1,0,0,0,1,0,0,0,,,,,,,,
16941068,1,1,N,N,43,YE2XC81B3G3048966,2016,21,653,4964,47,N,,1,1,14,1,4,,,,N,NA,NA,Y,Y,N,Y,2,5,76053,4,0,20000,N,,,,,2,98,,,,,,74,,,,,,,,,,3,1,0,0,0,0,1,0,0,N,4,,,,,N,
16941068,2,1,Y,N,43,4DRBUAAN1BB358384,2011,22,48,110,107,N,,1,1,11,0,9,,,,,,,Y,N,N,Y,2,5,78238,4,0,20000,N,,,,,2,14,,,,,,74,,,,,,,,,,3,1,0,0,0,0,0,0,0,N,1,,,,,N,
16941332,1,1,N,N,43,1GCCS1957Y8283554,2000,1,107,2233,30,N,10026,1,1,7,3,7,7,2,7,,DRIVER,DRIVEN FROM SCENE,N,,,,,,,,,,,,,,,,,,,,,,0,,,,,,,,,,5,1,0,0,0,1,0,0,0,,,,,,,,
16941332,2,1,N,N,43,KL8CB6SA6GC575267,2016,3,107,2244,100,N,78201,1,1,4,3,1,12,3,2,,,,N,,,,,,,,,,,,,,,,,,,,,,44,41,,,,,,,,,5,1,0,0,0,1,0,0,0,,,,,,,,
16941430,1,1,N,N,43,15GGD2715H3190698,2017,3,40,3031,47,N,78702,1,3,1,0,12,,,,Y,SOUTHSIDE WRECKER,"2910 W. 5TH STREET, AUSTIN TX",Y,N,N,Y,2,5,78702,4,41600,0,N,,,,,2,1,16,,,,,23,41,,,,,,,,,1,1,0,0,0,12,0,0,0,N,3,,,,,N,
16941430,2,3,,,,,,,,,,,,,,,,,,,,,,,,,,,,,,,,,,,,,,,,,,,,,0,,,,,,,,,,9,1,0,0,0,0,0,0,1,,,,,,,,
16941778,1,1,N,N,43,5FNYF5H37HB027092,2017,3,44,761,69,N,78660,1,2,2,5,12,,,,N,AUS-TEX AUTO ENTERPRISES LLC,AUS-TEX AUTO ENTERPRISES LLC,N,,,,,,,,,,,,,,,,,,,,,,37,,,,,,,,,,5,1,0,1,0,0,0,1,0,,,,,,,,
16941778,2,1,N,N,43,1G4HP52K9XH478516,1999,18,105,29,104,N,78653,1,2,9,5,11,1,5,12,N,AVILES & GABES WRECKER SERVICE INC.,AVILES & GABES WRECKER SERVICE INC.,N,,,,,,,,,,,,,,,,,,,,,,0,,,,,,,,,,1,1,1,0,0,0,0,1,0,,,,,,,,
16942155,1,1,N,N,43,1C6RR6LT2HS825292,2017,99,710,4100,30,N,78617,1,1,1,1,12,,,,Y,EZ AUTO AND TOWING SERVICE,EZ AUTO AND TOWING SERVICE,N,,,,,,,,,,,,,,,,,,,,,,20,,,,,,,,,,8,1,0,0,0,1,0,0,0,,,,,,,,
16942155,2,1,N,N,43,1N4AL3AP6FN353868,2015,21,71,69,104,N,78602,2,,11,1,10,,,,Y,SPECIAL AUTOMOTIVE SERVICE INC,SPECIAL AUTOMOTIVE SERVICE INC,N,,,,,,,,,,,,,,,,,,,,,,20,,,,,,,,,,6,1,0,0,0,1,0,0,0,,,,,,,,
16942157,1,1,N,N,43,3GCEC23J29G237658,2009,2,107,658,30,N,78729,1,1,3,3,10,,,,Y,AUS-TEX AUTO ENTERPRISES LLC,AUS-TEX AUTO ENTERPRISES LLC,N,,,,,,,,,,,,,,,,,,,,,,67,,,,,,,,,,1,1,0,0,0,1,0,0,0,,,,,,,,
16942157,2,1,N,Y,43,1XKAD49X5DJ361955,2013,21,54,1533,87,N,78045,1,1,4,1,1,,,,N,,,Y,Y,N,N,1,2,78045,9,42088,0,N,,,,,3,20,,,,,,0,,,,,,,,,,1,1,0,0,0,1,0,0,0,N,0,,,,,N,
16942157,3,6,,,,,,,,,,,,,,,,,,,,,,,,,,,,,,,,,,,,,,,,,,,,,0,,,,,,,,,,9,2,0,0,0,0,0,0,0,,,0,0,1,N,,
16942162,1,1,N,Y,43,,2013,22,21,65,104,N,,,,,,,,,,,,,N,,,,,,,,,,,,,,,,,,,,,,35,,,,,,,,,,5,1,0,0,0,0,1,0,0,,,,,,,,
16942162,2,1,N,N,43,2C3AA63H25H114921,2005,2,21,65,104,N,,2,,14,2,3,,,,N,,,N,,,,,,,,,,,,,,,,,,,,,,0,,,,,,,,,,7,1,0,2,0,0,0,2,0,,,,,,,,
16942165,1,1,N,N,43,1FAHP37N59W185843,2009,21,37,696,104,N,78741,1,2,9,5,9,,,,Y,A-TEX TOWING,A-TEX TOWING,N,,,,,,,,,,,,,,,,,,,,,,0,,,,,,,,,,3,1,0,0,0,1,0,0,0,,,,,,,,
16942165,2,1,N,N,43,2HGFG12656H568571,2006,2,44,236,100,N,78652,1,2,3,3,12,,,,Y,SOUTHSIDE WRECKER INC,SOUTHSIDE WRECKER INC,N,,,,,,,,,,,,,,,,,,,,,,0,,,,,,,,,,5,1,0,0,1,1,0,1,0,,,,,,,,
16942166,1,1,N,N,43,1C4NJPBB6GD731870,2016,2,429,1273,69,N,78660,1,2,1,2,12,,,,,,,N,,,,,,,,,,,,,,,,,,,,,,16,,,,,,,,,,7,1,0,0,0,1,0,0,0,,,,,,,,
16942166,2,1,N,N,43,JA4MT41X27U006732,2007,17,68,775,69,N,78681,1,2,4,2,2,,,,N,,,N,,,,,,,,,,,,,,,,,,,,,,0,,,,,,,,,,1,1,0,0,0,2,0,0,0,,,,,,,,
16942167,1,1,N,N,43,JHMGK5H5XGX017880,2016,16,44,1083,104,N,78754,1,2,2,2,1,,,,N,,,N,,,,,,,,,,,,,,,,,,,,,,74,,,,,,,,,,2,1,0,0,1,0,0,1,0,,,,,,,,
16942167,2,1,N,N,43,JN1CV6AP6DM301368,2013,2,47,1102,104,N,78613,1,2,7,1,6,,,,N,,,N,,,,,,,,,,,,,,,,,,,,,,74,,,,,,,,,,2,1,0,0,0,1,0,0,0,,,,,,,,
16942168,1,1,N,N,43,2GCEC19V731307482,2003,21,107,658,30,N,78741,1,1,15,1,7,,,,Y,ROCHAS TOWING SERVICE,ROCHAS TOWING SERVICE,N,,,,,,,,,,,,,,,,,,,,,,67,,,,,,,,,,5,1,0,0,0,1,0,0,0,,,,,,,,
16942169,1,1,N,N,43,1N4AL21E69N485252,2009,9,71,500,104,N,78754,1,1,9,3,9,,,,N,,,N,,,,,,,,,,,,,,,,,,,,,,65,,,,,,,,,,1,1,0,0,0,1,0,0,0,,,,,,,,
16942169,2,1,N,N,43,JTKDE167690299254,2009,21,91,2573,104,N,78641,1,1,4,3,1,,,,Y,,,N,,,,,,,,,,,,,,,,,,,,,,0,,,,,,,,,,1,1,0,0,0,1,0,0,0,,,,,,,,
16942171,1,1,N,N,43,5YFBURHE2HP599650,2017,2,91,173,104,N,78747,1,1,16,3,3,,,,N,,,N,,,,,,,,,,,,,,,,,,,,,,15,,,,,,,,,,7,1,0,0,0,1,0,0,0,,,,,,,,
16942171,2,1,N,N,43,LVY992MK7JP024141,2018,17,98,1326,104,N,78747,1,1,2,3,12,,,,Y,ROCHAS TOWING SERVICE,ROCHAS TOWING SERVICE,N,,,,,,,,,,,,,,,,,,,,,,0,,,,,,,,,,3,1,0,0,0,1,0,0,0,,,,,,,,
16942172,1,1,N,N,43,1XKWDB0X16J122140,2005,16,54,1533,87,N,78645,1,1,16,4,3,,,,,,,Y,Y,N,N,1,2,78645,9,88000,0,N,,,,,5,13,,,,,,4,,,,,,,,,,8,1,0,0,0,1,0,0,0,N,0,,,,,N,
16942172,2,6,,,,,,,,,,,,,,,,,,,,,,,,,,,,,,,,,,,,,,,,,,,,,0,,,,,,,,,,9,2,0,0,0,0,0,0,0,,,60000,0,1,N,,
16942172,3,1,N,N,43,1YVHP82A395M25290,2009,16,63,2475,104,N,78717,1,1,3,5,11,,,,,,,N,,,,,,,,,,,,,,,,,,,,,,0,,,,,,,,,,8,1,0,0,0,1,0,0,0,,,,,,,,
16942173,1,1,N,N,43,2FMDK3AK0BBA75615,2011,2,37,1035,69,N,78617,1,2,2,6,12,,,,N,SPECIAL AUTOMOTIVE SERVICE INC,SPECIAL AUTOMOTIVE SERVICE INC,N,,,,,,,,,,,,,,,,,,,,,,20,,,,,,,,,,11,1,0,0,2,0,0,2,0,,,,,,,,
16942173,2,1,N,N,43,1GNSKCKC2FR731665,2015,21,107,547,69,N,78748,1,2,6,3,6,,,,N,EZ AUTO AND TOWING SERVICE,EZ AUTO AND TOWING SERVICE,N,,,,,,,,,,,,,,,,,,,,,,0,,,,,,,,,,11,1,0,0,0,2,0,0,0,,,,,,,,
16942174,1,1,N,N,43,3FA6P0HD1FR224194,2015,9,37,1097,104,N,78753,2,,2,3,12,,,,Y,EZ AUTO AND TOWING SERVICE,EZ AUTO AND TOWING SERVICE,N,,,,,,,,,,,,,,,,,,,,,,20,,,,,,,,,,6,1,0,0,0,1,0,0,0,,,,,,,,
16942174,2,1,N,N,43,1FAHP2MK5EG118507,2014,2,37,376,104,N,,1,7,6,3,6,,,,Y,AUSTIN EXPRESS TOWING INC.,AUSTIN EXPRESS TOWING INC.,N,,,,,,,,,,,,,,,,,,,,,,0,,,,,,,,,,6,1,0,0,0,1,0,0,0,,,,,,,,
16942175,1,1,N,N,43,KM8JU3AG5FU961308,2015,9,45,1431,104,N,78750,1,1,2,4,12,,,,N,620 LAKESIDE TOWING,620 LAKESIDE TOWING,N,,,,,,,,,,,,,,,,,,,,,,44,,,,,,,,,,5,1,0,1,0,1,0,1,0,,,,,,,,
16942175,2,1,N,N,43,1GCEK19H3RE111155,1994,16,107,2202,30,N,76655,1,1,6,1,6,,,,N,,,N,,,,,,,,,,,,,,,,,,,,,,0,,,,,,,,,,5,1,0,0,0,1,0,0,0,,,,,,,,
16942176,1,1,N,N,43,3N1BB6APXCL665273,2012,21,71,341,104,N,78758,1,1,11,2,10,,,,N,,,N,,,,,,,,,,,,,,,,,,,,,,4,,,,,,,,,,1,1,0,0,0,1,0,0,0,,,,,,,,
16942176,2,1,N,N,43,JA4AD2A38EZ007451,2014,21,68,775,103,N,78148,1,1,12,2,3,,,,Y,AVILES & GABES WRECKER SERVICE INC.,AVILES & GABES WRECKER SERVICE INC.,N,,,,,,,,,,,,,,,,,,,,,,0,,,,,,,,,,1,1,0,0,0,1,0,0,0,,,,,,,,
16942177,1,1,N,N,43,JN8AZ2KR2DT300441,2013,21,71,998,104,N,78757,1,1,2,4,12,,,,N,A-TEX TOWING,8200 S. CONGRESS AVE,N,,,,,,,,,,,,,,,,,,,,,,44,,,,,,,,,,5,1,0,1,0,0,0,1,0,,,,,,,,
16942177,2,1,N,N,43,5J6RE3H45BL038207,2011,9,44,605,104,N,78757,1,1,5,2,6,,,,N,,,N,,,,,,,,,,,,,,,,,,,,,,0,,,,,,,,,,5,1,0,0,0,2,0,0,0,,,,,,,,
16942178,1,1,N,Y,,,,2,107,2209,0,N,,,,,,,,,,,,,N,,,,,,,,,,,,,,,,,,,,,,,,,20,,,,,,,2,1,0,0,0,0,1,0,0,,,,,,,,
16942178,2,1,N,N,43,2C3CDXBGXCH270944,2012,3,109,74,104,N,78041,1,1,6,2,6,2,2,12,N,,,N,,,,,,,,,,,,,,,,,,,,,,0,,,,,,,,,,2,1,0,0,0,3,0,0,0,,,,,,,,
16942178,3,1,N,N,43,2B3KA43R48H180633,2008,21,109,74,104,N,78298,1,1,6,2,6,,,,N,,,N,,,,,,,,,,,,,,,,,,,,,,0,,,,,,,,,,2,2,0,0,0,2,0,0,0,,,,,,,,
16942179,1,1,N,N,43,JTHBN36F165052979,2006,17,58,1189,104,N,78725,1,1,4,7,,,,,N,SOUTHSIDE WRECKER INC,8200 S. CONGRESS AVE,N,,,,,,,,,,,,,,,,,,,,,,,,,22,,,,,,,4,1,0,0,0,0,0,0,0,,,,,,,,
16942180,1,1,N,N,43,KNAFU4A24C5475712,2012,21,55,1093,104,N,78640,1,2,14,3,3,,,,Y,STARS TOWING,STARS TOWING,N,,,,,,,,,,,,,,,,,,,,,,37,,,,,,,,,,5,1,0,0,0,1,0,0,0,,,,,,,,
16942180,2,1,N,N,43,2G1FK1EJ5A9207835,2010,21,107,46,100,N,77027,1,2,4,2,2,,,,Y,EZ AUTO AND TOWING SERVICE,EZ AUTO AND TOWING SERVICE,N,,,,,,,,,,,,,,,,,,,,,,0,,,,,,,,,,1,1,0,0,0,1,0,0,0,,,,,,,,
16942181,1,1,N,N,43,1FTEW1CF3FKD66901,2015,9,37,2324,30,N,78723,1,2,4,3,3,11,3,2,N,,,N,,,,,,,,,,,,,,,,,,,,,,0,,,,,,,,,,3,1,0,0,0,1,0,0,0,,,,,,,,
16942181,2,1,N,N,43,2B3CA3CV2AH197593,2010,3,109,74,104,N,78727,2,,11,3,,3,3,11,N,,,N,,,,,,,,,,,,,,,,,,,,,,0,,,,,,,,,,1,1,0,0,0,1,0,0,0,,,,,,,,
16942182,1,1,N,Y,,,,2,,,104,N,,,,,,,,,,,,,N,,,,,,,,,,,,,,,,,,,,,,0,,,,,,,,,,3,1,0,0,0,0,1,0,0,,,,,,,,
16942182,2,1,N,N,43,2GNALBEK7E6199281,2014,9,107,1048,104,N,78702,1,2,12,4,3,,,,N,EZ AUTO AND TOWING SERVICE,EZ AUTO AND TOWING SERVICE,N,,,,,,,,,,,,,,,,,,,,,,0,,,,,,,,,,5,1,0,0,0,2,0,0,0,,,,,,,,
16942183,1,1,N,N,43,1G2NG52E0YM794806,2000,10,118,153,104,N,78723,1,2,2,3,12,,,,N,,,N,,,,,,,,,,,,,,,,,,,,,,44,,,,,,,,,,3,1,0,0,0,2,0,0,0,,,,,,,,
16942183,2,1,N,N,43,3N1CB51D76L583753,2006,2,71,341,104,N,78752,2,,6,5,6,,,,N,,,N,,,,,,,,,,,,,,,,,,,,,,0,,,,,,,,,,3,1,1,0,0,0,0,1,0,,,,,,,,
16942211,1,1,N,N,43,1FVACWDT9CDBD5349,2012,22,38,1524,106,N,78254,2,,12,2,3,,,,N,,,N,,,,,,,,,,,,,,,,,,,,,,4,44,,,,,,,,,1,1,0,0,0,1,0,0,0,,,,,,,,
16942211,2,1,N,N,43,3C6UR5FL4JG223815,2018,21,109,82,30,N,78704,1,2,13,5,9,,,,N,SOUTHSIDE WRECKER INC,8300 BLUFF SPRINGS RD,N,,,,,,,,,,,,,,,,,,,,,,0,,,,,,,,,,1,1,0,0,0,1,0,0,0,,,,,,,,
16942212,1,1,N,N,43,5NPDH4AE7GH665339,2016,17,45,480,104,N,78702,2,,2,5,12,,,,N,,,N,,,,,,,,,,,,,,,,,,,,,,22,64,,,,,,,,,11,1,0,0,0,1,0,0,0,,,,,,,,
16942212,2,1,Y,N,43,1FTEW1C84HKD11734,2017,21,37,2324,30,N,78745,1,1,2,3,12,,,,N,,,N,,,,,,,,,,,,,,,,,,,,,,0,,,,,,,,,,11,1,0,0,0,0,0,0,0,,,,,,,,
16942213,1,1,N,Y,,,,17,,,104,N,,,,2,1,12,,,,,,,N,,,,,,,,,,,,,,,,,,,,,,34,,,,,,,,,,1,1,0,0,0,0,1,0,0,,,,,,,,
16942213,2,3,,,,,,,,,,,,,,,,,,,,,,,,,,,,,,,,,,,,,,,,,,,,,0,,,,,,,,,,9,1,0,0,1,0,0,1,0,,,,,,,,
16942214,1,1,N,N,43,1ZVBP8JS8A5147140,2010,2,37,96,104,N,77461,2,,2,3,12,,,,N,SPECIAL AUTOMOTIVE SERVICE INC,SPECIAL AUTOMOTIVE SERVICE INC,N,,,,,,,,,,,,,,,,,,,,,,,,,20,45,,,,,,6,1,0,0,0,1,0,0,0,,,,,,,,
16942214,2,1,N,N,43,5NPD84LF3HH187251,2017,,45,480,104,N,78704,1,1,6,3,6,15,1,9,N,SPECIAL AUTOMOTIVE SERVICE INC,SPECIAL AUTOMOTIVE SERVICE INC,N,,,,,,,,,,,,,,,,,,,,,,0,,,,,,,,,,6,1,0,0,0,1,0,0,0,,,,,,,,
16942214,3,1,N,N,43,3VW267AJ8GM299488,2016,,96,316,104,N,78741,1,1,8,1,5,,,,N,,,N,,,,,,,,,,,,,,,,,,,,,,0,,,,,,,,,,6,2,0,0,0,3,0,0,0,,,,,,,,
16942215,1,1,N,N,43,1G1ZT58F17F138618,2007,3,107,56,104,N,78640,2,,14,4,2,,,,,,,N,,,,,,,,,,,,,,,,,,,,,,0,,,,,,,,,,8,1,0,1,0,1,0,1,0,,,,,,,,
16942215,2,1,N,N,43,1C4NJPBAXFD179327,2015,17,429,1273,69,N,78660,1,1,7,2,7,,,,N,,,N,,,,,,,,,,,,,,,,,,,,,,0,,,,,,,,,,8,1,0,0,0,5,0,0,0,,,,,,,,
16942216,1,1,N,Y,,,,,,,104,N,,,,,,,,,,,,,N,,,,,,,,,,,,,,,,,,,,,,0,,,,,,,,,,5,1,0,0,0,0,0,0,0,,,,,,,,
16942216,2,1,N,N,43,1FAHP3HN5BW179335,2011,9,37,696,104,N,78744,1,1,15,3,11,,,,Y,,,N,,,,,,,,,,,,,,,,,,,,,,0,,,,,,,,,,1,1,0,1,0,0,0,1,0,,,,,,,,
16942217,1,1,N,N,43,JM3KE2CYXF0509522,2015,3,63,2471,69,N,78676,1,2,2,3,12,,,,N,A-TEX TOWING,5526 1/2 W HWY 290,N,,,,,,,,,,,,,,,,,,,,,,44,,,,,,,,,,1,1,0,0,0,1,0,0,0,,,,,,,,
16942217,2,1,N,N,43,1GNERGKW3JJ196685,2018,9,107,732,69,N,78746,1,2,6,1,6,,,,N,,,N,,,,,,,,,,,,,,,,,,,,,,0,,,,,,,,,,1,1,0,0,0,1,0,0,0,,,,,,,,
16942218,1,1,N,N,43,1FADP3K23EL175285,2014,3,37,696,104,N,78741,1,2,2,3,12,,,,N,ROCHAS TOWING SERVICE,ROCHAS TOWING SERVICE,N,,,,,,,,,,,,,,,,,,,,,,20,,,,,,,,,,7,1,0,0,0,1,0,0,0,,,,,,,,
16942218,2,1,N,N,43,1N6AD07U85C408802,2005,3,71,634,30,N,78957,1,2,8,2,5,,,,N,,,N,,,,,,,,,,,,,,,,,,,,,,0,,,,,,,,,,1,1,0,0,0,1,0,0,0,,,,,,,,
16942219,1,1,N,N,43,1HGCM56324A053431,2004,8,44,236,104,N,78704,1,2,2,4,12,,,,N,ARMADA TOWING,ARMADA TOWING,N,,,,,,,,,,,,,,,,,,,,,,19,,,22,,,,,,,3,1,0,0,0,1,0,0,0,,,,,,,,
16942219,2,1,N,N,43,1N4AL3AP1FC286737,2015,21,71,500,104,N,78738,1,2,6,5,6,,,,N,AVILES & GABES WRECKER SERVICE INC.,AVILES & GABES WRECKER SERVICE INC.,N,,,,,,,,,,,,,,,,,,,,,,0,,,,,,,,,,3,1,0,0,0,1,0,0,0,,,,,,,,
16942220,1,1,N,Y,43,1HGCS1B89BA010198,2011,17,44,236,100,N,,1,1,14,3,2,12,2,2,N,,,N,,,,,,,,,,,,,,,,,,,,,,,,,45,,,,,,,3,1,0,0,0,0,1,0,0,,,,,,,,
16942220,2,1,N,N,43,1FUJBBCG42LJ55048,2002,21,38,1524,106,N,78758,1,1,11,0,8,,,,N,,,N,,,,,,,,,,,,,,,,,,,,,,0,,,,,,,,,,3,1,0,0,0,1,0,0,0,,,,,,,,
16942220,3,1,N,N,43,1G4HD57267U113140,2007,9,105,1193,104,N,77091,2,,15,4,10,10,4,3,Y,SPECIAL AUTOMOTIVE SERVICE INC,SPECIAL AUTOMOTIVE SERVICE INC,N,,,,,,,,,,,,,,,,,,,,,,0,,,,,,,,,,3,2,0,1,0,0,0,1,0,,,,,,,,
16942221,1,1,N,N,43,1HGES26721L030084,2001,17,44,256,104,N,78753,1,2,12,3,1,11,1,11,N,ATX-VIP TOWING SERVICES,8071 N LAMAR BLVD,N,,,,,,,,,,,,,,,,,,,,,,20,,,,,,,,,,7,1,0,0,1,0,0,1,0,,,,,,,,
16942221,2,1,N,N,43,2C4RDGBG2ER102556,2014,21,109,550,103,N,48310,1,2,10,1,5,,,,N,,,N,,,,,,,,,,,,,,,,,,,,,,0,,,,,,,,,,7,1,0,1,1,0,1,2,0,,,,,,,,
16942221,3,1,Y,N,43,3B7HC13Y1TG124473,1996,16,109,2275,30,N,78758,,,,,,,,,,,,N,,,,,,,,,,,,,,,,,,,,,,0,,,,,,,,,,7,2,0,0,0,0,0,0,0,,,,,,,,
16942224,1,1,N,N,43,5TBRT3418YS099297,2000,9,91,687,30,N,78729,1,1,3,3,11,,,,N,620 LAKESIDE TOWING,620 LAKESIDE TOWING,N,,,,,,,,,,,,,,,,,,,,,,24,,,,,,,,,,6,1,0,0,0,1,0,0,0,,,,,,,,
16942224,2,1,Y,N,43,2GCEC13C581133202,2008,2,107,658,30,N,78758,1,1,,,,,,,N,620 LAKESIDE TOWING,620 LAKESIDE TOWING,N,,,,,,,,,,,,,,,,,,,,,,0,,,,,,,,,,4,1,0,0,0,0,0,0,0,,,,,,,,
16942226,1,1,N,N,43,1FAFP38373W327900,2003,17,37,696,104,N,78741,1,1,12,2,2,,,,N,,,N,,,,,,,,,,,,,,,,,,,,,,48,32,,,,,,,,,3,1,0,0,0,1,0,0,0,,,,,,,,
16942226,2,1,N,N,43,1FM5K8AR9HGB22902,2017,2,37,554,69,Y,78701,1,1,3,1,10,2,1,11,N,,,N,,,,,,,,,,,,,,,,,,,,,,48,37,,,,,,,,,3,1,0,0,0,1,0,0,0,,,,,,,,
16942227,1,1,N,N,43,JHLRD684X3C013656,2003,2,44,605,69,N,78154,1,2,4,7,1,27,0,,N,ARMADA TOWING,ARMADA TOWING,N,,,,,,,,,,,,,,,,,,,,,,20,41,,,,,,,,,6,1,0,1,0,0,0,1,0,,,,,,,,
16942227,2,1,N,N,43,1HSHGALRXTH308949,1996,21,48,110,106,N,78634,1,2,13,1,8,,,,N,NONE,,N,,,,,,,,,,,,,,,,,,,,,,0,,,,,,,,,,6,1,0,0,0,3,0,0,0,,,,,,,,
16942228,1,1,N,N,43,5J6RM3H76DL049586,2013,21,44,605,104,N,78628,1,2,2,3,12,,,,N,620 LAKESIDE TOWING,620 LAKESIDE TOWING,N,,,,,,,,,,,,,,,,,,,,,,44,,,,,,,,,,5,1,0,1,0,0,0,1,0,,,,,,,,
16942228,2,1,N,N,43,5J6RE4H53AL097687,2010,17,44,605,104,N,78717,1,2,6,2,6,,,,Y,620 LAKESIDE TOWING,620 LAKESIDE TOWING,N,,,,,,,,,,,,,,,,,,,,,,0,,,,,,,,,,5,1,0,1,0,0,0,1,0,,,,,,,,