Crash_ID,Unit_Nbr,Unit_Desc_ID,Veh_Parked_Fl,Veh_HNR_Fl,Veh_Lic_State_ID,VIN,Veh_Mod_Year,Veh_Color_ID,Veh_Make_ID,Veh_Mod_ID,Veh_Body_Styl_ID,Emer_Respndr_Fl,Ownr_Zip,Fin_Resp_Proof_ID,Fin_Resp_Type_ID,Veh_Dmag_Area_1_ID,Veh_Dmag_Scl_1_ID,Force_Dir_1_ID,Veh_Dmag_Area_2_ID,Veh_Dmag_Scl_2_ID,Force_Dir_2_ID,Veh_Inventoried_Fl,Veh_Transp_Name,Veh_Transp_Dest,Veh_Cmv_Fl,Cmv_Fiveton_Fl,Cmv_Hazmat_Fl,Cmv_Nine_Plus_Pass_Fl,Cmv_Veh_Oper_ID,Cmv_Carrier_ID_Type_ID,Cmv_Carrier_Zip,Cmv_Veh_Type_ID,Cmv_GVWR,Cmv_RGVW,Cmv_Hazmat_Rel_Fl,Hazmat_Cls_1_ID,Hazmat_IDNbr_1_ID,Hazmat_Cls_2_ID,Hazmat_IDNbr_2_ID,Cmv_Cargo_Body_ID,Cmv_Evnt1_ID,Cmv_Evnt2_ID,Cmv_Evnt3_ID,Cmv_Evnt4_ID,Cmv_Tot_Axle,Cmv_Tot_Tire,Contrib_Factr_1_ID,Contrib_Factr_2_ID,Contrib_Factr_3_ID,Contrib_Factr_P1_ID,Contrib_Factr_P2_ID,Veh_Dfct_1_ID,Veh_Dfct_2_ID,Veh_Dfct_3_ID,Veh_Dfct_P1_ID,Veh_Dfct_P2_ID,Veh_Trvl_Dir_ID,First_Harm_Evt_Inv_ID,Sus_Serious_Injry_Cnt,Nonincap_Injry_Cnt,Poss_Injry_Cnt,Non_Injry_Cnt,Unkn_Injry_Cnt,Tot_Injry_Cnt,Death_Cnt,Cmv_Disabling_Damage_Fl,Cmv_Bus_Type_ID,Trlr_GVWR,Trlr_RGVW,Trlr_Type_ID,Trlr_Disabling_Dmag_ID,Cmv_Intermodal_Container_Permit_Fl,CMV_Actual_Gross_Weight
16946159,1,1,N,N,43,1C3CCBAG3DN767737,2013,17,21,2258,104,N,,1,2,2,3,12,,,,N,620 LAKESIDE TOWING,620 LAKESIDE TOWING,N,,,,,,,,,,,,,,,,,,,,,,0,,,,,,,,,,2,1,0,0,0,1,0,0,0,,,,,,,,
16946159,2,1,N,N,43,JN1CV6AP0CM625317,2012,3,47,1102,104,N,78727,1,2,13,2,10,,,,N,,,N,,,,,,,,,,,,,,,,,,,,,,37,,,,,,,,,,8,1,0,0,0,1,0,0,0,,,,,,,,
16946160,1,1,N,N,43,5NPDH4AE8CH078593,2012,3,45,480,104,N,78660,1,1,11,1,9,,,,N,,,N,,,,,,,,,,,,,,,,,,,,,,20,,,,,,,,,,1,1,0,0,0,1,0,0,0,,,,,,,,
16946160,2,1,Y,N,43,3C7WRKCL3GG251640,2016,22,37,602,9,Y,78702,4,,14,1,3,,,,N,,,N,,,,,,,,,,,,,,,,,,,,,,0,,,,,,,,,,1,1,0,0,0,1,0,0,0,,,,,,,,
16946161,1,1,N,N,43,1GCEC19X26Z171985,2006,21,107,658,30,N,78752,1,1,2,5,12,,,,,,,N,,,,,,,,,,,,,,,,,,,,,,45,,,,,,,,,,8,1,0,0,0,1,0,0,0,,,,,,,,
16946161,2,1,Y,N,43,1V2DR2CA3KC502802,2019,21,96,184,104,N,78752,,,6,2,6,,,,,,,N,,,,,,,,,,,,,,,,,,,,,,0,,,,,,,,,,1,2,0,0,0,0,0,0,0,,,,,,,,
16946162,1,1,N,N,9,2C4RC1BG1JR120220,2018,2,21,1270,103,N,32827,2,,2,2,12,,,,N,EZ AUTO AND TOWING SERVICE,EZ AUTO AND TOWING SERVICE,N,,,,,,,,,,,,,,,,,,,,,,44,20,,,,,,,,,7,1,0,0,0,1,0,0,0,,,,,,,,
16946162,2,1,N,N,5,5YFBURHEXFP344676,2015,2,91,173,104,N,75238,1,2,6,3,6,,,,N,N/A,N/A,N,,,,,,,,,,,,,,,,,,,,,,0,,,,,,,,,,7,1,0,2,0,0,0,2,0,,,,,,,,
16946163,1,1,N,N,43,JT3GN86R520256940,2002,2,91,395,69,N,78725,1,2,4,3,2,1,2,12,Y,SPECIAL AUTOMOTIVE SERVICE INC,SPECIAL AUTOMOTIVE SERVICE INC,N,,,,,,,,,,,,,,,,,,,,,,,,,20,,,,,,,8,1,0,0,0,1,0,0,0,,,,,,,,
16946163,2,1,N,N,43,1FM5K7F88FGB30982,2015,2,37,554,69,N,78660,1,2,15,3,8,,,,Y,ROCHAS TOWING SERVICE,ROCHAS TOWING SERVICE,N,,,,,,,,,,,,,,,,,,,,,,0,,,,,,,,,,8,1,0,0,0,1,0,0,0,,,,,,,,
16946164,1,1,N,N,43,1G1JE6SBXF4189385,2015,21,107,2243,104,N,78660,1,1,11,2,9,,,,Y,ARMADA TOWING,ARMADA TOWING,N,,,,,,,,,,,,,,,,,,,,,,22,67,,,,,,,,,1,1,0,0,0,1,0,0,0,,,,,,,,
16946165,1,1,N,N,43,1D7HE32N98S565349,2008,21,109,2270,30,N,78653,4,,14,0,4,,,,N,NONE,NONE,N,,,,,,,,,,,,,,,,,,,,,,0,,,,,,,,,,7,1,0,0,0,1,0,0,0,,,,,,,,
16946165,2,1,Y,N,43,3N1AB7AP9FY253242,2015,21,71,341,104,N,78744,1,1,11,0,11,,,,N,NONE,NONE,N,,,,,,,,,,,,,,,,,,,,,,0,,,,,,,,,,7,1,0,0,0,1,0,0,0,,,,,,,,
16946166,1,1,N,N,43,2G4WS52J131299283,2003,1,105,25,104,N,78758,1,2,13,1,7,,,,N,,,N,,,,,,,,,,,,,,,,,,,,,,0,,,,,,,,,,3,1,0,0,0,1,0,0,0,,,,,,,,
16946166,2,3,,,,,,,,,,,,,,,,,,,,,,,,,,,,,,,,,,,,,,,,,,,,,0,,,,,,,,,,9,1,1,0,0,0,0,1,0,,,,,,,,
16946168,1,1,N,N,43,1C4HJWEG9DL551332,2013,17,429,3662,69,N,77450,1,2,4,3,,,,,N,STARS TOWING,STARS TOWING,N,,,,,,,,,,,,,,,,,,,,,,44,22,,,,,,,,,5,1,0,1,0,0,0,1,0,,,,,,,,
16946168,2,1,N,N,43,2G1115SL5F9124701,2015,2,107,53,104,N,78660,1,2,7,4,,,,,N,620 LAKESIDE TOWING,620 LAKESIDE TOWING,N,,,,,,,,,,,,,,,,,,,,,,0,,,,,,,,,,5,1,0,0,1,0,0,1,0,,,,,,,,
16946168,3,1,N,N,43,5YFBURHE1GP483225,2016,9,91,173,104,N,78758,1,2,6,2,,,,,N,,,N,,,,,,,,,,,,,,,,,,,,,,0,,,,,,,,,,5,2,0,0,0,2,0,0,0,,,,,,,,
16946170,1,1,N,N,43,1FTPW12508KB94458,2008,21,37,2324,30,N,78717,1,2,15,6,9,,,,N,FINGER TOWING SERVICE,FINGER TOWING SERVICE,N,,,,,,,,,,,,,,,,,,,,,,35,,,20,19,,,,,,4,1,0,0,1,0,0,1,0,,,,,,,,
16946170,2,1,N,N,43,5TDYZ3DC3HS793110,2017,17,91,648,103,N,78717,1,2,2,7,12,,,,N,AVILES & GABES WRECKER SERVICE INC.,AVILES & GABES WRECKER SERVICE INC.,N,,,,,,,,,,,,,,,,,,,,,,0,,,,,,,,,,6,1,0,0,1,0,0,1,0,,,,,,,,
16946172,1,1,N,N,43,3N1AB7AP6GY316069,2016,21,71,341,104,N,78759,1,2,2,5,,,,,N,EZ AUTO AND TOWING SERVICE,EZ AUTO AND TOWING SERVICE,N,,,,,,,,,,,,,,,,,,,,,,44,,,20,19,,,,,,6,1,0,0,1,2,0,1,0,,,,,,,,
16946172,2,1,N,N,43,1D8GT28K77W590987,2007,16,109,1260,69,N,78724,1,2,5,1,6,,,,N,,,N,,,,,,,,,,,,,,,,,,,,,,0,,,,,,,,,,6,1,0,0,0,2,0,0,0,,,,,,,,
16946173,1,1,N,N,43,1N6BD0CT6JN738468,2018,21,71,634,30,N,,2,,2,5,12,,,,Y,ROCHAS TOWING SERVICE,ROCHAS TOWING SERVICE,N,,,,,,,,,,,,,,,,,,,,,,0,,,,,,,,,,3,1,0,0,0,1,0,0,0,,,,,,,,
16946173,2,1,N,N,43,5FNYF5H86HB031954,2017,,44,761,104,N,78660,1,2,6,1,6,,,,N,,,N,,,,,,,,,,,,,,,,,,,,,,0,,,,,,,,,,3,1,0,0,0,1,0,0,0,,,,,,,,
16946174,1,1,N,N,43,1FAFP4049XF231962,1999,17,37,96,100,N,78626,1,2,3,6,12,15,4,3,Y,STARS TOWING,STARS TOWING,N,,,,,,,,,,,,,,,,,,,,,,67,,,,,,,,,,4,1,0,0,0,0,1,0,0,,,,,,,,
16946175,1,1,N,N,43,1G8AJ52F33Z162649,2003,3,81,779,104,N,78006,1,1,1,1,12,,,,N,,,N,,,,,,,,,,,,,,,,,,,,,,0,,,,,,,,,,1,1,0,0,0,0,0,0,0,,,,,,,,
16946175,2,1,Y,N,43,JM3TB3MV3A0226153,2010,10,63,1009,104,N,78626,1,1,5,1,6,,,,N,,,N,,,,,,,,,,,,,,,,,,,,,,0,,,,,,,,,,1,2,0,0,0,0,0,0,0,,,,,,,,
16946175,3,4,,,,,,,,,,,,,,,,,,,,,,,,,,,,,,,,,,,,,,,,,,,,,0,,,,,,,,,,9,1,0,1,0,0,0,1,0,,,,,,,,
16946176,1,1,N,N,43,5NPDH4AE7GH712014,2016,17,45,480,104,N,78738,1,1,12,2,5,,,,Y,FINGER TOWING,FINGER TOWING SERVICE,N,,,,,,,,,,,,,,,,,,,,,,4,,,,,,,,,,3,1,0,0,0,1,0,0,0,,,,,,,,
16946176,2,1,N,N,43,5NPEC4AB2CH424629,2012,9,45,462,104,N,78759,1,1,13,2,,,,,N,,,N,,,,,,,,,,,,,,,,,,,,,,0,,,,,,,,,,3,1,0,0,0,1,0,0,0,,,,,,,,
16946177,1,1,N,N,43,1FTSS3EL2DDB31811,2013,21,37,101,47,N,76051,1,2,2,2,12,,,,N,NA,NA,N,,,,,,,,,,,,,,,,,,,,,,0,,,,,,,,,,5,1,0,0,0,1,3,0,0,,,,,,,,
16946177,2,1,N,N,43,2HGFG12678H539110,2008,17,44,256,100,N,78705,1,2,8,5,6,3,3,12,N,ROCHAS TOWING SERVICE,ROCHAS TOWING SERVICE,N,,,,,,,,,,,,,,,,,,,,,,0,,,,,,,,,,5,1,0,0,0,1,0,0,0,,,,,,,,
16946177,3,1,N,N,43,2T3JFREV1HW687640,2017,2,91,178,104,N,78261,1,2,6,3,6,,,,N,NA,NA,N,,,,,,,,,,,,,,,,,,,,,,0,,,,,,,,,,5,2,0,0,0,3,0,0,0,,,,,,,,
16946178,1,1,N,Y,43,1FTRF07232KB68381,2002,21,37,2324,30,N,78666,2,,3,0,12,,,,N,SOUTHSIDE WRECKER INC,8200 S. CONGRESS AVE,N,,,,,,,,,,,,,,,,,,,,,,0,,,,,,,,,,5,1,0,0,0,1,0,0,0,,,,,,,,
16946178,2,4,,,,,,,,,,,,,,,,,,,,,,,,,,,,,,,,,,,,,,,,,,,,,0,,,,,,,,,,9,1,0,1,0,0,0,1,0,,,,,,,,
16946179,1,1,N,N,43,1FTEX1CF6HKE39548,2017,21,37,2324,30,N,78702,1,7,4,1,11,,,,N,,,N,,,,,,,,,,,,,,,,,,,,,,0,,,,,,,,,,1,1,0,0,0,1,0,0,0,,,,,,,,
16946179,2,1,N,N,43,5N1BA0ND8BN621702,2011,21,71,784,69,N,77087,3,2,5,1,6,,,,N,,,N,,,,,,,,,,,,,,,,,,,,,,0,,,,,,,,,,1,1,0,0,0,1,0,0,0,,,,,,,,
16946202,1,1,N,N,43,JTHBK1GG2E2144350,2014,17,58,2437,104,N,78628,1,1,11,3,9,,,,,,,N,,,,,,,,,,,,,,,,,,,,,,20,,,,,,,,,,5,1,0,0,0,1,0,0,0,,,,,,,,
16946202,2,1,N,N,43,5XYPGDA54GG108542,2016,16,55,767,104,N,78612,1,1,10,3,3,,,,,,,N,,,,,,,,,,,,,,,,,,,,,,0,,,,,,,,,,7,1,0,0,1,3,0,1,0,,,,,,,,
16946203,1,1,N,Y,43,JT2BF22K7Y0285074,2000,2,91,380,104,N,78758,2,,4,3,12,16,2,1,N,ROCHAS TOWING SERVICE,ROCHAS TOWING SERVICE,N,,,,,,,,,,,,,,,,,,,,,,22,4,,20,,,,,,,7,1,0,0,0,0,1,0,0,,,,,,,,
16946203,2,1,N,N,43,1FMFU15567LA96276,2007,16,37,601,69,N,,1,1,7,2,6,,,,N,,,N,,,,,,,,,,,,,,,,,,,,,,0,,,,,,,,,,7,1,0,0,1,1,0,1,0,,,,,,,,
16946204,1,1,N,N,43,3N1AB7AP2EY246180,2014,9,71,341,104,N,78613,1,2,4,6,1,,,,Y,620 LAKESIDE TOWING,620 LAKESIDE TOWING,N,,,,,,,,,,,,,,,,,,,,,,60,,,41,,,,,,,5,1,0,0,0,1,0,0,0,,,,,,,,
16946205,1,1,N,N,43,2T1BU4EE2DC118099,2013,9,91,173,104,N,78741,1,1,2,3,12,,,,Y,HARPERS TOWING SERVICE INC,HARPERS TOWING SERVICE INC,N,,,,,,,,,,,,,,,,,,,,,,44,,,,,,,,,,1,1,0,0,0,1,0,0,0,,,,,,,,
16946205,2,1,N,N,43,1FVMALCK27DX78949,2007,10,38,1524,106,N,78744,1,1,10,3,12,,,,N,NOT TOWED,NOT TOWED,N,,,,,,,,,,,,,,,,,,,,,,0,,,,,,,,,,1,1,0,0,0,1,0,0,0,,,,,,,,
16946206,1,1,N,N,43,2HGES26762H578720,2002,21,44,256,104,N,77379,1,1,16,7,3,,,,N,OWNER,UNKNOWN,N,,,,,,,,,,,,,,,,,,,,,,19,20,,,,,,,,,1,1,0,0,0,2,0,0,0,,,,,,,,
16946206,2,1,N,N,43,JT3GM84R3W0025241,1998,2,91,395,69,N,78723,1,1,1,7,12,,,,N,DRIVER,UNKNOWN,N,,,,,,,,,,,,,,,,,,,,,,0,,,,,,,,,,5,1,0,0,0,1,0,0,0,,,,,,,,
16946207,1,1,N,N,43,KMHGN4JE7GU114903,2016,3,45,1107,104,N,78735,1,2,2,4,12,,,,N,ROCHAS TOWING SERVICE,ROCHAS TOWING SERVICE,N,,,,,,,,,,,,,,,,,,,,,,20,,,,,,,,,,3,1,0,0,0,1,0,0,0,,,,,,,,
16946207,2,1,N,N,43,5N1AL0MN9FC546526,2015,3,47,3579,104,N,78746,1,2,6,2,6,,,,N,,,N,,,,,,,,,,,,,,,,,,,,,,0,,,,,,,,,,3,1,0,0,0,1,0,0,0,,,,,,,,
16946208,1,1,N,N,43,1XP5D59X3KN271842,1989,13,74,4054,87,N,78640,1,1,4,2,3,9,2,11,N,,,Y,Y,N,N,2,2,78640,9,0,80000,N,,,,,5,13,,,,,,0,,,,,,,,,,1,1,0,0,0,1,0,0,0,N,0,,,,,N,
16946208,2,6,,,,,,,,,,,78265,,,,,,,,,,,,,,,,,,,,,,,,,,,,,,,,,,0,,,,,,,,,,9,2,0,0,0,0,0,0,0,,,0,20000,2,N,,
16946208,3,1,N,N,43,JTDBR32E352066529,2005,17,91,173,104,N,,1,1,13,3,9,9,3,11,N,A-TEX TOWING,5526 1/2 W HWY 290,N,,,,,,,,,,,,,,,,,,,,,,4,,,,,,,,,,1,1,0,0,1,0,0,1,0,,,,,,,,
16946209,1,1,N,N,43,4T4BF1FK1GR564296,2016,9,91,380,104,N,78757,1,2,6,2,6,,,,N,,,N,,,,,,,,,,,,,,,,,,,,,,0,,,,,,,,,,3,1,0,0,0,1,0,0,0,,,,,,,,
16946209,2,1,N,N,5,1N4AL11DX6N356041,2006,17,71,500,104,N,78745,2,,2,2,12,,,,N,HARPERS TOWING SERVICE INC,HARPERS TOWING SERVICE INC,N,,,,,,,,,,,,,,,,,,,,,,0,,,,,,,,,,5,1,0,0,0,1,0,0,0,,,,,,,,
16946210,1,1,N,N,43,JKAVN2D149A030450,2009,11,53,3779,71,Y,78721,1,1,2,3,12,,,,N,MR EAST TOWING,MR EAST TOWING,N,,,,,,,,,,,,,,,,,,,,,,0,,,,,,,,,,7,1,0,0,1,0,0,1,0,,,,,,,,
16946211,1,1,N,N,43,5NPET4ACXAH592282,2010,18,45,462,104,N,78729,1,2,2,2,11,,,,,,,N,,,,,,,,,,,,,,,,,,,,,,35,,,,,,,,,,5,1,0,0,0,1,0,0,0,,,,,,,,
16946211,2,1,N,N,43,5YFBURHE9JP850248,2018,21,91,173,104,N,75025,1,2,10,3,3,,,,N,PERSONAL TOW,PERSONAL TOW,N,,,,,,,,,,,,,,,,,,,,,,0,,,,,,,,,,7,1,0,0,0,3,0,0,0,,,,,,,,
16946212,1,1,N,N,43,1HGFA16838L006168,2008,8,44,256,104,N,78745,1,1,2,3,12,,,,Y,ROCHAS TOWING SERVICE,ROCHAS TOWING SERVICE,N,,,,,,,,,,,,,,,,,,,,,,67,,,,,,,,,,5,1,0,0,0,1,0,0,0,,,,,,,,
16946212,2,1,N,N,43,WMWZC3C54BWL78469,2011,3,115,742,104,N,78654,1,1,6,2,6,,,,N,,,N,,,,,,,,,,,,,,,,,,,,,,0,,,,,,,,,,5,1,0,0,2,0,0,2,0,,,,,,,,
16946214,1,1,N,N,43,1N4AL2AP9CN529723,2012,21,71,500,104,N,78745,1,2,2,2,12,,,,N,,,N,,,,,,,,,,,,,,,,,,,,,,20,,,,,,,,,,7,1,0,0,0,2,0,0,0,,,,,,,,
16946214,2,1,N,N,43,2HGFA168X9H532456,2009,3,44,236,104,N,78745,1,2,15,4,9,,,,N,HARPERS TOWING SERVICE INC,HARPERS TOWING SERVICE INC,N,,,,,,,,,,,,,,,,,,,,,,0,,,,,,,,,,3,1,0,0,0,1,0,0,0,,,,,,,,
16946223,1,1,N,Y,,,,2,63,272,0,N,,,,,,,,,,,,,N,,,,,,,,,,,,,,,,,,,,,,4,,,,,,,,,,7,1,0,0,0,0,1,0,0,,,,,,,,
16946223,2,1,N,N,43,1HGCP26449A101890,2009,8,44,236,104,N,78705,1,2,2,2,2,,,,Y,EZ AUTO AND TOWING SERVICE,807 WEST 25TH ST,N,,,,,,,,,,,,,,,,,,,,,,0,,,,,,,,,,7,1,0,0,0,1,0,0,0,,,,,,,,
16946224,1,1,N,N,43,4T1BE32K73U666498,2003,3,91,380,104,N,78652,1,2,1,2,12,,,,N,HARPERS TOWING SERVICE INC,HARPERS TOWING SERVICE INC,N,,,,,,,,,,,,,,,,,,,,,,33,20,,,,,,,,,7,1,0,0,1,0,0,1,0,,,,,,,,
16946224,2,1,N,N,43,3TMKU4HN6EM039006,2014,9,91,629,30,N,78652,1,2,4,2,1,,,,N,ATX-VIP TOWING SERVICES,ATX-VIP TOWING SERVICES,N,,,,,,,,,,,,,,,,,,,,,,0,,,,,,,,,,1,1,0,0,0,1,0,0,0,,,,,,,,
16946225,1,1,N,N,43,5FNRL5H46EB129968,2014,21,44,571,103,N,78744,1,2,4,3,12,,,,,,,N,,,,,,,,,,,,,,,,,,,,,,0,,,,,,,,,,7,1,0,0,0,2,0,0,0,,,,,,,,
16946225,2,1,N,N,43,3CZRU5H33JG703283,2018,2,44,107,100,N,76502,1,2,3,3,12,,,,N,SPECIAL AUTOMOTIVE SERVICE INC,SPECIAL AUTOMOTIVE SERVICE INC,N,,,,,,,,,,,,,,,,,,,,,,0,,,,,,,,,,3,1,0,0,0,1,0,0,0,,,,,,,,
16946226,1,1,N,N,43,1FMCU9G92DUC87426,2013,17,37,711,69,N,78738,1,2,2,4,12,,,,N,A-TEX TOWING,A-TEX TOWING,N,,,,,,,,,,,,,,,,,,,,,,19,,,,,,,,,,8,1,0,0,0,1,0,0,0,,,,,,,,
16946226,2,1,N,N,43,JHLRD68402C025362,2002,17,44,605,69,N,78746,1,2,6,2,6,,,,N,,,N,,,,,,,,,,,,,,,,,,,,,,0,,,,,,,,,,8,1,0,0,1,0,0,1,0,,,,,,,,
16946226,3,1,N,N,43,3N1CE2CP2HL374789,2017,21,71,1452,104,N,78744,1,2,6,2,6,,,,N,,,N,,,,,,,,,,,,,,,,,,,,,,0,,,,,,,,,,8,2,0,0,1,0,0,1,0,,,,,,,,
16946230,1,1,N,N,18,1G1PA5SH9D7211652,2013,8,107,2209,104,N,78704,1,1,3,3,11,,,,N,EZ AUTO AND TOWING SERVICE,EZ AUTO AND TOWING SERVICE,N,,,,,,,,,,,,,,,,,,,,,,44,,,,,,,,,,8,1,0,0,0,1,0,0,0,,,,,,,,
16946230,2,1,N,N,43,5TFAZ5CN0JX064823,2018,17,91,629,104,N,77346,1,1,8,2,5,,,,N,,,N,,,,,,,,,,,,,,,,,,,,,,0,,,,,,,,,,8,1,0,0,0,3,0,0,0,,,,,,,,
16946231,1,1,N,N,43,JTDKB20U783344520,2008,9,91,702,104,N,78640,1,2,2,2,12,,,,N,,,N,,,,,,,,,,,,,,,,,,,,,,,,,45,,,,,,,11,1,0,0,0,0,1,0,0,,,,,,,,
16946232,1,1,N,N,43,2HNYD2H50BH522185,2011,9,1,705,69,N,78746,1,1,,,,,,,Y,SOUTHSIDE WRECKER INC,8200 S. CONGRESS AVE,N,,,,,,,,,,,,,,,,,,,,,,44,,,45,,,,,,,11,1,0,0,0,1,0,0,0,,,,,,,,
16946232,2,1,N,N,43,WDDHF9BB0EB003289,2014,17,65,118,104,N,78738,1,1,5,0,6,,,,,,,N,,,,,,,,,,,,,,,,,,,,,,0,,,,,,,,,,11,1,0,0,0,1,0,0,0,,,,,,,,
16946233,1,1,N,N,43,KNDJN2A27E7038518,2014,2,55,1357,104,N,78758,1,2,13,2,,,,,N,,,N,,,,,,,,,,,,,,,,,,,,,,0,,,,,,,,,,4,1,0,0,0,1,0,0,0,,,,,,,,
16946233,2,1,N,N,43,5J6RM3H72EL030325,2014,21,44,605,69,N,78758,1,1,2,1,11,,,,N,,,N,,,,,,,,,,,,,,,,,,,,,,0,,,,,,,,,,2,1,0,0,1,1,0,1,0,,,,,,,,
16946234,1,1,N,N,43,KNDCC3LC4H5089016,2017,2,55,611,104,N,78613,1,2,2,2,12,,,,N,,,N,,,,,,,,,,,,,,,,,,,,,,41,,,,,,,,,,4,1,0,0,0,2,0,0,0,,,,,,,,
16946235,1,1,N,N,43,3GNAXJEV7JS545107,2018,9,107,1048,69,N,75043,1,7,2,2,12,,,,N,,,N,,,,,,,,,,,,,,,,,,,,,,44,,,,,,,,,,6,1,0,0,0,1,0,0,0,,,,,,,,
16946235,2,1,N,N,43,WDCTG4EB1JJ401069,2018,9,65,2490,69,N,78613,1,2,6,1,6,,,,N,,,N,,,,,,,,,,,,,,,,,,,,,,0,,,,,,,,,,6,1,0,0,0,1,0,0,0,,,,,,,,
16946236,1,1,N,N,43,3GCPCSE02DG243191,2013,21,107,2202,30,N,78644,1,1,2,7,12,16,5,1,N,ROCHAS TOWING SERVICE,ROCHAS TOWING SERVICE,N,,,,,,,,,,,,,,,,,,,,,,44,22,,,,,,,,,5,1,0,0,1,0,0,1,0,,,,,,,,
16946236,2,1,N,N,43,1C4RJEAG6FC895269,2015,2,429,970,69,N,78741,1,2,2,6,11,13,5,9,N,STARS TOWING,STARS TOWING,N,,,,,,,,,,,,,,,,,,,,,,0,,,,,,,,,,5,1,0,0,0,1,0,0,0,,,,,,,,
16946236,3,1,N,N,43,5NPD74LF5HH152133,2017,17,45,480,104,N,75261,1,7,6,6,6,,,,N,STARS TOWING,STARS TOWING,N,,,,,,,,,,,,,,,,,,,,,,0,,,,,,,,,,5,2,0,0,0,4,0,0,0,,,,,,,,
16946237,1,1,N,Y,43,1G1ZE5ST2HF120073,2017,2,107,53,104,N,78744,1,1,1,4,12,,,,Y,,,N,,,,,,,,,,,,,,,,,,,,,,20,,,,,,,,,,1,1,0,0,0,1,0,0,0,,,,,,,,
16946237,2,1,N,Y,113,,,99,,,0,N,,,,,,,,,,N,,,N,,,,,,,,,,,,,,,,,,,,,,0,,,,,,,,,,1,1,0,0,0,0,1,0,0,,,,,,,,
16946238,1,1,N,N,43,JTDKB22U167060660,2006,16,91,702,104,N,78748,1,2,10,5,3,,,,N,ROCHAS TOWING SERVICE,ROCHAS TOWING SERVICE,N,,,,,,,,,,,,,,,,,,,,,,37,77,,,,,,,,,5,1,0,0,0,1,0,0,0,,,,,,,,
16946238,2,1,N,N,43,1C6RD7KT1CS228035,2012,16,710,2522,30,N,78741,1,2,4,3,11,,,,,,,N,,,,,,,,,,,,,,,,,,,,,,0,,,,,,,,,,1,1,0,0,0,2,0,0,0,,,,,,,,
16946280,1,1,N,N,43,1XPTD49XXCD144157,2011,5,74,4052,87,N,78759,1,1,,,,,,,Y,,,Y,Y,N,N,1,2,78759,9,0,15400,N,,,,,6,3,,,,,,22,,,,,,,,,,2,1,0,0,0,1,0,0,0,Y,0,,,,,N,
16946280,2,6,,,,,,,,,,,78759,,,,,,,,,,,,,,,,,,,,,,,,,,,,,,,,,,0,,,,,,,,,,9,2,0,0,0,0,0,0,0,,,0,15400,1,N,,
16946281,1,1,N,N,49,1FMCU0F72GUB23240,2016,21,37,711,69,N,78731,1,1,1,7,12,,,,N,ROCHAS TOWING SERVICE,ROCHAS TOWING SERVICE,N,,,,,,,,,,,,,,,,,,,,,,19,20,,,,,,,,,5,1,0,0,0,1,0,0,0,,,,,,,,
16946281,2,1,N,N,43,1FTEW1CM1BKD85648,2011,17,37,2324,30,N,78666,1,1,5,6,6,,,,N,OWNER,UNKNOWN,N,,,,,,,,,,,,,,,,,,,,,,0,,,,,,,,,,5,1,0,0,0,1,0,0,0,,,,,,,,
16946282,1,1,N,N,43,1GNALBEK8FZ131335,2015,2,107,1048,104,N,78745,1,1,3,3,12,,,,Y,ROCHAS TOWING SERVICE,ROCHAS TOWING SERVICE,N,,,,,,,,,,,,,,,,,,,,,,45,,,,,,,,,,3,1,0,0,0,1,0,0,0,,,,,,,,
16946282,2,1,Y,N,43,2CNDL73F356080938,2005,2,107,1048,104,N,78702,1,1,3,4,12,,,,N,,,N,,,,,,,,,,,,,,,,,,,,,,0,,,,,,,,,,7,1,0,0,0,1,0,0,0,,,,,,,,
16946283,1,1,N,N,25,3HSDWTZR1KN563319,2019,21,48,3583,92,Y,65802,1,1,16,1,3,,,,N,DRIVEN FROM SCENE BY EMPLOYEE,DRIVEN FROM SCENE BY EMPLOYEE,Y,Y,N,N,1,4,6582,7,19000,0,N,,,,,13,13,,,,,,4,20,,,,,,,,,5,1,0,0,0,1,0,0,0,N,0,,,,,N,
16946283,2,1,N,N,43,3VWPW31C68M507370,2008,10,96,181,104,Y,,1,1,15,2,9,,,,N,STARS TOW,STARS TOW,N,,,,,,,,,,,,,,,,,,,,,,0,,,,,,,,,,5,1,0,0,0,1,0,0,0,,,,,,,,
16946284,1,1,N,N,43,4JGAB72E8XA082723,1999,11,65,3946,69,N,78741,1,1,29,0,,29,0,,Y,ROCHAS TOWING SERVICE,ROCHAS TOWING SERVICE,N,,,,,,,,,,,,,,,,,,,,,,23,41,,20,,,,,,,11,1,0,1,0,0,0,1,0,,,,,,,,
16946285,1,1,N,N,24,2C3CDXCT9JH261127,2018,21,109,74,104,N,39208,2,,2,3,12,,,,N,SOUTHSIDE WRECKER INC,8200 S. CONGRESS AVE,N,,,,,,,,,,,,,,,,,,,,,,20,,,,,,,,,,5,1,0,0,0,2,0,0,0,,,,,,,,
16946286,1,1,N,Y,43,,,99,208,763,0,N,,,,,,,,,,,,,N,,,,,,,,,,,,,,,,,,,,,,0,,,,,,,,,,4,1,0,0,0,0,0,0,0,,,,,,,,
16946286,2,1,N,N,43,5YFBURHE0FP254629,2015,21,91,173,104,N,78640,1,2,15,2,7,2,1,1,N,ROCHAS TOWING SERVICE,ROCHAS TOWING SERVICE,N,,,,,,,,,,,,,,,,,,,,,,0,,,,,,,,,,2,1,0,0,2,0,0,2,0,,,,,,,,