Crash_ID,Unit_Nbr,Unit_Desc_ID,Veh_Parked_Fl,Veh_HNR_Fl,Veh_Lic_State_ID,VIN,Veh_Mod_Year,Veh_Color_ID,Veh_Make_ID,Veh_Mod_ID,Veh_Body_Styl_ID,Emer_Respndr_Fl,Ownr_Zip,Fin_Resp_Proof_ID,Fin_Resp_Type_ID,Veh_Dmag_Area_1_ID,Veh_Dmag_Scl_1_ID,Force_Dir_1_ID,Veh_Dmag_Area_2_ID,Veh_Dmag_Scl_2_ID,Force_Dir_2_ID,Veh_Inventoried_Fl,Veh_Transp_Name,Veh_Transp_Dest,Veh_Cmv_Fl,Cmv_Fiveton_Fl,Cmv_Hazmat_Fl,Cmv_Nine_Plus_Pass_Fl,Cmv_Veh_Oper_ID,Cmv_Carrier_ID_Type_ID,Cmv_Carrier_Zip,Cmv_Veh_Type_ID,Cmv_GVWR,Cmv_RGVW,Cmv_Hazmat_Rel_Fl,Hazmat_Cls_1_ID,Hazmat_IDNbr_1_ID,Hazmat_Cls_2_ID,Hazmat_IDNbr_2_ID,Cmv_Cargo_Body_ID,Cmv_Evnt1_ID,Cmv_Evnt2_ID,Cmv_Evnt3_ID,Cmv_Evnt4_ID,Cmv_Tot_Axle,Cmv_Tot_Tire,Contrib_Factr_1_ID,Contrib_Factr_2_ID,Contrib_Factr_3_ID,Contrib_Factr_P1_ID,Contrib_Factr_P2_ID,Veh_Dfct_1_ID,Veh_Dfct_2_ID,Veh_Dfct_3_ID,Veh_Dfct_P1_ID,Veh_Dfct_P2_ID,Veh_Trvl_Dir_ID,First_Harm_Evt_Inv_ID,Sus_Serious_Injry_Cnt,Nonincap_Injry_Cnt,Poss_Injry_Cnt,Non_Injry_Cnt,Unkn_Injry_Cnt,Tot_Injry_Cnt,Death_Cnt,Cmv_Disabling_Damage_Fl,Cmv_Bus_Type_ID,Trlr_GVWR,Trlr_RGVW,Trlr_Type_ID,Trlr_Disabling_Dmag_ID,Cmv_Intermodal_Container_Permit_Fl,CMV_Actual_Gross_Weight
16946287,1,1,N,N,43,4T1B31HK4JU502298,2018,17,91,380,104,N,60016,2,,8,1,5,4,1,1,N,A-TEX TOWING,ATEX,N,,,,,,,,,,,,,,,,,,,,,,,,,22,,,,,,,1,1,0,0,0,1,0,0,0,,,,,,,,
16946288,1,1,N,N,43,2B3LA43R88H274048,2008,17,109,74,104,N,78664,1,1,3,6,11,,,,N,SOUTHSIDE WRECKER INC,8200 S. CONGRESS AVE,N,,,,,,,,,,,,,,,,,,,,,,66,,,,,,,,,,3,1,0,0,0,1,0,0,0,,,,,,,,
16946288,2,1,N,N,43,1HSMKAAN39H158415,2009,21,48,3583,106,N,76113,1,1,10,1,2,,,,N,,,N,,,,,,,,,,,,,,,,,,,,,,0,,,,,,,,,,3,1,0,0,0,1,0,0,0,,,,,,,,
16946289,1,1,N,N,43,3N1CB51D36L630907,2006,3,71,341,104,N,78758,1,2,2,2,12,,,,N,,,N,,,,,,,,,,,,,,,,,,,,,,44,,,,,,,,,,5,1,0,0,0,1,0,0,0,,,,,,,,
16946289,2,1,N,N,43,1FM5K8AR8EGB54395,2014,2,37,554,105,N,78723,1,7,6,1,6,,,,N,,,N,,,,,,,,,,,,,,,,,,,,,,0,,,,,,,,,,5,1,0,0,0,1,0,0,0,,,,,,,,
16946290,1,1,N,N,43,1NXBU4EE6AZ177778,2010,16,91,173,104,N,78204,1,1,16,5,3,,,,N,620 LAKESIDE TOWING,620 LAKESIDE TOWING,N,,,,,,,,,,,,,,,,,,,,,,4,,,,,,,,,,5,1,0,0,0,1,0,0,0,,,,,,,,
16946290,2,1,N,N,43,3GNEC16T31G132405,2001,2,107,249,69,N,78240,1,1,2,4,12,,,,N,620 LAKESIDE TOWING,620 LAKESIDE TOWING,N,,,,,,,,,,,,,,,,,,,,,,0,,,,,,,,,,5,1,0,0,0,1,0,0,0,,,,,,,,
16946291,1,1,N,N,43,1NXBR12E41Z446915,2001,18,91,173,104,N,78613,3,1,13,3,7,,,,N,AVILES & GABES WRECKER SERVICE INC.,2311 W. HOWARD LN,N,,,,,,,,,,,,,,,,,,,,,,0,,,,,,,,,,5,1,0,0,0,2,0,0,0,,,,,,,,
16946291,2,1,N,N,43,1FAHP2F85EG132036,2014,10,37,376,104,N,78664,2,,4,1,2,,,,N,SPECIAL AUTOMOTIVE SERVICE INC,SPECIAL AUTOMOTIVE SERVICE INC,N,,,,,,,,,,,,,,,,,,,,,,0,,,,,,,,,,5,1,0,0,1,0,0,1,0,,,,,,,,
16946292,1,1,N,Y,43,KNDJN2A24F7793028,2015,17,55,1357,104,N,78750,1,2,2,2,,,,,N,LEFT THE SCENE,LEFT THE SCENE,N,,,,,,,,,,,,,,,,,,,,,,22,,,,,,,,,,4,1,0,0,0,0,1,0,0,,,,,,,,
16946292,2,1,N,N,43,3N1CN7AP7FL879725,2015,16,71,1452,104,N,78754,1,2,6,2,6,,,,N,DRIVEN AWAY,DRIVEN AWAY,N,,,,,,,,,,,,,,,,,,,,,,0,,,,,,,,,,4,1,0,0,0,1,0,0,0,,,,,,,,
16946293,1,1,N,N,43,JT8BF28GXX0225944,1999,18,58,1050,104,N,78723,1,1,2,3,12,,,,,,,N,,,,,,,,,,,,,,,,,,,,,,34,,,,,,,,,,1,1,0,0,0,1,0,0,0,,,,,,,,
16946293,2,1,N,N,43,1GNEC13Z62R255254,2002,18,107,547,69,N,78723,1,1,4,3,1,,,,Y,A-TEX TOWING,A-TEX TOWING,N,,,,,,,,,,,,,,,,,,,,,,0,,,,,,,,,,3,1,0,0,1,1,0,1,0,,,,,,,,
16946294,1,1,N,N,43,JH4KB16617C002514,2007,9,1,583,104,N,78759,1,2,2,5,12,,,,,620 LAKESIDE TOWING,620 LAKESIDE TOWING,N,,,,,,,,,,,,,,,,,,,,,,74,,,,,,,,,,6,1,0,1,0,0,0,1,0,,,,,,,,
16946295,1,1,N,Y,43,5TBRT38113S352009,2003,21,91,687,30,N,78727,1,2,10,2,4,,,,N,,,N,,,,,,,,,,,,,,,,,,,,,,33,,,22,,,,,,,5,1,0,0,0,1,0,0,0,,,,,,,,
16946295,2,1,N,N,43,1FTCR10A9SUB52310,1995,18,37,357,30,N,78613,1,2,3,3,11,,,,,STARS TOWING,STARS TOWING,N,,,,,,,,,,,,,,,,,,,,,,0,,,,,,,,,,3,1,0,0,0,1,0,0,0,,,,,,,,
16946297,1,1,N,N,43,1HGCM66457A021723,2007,3,44,236,104,N,78741,1,1,6,2,12,,,,Y,620 LAKESIDE TOWING,620 LAKESIDE TOWING,N,,,,,,,,,,,,,,,,,,,,,,22,,,,,,,,,,11,1,0,0,0,1,0,0,0,,,,,,,,
16946303,1,1,N,N,43,3N1AB7AP7EL646121,2014,10,71,341,104,N,78741,1,2,12,3,1,,,,Y,TOWING & GOING,TOWING & GOING,N,,,,,,,,,,,,,,,,,,,,,,22,,,,,,,,,,2,1,0,0,0,1,0,0,0,,,,,,,,
16946307,1,1,N,N,43,JTDKB20U787807815,2008,3,91,702,104,N,78759,1,2,3,1,11,,,,N,ROCHAS TOWING SERVICE,ROCHAS TOWING SERVICE,N,,,,,,,,,,,,,,,,,,,,,,22,,,,,,,,,,2,1,0,0,0,1,0,0,0,,,,,,,,
16946309,1,1,N,N,43,4T1B31HK0JU500788,2018,9,91,380,104,N,,1,2,12,1,1,,,,N,N/A,,N,,,,,,,,,,,,,,,,,,,,,,20,,,,,,,,,,3,1,0,0,0,1,0,0,0,,,,,,,,
16946309,2,5,N,N,,,,,,,,N,,,,,,,,,,N,,,N,,,,,,,,,,,,,,,,,,,,,,20,,,,,,,,,,1,1,0,0,1,0,0,1,0,,,,,,,,
16946310,1,1,N,N,43,KM8SC13D82U307301,2002,17,45,713,69,N,78665,2,,7,5,7,,,,N,,,N,,,,,,,,,,,,,,,,,,,,,,0,,,,,,,,,,11,1,0,0,0,1,0,0,0,,,,,,,,
16946311,1,1,N,N,43,JN8AS5MTXBW570155,2011,2,71,1310,69,N,78665,1,2,2,3,12,,,,N,FINGER TOWING SERVICE,OWNERS RESIDENCE/REQUEST,N,,,,,,,,,,,,,,,,,,,,,,74,,,,,,,,,,6,1,0,0,0,1,0,0,0,,,,,,,,
16946312,1,1,N,N,36,WVWRF7AJ8CW220204,2012,2,96,4408,100,N,78759,1,2,4,4,1,7,2,7,N,EZ AUTO AND TOWING SERVICE,EZ AUTO AND TOWING SERVICE,N,,,,,,,,,,,,,,,,,,,,,,60,,,,,,,,,,5,1,0,0,0,1,0,0,0,,,,,,,,
16946312,2,1,N,N,43,JM3TB28Y070119827,2007,9,63,1009,69,N,78660,1,2,9,1,9,,,,N,,,N,,,,,,,,,,,,,,,,,,,,,,0,,,,,,,,,,5,1,0,0,0,2,0,0,0,,,,,,,,
16946312,3,1,N,N,43,JTEZU5JR8J5169172,2018,2,91,2565,69,N,78750,1,2,14,2,,,,,N,,,N,,,,,,,,,,,,,,,,,,,,,,0,,,,,,,,,,5,2,0,0,0,1,0,0,0,,,,,,,,
16946312,4,1,N,N,43,1HGCR2F50DA165968,2013,2,44,236,104,N,78735,1,2,7,3,7,,,,N,BULLET TOWING,BULLET TOWING,N,,,,,,,,,,,,,,,,,,,,,,0,,,,,,,,,,5,2,0,0,1,0,0,1,0,,,,,,,,
16946312,5,1,N,N,43,1HGFA16839L005961,2009,2,44,256,104,N,78729,1,2,6,2,,,,,N,,,N,,,,,,,,,,,,,,,,,,,,,,0,,,,,,,,,,5,2,0,0,0,1,0,0,0,,,,,,,,
16946313,1,1,N,N,43,JTDBT923184013873,2008,16,91,1477,104,N,78660,1,2,7,7,,,,,,ARMADA TOWING,,N,,,,,,,,,,,,,,,,,,,,,,22,,,,,,,,,,6,1,0,0,0,1,0,0,0,,,,,,,,
16946314,1,1,N,N,43,1G1ZB5E00CF218103,2012,9,107,56,104,N,76262,1,2,13,2,9,,,,N,ARMADA TOWING,ARMADA TOWING,N,,,,,,,,,,,,,,,,,,,,,,15,,,,,,,,,,7,1,0,3,0,1,0,3,0,,,,,,,,
16946314,2,1,N,N,43,4S4BSATC9H3401521,2017,10,85,1268,69,N,78727,1,2,3,4,11,,,,N,,,N,,,,,,,,,,,,,,,,,,,,,,0,,,,,,,,,,1,1,0,1,0,0,0,1,0,,,,,,,,
16946338,1,1,N,N,43,4T1BE32K43U677782,2003,3,91,380,104,N,78748,1,2,2,2,12,,,,N,,,N,,,,,,,,,,,,,,,,,,,,,,20,,,,,,,,,,1,1,0,0,0,1,0,0,0,,,,,,,,
16946338,2,1,N,N,43,JTDBU4EE0AJ073700,2010,2,91,173,104,N,77084,1,2,6,2,6,2,2,12,N,SPECIAL AUTOMOTIVE SERVICE INC,SPECIAL AUTOMOTIVE SERVICE INC,N,,,,,,,,,,,,,,,,,,,,,,0,,,,,,,,,,1,1,0,0,0,1,0,0,0,,,,,,,,
16946338,3,1,N,N,43,5N1AR2MN2FC634828,2015,3,71,531,69,N,78737,1,2,6,1,6,,,,N,,,N,,,,,,,,,,,,,,,,,,,,,,0,,,,,,,,,,1,2,0,0,0,1,0,0,0,,,,,,,,
16946339,1,1,N,N,43,1GNDT13S352273030,2005,10,107,732,69,N,78722,1,2,11,0,10,,,,N,,,N,,,,,,,,,,,,,,,,,,,,,,27,,,4,22,,,,,,2,1,0,0,0,1,0,0,0,,,,,,,,
16946339,2,1,N,N,43,5N1AN0NU3EN811931,2014,2,71,694,69,N,78701,1,2,14,0,4,,,,N,,,N,,,,,,,,,,,,,,,,,,,,,,4,,,20,,,,,,,2,1,0,0,0,1,0,0,0,,,,,,,,
16946343,1,1,N,N,43,JHMES16561S012408,2001,10,44,256,104,N,78741,1,2,2,1,,,,,N,ROCHAS TOWING SERVICE,ROCHAS TOWING SERVICE,N,,,,,,,,,,,,,,,,,,,,,,47,,,,,,,,,,8,1,0,0,1,0,0,1,0,,,,,,,,
16946347,1,1,N,N,43,JH4CL96986C024762,2006,2,1,1430,104,N,78741,1,2,7,3,8,,,,Y,A-TEX TOWING,5526 1/2 W HWY 290,N,,,,,,,,,,,,,,,,,,,,,,37,,,,,,,,,,5,1,0,1,0,0,0,1,0,,,,,,,,
16946347,2,1,N,N,43,5YFBU4EE2CP069422,2012,3,91,173,104,N,78640,1,2,3,3,12,,,,Y,ROCHAS TOWING SERVICE,ROCHAS TOWING SERVICE,N,,,,,,,,,,,,,,,,,,,,,,0,,,,,,,,,,7,1,0,0,1,0,0,1,0,,,,,,,,
16946354,1,1,N,N,43,1HGCR2F37EA258647,2014,21,44,236,104,N,78759,1,2,1,3,12,,,,N,STARS TOWING,STARS TOWING,N,,,,,,,,,,,,,,,,,,,,,,35,,,,,,,,,,11,1,0,0,0,1,0,0,0,,,,,,,,
16946354,2,1,N,N,43,1M1AN07Y3DM014992,2013,21,60,3902,106,N,76549,1,2,,,,,,,N,,,N,,,,,,,,,,,,,,,,,,,,,,0,,,,,,,,,,11,1,0,0,0,1,0,0,0,,,,,,,,
16946354,3,6,,,,,,,,,,,76549,,,,,,,,,,,,,,,,,,,,,,,,,,,,,,,,,,0,,,,,,,,,,9,2,0,0,0,0,0,0,0,,,,,,,,
16946355,1,1,N,N,43,4T1BE30K96U133950,2006,11,91,380,104,N,78704,1,2,2,5,12,,,,Y,A-TEX TOWING,,N,,,,,,,,,,,,,,,,,,,,,,,,,4,,,,,,,1,1,0,0,0,1,0,0,0,,,,,,,,
16946355,2,1,N,N,43,1FTYR10D83PB69857,2003,17,37,357,30,N,78703,1,2,6,4,12,,,,N,NONE,,N,,,,,,,,,,,,,,,,,,,,,,,,,41,,,,,,,1,1,0,0,0,1,0,0,0,,,,,,,,
16946358,1,1,N,N,43,1G1JF524827463281,2002,9,107,300,104,N,78753,1,2,3,3,,,,,Y,AUS-TEX AUTO ENTERPRISES LLC,AUS-TEX AUTO ENTERPRISES LLC,N,,,,,,,,,,,,,,,,,,,,,,41,,,,,,,,,,2,1,0,0,0,1,0,0,0,,,,,,,,
16946358,2,1,N,N,43,1FTWW32F1YED59092,2000,21,37,2326,30,N,78108,1,2,16,2,,14,2,,N,,,N,,,,,,,,,,,,,,,,,,,,,,4,,,,,,,,,,2,1,0,0,0,1,0,0,0,,,,,,,,
16946358,3,6,,,,,,,,,,,78108,,,,,,,,,,,,,,,,,,,,,,,,,,,,,,,,,,0,,,,,,,,,,9,2,0,0,0,0,0,0,0,,,,,,,,
16946359,1,1,N,N,43,3MYDLBZVXGY141534,2016,16,91,178,104,N,78641,1,2,11,6,9,,,,N,620 LAKESIDE TOWING,620 LAKESIDE TOWING,N,,,,,,,,,,,,,,,,,,,,,,34,,,,,,,,,,6,1,0,0,2,0,0,2,0,,,,,,,,
16946359,2,1,N,N,43,JTJHF10U420252229,2002,21,58,1316,69,N,78732,1,2,2,3,12,,,,N,,,N,,,,,,,,,,,,,,,,,,,,,,0,,,,,,,,,,8,1,0,0,2,0,0,2,0,,,,,,,,
16946361,1,1,N,N,43,5XYPG4A37KG450610,2018,2,55,767,69,N,78640,1,2,2,6,10,,,,N,ROCHAS TOWING SERVICE,ROCHAS TOWING SERVICE,N,,,,,,,,,,,,,,,,,,,,,,20,,,,,,,,,,1,1,0,1,0,0,0,1,0,,,,,,,,
16946361,2,1,N,N,43,JM1BL1VF1B1433438,2011,3,63,1210,104,N,78745,1,2,4,4,2,,,,N,A-TEX TOWING,5526 1/2 W HWY 290,N,,,,,,,,,,,,,,,,,,,,,,0,,,,,,,,,,3,1,0,1,0,0,0,1,0,,,,,,,,
16946362,1,1,N,N,43,5FNRL3H52AB026957,2010,17,44,571,104,N,78735,2,,15,3,9,,,,Y,SOUTHSIDE WRECKER INC,8200 S. CONGRESS AVE,N,,,,,,,,,,,,,,,,,,,,,,16,,,,,,,,,,1,1,0,0,1,4,0,1,0,,,,,,,,
16946362,2,1,N,N,43,5N1AR2MN0GC614689,2016,2,71,531,69,N,78747,1,1,2,3,12,,,,Y,SOUTHSIDE WRECKER INC,8200 S. CONGRESS AVE,N,,,,,,,,,,,,,,,,,,,,,,0,,,,,,,,,,3,1,0,0,1,1,0,1,0,,,,,,,,
16946363,1,1,N,N,43,JM1NA3534S0614916,1995,21,63,272,100,N,78621,1,2,2,3,12,,,,N,,,N,,,,,,,,,,,,,,,,,,,,,,0,,,,,,,,,,5,1,0,0,0,1,0,0,0,,,,,,,,
16946363,2,1,N,N,43,4T3ZF19C83U520102,2003,21,91,648,103,N,78724,1,2,6,1,6,,,,N,,,N,,,,,,,,,,,,,,,,,,,,,,0,,,,,,,,,,5,1,0,0,1,1,0,1,0,,,,,,,,
16946364,1,1,N,N,43,1FT7W2BT9BEC39987,2011,21,37,2325,30,N,78738,1,2,3,3,11,,,,Y,SOUTHSIDE WRECKER INC,8200 S. CONGRESS AVE,N,,,,,,,,,,,,,,,,,,,,,,40,,,,,,,,,,1,1,0,0,0,1,0,0,0,,,,,,,,
16946364,2,1,N,N,43,1FM5K8AR5EGB59117,2014,2,37,554,105,N,78702,4,7,8,1,4,,,,N,,,N,,,,,,,,,,,,,,,,,,,,,,0,,,,,,,,,,1,1,0,0,0,1,0,0,0,,,,,,,,
16946365,1,1,N,Y,113,,,,208,763,0,N,,2,,,,,,,,,,,N,,,,,,,,,,,,,,,,,,,,,,0,,,,,,,,,,3,2,0,0,0,0,1,0,0,,,,,,,,
16946365,2,1,N,Y,113,,,,208,763,0,N,,2,,,,,,,,,,,N,,,,,,,,,,,,,,,,,,,,,,0,,,,,,,,,,3,1,0,0,0,0,1,0,0,,,,,,,,
16946365,3,1,N,N,43,JTDKDTB32E1575188,2014,17,91,702,104,N,78744,1,1,2,5,12,,,,Y,ROCHAS TOWING SERVICE,ROCHAS TOWING SERVICE,N,,,,,,,,,,,,,,,,,,,,,,0,,,,,,,,,,3,1,0,0,0,1,0,0,0,,,,,,,,
16946366,1,1,N,N,43,KL7CJKSB3FB057114,2015,17,107,1414,69,N,78724,1,2,11,4,11,,,,Y,AUS-TEX AUTO ENTERPRISES LLC,AUS-TEX AUTO ENTERPRISES LLC,N,,,,,,,,,,,,,,,,,,,,,,67,,,,,,,,,,4,1,0,0,0,1,0,0,0,,,,,,,,
16946366,2,1,N,N,43,2FABP7BV1AX124552,2010,12,37,995,104,Y,78132,1,2,7,3,8,,,,N,SELF,SELF,N,,,,,,,,,,,,,,,,,,,,,,0,,,,,,,,,,2,1,0,1,0,0,0,1,0,,,,,,,,
16946367,1,1,N,N,43,KNAFE221195590154,2009,16,55,717,104,N,78749,1,2,2,0,12,,,,Y,SOUTHSIDE WRECKER INC,8200 S. CONGRESS AVE,N,,,,,,,,,,,,,,,,,,,,,,67,,,,,,,,,,7,1,0,0,0,2,0,0,0,,,,,,,,
16946367,2,1,N,N,43,1GCGSBEAXG1143029,2016,9,107,979,30,N,78701,1,2,5,0,6,,,,N,,,N,,,,,,,,,,,,,,,,,,,,,,0,,,,,,,,,,7,1,0,0,0,1,0,0,0,,,,,,,,
16946368,1,1,N,N,43,4S4BSAFC8H3385419,2017,17,85,646,104,N,78610,1,1,4,2,1,,,,Y,SOUTHSIDE WRECKER INC,SOUTHSIDE,N,,,,,,,,,,,,,,,,,,,,,,67,,,,,,,,,,3,1,0,0,0,1,0,0,0,,,,,,,,
16946368,2,1,N,N,43,2C3CDXHG3GH166566,2016,,109,74,104,N,78741,3,1,7,3,7,,,,N,NOT TOWED,NOT TOWED,N,,,,,,,,,,,,,,,,,,,,,,0,,,,,,,,,,3,1,0,0,0,1,0,0,0,,,,,,,,
16946369,1,1,N,N,43,1HGFA16886L083969,2006,17,44,256,104,N,78745,1,1,13,5,9,,,,N,ARMADA TOWING,7508 BLUFF SPRINGS,N,,,,,,,,,,,,,,,,,,,,,,22,,,,,,,,,,7,1,0,0,0,1,0,0,0,,,,,,,,
16946370,1,1,N,N,43,1FTYR10D49PA34965,2009,21,37,357,30,N,78745,1,2,2,5,12,,,,N,EZ AUTO AND TOWING SERVICE,EZ AUTO AND TOWING SERVICE,N,,,,,,,,,,,,,,,,,,,,,,74,,,,,,,,,,5,1,0,0,1,0,0,1,0,,,,,,,,
16946854,1,1,N,N,43,KMHGC4DD6DU244093,2013,2,45,1107,104,N,78704,1,2,2,4,12,,,,N,EZ AUTO AND TOWING SERVICE,EZ AUTO AND TOWING SERVICE,N,,,,,,,,,,,,,,,,,,,,,,0,,,,,,,,,,3,1,0,0,0,1,0,0,0,,,,,,,,
16946854,2,1,N,N,43,1FAFP24196G135732,2006,21,37,101,104,N,78130,1,2,15,4,11,,,,N,ROCHAS TOWING SERVICE,ROCHAS TOWING SERVICE,N,,,,,,,,,,,,,,,,,,,,,,0,,,,,,,,,,7,1,0,0,1,0,0,1,0,,,,,,,,
16948263,1,1,N,N,43,WDDGF8BB2AR095254,2010,9,65,839,104,N,78731,1,1,8,4,8,,,,Y,620 LAKESIDE TOWING,620 LAKESIDE TOWING,N,,,,,,,,,,,,,,,,,,,,,,20,,,,,,,,,,3,1,0,0,0,1,0,0,0,,,,,,,,
16948263,2,1,N,N,43,5FNRL6H75JB103033,2018,16,44,571,103,N,78759,1,1,2,4,12,,,,Y,620 LAKESIDE TOWING,620 LAKESIDE TOWING,N,,,,,,,,,,,,,,,,,,,,,,0,,,,,,,,,,5,1,0,0,0,1,0,0,0,,,,,,,,
16948581,1,1,N,N,43,WBAAM5342YKG18988,2000,17,14,652,104,N,78247,1,1,2,5,12,,,,N,ATX-VIP TOWING SERVICES,ATX-VIP TOWING SERVICES,N,,,,,,,,,,,,,,,,,,,,,,22,,,,,,,,,,1,1,0,0,0,1,0,0,0,,,,,,,,
16948581,2,1,N,N,43,1FTEW1CG1FKD77226,2015,16,37,2324,30,N,78217,1,1,6,3,6,,,,N,NA,,N,,,,,,,,,,,,,,,,,,,,,,0,,,,,,,,,,1,1,0,0,0,3,0,0,0,,,,,,,,
16948673,1,1,N,Y,43,1FT7W2A65BEA37952,2011,16,37,2325,106,N,78748,1,1,4,0,1,,,,N,,,N,,,,,,,,,,,,,,,,,,,,,,0,,,,,,,,,,8,1,0,0,0,0,1,0,0,,,,,,,,
16948673,2,1,N,N,43,2G1WA5EK5A1215144,2010,21,107,53,104,N,78745,1,1,15,4,9,,,,N,EZ AUTO AND TOWING SERVICE,EZ AUTO AND TOWING SERVICE,N,,,,,,,,,,,,,,,,,,,,,,0,,,,,,,,,,8,1,0,0,1,1,0,1,0,,,,,,,,
16948777,1,1,N,N,43,2HKRL1865YH554937,2000,9,44,571,103,N,78741,1,2,13,2,9,,,,N,,,N,,,,,,,,,,,,,,,,,,,,,,41,,,,,,,,,,5,1,0,0,0,3,0,0,0,,,,,,,,
16948777,2,1,N,N,43,4V4NC9TH9DN568490,2012,21,98,185,87,N,17044,1,2,12,2,3,,,,N,,,Y,Y,N,N,1,2,17044,9,80000,0,N,,,,,15,13,,,,,,0,,,,,,,,,,5,1,0,0,0,1,0,0,0,N,0,,,,,N,
16948777,3,6,,,,,,,,,,,,,,,,,,,,,,,,,,,,,,,,,,,,,,,,,,,,,0,,,,,,,,,,9,2,0,0,0,0,0,0,0,,,0,0,1,N,,
16949157,1,1,N,N,43,1FBNE31L94HB06928,2004,3,37,814,103,N,78722,1,2,2,1,12,,,,N,,,N,,,,,,,,,,,,,,,,,,,,,,22,,,,,,,,,,5,1,0,0,0,1,0,0,0,,,,,,,,
16949157,2,1,N,N,43,5N1AZ2MG3GN112166,2016,2,71,777,69,N,78748,1,2,,,,,,,N,,,N,,,,,,,,,,,,,,,,,,,,,,0,,,,,,,,,,5,1,0,0,0,1,0,0,0,,,,,,,,
16949943,1,1,N,N,43,5TDKZRFH0JS540141,2018,9,91,721,69,N,78613,1,1,2,3,12,,,,N,EZ AUTO AND TOWING SERVICE,EZ AUTO AND TOWING SERVICE,N,,,,,,,,,,,,,,,,,,,,,,,,,45,,,,,,,3,1,0,0,0,1,0,0,0,,,,,,,,
16949944,1,1,N,N,43,1C3CCCAB6FN712647,2015,16,21,2258,104,N,76542,1,1,4,0,1,,,,N,,,N,,,,,,,,,,,,,,,,,,,,,,67,20,,,,,,,,,4,1,0,0,0,2,0,0,0,,,,,,,,
16949944,2,1,N,N,43,KNDJT2A25A7100269,2010,10,55,1357,104,N,78734,1,1,8,0,,,,,N,,,N,,,,,,,,,,,,,,,,,,,,,,20,,,,,,,,,,4,1,0,0,0,1,0,0,0,,,,,,,,
16949945,1,1,N,N,43,2HKRM3H75EH547841,2014,3,44,605,69,N,78732,1,1,6,2,6,,,,N,,,N,,,,,,,,,,,,,,,,,,,,,,34,20,,,,,,,,,4,1,0,0,0,1,0,0,0,,,,,,,,
16949945,2,1,N,N,43,1ZVBP8AM3E5313460,2014,16,37,96,100,N,78613,1,1,2,4,12,,,,N,620 LAKESIDE TOWING,620 LAKESIDE TOWING,N,,,,,,,,,,,,,,,,,,,,,,0,,,,,,,,,,6,1,0,0,1,0,0,1,0,,,,,,,,
16949946,1,1,N,N,43,5TEGN92N43Z187938,2003,10,91,629,30,N,78132,1,1,2,3,,,,,N,ROCHAS TOWING SERVICE,ROCHAS TOWING SERVICE,N,,,,,,,,,,,,,,,,,,,,,,0,,,,,,,,,,1,1,0,0,0,1,0,0,0,,,,,,,,
16949946,2,1,N,N,43,4T1BG12K5TU677207,1996,8,91,380,104,N,78744,1,1,10,3,3,,,,N,SOUTHSIDE WRECKER INC,8200 S. CONGRESS AVE,N,,,,,,,,,,,,,,,,,,,,,,0,,,,,,,,,,5,1,0,1,0,0,0,1,0,,,,,,,,
16949947,1,1,N,N,43,5XXGM4A76FG356157,2015,2,55,715,104,N,78726,1,1,3,6,10,,,,Y,AUS-TEX AUTO ENTERPRISES LLC,AUS-TEX AUTO ENTERPRISES LLC,N,,,,,,,,,,,,,,,,,,,,,,68,45,,20,22,,,,,,5,1,0,0,0,1,0,0,0,,,,,,,,
16949948,1,1,N,N,43,1VWAT7A36EC102449,2014,2,96,473,104,N,78681,1,2,2,6,12,,,,,SPECIAL AUTOMOTIVE SERVICE INC,SPECIAL AUTOMOTIVE SERVICE INC,N,,,,,,,,,,,,,,,,,,,,,,44,19,,20,,,,,,,1,1,0,0,1,0,0,1,0,,,,,,,,
16949948,2,1,N,N,43,19UYA42681A014833,2001,2,1,582,104,N,78414,1,2,6,5,6,1,3,12,,ROCHAS TOWING SERVICE,ROCHAS TOWING SERVICE,N,,,,,,,,,,,,,,,,,,,,,,0,,,,,,,,,,1,1,0,0,0,1,0,0,0,,,,,,,,
16949948,3,1,N,N,43,1ZVBP8CF4E5321596,2014,9,37,96,100,N,75227,1,2,7,4,7,1,2,12,,,,N,,,,,,,,,,,,,,,,,,,,,,0,,,,,,,,,,1,2,0,0,0,2,0,0,0,,,,,,,,
16949948,4,1,N,N,43,5NPD84LF6HH041572,2017,3,45,480,104,N,78640,1,2,5,2,6,,,,,,,N,,,,,,,,,,,,,,,,,,,,,,0,,,,,,,,,,1,2,0,0,1,1,0,1,0,,,,,,,,
16949949,1,1,N,N,43,1C3CDZAB3EN195712,2014,17,109,549,104,N,78757,1,1,4,5,1,16,5,,Y,AUSTIN EXPRESS TOWING INC.,4417 E ST ELMO RD,N,,,,,,,,,,,,,,,,,,,,,,23,32,77,20,,,,,,,1,1,0,0,0,1,0,0,0,,,,,,,,
16949949,2,1,Y,N,43,2FABP7BV1BX182209,2011,21,37,995,105,Y,78702,4,,11,3,8,,,,N,SOUTHSIDE WRECKER INC,CITY OF AUSTIN 250,N,,,,,,,,,,,,,,,,,,,,,,74,,,,,,,,,,1,1,0,0,0,0,0,0,0,,,,,,,,
16949950,1,1,N,N,43,2T1BU4EE4AC401356,2010,16,91,173,104,N,78724,1,2,2,3,12,,,,N,STARS TOWING,STARS TOWING,N,,,,,,,,,,,,,,,,,,,,,,60,,,,,,,,,,2,1,0,0,1,0,0,1,0,,,,,,,,