Crash_ID,Unit_Nbr,Unit_Desc_ID,Veh_Parked_Fl,Veh_HNR_Fl,Veh_Lic_State_ID,VIN,Veh_Mod_Year,Veh_Color_ID,Veh_Make_ID,Veh_Mod_ID,Veh_Body_Styl_ID,Emer_Respndr_Fl,Ownr_Zip,Fin_Resp_Proof_ID,Fin_Resp_Type_ID,Veh_Dmag_Area_1_ID,Veh_Dmag_Scl_1_ID,Force_Dir_1_ID,Veh_Dmag_Area_2_ID,Veh_Dmag_Scl_2_ID,Force_Dir_2_ID,Veh_Inventoried_Fl,Veh_Transp_Name,Veh_Transp_Dest,Veh_Cmv_Fl,Cmv_Fiveton_Fl,Cmv_Hazmat_Fl,Cmv_Nine_Plus_Pass_Fl,Cmv_Veh_Oper_ID,Cmv_Carrier_ID_Type_ID,Cmv_Carrier_Zip,Cmv_Veh_Type_ID,Cmv_GVWR,Cmv_RGVW,Cmv_Hazmat_Rel_Fl,Hazmat_Cls_1_ID,Hazmat_IDNbr_1_ID,Hazmat_Cls_2_ID,Hazmat_IDNbr_2_ID,Cmv_Cargo_Body_ID,Cmv_Evnt1_ID,Cmv_Evnt2_ID,Cmv_Evnt3_ID,Cmv_Evnt4_ID,Cmv_Tot_Axle,Cmv_Tot_Tire,Contrib_Factr_1_ID,Contrib_Factr_2_ID,Contrib_Factr_3_ID,Contrib_Factr_P1_ID,Contrib_Factr_P2_ID,Veh_Dfct_1_ID,Veh_Dfct_2_ID,Veh_Dfct_3_ID,Veh_Dfct_P1_ID,Veh_Dfct_P2_ID,Veh_Trvl_Dir_ID,First_Harm_Evt_Inv_ID,Sus_Serious_Injry_Cnt,Nonincap_Injry_Cnt,Poss_Injry_Cnt,Non_Injry_Cnt,Unkn_Injry_Cnt,Tot_Injry_Cnt,Death_Cnt,Cmv_Disabling_Damage_Fl,Cmv_Bus_Type_ID,Trlr_GVWR,Trlr_RGVW,Trlr_Type_ID,Trlr_Disabling_Dmag_ID,Cmv_Intermodal_Container_Permit_Fl,CMV_Actual_Gross_Weight
16949951,1,1,N,N,43,JTDZN3EU9GJ042872,2016,17,91,4329,104,N,78745,1,2,2,2,12,,,,N,,,N,,,,,,,,,,,,,,,,,,,,,,44,,,,,,,,,,8,1,0,0,0,1,0,0,0,,,,,,,,
16949951,2,1,N,N,43,JN8AZ18U49W014957,2009,11,71,777,104,N,78620,1,2,6,1,6,,,,N,,,N,,,,,,,,,,,,,,,,,,,,,,0,,,,,,,,,,8,1,0,0,0,1,0,0,0,,,,,,,,
16949952,1,1,N,N,43,1NXBR32E48Z959569,2008,1,91,173,104,N,75013,1,1,2,5,12,,,,N,EZ AUTO AND TOWING SERVICE,EZ AUTO AND TOWING SERVICE,N,,,,,,,,,,,,,,,,,,,,,,0,,,,,,,,,,1,1,0,0,0,1,0,0,0,,,,,,,,
16949952,2,1,N,N,43,5FNRL5H62GB139479,2016,3,44,571,103,N,78620,1,1,8,3,5,,,,N,,,N,,,,,,,,,,,,,,,,,,,,,,0,,,,,,,,,,1,1,0,0,0,1,0,0,0,,,,,,,,
16949953,1,1,N,N,43,KMHCT5AE3FU197996,2015,17,45,557,104,N,78723,1,2,2,4,12,,,,N,SPECIAL AUTOMOTIVE SERVICE INC,SPECIAL AUTOMOTIVE SERVICE INC,N,,,,,,,,,,,,,,,,,,,,,,47,20,,,,,,,,,5,1,0,0,1,0,0,1,0,,,,,,,,
16949954,1,1,N,N,43,2HGFC2F71JH599135,2018,16,44,256,104,N,78758,1,1,3,2,,,,,N,620 LAKESIDE TOWING,620 LAKESIDE TOWING,N,,,,,,,,,,,,,,,,,,,,,,,,,22,,,,,,,1,1,0,0,0,1,0,0,0,,,,,,,,
16949955,1,1,N,N,43,1FDWE3FL3BDA91027,2011,2,37,2326,106,N,78734,1,7,2,3,12,15,2,9,N,,,N,,,,,,,,,,,,,,,,,,,,,,0,,,,,,,,,,7,1,0,1,0,0,0,1,0,,,,,,,,
16949955,2,1,N,N,43,2FMPK3K81JBB79075,2018,1,37,1035,69,N,78758,1,2,12,4,4,,,,N,AVILES & GABES WRECKER SERVICE INC.,AVILES & GABES WRECKER SERVICE INC.,N,,,,,,,,,,,,,,,,,,,,,,0,,,,,,,,,,1,1,0,1,0,0,0,1,0,,,,,,,,
16949956,1,1,N,N,43,2T2BK1BA1BC103656,2011,2,58,429,69,N,78209,1,2,2,5,12,,,,N,EZ AUTO AND TOWING SERVICE,4800 S IH 35,N,,,,,,,,,,,,,,,,,,,,,,20,44,,,,,,,,,1,1,0,0,0,2,0,0,0,,,,,,,,
16949956,2,1,N,N,43,1FA6P8TH6G5202298,2016,9,37,96,100,N,78249,1,2,6,2,6,2,1,12,N,,,N,,,,,,,,,,,,,,,,,,,,,,0,,,,,,,,,,1,1,0,0,0,1,0,0,0,,,,,,,,
16949956,3,1,N,N,43,1YVHZ8BH2D5M14250,2013,3,63,272,104,N,78640,1,2,6,1,6,,,,N,,,N,,,,,,,,,,,,,,,,,,,,,,0,,,,,,,,,,1,2,0,0,0,1,0,0,0,,,,,,,,
16949957,1,1,N,N,43,WBAVM1C51DVW42756,2013,2,14,2181,104,N,78702,1,1,7,5,5,,,,Y,A & A WRECKER NORTH,A & A WRECKER NORTH,N,,,,,,,,,,,,,,,,,,,,,,0,,,,,,,,,,3,1,0,0,0,1,0,0,0,,,,,,,,
16949957,2,1,N,Y,,,,16,109,74,104,N,,2,,,,,,,,N,,,N,,,,,,,,,,,,,,,,,,,,,,0,,,,,,,,,,7,1,0,0,0,1,0,0,0,,,,,,,,
16949958,1,1,N,N,43,5N1AN08U25C651435,2005,2,71,694,69,N,78666,1,2,2,3,12,,,,Y,FINGER TOWING SERVICE,FINGER TOWING SERVICE,N,,,,,,,,,,,,,,,,,,,,,,44,,,20,,,,,,,4,1,0,0,0,1,0,0,0,,,,,,,,
16949958,2,1,N,N,43,1FMCU0J91FUB97367,2015,17,37,711,69,N,78626,1,2,6,3,6,2,1,12,Y,ROCHAS TOWING SERVICE,ROCHAS TOWING SERVICE,N,,,,,,,,,,,,,,,,,,,,,,0,,,,,,,,,,4,1,0,0,0,1,0,0,0,,,,,,,,
16949958,3,1,N,N,43,JM3TB28AX80133416,2008,2,63,1009,69,N,76234,1,2,6,2,6,,,,N,,,N,,,,,,,,,,,,,,,,,,,,,,0,,,,,,,,,,4,2,0,0,0,1,0,0,0,,,,,,,,
16949959,1,1,N,N,43,1C6RR6LT2ES455683,2014,9,710,4100,30,N,75067,1,1,2,2,12,,,,N,,,N,,,,,,,,,,,,,,,,,,,,,,0,,,,,,,,,,7,1,0,0,0,1,0,0,0,,,,,,,,
16949959,2,6,,,,,,,,,,,75227,,,,,,,,,,,,,,,,,,,,,,,,,,,,,,,,,,0,,,,,,,,,,9,2,0,0,0,0,0,0,0,,,,,,,,
16949959,3,1,N,N,43,WDDHF5KB5GB215424,2016,2,65,674,104,N,78681,1,1,6,3,6,,,,Y,BULLET TOWING,BULLET TOWING,N,,,,,,,,,,,,,,,,,,,,,,0,,,,,,,,,,7,1,1,0,0,0,0,1,0,,,,,,,,
16949960,1,1,N,N,43,1FMCU0EG4CKB80014,2012,9,37,711,69,N,78602,1,2,2,1,11,,,,N,,,N,,,,,,,,,,,,,,,,,,,,,,20,,,,,,,,,,1,1,0,0,0,1,0,0,0,,,,,,,,
16949960,2,3,,,,,,,,,,,,,,,,,,,,,,,,,,,,,,,,,,,,,,,,,,,,,0,,,,,,,,,,9,1,0,0,1,0,0,1,0,,,,,,,,
16949961,1,1,N,N,43,1C4PJLDS5FW731506,2015,21,429,970,69,N,,1,3,2,6,12,,,,,,,N,,,,,,,,,,,,,,,,,,,,,,37,,,,,,,,,,3,1,0,0,0,1,0,0,0,,,,,,,,
16949961,2,1,N,N,43,3MZBN1V75HM116032,2017,3,63,1210,104,N,78751,1,2,3,4,11,,,,,EZ AUTO AND TOWING SERVICE,IMPOUND,N,,,,,,,,,,,,,,,,,,,,,,0,,,,,,,,,,4,1,0,0,0,1,0,0,0,,,,,,,,
16949962,1,1,N,Y,113,,,,,,104,N,,,,,,,,,,,,,N,,,,,,,,,,,,,,,,,,,,,,4,,,,,,,,,,5,1,0,0,0,0,1,0,0,,,,,,,,
16949962,2,1,N,N,43,1YVHZ8CH5A5M08260,2016,16,63,2475,104,N,78745,1,2,12,3,12,,,,Y,BULLET TOWING,,N,,,,,,,,,,,,,,,,,,,,,,0,,,,,,,,,,5,1,0,0,0,1,0,0,0,,,,,,,,
16949963,1,1,N,N,43,KMHD84LF9HU352236,2017,1,45,480,104,N,75080,1,2,2,2,12,,,,N,,,N,,,,,,,,,,,,,,,,,,,,,,0,,,,,,,,,,2,1,0,1,0,0,0,1,0,,,,,,,,
16949963,2,1,N,N,43,3VW2K7AJ3FM221677,2015,17,96,316,104,N,78613,1,2,12,3,2,,,,N,620 LAKESIDE TOWING,620 LAKESIDE TOWING,N,,,,,,,,,,,,,,,,,,,,,,0,,,,,,,,,,6,1,0,0,0,1,0,0,0,,,,,,,,
16949964,1,1,N,N,43,KL4CJASBXHB058755,2017,2,105,2184,69,N,78610,1,1,2,4,12,,,,N,EZ AUTO AND TOWING SERVICE,EZ AUTO AND TOWING SERVICE,N,,,,,,,,,,,,,,,,,,,,,,0,,,,,,,,,,1,1,0,1,0,0,0,1,0,,,,,,,,
16949964,2,1,N,N,43,1GCPYFED7KZ131706,2019,17,107,658,30,N,78749,1,1,6,1,6,,,,N,NONE,NONE,N,,,,,,,,,,,,,,,,,,,,,,0,,,,,,,,,,1,1,0,0,0,1,0,0,0,,,,,,,,
16949965,1,1,N,Y,43,,,17,,,0,N,,,,,,,,,,N,,,N,,,,,,,,,,,,,,,,,,,,,,0,,,,,,,,,,5,1,0,0,0,0,1,0,0,,,,,,,,
16949965,2,1,N,N,43,5FNRL18674B049376,2004,8,44,571,103,N,78727,1,2,6,0,6,,,,N,,,N,,,,,,,,,,,,,,,,,,,,,,0,,,,,,,,,,5,1,0,2,0,1,0,2,0,,,,,,,,
16950005,1,1,N,N,43,KNAGN4A78B5044737,2011,21,55,715,104,N,78748,1,2,2,7,12,4,7,2,Y,AVILES & GABES WRECKER SERVICE INC.,IMPOUND,N,,,,,,,,,,,,,,,,,,,,,,45,,,,,,,,,,4,1,0,0,0,1,0,0,0,,,,,,,,
16950005,2,1,N,N,43,JM3TB28Y970101326,2007,16,63,1009,104,N,78758,1,2,5,3,6,,,,N,MR EAST TOWING,MR EAST TOWING,N,,,,,,,,,,,,,,,,,,,,,,0,,,,,,,,,,4,1,0,0,0,1,0,0,0,,,,,,,,
16950006,1,1,N,N,43,1FTRW08L91KA77959,2001,3,37,2324,106,N,78752,1,1,7,2,6,,,,N,NOT TOWED,NOT TOWED,N,,,,,,,,,,,,,,,,,,,,,,20,,,,,,,,,,3,1,0,0,0,1,0,0,0,,,,,,,,
16950006,2,1,N,N,43,JTDBT903994044745,2009,9,91,1477,104,N,78744,1,1,2,3,12,,,,Y,EZ AUTO AND TOWING SERVICE,EZ AUTO AND TOWING SERVICE,N,,,,,,,,,,,,,,,,,,,,,,0,,,,,,,,,,5,1,0,0,0,1,0,0,0,,,,,,,,
16950007,1,1,N,N,43,KNADN5A33D6303878,2013,17,55,716,104,Y,78613,1,2,3,5,11,,,,N,ARMADA TOWING,ARMADA TOWING,N,,,,,,,,,,,,,,,,,,,,,,66,,,20,,,,,,,1,1,3,0,0,0,0,3,0,,,,,,,,
16950007,2,1,N,N,43,KMHDH4AE0GU584216,2016,3,45,480,104,Y,78641,1,2,2,4,12,,,,N,EZ AUTO AND TOWING SERVICE,EZ AUTO AND TOWING SERVICE,N,,,,,,,,,,,,,,,,,,,,,,,,,22,,,,,,,5,1,2,0,0,0,0,2,0,,,,,,,,
16950008,1,1,N,N,43,5GZCZ53456S866061,2006,17,81,747,69,N,78753,1,1,2,3,12,,,,Y,AVILES & GABES WRECKER SERVICE INC.,AVILES & GABES WRECKER SERVICE INC.,N,,,,,,,,,,,,,,,,,,,,,,22,,,,,,,,,,7,1,0,0,0,1,0,0,0,,,,,,,,
16950008,2,1,N,N,43,3HSDJAPR5GN131507,2015,21,48,3613,87,N,72745,1,1,11,3,9,,,,N,,,Y,Y,N,N,1,2,72745,6,80000,0,N,,,,,12,13,,,,,,0,,,,,,,,,,5,1,0,0,0,1,0,0,0,N,0,,,,,N,
16950008,3,6,,,,,,,,,,,72745,,,,,,,,,,,,,,,,,,,,,,,,,,,,,,,,,,0,,,,,,,,,,9,2,0,0,0,0,0,0,0,,,0,80000,2,N,,
16950009,1,1,N,N,43,2HGFB2F55DH590850,2013,21,44,256,104,N,78613,1,2,2,5,12,,,,N,EZ AUTO AND TOWING SERVICE,EZ AUTO AND TOWING SERVICE,N,,,,,,,,,,,,,,,,,,,,,,0,,,,,,,,,,6,1,0,1,0,0,0,1,0,,,,,,,,
16950009,2,1,N,N,43,JTDKN3DU5D5572196,2013,21,91,702,104,N,78729,1,2,2,4,3,,,,N,620 LAKESIDE TOWING,620 LAKESIDE TOWING,N,,,,,,,,,,,,,,,,,,,,,,0,,,,,,,,,,4,1,0,0,1,0,0,1,0,,,,,,,,
16950009,3,1,N,N,43,JM3KE4CY9G0662759,2016,21,63,2471,69,N,78660,1,2,3,2,10,,,,N,620 LAKESIDE TOWING,620 LAKESIDE TOWING,N,,,,,,,,,,,,,,,,,,,,,,0,,,,,,,,,,2,2,0,0,0,2,0,0,0,,,,,,,,
16950010,1,1,N,N,43,1NXBR32E13Z061682,2003,21,91,173,104,N,78752,2,,3,1,11,,,,Y,620 LAKESIDE TOWING,620 LAKESIDE TOWING,N,,,,,,,,,,,,,,,,,,,,,,45,,,20,,,,,,,5,1,0,0,0,1,0,0,0,,,,,,,,
16950010,2,1,N,N,43,JTDKBRFU6H3549441,2017,9,91,702,100,N,78723,1,2,4,1,1,,,,,STARS TOWING,STARS TOWING,N,,,,,,,,,,,,,,,,,,,,,,0,,,,,,,,,,5,1,0,0,0,2,0,0,0,,,,,,,,
16950011,1,1,N,N,43,JTKDE167170191119,2007,3,91,2573,104,N,78705,1,1,,,,,,,Y,EZ AUTO AND TOWING SERVICE,EZ AUTO AND TOWING SERVICE,N,,,,,,,,,,,,,,,,,,,,,,22,,,,,,,,,,8,1,0,0,0,1,0,0,0,,,,,,,,
16950012,1,1,N,N,43,JTHBA30G245031651,2004,17,58,429,104,N,78610,1,1,3,5,11,,,,N,EZ AUTO AND TOWING SERVICE,1830 OAK HILL LN,N,,,,,,,,,,,,,,,,,,,,,,20,60,,,,,,,,,8,1,0,0,0,0,0,0,0,,,,,,,,
16950013,1,1,N,N,43,2FMDK39C68BB13239,2008,2,37,1035,69,N,78702,1,1,13,1,9,,,,N,,,N,,,,,,,,,,,,,,,,,,,,,,0,,,,,,,,,,11,1,0,0,0,1,0,0,0,,,,,,,,
16950013,2,1,N,N,43,WB1044004EZW23360,2014,2,14,2762,71,N,78702,1,7,26,1,,,,,N,,,N,,,,,,,,,,,,,,,,,,,,,,0,,,,,,,,,,11,1,0,0,0,1,0,0,0,,,,,,,,
16950014,1,1,N,N,43,KNADN4A31F6440377,2015,,55,716,104,N,78741,1,1,2,4,12,,,,,,,N,,,,,,,,,,,,,,,,,,,,,,0,,,,,,,,,,1,1,0,0,0,2,0,0,0,,,,,,,,
16950014,2,1,N,N,43,JHLRD2847XC000328,1999,21,44,107,69,N,78681,1,1,2,3,12,7,3,6,,,,N,,,,,,,,,,,,,,,,,,,,,,0,,,,,,,,,,1,1,0,0,0,1,0,0,0,,,,,,,,
16950014,3,1,N,N,43,WVGCV7AX0BW568554,2011,2,96,1396,0,N,78748,2,,7,2,6,,,,,,,N,,,,,,,,,,,,,,,,,,,,,,0,,,,,,,,,,1,2,0,0,0,1,0,0,0,,,,,,,,
16950015,1,1,N,Y,,,,2,208,763,0,N,,,,,,,,,,,,,N,,,,,,,,,,,,,,,,,,,,,,44,,,,,,,,,,7,1,0,0,0,0,1,0,0,,,,,,,,
16950015,2,1,N,N,43,4F4YR16C4XTM00479,1999,10,63,2468,30,N,78737,1,2,7,4,6,2,3,12,N,,,N,,,,,,,,,,,,,,,,,,,,,,0,,,,,,,,,,7,1,0,0,0,1,0,0,0,,,,,,,,
16950015,3,1,N,N,43,KNAFT4A27C5558635,2012,2,55,1093,104,N,78735,1,2,6,3,6,,,,N,,,N,,,,,,,,,,,,,,,,,,,,,,0,,,,,,,,,,7,2,0,0,0,1,0,0,0,,,,,,,,
16950016,1,1,N,N,43,3FA6P0H73ER271042,2014,17,37,1097,104,N,78745,1,2,3,6,11,,,,Y,SPECIAL AUTOMOTIVE SERVICE INC,SPECIAL AUTOMOTIVE SERVICE INC,N,,,,,,,,,,,,,,,,,,,,,,0,,,,,,,,7,,4,1,0,1,0,0,0,1,0,,,,,,,,
16950017,1,1,N,N,43,3CZRM3H35FG702034,2015,3,44,107,69,N,78613,1,2,2,3,1,,,,Y,ARMADA TOWING,ARMADA TOWING,N,,,,,,,,,,,,,,,,,,,,,,37,,,,,,,,,,4,1,0,0,0,1,0,0,0,,,,,,,,
16950017,2,1,N,N,43,2HGES15533H621616,2003,17,44,256,104,N,78751,1,2,2,3,12,,,,Y,BULLET TOWING,BULLET TOWING,N,,,,,,,,,,,,,,,,,,,,,,0,,,,,,,,,,8,1,0,0,0,1,0,0,0,,,,,,,,
16950019,1,1,N,N,43,KNDJN2A20K7695110,2019,2,55,1357,69,N,78626,1,2,9,4,9,,,,N,ROCHAS TOWING SERVICE,ROCHAS TOWING SERVICE,N,,,,,,,,,,,,,,,,,,,,,,16,,,,,,,,,,1,1,0,1,0,0,0,1,0,,,,,,,,
16950019,2,1,N,N,43,SAJWA71C84SG16164,2004,8,51,2415,104,N,78703,1,2,2,4,12,,,,N,ATX-VIP TOWING SERVICES,ATX-VIP TOWING SERVICES,N,,,,,,,,,,,,,,,,,,,,,,0,,,,,,,,,,3,1,0,0,2,0,0,2,0,,,,,,,,
16950019,3,1,N,N,43,3GCEC23C79G218265,2009,17,107,658,30,N,78744,1,2,12,1,1,,,,N,NOT TOWED,,N,,,,,,,,,,,,,,,,,,,,,,0,,,,,,,,,,3,2,0,0,0,1,0,0,0,,,,,,,,
16950023,1,1,N,N,43,2G1WG5E39C1291492,2012,21,107,53,104,N,78724,1,2,3,6,11,,,,Y,ROCHAS TOWING SERVICE,ROCHAS TOWING SERVICE,N,,,,,,,,,,,,,,,,,,,,,,77,,,,,,,,,,5,1,0,0,0,1,0,0,0,,,,,,,,
16950023,2,1,N,N,43,5FYD5KV00CB040675,2012,3,498,1410,47,N,78702,1,2,3,2,11,,,,N,,,Y,Y,N,Y,5,5,78702,4,42530,0,N,,,,,2,13,,,,,,0,,,,,,,,,,1,1,0,1,0,3,0,1,0,N,2,,,,,N,
16950026,1,1,N,N,43,KNDPB3AC6G7819163,2016,2,55,575,104,N,78748,1,2,3,3,11,,,,Y,EZ AUTO AND TOWING SERVICE,EZ AUTO AND TOWING SERVICE,N,,,,,,,,,,,,,,,,,,,,,,38,,,20,,,,,,,6,1,0,0,0,1,0,0,0,,,,,,,,
16950026,2,1,N,N,43,JHMGK5H5XGX026689,2016,17,44,1083,104,N,78704,1,1,4,1,3,,,,N,,,N,,,,,,,,,,,,,,,,,,,,,,0,,,,,,,,,,7,1,0,0,0,1,0,0,0,,,,,,,,
16950028,1,1,N,N,43,1FADP5CU5FL110788,2015,18,37,2320,104,N,78731,1,2,14,3,3,,,,Y,STARS TOWING,STARS TOWING,N,,,,,,,,,,,,,,,,,,,,,,37,,,,,,,,,,4,1,0,0,0,1,0,0,0,,,,,,,,
16950028,2,1,N,N,43,1FTEF15Y0TLA03640,1996,10,37,2324,30,N,78756,1,2,2,3,12,,,,Y,AVILES & GABES WRECKER SERVICE INC.,AVILES & GABES WRECKER SERVICE INC.,N,,,,,,,,,,,,,,,,,,,,,,0,,,,,,,,,,8,1,0,0,0,1,0,0,0,,,,,,,,
16950032,1,1,N,N,43,4T1BK46K27U030876,2007,3,91,380,104,N,78741,1,1,15,3,10,,,,N,SELF,,N,,,,,,,,,,,,,,,,,,,,,,0,,,,,,,,,,3,1,0,1,0,0,0,1,0,,,,,,,,
16950032,2,1,Y,N,43,KMHHM66D68U293021,2008,17,45,636,104,N,78741,1,1,10,3,5,,,,N,SELF,,N,,,,,,,,,,,,,,,,,,,,,,0,,,,,,,,,,3,1,0,0,0,0,0,0,0,,,,,,,,
16950033,1,1,N,N,43,2GNAXKEV6K6199041,2018,17,107,1048,69,N,77032,1,1,1,7,12,,,,N,ROCHAS TOWING SERVICE,ROCHAS TOWING SERVICE,N,,,,,,,,,,,,,,,,,,,,,,19,20,,,,,,,,,5,1,0,0,0,2,0,0,0,,,,,,,,
16950033,2,1,N,N,43,1G1ZE5ST2HF148634,2017,2,107,56,104,N,78552,1,1,5,7,6,,,,N,DRIVER,UNKNOWN,N,,,,,,,,,,,,,,,,,,,,,,0,,,,,,,,,,5,1,0,0,2,1,0,2,0,,,,,,,,
16950036,1,1,N,N,43,3C4PDCBG9DT618876,2013,9,109,1166,104,N,78745,1,2,2,4,11,8,2,6,N,ATX-VIP TOWING SERVICES,ATX-VIP TOWING SERVICES,N,,,,,,,,,,,,,,,,,,,,,,74,,,,,,,,,,5,1,0,0,1,0,0,1,0,,,,,,,,
16950037,1,1,N,N,43,3GYFNBE37FS641376,2015,21,106,1373,69,N,78620,1,1,4,4,1,,,,N,DRIVER,UNKNOWN,N,,,,,,,,,,,,,,,,,,,,,,19,20,,,,,,,,,5,1,0,0,0,1,0,0,0,,,,,,,,
16950037,2,1,N,N,43,1HGCR2F54FA161781,2015,21,44,236,104,N,78754,1,1,11,6,9,,,,N,OWNER,UNKNOWN,N,,,,,,,,,,,,,,,,,,,,,,0,,,,,,,,,,3,1,0,0,1,0,0,1,0,,,,,,,,
16950038,1,1,N,N,43,1GCJK332X5F810477,2005,21,107,2237,30,N,78725,1,2,18,6,12,,,,Y,ROCHAS TOWING SERVICE,ROCHAS TOWING SERVICE,N,,,,,,,,,,,,,,,,,,,,,,,,,40,22,,,,,,4,1,0,1,0,0,0,1,0,,,,,,,,
16950039,1,1,N,Y,,,,2,,,69,N,,,,,,,,,,,,,N,,,,,,,,,,,,,,,,,,,,,,,,,20,61,,,,,,8,1,0,0,0,0,1,0,0,,,,,,,,
16950039,2,1,N,N,43,1FTYR14U47PA72901,2007,1,37,357,30,Y,78701,1,7,7,1,5,,,,N,,,N,,,,,,,,,,,,,,,,,,,,,,0,,,,,,,,,,8,1,0,0,1,0,0,1,0,,,,,,,,
16950040,1,1,N,N,43,KNDJT2A67D7610243,2013,16,55,1357,104,N,78723,1,1,14,1,3,,,,Y,NA,NA,N,,,,,,,,,,,,,,,,,,,,,,0,,,,,,,,,,5,1,0,0,0,1,0,0,0,,,,,,,,
16950040,2,3,,,,,,,,,,,,,,,,,,,,,,,,,,,,,,,,,,,,,,,,,,,,,0,,,,,,,,,,9,1,0,0,1,0,0,1,0,,,,,,,,
16950041,1,1,N,N,43,1G1PC5SB5E7252688,2014,9,107,2209,104,N,78704,1,1,4,5,1,,,,N,,,N,,,,,,,,,,,,,,,,,,,,,,0,,,,,,,,,,1,1,0,0,0,1,0,0,0,,,,,,,,
16950041,2,1,N,N,43,1GNKRFED8CJ195817,2012,21,107,1414,69,N,78617,3,1,7,3,7,,,,N,,,N,,,,,,,,,,,,,,,,,,,,,,0,,,,,,,,,,1,1,0,0,1,0,0,1,0,,,,,,,,
16950072,1,1,N,Y,43,1FTEW1C8XFKD03568,2015,21,37,2324,30,N,78708,2,,,,,,,,,AUS-TEX AUTO ENTERPRISES LLC,AUS-TEX AUTO ENTERPRISES LLC,N,,,,,,,,,,,,,,,,,,,,,,60,,,,,,,,,,1,1,0,0,0,0,1,0,0,,,,,,,,
16950072,2,1,N,N,43,1FTWW31R98EC84766,2008,21,37,2326,30,N,78754,1,1,4,2,2,,,,N,AVILES & GABES WRECKER SERVICE INC.,AVILES & GABES WRECKER SERVICE INC.,N,,,,,,,,,,,,,,,,,,,,,,0,,,,,,,,,,1,1,0,0,0,1,0,0,0,,,,,,,,
16950072,3,1,N,N,43,2LMDU68C17BJ32233,2007,2,113,2451,69,N,78753,2,,5,3,6,,,,N,STARS TOWING,STARS TOWING,N,,,,,,,,,,,,,,,,,,,,,,0,,,,,,,,,,1,2,0,0,3,0,0,3,0,,,,,,,,
16950073,1,1,N,Y,43,JHMAP11433T003791,2003,16,44,107,100,N,78741,1,1,,,,,,,N,NA,NA,N,,,,,,,,,,,,,,,,,,,,,,0,,,,,,,,,,11,1,0,0,0,0,1,0,0,,,,,,,,
16950073,2,1,N,N,43,5NPD84LF5JH322249,2018,21,45,480,104,N,78612,1,1,,,,,,,N,NA,NA,N,,,,,,,,,,,,,,,,,,,,,,0,,,,,,,,,,11,1,0,0,1,0,0,1,0,,,,,,,,
16950074,1,1,N,N,43,4T1BF1FK2GU180425,2016,21,91,380,104,N,78704,1,1,2,3,12,,,,N,SOUTHSIDE WRECKER INC,8200 S. CONGRESS AVE,N,,,,,,,,,,,,,,,,,,,,,,45,,,,,,,,,,2,1,0,0,0,1,0,0,0,,,,,,,,
16950074,2,1,N,N,15,1FUJGLBG3DSBY9258,2013,99,38,1524,92,N,47130,1,1,6,0,6,,,,,,,N,,,,,,,,,,,,,,,,,,,,,,0,,,,,,,,,,2,1,0,0,0,1,0,0,0,,,,,,,,
16950075,1,1,N,N,43,5UXKR2C57G0R72706,2016,5,14,689,69,N,78664,1,1,2,3,12,9,2,9,Y,,,N,,,,,,,,,,,,,,,,,,,,,,67,20,,,,,,,,,2,1,0,0,0,1,0,0,0,,,,,,,,
16950075,2,1,N,N,43,JM1DE1LZ2E0177790,2014,2,63,1210,104,N,78660,1,1,10,3,6,,,,N,AUS-TEX AUTO ENTERPRISES LLC,AUS-TEX AUTO ENTERPRISES LLC,N,,,,,,,,,,,,,,,,,,,,,,0,,,,,,,,,,2,1,0,0,0,2,0,0,0,,,,,,,,
16950076,1,1,N,Y,43,1HGCP2F88AA157967,2010,17,44,3294,104,N,78752,1,1,2,2,12,,,,N,DRIVER,,N,,,,,,,,,,,,,,,,,,,,,,16,,,,,,,,,,5,1,0,0,0,0,1,0,0,,,,,,,,
16950076,2,1,N,N,43,3N1AB7AP8GY246283,2016,16,71,341,104,N,78705,1,1,13,2,9,,,,N,DRIVER,DRIVER,N,,,,,,,,,,,,,,,,,,,,,,0,,,,,,,,,,3,1,0,0,0,1,0,0,0,,,,,,,,
16950077,1,1,N,N,43,1GCGK29U21Z112905,2001,3,107,60,30,N,78747,1,1,1,3,12,,,,N,,,N,,,,,,,,,,,,,,,,,,,,,,20,,,,,,,,,,3,1,0,0,0,1,0,0,0,,,,,,,,
16950077,2,1,N,N,43,2T1BR32E15C387034,2005,9,91,173,104,N,78702,1,1,,,,,,,N,EZ AUTO AND TOWING SERVICE,EZ AUTO AND TOWING SERVICE,N,,,,,,,,,,,,,,,,,,,,,,0,,,,,,,,,,5,1,0,0,0,1,0,0,0,,,,,,,,
16950078,1,1,N,N,43,JTHBB1BA6A2012639,2010,3,58,2440,104,N,75082,1,1,1,4,12,,,,N,HARPERS TOWING SERVICE INC,HARPERS TOWING SERVICE INC,N,,,,,,,,,,,,,,,,,,,,,,20,,,,,,,,,,1,1,0,0,0,1,0,0,0,,,,,,,,
16950078,2,1,N,N,43,1N4DL01D61C191925,2001,9,71,500,104,N,78748,1,1,5,7,6,1,7,12,N,HARPERS TOWING SERVICE INC,HARPERS TOWING SERVICE INC,N,,,,,,,,,,,,,,,,,,,,,,0,,,,,,,,,,1,1,0,0,1,0,0,1,0,,,,,,,,
16950078,3,1,N,N,43,2C3CDXBG7HH581643,2017,9,109,74,100,N,78622,1,1,5,3,6,,,,N,,,N,,,,,,,,,,,,,,,,,,,,,,0,,,,,,,,,,1,2,0,0,0,1,0,0,0,,,,,,,,