Crash_ID,Unit_Nbr,Unit_Desc_ID,Veh_Parked_Fl,Veh_HNR_Fl,Veh_Lic_State_ID,VIN,Veh_Mod_Year,Veh_Color_ID,Veh_Make_ID,Veh_Mod_ID,Veh_Body_Styl_ID,Emer_Respndr_Fl,Ownr_Zip,Fin_Resp_Proof_ID,Fin_Resp_Type_ID,Veh_Dmag_Area_1_ID,Veh_Dmag_Scl_1_ID,Force_Dir_1_ID,Veh_Dmag_Area_2_ID,Veh_Dmag_Scl_2_ID,Force_Dir_2_ID,Veh_Inventoried_Fl,Veh_Transp_Name,Veh_Transp_Dest,Veh_Cmv_Fl,Cmv_Fiveton_Fl,Cmv_Hazmat_Fl,Cmv_Nine_Plus_Pass_Fl,Cmv_Veh_Oper_ID,Cmv_Carrier_ID_Type_ID,Cmv_Carrier_Zip,Cmv_Veh_Type_ID,Cmv_GVWR,Cmv_RGVW,Cmv_Hazmat_Rel_Fl,Hazmat_Cls_1_ID,Hazmat_IDNbr_1_ID,Hazmat_Cls_2_ID,Hazmat_IDNbr_2_ID,Cmv_Cargo_Body_ID,Cmv_Evnt1_ID,Cmv_Evnt2_ID,Cmv_Evnt3_ID,Cmv_Evnt4_ID,Cmv_Tot_Axle,Cmv_Tot_Tire,Contrib_Factr_1_ID,Contrib_Factr_2_ID,Contrib_Factr_3_ID,Contrib_Factr_P1_ID,Contrib_Factr_P2_ID,Veh_Dfct_1_ID,Veh_Dfct_2_ID,Veh_Dfct_3_ID,Veh_Dfct_P1_ID,Veh_Dfct_P2_ID,Veh_Trvl_Dir_ID,First_Harm_Evt_Inv_ID,Sus_Serious_Injry_Cnt,Nonincap_Injry_Cnt,Poss_Injry_Cnt,Non_Injry_Cnt,Unkn_Injry_Cnt,Tot_Injry_Cnt,Death_Cnt,Cmv_Disabling_Damage_Fl,Cmv_Bus_Type_ID,Trlr_GVWR,Trlr_RGVW,Trlr_Type_ID,Trlr_Disabling_Dmag_ID,Cmv_Intermodal_Container_Permit_Fl,CMV_Actual_Gross_Weight
16950079,1,1,N,N,43,1GNEC13T61J142705,2001,9,107,547,69,N,78744,1,2,2,1,12,,,,N,NOT TOWED,NOT TOWED,N,,,,,,,,,,,,,,,,,,,,,,0,,,,,,,,,,7,1,0,0,0,2,0,0,0,,,,,,,,
16950079,2,1,N,N,43,JN8AZ08T86W405395,2006,17,71,777,69,N,78745,1,2,14,2,3,,,,N,SOUTHSIDE WRECKER INC,8200 S. CONGRESS AVE,N,,,,,,,,,,,,,,,,,,,,,,35,,,,,,,,,,1,1,0,0,0,1,0,0,0,,,,,,,,
16950080,1,1,N,N,43,JH4CU2F48CC007660,2012,17,1,1430,104,N,78747,1,1,6,1,6,,,,Y,SOUTHSIDE WRECKER INC,8200 S. CONGRESS AVE,N,,,,,,,,,,,,,,,,,,,,,,68,,,,,,,,,,7,1,0,0,0,1,0,0,0,,,,,,,,
16950080,2,1,Y,N,43,3C6UR5DL3GG284682,2016,21,710,4101,30,N,78748,1,1,2,1,12,,,,N,,,N,,,,,,,,,,,,,,,,,,,,,,0,,,,,,,,,,3,1,0,0,0,1,0,0,0,,,,,,,,
16950081,1,1,N,N,10,JTHBF30G320069269,2002,18,58,1050,104,N,78723,2,,2,5,12,,,,N,MR EAST TOWING,MR EAST TOWING,N,,,,,,,,,,,,,,,,,,,,,,60,,,,,,,,,,4,1,0,1,0,0,0,1,0,,,,,,,,
16950082,1,1,N,N,43,JF1ZNAA11H9708888,2017,21,91,4331,100,N,78753,1,2,1,3,12,,,,N,AVILES & GABES WRECKER SERVICE INC.,AVILES & GABES WRECKER SERVICE INC.,N,,,,,,,,,,,,,,,,,,,,,,44,,,,,,,,,,7,1,0,0,0,1,0,0,0,,,,,,,,
16950082,2,1,N,Y,113,,,17,208,763,104,N,,,,,,,,,,,,,N,,,,,,,,,,,,,,,,,,,,,,0,,,,,,,,,,7,1,0,0,0,0,1,0,0,,,,,,,,
16950083,1,1,N,N,43,1GCRKSE70CZ332183,2012,1,107,658,30,N,89183,1,2,3,1,11,,,,Y,AUS-TEX AUTO ENTERPRISES LLC,AUS-TEX AUTO ENTERPRISES LLC,N,,,,,,,,,,,,,,,,,,,,,,40,62,,,,,,,,,1,1,0,0,0,1,0,0,0,,,,,,,,
16950084,1,1,N,N,43,5TDZT34A12S112079,2002,17,91,722,104,N,78613,1,2,3,2,12,,,,N,SPECIAL AUTOMOTIVE SERVICE INC,SPECIAL AUTOMOTIVE SERVICE INC,N,,,,,,,,,,,,,,,,,,,,,,20,44,,,,,,,,,5,1,0,0,0,1,0,0,0,,,,,,,,
16950084,2,1,N,N,43,1GTEC19V57Z130041,2007,18,39,2340,100,N,78664,1,2,8,1,6,,,,N,,,N,,,,,,,,,,,,,,,,,,,,,,0,,,,,,,,,,5,1,0,0,0,1,0,0,0,,,,,,,,
16950085,1,1,N,N,43,5TEJU62N78Z510412,2008,2,91,629,30,N,78738,1,2,2,4,12,,,,N,,,N,,,,,,,,,,,,,,,,,,,,,,20,,,,,,,,,,3,1,0,0,0,1,0,0,0,,,,,,,,
16950085,2,1,N,N,43,1GCNCREC0EZ158233,2014,2,107,658,30,N,78750,1,2,6,6,6,7,2,7,N,,,N,,,,,,,,,,,,,,,,,,,,,,0,,,,,,,,,,3,1,0,0,0,0,1,0,0,,,,,,,,
16950086,1,1,N,Y,113,,,2,109,,30,N,,,,,,,,,,,,,N,,,,,,,,,,,,,,,,,,,,,,0,,,,,,,,,,5,1,0,0,0,0,0,0,0,,,,,,,,
16950086,2,1,N,N,43,KNMAT2MV6GP691405,2016,3,71,69,104,N,78640,1,2,12,5,12,,,,N,USAA,,N,,,,,,,,,,,,,,,,,,,,,,66,,,,,,,,,,5,1,0,0,0,3,0,0,0,,,,,,,,
16950087,1,1,N,N,18,JT3GN86R920236299,2002,2,91,395,69,N,78753,1,1,3,2,11,,,,,,,N,,,,,,,,,,,,,,,,,,,,,,0,,,,,,,,,,1,1,0,0,0,3,0,0,0,,,,,,,,
16950087,2,1,N,N,43,JM1BK32G791253130,2009,11,63,272,104,N,78753,1,1,2,4,12,6,4,6,,,,N,,,,,,,,,,,,,,,,,,,,,,0,,,,,,,,,,1,1,0,0,0,2,0,0,0,,,,,,,,
16950087,3,1,N,N,43,5J6RM3H79DL022155,2013,16,44,107,69,N,78753,1,1,6,3,6,1,2,12,,,,N,,,,,,,,,,,,,,,,,,,,,,0,,,,,,,,,,1,2,0,0,0,1,0,0,0,,,,,,,,
16950087,4,1,N,N,43,5UXKU2C50F0N76145,2015,16,14,1467,69,N,78753,1,2,7,3,6,,,,N,,,N,,,,,,,,,,,,,,,,,,,,,,0,,,,,,,,,,1,2,0,1,0,0,0,1,0,,,,,,,,
16950088,1,1,N,N,43,1C6RD6FT7CS333506,2012,2,109,82,104,N,78744,1,1,1,1,12,,,,N,HOME,SELF,N,,,,,,,,,,,,,,,,,,,,,,74,,,,,,,,,,5,1,0,0,0,3,0,0,0,,,,,,,,
16950088,2,4,,,,,,,,,,,,,,,,,,,,,,,,,,,,,,,,,,,,,,,,,,,,,0,,,,,,,,,,9,1,0,1,0,0,0,1,0,,,,,,,,
16950089,1,1,N,N,16,2D4RN5D11AR460075,2010,21,109,1115,103,N,67135,1,2,2,3,12,7,3,6,N,NOT TOWED,,N,,,,,,,,,,,,,,,,,,,,,,44,,,,,,,,,,5,1,0,0,0,6,0,0,0,,,,,,,,
16950089,2,1,N,N,43,1C4NJPBB4HD121239,2017,16,429,1273,69,N,78229,1,2,5,1,6,,,,N,NOT TOWED,,N,,,,,,,,,,,,,,,,,,,,,,0,,,,,,,,,,5,1,0,0,2,2,0,2,0,,,,,,,,
16950089,3,1,N,N,43,5TFCZ5AN5HX117876,2017,9,91,629,30,N,78229,1,2,4,4,12,,,,N,SPECIAL AUTOMOTIVE SERVICE INC,SPECIAL AUTOMOTIVE SERVICE INC,N,,,,,,,,,,,,,,,,,,,,,,44,,,,,,,,,,5,2,0,0,0,5,0,0,0,,,,,,,,
16950090,1,1,N,N,43,JHMZE2H77AS025356,2010,21,44,697,104,N,78748,1,2,6,4,6,3,4,11,Y,SOUTHSIDE WRECKER INC,8200 S. CONGRESS AVE,N,,,,,,,,,,,,,,,,,,,,,,14,,,,,,,,,,5,1,0,0,0,1,0,0,0,,,,,,,,
16950090,2,1,N,N,43,19XFB2F52DE000470,2013,21,44,256,104,N,78666,1,2,2,4,12,,,,Y,SOUTHSIDE WRECKER INC,8200 S. CONGRESS AVE,N,,,,,,,,,,,,,,,,,,,,,,0,,,,,,,,,,5,1,0,0,0,1,0,0,0,,,,,,,,
16950090,3,1,N,N,43,1N4AL3AP1GC207231,2016,17,71,500,104,N,78666,1,2,2,4,12,,,,Y,SPECIAL AUTOMOTIVE SERVICE INC,SPECIAL AUTOMOTIVE SERVICE INC,N,,,,,,,,,,,,,,,,,,,,,,0,,,,,,,,,,5,2,0,1,0,0,0,1,0,,,,,,,,
16950091,1,1,N,N,43,5XXGU4L39GG109551,2016,2,55,715,104,N,78681,1,1,3,3,12,,,,N,,,N,,,,,,,,,,,,,,,,,,,,,,0,,,,,,,,,,4,1,0,0,0,3,0,0,0,,,,,,,,
16950091,2,1,N,N,43,1NXBR32E05Z492825,2005,17,91,173,104,N,78725,1,1,4,2,1,,,,N,620 LAKESIDE TOWING,620 LAKESIDE TOWING,N,,,,,,,,,,,,,,,,,,,,,,16,,,,,,,,,,8,1,0,0,0,1,0,0,0,,,,,,,,
16950092,1,1,N,N,43,5N1AR2MN7DC644509,2013,2,71,531,69,N,78745,1,2,4,2,10,,,,N,EZ AUTO AND TOWING SERVICE,EZ AUTO AND TOWING SERVICE,N,,,,,,,,,,,,,,,,,,,,,,,,,44,,,,,,,4,1,0,0,0,1,0,0,0,,,,,,,,
16950092,2,1,N,N,43,JHLRD78926C014533,2006,2,44,605,69,N,78724,1,2,13,1,10,,,,N,EZ AUTO AND TOWING SERVICE,EZ AUTO AND TOWING SERVICE,N,,,,,,,,,,,,,,,,,,,,,,,,,66,,,,,,,4,1,0,0,0,1,0,0,0,,,,,,,,
16950093,1,1,N,N,43,2C3CDZAG9FH888967,2015,2,109,73,100,N,78640,1,2,15,3,8,,,,N,K & S TOWING,K & S TOWING,N,,,,,,,,,,,,,,,,,,,,,,22,,,,,,,,,,1,1,0,0,0,1,0,0,0,,,,,,,,
16950133,1,1,N,N,43,2T3ZF33V09W008591,2009,3,91,581,69,N,77479,1,1,4,5,3,,,,N,OWNER,UNKNOWN,N,,,,,,,,,,,,,,,,,,,,,,19,20,,,,,,,,,3,1,0,0,0,1,0,0,0,,,,,,,,
16950133,2,1,N,N,43,19XFB2F70FE034668,2015,9,44,256,104,N,78705,1,1,1,7,12,,,,N,SPECIAL AUTOMOTIVE SERVICE INC,SPECIAL AUTOMOTIVE SERVICE INC,N,,,,,,,,,,,,,,,,,,,,,,0,,,,,,,,,,1,1,0,0,0,1,0,0,0,,,,,,,,
16950135,1,1,N,N,43,KMHEC4A49FA130881,2015,16,45,462,104,N,,1,2,3,0,12,,,,N,N/A,,N,,,,,,,,,,,,,,,,,,,,,,20,36,,,,,,,,,1,1,0,0,0,1,0,0,0,,,,,,,,
16950135,2,4,,,,,,,,,,,,,,,,,,,,,,,,,,,,,,,,,,,,,,,,,,,,,0,,,,,,,,,,9,1,0,1,0,0,0,1,0,,,,,,,,
16950137,1,1,N,N,43,1HGCG16591A001114,2001,17,44,236,104,N,78725,1,2,2,4,12,,,,N,ARMADA TOWING,ARMADA TOWING,N,,,,,,,,,,,,,,,,,,,,,,44,,,,,,,,,,7,1,0,0,0,1,0,0,0,,,,,,,,
16950137,2,1,N,N,43,5N1AT2MT6JC829212,2018,9,71,1310,69,N,78653,1,2,6,2,6,,,,N,,,N,,,,,,,,,,,,,,,,,,,,,,0,,,,,,,,,,7,1,0,0,0,1,0,0,0,,,,,,,,
16950138,1,1,N,N,43,1HGEM22134L046374,2004,3,44,256,100,N,78664,1,2,2,3,12,,,,N,,,N,,,,,,,,,,,,,,,,,,,,,,44,22,,,,,,,,,5,1,0,0,0,1,0,0,0,,,,,,,,
16950138,2,1,N,N,43,2HGFC1F78HH630174,2017,2,44,256,104,N,78218,1,2,5,1,6,,,,N,,,N,,,,,,,,,,,,,,,,,,,,,,0,,,,,,,,,,5,1,0,1,0,0,0,1,0,,,,,,,,
16950139,1,1,N,N,43,5VCDC6KF09H208927,2009,21,208,763,92,N,78754,1,2,1,1,12,,,,N,,,N,,,,,,,,,,,,,,,,,,,,,,20,,,,,,,,,,2,1,0,0,0,1,0,0,0,,,,,,,,
16950139,2,1,N,N,43,1GC2CUEG8GZ208243,2016,21,107,2202,30,N,78724,1,2,13,0,5,,,,N,,,N,,,,,,,,,,,,,,,,,,,,,,0,,,,,,,,,,6,1,0,0,0,3,0,0,0,,,,,,,,
16950139,3,6,,,,,,,,,,,78754,,,,,,,,,,,,,,,,,,,,,,,,,,,,,,,,,,0,,,,,,,,,,9,2,0,0,0,0,0,0,0,,,,,,,,
16950141,1,1,N,N,43,1G11C5SL0FF236730,2015,9,107,56,104,N,,1,1,8,3,3,6,3,3,N,STARS TOWING,STARS TOWING,N,,,,,,,,,,,,,,,,,,,,,,37,,,,,,,,,,5,1,0,0,0,1,0,0,0,,,,,,,,
16950141,2,1,N,N,43,2C3CDXBG8CH270411,2012,17,109,74,104,N,78727,1,1,2,3,12,4,3,1,N,EZ AUTO AND TOWING SERVICE,EZ AUTO AND TOWING SERVICE,N,,,,,,,,,,,,,,,,,,,,,,0,,,,,,,,,,1,1,0,0,1,0,0,1,0,,,,,,,,
16950142,1,1,N,N,43,1G1ZH57B88F178938,2011,3,71,500,104,N,78653,1,1,1,0,12,,,,N,,,N,,,,,,,,,,,,,,,,,,,,,,0,,,,,,,,,,7,1,0,0,0,1,0,0,0,,,,,,,,
16950142,2,1,N,N,43,1G1ZH57B88F178938,2008,21,107,56,104,N,78741,1,1,5,0,6,,,,N,,,N,,,,,,,,,,,,,,,,,,,,,,0,,,,,,,,,,7,1,0,0,2,0,0,2,0,,,,,,,,
16950143,1,1,N,N,43,1FTDF15N5LNA38759,1990,2,37,101,30,N,78617,1,2,2,3,12,,,,Y,AUSTEX,AUSTEX,N,,,,,,,,,,,,,,,,,,,,,,,,,47,,,,,,,4,1,0,0,1,0,0,1,0,,,,,,,,
16950143,2,1,N,N,43,1FTRW07342KC97187,2002,99,37,602,30,N,78660,1,2,14,1,3,,,,N,,,N,,,,,,,,,,,,,,,,,,,,,,0,,,,,,,,,,4,1,0,0,0,1,0,0,0,,,,,,,,
16950143,3,1,N,N,43,JTNBB46K873032539,2007,17,91,380,104,N,78748,1,2,6,3,6,,,,Y,A-TEX TOWING,5526 1/2 W HWY 290,N,,,,,,,,,,,,,,,,,,,,,,0,,,,,,,,,,4,2,0,0,0,1,0,0,0,,,,,,,,
16950144,1,1,N,N,43,WDDSJ4EB5FN177846,2015,16,65,785,104,N,78751,1,1,14,2,4,,,,N,SPECIAL AUTOMOTIVE SERVICE INC,SPECIAL AUTOMOTIVE SERVICE INC,N,,,,,,,,,,,,,,,,,,,,,,0,,,,,,,,,,3,1,0,0,0,2,0,0,0,,,,,,,,
16950144,2,1,N,N,43,1G1155S30EU129326,2014,21,107,53,104,N,78757,1,1,2,1,12,,,,N,,,N,,,,,,,,,,,,,,,,,,,,,,0,,,,,,,,,,7,1,0,0,0,1,0,0,0,,,,,,,,
16950145,1,1,N,N,43,JTHBK262675038304,2007,17,58,429,104,N,78759,1,1,2,4,12,,,,Y,620 LAKESIDE TOWING,620 LAKESIDE TOWING,N,,,,,,,,,,,,,,,,,,,,,,0,,,,,,,,,,5,1,0,0,0,1,0,0,0,,,,,,,,
16950145,2,1,N,N,43,3FADP0L3XCR413895,2012,16,37,1097,104,N,78730,1,1,10,3,3,,,,Y,EZ AUTO AND TOWING SERVICE,EZ AUTO AND TOWING SERVICE,N,,,,,,,,,,,,,,,,,,,,,,0,,,,,,,,,,7,1,0,0,0,1,0,0,0,,,,,,,,
16950147,1,1,N,N,43,1FTNX20F0XEC12072,1999,2,37,2325,30,N,78705,2,,2,4,12,,,,N,,,N,,,,,,,,,,,,,,,,,,,,,,74,,,,,,,,,,3,1,0,0,0,1,0,0,0,,,,,,,,
16950147,2,1,N,N,43,4T1BE32K52U571890,2002,8,91,380,104,N,78665,1,1,2,7,12,,,,Y,ROCHAS TOWING SERVICE,ROCHAS TOWING SERVICE,N,,,,,,,,,,,,,,,,,,,,,,0,,,,,,,,,,3,1,0,0,0,1,0,0,0,,,,,,,,
16950147,3,1,N,N,43,JTEZU14R28K014939,2008,2,91,395,69,N,78745,1,1,2,6,12,,,,Y,STARS TOWING,STARS TOWING,N,,,,,,,,,,,,,,,,,,,,,,0,,,,,,,,,,7,2,0,0,0,1,0,0,0,,,,,,,,
16950147,4,1,N,N,43,1FMCU0F72JUB72204,2018,21,37,711,69,N,78703,1,1,2,7,12,11,3,9,Y,ROCHAS TOWING SERVICE,ROCHAS TOWING SERVICE,N,,,,,,,,,,,,,,,,,,,,,,0,,,,,,,,,,7,2,0,0,0,1,0,0,0,,,,,,,,
16950148,1,1,N,Y,,,,,,,104,N,,,,,,,,,,,,,N,,,,,,,,,,,,,,,,,,,,,,66,,,,,,,,,,1,1,0,0,0,0,1,0,0,,,,,,,,
16950148,2,1,N,Y,,,,,,,104,N,,,,,,,,,,,,,N,,,,,,,,,,,,,,,,,,,,,,44,,,,,,,,,,1,1,0,0,0,0,1,0,0,,,,,,,,
16950148,3,1,N,N,43,2D8GV58295H617985,2005,21,109,225,104,N,78736,1,2,2,6,12,,,,Y,EZ AUTO AND TOWING SERVICE,,N,,,,,,,,,,,,,,,,,,,,,,0,,,,,,,,,,1,2,0,0,0,1,0,0,0,,,,,,,,
16950148,4,1,N,N,43,2FMDK3AK1EBB12434,2014,2,37,1035,104,N,78738,1,2,2,5,12,6,4,12,Y,HARPERS TOWING SERVICE INC,,N,,,,,,,,,,,,,,,,,,,,,,0,,,,,,,,,,1,2,0,0,0,1,0,0,0,,,,,,,,
16950149,1,1,N,N,43,1N4AL21EX9N529950,2009,2,71,500,69,N,78739,1,1,2,3,12,,,,N,EZ AUTO AND TOWING SERVICE,EZ AUTO AND TOWING SERVICE,N,,,,,,,,,,,,,,,,,,,,,,0,,,,,,,,,,5,1,0,1,0,1,0,1,0,,,,,,,,
16950150,1,1,N,Y,,,,2,208,763,0,N,,,,,,,,,,,,,N,,,,,,,,,,,,,,,,,,,,,,0,,,,,,,,,,5,1,0,0,0,0,0,0,0,,,,,,,,
16950150,2,1,N,N,43,5TBET34155S464402,2005,8,91,687,30,N,78617,1,1,10,5,3,,,,N,SELF,,N,,,,,,,,,,,,,,,,,,,,,,0,,,,,,,,,,1,1,0,1,0,0,0,1,0,,,,,,,,
16950151,1,1,N,N,43,5TDZA22C25S298434,2005,9,91,648,103,N,78745,1,2,2,0,12,,,,N,,,N,,,,,,,,,,,,,,,,,,,,,,44,,,,,,,,,,5,1,0,0,0,1,0,0,0,,,,,,,,
16950151,2,1,N,N,43,1GCDT39E788213744,2008,2,107,979,30,N,78744,1,2,6,1,6,,,,N,,,N,,,,,,,,,,,,,,,,,,,,,,0,,,,,,,,,,5,1,0,0,1,0,0,1,0,,,,,,,,
16950152,1,1,N,N,43,1HGCR3F89EA035107,2014,9,44,236,104,N,78729,1,1,12,4,2,8,3,5,,620 LAKESIDE TOWING,620 LAKESIDE TOWING,N,,,,,,,,,,,,,,,,,,,,,,60,,,,,,,,,,3,1,0,1,0,0,0,1,0,,,,,,,,
16950152,2,1,N,N,43,1FTYE1ZM3HKB33514,2017,21,37,2992,103,N,78681,1,1,13,3,9,,,,,,,N,,,,,,,,,,,,,,,,,,,,,,0,,,,,,,,,,3,1,0,0,0,1,0,0,0,,,,,,,,
16950152,3,1,N,N,43,3C7WRTCLXFG645267,2015,21,109,2281,30,N,78605,1,1,1,3,12,,,,N,,,N,,,,,,,,,,,,,,,,,,,,,,0,,,,,,,,,,3,2,0,0,0,1,0,0,0,,,,,,,,
16950157,1,1,N,N,43,5NPDH4AE8GH709154,2016,1,45,480,104,N,78728,1,2,3,2,11,4,2,2,,ROCHAS TOWING SERVICE,ROCHAS TOWING SERVICE,N,,,,,,,,,,,,,,,,,,,,,,,,,22,,,,,,,5,1,0,0,0,1,0,0,0,,,,,,,,
16950163,1,1,N,N,43,JM1BJ246121537375,2002,17,63,772,104,N,78155,1,2,29,0,,,,,N,SPECIAL AUTOMOTIVE SERVICE INC,OWNERS RESIDENCE/REQUEST,N,,,,,,,,,,,,,,,,,,,,,,74,,,,,,,,,,2,1,0,0,0,1,0,0,0,,,,,,,,
16950164,1,1,N,N,43,1FMRU1762YLA04021,2000,3,37,601,104,N,78723,2,,2,4,12,,,,N,620 LAKESIDE TOWING,620 LAKESIDE TOWING,N,,,,,,,,,,,,,,,,,,,,,,0,,,,,,,,,,11,1,0,0,0,0,0,0,0,,,,,,,,
16950165,1,1,N,N,43,3GNFC16058G148559,2008,21,107,249,69,N,78753,1,2,2,3,10,,,,N,STARS TOWING,STARS TOWING,N,,,,,,,,,,,,,,,,,,,,,,35,,,,,,,,,,5,1,0,0,2,0,0,2,0,,,,,,,,
16950165,2,1,N,N,43,JN8AF5MR9GT605379,2016,22,71,2505,69,N,78660,1,2,10,3,3,,,,N,STARS,STARS,N,,,,,,,,,,,,,,,,,,,,,,0,,,,,,,,,,7,1,0,0,1,0,0,1,0,,,,,,,,
16950166,1,1,N,N,43,1FTYR2CG0GKB17749,2016,21,37,101,103,N,78653,1,2,2,7,12,,,,,ARMADA TOWING,IMPOUND,N,,,,,,,,,,,,,,,,,,,,,,20,44,,,,,,,,,7,1,0,0,0,1,0,0,0,,,,,,,,
16950166,2,1,N,N,43,1FTBW2ZG9HKB51003,2017,,37,101,103,N,75234,1,2,6,7,6,,,,,ARMADA TOWING,OWNERS RESIDENCE/REQUEST,N,,,,,,,,,,,,,,,,,,,,,,0,,,,,,,,,,7,1,0,0,0,1,0,0,0,,,,,,,,
16950179,1,1,N,N,43,KL7CJKSB6GB586798,2016,17,107,2248,104,N,78749,1,2,11,3,9,14,3,3,N,EZ AUTO AND TOWING SERVICE,5526 1/2 W HWY 290,N,,,,,,,,,,,,,,,,,,,,,,4,,,,,,,,,,5,1,0,0,1,0,0,1,0,,,,,,,,
16950179,2,1,N,N,43,1HGCM56377A194645,2007,16,44,236,104,N,78660,1,2,14,1,3,12,1,3,N,,,N,,,,,,,,,,,,,,,,,,,,,,0,,,,,,,,,,5,1,0,0,0,1,0,0,0,,,,,,,,
16950180,1,1,N,N,43,1FTYR1ZM7GKB34457,2016,21,37,2992,103,N,78745,1,2,7,1,8,,,,N,,,N,,,,,,,,,,,,,,,,,,,,,,3,,,,,,,,,,11,1,0,0,0,2,0,0,0,,,,,,,,
16950180,2,1,Y,N,43,1GNLC2E05DR169884,2013,2,107,547,69,N,,4,,4,0,2,,,,,,,N,,,,,,,,,,,,,,,,,,,,,,0,,,,,,,,,,11,1,0,0,0,1,0,0,0,,,,,,,,
16950181,1,1,N,N,43,1GC1KVE86GF211947,2016,21,107,658,30,N,78681,1,1,10,7,3,,,,Y,TEXAN TOWING,TEXAN TOWING,N,,,,,,,,,,,,,,,,,,,,,,41,,,,,,,,,,5,1,0,0,1,0,0,1,0,,,,,,,,
16950181,2,6,,,,,,,,,,,55419,,,,,,,,,,,,,,,,,,,,,,,,,,,,,,,,,,0,,,,,,,,,,9,2,0,0,0,0,0,0,0,,,10000,0,2,N,,
16950181,3,1,N,N,23,1FUJBBCG12LB88379,2002,3,38,2996,87,N,,1,1,,,,,,,N,,,Y,Y,N,N,1,2,55408,9,80000,0,N,,,,,11,13,,,,,,41,,,,,,,,,,5,1,0,0,0,1,0,0,0,N,0,,,,,N,
16950182,1,1,N,N,43,5TDZZRFH4JS288537,2018,3,91,721,69,N,78726,1,2,4,3,12,,,,N,,,N,,,,,,,,,,,,,,,,,,,,,,44,,,,,,,,,,8,1,0,0,0,1,0,0,0,,,,,,,,
16950182,2,1,N,N,43,3VWB67AJ2HM245752,2017,16,96,316,104,N,78726,1,2,7,2,7,,,,N,,,N,,,,,,,,,,,,,,,,,,,,,,0,,,,,,,,,,8,1,0,0,0,1,0,0,0,,,,,,,,
16950183,1,1,N,N,43,YV4982CT0A1537591,2010,21,98,781,69,N,78613,1,2,2,2,12,,,,N,,,N,,,,,,,,,,,,,,,,,,,,,,0,,,,,,,,,,4,1,0,0,0,1,0,0,0,,,,,,,,
16950183,2,1,Y,N,43,5TDYK3DC6CS257653,2012,9,91,648,103,N,78717,1,2,6,4,6,,,,N,FINGER TOWING SERVICE,FINGER TOWING SERVICE,N,,,,,,,,,,,,,,,,,,,,,,0,,,,,,,,,,2,1,0,0,0,0,0,0,0,,,,,,,,
16950183,3,1,Y,N,43,KNMAT2MT7JP619828,2018,17,71,1310,69,N,78613,1,2,10,1,12,,,,N,,,N,,,,,,,,,,,,,,,,,,,,,,0,,,,,,,,,,6,2,0,0,0,0,0,0,0,,,,,,,,
16950184,1,1,N,N,43,1FUJA3CGX1LF23369,2001,3,38,1524,106,N,75042,1,2,3,3,10,,,,N,,,N,,,,,,,,,,,,,,,,,,,,,,20,29,,,,,,,,,6,1,0,0,0,1,0,0,0,,,,,,,,
16950184,2,1,N,N,43,2GKALNEK0H6232219,2017,,39,1392,104,N,78723,1,2,8,3,5,,,,N,,,N,,,,,,,,,,,,,,,,,,,,,,0,,,,,,,,,,6,1,0,0,1,0,0,1,0,,,,,,,,
16950186,1,1,N,N,43,J8DC4J16967017324,2006,21,39,3052,103,N,78720,1,1,11,4,10,4,2,10,Y,A-TEX TOWING,5526 1/2 W HWY 290,N,,,,,,,,,,,,,,,,,,,,,,4,,,,,,,,,,5,1,0,2,0,2,0,2,0,,,,,,,,
16950186,2,1,N,N,43,1FMCU0GX7EUD18360,2014,17,37,711,104,N,78704,1,2,14,4,12,,,,N,NONE,,N,,,,,,,,,,,,,,,,,,,,,,0,,,,,,,,,,5,1,0,1,0,0,0,1,0,,,,,,,,
16950186,3,1,N,N,43,2C4RDGCG7ER337114,2014,3,109,550,103,N,78737,1,1,14,4,3,5,4,6,Y,ROCHAS TOWING SERVICE,ROCHAS TOWING SERVICE,N,,,,,,,,,,,,,,,,,,,,,,0,,,,,,,,,,5,2,0,0,0,1,0,0,0,,,,,,,,
16950186,4,1,N,N,43,1HGCP36788A037643,2008,9,44,236,104,N,787033,1,2,12,1,12,,,,N,NONE,,N,,,,,,,,,,,,,,,,,,,,,,0,,,,,,,,,,5,2,0,0,0,1,0,0,0,,,,,,,,
16950186,5,1,N,N,43,JTEDD21A670164562,2007,3,91,721,104,N,78704,1,2,14,2,12,,,,Y,ARMADA TOWING,,N,,,,,,,,,,,,,,,,,,,,,,0,,,,,,,,,,5,2,0,0,0,1,0,0,0,,,,,,,,
16950193,1,1,N,N,43,1GYUKCEF8AR281479,2010,21,106,657,69,N,78746,1,2,12,2,3,,,,N,,,N,,,,,,,,,,,,,,,,,,,,,,4,,,,,,,,,,1,1,0,0,0,1,0,0,0,,,,,,,,
16950193,2,1,N,N,43,JTDKDTB3XF1107503,2015,13,91,702,104,N,78723,1,2,2,4,10,,,,N,EZ AUTO AND TOWING SERVICE,EZ AUTO AND TOWING SERVICE,N,,,,,,,,,,,,,,,,,,,,,,41,,,,,,,,,,1,1,0,0,0,1,0,0,0,,,,,,,,
16950195,1,1,N,N,43,JHLRD1862XC074400,1999,17,44,107,69,N,78753,1,2,2,3,,,,,Y,ARMADA TOWING,ARMADA TOWING,N,,,,,,,,,,,,,,,,,,,,,,22,,,,,,,,,,6,1,0,0,0,1,0,0,0,,,,,,,,
16950195,2,1,N,N,43,5TDBK22C57S001156,2007,3,91,648,103,N,78752,1,1,8,3,6,2,3,6,Y,MR EAST TOWING,7597 CHEVY CHASE DR,N,,,,,,,,,,,,,,,,,,,,,,0,,,,,,,,,,6,1,0,0,0,4,0,0,0,,,,,,,,