Crash_ID,Unit_Nbr,Unit_Desc_ID,Veh_Parked_Fl,Veh_HNR_Fl,Veh_Lic_State_ID,VIN,Veh_Mod_Year,Veh_Color_ID,Veh_Make_ID,Veh_Mod_ID,Veh_Body_Styl_ID,Emer_Respndr_Fl,Ownr_Zip,Fin_Resp_Proof_ID,Fin_Resp_Type_ID,Veh_Dmag_Area_1_ID,Veh_Dmag_Scl_1_ID,Force_Dir_1_ID,Veh_Dmag_Area_2_ID,Veh_Dmag_Scl_2_ID,Force_Dir_2_ID,Veh_Inventoried_Fl,Veh_Transp_Name,Veh_Transp_Dest,Veh_Cmv_Fl,Cmv_Fiveton_Fl,Cmv_Hazmat_Fl,Cmv_Nine_Plus_Pass_Fl,Cmv_Veh_Oper_ID,Cmv_Carrier_ID_Type_ID,Cmv_Carrier_Zip,Cmv_Veh_Type_ID,Cmv_GVWR,Cmv_RGVW,Cmv_Hazmat_Rel_Fl,Hazmat_Cls_1_ID,Hazmat_IDNbr_1_ID,Hazmat_Cls_2_ID,Hazmat_IDNbr_2_ID,Cmv_Cargo_Body_ID,Cmv_Evnt1_ID,Cmv_Evnt2_ID,Cmv_Evnt3_ID,Cmv_Evnt4_ID,Cmv_Tot_Axle,Cmv_Tot_Tire,Contrib_Factr_1_ID,Contrib_Factr_2_ID,Contrib_Factr_3_ID,Contrib_Factr_P1_ID,Contrib_Factr_P2_ID,Veh_Dfct_1_ID,Veh_Dfct_2_ID,Veh_Dfct_3_ID,Veh_Dfct_P1_ID,Veh_Dfct_P2_ID,Veh_Trvl_Dir_ID,First_Harm_Evt_Inv_ID,Sus_Serious_Injry_Cnt,Nonincap_Injry_Cnt,Poss_Injry_Cnt,Non_Injry_Cnt,Unkn_Injry_Cnt,Tot_Injry_Cnt,Death_Cnt,Cmv_Disabling_Damage_Fl,Cmv_Bus_Type_ID,Trlr_GVWR,Trlr_RGVW,Trlr_Type_ID,Trlr_Disabling_Dmag_ID,Cmv_Intermodal_Container_Permit_Fl,CMV_Actual_Gross_Weight
16950195,3,1,N,N,43,19XFB2F58FE016207,2015,21,44,256,104,N,78753,1,2,6,2,,,,,N,,,N,,,,,,,,,,,,,,,,,,,,,,0,,,,,,,,,,6,2,0,0,0,3,0,0,0,,,,,,,,
16950196,1,1,N,N,43,1FADP3R45FL362164,2015,16,37,696,104,N,78704,1,2,4,3,1,,,,N,EZ AUTO AND TOWING SERVICE,EZ AUTO AND TOWING SERVICE,N,,,,,,,,,,,,,,,,,,,,,,34,,,,,,,,,,1,1,0,0,0,1,0,0,0,,,,,,,,
16950196,2,1,N,N,43,JTJGK31U889850782,2008,11,58,666,69,N,78730,1,2,2,2,12,,,,Y,ROCHAS TOWING SERVICE,ROCHAS TOWING SERVICE,N,,,,,,,,,,,,,,,,,,,,,,0,,,,,,,,,,7,2,0,0,0,1,0,0,0,,,,,,,,
16950196,3,1,N,N,43,3N1AB6AP7AL661996,2010,17,71,341,104,N,78757,1,2,11,1,10,,,,N,,,N,,,,,,,,,,,,,,,,,,,,,,0,,,,,,,,,,3,1,0,0,0,1,0,0,0,,,,,,,,
16950197,1,1,N,Y,43,1HGCS1B38BA013307,2011,9,44,236,104,N,77082,1,1,2,1,12,,,,N,,,N,,,,,,,,,,,,,,,,,,,,,,,,,19,20,,,,,,5,1,0,0,0,0,1,0,0,,,,,,,,
16950197,2,1,N,N,43,1N4AL3AP7FC150399,2015,16,71,500,104,N,78744,1,2,6,1,6,,,,N,,,N,,,,,,,,,,,,,,,,,,,,,,0,,,,,,,,,,5,1,0,0,0,1,0,0,0,,,,,,,,
16950198,1,1,N,Y,43,1GNSCBE08BR392347,2011,2,107,547,104,N,77057,1,2,4,6,12,,,,Y,ROCHAS TOWING SERVICE,ROCHAS TOWING SERVICE,N,,,,,,,,,,,,,,,,,,,,,,0,,,,,,,,,,5,1,0,0,0,0,0,0,0,,,,,,,,
16950198,2,1,Y,N,43,1C6RR7LT7GS181115,2016,21,710,4100,30,N,78702,1,2,,,,,,,N,,,N,,,,,,,,,,,,,,,,,,,,,,0,,,,,,,,,,5,1,0,0,0,0,0,0,0,,,,,,,,
16950199,1,1,N,N,43,1FTPW125X4KD79658,2004,11,37,2324,30,N,76802,1,1,,,,,,,,,,N,,,,,,,,,,,,,,,,,,,,,,22,,,,,,,,,,5,1,0,0,0,1,0,0,0,,,,,,,,
16950199,2,1,N,N,43,WBAXG5C56CDX04082,2012,2,14,589,104,N,78332,1,1,4,1,2,,,,N,,,N,,,,,,,,,,,,,,,,,,,,,,22,,,,,,,,,,5,1,0,0,0,1,0,0,0,,,,,,,,
16950199,3,1,N,N,43,KMHD84LF6HU339184,2017,21,45,480,104,N,30348,1,1,6,2,6,,,,N,,,N,,,,,,,,,,,,,,,,,,,,,,0,,,,,,,,,,5,2,0,0,0,1,0,0,0,,,,,,,,
16950199,4,1,N,N,43,1FTEW1EPXJKD43193,2018,9,37,2324,30,N,78748,1,1,15,2,7,,,,N,,,N,,,,,,,,,,,,,,,,,,,,,,0,,,,,,,,,,5,2,0,0,0,2,0,0,0,,,,,,,,
16950199,5,1,N,N,43,3GTP1UEC9FG526072,2015,21,39,3080,30,N,78610,1,1,15,3,7,,,,Y,DENVERS TOWING,DENVERS,N,,,,,,,,,,,,,,,,,,,,,,0,,,,,,,,,,5,2,0,0,0,2,0,0,0,,,,,,,,
16950200,1,1,N,N,43,2C3CDXHG3HH549568,2017,9,109,74,104,N,,1,2,4,3,1,,,,N,ARMADA TOWING,ARMADA TOWING,N,,,,,,,,,,,,,,,,,,,,,,0,,,,,,,,,,8,1,0,0,0,2,0,0,0,,,,,,,,
16950200,2,1,N,N,43,1HGES16325L004436,2005,17,44,256,104,N,78748,1,2,2,3,11,,,,N,HARPERS TOWING SERVICE INC,HARPERS TOWING SERVICE INC,N,,,,,,,,,,,,,,,,,,,,,,0,,,,,,,,,,6,1,0,0,0,1,0,0,0,,,,,,,,
16950201,1,1,N,N,43,5YFBURHE6GP473113,2016,17,91,173,104,N,78753,1,1,2,5,12,,,,N,DENVERS TOWING,YARD,N,,,,,,,,,,,,,,,,,,,,,,22,,,,,,,,,,1,1,0,0,0,1,0,0,0,,,,,,,,
16950201,2,1,N,Y,113,UNK,,2,,,69,N,,,,,,,,,,,,,N,,,,,,,,,,,,,,,,,,,,,,0,,,,,,,,,,1,1,0,0,0,0,1,0,0,,,,,,,,
16950201,3,1,N,N,43,JTHBZ1BLXHA010728,2017,2,58,2438,104,N,30348,1,1,6,1,6,,,,N,N/A,N/A,N,,,,,,,,,,,,,,,,,,,,,,0,,,,,,,,,,1,2,0,0,0,1,0,0,0,,,,,,,,
16950202,1,1,N,N,43,5YFBURHE7GP463724,2016,10,91,173,104,N,78754,1,2,2,5,12,,,,N,MR EAST TOWING,MR EAST TOWING,N,,,,,,,,,,,,,,,,,,,,,,0,,,,,,,,,,1,1,0,0,0,1,0,0,0,,,,,,,,
16950202,2,1,N,N,43,2HKYF18653H511338,2003,21,44,761,69,N,78723,1,2,14,5,4,,,,N,ARMADA TOWING,ARMADA TOWING,N,,,,,,,,,,,,,,,,,,,,,,0,,,,,,,,,,3,1,0,0,0,4,0,0,0,,,,,,,,
16950203,1,1,N,N,43,1FM5K8AR4EGB59125,2014,2,37,554,69,N,78702,1,1,2,2,12,,,,N,NA,NA,N,,,,,,,,,,,,,,,,,,,,,,0,,,,,,,,,,5,1,0,0,0,2,0,0,0,,,,,,,,
16950203,2,1,N,N,43,1FMCU0GXXFUC06069,2015,21,37,711,69,N,78132,1,1,6,2,6,,,,N,NA,NA,N,,,,,,,,,,,,,,,,,,,,,,0,,,,,,,,,,5,1,0,0,0,1,0,0,0,,,,,,,,
16950204,1,1,N,N,49,1G1AL55F767680073,2006,17,107,978,0,N,53115,1,2,10,3,3,,,,N,AUSTIN EXPRESS TOWING INC.,AUSTIN EXPRESS TOWING INC.,N,,,,,,,,,,,,,,,,,,,,,,20,,,,,,,,,,3,1,0,0,0,1,0,0,0,,,,,,,,
16950204,2,1,N,N,43,WAUB4CF50JA051184,2018,16,8,1324,104,N,78701,1,2,2,2,12,,,,N,BABYLON TOWING,OWNERS RESIDENCE/REQUEST,N,,,,,,,,,,,,,,,,,,,,,,0,,,,,,,,,,1,1,0,0,0,1,0,0,0,,,,,,,,
16950205,1,1,N,N,43,1G6AA5RA3E0173063,2014,17,106,2190,104,N,78721,1,1,11,3,11,,,,N,,,N,,,,,,,,,,,,,,,,,,,,,,34,,,,,,,,,,1,1,0,0,0,1,0,0,0,,,,,,,,
16950205,2,1,N,N,43,2HKRM3H71DH522045,2013,2,44,605,69,N,77007,1,1,4,5,12,,,,Y,AVILES & GABES WRECKER SERVICE INC.,AVILES & GABES WRECKER SERVICE INC.,N,,,,,,,,,,,,,,,,,,,,,,0,,,,,,,,,,3,1,0,0,0,4,0,0,0,,,,,,,,
16950207,1,1,N,N,43,JM1CW2BL4D0157969,2013,9,63,2482,104,N,78759,1,1,11,1,11,,,,Y,A-TEX TOWING,5526 1/2 W HWY 290,N,,,,,,,,,,,,,,,,,,,,,,74,,,,,,,,,,1,1,0,0,0,1,0,0,0,,,,,,,,
16950207,2,1,N,N,43,1HGES16581L007806,2001,21,44,256,104,N,78741,1,1,4,1,1,,,,Y,ROCHAS TOWING SERVICE,ROCHAS TOWING SERVICE,N,,,,,,,,,,,,,,,,,,,,,,74,,,,,,,,,,3,1,0,0,0,2,0,0,0,,,,,,,,
16950208,1,1,N,N,43,19XFB2F84DE084446,2013,9,44,256,104,N,76065,1,1,10,4,3,,,,N,ATX-VIP TOWING SERVICES,YARD,N,,,,,,,,,,,,,,,,,,,,,,35,,,,,,,,,,7,1,0,0,0,1,0,0,0,,,,,,,,
16950208,2,1,N,N,43,WDC0G4JB4JV067492,2018,2,65,1110,69,N,78754,1,1,2,2,12,,,,N,N/A,,N,,,,,,,,,,,,,,,,,,,,,,0,,,,,,,,,,5,1,0,0,0,2,0,0,0,,,,,,,,
16950209,1,1,N,N,43,JTEZU17R250052786,2005,17,91,395,104,N,79601,1,1,2,3,12,,,,N,NOT TOWED,NOT TOWED,N,,,,,,,,,,,,,,,,,,,,,,20,,,,,,,,,,3,1,0,0,0,4,0,0,0,,,,,,,,
16950209,2,1,N,N,43,WVGAV7AX7FW606245,2015,2,96,1396,104,N,78721,1,1,6,3,6,,,,Y,NOT TOWED,NOT TOWED,N,,,,,,,,,,,,,,,,,,,,,,0,,,,,,,,,,3,1,0,0,1,0,0,1,0,,,,,,,,
16950210,1,1,N,N,43,2HGFA16568H534001,2008,11,44,256,104,N,78666,1,1,12,1,3,,,,N,,,N,,,,,,,,,,,,,,,,,,,,,,0,,,,,,,,,,4,1,0,0,0,1,0,0,0,,,,,,,,
16950210,2,5,N,N,,,,,,,,N,11111,,,,,,,,,N,,,N,,,,,,,,,,,,,,,,,,,,,,0,,,,,,,,,,2,1,0,0,0,1,0,0,0,,,,,,,,
16950211,1,1,N,N,43,5Y2SP67859Z446771,2009,21,118,778,104,N,78758,1,1,1,0,12,,,,N,,,N,,,,,,,,,,,,,,,,,,,,,,0,,,,,,,,,,11,1,0,0,0,1,0,0,0,,,,,,,,
16950211,2,1,N,N,43,1FTVX1EFXDKF27509,2013,21,37,2324,30,N,78744,1,1,5,0,6,,,,N,,,N,,,,,,,,,,,,,,,,,,,,,,0,,,,,,,,,,11,1,0,0,0,1,0,0,0,,,,,,,,
16950212,1,1,N,N,43,1FDWX36R98EC00995,2008,21,37,2326,30,N,78720,1,7,3,1,10,,,,N,,,N,,,,,,,,,,,,,,,,,,,,,,74,,,,,,,,,,7,1,0,0,0,1,0,0,0,,,,,,,,
16950212,2,1,N,N,43,1FTVX1CF3EKF29557,2014,16,37,2324,30,N,08054,1,7,3,1,10,,,,N,,,N,,,,,,,,,,,,,,,,,,,,,,74,,,,,,,,,,3,1,0,0,0,1,0,0,0,,,,,,,,
16950244,1,1,N,N,43,JHLRD68433C015345,2003,1,44,107,69,N,78947,1,2,2,3,,,,,Y,ARMADA TOWING,ARMADA TOWING,N,,,,,,,,,,,,,,,,,,,,,,44,,,,,,,,,,2,1,0,0,1,0,0,1,0,,,,,,,,
16950244,2,1,N,N,43,KNAGM4A73B5100814,2011,2,55,715,104,N,78752,1,2,6,3,,,,,N,DRIVER,"7241 CORONADO CIR AUSTIN, TX",N,,,,,,,,,,,,,,,,,,,,,,0,,,,,,,,,,2,1,0,1,0,0,0,1,0,,,,,,,,
16950245,1,1,N,N,43,KM8JM72D55U051927,2005,1,45,713,69,N,78641,1,1,4,0,3,,,,N,NA,NA,N,,,,,,,,,,,,,,,,,,,,,,,,,20,,,,,,,3,1,0,0,0,1,0,0,0,,,,,,,,
16950245,2,5,N,N,,,,,,,,N,78701,4,,,,,,,,N,NA,NA,N,,,,,,,,,,,,,,,,,,,,,,0,,,,,,,,,,3,1,0,1,0,0,0,1,0,,,,,,,,
16950246,1,1,N,N,43,5XYPG4A31HG219100,2017,9,55,611,69,N,78723,2,,11,3,11,,,,N,BULLET TOWING,BULLET TOWING,N,,,,,,,,,,,,,,,,,,,,,,37,,,,,,,,,,1,1,0,0,0,1,0,0,0,,,,,,,,
16950246,2,1,N,N,43,1J8HR68T99C514024,2009,2,429,1116,69,N,78759,1,2,11,3,10,,,,N,EZ AUTO AND TOWING SERVICE,EZ AUTO AND TOWING SERVICE,N,,,,,,,,,,,,,,,,,,,,,,0,,,,,,,,,,5,1,0,0,0,1,0,0,0,,,,,,,,
16950247,1,1,N,N,43,1FMFU15539LA12823,2009,17,37,601,69,N,76513,1,1,2,3,12,,,,N,ARMADA TOWING,ARMADA TOWING,N,,,,,,,,,,,,,,,,,,,,,,20,,,,,,,,,,5,1,0,0,0,7,0,0,0,,,,,,,,
16950247,2,1,N,N,43,JN8AS58T68W003475,2008,5,71,1310,69,N,78754,1,1,6,3,6,,,,N,STARS TOWING,STARS TOWING,N,,,,,,,,,,,,,,,,,,,,,,0,,,,,,,,,,5,1,0,0,0,1,0,0,0,,,,,,,,
16950248,1,1,N,N,43,1GNSCBE08ER118232,2014,1,107,547,69,N,78721,1,1,14,1,3,,,,N,,,N,,,,,,,,,,,,,,,,,,,,,,,,,20,,,,,,,4,1,0,0,0,3,0,0,0,,,,,,,,
16950248,2,1,N,N,43,KM8J23A46GU179211,2016,13,45,1431,69,N,78640,1,1,2,2,12,,,,N,J & J TOWING,J & J TOWING,N,,,,,,,,,,,,,,,,,,,,,,0,,,,,,,,,,2,1,0,1,0,0,0,1,0,,,,,,,,
16950249,1,1,N,Y,43,5FNRL5H3XGB042097,2016,9,44,571,103,N,78734,1,2,5,1,6,,,,N,,,N,,,,,,,,,,,,,,,,,,,,,,44,,,,,,,,,,6,1,0,0,1,2,0,1,0,,,,,,,,
16950249,2,1,N,Y,113,,,99,,,0,N,,,,,,,,,,N,,,N,,,,,,,,,,,,,,,,,,,,,,0,,,,,,,,,,6,1,0,0,0,0,1,0,0,,,,,,,,
16950250,1,1,N,N,43,2T1CF28P52C592285,2002,9,91,686,100,N,78744,2,,2,3,12,,,,N,AUSTIN EXPRESS TOWING INC.,5514 PINE PL,N,,,,,,,,,,,,,,,,,,,,,,47,,,,,,,,,,7,1,0,1,0,2,0,1,0,,,,,,,,
16950250,2,1,Y,N,43,1G2HX52K2XH220248,1999,9,118,150,104,N,78744,2,,13,6,,,,,N,SPECIAL AUTOMOTIVE SERVICE INC,SPECIAL AUTOMOTIVE SERVICE INC,N,,,,,,,,,,,,,,,,,,,,,,0,,,,,,,,,,5,1,0,0,0,0,0,0,0,,,,,,,,
16950251,1,1,N,N,43,JM1BM1U79G1294593,2016,17,63,3917,104,N,75901,1,2,16,3,3,,,,Y,SPECIAL AUTOMOTIVE SERVICE INC,SPECIAL AUTOMOTIVE SERVICE INC,N,,,,,,,,,,,,,,,,,,,,,,0,,,,,,,,,,8,1,0,0,2,0,0,2,0,,,,,,,,
16950251,2,1,N,N,33,ML32F3FJ0JHF13329,2018,2,68,389,104,N,75013,1,2,2,3,12,,,,N,ROCHAS TOWING SERVICE,ROCHAS TOWING SERVICE,N,,,,,,,,,,,,,,,,,,,,,,0,,,,,,,,,,7,1,0,0,1,2,0,1,0,,,,,,,,
16950252,1,1,N,N,43,5YFBURHE2HP646773,2017,9,91,173,104,N,78722,1,1,2,6,12,,,,Y,620 LAKESIDE TOWING,620 LAKESIDE TOWING,N,,,,,,,,,,,,,,,,,,,,,,22,,,,,,,,,,1,1,0,0,0,1,0,0,0,,,,,,,,
16950253,1,1,N,N,43,JHMCM56373C010199,2003,2,44,236,104,N,78744,1,1,2,6,12,,,,Y,AUSTIN EXPRESS TOWING INC.,AUSTIN EXPRESS TOWING INC.,N,,,,,,,,,,,,,,,,,,,,,,37,,,,,,,,,,7,1,0,1,0,0,0,1,0,,,,,,,,
16950253,2,1,N,N,43,1HGFA16596L029117,2006,17,44,256,104,N,79521,1,1,11,6,10,,,,Y,SPECIAL AUTOMOTIVE SERVICE INC,SPECIAL AUTOMOTIVE SERVICE INC,N,,,,,,,,,,,,,,,,,,,,,,0,,,,,,,,,,3,1,0,1,0,0,0,1,0,,,,,,,,
16950254,1,1,N,N,43,5XXGV4L29GG065670,2016,2,55,715,104,N,77041,1,1,11,3,9,,,,Y,969 TOWING,969 TOWING,N,,,,,,,,,,,,,,,,,,,,,,20,,,,,,,,,,3,1,0,0,0,2,0,0,0,,,,,,,,
16950254,2,1,N,N,43,2FAHP71W37X160398,2007,2,37,995,104,N,78725,1,1,4,4,12,,,,Y,AVILES & GABES WRECKER SERVICE INC.,AVILES & GABES WRECKER SERVICE INC.,N,,,,,,,,,,,,,,,,,,,,,,0,,,,,,,,,,3,1,0,0,0,2,0,0,0,,,,,,,,
16950255,1,1,N,Y,43,4T1BK36B47U219846,2007,17,91,563,104,N,78758,1,1,,,,,,,N,,,N,,,,,,,,,,,,,,,,,,,,,,43,,,,,,,,,,4,1,0,0,0,0,1,0,0,,,,,,,,
16950255,2,1,N,N,43,1FM5K8AR1DGC26018,2013,2,37,554,105,N,78720,4,,10,2,3,,,,N,,,N,,,,,,,,,,,,,,,,,,,,,,0,,,,,,,,,,8,1,0,0,0,0,0,0,0,,,,,,,,
16950255,3,1,Y,N,43,1C4NJPBA5ED692001,2014,2,429,1273,104,N,78250,1,1,15,2,9,,,,N,,,N,,,,,,,,,,,,,,,,,,,,,,0,,,,,,,,,,11,2,0,0,0,0,0,0,0,,,,,,,,
16950256,1,1,N,N,43,KNAGM4A70B5110376,2011,11,55,715,104,N,78753,1,1,13,6,9,,,,Y,969 TOWING,969 TOWING,N,,,,,,,,,,,,,,,,,,,,,,33,,,,,,,,,,1,1,0,0,0,1,0,0,0,,,,,,,,
16950256,2,1,N,N,43,1HTXLAHT05J046703,2005,21,48,3603,106,N,78613,4,7,2,0,12,,,,N,,,Y,Y,N,N,2,5,78613,2,10001,0,N,,,,,7,13,,,,3,,0,,,,,,,,,,3,1,0,0,0,1,0,0,0,N,0,,,,,Y,10001
16950258,1,1,N,N,43,2T3YFREV1EW100458,2014,2,91,581,104,N,78602,1,1,14,3,2,,,,N,ROCHAS TOWING SERVICE,ROCHAS TOWING SERVICE,N,,,,,,,,,,,,,,,,,,,,,,37,,,,,,,,,,5,1,0,0,0,1,0,0,0,,,,,,,,
16950258,2,1,N,N,43,1J8HH48K97C578950,2007,17,429,982,104,N,78758,1,1,2,4,12,,,,N,,,N,,,,,,,,,,,,,,,,,,,,,,0,,,,,,,,,,1,1,0,0,0,1,0,0,0,,,,,,,,
16950319,1,1,N,N,43,JHMGK5H51GX009960,2016,3,44,1083,104,N,78757,1,2,12,2,1,,,,N,OWNER,OWNER RESIDENCE,N,,,,,,,,,,,,,,,,,,,,,,44,,,,,,,,,,5,1,0,0,0,1,0,0,0,,,,,,,,
16950319,2,1,N,N,43,1FM5K8AR9DGC26056,2013,2,37,554,69,N,78702,1,7,7,2,7,,,,N,NOT TOWED,NOT TOWED,N,,,,,,,,,,,,,,,,,,,,,,0,,,,,,,,,,5,1,0,0,0,1,0,0,0,,,,,,,,
16950320,1,1,N,N,43,NM0LS7BN1AT027407,2010,21,37,375,103,N,78723,1,1,2,2,12,,,,N,ARMADA TOWING,,N,,,,,,,,,,,,,,,,,,,,,,0,,,,,,,,,,5,1,0,0,0,1,0,0,0,,,,,,,,
16950320,2,1,N,N,43,2T3WFREVXFW148081,2015,17,91,581,69,N,78754,1,1,6,2,6,,,,N,,,N,,,,,,,,,,,,,,,,,,,,,,0,,,,,,,,,,5,1,0,0,0,1,0,0,0,,,,,,,,
16950518,1,1,N,N,43,WB1044001EZW23350,2014,2,14,2762,90,Y,78701,4,,12,1,1,,,,N,,,N,,,,,,,,,,,,,,,,,,,,,,44,,,,,,,,,,3,1,0,0,0,1,0,0,0,,,,,,,,
16950518,2,1,N,N,43,WB10591A65ZM26448,2005,3,14,21,71,N,78745,1,2,7,0,7,,,,N,,,N,,,,,,,,,,,,,,,,,,,,,,0,,,,,,,,,,3,1,0,0,0,1,0,0,0,,,,,,,,
16951687,1,1,N,N,43,YV140MAK2F1187358,2015,21,98,2596,104,N,75092,1,1,4,2,1,,,,N,LAKESIDE TOWING,12400 ANDERSON MILL RD,N,,,,,,,,,,,,,,,,,,,,,,37,,,,,,,,,,3,1,0,0,0,1,0,0,0,,,,,,,,
16951687,2,1,N,N,43,5TDZA3EH7BS009735,2011,17,91,721,69,N,78613,1,1,3,2,11,,,,N,LAKESIDE TOWING,12400 ANDERSON MILL RD,N,,,,,,,,,,,,,,,,,,,,,,0,,,,,,,,,,7,1,0,0,0,4,0,0,0,,,,,,,,
16952024,1,1,N,N,43,5TDZARFH1JS039538,2018,9,91,721,69,N,78617,1,1,4,4,1,,,,N,,,N,,,,,,,,,,,,,,,,,,,,,,23,,,,,,,,,,5,1,0,0,1,2,0,1,0,,,,,,,,
16952024,2,1,Y,N,43,2G1WU583989283535,2008,9,107,53,104,N,78660,1,1,7,5,7,,,,N,,,N,,,,,,,,,,,,,,,,,,,,,,56,,,,,,,,,,5,1,0,0,0,0,0,0,0,,,,,,,,
16952575,1,1,N,N,43,1FMJU1K5XDEF02574,2013,9,37,601,104,N,78734,1,1,6,2,6,,,,,,,N,,,,,,,,,,,,,,,,,,,,,,0,,,,,,,,,,5,1,0,0,0,1,0,0,0,,,,,,,,
16952575,2,1,N,N,43,1FMRU17L3WLB29337,1998,10,37,601,104,N,78640,1,1,2,4,12,,,,N,QUANTUM TOWING,"100 RODRIGUEZ ST, BUDA",N,,,,,,,,,,,,,,,,,,,,,,44,,,,,,,,,,5,1,0,0,0,1,0,0,0,,,,,,,,
16953928,1,1,N,N,43,3N1AB7AP3EL649050,2014,16,71,341,104,N,78723,2,1,3,4,3,,,,N,,,N,,,,,,,,,,,,,,,,,,,,,,47,,,,,,,,,,5,1,0,0,0,0,1,0,0,,,,,,,,
16953928,2,1,N,N,43,2GCEC19R3T1183939,1996,3,107,658,30,N,78724,1,1,2,3,12,,,,N,,,N,,,,,,,,,,,,,,,,,,,,,,0,,,,,,,,,,7,1,0,0,0,1,0,0,0,,,,,,,,
16953928,3,1,N,N,43,JM3KE2CY8G0633242,2016,17,63,1008,69,N,78613,1,1,8,1,6,,,,N,,,N,,,,,,,,,,,,,,,,,,,,,,0,,,,,,,,,,7,2,0,0,0,1,0,0,0,,,,,,,,
16953931,1,1,N,N,43,ML32A4HJ0FH056219,2015,16,68,389,100,N,78610,1,2,1,2,12,,,,Y,620 LAKESIDE TOWING,620 LAKESIDE TOWING,N,,,,,,,,,,,,,,,,,,,,,,67,,,,,,,,,,6,1,0,0,0,1,0,0,0,,,,,,,,
16953931,2,1,N,N,43,2T1BY32E65C445075,2005,3,91,380,104,N,78753,1,2,5,2,6,,,,N,,,N,,,,,,,,,,,,,,,,,,,,,,0,,,,,,,,,,6,1,0,0,0,1,0,0,0,,,,,,,,
16953932,1,1,N,N,43,JTNJJXB05EJ029899,2014,13,91,4331,0,N,78664,1,2,2,4,12,,,,N,STARS TOWING,STARS TOWING,N,,,,,,,,,,,,,,,,,,,,,,44,,,,,,,,,,1,1,0,0,0,1,0,0,0,,,,,,,,
16953932,2,1,N,N,43,1GKKRRED1BJ399016,2011,21,39,894,104,N,76554,1,2,6,2,6,,,,N,,,N,,,,,,,,,,,,,,,,,,,,,,0,,,,,,,,,,1,1,0,0,0,1,0,0,0,,,,,,,,
16953933,1,1,N,N,43,2HJYK16527H501172,2007,2,44,107,69,N,78230,1,1,2,2,12,,,,N,DRIVEN AWAY BY OWNER,,N,,,,,,,,,,,,,,,,,,,,,,29,44,,,,,,,,,5,1,0,0,0,1,0,0,0,,,,,,,,
16953933,2,1,N,N,43,5Y2SL65868Z415526,2008,17,118,778,69,N,78704,1,1,6,5,6,,,,N,AUSTIN EXPRESS TOWING INC.,,N,,,,,,,,,,,,,,,,,,,,,,0,,,,,,,,,,5,1,0,0,0,1,0,0,0,,,,,,,,
16953934,1,1,N,N,43,1G1ZD5ST0JF167787,2018,2,107,56,104,N,75261,1,1,2,3,12,,,,Y,ROCHAS,ROCHAS,N,,,,,,,,,,,,,,,,,,,,,,20,,,,,,,,,,7,1,0,1,0,0,0,1,0,,,,,,,,
16953934,2,1,N,N,43,3GCRKSE33AG254993,2010,16,107,658,104,N,78744,1,1,15,3,8,,,,Y,AVILES & GABES WRECKER SERVICE INC.,AVILES & GABES WRECKER SERVICE INC.,N,,,,,,,,,,,,,,,,,,,,,,0,,,,,,,,,,5,1,0,0,0,2,0,0,0,,,,,,,,
16953935,1,1,N,N,43,2C3CA5CV1AH325305,2010,21,21,65,104,N,78741,2,,11,6,8,4,3,1,N,SPECIAL AUTOMOTIVE SERVICE INC,SPECIAL AUTOMOTIVE SERVICE INC,N,,,,,,,,,,,,,,,,,,,,,,4,,,,,,,,,,8,1,0,0,0,2,0,0,0,,,,,,,,
16953935,2,1,N,N,43,WAUAUGFF9H1080883,2017,2,8,892,104,N,78741,1,2,4,5,1,13,3,8,N,ROCHAS TOWING SERVICE,ROCHAS TOWING SERVICE,N,,,,,,,,,,,,,,,,,,,,,,0,,,,,,,,,,8,1,0,0,0,1,0,0,0,,,,,,,,
16953935,3,1,N,N,43,5XXGM4A71EG336803,2014,11,55,715,104,N,78741,1,2,7,4,7,11,4,10,N,,,N,,,,,,,,,,,,,,,,,,,,,,0,,,,,,,,,,8,2,0,0,2,0,0,2,0,,,,,,,,
16953935,4,1,N,N,43,1G1FB1RS2G0150242,2016,2,107,46,100,N,78741,1,2,10,3,3,,,,N,,,N,,,,,,,,,,,,,,,,,,,,,,0,,,,,,,,,,8,2,0,0,0,2,0,0,0,,,,,,,,
16953936,1,1,N,N,43,2G1WF5EK8B1281769,2011,17,107,53,104,N,,2,,2,4,12,,,,N,,,N,,,,,,,,,,,,,,,,,,,,,,20,,,,,,,,,,5,1,0,1,0,0,0,1,0,,,,,,,,
16953936,2,1,N,N,43,4T3ZA3BB4BU051777,2011,21,91,1449,103,N,,1,2,16,4,3,,,,N,,,N,,,,,,,,,,,,,,,,,,,,,,0,,,,,,,,,,7,1,0,0,0,4,0,0,0,,,,,,,,
16953937,1,1,N,N,43,1HGCM72633A005365,2003,17,44,236,104,N,78704,1,2,4,3,1,,,,N,SPECIAL AUTOMOTIVE SERVICE INC,SPECIAL AUTOMOTIVE SERVICE INC,N,,,,,,,,,,,,,,,,,,,,,,22,64,,,,,,,,,7,1,0,0,0,1,0,0,0,,,,,,,,
16953938,1,1,N,N,16,19UUA96569A002009,2009,2,1,564,104,N,66209,1,2,2,3,12,,,,N,,,N,,,,,,,,,,,,,,,,,,,,,,37,,,,,,,,,,3,1,0,0,0,1,0,0,0,,,,,,,,