Crash_ID,Unit_Nbr,Unit_Desc_ID,Veh_Parked_Fl,Veh_HNR_Fl,Veh_Lic_State_ID,VIN,Veh_Mod_Year,Veh_Color_ID,Veh_Make_ID,Veh_Mod_ID,Veh_Body_Styl_ID,Emer_Respndr_Fl,Ownr_Zip,Fin_Resp_Proof_ID,Fin_Resp_Type_ID,Veh_Dmag_Area_1_ID,Veh_Dmag_Scl_1_ID,Force_Dir_1_ID,Veh_Dmag_Area_2_ID,Veh_Dmag_Scl_2_ID,Force_Dir_2_ID,Veh_Inventoried_Fl,Veh_Transp_Name,Veh_Transp_Dest,Veh_Cmv_Fl,Cmv_Fiveton_Fl,Cmv_Hazmat_Fl,Cmv_Nine_Plus_Pass_Fl,Cmv_Veh_Oper_ID,Cmv_Carrier_ID_Type_ID,Cmv_Carrier_Zip,Cmv_Veh_Type_ID,Cmv_GVWR,Cmv_RGVW,Cmv_Hazmat_Rel_Fl,Hazmat_Cls_1_ID,Hazmat_IDNbr_1_ID,Hazmat_Cls_2_ID,Hazmat_IDNbr_2_ID,Cmv_Cargo_Body_ID,Cmv_Evnt1_ID,Cmv_Evnt2_ID,Cmv_Evnt3_ID,Cmv_Evnt4_ID,Cmv_Tot_Axle,Cmv_Tot_Tire,Contrib_Factr_1_ID,Contrib_Factr_2_ID,Contrib_Factr_3_ID,Contrib_Factr_P1_ID,Contrib_Factr_P2_ID,Veh_Dfct_1_ID,Veh_Dfct_2_ID,Veh_Dfct_3_ID,Veh_Dfct_P1_ID,Veh_Dfct_P2_ID,Veh_Trvl_Dir_ID,First_Harm_Evt_Inv_ID,Sus_Serious_Injry_Cnt,Nonincap_Injry_Cnt,Poss_Injry_Cnt,Non_Injry_Cnt,Unkn_Injry_Cnt,Tot_Injry_Cnt,Death_Cnt,Cmv_Disabling_Damage_Fl,Cmv_Bus_Type_ID,Trlr_GVWR,Trlr_RGVW,Trlr_Type_ID,Trlr_Disabling_Dmag_ID,Cmv_Intermodal_Container_Permit_Fl,CMV_Actual_Gross_Weight
16953938,2,1,N,N,43,3TMJU62N49M081406,2009,2,91,629,30,N,78741,1,2,7,4,7,4,3,2,N,EZ AUTO AND TOWING SERVICE,EZ AUTO AND TOWING SERVICE,N,,,,,,,,,,,,,,,,,,,,,,,,,61,,,,,,,5,1,0,0,1,0,0,1,0,,,,,,,,
16953938,3,1,N,N,43,3G5DA03E64S555689,2004,1,105,727,69,N,78148,1,1,2,0,12,,,,N,,,N,,,,,,,,,,,,,,,,,,,,,,0,,,,,,,,,,1,2,0,0,0,1,0,0,0,,,,,,,,
16953939,1,1,N,N,43,JN1BV7AP3FM342254,2015,2,47,2393,104,N,78634,1,2,2,5,12,,,,Y,620 LAKESIDE TOWING,620 LAKESIDE TOWING,N,,,,,,,,,,,,,,,,,,,,,,0,,,,,,,,,,2,1,0,0,0,1,0,0,0,,,,,,,,
16953939,2,1,N,N,43,5TEGN92NX2Z037430,2002,10,91,629,30,N,77017,1,2,6,2,6,,,,N,,,N,,,,,,,,,,,,,,,,,,,,,,0,,,,,,,,,,2,1,0,0,0,1,0,0,0,,,,,,,,
16953940,1,1,N,N,43,2NP2HJ7X8FM272133,2015,21,74,4042,106,N,78759,1,2,4,1,12,,,,N,NOT,NOT,N,,,,,,,,,,,,,,,,,,,,,,0,,,,,,,,,,8,1,0,0,0,1,0,0,0,,,,,,,,
16953940,2,1,N,N,43,5FNYF5H38JB016835,2018,21,44,761,104,N,78705,1,2,6,3,6,,,,N,NOT,NOT,N,,,,,,,,,,,,,,,,,,,,,,0,,,,,,,,,,8,1,0,0,0,1,0,0,0,,,,,,,,
16953941,1,1,N,N,43,WDBUF22X58B257661,2008,17,65,3941,104,N,,1,1,14,3,4,18,3,3,N,A-TEX TOWING,5526 1/2 W HWY 290,N,,,,,,,,,,,,,,,,,,,,,,65,,,20,,,,,,,3,1,0,0,2,0,0,2,0,,,,,,,,
16953941,2,1,N,N,43,1XKZD49X2JJ200140,2018,21,54,3809,87,N,77302,1,1,2,3,12,,,,N,,,Y,Y,N,N,2,3,77302,7,80000,0,N,,,,,6,13,,,,,,0,,,,,,,,,,3,1,0,0,0,1,0,0,0,N,0,,,,,N,
16953941,3,6,,,,,,,,,,,77302,,,,,,,,,,,,,,,,,,,,,,,,,,,,,,,,,,0,,,,,,,,,,9,2,0,0,0,0,0,0,0,,,12250,0,2,N,,
16953943,1,1,N,N,43,NM0GS9E72E1133201,2014,21,37,2992,103,N,78702,1,2,15,3,7,,,,N,DRIVER REMOVED FROM SCENE,,N,,,,,,,,,,,,,,,,,,,,,,20,,,,,,,,,,5,1,0,0,0,1,0,0,0,,,,,,,,
16953943,2,1,N,N,43,1G1PA5SH7D7240308,2013,2,107,2209,104,N,78754,1,2,2,3,12,,,,N,EZ AUTO AND TOWING SERVICE,1830 OAKHLL LN,N,,,,,,,,,,,,,,,,,,,,,,0,,,,,,,,,,7,1,0,0,1,0,0,1,0,,,,,,,,
16953944,1,1,N,N,43,2B3KA43G17H603245,2007,9,109,74,104,N,78727,1,2,2,2,12,,,,Y,BULLET TOWING,BULLET TOWING,N,,,,,,,,,,,,,,,,,,,,,,44,,,,,,,,,,5,1,0,0,0,1,0,0,0,,,,,,,,
16953944,2,1,N,N,43,3HAMMAAL5FL576162,2015,21,48,110,103,N,78702,1,7,6,0,6,,,,N,,,N,,,,,,,,,,,,,,,,,,,,,,0,,,,,,,,,,5,1,0,0,0,1,0,0,0,,,,,,,,
16953945,1,1,N,N,36,1FAHP2D84FG135224,2015,21,37,376,104,N,73103,1,1,11,3,2,,,,N,ROCHAS TOWING SERVICE,ROCHAS TOWING SERVICE,N,,,,,,,,,,,,,,,,,,,,,,44,20,,,,,,,,,5,1,0,0,1,0,0,1,0,,,,,,,,
16953945,2,1,N,N,43,1FTPW14V07FB05671,2007,11,37,2324,30,N,78250,2,,14,1,4,,,,N,,,N,,,,,,,,,,,,,,,,,,,,,,0,,,,,,,,,,5,1,0,0,0,1,0,0,0,,,,,,,,
16953946,1,1,N,N,43,3N1AB7AP6HL704790,2017,9,71,341,104,N,78717,1,2,4,3,1,,,,N,620 LAKESIDE TOWING,620 LAKESIDE TOWING,N,,,,,,,,,,,,,,,,,,,,,,44,,,41,,,,,,,5,1,0,0,0,1,0,0,0,,,,,,,,
16953946,2,1,N,N,43,1FADP3F21FL313823,2015,3,37,696,104,N,79043,1,2,7,3,7,,,,N,AVILES & GABES WRECKER SERVICE INC.,AVILES & GABES WRECKER SERVICE INC.,N,,,,,,,,,,,,,,,,,,,,,,0,,,,,,,,,,5,1,0,0,0,1,0,0,0,,,,,,,,
16953947,1,1,N,N,43,3VW2K7AJXBM082125,2011,,96,316,104,N,78749,1,1,4,2,12,,,,N,,,N,,,,,,,,,,,,,,,,,,,,,,29,,,,,,,,,,5,1,0,0,0,1,0,0,0,,,,,,,,
16953947,2,1,N,N,43,5FNRL5H44FB072364,2015,17,44,571,104,N,78749,1,1,10,3,3,,,,N,A-TEX TOWING,,N,,,,,,,,,,,,,,,,,,,,,,0,,,,,,,,,,3,1,0,0,1,0,0,1,0,,,,,,,,
16953947,3,1,N,N,43,3N1BC11E89L476693,2009,17,71,1452,104,N,78660,1,1,15,4,6,,,,N,A-TEX TOWING,,N,,,,,,,,,,,,,,,,,,,,,,0,,,,,,,,,,3,2,0,0,0,1,0,0,0,,,,,,,,
16953948,1,1,N,N,43,1D7HE48KX6S702542,2006,21,109,567,30,N,77840,1,1,4,6,12,,,,N,ARMADA TOWING,9706 MIDDLEFISKVILLE RD 78705,N,,,,,,,,,,,,,,,,,,,,,,44,,,,,,,,,,5,1,0,0,0,0,1,0,0,,,,,,,,
16953948,2,1,N,N,46,1C4PJMBSXFW575648,2015,99,429,970,69,N,78705,1,1,8,4,6,,,,N,DRIVER,AWAY FROM SCENE,N,,,,,,,,,,,,,,,,,,,,,,0,,,,,,,,,,5,1,0,0,0,0,2,0,0,,,,,,,,
16953949,1,1,N,N,43,1YVHP80C475M21251,2007,17,63,2475,104,N,78752,1,1,2,5,11,,,,Y,A-TEX TOWING,A-TEX TOWING,N,,,,,,,,,,,,,,,,,,,,,,0,,,,,,,,,,7,1,0,0,0,1,0,0,0,,,,,,,,
16953949,2,1,N,N,43,5TDYZRFH1JS262585,2018,2,91,721,104,N,78613,1,1,6,2,6,,,,N,NOT TOWED,NOT TOWED,N,,,,,,,,,,,,,,,,,,,,,,0,,,,,,,,,,7,1,0,0,0,3,0,0,0,,,,,,,,
16953950,1,1,N,N,47,JA3AU86U18U040169,2008,9,68,744,104,N,78744,1,1,2,3,12,,,,Y,SPECIAL AUTOMOTIVE SERVICE INC,SPECIAL AUTOMOTIVE SERVICE INC,N,,,,,,,,,,,,,,,,,,,,,,0,,,,,,,,,,7,1,0,0,0,1,0,0,0,,,,,,,,
16953950,2,1,N,N,43,5FNYF3H97CB029037,2012,9,44,761,104,N,78130,1,1,6,0,6,,,,N,,,N,,,,,,,,,,,,,,,,,,,,,,0,,,,,,,,,,7,1,0,0,0,1,0,0,0,,,,,,,,
16953951,1,1,N,N,43,JH2MF0102FK000133,1985,16,44,107,71,N,78705,1,1,26,1,,,,,N,NOT TOWED,NOT TOWED,N,,,,,,,,,,,,,,,,,,,,,,35,,,,,,,,,,7,1,0,1,0,0,0,1,0,,,,,,,,
16953951,2,1,N,N,43,2HGFG12667H555054,2007,3,44,256,100,N,78758,1,1,16,1,3,,,,N,NOT TOWED,NOT TOWED,N,,,,,,,,,,,,,,,,,,,,,,0,,,,,,,,,,2,1,0,0,0,1,0,0,0,,,,,,,,
16953952,1,1,N,N,43,WVWMN7AN2CE504689,2012,17,96,964,104,N,78626,1,1,4,3,1,,,,,,,N,,,,,,,,,,,,,,,,,,,,,,0,,,,,,,,,,5,1,0,0,2,0,0,2,0,,,,,,,,
16953952,2,1,N,N,43,,2013,9,44,1083,104,N,78660,1,1,2,5,12,,,,,,,N,,,,,,,,,,,,,,,,,,,,,,0,,,,,,,,,,3,1,0,0,0,1,0,0,0,,,,,,,,
16953954,1,1,N,N,43,19UDE2F31JA008931,2018,21,1,2126,104,Y,78745,1,2,2,1,12,,,,N,,,N,,,,,,,,,,,,,,,,,,,,,,37,,,,,,,,,,3,1,0,0,0,1,0,0,0,,,,,,,,
16953954,2,1,N,N,43,1FAHP3E29CL270833,2012,2,37,696,104,Y,78748,1,1,16,3,3,,,,N,,,N,,,,,,,,,,,,,,,,,,,,,,0,,,,,,,,,,5,1,0,0,1,0,0,1,0,,,,,,,,
16954020,1,1,N,N,43,1NXBR32E44Z224410,2004,8,91,173,104,N,78729,1,2,2,1,12,,,,N,NOT,NOT,N,,,,,,,,,,,,,,,,,,,,,,68,,,,,,,,,,3,1,0,0,0,1,0,0,0,,,,,,,,
16954020,2,1,N,N,43,KNAGM4A7XD5394554,2013,21,55,715,104,N,78758,1,2,6,1,6,,,,N,NOT,NOT,N,,,,,,,,,,,,,,,,,,,,,,0,,,,,,,,,,3,1,0,0,1,1,0,1,0,,,,,,,,
16954021,1,1,N,N,43,KNDJP3A56E7081726,2014,17,55,1357,104,N,78729,1,2,1,6,12,,,,N,A-TEX TOWING,ATX-VIP TOWING SERVICES,N,,,,,,,,,,,,,,,,,,,,,,0,,,,,,,,,,5,1,0,0,0,1,0,0,0,,,,,,,,
16954021,2,1,N,N,43,1GC4K1EY5JF186293,2018,2,107,2238,30,N,76537,1,2,5,1,6,,,,N,,,N,,,,,,,,,,,,,,,,,,,,,,0,,,,,,,,,,5,1,0,0,0,1,0,0,0,,,,,,,,
16954022,1,1,N,N,43,4S4BSANC0K3253358,2019,21,85,1268,69,N,78759,2,,,,,,,,N,NOT TOWED,NOT TOWED,N,,,,,,,,,,,,,,,,,,,,,,0,,,,,,,,,,5,2,0,0,0,1,0,0,0,,,,,,,,
16954022,2,1,N,N,43,1N4AL3APXFC155967,2015,11,71,500,104,N,77398,1,1,2,4,4,,,,Y,EZ AUTO AND TOWING SERVICE,EZ AUTO AND TOWING SERVICE,N,,,,,,,,,,,,,,,,,,,,,,0,,,,,,,,,,1,1,0,0,0,1,0,0,0,,,,,,,,
16954023,1,1,N,N,43,2GNALCEK2G1179140,2016,3,107,1048,104,N,78652,1,2,14,2,4,8,2,3,N,EZ AUTO AND TOWING SERVICE,EZ AUTO AND TOWING SERVICE,N,,,,,,,,,,,,,,,,,,,,,,0,,,,,,,,,,7,1,0,0,0,1,0,0,0,,,,,,,,
16954023,2,1,N,N,43,3C6UR5ML1EG129612,2014,16,710,2522,30,N,78676,1,2,,,,,,,N,,,N,,,,,,,,,,,,,,,,,,,,,,0,,,,,,,,,,7,1,0,0,0,1,0,0,0,,,,,,,,
16954023,3,6,,,,,,,,,,,78676,,,,,,,,,,,,,,,,,,,,,,,,,,,,,,,,,,0,,,,,,,,,,9,2,0,0,0,0,0,0,0,,,,,,,,
16954024,1,1,N,N,43,1FTPW12576KB31080,2006,11,37,2324,30,N,78745,1,1,12,3,1,,,,N,ROCHAS TOWING SERVICE,ROCHAS TOWING SERVICE,N,,,,,,,,,,,,,,,,,,,,,,0,,,,,,,,,,7,1,0,2,0,1,0,2,0,,,,,,,,
16954025,1,1,N,N,43,5NPD84LF9HH017864,2017,2,45,480,104,N,78721,1,1,8,4,4,,,,Y,SPECIAL AUTOMOTIVE SERVICE INC,SPECIAL AUTOMOTIVE SERVICE INC,N,,,,,,,,,,,,,,,,,,,,,,0,,,,,,,,,,1,1,0,2,0,0,0,2,0,,,,,,,,
16954025,2,1,N,N,43,2MEFM74W45X663357,2005,8,114,1114,104,N,78725,1,1,2,3,12,,,,N,,,N,,,,,,,,,,,,,,,,,,,,,,0,,,,,,,,,,5,1,0,0,0,2,0,0,0,,,,,,,,
16954026,1,1,N,N,43,WDDHF5KB9CA639284,2012,,65,118,100,N,78741,1,2,13,2,9,,,,Y,EZ AUTO AND TOWING SERVICE,EZ AUTO AND TOWING SERVICE,N,,,,,,,,,,,,,,,,,,,,,,,,,19,67,,,,,,1,1,0,0,0,1,0,0,0,,,,,,,,
16954026,2,1,N,N,43,2HNYD2H41AH519088,2010,,1,705,104,N,78664,1,2,2,3,12,,,,N,STARS TOWING,STARS TOWING,N,,,,,,,,,,,,,,,,,,,,,,0,,,,,,,,,,3,1,0,0,0,1,0,0,0,,,,,,,,
16954027,1,1,N,N,43,1G11C5SAXDF337706,2013,1,107,56,104,N,78660,1,2,2,4,12,,,,N,AUSTIN EXPRESS TOWING INC.,AUSTIN EXPRESS TOWING INC.,N,,,,,,,,,,,,,,,,,,,,,,44,,,,,,,,,,5,1,0,0,0,1,0,0,0,,,,,,,,
16954027,2,1,N,N,43,,2000,16,106,194,104,N,78717,1,1,6,2,6,,,,N,AUS-TEX AUTO ENTERPRISES LLC,AUS-TEX AUTO ENTERPRISES LLC,N,,,,,,,,,,,,,,,,,,,,,,0,,,,,,,,,,5,1,0,0,0,1,0,0,0,,,,,,,,
16954028,1,1,N,N,43,1C3CDZAB1EN221465,2014,17,109,549,104,N,78727,1,1,1,2,12,,,,N,A-TEX TOWING,ATX-VIP TOWING SERVICES,N,,,,,,,,,,,,,,,,,,,,,,,,,19,,,,,,,4,1,0,0,0,1,0,0,0,,,,,,,,
16954028,2,1,N,N,43,1NXBR32E76Z653124,2006,10,91,173,104,N,78727,1,1,6,1,6,,,,N,,,N,,,,,,,,,,,,,,,,,,,,,,0,,,,,,,,,,4,1,0,0,0,1,0,0,0,,,,,,,,
16954028,3,1,N,N,43,KMHD84LF0JU667819,2018,9,45,480,104,N,78653,1,1,6,1,6,,,,N,,,N,,,,,,,,,,,,,,,,,,,,,,0,,,,,,,,,,4,2,0,0,0,3,0,0,0,,,,,,,,
16954029,1,1,N,N,43,1C6RR6LT0GS242606,2016,2,109,2275,30,N,78746,1,1,4,5,3,,,,Y,SOUTHSIDE WRECKER INC,8200 S. CONGRESS AVE,N,,,,,,,,,,,,,,,,,,,,,,,,,20,37,,,,,,4,1,0,0,0,1,0,0,0,,,,,,,,
16954029,2,1,N,N,43,3GCEC23J09G120838,2009,3,107,2202,30,N,78701,1,1,1,3,11,,,,Y,EZ AUTO AND TOWING SERVICE,EZ AUTO AND TOWING SERVICE,N,,,,,,,,,,,,,,,,,,,,,,0,,,,,,,,,,8,1,0,0,1,0,0,1,0,,,,,,,,
16954030,1,1,N,N,43,1HGCR2F74DA013807,2013,17,44,236,104,N,78723,1,1,2,2,12,,,,N,,,N,,,,,,,,,,,,,,,,,,,,,,0,,,,,,,,,,5,1,0,0,0,1,0,0,0,,,,,,,,
16954030,2,1,N,N,43,1N4BL3AP8DN530180,2013,21,71,500,104,N,75013,1,1,2,2,12,6,2,6,N,EZ AUTO AND TOWING SERVICE,EZ AUTO AND TOWING SERVICE,N,,,,,,,,,,,,,,,,,,,,,,0,,,,,,,,,,5,1,0,0,0,1,0,0,0,,,,,,,,
16954030,3,1,N,N,43,5TFTX4CN2CX021614,2012,16,91,629,30,N,78727,1,1,6,1,6,,,,,,,N,,,,,,,,,,,,,,,,,,,,,,0,,,,,,,,,,5,2,0,0,0,1,0,0,0,,,,,,,,
16954031,1,1,N,N,43,2CNDL13F276000335,2007,8,107,1048,69,N,78753,1,1,2,1,12,,,,N,,,N,,,,,,,,,,,,,,,,,,,,,,0,,,,,,,,,,5,1,0,0,0,2,0,0,0,,,,,,,,
16954031,2,1,N,N,43,5YFBURHE8HP676196,2017,21,91,173,104,N,78664,1,1,2,3,12,6,1,6,N,ATX-VIP TOWING SERVICES,ATX-VIP TOWING SERVICES,N,,,,,,,,,,,,,,,,,,,,,,0,,,,,,,,,,5,1,0,0,1,0,0,1,0,,,,,,,,
16954031,3,1,N,N,43,1GCSCSE07AZ284275,2010,17,107,658,30,N,78739,1,1,6,1,6,,,,N,,,N,,,,,,,,,,,,,,,,,,,,,,0,,,,,,,,,,5,2,0,0,0,1,0,0,0,,,,,,,,
16954032,1,1,N,N,43,1G1PF5S9XB7242531,2011,17,107,2209,104,N,75034,1,1,6,1,12,,,,N,,,N,,,,,,,,,,,,,,,,,,,,,,0,,,,,,,,,,7,1,0,0,0,1,0,0,0,,,,,,,,
16954032,2,1,N,N,43,WBAFR7C55BC602357,2011,10,14,862,104,N,78666,1,1,2,1,12,,,,N,HARPERS TOWING SERVICE INC,"201 RALPH ABLANEDO, AUSTIN TX",N,,,,,,,,,,,,,,,,,,,,,,,,,44,,,,,,,7,1,0,0,0,1,0,0,0,,,,,,,,
16954033,1,1,N,N,43,1G1105SA5HU143031,2017,17,107,53,104,N,76549,1,1,1,3,12,,,,N,NONE,NONE,N,,,,,,,,,,,,,,,,,,,,,,20,,,,,,,,,,6,1,0,0,0,1,0,0,0,,,,,,,,
16954033,2,1,N,N,43,1HGFA168X6L027631,2007,9,44,256,104,N,78612,2,,5,3,6,,,,N,NONE,NONE,N,,,,,,,,,,,,,,,,,,,,,,0,,,,,,,,,,6,1,0,0,0,1,0,0,0,,,,,,,,
16954034,1,1,N,N,43,KNADE123376239840,2007,2,55,611,104,N,78758,1,1,2,4,12,,,,N,EZ AUTOMOTIVE,EZ AUTOMOTIVE,N,,,,,,,,,,,,,,,,,,,,,,44,,,20,,,,,,,5,1,0,1,0,0,0,1,0,,,,,,,,
16954034,2,1,N,N,43,5TDJZRFH7JS542013,2018,17,91,721,69,N,78232,1,1,6,2,6,,,,N,,,N,,,,,,,,,,,,,,,,,,,,,,0,,,,,,,,,,5,1,0,2,0,1,0,2,0,,,,,,,,
16954035,1,1,N,N,43,1FMYU03107KB88637,2007,16,37,552,104,N,78732,1,1,3,3,10,,,,Y,620 LAKESIDE TOWING,620 LAKESIDE TOWING,N,,,,,,,,,,,,,,,,,,,,,,,,,45,,,,,,,8,1,0,0,0,1,0,0,0,,,,,,,,
16954036,1,1,N,N,43,WP1AB2A53FLB53305,2015,21,76,4099,104,N,78746,1,2,4,7,3,,,,N,EZ AUTO AND TOWING SERVICE,EZ AUTO AND TOWING SERVICE,N,,,,,,,,,,,,,,,,,,,,,,44,,,,,,,,,,8,1,0,0,0,1,0,0,0,,,,,,,,
16954036,2,1,N,N,43,ZFBCFABH8EZ024623,2014,17,35,2961,104,N,78610,1,2,7,7,8,,,,N,ROCHAS TOWING SERVICE,ROCHAS TOWING SERVICE,N,,,,,,,,,,,,,,,,,,,,,,0,,,,,,,,,,8,1,0,0,0,1,0,0,0,,,,,,,,
16954037,1,1,N,N,43,JN8AZ28R29T126448,2009,16,71,998,69,N,78744,2,,4,2,2,,,,N,ROCHAS TOWING SERVICE,ROCHAS TOWING SERVICE,N,,,,,,,,,,,,,,,,,,,,,,,,,37,,,,,,,7,1,0,0,0,1,0,0,0,,,,,,,,
16954037,2,1,N,N,43,1G1PE5SC1C7325782,2012,21,107,60,104,N,78617,1,2,1,1,11,,,,N,,,N,,,,,,,,,,,,,,,,,,,,,,,,,16,,,,,,,3,1,0,0,1,0,0,1,0,,,,,,,,
16954038,1,1,N,N,43,1GCEC14W7YE278703,2000,,107,2202,30,N,78724,2,,15,7,8,,,,N,,,N,,,,,,,,,,,,,,,,,,,,,,35,,,,,,,,,,7,1,0,0,0,1,0,0,0,,,,,,,,
16954038,2,1,N,N,43,1FAHP3F22CL449875,2012,17,37,229,104,N,78652,1,1,2,7,12,,,,N,EZ AUTO AND TOWING SERVICE,EZ AUTO AND TOWING SERVICE,N,,,,,,,,,,,,,,,,,,,,,,0,,,,,,,,,,1,1,0,0,0,2,0,0,0,,,,,,,,
16954039,1,1,N,N,22,KMHTC6AE5GU274908,2016,16,45,2381,100,N,78703,1,1,2,3,12,,,,N,OWNER,OWNER,N,,,,,,,,,,,,,,,,,,,,,,60,,,,,,,,,,11,1,0,0,0,1,0,0,0,,,,,,,,
16954039,2,1,N,N,43,3C7WRMCL6JG352223,2018,12,710,4103,9,Y,78702,1,7,4,1,1,,,,N,OWNER,OWNER,N,,,,,,,,,,,,,,,,,,,,,,0,,,,,,,,,,11,1,0,0,0,3,0,0,0,,,,,,,,
16954040,1,1,N,N,43,JN8AT2MT6HW402288,2017,9,71,1310,69,N,78641,1,1,2,1,12,6,1,6,N,,,N,,,,,,,,,,,,,,,,,,,,,,20,,,,,,,,,,5,1,0,0,0,2,0,0,0,,,,,,,,
16954040,2,1,N,N,43,1C4NJCBA5HD123887,2017,21,429,981,69,N,78015,1,2,6,1,6,,,,N,,,N,,,,,,,,,,,,,,,,,,,,,,0,,,,,,,,,,5,1,0,0,0,2,0,0,0,,,,,,,,
16954040,3,1,N,N,43,KNDJX3A59E7019950,2014,2,55,1357,104,N,76574,1,2,2,3,12,6,1,6,Y,ARMADA TOWING,ARMADA TOWING,N,,,,,,,,,,,,,,,,,,,,,,20,,,,,,,,,,5,2,0,1,0,1,0,1,0,,,,,,,,
16954040,4,1,N,N,43,1FM5K7B85EGA75637,2014,2,37,554,69,N,75040,1,2,2,1,12,,,,N,,,N,,,,,,,,,,,,,,,,,,,,,,20,,,,,,,,,,5,2,0,0,0,3,0,0,0,,,,,,,,
16954041,1,1,N,N,43,3VW267AJ3GM368216,2016,2,96,316,104,N,78731,1,2,2,3,12,,,,N,A-TEX TOWING,ATX-VIP TOWING SERVICES,N,,,,,,,,,,,,,,,,,,,,,,20,,,,,,,,,,5,1,0,0,0,1,0,0,0,,,,,,,,
16954041,2,1,N,N,43,WA1BNAFY2J2164444,2018,3,8,1284,69,N,60048,1,2,6,1,6,,,,N,,,N,,,,,,,,,,,,,,,,,,,,,,0,,,,,,,,,,5,1,0,0,1,2,0,1,0,,,,,,,,
16954042,1,1,N,N,43,19VDE1F30DE019924,2013,3,1,2126,104,N,77433,1,2,15,3,9,,,,N,DRIVEN FROM SCENE,DRIVEN FROM SCENE,N,,,,,,,,,,,,,,,,,,,,,,0,,,,,,,,,,5,1,0,0,0,1,0,0,0,,,,,,,,
16954042,2,1,N,N,43,1ZVBP8AM9B5136652,2011,3,37,96,100,N,79424,1,2,2,2,12,,,,Y,ROCHAS TOWING SERVICE,ROCHAS TOWING SERVICE,N,,,,,,,,,,,,,,,,,,,,,,0,,,,,,,,,,5,1,0,0,0,1,0,0,0,,,,,,,,
16954043,1,1,N,N,43,3FA6P0H99ER340382,2014,17,37,1097,104,N,78726,1,1,2,3,12,,,,N,AVILES & GABES WRECKER SERVICE INC.,IMPOUND,N,,,,,,,,,,,,,,,,,,,,,,0,,,,,,,,,,1,1,0,0,0,1,0,0,0,,,,,,,,
16954043,2,1,N,N,43,1GKKRNED3CJ385306,2012,17,39,894,104,N,78759,1,1,11,1,9,,,,N,,,N,,,,,,,,,,,,,,,,,,,,,,0,,,,,,,,,,1,1,0,0,0,1,0,0,0,,,,,,,,
16954043,3,1,N,N,43,1HGCR2F81DA052606,2013,9,44,236,104,N,,1,1,6,4,6,,,,N,AVILES & GABES WRECKER SERVICE INC.,IMPOUND,N,,,,,,,,,,,,,,,,,,,,,,0,,,,,,,,,,1,2,0,0,0,1,0,0,0,,,,,,,,
16954043,4,1,N,N,43,1GKS1AE00DR354420,2013,2,39,479,104,N,,1,1,5,1,6,,,,N,,,N,,,,,,,,,,,,,,,,,,,,,,0,,,,,,,,,,1,2,0,0,0,1,0,0,0,,,,,,,,
16954043,5,1,N,N,43,5N1AN08UX7C516965,2007,2,71,694,104,N,78723,2,,2,3,12,,,,N,A-TEX TOWING,IMPOUND,N,,,,,,,,,,,,,,,,,,,,,,0,,,,,,,,,,1,2,0,0,0,1,0,0,0,,,,,,,,
16954044,1,1,N,N,43,JA3AU86U88U006438,2008,2,68,744,104,N,78748,2,,4,3,,,,,Y,SOUTHSIDE WRECKER INC,OWNERS RESIDENCE/REQUEST,N,,,,,,,,,,,,,,,,,,,,,,20,,,,,,,,,,5,1,0,0,0,1,0,0,0,,,,,,,,
16954142,1,1,N,N,43,3TMJU62N77M049594,2007,16,91,629,30,N,78750,1,2,10,4,3,,,,N,,,N,,,,,,,,,,,,,,,,,,,,,,37,,,,,,,,,,7,1,0,0,0,1,0,0,0,,,,,,,,
16954142,2,1,N,N,43,1N4AA6AP2HC406443,2017,2,71,297,104,N,78717,1,2,2,6,12,,,,N,FINGER TOWING SERVICE,FINGER TOWING SERVICE,N,,,,,,,,,,,,,,,,,,,,,,0,,,,,,,,,,3,1,0,0,0,1,0,0,0,,,,,,,,
16954143,1,1,N,N,43,4TARN81A5RZ174309,1994,16,91,2569,30,N,78754,1,2,10,2,9,,,,Y,EZ AUTO AND TOWING SERVICE,EZ AUTO AND TOWING SERVICE,N,,,,,,,,,,,,,,,,,,,,,,22,,,,,,,,,,4,1,0,0,0,1,0,0,0,,,,,,,,
16954143,2,1,N,N,43,5NMSG3AB4AH368592,2010,9,45,713,69,N,78727,1,2,8,1,5,,,,,,,N,,,,,,,,,,,,,,,,,,,,,,0,,,,,,,,,,8,2,0,0,0,1,0,0,0,,,,,,,,
16954144,1,1,N,N,43,JTEBU5JR8C5103936,2012,21,91,395,69,N,78703,1,2,3,2,10,,,,Y,A-TEX TOWING,A-TEX TOWING,N,,,,,,,,,,,,,,,,,,,,,,35,,,,,,,,,,4,1,0,0,0,1,0,0,0,,,,,,,,
16954144,2,1,N,N,43,5FNYF28507B018409,2007,17,44,761,69,N,75803,1,2,4,2,2,,,,Y,BULLET TOWING,BULLET TOWING,N,,,,,,,,,,,,,,,,,,,,,,0,,,,,,,,,,6,1,0,0,0,1,0,0,0,,,,,,,,
16954145,1,1,N,N,43,1FTZF1763WKA77626,1998,18,37,2324,30,N,78640,1,2,2,1,12,,,,N,SPECIAL AUTOMOTIVE SERVICE INC,OWNER'S RESIDENCE,N,,,,,,,,,,,,,,,,,,,,,,74,,,,,,,,,,5,1,0,1,0,0,0,1,0,,,,,,,,
16954145,2,1,N,N,43,WBANE53517CY05247,2007,,14,2166,104,N,78610,1,2,2,2,12,6,1,6,N,ATX-VIP TOWING SERVICES,ATX-VIP TOWING SERVICES,N,,,,,,,,,,,,,,,,,,,,,,0,,,,,,,,,,5,1,0,0,0,1,0,0,0,,,,,,,,