Crash_ID,Unit_Nbr,Unit_Desc_ID,Veh_Parked_Fl,Veh_HNR_Fl,Veh_Lic_State_ID,VIN,Veh_Mod_Year,Veh_Color_ID,Veh_Make_ID,Veh_Mod_ID,Veh_Body_Styl_ID,Emer_Respndr_Fl,Ownr_Zip,Fin_Resp_Proof_ID,Fin_Resp_Type_ID,Veh_Dmag_Area_1_ID,Veh_Dmag_Scl_1_ID,Force_Dir_1_ID,Veh_Dmag_Area_2_ID,Veh_Dmag_Scl_2_ID,Force_Dir_2_ID,Veh_Inventoried_Fl,Veh_Transp_Name,Veh_Transp_Dest,Veh_Cmv_Fl,Cmv_Fiveton_Fl,Cmv_Hazmat_Fl,Cmv_Nine_Plus_Pass_Fl,Cmv_Veh_Oper_ID,Cmv_Carrier_ID_Type_ID,Cmv_Carrier_Zip,Cmv_Veh_Type_ID,Cmv_GVWR,Cmv_RGVW,Cmv_Hazmat_Rel_Fl,Hazmat_Cls_1_ID,Hazmat_IDNbr_1_ID,Hazmat_Cls_2_ID,Hazmat_IDNbr_2_ID,Cmv_Cargo_Body_ID,Cmv_Evnt1_ID,Cmv_Evnt2_ID,Cmv_Evnt3_ID,Cmv_Evnt4_ID,Cmv_Tot_Axle,Cmv_Tot_Tire,Contrib_Factr_1_ID,Contrib_Factr_2_ID,Contrib_Factr_3_ID,Contrib_Factr_P1_ID,Contrib_Factr_P2_ID,Veh_Dfct_1_ID,Veh_Dfct_2_ID,Veh_Dfct_3_ID,Veh_Dfct_P1_ID,Veh_Dfct_P2_ID,Veh_Trvl_Dir_ID,First_Harm_Evt_Inv_ID,Sus_Serious_Injry_Cnt,Nonincap_Injry_Cnt,Poss_Injry_Cnt,Non_Injry_Cnt,Unkn_Injry_Cnt,Tot_Injry_Cnt,Death_Cnt,Cmv_Disabling_Damage_Fl,Cmv_Bus_Type_ID,Trlr_GVWR,Trlr_RGVW,Trlr_Type_ID,Trlr_Disabling_Dmag_ID,Cmv_Intermodal_Container_Permit_Fl,CMV_Actual_Gross_Weight
16954145,3,1,N,Y,113,,,99,,,0,N,,,,,,,,,,N,,,N,,,,,,,,,,,,,,,,,,,,,,0,,,,,,,,,,5,2,0,0,0,0,1,0,0,,,,,,,,
16954146,1,1,N,N,43,19XFA16599E033504,2009,1,44,256,104,N,78750,1,2,1,2,12,,,,N,EZ AUTO AND TOWING SERVICE,EZ AUTO AND TOWING SERVICE,N,,,,,,,,,,,,,,,,,,,,,,44,,,,,,,,,,1,1,0,0,0,1,0,0,0,,,,,,,,
16954146,2,1,N,N,43,1G11D5RR9DF105428,2013,21,107,60,104,N,75098,1,2,6,1,6,,,,,,,N,,,,,,,,,,,,,,,,,,,,,,0,,,,,,,,,,1,1,0,0,0,1,0,0,0,,,,,,,,
16954147,1,1,N,N,43,1GTEC14X39Z250853,2009,21,39,2356,30,N,79329,1,1,12,5,3,,,,N,ROCHAS TOWING SERVICE,ROCHAS TOWING SERVICE,N,,,,,,,,,,,,,,,,,,,,,,0,,,,,,,,,,5,1,0,0,0,1,0,0,0,,,,,,,,
16954147,2,1,N,N,43,JNKCV61F89M356284,2009,2,47,1102,104,N,78223,1,1,13,4,8,,,,N,A-TEX TOWING,A-TEX TOWING,N,,,,,,,,,,,,,,,,,,,,,,4,,,,,,,,,,5,1,0,0,0,4,0,0,0,,,,,,,,
16954151,1,1,N,N,43,JT2SK12EXS0297033,1995,11,91,380,104,N,78230,1,2,1,5,12,,,,Y,AVILES & GABES WRECKER SERVICE INC.,AVILES & GABES WRECKER SERVICE INC.,N,,,,,,,,,,,,,,,,,,,,,,20,41,,22,,,,,6,,6,1,0,0,1,1,0,1,0,,,,,,,,
16954159,1,1,N,N,43,1GBJC34U41E327875,2001,3,107,658,92,N,78736,2,,2,3,12,,,,Y,AUSTIN EXPRESS TOWING INC.,AUSTIN EXPRESS TOWING INC.,N,,,,,,,,,,,,,,,,,,,,,,20,,,,,,,,,,8,1,0,1,0,0,0,1,0,,,,,,,,
16954160,1,1,N,N,43,KNAFK4A69F5259643,2015,21,55,1093,104,N,78728,1,1,2,1,12,,,,Y,SPECIAL AUTOMOTIVE SERVICE INC,SPECIAL AUTOMOTIVE SERVICE INC,N,,,,,,,,,,,,,,,,,,,,,,20,,,,,,,,,,5,1,0,0,0,1,0,0,0,,,,,,,,
16954160,2,1,N,N,43,VNKJTUD39HA071198,2017,17,91,1477,104,N,78259,1,1,6,2,6,,,,Y,A-TEX TOWING,AUS-TEX AUTO ENTERPRISES LLC,N,,,,,,,,,,,,,,,,,,,,,,0,,,,,,,,,,5,1,0,0,0,1,0,0,0,,,,,,,,
16954160,3,1,N,N,43,1G1ZS51FX6F300211,2006,17,107,56,104,N,78741,4,1,6,2,6,,,,N,NOT TOWED,NOT TOWED,N,,,,,,,,,,,,,,,,,,,,,,0,,,,,,,,,,5,2,0,0,0,1,0,0,0,,,,,,,,
16954160,4,1,N,N,43,1HGCR2F33FA037838,2015,9,44,236,104,N,78744,1,1,6,0,6,,,,N,NOT TOWED,NOT TOWED,N,,,,,,,,,,,,,,,,,,,,,,0,,,,,,,,,,5,2,0,0,0,1,0,0,0,,,,,,,,
16954161,1,1,N,N,43,2FMDK52C69BA05548,2009,17,37,1088,103,N,78641,1,2,4,2,10,12,2,5,Y,A-TEX TOWING,A-TEX TOWING,N,,,,,,,,,,,,,,,,,,,,,,44,,,20,,,,,,,1,1,0,0,0,1,0,0,0,,,,,,,,
16954161,2,1,N,N,43,JHMCR6F74HC022036,2017,9,44,236,104,N,78757,1,2,8,2,8,6,1,6,N,ARMADA TOWING,ARMADA TOWING,N,,,,,,,,,,,,,,,,,,,,,,0,,,,,,,,,,1,1,0,0,1,2,0,1,0,,,,,,,,
16954162,1,1,N,N,43,3D7HA18N72G122543,2005,10,109,2275,30,N,78741,1,1,6,1,6,,,,N,,,N,,,,,,,,,,,,,,,,,,,,,,0,,,,,,,,,,7,1,0,0,0,2,0,0,0,,,,,,,,
16954162,2,1,N,N,43,1VWBH7A30CC104913,2012,2,96,473,104,N,78645,1,1,2,4,12,,,,N,,,N,,,,,,,,,,,,,,,,,,,,,,0,,,,,,,,,,7,1,0,0,0,1,0,0,0,,,,,,,,
16954163,1,1,N,N,43,1FAHP35N78W273777,2008,3,37,696,104,N,78754,1,2,10,2,3,,,,N,ARMADA TOWING,ARMADA TOWING,N,,,,,,,,,,,,,,,,,,,,,,4,,,,,,,,,,1,1,0,0,0,2,0,0,0,,,,,,,,
16954163,2,1,N,N,43,1GCDS136158151777,2005,3,107,2244,104,N,78753,1,2,15,2,9,2,2,12,N,EZ AUTO AND TOWING SERVICE,EZ AUTO AND TOWING SERVICE,N,,,,,,,,,,,,,,,,,,,,,,0,,,,,,,,,,1,1,0,0,0,1,0,0,0,,,,,,,,
16954164,1,1,N,N,14,3AKJGLDR8JSJT3760,2018,21,38,3001,87,N,47130,1,2,14,1,5,,,,N,,,Y,Y,N,N,1,2,11205,9,53800,0,N,,,,,3,13,,,,,,64,,,,,,,,,,2,1,0,0,0,1,0,0,0,N,0,,,,,N,
16954164,2,6,,,,,,,,,,,,,,,,,,,,,,,,,,,,,,,,,,,,,,,,,,,,,0,,,,,,,,,,9,2,0,0,0,0,0,0,0,,,0,0,1,N,,
16954164,3,1,N,N,28,4TAVL52N4VZ267353,1997,21,91,629,30,N,89429,1,2,3,2,11,,,,Y,EZ AUTO AND TOWING SERVICE,EZ AUTO AND TOWING SERVICE,N,,,,,,,,,,,,,,,,,,,,,,0,,,,,,,,,,2,1,0,0,0,1,0,0,0,,,,,,,,
16954165,1,1,N,N,43,5XYKTCA18BG012452,2011,21,55,767,69,N,78749,2,,15,1,10,,,,,,,N,,,,,,,,,,,,,,,,,,,,,,,,,21,,,,,,,11,1,0,0,0,3,0,0,0,,,,,,,,
16954165,2,1,N,N,43,1G1JA6SH6E4210098,2014,9,107,2243,104,N,78006,1,2,10,4,2,15,4,9,Y,EZ AUTO AND TOWING SERVICE,EZ AUTO AND TOWING SERVICE,N,,,,,,,,,,,,,,,,,,,,,,,,,34,,,,,,,1,1,0,1,1,0,0,2,0,,,,,,,,
16954166,1,1,N,Y,43,,2012,21,113,1204,104,N,,,,4,1,3,,,,N,,,N,,,,,,,,,,,,,,,,,,,,,,,,,4,,,,,,,6,1,0,0,0,0,1,0,0,,,,,,,,
16954166,2,1,N,N,43,WDCTG4EB1HJ315447,2017,16,65,2490,104,N,78613,1,1,15,1,7,,,,N,,,N,,,,,,,,,,,,,,,,,,,,,,,,,65,,,,,,,2,1,0,0,0,2,0,0,0,,,,,,,,
16954167,1,1,N,N,43,2C3KA53GX7H629299,2007,8,21,65,104,N,78748,1,2,2,2,12,,,,N,A-TEX TOWING,A-TEX TOWING YARD,N,,,,,,,,,,,,,,,,,,,,,,22,,,,,,,,,,7,1,0,0,0,1,0,0,0,,,,,,,,
16954168,1,1,N,N,43,3GTP1WE04BG180914,2011,21,39,105,30,N,78753,2,,2,3,11,,,,Y,EZ AUTO AND TOWING SERVICE,EZ AUTO AND TOWING SERVICE,N,,,,,,,,,,,,,,,,,,,,,,,,,15,20,,,,,,2,1,0,0,1,0,2,1,0,,,,,,,,
16954168,2,1,N,N,43,1GCEK19JX7Z620037,2007,2,107,658,30,N,78724,2,,2,3,1,,,,Y,ROCHAS TOWING SERVICE,ROCHAS TOWING SERVICE,N,,,,,,,,,,,,,,,,,,,,,,0,,,,,,,,,,4,1,0,0,0,2,0,0,0,,,,,,,,
16954169,1,1,N,N,43,KMHGN4JF7FU086074,2015,5,45,1107,104,N,78744,1,2,2,4,12,6,2,6,N,,,N,,,,,,,,,,,,,,,,,,,,,,0,,,,,,,,,,3,1,0,1,0,2,0,1,0,,,,,,,,
16954169,2,1,N,N,43,1D7RV1GP6AS113495,2010,2,109,82,30,N,78734,1,2,6,1,6,,,,N,,,N,,,,,,,,,,,,,,,,,,,,,,0,,,,,,,,,,3,1,0,0,0,1,0,0,0,,,,,,,,
16954169,3,1,N,N,43,2GCEC19T8Y1391043,2000,9,107,60,30,N,78617,1,2,2,3,12,,,,N,,,N,,,,,,,,,,,,,,,,,,,,,,0,,,,,,,,,,3,2,0,0,0,2,0,0,0,,,,,,,,
16954170,1,1,N,N,9,5YFBURHE8JP753168,2018,21,91,173,104,N,74134,2,,15,1,10,,,,N,A&A TOWING,A&A TOWING,N,,,,,,,,,,,,,,,,,,,,,,0,,,,,8,,,,,7,1,0,0,0,2,0,0,0,,,,,,,,
16954171,1,1,N,N,43,JTHBF30G635040174,2003,17,58,1050,104,N,78660,1,2,13,5,8,,,,N,620 LAKESIDE TOWING,620 LAKESIDE TOWING,N,,,,,,,,,,,,,,,,,,,,,,74,,,,,,,,,,7,1,0,0,0,1,0,0,0,,,,,,,,
16954171,2,1,N,N,43,KM8JN12D07U487713,2007,2,45,1431,69,N,76179,1,2,2,6,12,,,,N,620 LAKESIDE TOWING,620 LAKESIDE TOWING,N,,,,,,,,,,,,,,,,,,,,,,0,,,,,,,,,,1,1,0,0,0,1,0,0,0,,,,,,,,
16954173,1,1,N,N,43,1G1AK18FX87336201,2008,22,107,978,100,N,78741,1,2,4,5,12,9,5,9,Y,EZ AUTO AND TOWING SERVICE,EZ AUTO AND TOWING SERVICE,N,,,,,,,,,,,,,,,,,,,,,,0,,,,,,,,,,5,1,0,1,0,0,0,1,0,,,,,,,,
16954173,2,1,N,N,43,5XXGT4L34GG055224,2016,21,55,715,104,N,76574,1,2,7,4,6,,,,N,A-TEX TOWING,A-TEX,N,,,,,,,,,,,,,,,,,,,,,,0,,,,,,,,,,5,1,0,0,4,0,0,4,0,,,,,,,,
16954173,3,1,N,N,14,3AKJFLDR1JDJU1302,2018,21,38,1524,106,N,47130,1,2,,,,,,,N,,,Y,Y,N,N,1,1,47130,5,0,17000,N,,,,,3,13,,,,,,0,,,,,,,,,,5,2,0,0,0,2,0,0,0,N,0,,,,,N,
16954173,4,6,,,,,,,,,,,74464,,,,,,,,,,,,,,,,,,,,,,,,,,,,,,,,,,0,,,,,,,,,,9,2,0,0,0,0,0,0,0,,,0,80000,2,N,,
16954174,1,1,N,N,43,5TFAZ5CN9JX060138,2018,2,91,629,30,N,78753,1,2,2,3,11,,,,Y,DENVERS TOWING,DENVERS TOWING,N,,,,,,,,,,,,,,,,,,,,,,37,67,,,,,,,,,8,1,0,0,0,1,0,0,0,,,,,,,,
16954174,2,1,N,N,43,WP1AA2A2XGKA09010,2016,21,76,962,69,N,78753,1,2,2,2,1,,,,Y,PRONTO WRECKER SERVICE NORTH,PRONTO WRECKER SERVICE NORTH,N,,,,,,,,,,,,,,,,,,,,,,0,,,,,,,,,,2,1,0,0,0,1,0,0,0,,,,,,,,
16954206,1,1,N,N,43,1FMYU94176KC63271,2006,17,37,711,69,N,78616,2,,10,3,9,,,,Y,EZ AUTO AND TOWING SERVICE,EZ AUTO AND TOWING SERVICE,N,,,,,,,,,,,,,,,,,,,,,,63,67,,,,,,,,,1,1,0,0,0,1,0,0,0,,,,,,,,
16954206,2,1,N,N,43,1ZVBP8AM3C5211198,2012,16,37,96,100,N,78741,1,2,2,2,12,,,,N,,,N,,,,,,,,,,,,,,,,,,,,,,0,,,,,,,,,,3,1,0,0,0,2,0,0,0,,,,,,,,
16954207,1,1,N,N,43,WDCTG4EBXKU008302,2019,16,65,2490,104,N,78626,1,7,4,7,1,1,7,12,Y,EZ AUTO AND TOWING SERVICE,EZ AUTO AND TOWING SERVICE,N,,,,,,,,,,,,,,,,,,,,,,20,40,,,,,,,,,5,1,0,0,1,0,0,1,0,,,,,,,,
16954207,2,1,N,N,43,1GYS3MKJ9FR556528,2015,21,106,657,69,N,78613,1,1,16,6,3,,,,N,,,N,,,,,,,,,,,,,,,,,,,,,,0,,,,,,,,,,5,1,0,0,1,3,0,1,0,,,,,,,,
16954207,3,6,,,,,,,,,,,78233,,,,,,,,,,,,,,,,,,,,,,,,,,,,,,,,,,0,,,,,,,,,,9,2,0,0,0,0,0,0,0,,,0,20000,2,N,,
16954207,4,1,N,N,36,1XPBDP9X8KD600748,2019,3,74,1545,87,N,78233,1,1,,,,,,,N,,,Y,Y,N,N,1,2,,9,80000,0,N,,,,,11,98,,,,,,0,,,,,,,,,,5,2,0,0,0,1,0,0,0,N,0,,,,,N,
16954208,1,1,N,N,43,JTHKD5BH1D2142282,2013,21,58,2436,69,N,78723,1,2,11,1,9,,,,N,DRIVEN FROM SCENE,DRIVEN FROM SCENE,N,,,,,,,,,,,,,,,,,,,,,,0,,,,,,,,,,6,1,0,0,0,1,0,0,0,,,,,,,,
16954208,2,3,,,,,,,,,,,,,,,,,,,,,,,,,,,,,,,,,,,,,,,,,,,,,0,,,,,,,,,,9,1,0,0,1,0,0,1,0,,,,,,,,
16954209,1,1,N,N,43,2C3CDYAG6CH139405,2012,2,109,73,100,N,78758,1,1,3,0,11,,,,N,,,N,,,,,,,,,,,,,,,,,,,,,,0,,,,,,,,,,5,1,0,0,0,1,0,0,0,,,,,,,,
16954209,2,4,,,,,,,,,,,,,,,,,,,,,,,,,,,,,,,,,,,,,,,,,,,,,,,,59,,,,,,,9,1,0,0,0,1,0,0,0,,,,,,,,
16954210,1,1,N,N,43,1GBEG25K8PF343819,1993,21,107,2253,103,N,79912,2,,2,6,12,,,,N,PRONTO WRECKER SERVICE NORTH,503 RADAM LN,N,,,,,,,,,,,,,,,,,,,,,,44,,,,,,,,,,5,1,0,0,0,6,0,0,0,,,,,,,,
16954210,2,1,N,N,43,3C6UD5CL0CG285055,2012,21,710,4101,30,N,78736,1,2,2,6,12,6,4,6,N,,,N,,,,,,,,,,,,,,,,,,,,,,0,,,,,,,,,,5,1,0,0,0,1,0,0,0,,,,,,,,
16954210,3,1,N,N,43,1GKER33768J263769,2008,17,39,894,69,N,76541,1,2,6,5,6,,,,N,,,N,,,,,,,,,,,,,,,,,,,,,,0,,,,,,,,,,5,2,0,0,0,1,0,0,0,,,,,,,,
16954210,4,1,N,N,43,5N1AZ2MG5JN181271,2018,21,71,777,69,N,78006,1,2,6,1,6,,,,N,,,N,,,,,,,,,,,,,,,,,,,,,,0,,,,,,,,,,5,2,0,0,0,2,0,0,0,,,,,,,,
16954211,1,1,N,N,43,ZACCJABT4FPB39588,2015,2,429,4686,104,N,78748,1,1,17,5,9,,,,N,ROCHAS TOWING SERVICE,ROCHAS TOWING SERVICE,N,,,,,,,,,,,,,,,,,,,,,,0,,,,,,,,,,5,1,0,0,0,1,0,0,0,,,,,,,,
16954211,2,1,Y,N,43,1HGCP2F89CA084613,2012,17,44,236,104,N,,2,,7,1,8,,,,N,,,N,,,,,,,,,,,,,,,,,,,,,,0,,,,,,,,,,5,1,0,0,0,0,0,0,0,,,,,,,,
16954212,1,1,N,N,43,JHMGE8H34DC072870,2013,16,44,1083,104,Y,78723,1,2,4,6,11,,,,N,EZ AUTO AND TOWING SERVICE,EZ AUTO AND TOWING SERVICE,N,,,,,,,,,,,,,,,,,,,,,,19,,,,,,,,,,11,1,0,0,0,1,0,0,0,,,,,,,,
16954213,1,1,N,N,43,2G61M5S39J9127806,2018,16,106,2198,104,N,,2,,13,1,11,,,,N,620 LAKESIDE TOWING,620 LAKESIDE TOWING,N,,,,,,,,,,,,,,,,,,,,,,4,,,19,,,,,,,6,1,0,0,0,1,0,0,0,,,,,,,,
16954213,2,1,N,N,43,KM8J2CA41KU919207,2019,16,45,1431,104,N,79903,2,,10,1,2,,,,N,,,N,,,,,,,,,,,,,,,,,,,,,,0,,,,,,,,,,6,1,0,0,0,1,0,0,0,,,,,,,,
16954214,1,1,N,N,43,1GKEC13V93R311960,2003,21,39,479,104,N,78213,1,2,7,2,8,,,,N,,,N,,,,,,,,,,,,,,,,,,,,,,74,,,,,,,,,,5,1,0,0,0,1,0,0,0,,,,,,,,
16954214,2,1,N,N,43,2C3CDZAG2HH573768,2017,16,109,73,100,N,77446,1,2,12,6,3,,,,Y,AUSTIN EXPRESS TOWING INC.,AUSTIN EXPRESS TOWING INC.,N,,,,,,,,,,,,,,,,,,,,,,74,,,,,,,,,,5,1,0,0,0,1,0,0,0,,,,,,,,
16954215,1,1,N,N,43,3A8FY48B68T103186,2008,11,21,709,104,N,78745,2,,,,,,,,Y,SOUTHSIDE WRECKER INC,8200 S. CONGRESS AVE,N,,,,,,,,,,,,,,,,,,,,,,22,,,,,,,,,,3,1,0,0,0,1,0,0,0,,,,,,,,
16954216,1,1,N,Y,43,SALSF25476A956117,2006,,57,2434,69,N,78734,2,,4,5,1,,,,Y,SPECIAL AUTOMOTIVE SERVICE INC,SPECIAL AUTOMOTIVE SERVICE INC,N,,,,,,,,,,,,,,,,,,,,,,,,,22,,,,,,,4,1,0,0,0,0,1,0,0,,,,,,,,
16954217,1,1,N,N,43,4T1BG22K8YU941436,2000,9,91,380,104,N,78753,1,2,2,3,12,,,,Y,MR EAST TOWING,MR EAST TOWING,N,,,,,,,,,,,,,,,,,,,,,,1,,,,,,,,,,6,1,0,0,0,1,0,0,0,,,,,,,,
16954274,1,1,N,N,43,2HGES15522H598117,2002,11,44,256,104,N,78751,1,2,8,1,5,,,,N,,,N,,,,,,,,,,,,,,,,,,,,,,66,,,,,,,,,,7,1,0,0,0,1,0,0,0,,,,,,,,
16954274,2,1,N,N,43,4T4BF1FK7GR562259,2016,21,91,380,104,N,78660,1,2,4,2,1,,,,N,,,N,,,,,,,,,,,,,,,,,,,,,,0,,,,,,,,,,3,1,0,0,0,1,0,0,0,,,,,,,,
16954393,1,1,N,N,43,1FAHP2F85FG118204,2015,2,37,376,104,N,,3,1,4,3,3,,,,N,MR EAST TOWING,REMOVED FROM SCENE,N,,,,,,,,,,,,,,,,,,,,,,0,,,,,,,,,,7,1,0,0,0,2,0,0,0,,,,,,,,
16954393,2,1,N,N,43,WBAPH77529NM46410,2009,8,14,588,104,N,78701,1,1,3,1,11,,,,N,DRIVER,REMOVED FROM SCENE,N,,,,,,,,,,,,,,,,,,,,,,0,,,,,,,,,,5,1,0,0,0,1,0,0,0,,,,,,,,
16954394,1,1,N,N,43,JTKDE167070176899,2007,3,91,4331,100,N,79905,1,1,,,,,,,,,,N,,,,,,,,,,,,,,,,,,,,,,23,41,,,,,,,,,1,1,0,0,0,1,0,0,0,,,,,,,,
16954394,2,1,N,N,43,2C4RC1BG3ER398297,2014,17,21,64,103,N,78666,1,1,,,,,,,,SOUTHSIDE WRECKER INC,YARD,N,,,,,,,,,,,,,,,,,,,,,,0,,,,,,,,,,1,1,0,0,0,4,0,0,0,,,,,,,,
16954395,1,1,N,N,43,VBKUAP402GM405179,2016,21,407,1840,71,N,78741,1,2,15,1,9,,,,N,SOUTHSIDE WRECKER INC,8200 S. CONGRESS AVE,N,,,,,,,,,,,,,,,,,,,,,,22,,,,,,,,,,3,1,0,0,0,1,0,0,0,,,,,,,,
16954396,1,1,N,N,43,5XXGM4A7XEG290825,2014,5,55,715,104,N,,1,1,6,1,6,,,,N,REMOVED BY DRIVER,,N,,,,,,,,,,,,,,,,,,,,,,55,40,,,,,,,,,5,2,0,0,0,1,0,0,0,,,,,,,,
16954396,2,1,N,N,43,1HGEM221X5L044879,2005,17,44,256,104,N,78759,1,1,2,4,12,,,,N,EZ AUTO AND TOWING SERVICE,1830 OAK HILL,N,,,,,,,,,,,,,,,,,,,,,,41,,,,,,,,,,5,1,0,1,0,1,0,1,0,,,,,,,,
16954397,1,1,N,N,43,1HGFA16536L129018,2006,16,44,107,104,N,78753,1,1,15,3,3,,,,,,,N,,,,,,,,,,,,,,,,,,,,,,0,,,,,,,,,,1,1,0,0,1,1,0,1,0,,,,,,,,
16954397,2,1,N,N,43,1GNKREED7BJ390560,2011,9,107,1414,69,N,78753,1,1,2,4,12,,,,,,,N,,,,,,,,,,,,,,,,,,,,,,0,,,,,,,,,,7,1,0,0,0,2,0,0,0,,,,,,,,
16954398,1,1,N,N,43,1D7HA18227S102156,2007,17,109,2276,30,N,78752,1,2,15,4,9,,,,N,A-TEX TOWING,124 W ANDERSON LN,N,,,,,,,,,,,,,,,,,,,,,,0,,,,,,,,,,6,1,0,0,0,1,0,0,0,,,,,,,,
16954399,1,1,N,Y,43,5NPEB4AC6EH942502,2014,2,45,462,104,N,,,,,,,,,,,,,N,,,,,,,,,,,,,,,,,,,,,,0,,,,,,,,,,5,1,0,0,0,0,0,0,0,,,,,,,,
16954399,2,4,,,,,,,,,,,,,,,,,,,,,,,,,,,,,,,,,,,,,,,,,,,,,0,,,,,,,,,,9,1,0,1,0,0,0,1,0,,,,,,,,
16954400,1,1,N,N,43,1GCHK39K88E172942,2008,21,107,195,30,N,78617,1,1,3,6,11,,,,,AVILES & GABES WRECKER SERVICE INC.,AVILES & GABES WRECKER SERVICE INC.,N,,,,,,,,,,,,,,,,,,,,,,,,,47,,,,,,,8,1,0,0,0,2,0,0,0,,,,,,,,
16954400,2,6,,,,,,,,,,,78617,,,,,,,,,,,,,,,,,,,,,,,,,,,,,,,,,,0,,,,,,,,,,9,2,0,0,0,0,0,0,0,,,,,,,,
16954611,1,1,N,N,43,JTDKDTB35F1105108,2015,17,91,4327,104,N,78681,1,2,16,3,3,,,,N,,,N,,,,,,,,,,,,,,,,,,,,,,20,,,,,,,,,,5,1,0,0,2,1,0,2,0,,,,,,,,
16954611,2,1,N,N,43,JTMZFREV5JJ154570,2018,9,91,581,69,N,78748,1,2,2,1,12,,,,N,,,N,,,,,,,,,,,,,,,,,,,,,,0,,,,,,,,,,1,1,0,0,0,1,0,0,0,,,,,,,,
16954612,1,1,N,N,43,1G1ZT52814F166750,2004,2,107,56,104,N,78735,1,1,14,0,5,,,,N,,,N,,,,,,,,,,,,,,,,,,,,,,20,,,,,,,,,,1,2,0,0,0,3,0,0,0,,,,,,,,
16954612,2,1,N,N,16,1N4BL11D35C182098,2005,10,71,500,104,N,66049,1,1,4,3,1,,,,N,ROCHAS TOWING SERVICE,ROCHAS TOWING SERVICE,N,,,,,,,,,,,,,,,,,,,,,,0,,,,,,,,,,1,1,1,0,0,1,0,1,0,,,,,,,,
16954613,1,1,N,N,43,1FMZU67E03UB98507,2003,21,37,712,30,N,78704,1,2,,,,,,,N,,,N,,,,,,,,,,,,,,,,,,,,,,0,,,,,,,,,,5,1,0,0,0,1,0,0,0,,,,,,,,
16954613,2,4,,,,,,,,,,,,,,,,,,,,,,,,,,,,,,,,,,,,,,,,,,,,,0,,,,,,,,,,9,1,0,0,1,0,0,1,0,,,,,,,,
16954614,1,1,N,N,43,KM8JM12B16U249353,2006,10,45,1431,104,N,78653,1,1,2,3,10,,,,N,,,N,,,,,,,,,,,,,,,,,,,,,,0,,,,,,,,,,7,1,0,0,0,1,0,0,0,,,,,,,,
16954614,2,1,N,N,43,4JGBB86E67A220800,2007,2,65,675,69,N,78130,1,1,7,3,6,,,,N,AVILES & GABES WRECKER SERVICE INC.,AVILES & GABES WRECKER SERVICE INC.,N,,,,,,,,,,,,,,,,,,,,,,0,,,,,,,,,,7,1,0,0,0,1,0,0,0,,,,,,,,
16954615,1,1,N,N,43,2T2BK1BA1FC284537,2015,21,58,429,104,N,94022,1,1,1,1,12,,,,Y,SOUTHSIDE WRECKER INC,SOUTHSIDE WRECKER INC,N,,,,,,,,,,,,,,,,,,,,,,20,,,,,,,,,,5,1,0,0,0,1,0,0,0,,,,,,,,
16954615,2,1,N,N,43,1FUJGLD56FLGH9939,2019,21,38,1524,106,N,76706,1,1,5,1,6,,,,N,NA,NA,N,,,,,,,,,,,,,,,,,,,,,,0,,,,,,,,,,5,1,0,0,0,1,0,0,0,,,,,,,,
16954616,1,1,N,N,43,1GNDS13S142170335,2004,2,107,732,69,N,78731,2,,17,2,9,,,,Y,EZ AUTO AND TOWING SERVICE,"7712 MESA DR, AUSTIN TX 78731",N,,,,,,,,,,,,,,,,,,,,,,0,,,,,,,,,,4,1,0,0,0,1,0,0,0,,,,,,,,
16954617,1,1,N,N,43,1N4BL11D82C204124,2002,3,71,500,104,N,78753,1,2,3,4,11,,,,Y,STARS TOWING,STARS TOWING,N,,,,,,,,,,,,,,,,,,,,,,74,,,,,,,,,,8,1,0,0,0,2,0,0,0,,,,,,,,
16954618,1,1,N,N,43,5YFBURHE8FP235620,2015,21,91,173,104,N,,2,,4,2,2,,,,Y,,,N,,,,,,,,,,,,,,,,,,,,,,67,,,,,,,,,,8,1,0,0,0,1,0,0,0,,,,,,,,
16954620,1,1,N,N,43,5TFRT54179X028557,2009,3,91,687,30,N,78659,1,2,4,1,1,,,,N,,,N,,,,,,,,,,,,,,,,,,,,,,0,,,,,,,,,,6,1,0,0,0,1,0,0,0,,,,,,,,
16954620,2,1,N,N,43,3CZRU5H52JG705334,2018,17,44,107,104,N,78753,1,2,3,1,11,,,,N,,,N,,,,,,,,,,,,,,,,,,,,,,0,,,,,,,,,,6,1,0,1,0,0,0,1,0,,,,,,,,
16954623,1,1,N,N,43,1G1BC5SM8G7245409,2016,2,107,2209,104,N,78610,1,1,3,4,11,6,4,6,Y,EZ AUTO AND TOWING SERVICE,EZ AUTO AND TOWING SERVICE,N,,,,,,,,,,,,,,,,,,,,,,67,,,,,,,,,,2,1,0,0,0,1,0,0,0,,,,,,,,
16954631,1,1,N,Y,43,3N1BC13E29L383178,2009,17,71,1452,104,N,78745,1,1,12,2,3,,,,Y,A-TEX TOWING,5526 1/2 W HWY 290,N,,,,,,,,,,,,,,,,,,,,,,,,,74,,,,,,,3,1,0,0,0,1,0,0,0,,,,,,,,
16954636,1,1,N,N,43,3MZBM1V7XFM231094,2015,2,63,1210,104,N,78717,1,1,2,5,12,,,,Y,620 LAKESIDE TOWING,620 LAKESIDE TOWING,N,,,,,,,,,,,,,,,,,,,,,,44,,,,,,,,,,3,1,0,0,1,0,0,1,0,,,,,,,,