Crash_ID,Unit_Nbr,Unit_Desc_ID,Veh_Parked_Fl,Veh_HNR_Fl,Veh_Lic_State_ID,VIN,Veh_Mod_Year,Veh_Color_ID,Veh_Make_ID,Veh_Mod_ID,Veh_Body_Styl_ID,Emer_Respndr_Fl,Ownr_Zip,Fin_Resp_Proof_ID,Fin_Resp_Type_ID,Veh_Dmag_Area_1_ID,Veh_Dmag_Scl_1_ID,Force_Dir_1_ID,Veh_Dmag_Area_2_ID,Veh_Dmag_Scl_2_ID,Force_Dir_2_ID,Veh_Inventoried_Fl,Veh_Transp_Name,Veh_Transp_Dest,Veh_Cmv_Fl,Cmv_Fiveton_Fl,Cmv_Hazmat_Fl,Cmv_Nine_Plus_Pass_Fl,Cmv_Veh_Oper_ID,Cmv_Carrier_ID_Type_ID,Cmv_Carrier_Zip,Cmv_Veh_Type_ID,Cmv_GVWR,Cmv_RGVW,Cmv_Hazmat_Rel_Fl,Hazmat_Cls_1_ID,Hazmat_IDNbr_1_ID,Hazmat_Cls_2_ID,Hazmat_IDNbr_2_ID,Cmv_Cargo_Body_ID,Cmv_Evnt1_ID,Cmv_Evnt2_ID,Cmv_Evnt3_ID,Cmv_Evnt4_ID,Cmv_Tot_Axle,Cmv_Tot_Tire,Contrib_Factr_1_ID,Contrib_Factr_2_ID,Contrib_Factr_3_ID,Contrib_Factr_P1_ID,Contrib_Factr_P2_ID,Veh_Dfct_1_ID,Veh_Dfct_2_ID,Veh_Dfct_3_ID,Veh_Dfct_P1_ID,Veh_Dfct_P2_ID,Veh_Trvl_Dir_ID,First_Harm_Evt_Inv_ID,Sus_Serious_Injry_Cnt,Nonincap_Injry_Cnt,Poss_Injry_Cnt,Non_Injry_Cnt,Unkn_Injry_Cnt,Tot_Injry_Cnt,Death_Cnt,Cmv_Disabling_Damage_Fl,Cmv_Bus_Type_ID,Trlr_GVWR,Trlr_RGVW,Trlr_Type_ID,Trlr_Disabling_Dmag_ID,Cmv_Intermodal_Container_Permit_Fl,CMV_Actual_Gross_Weight
16954636,2,1,N,N,43,3FA6P0PU5JR281590,2018,21,37,1097,104,N,78702,4,,6,4,6,2,2,12,N,,,N,,,,,,,,,,,,,,,,,,,,,,0,,,,,,,,,,3,1,0,0,1,0,0,1,0,,,,,,,,
16954636,3,1,N,N,43,WMWSV3C54DT476286,2013,2,115,742,104,N,78726,1,1,6,2,6,,,,N,,,N,,,,,,,,,,,,,,,,,,,,,,0,,,,,,,,,,3,2,0,0,0,2,0,0,0,,,,,,,,
16954637,1,1,N,N,43,1G1BC5SM3J7185742,2018,17,107,2209,104,N,78617,1,2,15,4,7,,,,N,SPECIAL AUTOMOTIVE SERVICE INC,SPECIAL AUTOMOTIVE SERVICE INC,N,,,,,,,,,,,,,,,,,,,,,,74,,,,,,,,,,7,1,0,0,1,0,0,1,0,,,,,,,,
16954637,2,1,N,N,43,KNDJT2A62C7413690,2012,9,55,1357,104,N,78664,1,2,12,2,2,,,,N,,,N,,,,,,,,,,,,,,,,,,,,,,0,,,,,,,,,,7,1,0,0,0,1,0,0,0,,,,,,,,
16954638,1,1,N,N,43,4T1BF3EKXBU719945,2011,21,91,380,104,N,78744,1,2,2,3,12,,,,Y,EZ AUTO AND TOWING SERVICE,EZ AUTO AND TOWING SERVICE,N,,,,,,,,,,,,,,,,,,,,,,44,,,,,,,,,,1,1,0,0,0,1,0,0,0,,,,,,,,
16954638,2,1,N,N,5,1C6RR6KG3FS512379,2015,2,710,4100,30,N,76131,1,2,5,2,6,,,,N,,,N,,,,,,,,,,,,,,,,,,,,,,0,,,,,,,,,,1,1,0,0,0,1,0,0,0,,,,,,,,
16954639,1,1,N,N,43,1C4RJEBM2FC231183,2015,2,429,1163,104,N,78744,1,2,3,1,12,7,1,6,N,BULLET TOWING,BULLET TOWING,N,,,,,,,,,,,,,,,,,,,,,,0,,,,,,,,,,6,1,0,1,0,0,0,1,0,,,,,,,,
16954639,2,1,N,Y,,,,21,,,0,N,,,,,,,,,,,,,N,,,,,,,,,,,,,,,,,,,,,,0,,,,,,,,,,6,1,0,0,0,0,0,0,0,,,,,,,,
16954639,3,1,N,Y,,,,,,,0,N,,,,,,,,,,,,,N,,,,,,,,,,,,,,,,,,,,,,0,,,,,,,,,,6,2,0,0,0,0,0,0,0,,,,,,,,
16954640,1,1,N,N,43,5YFBURHE5FP319460,2015,17,91,173,104,N,77375,1,2,13,3,8,,,,N,STARS TOWING,STARS TOWING,N,,,,,,,,,,,,,,,,,,,,,,66,,,,,,,,,,5,1,0,0,0,2,0,0,0,,,,,,,,
16954640,2,1,N,N,43,1YVHZ8BHXC5M06296,2012,11,63,870,104,N,77642,1,2,4,2,2,,,,N,NOT TOWED,,N,,,,,,,,,,,,,,,,,,,,,,0,,,,,,,,,,5,1,0,0,0,4,0,0,0,,,,,,,,
16954641,1,1,N,N,43,5N1AN08U26C540594,2006,3,71,694,69,N,78233,1,2,13,3,9,,,,N,,,N,,,,,,,,,,,,,,,,,,,,,,16,,,,,,,,,,7,1,0,0,0,1,0,0,0,,,,,,,,
16954641,2,1,N,N,43,1C4PJLCB6HW595892,2017,21,429,970,69,N,78734,1,2,2,5,12,,,,N,,,N,,,,,,,,,,,,,,,,,,,,,,0,,,,,,,,,,1,1,0,0,0,1,0,0,0,,,,,,,,
16954642,1,1,N,N,43,1B3LC46J28N228156,2008,21,109,74,104,N,78724,1,2,2,6,12,,,,Y,EZ AUTO AND TOWING SERVICE,EZ AUTO AND TOWING SERVICE,N,,,,,,,,,,,,,,,,,,,,,,0,,,,,,,,,,5,1,0,0,0,1,0,0,0,,,,,,,,
16954642,2,1,N,N,43,3GCUKSEC3HG135720,2017,17,107,2236,30,N,78662,1,2,5,2,12,,,,N,,,N,,,,,,,,,,,,,,,,,,,,,,0,,,,,,,,,,5,1,0,0,0,1,0,0,0,,,,,,,,
16954643,1,1,N,N,43,1HGCG1650YA101631,2000,21,44,236,104,N,76578,1,2,4,4,10,,,,N,SPECIAL AUTOMOTIVE SERVICE INC,SPECIAL AUTOMOTIVE SERVICE INC,N,,,,,,,,,,,,,,,,,,,,,,64,,,,,,,,,,1,1,0,0,0,1,0,0,0,,,,,,,,
16954643,2,1,N,N,59,2A4RR5DG1BR754271,2011,17,21,64,103,N,M6P 0,1,2,3,3,11,,,,N,,,N,,,,,,,,,,,,,,,,,,,,,,0,,,,,,,,,,7,1,0,0,0,1,0,0,0,,,,,,,,
16954644,1,1,N,N,43,3VW4S7AJ2EM355362,2014,21,96,316,104,N,78727,1,2,2,3,,,,,N,A & A WRECKER SOUTH,A & A WRECKER SOUTH,N,,,,,,,,,,,,,,,,,,,,,,67,,,,,,,,,,11,1,0,0,0,2,0,0,0,,,,,,,,
16954644,2,1,N,N,43,5YFBURHE1HP676654,2017,17,91,173,104,N,85260,1,2,6,2,6,,,,N,A & A WRECKER SOUTH,A & A WRECKER SOUTH,N,,,,,,,,,,,,,,,,,,,,,,0,,,,,,,,,,11,1,0,0,0,1,0,0,0,,,,,,,,
16954645,1,1,N,N,43,1NXBR12E61Z548684,2001,1,91,173,104,N,78641,1,1,2,3,3,,,,N,620 LAKESIDE TOWING,620 LAKESIDE TOWING,N,,,,,,,,,,,,,,,,,,,,,,4,20,78,,,,,,,,1,1,0,0,0,1,0,0,0,,,,,,,,
16954646,1,1,N,N,43,1HGCG5645WA052602,1998,17,44,236,104,N,78640,1,2,4,3,1,,,,N,AUS-TEX AUTO ENTERPRISES LLC,AUS-TEX AUTO ENTERPRISES LLC,N,,,,,,,,,,,,,,,,,,,,,,22,,,,,,,,,,4,1,0,0,0,1,0,0,0,,,,,,,,
16954647,1,1,N,N,43,2G1FA1ED0B9138602,2011,2,107,46,100,N,77379,1,2,2,3,12,,,,Y,EZ AUTO AND TOWING SERVICE,EZ AUTO AND TOWING SERVICE,N,,,,,,,,,,,,,,,,,,,,,,20,45,,,,,,,,,1,1,0,0,0,1,0,0,0,,,,,,,,
16954706,1,1,N,N,43,ZAPM448FX75012366,2007,22,95,1555,71,N,78702,1,1,15,2,9,,,,N,SOUTHSIDE WRECKER INC,8200 S. CONGRESS AVE,N,,,,,,,,,,,,,,,,,,,,,,20,,,,,,,,,,7,1,0,0,1,0,0,1,0,,,,,,,,
16954712,1,1,N,N,43,1C4PJLCS9EW287305,2015,11,429,970,104,N,78752,1,1,14,1,3,,,,Y,SPECIAL AUTOMOTIVE SERVICE INC,SPECIAL AUTOMOTIVE SERVICE INC,N,,,,,,,,,,,,,,,,,,,,,,67,,,,,,,,,,3,1,0,0,0,1,0,0,0,,,,,,,,
16954712,2,1,N,N,43,1G4PP5SK3G4107421,2016,17,105,2187,104,N,78660,1,1,2,2,12,,,,Y,A-TEX TOWING,A-TEX TOWING,N,,,,,,,,,,,,,,,,,,,,,,0,,,,,,,,,,7,1,0,0,1,0,0,1,0,,,,,,,,
16954714,1,1,N,N,43,1FAHP3H26CL333768,2012,21,37,696,104,N,78617,1,2,1,1,12,,,,N,ROCHAS TOWING SERVICE,ROCHAS TOWING SERVICE,N,,,,,,,,,,,,,,,,,,,,,,23,,,,,,,,,,4,1,0,0,0,1,0,0,0,,,,,,,,
16954715,1,1,N,N,43,2G1WT57K491141606,2009,21,107,53,104,N,76548,1,2,2,2,3,,,,N,,,N,,,,,,,,,,,,,,,,,,,,,,0,,,,,,,,,,1,1,0,0,0,2,0,0,0,,,,,,,,
16954715,2,1,N,N,43,1G1ZG57B18F179495,2008,21,107,56,104,N,76705,1,2,3,6,10,6,5,12,Y,AUS-TEX AUTO ENTERPRISES LLC,AUS-TEX AUTO ENTERPRISES LLC,N,,,,,,,,,,,,,,,,,,,,,,0,,,,,,,,,,1,1,2,0,0,0,0,2,0,,,,,,,,
16954715,3,1,N,N,7,KMHCT4AEXHU380812,2017,2,45,557,104,N,74101,1,2,27,0,,,,,Y,AVILES & GABES WRECKER SERVICE INC.,AVILES & GABES WRECKER SERVICE INC.,N,,,,,,,,,,,,,,,,,,,,,,0,,,,,,,,,,1,2,0,0,0,1,0,0,0,,,,,,,,
16954716,1,1,N,N,43,3FA6P0H70FR113520,2015,2,37,1097,104,N,78727,2,,2,6,12,,,,Y,ARMADA TOWING,ARMADA TOWING,N,,,,,,,,,,,,,,,,,,,,,,0,,,,,,,,,,6,1,0,0,1,0,0,1,0,,,,,,,,
16954716,2,1,N,N,43,2T3BFREV7FW386596,2015,17,91,581,104,N,78758,1,1,6,6,6,,,,Y,AVILES & GABES WRECKER SERVICE INC.,AVILES & GABES WRECKER SERVICE INC.,N,,,,,,,,,,,,,,,,,,,,,,0,,,,,,,,,,6,1,0,0,0,1,0,0,0,,,,,,,,
16954717,1,1,N,N,43,1GCCS136758130962,2005,17,107,60,30,N,78753,2,,2,2,12,9,2,9,,ROCHAS TOWING SERVICE,ROCHAS TOWING SERVICE,N,,,,,,,,,,,,,,,,,,,,,,20,23,,,,,,,,,3,1,0,0,1,0,0,1,0,,,,,,,,
16954717,2,1,Y,N,43,1B7KC236XXJ601383,1999,21,109,82,30,N,78752,1,2,13,2,9,6,2,6,,,,N,,,,,,,,,,,,,,,,,,,,,,0,,,,,,,,,,3,1,0,0,0,1,0,0,0,,,,,,,,
16954718,1,1,N,N,43,1GNUCJE02AR240520,2010,2,107,2203,69,N,78613,1,2,2,2,12,,,,N,EZ AUTO AND TOWING SERVICE,EZ AUTO AND TOWING SERVICE,N,,,,,,,,,,,,,,,,,,,,,,20,,,,,,,,,,4,1,0,0,0,1,0,0,0,,,,,,,,
16954718,2,1,Y,N,43,3GCPCREC7HG387599,2017,21,107,658,30,N,78760,1,2,6,3,6,,,,N,,,N,,,,,,,,,,,,,,,,,,,,,,0,,,,,,,,,,4,1,0,0,0,0,0,0,0,,,,,,,,
16954719,1,1,N,N,43,1HGEM21912L086263,2002,17,44,256,104,N,78744,1,1,1,1,12,,,,N,,,N,,,,,,,,,,,,,,,,,,,,,,20,,,,,,,,,,1,1,0,0,0,1,0,0,0,,,,,,,,
16954719,2,3,,,,,,,,,,,,,,,,,,,,,,,,,,,,,,,,,,,,,,,,,,,,,0,,,,,,,,,,9,1,0,0,0,1,0,0,0,,,,,,,,
16954720,1,1,N,N,43,2MEFM75V68X631021,2008,22,114,122,104,N,78753,1,1,11,2,9,,,,N,,,N,,,,,,,,,,,,,,,,,,,,,,0,,,,,,,,,,1,1,0,0,0,1,0,0,0,,,,,,,,
16954720,2,1,N,N,38,JHMGD38618S006532,2008,13,44,1083,104,N,19133,1,1,12,4,3,,,,Y,HARPERS TOWING SERVICE INC,HARPERS TOWING SERVICE INC,N,,,,,,,,,,,,,,,,,,,,,,0,,,,,,,,,,1,1,0,0,0,1,0,0,0,,,,,,,,
16954722,1,1,N,N,43,1FTRX17L0YNB61746,2000,18,37,2324,30,N,78611,2,,3,5,12,,,,N,AVILES & GABES TOWING,AVILES & GABES WRECKER SERVICE INC.,N,,,,,,,,,,,,,,,,,,,,,,23,,,41,,7,,,,,3,1,0,0,0,1,0,0,0,,,,,,,,
16954723,1,1,N,N,43,1G6DM57T560166173,2006,21,106,728,104,N,78653,2,,14,3,3,,,,N,,,N,,,,,,,,,,,,,,,,,,,,,,4,,,,,,,,,,2,1,0,0,0,1,0,0,0,,,,,,,,
16954723,2,1,N,N,43,1N4AL3AP5EN206035,2014,16,71,500,104,N,78723,1,2,11,4,9,12,3,3,N,ROCHAS TOWING SERVICE,ROCHAS TOWING SERVICE,N,,,,,,,,,,,,,,,,,,,,,,0,,,,,,,,,,2,1,0,1,0,1,0,1,0,,,,,,,,
16954724,1,1,N,N,43,2FMDK3JCXABB38520,2010,9,37,1035,69,N,78741,1,2,16,3,3,,,,N,SPECIAL AUTOMOTIVE SERVICE INC,SPECIAL AUTOMOTIVE SERVICE INC,N,,,,,,,,,,,,,,,,,,,,,,37,,,,,,,,,,6,1,0,0,0,1,0,0,0,,,,,,,,
16954724,2,1,N,N,43,4TASM92NXXZ402006,1999,21,91,629,30,N,78744,1,2,1,2,12,,,,N,,,N,,,,,,,,,,,,,,,,,,,,,,0,,,,,,,,,,2,1,0,0,0,1,0,0,0,,,,,,,,
16954725,1,1,N,N,43,JM3ER2W52A0327258,2010,3,63,1008,69,N,78729,1,2,4,3,2,,,,Y,620 LAKESIDE TOWING,620 LAKESIDE TOWING,N,,,,,,,,,,,,,,,,,,,,,,37,,,,,,,,,,6,1,0,0,0,1,0,0,0,,,,,,,,
16954725,2,1,N,N,43,2FMGK5DC0ABD03804,2010,11,37,1088,104,N,78728,1,2,2,3,11,,,,Y,A-TEX TOWING,5526 1/2 W HWY 290,N,,,,,,,,,,,,,,,,,,,,,,0,,,,,,,,,,2,1,0,0,0,1,0,0,0,,,,,,,,
16954725,3,1,N,N,43,WAUAF78E18A153260,2008,21,8,2148,104,N,78726,1,2,4,3,2,,,,Y,620 LAKESIDE TOWING,620 LAKESIDE TOWING,N,,,,,,,,,,,,,,,,,,,,,,0,,,,,,,,,,2,2,0,0,0,1,0,0,0,,,,,,,,
16954764,1,1,N,N,43,1ZVBP8AN8A5131241,2010,21,37,96,100,N,78753,1,2,2,5,1,,,,Y,STARS TOWING,STARS TOWING,N,,,,,,,,,,,,,,,,,,,,,,0,,,,,,,,,,7,1,0,0,0,1,0,0,0,,,,,,,,
16954764,2,1,N,N,43,3GNAXHEV9JS543397,2018,21,107,1048,104,N,78703,1,2,2,4,12,,,,N,EZ AUTO AND TOWING SERVICE,EZ AUTO AND TOWING SERVICE,N,,,,,,,,,,,,,,,,,,,,,,0,,,,,,,,,,1,1,0,0,0,1,0,0,0,,,,,,,,
16954769,1,1,N,N,43,KMHD84LF7HU378026,2017,18,45,480,104,N,78660,2,,2,4,12,,,,N,FINGER TOWING SERVICE,FINGER TOWING SERVICE,N,,,,,,,,,,,,,,,,,,,,,,0,,,,,,,,,,3,1,0,0,0,1,0,0,0,,,,,,,,
16954769,2,1,N,N,43,JF2GTACC7K8282905,2019,17,85,2555,104,N,78727,1,2,11,3,9,,,,N,AVILES & GABES WRECKER SERVICE INC.,AVILES & GABES WRECKER SERVICE INC.,N,,,,,,,,,,,,,,,,,,,,,,0,,,,,,,,,,1,1,0,0,1,0,0,1,0,,,,,,,,
16954777,1,1,N,N,43,5TETX62N89Z628941,2009,17,91,629,30,N,78752,1,2,11,2,10,,,,N,STARS TOWING,STARS TOWING,N,,,,,,,,,,,,,,,,,,,,,,20,,,,,,,,,,4,1,0,0,0,1,0,0,0,,,,,,,,
16954777,2,1,N,N,43,KNAGE123975089011,2007,11,55,715,104,N,78737,1,2,11,2,10,14,2,4,N,,,N,,,,,,,,,,,,,,,,,,,,,,0,,,,,,,,,,4,1,0,0,0,1,0,0,0,,,,,,,,
16954777,3,1,N,N,43,1FTCR10A1VTA85924,1997,2,37,357,30,N,78726,1,2,11,2,11,4,1,2,N,,,N,,,,,,,,,,,,,,,,,,,,,,0,,,,,,,,,,4,2,0,0,0,1,0,0,0,,,,,,,,
16954778,1,1,N,N,43,2G1WB58K181201499,2008,21,107,53,104,N,78664,1,2,16,2,3,,,,Y,AUS-TEX AUTO ENTERPRISES LLC,IMPOUND,N,,,,,,,,,,,,,,,,,,,,,,15,,,20,,,,,,,4,1,0,0,0,1,0,0,0,,,,,,,,
16954778,2,1,N,N,43,KNALN4D74F5195767,2015,21,55,2426,104,N,78660,1,2,3,4,11,,,,Y,AVILES & GABES WRECKER SERVICE INC.,AVILES & GABES WRECKER SERVICE INC.,N,,,,,,,,,,,,,,,,,,,,,,0,,,,,,,,,,2,1,0,0,0,1,0,0,0,,,,,,,,
16954779,1,1,N,N,43,2CKDL63F266094936,2006,17,118,720,69,N,78752,1,1,6,0,6,,,,N,DRIVEN BY OWNER,,N,,,,,,,,,,,,,,,,,,,,,,20,,,,,,,,,,7,1,0,0,0,3,0,0,0,,,,,,,,
16954779,2,1,N,N,43,1FAHP2MK7JG106126,2018,2,37,376,105,N,78701,1,1,2,0,12,,,,N,DRIVEN BY OWNER,,N,,,,,,,,,,,,,,,,,,,,,,0,,,,,,,,,,3,1,0,0,0,1,0,0,0,,,,,,,,
16954780,1,1,N,N,43,JTLKE50E481014903,2008,11,91,4331,104,N,78615,1,2,2,5,12,,,,Y,AUS-TEX AUTO ENTERPRISES LLC,AUS-TEX AUTO ENTERPRISES LLC,N,,,,,,,,,,,,,,,,,,,,,,20,,,,,,,,,,4,1,0,0,0,1,0,0,0,,,,,,,,
16954780,2,1,N,N,43,3KPFL4A79HE137316,2017,2,55,1093,104,N,78759,1,2,6,4,6,,,,Y,620 LAKESIDE TOWING,620 LAKESIDE TOWING,N,,,,,,,,,,,,,,,,,,,,,,0,,,,,,,,,,4,1,0,0,0,1,0,0,0,,,,,,,,
16955204,1,1,N,N,43,2T1BU4EE4CC821055,2012,9,91,173,104,N,78754,1,2,11,1,8,,,,N,,,N,,,,,,,,,,,,,,,,,,,,,,65,,,,,,,,,,5,1,0,0,0,1,0,0,0,,,,,,,,
16955204,2,1,N,N,43,2FABP7BV3AX142096,2010,12,37,995,105,N,78701,4,,4,1,1,,,,N,,,N,,,,,,,,,,,,,,,,,,,,,,0,,,,,,,,,,5,1,0,0,0,1,0,0,0,,,,,,,,
16956366,1,1,N,N,43,1G4HD57M09U145053,2009,17,105,1193,104,N,78741,2,,1,3,12,,,,N,ROCHA'S TOWING SERVICE,"5700 BURLESON RD AUSTIN, TX",N,,,,,,,,,,,,,,,,,,,,,,22,20,,,,,,,,,8,1,0,0,0,1,0,0,0,,,,,,,,
16956366,2,1,N,N,40,1C4BJWDG5DL565056,2013,2,429,1464,69,N,78613,1,2,6,1,6,,,,N,,,N,,,,,,,,,,,,,,,,,,,,,,0,,,,,,,,,,8,1,0,0,0,1,0,0,0,,,,,,,,
16956451,1,1,N,N,43,3FA6P0UU2ER298289,2014,17,37,1097,104,N,78621,1,2,9,1,9,,,,N,NA,NA,N,,,,,,,,,,,,,,,,,,,,,,,,,20,41,,,,,,7,1,0,0,0,1,0,0,0,,,,,,,,
16956451,2,1,N,N,43,1CYCCZ484BT050036,2011,16,23,1183,106,N,78702,1,7,14,1,3,,,,N,NA,NA,N,,,,,,,,,,,,,,,,,,,,,,,,,20,41,,,,,,7,1,0,0,0,1,0,0,0,,,,,,,,
16956452,1,1,N,N,43,WBANW13588CZ74169,2008,2,14,632,104,N,78753,2,,3,4,11,,,,N,ARMADA TOWING,ARMADA TOWING,N,,,,,,,,,,,,,,,,,,,,,,34,,,,,,,,,,1,1,0,0,1,0,0,1,0,,,,,,,,
16956452,2,1,N,N,43,1GNFC13CX7R369703,2007,18,107,547,104,N,78754,1,1,4,2,2,,,,N,,,N,,,,,,,,,,,,,,,,,,,,,,0,,,,,,,,,,3,1,0,0,0,1,0,0,0,,,,,,,,
16956452,3,6,,,,,,,,,,,78754,,,,,,,,,,,,,,,,,,,,,,,,,,,,,,,,,,0,,,,,,,,,,9,2,0,0,0,1,0,0,0,,,,,,,,
16956452,4,1,N,N,43,1FTSW30S03EA90526,2003,17,37,2326,30,N,78754,1,2,6,1,3,,,,N,,,N,,,,,,,,,,,,,,,,,,,,,,0,,,,,,,,,,3,2,0,0,0,0,0,0,0,,,,,,,,
16956453,1,1,N,Y,,,,,,,30,N,,,,,,,,,,,,,N,,,,,,,,,,,,,,,,,,,,,,34,,,,,,,,,,2,1,0,0,0,0,1,0,0,,,,,,,,
16956453,2,1,N,N,43,JT8BF28G7W5019885,1998,11,58,1050,104,N,78757,2,,10,2,3,,,,N,,,N,,,,,,,,,,,,,,,,,,,,,,0,,,,,,,,,,4,1,0,0,1,0,0,1,0,,,,,,,,
16956454,1,1,N,N,43,2C8GP64L22R711627,2002,21,21,64,103,N,78947,2,,14,4,3,,,,N,AVILES & GABES WRECKER SERVICE INC.,AVILES & GABES WRECKER SERVICE INC.,N,,,,,,,,,,,,,,,,,,,,,,4,,,,,,,,,,1,1,0,0,0,0,1,0,0,,,,,,,,
16956454,2,1,N,N,43,1FMCU0G90HUC96563,2017,21,37,711,104,N,78660,2,,3,3,,29,0,,N,STARS TOWING,STARS TOWING,N,,,,,,,,,,,,,,,,,,,,,,0,,,,,,,,,,1,1,0,0,0,0,1,0,0,,,,,,,,
16956455,1,1,N,N,43,KL8CB6SA9GC585727,2016,17,107,2244,100,N,78753,1,2,4,2,3,,,,N,620 LAKESIDE TOWING,620 LAKESIDE TOWING,N,,,,,,,,,,,,,,,,,,,,,,37,,,,,,,,,,7,1,0,0,0,1,0,0,0,,,,,,,,
16956455,2,1,N,N,43,JN8AZ08W57W647086,2007,8,71,777,104,N,78753,2,,2,2,12,,,,N,,,N,,,,,,,,,,,,,,,,,,,,,,0,,,,,,,,,,3,1,0,2,0,0,0,2,0,,,,,,,,
16956456,1,1,N,Y,43,1NXBR32E57Z781718,2007,2,91,173,104,N,78744,1,1,2,3,12,,,,Y,AUS-TEX AUTO ENTERPRISES LLC,AUS-TEX AUTO ENTERPRISES LLC,N,,,,,,,,,,,,,,,,,,,,,,,,,22,20,,,,,,2,1,0,0,0,0,1,0,0,,,,,,,,
16956456,2,1,N,N,43,5XXGT4L38HG163766,2017,2,55,715,104,N,78660,1,1,6,4,6,,,,Y,AUS-TEX AUTO ENTERPRISES LLC,AUS-TEX AUTO ENTERPRISES LLC,N,,,,,,,,,,,,,,,,,,,,,,0,,,,,,,,,,2,1,0,0,1,0,0,1,0,,,,,,,,
16956457,1,1,N,N,43,5FNYF18495B005060,2005,17,44,761,69,N,78748,2,,10,1,1,,,,N,,,N,,,,,,,,,,,,,,,,,,,,,,0,,,,,,,,,,5,1,0,0,0,1,0,0,0,,,,,,,,
16956457,2,1,Y,N,43,1FM5K8AR0DGC26043,2013,2,37,554,105,N,78702,4,,15,1,11,,,,N,,,N,,,,,,,,,,,,,,,,,,,,,,0,,,,,,,,,,5,1,0,0,0,0,0,0,0,,,,,,,,
16956458,1,1,N,N,43,1VWBS7A35EC082346,2014,2,96,473,104,N,78731,1,1,3,3,11,,,,Y,ATX-VIP TOWING SERVICES,ATX-VIP TOWING SERVICES,N,,,,,,,,,,,,,,,,,,,,,,62,,,,,,,,,,1,1,0,0,0,1,0,0,0,,,,,,,,
16956458,2,1,N,N,43,JT2BG22KXX0328348,1999,1,91,380,104,N,78753,1,1,8,3,5,,,,N,,,N,,,,,,,,,,,,,,,,,,,,,,0,,,,,,,,,,1,1,0,0,0,1,0,0,0,,,,,,,,
16956459,1,1,N,N,43,4T1BK36B68U272520,2008,1,91,563,104,N,78722,1,1,12,3,3,1,2,12,N,,,N,,,,,,,,,,,,,,,,,,,,,,0,,,,,,,,,,1,1,0,0,0,1,0,0,0,,,,,,,,
16956459,2,4,,,,,,,,,,,,,,,,,,,,,,,,,,,,,,,,,,,,,,,,,,,,,59,,,,,,,,,,9,1,1,0,0,0,0,1,0,,,,,,,,
16956460,1,1,N,Y,,,,,,,104,N,,,,,,,,,,,,,N,,,,,,,,,,,,,,,,,,,,,,0,,,,,,,,,,5,1,0,0,0,0,0,0,0,,,,,,,,
16956460,2,1,Y,N,43,1B7HF13Z2VJ618939,1997,5,109,2275,30,N,78758,1,1,9,1,11,,,,N,,,N,,,,,,,,,,,,,,,,,,,,,,0,,,,,,,,,,1,2,0,0,0,0,0,0,0,,,,,,,,
16956460,3,4,,,,,,,,,,,,,,,,,,,,,,,,,,,,,,,,,,,,,,,,,,,,,0,,,,,,,,,,9,1,0,1,0,0,0,1,0,,,,,,,,
16956461,1,1,N,N,43,3GYFNAEY9BS542655,2011,9,106,1373,69,N,78648,2,,12,5,2,,,,Y,SOUTHSIDE WRECKER INC,SOUTHSIDE WRECKER,N,,,,,,,,,,,,,,,,,,,,,,0,,,,,,,,,,3,1,0,0,0,1,0,0,0,,,,,,,,
16956461,2,1,Y,N,1,2B6HB11Y9YK115914,2002,,109,1223,103,N,35217,2,,11,6,9,,,,N,NOT TOWED,NOT TOWED,N,,,,,,,,,,,,,,,,,,,,,,0,,,,,,,,,,3,2,0,0,0,0,0,0,0,,,,,,,,
16956461,3,4,,,,,,,,,,,,,,,,,,,,,,,,,,,,,,,,,,,,,,,,,,,,,0,,,,,,,,,,9,1,0,1,0,0,0,1,0,,,,,,,,
16956462,1,1,N,Y,,,,,,,0,N,,,,,,,,,,,,,N,,,,,,,,,,,,,,,,,,,,,,0,,,,,,,,,,4,1,0,0,0,0,0,0,0,,,,,,,,
16956462,2,1,N,N,43,JTEGD20V540002600,2004,9,91,581,69,N,76541,1,2,1,3,12,,,,N,SOUTHSIDE WRECKER INC,8200 S. CONGRESS AVE,N,,,,,,,,,,,,,,,,,,,,,,0,,,,,,,,,,4,1,0,0,0,3,0,0,0,,,,,,,,
16956464,1,1,N,N,43,WBA8B9G32HNU57129,2017,3,14,845,104,N,78758,1,2,2,4,12,,,,Y,620 LAKESIDE TOWING,620 LAKESIDE TOWING,N,,,,,,,,,,,,,,,,,,,,,,60,45,,,,,,,,,1,1,0,0,0,1,0,0,0,,,,,,,,
16956464,2,1,N,N,43,4T1BG22K31U055286,2001,8,91,173,104,N,78759,1,2,6,4,6,,,,Y,620 LAKESIDE TOWING,620 LAKESIDE TOWING,N,,,,,,,,,,,,,,,,,,,,,,0,,,,,,,,,,7,1,1,1,0,0,0,2,0,,,,,,,,
16956465,1,1,N,N,43,1N4BL11D65N906337,2005,9,71,500,104,N,75790,2,,2,2,12,,,,N,SOUTHSIDE WRECKER INC,8200 S. CONGRESS AVE,N,,,,,,,,,,,,,,,,,,,,,,0,,,,,,,,,,8,1,0,2,0,0,0,2,0,,,,,,,,
16956465,2,4,,,,,,,,,,,,,,,,,,,,,,,,,,,,,,,,,,,,,,,,,,,,,59,,,,,,,,,,9,1,0,0,0,0,0,0,1,,,,,,,,