Crash_ID,Unit_Nbr,Unit_Desc_ID,Veh_Parked_Fl,Veh_HNR_Fl,Veh_Lic_State_ID,VIN,Veh_Mod_Year,Veh_Color_ID,Veh_Make_ID,Veh_Mod_ID,Veh_Body_Styl_ID,Emer_Respndr_Fl,Ownr_Zip,Fin_Resp_Proof_ID,Fin_Resp_Type_ID,Veh_Dmag_Area_1_ID,Veh_Dmag_Scl_1_ID,Force_Dir_1_ID,Veh_Dmag_Area_2_ID,Veh_Dmag_Scl_2_ID,Force_Dir_2_ID,Veh_Inventoried_Fl,Veh_Transp_Name,Veh_Transp_Dest,Veh_Cmv_Fl,Cmv_Fiveton_Fl,Cmv_Hazmat_Fl,Cmv_Nine_Plus_Pass_Fl,Cmv_Veh_Oper_ID,Cmv_Carrier_ID_Type_ID,Cmv_Carrier_Zip,Cmv_Veh_Type_ID,Cmv_GVWR,Cmv_RGVW,Cmv_Hazmat_Rel_Fl,Hazmat_Cls_1_ID,Hazmat_IDNbr_1_ID,Hazmat_Cls_2_ID,Hazmat_IDNbr_2_ID,Cmv_Cargo_Body_ID,Cmv_Evnt1_ID,Cmv_Evnt2_ID,Cmv_Evnt3_ID,Cmv_Evnt4_ID,Cmv_Tot_Axle,Cmv_Tot_Tire,Contrib_Factr_1_ID,Contrib_Factr_2_ID,Contrib_Factr_3_ID,Contrib_Factr_P1_ID,Contrib_Factr_P2_ID,Veh_Dfct_1_ID,Veh_Dfct_2_ID,Veh_Dfct_3_ID,Veh_Dfct_P1_ID,Veh_Dfct_P2_ID,Veh_Trvl_Dir_ID,First_Harm_Evt_Inv_ID,Sus_Serious_Injry_Cnt,Nonincap_Injry_Cnt,Poss_Injry_Cnt,Non_Injry_Cnt,Unkn_Injry_Cnt,Tot_Injry_Cnt,Death_Cnt,Cmv_Disabling_Damage_Fl,Cmv_Bus_Type_ID,Trlr_GVWR,Trlr_RGVW,Trlr_Type_ID,Trlr_Disabling_Dmag_ID,Cmv_Intermodal_Container_Permit_Fl,CMV_Actual_Gross_Weight
16960795,1,1,N,N,43,2GCEC19J381126335,2008,21,107,658,30,N,78617,1,1,3,6,10,,,,N,HARPERS TOWING SERVICE INC,HARPERS TOWING SERVICE INC,N,,,,,,,,,,,,,,,,,,,,,,20,,,,,,,,,,1,1,0,0,0,2,0,0,0,,,,,,,,
16960795,2,1,N,N,43,1FMCU0DGXAKC89284,2010,17,37,711,69,N,78640,1,1,6,5,5,,,,N,A-TEX TOWING,8200 S. CONGRESS AVE,N,,,,,,,,,,,,,,,,,,,,,,0,,,,,,,,,,1,1,2,0,0,0,0,2,0,,,,,,,,
16960796,1,1,N,N,43,1FAHP37N49W111295,2009,3,37,696,104,N,76063,1,2,15,3,9,,,,N,STARS TOWING,STARS TOWING,N,,,,,,,,,,,,,,,,,,,,,,35,,,,,,,,,,3,1,0,0,0,1,0,0,0,,,,,,,,
16960796,2,1,N,N,43,KMHCN46C99U374065,2009,3,45,557,104,N,78066,1,2,2,4,12,,,,Y,EZ AUTO AND TOWING SERVICE,EZ AUTO AND TOWING SERVICE,N,,,,,,,,,,,,,,,,,,,,,,0,,,,,,,,,,5,1,0,1,0,0,0,1,0,,,,,,,,
16960797,1,1,N,N,43,5GRGN23U26H106517,2006,5,112,762,69,N,78355,1,2,2,2,12,,,,N,,,N,,,,,,,,,,,,,,,,,,,,,,44,,,,,,,,,,5,1,0,0,0,1,0,0,0,,,,,,,,
16960797,2,1,N,N,43,2LMDU68C87BJ36814,2007,2,113,2451,69,N,78729,1,2,6,3,6,,,,N,620 LAKESIDE TOWING,620 LAKESIDE TOWING,N,,,,,,,,,,,,,,,,,,,,,,0,,,,,,,,,,5,1,0,1,0,0,0,1,0,,,,,,,,
16960798,1,1,N,N,43,1FTYR14V4YPA57275,2000,9,37,357,106,N,78702,2,,2,4,12,,,,Y,BULLET TOWING,BULLET TOWING,N,,,,,,,,,,,,,,,,,,,,,,60,43,,67,,,,,,,11,1,0,1,0,1,0,1,0,,,,,,,,
16960799,1,1,N,N,43,1C4BJWDG4EL172098,2014,9,429,1464,69,N,78741,1,2,3,5,11,,,,N,ROCHAS TOWING SERVICE,ROCHAS TOWING SERVICE,N,,,,,,,,,,,,,,,,,,,,,,20,,,,,,,,,,5,1,0,0,0,1,0,0,0,,,,,,,,
16960799,2,1,N,N,43,5N1AZ2MG0HN102583,2017,13,71,777,69,N,78719,1,2,14,5,7,,,,N,SPECIAL AUTOMOTIVE SERVICE INC,SPECIAL AUTOMOTIVE SERVICE INC,N,,,,,,,,,,,,,,,,,,,,,,0,,,,,,,,,,5,1,0,0,0,1,0,0,0,,,,,,,,
16960799,3,1,N,N,43,1C3CDFBA0DD344666,2013,13,109,78,104,N,78617,1,2,6,0,6,,,,N,OWNER,OWNER,N,,,,,,,,,,,,,,,,,,,,,,0,,,,,,,,,,5,2,0,0,0,1,0,0,0,,,,,,,,
16960800,1,1,N,N,43,WAUDG74F79N020411,2009,3,8,2149,104,N,78747,1,2,15,4,9,,,,N,,,N,,,,,,,,,,,,,,,,,,,,,,20,,,,,,,,,,3,1,0,0,0,1,0,0,0,,,,,,,,
16960800,2,1,N,N,43,5Y2SP67899Z469003,2009,16,118,778,104,N,78753,1,2,2,2,12,,,,N,,,N,,,,,,,,,,,,,,,,,,,,,,0,,,,,,,,,,5,1,0,1,0,0,0,1,0,,,,,,,,
16960802,1,1,N,N,43,JA32U8FWXEU017894,2014,3,68,744,104,Y,78218,1,1,1,1,12,,,,Y,SOUTHSIDE WRECKER INC,8200 S. CONGRESS AVE,N,,,,,,,,,,,,,,,,,,,,,,74,,,,,,,,,,2,1,0,0,0,2,0,0,0,,,,,,,,
16960802,2,1,Y,N,47,1G6ET1298YU148693,2000,16,106,37,104,Y,78653,2,,2,1,12,,,,N,,,N,,,,,,,,,,,,,,,,,,,,,,0,,,,,,,,,,6,2,0,0,0,1,0,0,0,,,,,,,,
16960803,1,1,N,Y,43,1FTFW1EV8AFA03696,2010,2,37,2324,30,N,78620,2,,1,3,12,,,,Y,620 LAKESIDE TOWING,620 LAKESIDE TOWING,N,,,,,,,,,,,,,,,,,,,,,,22,,,67,68,,,,,,2,1,0,0,0,1,0,0,0,,,,,,,,
16960803,2,1,N,N,43,4F4YR12C6YTM08932,2000,16,63,2467,30,N,78633,1,2,6,2,6,,,,N,,,N,,,,,,,,,,,,,,,,,,,,,,0,,,,,,,,,,2,1,0,0,0,1,0,0,0,,,,,,,,
16960804,1,1,N,N,43,4T1BE46K38U752043,2008,21,91,380,104,N,78664,1,2,15,3,11,13,2,8,N,EZ AUTO AND TOWING SERVICE,1830 OAK HILL LN,N,,,,,,,,,,,,,,,,,,,,,,38,,,,,,,,,,5,1,0,0,1,0,0,1,0,,,,,,,,
16960804,2,1,N,N,43,15GGD221911071920,2001,16,40,3031,47,N,78702,1,2,2,2,12,4,2,12,N,DRIVER DROVE FROM SCENE,,N,,,,,,,,,,,,,,,,,,,,,,0,,,,,,,,,,7,1,0,0,0,1,0,0,0,,,,,,,,
16960848,1,1,N,N,43,1FTNF20L74EC00456,2004,21,37,602,30,N,78751,1,1,2,2,12,,,,N,STARS TOWING,STARS TOWING,N,,,,,,,,,,,,,,,,,,,,,,0,,,,,,,,,,5,1,0,0,0,1,0,0,0,,,,,,,,
16960848,2,1,N,N,43,2HGFA16538H331406,2008,21,44,256,104,N,78731,1,1,2,2,12,,,,N,AVILES & GABES WRECKER SERVICE INC.,AVILES & GABES WRECKER SERVICE INC.,N,,,,,,,,,,,,,,,,,,,,,,0,,,,,,,,,,1,1,0,0,0,1,0,0,0,,,,,,,,
16960849,1,1,N,N,43,JNKAJ09E28M303770,2008,4,47,1059,104,N,78653,1,2,2,4,12,,,,Y,620 LAKESIDE TOWING,620 LAKESIDE TOWING,N,,,,,,,,,,,,,,,,,,,,,,44,,,,,,,,,,5,1,0,1,0,0,0,1,0,,,,,,,,
16960849,2,1,N,N,43,1GC1CVCG7CF162937,2012,21,107,2205,30,N,78641,1,2,6,4,6,2,3,12,N,,,N,,,,,,,,,,,,,,,,,,,,,,0,,,,,,,,,,5,1,0,1,0,1,0,1,0,,,,,,,,
16960849,3,1,N,N,43,2T2GK31U38C035933,2008,2,58,1318,104,N,78645,1,2,6,3,6,,,,N,,,N,,,,,,,,,,,,,,,,,,,,,,0,,,,,,,,,,5,2,0,0,1,0,0,1,0,,,,,,,,
16960850,1,1,N,N,43,JTDKDTB36C1526086,2012,17,91,702,104,N,78705,1,2,2,3,3,,,,N,620 LAKESIDE TOWING,620 LAKESIDE TOWING,N,,,,,,,,,,,,,,,,,,,,,,33,,,,,,,,,,7,1,0,0,1,0,0,1,0,,,,,,,,
16960850,2,1,N,N,43,2GNALBEK9D6388237,2013,21,107,1048,69,N,78704,1,7,3,2,9,15,1,9,N,AUS-TEX AUTO ENTERPRISES LLC,AUS-TEX AUTO ENTERPRISES LLC,N,,,,,,,,,,,,,,,,,,,,,,0,,,,,,,,,,5,1,0,1,0,0,0,1,0,,,,,,,,
16960851,1,1,N,N,43,5TEWN72N74Z455057,2004,21,91,629,30,N,78612,2,,2,3,12,,,,N,BULLET TOWING,BULLET TOWING,N,,,,,,,,,,,,,,,,,,,,,,35,,,,,,,,,,7,1,0,1,0,3,0,1,0,,,,,,,,
16960851,2,1,N,N,43,1ZVFT84NX75328204,2007,3,37,96,100,N,78758,2,,12,3,3,,,,N,ROCHAS TOWING SERVICE,ROCHAS TOWING SERVICE,N,,,,,,,,,,,,,,,,,,,,,,0,,,,,,,,,,1,1,0,0,3,0,0,3,0,,,,,,,,
16960852,1,1,N,N,43,3CZRU5H3XGM711360,2016,9,44,107,69,N,78759,3,2,3,4,11,,,,N,STARS TOWING,STARS TOWING,N,,,,,,,,,,,,,,,,,,,,,,60,20,,,,,,,,,1,1,0,0,1,0,0,1,0,,,,,,,,
16960853,1,1,N,N,43,WA7889857,,11,37,101,100,N,77445,2,,2,3,12,,,,N,ARMADA TOWING,ARMADA TOWING,N,,,,,,,,,,,,,,,,,,,,,,74,,,,,,,,,,7,1,1,0,0,0,0,1,0,,,,,,,,
16960853,2,1,N,N,43,5N1AN08UX5C656205,2005,11,71,694,69,N,78758,1,2,2,2,12,,,,N,AVILES & GABES WRECKER SERVICE INC.,AVILES & GABES WRECKER SERVICE INC.,N,,,,,,,,,,,,,,,,,,,,,,0,,,,,,,,,,5,1,0,0,0,3,0,0,0,,,,,,,,
16960854,1,1,N,N,43,3KPFL4A78HE142572,2017,17,55,1093,104,N,78665,1,2,1,1,12,,,,N,,,N,,,,,,,,,,,,,,,,,,,,,,20,,,,,,,,,,11,1,0,0,0,1,0,0,0,,,,,,,,
16960854,2,1,N,N,43,1C4PJLCB1KD144789,2019,11,429,970,104,N,78640,1,2,5,1,6,,,,N,,,N,,,,,,,,,,,,,,,,,,,,,,0,,,,,,,,,,11,1,0,0,0,1,0,0,0,,,,,,,,
16960857,1,1,N,Y,43,1GKEG25Z5SF534622,1995,21,39,1293,103,N,78664,1,2,,,,,,,N,,,N,,,,,,,,,,,,,,,,,,,,,,74,,,,,,,,,,1,1,0,0,0,0,1,0,0,,,,,,,,
16960857,2,1,N,N,42,4A32B2FF1BE019458,2011,17,68,392,104,N,38118,1,2,2,5,12,6,4,6,N,,,N,,,,,,,,,,,,,,,,,,,,,,0,,,,,,,,,,1,1,0,0,0,2,0,0,0,,,,,,,,
16960857,3,1,N,N,43,NPDH4AE4GH748999M,2016,3,45,480,104,N,78747,1,2,6,5,6,15,4,7,N,,,N,,,,,,,,,,,,,,,,,,,,,,0,,,,,,,,,,1,2,0,0,0,2,0,0,0,,,,,,,,
16960860,1,1,N,N,43,JN8AS5MTXBW577607,2011,17,71,1310,104,N,78723,1,2,4,3,2,,,,N,BULLET TOWING,BULLET TOWING,N,,,,,,,,,,,,,,,,,,,,,,15,,,19,,,,,,,8,1,0,0,0,1,0,0,0,,,,,,,,
16960860,2,1,N,N,43,4T1BF1FK7DU264333,2013,9,91,380,104,N,78702,1,2,15,5,8,,,,N,ARMADA TOWING,ARMADA TOWING,N,,,,,,,,,,,,,,,,,,,,,,0,,,,,,,,,,6,1,0,1,0,1,0,1,0,,,,,,,,
16960861,1,1,N,N,43,1N6BD06T38C424309,2008,2,71,634,30,N,78628,1,2,6,2,,,,,N,STARS TOWING,STARS TOWING,N,,,,,,,,,,,,,,,,,,,,,,20,,,,,,,,,,1,1,0,0,0,1,0,0,0,,,,,,,,
16960861,2,1,N,N,43,5NPEB4AC4BH155060,2011,16,45,462,104,N,76542,1,2,1,2,12,,,,N,ROCHAS TOWING SERVICE,ROCHAS TOWING SERVICE,N,,,,,,,,,,,,,,,,,,,,,,0,,,,,,,,,,1,1,0,0,0,1,0,0,0,,,,,,,,
16960862,1,1,N,N,43,KMHDH4AE3EU072012,2014,2,45,480,104,N,78602,1,1,,,,,,,N,LAMONT & SONS,,N,,,,,,,,,,,,,,,,,,,,,,20,,,,,,,,,,7,1,0,0,0,4,0,0,0,,,,,,,,
16960862,2,1,N,N,9,1GNSCJKC4JR195585,2018,21,107,249,104,N,32827,1,1,,,,,,,,,,N,,,,,,,,,,,,,,,,,,,,,,0,,,,,,,,,,7,1,0,0,0,4,0,0,0,,,,,,,,
16960863,1,1,N,Y,43,3FAHP08187R105462,2007,2,37,1097,104,N,78415,1,2,2,4,12,,,,Y,AUS-TEX AUTO ENTERPRISES LLC,AUS-TEX AUTO ENTERPRISES LLC,N,,,,,,,,,,,,,,,,,,,,,,0,,,,,,,,,,1,1,0,0,0,0,0,0,0,,,,,,,,
16960863,2,1,N,N,43,1G4HP54K32U271567,2002,17,105,1175,104,N,78644,1,2,15,4,9,,,,N,,,N,,,,,,,,,,,,,,,,,,,,,,0,,,,,,,,,,7,1,0,0,0,1,0,0,0,,,,,,,,
16960864,1,1,N,N,43,1HGCG3159WA010034,1998,2,44,236,100,N,78721,2,,3,4,12,,,,Y,AUS-TEX AUTO ENTERPRISES LLC,AUS-TEX AUTO ENTERPRISES LLC,N,,,,,,,,,,,,,,,,,,,,,,20,41,44,,,,,,,,3,1,0,0,0,1,0,0,0,,,,,,,,
16960864,2,1,N,N,43,2C3CCAAG8EH343250,2014,9,21,66,104,N,78721,1,2,8,2,6,,,,N,,,N,,,,,,,,,,,,,,,,,,,,,,0,,,,,,,,,,3,1,0,1,0,1,0,1,0,,,,,,,,
16960865,1,1,N,N,43,1G1FB1RS7J0189514,2018,2,107,60,100,N,78748,1,1,10,5,3,,,,N,MDA TOWING,MDA TOWING,N,,,,,,,,,,,,,,,,,,,,,,0,,,,,,,,,,7,1,0,1,0,0,0,1,0,,,,,,,,
16960865,2,1,N,N,43,4T4BE46K58R023080,2008,16,91,380,104,N,78744,1,1,2,5,12,,,,N,MDA TOWING,MDA TOWING,N,,,,,,,,,,,,,,,,,,,,,,0,,,,,,,,,,5,1,0,0,0,1,0,0,0,,,,,,,,
16960866,1,1,N,N,43,7FARW1H55HE042936,2017,17,44,605,104,N,78748,1,2,3,3,3,,,,N,EZ AUTO AND TOWING SERVICE,EZ AUTO AND TOWING SERVICE,N,,,,,,,,,,,,,,,,,,,,,,0,,,,,,,,,,6,1,0,1,0,0,0,1,0,,,,,,,,
16960866,2,1,N,N,43,WDDGF4HB9CR192230,2012,3,65,118,104,N,78616,1,2,4,3,2,,,,N,SOUTHSIDE WRECKER INC,8200 S. CONGRESS AVE,N,,,,,,,,,,,,,,,,,,,,,,0,,,,,,,,,,8,1,0,0,0,1,0,0,0,,,,,,,,
16960866,3,1,N,N,43,1FTMF1CM6BFD08987,2011,2,37,2324,30,N,77856,1,2,11,1,11,,,,N,,,N,,,,,,,,,,,,,,,,,,,,,,0,,,,,,,,,,4,2,0,0,0,1,0,0,0,,,,,,,,
16960867,1,1,N,Y,,,,21,39,660,104,N,,,,,,,,,,,,,N,,,,,,,,,,,,,,,,,,,,,,0,,,,,,,,,,7,1,0,0,0,0,1,0,0,,,,,,,,
16960867,2,1,N,N,43,3KPFK4A72JE276535,2018,11,55,1093,104,N,78724,1,1,2,3,12,,,,N,,,N,,,,,,,,,,,,,,,,,,,,,,0,,,,,,,,,,3,1,0,1,0,0,0,1,0,,,,,,,,
16960868,1,1,N,N,43,1D7RB1CT3BS555034,2011,2,109,2275,30,N,78750,1,1,7,2,6,,,,N,,,N,,,,,,,,,,,,,,,,,,,,,,0,,,,,,,,,,1,1,0,0,0,1,0,0,0,,,,,,,,
16960868,2,1,N,N,43,JN1BV7AP2EM689377,2014,9,47,2393,104,N,78723,1,1,2,5,12,10,1,1,Y,EZ AUTO AND TOWING SERVICE,EZ AUTO AND TOWING SERVICE,N,,,,,,,,,,,,,,,,,,,,,,20,,,44,,,,,,,1,1,0,0,0,1,0,0,0,,,,,,,,
16960869,1,1,N,Y,43,2CNDL33F986054597,2008,21,107,1048,104,N,78747,3,1,2,4,12,,,,Y,SPECIAL AUTOMOTIVE SERVICE INC,SPECIAL AUTOMOTIVE SERVICE INC,N,,,,,,,,,,,,,,,,,,,,,,,,,67,20,,,,,,1,1,0,0,0,0,1,0,0,,,,,,,,
16960869,2,1,N,N,43,1GTEC14V03Z121426,2003,16,39,556,100,N,78745,1,1,6,2,6,,,,N,,,N,,,,,,,,,,,,,,,,,,,,,,0,,,,,,,,,,1,1,0,1,0,0,0,1,0,,,,,,,,
16960871,1,1,N,N,43,JM1NA3534V0720772,1997,3,63,2479,100,N,78744,1,1,2,7,12,,,,Y,EZ AUTO AND TOWING SERVICE,2705 HOEKE LN,N,,,,,,,,,,,,,,,,,,,,,,74,,,,,,,,,,7,1,0,0,0,1,0,0,0,,,,,,,,
16960871,2,1,N,N,43,1N4BA41E26C828443,2006,9,71,69,104,N,78613,3,1,8,4,4,,,,N,,,N,,,,,,,,,,,,,,,,,,,,,,0,,,,,,,,,,1,1,0,0,0,1,0,0,0,,,,,,,,
16960876,1,1,N,N,14,1C3CCBBG2CN263127,2012,17,21,2258,104,N,46143,1,1,2,5,10,,,,N,EZ AUTO AND TOWING SERVICE,EZ AUTO AND TOWING SERVICE,N,,,,,,,,,,,,,,,,,,,,,,20,,,,,,,,,,6,1,0,0,0,1,0,0,0,,,,,,,,
16960876,2,1,N,N,43,4T1BF1FK0DU229438,2013,2,91,380,104,N,78254,1,1,2,5,10,,,,N,ARMADA TOWING,ARMADA TOWING,N,,,,,,,,,,,,,,,,,,,,,,0,,,,,,,,,,2,1,0,0,0,1,0,0,0,,,,,,,,
16960884,1,1,N,N,43,5YFBURHE1GP417371,2016,17,91,173,104,N,78728,1,2,11,2,9,,,,N,,,N,,,,,,,,,,,,,,,,,,,,,,0,,,,,,,,,,5,1,0,0,1,0,0,1,0,,,,,,,,
16960884,2,1,N,N,43,1FTYR2CM7HKA67925,2017,21,37,1097,104,N,21152,1,2,12,2,3,,,,N,,,N,,,,,,,,,,,,,,,,,,,,,,0,,,,,,,,,,5,1,0,0,0,1,0,0,0,,,,,,,,
16960888,1,1,N,Y,,,,16,,,0,N,,,,,,,,,,,,,N,,,,,,,,,,,,,,,,,,,,,,65,,,,,,,,,,6,1,0,0,0,0,1,0,0,,,,,,,,
16960888,2,1,N,N,43,4S3BL616487214370,2008,18,85,443,104,N,92691,1,2,11,5,9,,,,N,ARMADA TOWING,ARMADA TOWING,N,,,,,,,,,,,,,,,,,,,,,,0,,,,,,,,,,6,1,0,0,0,1,0,0,0,,,,,,,,
16960889,1,1,N,N,43,KL8CD6SA6JC429761,2018,1,107,2244,104,N,78405,1,2,3,4,11,,,,N,SOUTHSIDE WRECKER INC,,N,,,,,,,,,,,,,,,,,,,,,,74,,,,,,,,12,,1,1,0,0,0,1,0,0,0,,,,,,,,
16960889,2,1,N,N,43,JTDBT903X91337670,2009,3,91,1477,104,N,78759,1,2,3,4,11,,,,N,SPECIAL AUTOMOTIVE SERVICE INC,,N,,,,,,,,,,,,,,,,,,,,,,0,,,,,,,,,,5,1,0,0,0,1,0,0,0,,,,,,,,
16960890,1,1,N,N,43,1FUYDDYB8VH696239,1997,16,38,3001,106,N,78753,1,2,2,6,10,,,,N,SOUTHSIDE WRECKER INC,8200 S. CONGRESS AVE,Y,Y,N,N,2,2,78753,9,52000,0,N,,,,,6,20,10,,,,,64,22,,,,6,5,,,,3,1,0,0,0,1,0,0,0,Y,0,,,,,N,
16960890,2,6,,,,,,,,,,,78753,,,,,,,,,,,,,,,,,,,,,,,,,,,,,,,,,,0,,,,,,,,,,9,2,0,0,0,0,0,0,0,,,60000,0,2,N,,
16960890,3,1,N,N,43,3ALACXFC4KDLC2852,2019,21,38,1524,87,N,75247,1,2,9,3,7,16,3,5,N,SOUTHSIDE WRECKER INC,OWNERS RESIDENCE/REQUEST,Y,Y,N,N,1,2,75247,5,33000,0,N,,,,,3,20,,,,,,0,,,,,,,,,,1,1,0,0,1,0,0,1,0,Y,0,,,,,N,
16960933,1,1,N,N,43,1M2AX13C7HM039258,2017,21,60,3897,106,N,78610,1,1,2,3,12,,,,N,,,N,,,,,,,,,,,,,,,,,,,,,,44,,,,,,,,,,7,1,0,0,0,1,0,0,0,,,,,,,,
16960933,2,1,N,N,43,1FTNW21P44EC75388,2004,3,37,2325,30,N,78744,1,1,6,3,,,,,Y,,,N,,,,,,,,,,,,,,,,,,,,,,0,,,,,,,,,,7,1,0,0,0,1,0,0,0,,,,,,,,
16960938,1,1,N,N,43,KM8J3CA23HU428450,2017,11,45,1431,69,N,18914,1,1,3,4,11,,,,N,ROCHAS TOWING SERVICE,ROCHAS TOWING SERVICE,N,,,,,,,,,,,,,,,,,,,,,,0,,,,,,,,,,7,1,0,0,0,1,0,0,0,,,,,,,,
16960938,2,1,N,N,43,2T1BU4EE9BC711259,2011,21,91,173,104,N,78654,1,1,7,5,8,,,,N,EZ AUTO AND TOWING SERVICE,EZ AUTO AND TOWING SERVICE,N,,,,,,,,,,,,,,,,,,,,,,0,,,,,,,,,,3,1,0,0,0,1,0,0,0,,,,,,,,
16960939,1,1,N,N,43,WVWBA71K28W077377,2008,17,96,217,100,N,78727,1,1,2,7,12,7,3,7,N,SPECIAL AUTOMOTIVE SERVICE INC,SPECIAL AUTOMOTIVE SERVICE INC,N,,,,,,,,,,,,,,,,,,,,,,0,,,,,,,,,,2,1,0,2,0,0,0,2,0,,,,,,,,
16960940,1,1,N,N,43,4T1BG28K31U036373,2001,9,91,380,104,N,78701,1,2,15,4,8,,,,N,REMOVED BY OWNER,REMOVED BY OWNER,N,,,,,,,,,,,,,,,,,,,,,,0,,,,,,,,,,5,1,0,0,0,3,0,0,0,,,,,,,,
16960940,2,1,N,Y,,,,,,,30,N,,,,,,,,,,,,,N,,,,,,,,,,,,,,,,,,,,,,4,,,,,,,,,,5,1,0,0,0,0,1,0,0,,,,,,,,
16960941,1,1,N,Y,43,1GNEC13Z94R174526,2004,21,107,547,69,N,78758,2,,2,2,12,,,,N,,,N,,,,,,,,,,,,,,,,,,,,,,44,22,74,,,,,,,,5,1,0,0,0,0,1,0,0,,,,,,,,
16960941,2,1,N,N,43,2T3DFREV9DW101905,2013,9,91,581,69,N,78660,1,2,6,2,6,,,,N,DRIVEN FROM SCENE,NOT TOWED,N,,,,,,,,,,,,,,,,,,,,,,0,,,,,,,,,,5,1,0,0,0,1,0,0,0,,,,,,,,
16962795,1,1,N,N,43,WBA3A5G55DNP19467,2013,21,14,652,104,N,78704,1,1,12,1,2,,,,N,,,N,,,,,,,,,,,,,,,,,,,,,,0,,,,,,,,,,7,1,0,0,0,1,0,0,0,,,,,,,,
16962795,2,3,,,,,,,,,,,,,,,,,,,,,,,,,,,,,,,,,,,,,,,,,,,,,0,,,,,,,,,,9,1,0,0,0,1,0,0,0,,,,,,,,
16962798,1,1,N,N,35,1C4RJFBG2EC211918,2014,2,429,1116,69,N,44094,1,2,2,1,12,,,,N,,,N,,,,,,,,,,,,,,,,,,,,,,36,,,,,,,,,,11,1,0,0,0,1,0,0,0,,,,,,,,
16962798,2,4,,,,,,,,,,,,,,,,,,,,,,,,,,,,,,,,,,,,,,,,,,,,,0,,,,,,,,,,9,1,0,1,0,0,0,1,0,,,,,,,,
16962800,1,1,N,Y,,,,99,208,763,0,N,,2,,,,,,,,N,,,N,,,,,,,,,,,,,,,,,,,,,,22,,,,,,,,,,6,1,0,0,0,0,1,0,0,,,,,,,,
16962800,2,1,N,N,43,2C4RDGEG5ER316453,2014,2,109,1115,104,N,78717,1,2,6,2,6,,,,N,,,N,,,,,,,,,,,,,,,,,,,,,,0,,,,,,,,,,6,1,0,0,0,1,0,0,0,,,,,,,,
16962801,1,1,N,N,43,1G1PH5S95B7130438,2011,9,107,2209,104,N,78634,2,,2,1,12,,,,N,,,N,,,,,,,,,,,,,,,,,,,,,,20,,,,,,,,,,11,1,0,0,0,1,0,0,0,,,,,,,,
16962801,2,1,N,N,43,WBAFR7C56DC820178,2013,2,14,862,104,N,78634,1,1,6,1,,,,,N,ROCHAS TOWING SERVICE,ROCHAS TOWING SERVICE,N,,,,,,,,,,,,,,,,,,,,,,0,,,,,,,,,,11,1,1,0,0,0,0,1,0,,,,,,,,
16962802,1,1,N,N,43,KMHDU46D47U237788,2007,21,45,480,104,N,78745,1,2,17,3,9,,,,Y,ROCHAS TOWING SERVICE,ROCHAS TOWING SERVICE,N,,,,,,,,,,,,,,,,,,,,,,19,,,,,,,,,,3,1,0,0,0,1,0,0,0,,,,,,,,
16962803,1,1,N,N,36,1GB1KUEG1JF276914,2018,21,107,658,106,N,08054,1,2,4,3,2,,,,N,SPECIAL AUTOMOTIVE SERVICE INC,SPECIAL AUTOMOTIVE SERVICE INC,N,,,,,,,,,,,,,,,,,,,,,,0,,,,,,,,,,5,1,0,0,0,1,0,0,0,,,,,,,,
16962803,2,1,N,N,43,19VDE1F30FE000437,2015,,1,2126,104,N,78704,1,2,2,2,12,,,,N,BULLET TOWING,BULLET TOWING,N,,,,,,,,,,,,,,,,,,,,,,0,,,,,,,,,,3,1,0,0,1,1,0,1,0,,,,,,,,
16962804,1,1,N,N,43,4A3AK34T56E602308,2006,9,68,435,100,N,78840,1,2,2,3,12,,,,N,620 LAKESIDE TOWING,620 LAKESIDE TOWING,N,,,,,,,,,,,,,,,,,,,,,,0,,,,,12,,,,,6,1,0,0,0,1,0,0,0,,,,,,,,
16962804,2,1,N,N,43,1C6RR7NTXFS777010,2015,2,710,4100,30,N,78726,1,2,8,2,5,,,,N,,,N,,,,,,,,,,,,,,,,,,,,,,0,,,,,,,,,,6,1,0,0,0,2,0,0,0,,,,,,,,
16962806,1,1,N,Y,,,,21,,,30,N,,,,,,,,,,,,,N,,,,,,,,,,,,,,,,,,,,,,20,36,,,,,,,,,3,1,0,0,0,0,1,0,0,,,,,,,,
16962806,2,4,,,,,,,,,,,,,,,,,,,,,,,,,,,,,,,,,,,,,,,,,,,,,0,,,,,,,,,,9,1,1,0,0,0,0,1,0,,,,,,,,
16962808,1,1,N,N,43,1G1PG5SC0C7254858,2012,8,107,2209,104,N,78744,1,2,4,3,1,,,,N,PRONTO WRECKER SERVICE NORTH,PRONTO WRECKER SERVICE NORTH,N,,,,,,,,,,,,,,,,,,,,,,20,,,,,,,,,,5,1,0,0,0,1,0,0,0,,,,,,,,
16962809,1,1,N,N,43,1GTV2NEC2JZ197735,2018,21,39,3080,104,N,78723,1,1,1,3,12,,,,N,MR EAST TOWING,15309 SCARLET ST,N,,,,,,,,,,,,,,,,,,,,,,23,,,,,,,,,,7,1,0,0,0,1,0,0,0,,,,,,,,
16962810,1,1,N,Y,43,1GDGG31V461903823,2006,21,39,570,103,N,78758,1,2,7,2,5,,,,N,,,N,,,,,,,,,,,,,,,,,,,,,,35,,,,,,,,,,7,1,0,0,0,0,1,0,0,,,,,,,,
16962810,2,1,N,Y,43,3VWSE69M24M145978,2004,2,96,316,104,N,78723,1,2,,,,,,,N,ROCHAS TOWING SERVICE,OWNERS RESIDENCE/REQUEST,N,,,,,,,,,,,,,,,,,,,,,,0,,,,,,,,,,1,1,0,0,0,1,0,0,0,,,,,,,,