Crash_ID,Unit_Nbr,Unit_Desc_ID,Veh_Parked_Fl,Veh_HNR_Fl,Veh_Lic_State_ID,VIN,Veh_Mod_Year,Veh_Color_ID,Veh_Make_ID,Veh_Mod_ID,Veh_Body_Styl_ID,Emer_Respndr_Fl,Ownr_Zip,Fin_Resp_Proof_ID,Fin_Resp_Type_ID,Veh_Dmag_Area_1_ID,Veh_Dmag_Scl_1_ID,Force_Dir_1_ID,Veh_Dmag_Area_2_ID,Veh_Dmag_Scl_2_ID,Force_Dir_2_ID,Veh_Inventoried_Fl,Veh_Transp_Name,Veh_Transp_Dest,Veh_Cmv_Fl,Cmv_Fiveton_Fl,Cmv_Hazmat_Fl,Cmv_Nine_Plus_Pass_Fl,Cmv_Veh_Oper_ID,Cmv_Carrier_ID_Type_ID,Cmv_Carrier_Zip,Cmv_Veh_Type_ID,Cmv_GVWR,Cmv_RGVW,Cmv_Hazmat_Rel_Fl,Hazmat_Cls_1_ID,Hazmat_IDNbr_1_ID,Hazmat_Cls_2_ID,Hazmat_IDNbr_2_ID,Cmv_Cargo_Body_ID,Cmv_Evnt1_ID,Cmv_Evnt2_ID,Cmv_Evnt3_ID,Cmv_Evnt4_ID,Cmv_Tot_Axle,Cmv_Tot_Tire,Contrib_Factr_1_ID,Contrib_Factr_2_ID,Contrib_Factr_3_ID,Contrib_Factr_P1_ID,Contrib_Factr_P2_ID,Veh_Dfct_1_ID,Veh_Dfct_2_ID,Veh_Dfct_3_ID,Veh_Dfct_P1_ID,Veh_Dfct_P2_ID,Veh_Trvl_Dir_ID,First_Harm_Evt_Inv_ID,Sus_Serious_Injry_Cnt,Nonincap_Injry_Cnt,Poss_Injry_Cnt,Non_Injry_Cnt,Unkn_Injry_Cnt,Tot_Injry_Cnt,Death_Cnt,Cmv_Disabling_Damage_Fl,Cmv_Bus_Type_ID,Trlr_GVWR,Trlr_RGVW,Trlr_Type_ID,Trlr_Disabling_Dmag_ID,Cmv_Intermodal_Container_Permit_Fl,CMV_Actual_Gross_Weight
16962811,1,1,N,N,43,1HGEJ8543XL006091,1999,10,44,236,104,N,78756,1,1,2,3,12,,,,N,ARMADA TOWING,TOW YARD,N,,,,,,,,,,,,,,,,,,,,,,20,,,,,,,,,,3,1,0,0,0,1,0,0,0,,,,,,,,
16962811,2,1,N,N,43,1HGCP264X8A023680,2008,3,44,107,104,N,78728,1,1,8,1,6,,,,N,NA,NA,N,,,,,,,,,,,,,,,,,,,,,,0,,,,,,,,,,3,1,0,0,0,1,0,0,0,,,,,,,,
16962812,1,1,N,Y,43,,,16,,,30,N,,,,3,3,12,,,,N,NONE,NONE,N,,,,,,,,,,,,,,,,,,,,,,74,,,,,,,,,,1,1,0,0,0,0,1,0,0,,,,,,,,
16962812,2,1,Y,N,43,5XYZU3LBXFG277896,2015,21,45,3564,104,N,78664,1,1,4,3,2,,,,N,STARS TOWING,STARS TOWING,N,,,,,,,,,,,,,,,,,,,,,,0,,,,,,,,,,3,1,0,0,0,0,0,0,0,,,,,,,,
16962813,1,1,N,N,43,KL1TD56687B058535,2007,16,107,920,104,N,78653,1,2,2,7,12,,,,N,STARS TOWING,STARS TOWING,N,,,,,,,,,,,,,,,,,,,,,,20,,,,,,,,,,7,1,0,0,0,1,0,0,0,,,,,,,,
16962813,2,1,N,N,43,1FTEX1CM8EKD82537,2014,2,37,2324,30,N,78753,1,2,16,4,1,,,,N,,,N,,,,,,,,,,,,,,,,,,,,,,0,,,,,,,,,,1,1,0,0,0,1,0,0,0,,,,,,,,
16962814,1,1,N,Y,,,,11,107,2203,69,N,,,,,,,,,,,,,N,,,,,,,,,,,,,,,,,,,,,,0,,,,,,,,,,3,1,0,0,0,0,0,0,0,,,,,,,,
16962814,2,1,N,N,43,1D4HD58N56F177527,2006,3,109,635,104,N,78723,1,1,2,4,12,,,,N,ROCHAS TOWING SERVICE,IMPOUND,N,,,,,,,,,,,,,,,,,,,,,,0,,,,,,,,,,5,1,0,0,0,1,0,0,0,,,,,,,,
16962815,1,1,N,N,43,1HTMKAAN2AH193768,2010,3,48,110,106,N,78748,4,2,2,2,12,,,,,,,N,,,,,,,,,,,,,,,,,,,,,,20,22,,,,,,,,,4,1,0,0,0,1,0,0,0,,,,,,,,
16962815,2,1,N,N,43,JHMGE87479S053513,2009,17,44,1083,104,N,78759,4,2,6,6,6,2,6,12,,A-TEX TOWING,IMPOUND,N,,,,,,,,,,,,,,,,,,,,,,0,,,,,,,,,,4,1,0,0,1,0,0,1,0,,,,,,,,
16962815,3,1,N,N,43,WAUHF78P67A159540,2003,2,8,892,104,N,78617,2,,6,6,6,2,6,12,N,EZ AUTO AND TOWING SERVICE,EZ AUTO AND TOWING SERVICE,N,,,,,,,,,,,,,,,,,,,,,,0,,,,,,,,,,4,2,0,0,2,0,0,2,0,,,,,,,,
16962815,4,1,N,N,43,1GCDC14H7FS194408,1985,21,107,60,30,N,78617,1,2,6,6,6,2,6,12,N,EZ AUTO AND TOWING SERVICE,EZ AUTO AND TOWING SERVICE,N,,,,,,,,,,,,,,,,,,,,,,0,,,,,,,,,,4,2,0,0,1,0,0,1,0,,,,,,,,
16962815,5,1,N,N,43,2P4GP2530YR598578,2000,21,117,541,103,N,78741,1,2,6,6,6,2,6,12,,A-TEX TOWING,IMPOUND,N,,,,,,,,,,,,,,,,,,,,,,0,,,,,,,,,,4,2,0,0,1,0,0,1,0,,,,,,,,
16962815,6,1,N,N,43,JTDKB20U357023420,2005,3,91,702,104,N,77059,1,2,10,5,3,4,2,1,,,,N,,,,,,,,,,,,,,,,,,,,,,0,,,,,,,,,,4,2,0,0,0,1,0,0,0,,,,,,,,
16962815,7,1,N,N,43,4S4BSANC9J3341856,2018,17,85,1268,69,N,78745,1,2,6,2,6,,,,,,,N,,,,,,,,,,,,,,,,,,,,,,0,,,,,,,,,,4,2,0,0,0,2,0,0,0,,,,,,,,
16962816,1,1,N,N,43,5GAERDKW3JJ200226,2018,17,105,24,69,N,78732,1,1,7,3,8,,,,Y,,,N,,,,,,,,,,,,,,,,,,,,,,37,,,46,,,,,,,5,1,0,0,1,0,0,1,0,,,,,,,,
16962816,2,1,N,N,43,1FAFP31N07W277987,2007,22,37,696,100,N,78669,1,1,1,5,12,,,,Y,,,N,,,,,,,,,,,,,,,,,,,,,,0,,,,,,,,,,7,1,0,0,0,1,0,0,0,,,,,,,,
16962817,1,1,N,N,43,,2015,16,107,2236,30,N,78753,1,1,2,2,,,,,N,,,N,,,,,,,,,,,,,,,,,,,,,,20,,,,,,,,,,1,1,0,0,0,1,0,0,0,,,,,,,,
16962817,2,1,N,N,43,,2016,2,44,236,104,N,78613,1,1,6,5,6,,,,N,,,N,,,,,,,,,,,,,,,,,,,,,,0,,,,,,,,,,1,1,0,0,0,1,0,0,0,,,,,,,,
16962817,3,1,N,N,43,,2011,3,45,462,104,N,78621,1,1,6,1,6,,,,N,,,N,,,,,,,,,,,,,,,,,,,,,,0,,,,,,,,,,1,2,0,0,0,1,0,0,0,,,,,,,,
16962818,1,1,N,N,43,4T1BK1EBXFU166803,2015,1,91,563,104,N,77414,1,1,1,6,12,,,,N,EZ AUTO AND TOWING SERVICE,EZ AUTO AND TOWING SERVICE,N,,,,,,,,,,,,,,,,,,,,,,15,,,,,,,,,,6,1,1,1,0,0,0,2,0,,,,,,,,
16962818,2,1,N,N,43,1GCRCREC5FZ274837,2015,21,107,195,30,N,76226,1,1,13,6,8,,,,N,EZ AUTO AND TOWING SERVICE,EZ AUTO AND TOWING SERVICE,N,,,,,,,,,,,,,,,,,,,,,,0,,,,,,,,,,4,1,1,0,0,0,0,1,0,,,,,,,,
16962819,1,1,N,N,43,1FAHP2MK8JG106121,2018,2,37,376,105,N,78702,4,,2,4,12,,,,N,AUS-TEX AUTO ENTERPRISES LLC,715 EAST 8TH ST,N,,,,,,,,,,,,,,,,,,,,,,22,19,,41,,,,,,,5,1,0,1,0,0,0,1,0,,,,,,,,
16962820,1,1,N,N,17,1GNSKHKC9KR207632,2019,2,107,2203,104,N,74134,1,1,11,3,10,,,,N,AVILES & GABES WRECKER SERVICE INC.,7901 CAMERON RD,N,,,,,,,,,,,,,,,,,,,,,,34,,,,,,,,,,5,1,0,0,0,4,0,0,0,,,,,,,,
16962820,2,1,N,N,43,JF2SJABC2HH493231,2017,3,85,646,104,N,78729,1,1,4,4,1,2,3,2,N,ROCHAS TOWING SERVICE,5700 BURLESON RD,N,,,,,,,,,,,,,,,,,,,,,,0,,,,,,,,,,7,1,0,0,0,0,1,0,0,,,,,,,,
16962824,1,1,N,N,43,3FAHP0HA1CR414555,2012,2,37,1097,104,N,78617,1,1,4,6,1,,,,N,ARMADA TOWING,ARMADA TOWING,N,,,,,,,,,,,,,,,,,,,,,,44,,,,,,,,,,8,1,0,0,0,0,1,0,0,,,,,,,,
16962824,2,1,N,N,43,3AKJHTDV9KSKP8169,2019,13,38,2996,87,N,76010,1,1,,,,,,,N,,,Y,Y,N,N,2,2,76010,9,17200,0,N,,,,,3,10,,,,,,0,,,,,,,,,,8,1,0,0,0,2,0,0,0,Y,0,,,,,N,
16962824,3,6,,,,,,,,,,,78219,,,,,,,,,,,,,,,,,,,,,,,,,,,,,,,,,,0,,,,,,,,,,9,2,0,0,0,0,0,0,0,,,0,80000,2,N,,
16962825,1,1,N,N,43,1N4BA41E04C886399,2004,21,71,297,104,N,78725,1,2,1,3,12,,,,Y,EZ AUTO AND TOWING SERVICE,EZ AUTO AND TOWING SERVICE,N,,,,,,,,,,,,,,,,,,,,,,60,,,43,,,,,7,,5,1,0,1,0,0,0,1,0,,,,,,,,
16962857,1,1,N,N,43,2GCEC19V561273434,2006,3,107,2202,30,N,78615,1,1,1,1,12,,,,N,,,N,,,,,,,,,,,,,,,,,,,,,,0,,,,,,,,,,7,1,0,0,0,1,0,0,0,,,,,,,,
16962857,2,4,,,,,,,,,,,,,,,,,,,,,,,,,,,,,,,,,,,,,,,,,,,,,74,,,,,,,,,,9,1,0,0,0,1,0,0,0,,,,,,,,
16962858,1,1,N,N,43,1C4BJWDG4EL145886,2014,21,429,3662,69,N,78742,1,2,1,5,12,,,,Y,SPECIAL AUTOMOTIVE SERVICE INC,SPECIAL AUTOMOTIVE SERVICE INC,N,,,,,,,,,,,,,,,,,,,,,,15,,,,,,,,,,3,1,0,0,0,1,0,0,0,,,,,,,,
16962858,2,1,N,N,43,1FADP3F2XDL133253,2013,17,37,696,104,N,90020,1,2,8,3,6,,,,N,,,N,,,,,,,,,,,,,,,,,,,,,,0,,,,,,,,,,7,1,0,0,0,1,0,0,0,,,,,,,,
16962859,1,1,N,N,43,19UUA56601A034301,2001,21,1,564,104,N,78613,1,2,15,4,11,,,,Y,ARMADA TOWING,ARMADA TOWING,N,,,,,,,,,,,,,,,,,,,,,,37,,,,,,,,,,3,1,0,0,1,0,0,1,0,,,,,,,,
16962859,2,1,N,N,43,5TDZA23CX6S431683,2006,18,91,648,103,N,78739,1,2,1,3,12,,,,N,,,N,,,,,,,,,,,,,,,,,,,,,,0,,,,,,,,,,5,1,0,0,0,1,0,0,0,,,,,,,,
16962860,1,1,N,N,15,15GED111XG1050537,1987,12,119,1565,92,N,52213,1,2,2,1,12,,,,N,NA,NA,N,,,,,,,,,,,,,,,,,,,,,,44,,,20,,,,,,,1,1,0,0,0,1,0,0,0,,,,,,,,
16962860,2,6,,,,,,,,,,,52213,,,,,,,,,,,,,,,,,,,,,,,,,,,,,,,,,,0,,,,,,,,,,9,2,0,0,0,0,0,0,0,,,,,,,,
16962860,3,1,N,N,43,5TDZK3EH4DS142677,2013,21,91,721,69,N,78723,1,2,6,3,6,2,3,12,Y,EZ AUTO AND TOWING SERVICE,EZ AUTO AND TOWING SERVICE,N,,,,,,,,,,,,,,,,,,,,,,0,,,,,,,,,,1,1,0,0,0,1,0,0,0,,,,,,,,
16962860,4,7,N,N,43,1XKAD49X9DR358834,2013,3,54,1533,106,N,76557,1,2,,,,,,,N,,,Y,Y,N,N,2,2,76116,5,80000,0,N,,,,,5,20,,,,,,0,,,,,,,,,,1,2,0,0,0,1,0,0,0,N,0,,,,,N,
16962860,5,6,,,,,,,,,,,76116,,,,,,,,,,,,,,,,,,,,,,,,,,,,,,,,,,0,,,,,,,,,,9,2,0,0,0,0,0,0,0,,,80000,0,2,N,,
16962861,1,1,N,N,42,,2008,16,107,1048,103,N,38320,1,2,7,1,9,12,1,3,N,,,N,,,,,,,,,,,,,,,,,,,,,,0,,,,,,,,,,5,1,0,0,0,2,0,0,0,,,,,,,,
16962861,2,1,N,N,43,KNAGM4AD5C5034449,2012,2,55,715,104,N,78233,1,2,15,1,9,,,,N,,,N,,,,,,,,,,,,,,,,,,,,,,0,,,,,,,,,,5,1,0,0,1,0,0,1,0,,,,,,,,
16962862,1,1,N,N,43,JTEHF21AX10027224,2001,2,91,721,69,N,02360,1,1,4,3,1,,,,N,ARMADA TOWING SOUTH,ARMADA TOWING SOUTH,N,,,,,,,,,,,,,,,,,,,,,,44,,,,,,,,,,5,1,0,0,0,2,0,0,0,,,,,,,,
16962862,2,1,N,N,43,WDCYC3HF2EX219278,2014,2,65,743,69,N,78731,1,1,7,2,7,,,,N,,,N,,,,,,,,,,,,,,,,,,,,,,0,,,,,,,,,,5,1,0,0,0,3,0,0,0,,,,,,,,
16962863,1,1,N,N,43,4TAUN53B8SZ046389,1995,2,91,629,30,N,78704,1,1,16,4,3,,,,N,A-TEX TOWING,5526 1/2 W HWY 290,N,,,,,,,,,,,,,,,,,,,,,,35,,,,,,,,,,7,1,0,0,0,1,0,0,0,,,,,,,,
16962863,2,1,N,N,43,JTLKE50E791087183,2009,3,91,178,69,N,78665,1,1,2,2,12,,,,N,ARMADA TOWING,OWNERS RESIDENCE/REQUEST,N,,,,,,,,,,,,,,,,,,,,,,0,,,,,,,,,,5,1,0,0,0,1,0,0,0,,,,,,,,
16962866,1,1,N,N,43,5YFBURHE9EP043718,2014,17,91,173,104,N,78664,1,2,2,2,12,,,,N,EZ AUTO AND TOWING SERVICE,EZ AUTO AND TOWING SERVICE,N,,,,,,,,,,,,,,,,,,,,,,44,,,,,,,,,,5,1,0,0,0,2,0,0,0,,,,,,,,
16962866,2,1,N,N,43,1GKKNLLA8JZ214090,2018,11,39,894,69,N,78610,1,2,6,2,6,,,,N,ARMADA TOWING,ARMADA TOWING,N,,,,,,,,,,,,,,,,,,,,,,0,,,,,,,,,,5,1,0,0,0,4,0,0,0,,,,,,,,
16962868,1,1,N,N,43,3HGCM56364G711916,2004,21,44,236,104,N,78753,1,1,3,3,12,,,,N,EZ AUTO AND TOWING SERVICE,EZ AUTO AND TOWING SERVICE,N,,,,,,,,,,,,,,,,,,,,,,69,,,,,,,,,,7,1,0,0,0,1,0,0,0,,,,,,,,
16962868,2,1,N,N,43,JHMCP26898C030740,2008,11,44,236,104,N,78741,1,1,4,3,12,,,,N,PRONTO WRECKER SERVICE NORTH,PRONTO WRECKER SERVICE NORTH,N,,,,,,,,,,,,,,,,,,,,,,0,,,,,,,,,,1,1,0,0,0,1,0,0,0,,,,,,,,
16962870,1,1,N,N,43,1FTNS2EL7DDB21475,2013,21,37,101,103,N,78701,1,2,2,2,10,,,,N,SPECIAL AUTOMOTIVE SERVICE INC,SPECIAL AUTOMOTIVE SERVICE INC,N,,,,,,,,,,,,,,,,,,,,,,44,,,,,,,,,,5,1,0,0,0,1,0,0,0,,,,,,,,
16962870,2,1,N,N,43,3GCPCREC9EG119925,2014,3,107,2202,30,N,78621,1,2,5,0,6,,,,N,,,N,,,,,,,,,,,,,,,,,,,,,,0,,,,,,,,,,5,1,0,0,0,1,0,0,0,,,,,,,,
16962871,1,1,N,N,43,1D7HA18N96J127912,2006,3,109,2275,30,N,78745,3,2,8,3,3,15,3,9,Y,SOUTHSIDE WRECKER INC,8200 S. CONGRESS AVE,N,,,,,,,,,,,,,,,,,,,,,,0,,,,,,,,,,11,1,0,0,0,1,0,0,0,,,,,,,,
16962871,2,1,N,N,43,JT8BD68S8X0063748,1999,21,58,1127,104,N,78704,1,2,2,4,12,,,,Y,ATX-VIP TOWING SERVICES,ATX-VIP TOWING SERVICES,N,,,,,,,,,,,,,,,,,,,,,,0,,,,,,,,,,11,1,0,0,1,2,0,1,0,,,,,,,,
16962872,1,1,N,N,43,KNAFU6A29B5350389,2011,3,55,1093,104,N,,1,2,1,3,12,,,,N,,,N,,,,,,,,,,,,,,,,,,,,,,0,,,,,,,,,,3,1,0,0,0,1,0,0,0,,,,,,,,
16962872,2,1,N,N,43,2C3CDXHG4HH561924,2017,21,109,74,104,N,,1,2,15,3,,,,,N,,,N,,,,,,,,,,,,,,,,,,,,,,34,,,,,,,,,,1,1,0,0,0,1,0,0,0,,,,,,,,
16962873,1,1,N,N,43,4T1BF1FK0EU830706,2014,9,91,380,104,N,78666,1,2,2,6,12,,,,Y,STARS TOWING,STARS TOWING,N,,,,,,,,,,,,,,,,,,,,,,44,,,,,,,,,,5,1,0,0,2,0,0,2,0,,,,,,,,
16962873,2,1,N,N,43,1GNFC13077R281505,2007,2,107,60,69,N,78617,1,2,6,3,6,,,,Y,EZ AUTO AND TOWING SERVICE,EZ AUTO AND TOWING SERVICE,N,,,,,,,,,,,,,,,,,,,,,,0,,,,,,,,,,5,1,0,0,2,2,0,2,0,,,,,,,,
16962874,1,1,N,N,43,5GAER23728J294704,2008,21,105,1041,69,N,75231,1,2,2,2,12,,,,Y,SPECIAL AUTOMOTIVE SERVICE INC,SPECIAL AUTOMOTIVE SERVICE INC,N,,,,,,,,,,,,,,,,,,,,,,0,,,,,,,,,,2,1,0,0,0,3,0,0,0,,,,,,,,
16962874,2,1,N,N,43,3FA6P0H78DR240111,2013,21,37,1097,104,N,78741,1,2,14,3,3,,,,Y,SOUTHSIDE WRECKER INC,8200 S. CONGRESS AVE,N,,,,,,,,,,,,,,,,,,,,,,0,,,,,,,,,,4,1,0,0,1,0,0,1,0,,,,,,,,
16962875,1,1,N,N,43,KNAFE121165244806,2006,3,55,717,104,N,78741,1,2,2,3,,,,,Y,BULLET TOWING,OWNERS RESIDENCE/REQUEST,N,,,,,,,,,,,,,,,,,,,,,,35,,,,,,,,,,5,1,0,0,0,2,0,0,0,,,,,,,,
16962875,2,1,N,N,43,JF2GTAAC0JH206282,2018,3,85,2555,104,N,78723,1,2,10,2,3,,,,N,,,N,,,,,,,,,,,,,,,,,,,,,,0,,,,,,,,,,7,1,0,0,0,1,0,0,0,,,,,,,,
16962878,1,1,N,N,43,JHMFC1F33JX010781,2018,9,44,256,104,N,78757,1,1,3,2,2,,,,N,,,N,,,,,,,,,,,,,,,,,,,,,,0,,,,,,,,,,1,1,0,0,0,1,0,0,0,,,,,,,,
16962878,2,1,N,N,43,JM1BL1L78C1669033,2012,3,63,1210,104,N,78653,1,1,1,3,12,,,,,AVILES & GABES WRECKER SERVICE INC.,IMPOUND,N,,,,,,,,,,,,,,,,,,,,,,0,,,,,,,,,,5,1,0,0,0,1,0,0,0,,,,,,,,
16962879,1,1,N,N,43,1N4AL3AP6DN524437,2013,16,71,69,104,N,78744,2,,2,3,12,,,,N,ROCHAS TOWING SERVICE,ROCHAS TOWING SERVICE,N,,,,,,,,,,,,,,,,,,,,,,,,,44,47,,,,,,2,1,0,1,0,0,0,1,0,,,,,,,,
16962879,2,1,N,N,43,WDBJF74J52B431700,2002,2,65,118,104,N,78748,1,2,6,2,6,,,,N,,,N,,,,,,,,,,,,,,,,,,,,,,0,,,,,,,,,,2,1,0,0,0,1,0,0,0,,,,,,,,
16962880,1,1,N,N,43,YV1SW612862543579,2006,2,98,185,104,N,78753,2,,6,1,6,,,,N,,,N,,,,,,,,,,,,,,,,,,,,,,0,,,,,,,,,,5,1,0,0,0,1,0,0,0,,,,,,,,
16962880,2,4,,,,,,,,,,,,,,,,,,,,,,,,,,,,,,,,,,,,,,,,,,,,,0,,,,,,,,,,9,1,0,1,0,0,0,1,0,,,,,,,,
16962881,1,1,N,N,43,1HGCM66505A079776,2005,17,44,236,104,N,78726,2,,,,,,,,,620 LAKESIDE TOWING,620 LAKESIDE TOWING,N,,,,,,,,,,,,,,,,,,,,,,,,,74,,,,,,,5,1,0,1,0,0,0,1,0,,,,,,,,
16962882,1,1,N,N,43,2T2GK31UX9C075556,2009,17,58,666,104,N,78749,1,1,12,1,1,,,,N,,,N,,,,,,,,,,,,,,,,,,,,,,4,,,,,,,,,,4,1,0,0,0,1,0,0,0,,,,,,,,
16962882,2,3,,,,,,,,,,,,,,,,,,,,,,,,,,,,,,,,,,,,,,,,,,,,,0,,,,,,,,,,9,1,0,0,1,0,0,1,0,,,,,,,,
16962883,1,1,N,N,43,1FAHP2F86DG193037,2013,2,37,101,104,N,78724,1,1,2,5,12,,,,N,A & A WRECKER NORTH,A & A WRECKER NORTH,N,,,,,,,,,,,,,,,,,,,,,,34,,,,,,,,,,2,1,0,0,0,1,0,0,0,,,,,,,,
16962883,2,1,N,N,43,2GCEC19V6X1210134,1999,21,107,658,106,N,78201,1,1,4,3,12,,,,N,,,N,,,,,,,,,,,,,,,,,,,,,,0,,,,,,,,,,4,1,0,0,0,1,0,0,0,,,,,,,,
16962885,1,1,N,N,43,2B3CA3CV0AH259279,2010,21,109,74,104,N,78753,1,2,2,1,11,,,,N,,,N,,,,,,,,,,,,,,,,,,,,,,37,,,,,,,,,,2,1,0,0,0,1,0,0,0,,,,,,,,
16962885,2,1,N,N,43,JTKJF5C70E3086692,2014,9,91,4331,104,N,76542,1,2,15,2,9,,,,N,,,N,,,,,,,,,,,,,,,,,,,,,,0,,,,,,,,,,6,1,0,0,0,1,0,0,0,,,,,,,,
16962886,1,1,N,N,43,5NPEB4AC1DH610014,2013,3,45,462,104,N,78723,1,2,6,1,6,2,1,12,Y,SOUTHSIDE WRECKER INC,SOUTHSIDE WRECKER INC,N,,,,,,,,,,,,,,,,,,,,,,67,,,,,,,,,,3,1,0,0,0,1,0,0,0,,,,,,,,
16962886,2,1,Y,N,43,5LMCJ1C9XGUJ22161,2019,17,113,638,69,N,78653,1,2,2,1,12,,,,N,NONE,NONE,N,,,,,,,,,,,,,,,,,,,,,,0,,,,,,,,,,3,1,0,0,0,1,0,0,0,,,,,,,,
16962887,1,1,N,N,43,JHMCM56196C001393,2006,8,44,236,104,N,78729,1,2,2,1,12,,,,N,K & S TOWING,K & S TOWING,N,,,,,,,,,,,,,,,,,,,,,,20,,,,,,,,,,3,1,0,0,0,2,0,0,0,,,,,,,,
16962888,1,1,N,N,43,1GCHSBEA3J1241914,2018,21,107,979,30,N,78646,1,2,2,2,12,,,,,ARMADA TOWING,,N,,,,,,,,,,,,,,,,,,,,,,0,,,,,,,,,,1,1,0,0,0,1,0,0,0,,,,,,,,
16962888,2,1,N,N,43,WA1JCCFS7JR007136,2018,17,8,2671,69,N,78628,1,2,6,2,6,,,,,,,N,,,,,,,,,,,,,,,,,,,,,,0,,,,,,,,,,1,1,0,0,0,1,0,0,0,,,,,,,,
16962913,1,1,N,N,43,3GCUKREC7JG578063,2018,2,107,2236,30,N,78613,2,,4,5,12,,,,Y,BULLET TOWING,BULLET TOWING,N,,,,,,,,,,,,,,,,,,,,,,,,,67,41,,,,,,1,1,0,0,0,2,0,0,0,,,,,,,,
16962914,1,1,N,N,43,KNAFE121555080586,2005,18,55,717,104,N,78641,1,2,2,6,12,,,,N,EZ AUTO AND TOWING SERVICE,EZ AUTO AND TOWING SERVICE,N,,,,,,,,,,,,,,,,,,,,,,44,,,,,,,,,,3,1,0,1,0,0,0,1,0,,,,,,,,
16962914,2,1,N,N,43,JTJZK1BA1C2413533,2012,21,58,1318,69,N,78726,1,2,6,3,6,2,2,12,N,620 LAKESIDE TOWING,620 LAKESIDE TOWING,N,,,,,,,,,,,,,,,,,,,,,,0,,,,,,,,,,3,1,0,1,0,0,0,1,0,,,,,,,,
16962914,3,1,N,N,43,JN1BJ0RP3HM388211,2017,9,47,2396,104,N,78613,1,2,6,2,6,,,,N,NA,NA,N,,,,,,,,,,,,,,,,,,,,,,0,,,,,,,,,,3,2,0,0,0,1,0,0,0,,,,,,,,
16962915,1,1,N,N,43,2G1FB1E36E9321401,2014,17,107,46,100,N,75490,1,2,1,2,12,,,,N,,,N,,,,,,,,,,,,,,,,,,,,,,20,,,,,,,,,,1,1,0,0,0,1,0,0,0,,,,,,,,
16962915,2,1,N,N,43,KMHD35LH1GU302953,2016,2,45,3561,104,N,78759,1,2,9,4,9,,,,N,ARMADA TOWING,ARMADA TOWING,N,,,,,,,,,,,,,,,,,,,,,,0,,,,,,,,,,7,1,0,0,0,1,0,0,0,,,,,,,,
16962916,1,1,N,N,43,3GCPCSE08BG347276,2011,18,107,2236,30,N,78613,1,1,2,1,1,,,,Y,A-TEX TOWING,AUS-TEX AUTO ENTERPRISES LLC,N,,,,,,,,,,,,,,,,,,,,,,0,,,,,,,,,,8,1,0,0,0,1,0,0,0,,,,,,,,
16962916,2,1,N,N,43,2HGFB2F85CH532343,2012,3,44,256,104,N,78681,1,1,2,1,12,,,,Y,,,N,,,,,,,,,,,,,,,,,,,,,,4,20,,,,,,,,,8,1,0,0,0,1,0,0,0,,,,,,,,
16962917,1,1,N,N,43,WDBSK75F64F083394,2004,17,65,3950,100,N,78745,1,2,12,4,3,,,,N,EZ AUTO AND TOWING SERVICE,EZ AUTO AND TOWING SERVICE,N,,,,,,,,,,,,,,,,,,,,,,37,,,,,,,,,,7,1,0,0,0,1,0,0,0,,,,,,,,
16962917,2,1,N,N,43,1G8AJ52F13Z122036,2003,2,81,779,104,N,78745,1,2,2,3,12,,,,N,STARS TOWING,STARS TOWING,N,,,,,,,,,,,,,,,,,,,,,,0,,,,,,,,,,3,1,0,0,0,4,0,0,0,,,,,,,,
16962918,1,1,N,N,43,JM1BK323561513324,2006,9,63,2474,104,N,78726,1,1,14,3,3,,,,Y,ARMADA TOWING,9501 CORBE DRIVE,N,,,,,,,,,,,,,,,,,,,,,,22,,,,,,,,,,1,1,0,0,0,3,0,0,0,,,,,,,,
16962919,1,1,N,N,43,2G1165S30F9228823,2015,11,107,53,104,N,78759,1,1,4,1,1,,,,Y,620 LAKESIDE TOWING,620 LAKESIDE TOWING,N,,,,,,,,,,,,,,,,,,,,,,67,20,,,,,,,,,8,1,0,0,0,1,0,0,0,,,,,,,,
16962920,1,1,N,N,43,1FMCU0F7XDUA13662,2013,2,37,711,69,N,,1,1,7,3,6,,,,N,A-TEX TOWING,5526 1/2 W HWY 290,N,,,,,,,,,,,,,,,,,,,,,,4,,,20,,,,,,,7,1,0,0,0,1,0,0,0,,,,,,,,
16962920,2,1,N,N,43,KNAFE121745060368,2004,3,55,715,104,N,,1,1,4,3,12,17,2,9,N,EZ AUTO AND TOWING SERVICE,EZ AUTO AND TOWING SERVICE,N,,,,,,,,,,,,,,,,,,,,,,0,,,,,,,,,,7,1,0,0,0,1,0,0,0,,,,,,,,
16962921,1,1,N,N,43,JTJHY00W384009678,2008,17,58,2444,69,N,78759,1,2,2,6,12,7,4,6,,AVILES & GABES WRECKER SERVICE INC.,AVILES & GABES WRECKER SERVICE INC.,N,,,,,,,,,,,,,,,,,,,,,,22,,,20,,,,,,,7,1,0,0,0,1,0,0,0,,,,,,,,
16962922,1,1,N,Y,,,,2,,,0,N,,,,,,,,,,,,,N,,,,,,,,,,,,,,,,,,,,,,14,,,,,,,,,,1,1,0,0,0,0,1,0,0,,,,,,,,
16962922,2,1,N,N,43,JM1BK324581836784,2008,,63,3917,104,N,78664,1,2,8,5,5,,,,N,AUS-TEX AUTO ENTERPRISES LLC,AUS-TEX AUTO ENTERPRISES LLC,N,,,,,,,,,,,,,,,,,,,,,,0,,,,,,,,,,3,1,0,0,0,1,0,0,0,,,,,,,,