Crash_ID,Unit_Nbr,Unit_Desc_ID,Veh_Parked_Fl,Veh_HNR_Fl,Veh_Lic_State_ID,VIN,Veh_Mod_Year,Veh_Color_ID,Veh_Make_ID,Veh_Mod_ID,Veh_Body_Styl_ID,Emer_Respndr_Fl,Ownr_Zip,Fin_Resp_Proof_ID,Fin_Resp_Type_ID,Veh_Dmag_Area_1_ID,Veh_Dmag_Scl_1_ID,Force_Dir_1_ID,Veh_Dmag_Area_2_ID,Veh_Dmag_Scl_2_ID,Force_Dir_2_ID,Veh_Inventoried_Fl,Veh_Transp_Name,Veh_Transp_Dest,Veh_Cmv_Fl,Cmv_Fiveton_Fl,Cmv_Hazmat_Fl,Cmv_Nine_Plus_Pass_Fl,Cmv_Veh_Oper_ID,Cmv_Carrier_ID_Type_ID,Cmv_Carrier_Zip,Cmv_Veh_Type_ID,Cmv_GVWR,Cmv_RGVW,Cmv_Hazmat_Rel_Fl,Hazmat_Cls_1_ID,Hazmat_IDNbr_1_ID,Hazmat_Cls_2_ID,Hazmat_IDNbr_2_ID,Cmv_Cargo_Body_ID,Cmv_Evnt1_ID,Cmv_Evnt2_ID,Cmv_Evnt3_ID,Cmv_Evnt4_ID,Cmv_Tot_Axle,Cmv_Tot_Tire,Contrib_Factr_1_ID,Contrib_Factr_2_ID,Contrib_Factr_3_ID,Contrib_Factr_P1_ID,Contrib_Factr_P2_ID,Veh_Dfct_1_ID,Veh_Dfct_2_ID,Veh_Dfct_3_ID,Veh_Dfct_P1_ID,Veh_Dfct_P2_ID,Veh_Trvl_Dir_ID,First_Harm_Evt_Inv_ID,Sus_Serious_Injry_Cnt,Nonincap_Injry_Cnt,Poss_Injry_Cnt,Non_Injry_Cnt,Unkn_Injry_Cnt,Tot_Injry_Cnt,Death_Cnt,Cmv_Disabling_Damage_Fl,Cmv_Bus_Type_ID,Trlr_GVWR,Trlr_RGVW,Trlr_Type_ID,Trlr_Disabling_Dmag_ID,Cmv_Intermodal_Container_Permit_Fl,CMV_Actual_Gross_Weight
16962923,1,1,N,N,43,1HGEJ6125WL132296,1998,9,44,236,104,N,78155,1,1,14,3,3,,,,Y,ROCHAS TOWING SERVICE,ROCHAS TOWING SERVICE,N,,,,,,,,,,,,,,,,,,,,,,0,,,,,,,,,,8,1,0,0,0,1,0,0,0,,,,,,,,
16962923,2,1,N,N,43,1N4AL21E08N550000,2008,2,71,500,104,N,78748,1,1,2,2,12,,,,Y,AVILES & GABES WRECKER SERVICE INC.,AVILES & GABES WRECKER SERVICE INC.,N,,,,,,,,,,,,,,,,,,,,,,0,,,,,,,,,,4,1,0,0,0,1,0,0,0,,,,,,,,
16962924,1,1,N,N,43,4T3ZF13C51U357771,2001,3,91,648,103,N,78748,1,2,3,0,1,,,,N,,,N,,,,,,,,,,,,,,,,,,,,,,59,,,,,,,,,,1,1,0,0,0,1,0,0,0,,,,,,,,
16962924,2,4,,,,,,,,,,,,,,,,,,,,,,,,,,,,,,,,,,,,,,,,,,,,,0,,,,,,,,,,9,1,0,1,0,0,0,1,0,,,,,,,,
16962926,1,1,N,N,43,KM8SR4HF0DU002629,2013,1,45,713,69,N,78747,1,2,8,2,3,,,,N,EZ AUTO AND TOWING SERVICE,EZ AUTO AND TOWING SERVICE,N,,,,,,,,,,,,,,,,,,,,,,37,,,,,,,,,,1,1,0,0,0,1,0,0,0,,,,,,,,
16962926,2,1,N,N,43,1FTRW12W95KD44936,2005,9,37,2324,30,N,78704,1,2,4,1,1,,,,N,,,N,,,,,,,,,,,,,,,,,,,,,,0,,,,,,,,,,5,1,0,0,0,1,0,0,0,,,,,,,,
16962927,1,1,N,N,43,1D7HA18N33J622277,2003,2,109,2275,30,N,78582,1,2,2,1,12,,,,N,,,N,,,,,,,,,,,,,,,,,,,,,,44,20,,,,8,,,,,1,1,0,0,0,1,0,0,0,,,,,,,,
16962927,2,1,N,N,43,JA4AP3AU6JU021622,2018,2,68,342,104,N,78752,2,,6,2,6,2,2,12,N,,,N,,,,,,,,,,,,,,,,,,,,,,0,,,,,,,,,,1,1,0,0,1,0,0,1,0,,,,,,,,
16962927,3,1,N,N,43,1G11B5SLXFF286215,2015,18,107,60,104,N,78640,1,2,6,4,6,2,3,12,N,,,N,,,,,,,,,,,,,,,,,,,,,,0,,,,,,,,,,1,2,0,0,0,1,0,0,0,,,,,,,,
16962927,4,1,N,N,43,5GAKRBKD9FJ174471,2015,21,105,34,69,N,78666,1,2,6,2,6,,,,N,,,N,,,,,,,,,,,,,,,,,,,,,,0,,,,,,,,,,1,2,0,0,0,1,0,0,0,,,,,,,,
16962929,1,1,N,N,43,JHMBA8141PC002661,1993,2,44,286,100,N,78704,1,1,2,5,12,,,,N,STARS TOWING,STARS TOWING,N,,,,,,,,,,,,,,,,,,,,,,44,,,,,,,,,,5,1,0,0,1,2,0,1,0,,,,,,,,
16962929,2,1,N,Y,43,,,,,,0,N,,,,,,,,,,,,,N,,,,,,,,,,,,,,,,,,,,,,0,,,,,,,,,,5,1,0,0,0,0,0,0,0,,,,,,,,
16962930,1,1,N,N,43,5XYPK4A57KG466158,2019,21,55,767,69,N,78747,1,2,4,5,12,,,,N,STARS TOWING,STARS TOWING,N,,,,,,,,,,,,,,,,,,,,,,34,,,20,,,,,,,1,1,0,0,0,1,0,0,0,,,,,,,,
16962930,2,1,N,N,43,1NXBR12E12Z652176,2002,10,91,173,104,N,78753,1,2,11,4,10,,,,N,NO TOW,NO TOW,N,,,,,,,,,,,,,,,,,,,,,,0,,,,,,,,,,7,1,0,0,0,1,0,0,0,,,,,,,,
16962931,1,1,N,N,43,SAJWA1CB6BLV10107,2011,3,51,2413,104,N,78731,1,2,2,0,12,,,,N,,,N,,,,,,,,,,,,,,,,,,,,,,0,,,,,,,,,,4,1,0,0,0,1,0,0,0,,,,,,,,
16962931,2,4,,,,,,,,,,,,,,,,,,,,,,,,,,,,,,,,,,,,,,,,,,,,,0,,,,,,,,,,9,1,0,0,1,0,0,1,0,,,,,,,,
16962932,1,1,N,N,43,1FTFW1EFXEKE81849,2014,5,37,2324,106,N,78741,1,1,16,1,4,,,,N,NA,NA,N,,,,,,,,,,,,,,,,,,,,,,26,,,,,,,,,,1,1,0,0,0,1,0,0,0,,,,,,,,
16962932,2,1,N,N,43,5VCACDVF2FH219751,2015,21,48,110,106,N,78701,4,,3,1,7,,,,N,NA,NA,N,,,,,,,,,,,,,,,,,,,,,,0,,,,,,,,,,1,1,0,0,0,1,0,0,0,,,,,,,,
16962933,1,1,N,N,43,2C4RC1N7XJR144950,2018,9,21,1270,103,N,78727,1,1,12,4,2,10,4,3,N,AVILES & GABES WRECKER SERVICE INC.,AVILES & GABES WRECKER SERVICE INC.,N,,,,,,,,,,,,,,,,,,,,,,74,,,,,,,,,,3,1,0,2,0,0,0,2,0,,,,,,,,
16962933,2,1,N,N,43,1C4BJWEG0JL822912,2018,17,429,1163,104,N,78613,1,1,12,3,11,7,3,7,N,STARS TOWING,STARS TOWING,N,,,,,,,,,,,,,,,,,,,,,,0,,,,,,,,,,1,1,0,0,0,0,1,0,0,,,,,,,,
16962934,1,1,N,N,43,1GCRCREC6HZ344820,2017,10,107,2236,30,N,78704,1,1,6,3,3,,,,N,,,N,,,,,,,,,,,,,,,,,,,,,,0,,,,,,,,,,5,1,0,0,0,1,0,0,0,,,,,,,,
16962934,2,1,N,N,43,1FTCR10A6VUB28857,1997,10,37,357,30,N,78749,3,1,,,,,,,N,A-TEX TOWING,5526 1/2 W HWY 290,N,,,,,,,,,,,,,,,,,,,,,,22,,,,,,,,,,5,1,0,0,1,0,0,1,0,,,,,,,,
16962935,1,1,N,N,43,4T1BK36B78U273496,2008,21,91,563,104,N,78666,1,1,2,3,12,,,,N,ARMADA TOWING SOUTH,9706 MIDDLE FISKVILLE RD,N,,,,,,,,,,,,,,,,,,,,,,0,,,,,,,,,,3,1,0,0,0,1,0,0,0,,,,,,,,
16962935,2,1,N,N,43,2T1BPRHE3EC073479,2014,10,91,173,104,N,78704,1,1,4,3,12,,,,N,A-TEX TOWING,5526 1/2 W HWY 290,N,,,,,,,,,,,,,,,,,,,,,,0,,,,,,,,,,5,1,0,0,0,2,0,0,0,,,,,,,,
16962936,1,1,N,N,43,3N6CM0KN9HK711367,2017,21,71,3987,103,N,77034,1,1,12,3,4,,,,N,FINGER TOWING SERVICE,FINGER TOWING,N,,,,,,,,,,,,,,,,,,,,,,0,,,,,,,,,,1,1,0,0,0,1,0,0,0,,,,,,,,
16962936,2,1,N,Y,,,,8,96,381,104,N,,,,,,,,,,,,,N,,,,,,,,,,,,,,,,,,,,,,23,,,,,,,,,,1,1,0,0,0,0,1,0,0,,,,,,,,
16962937,1,1,N,N,43,3VWSK69M75M029170,2005,21,96,316,104,N,78653,1,1,2,3,12,,,,Y,SOUTHSIDE WRECKER INC,8200 S. CONGRESS AVE,N,,,,,,,,,,,,,,,,,,,,,,20,22,,,,,,,,,3,1,0,0,0,1,0,0,0,,,,,,,,
16962937,2,1,N,N,43,1B7HC13ZXXJ587791,1999,2,109,2275,30,N,78741,1,1,6,3,6,,,,N,,,N,,,,,,,,,,,,,,,,,,,,,,0,,,,,,,,,,3,1,0,4,1,0,0,5,0,,,,,,,,
16962938,1,1,N,N,43,WDDSJ4EB8JN551892,2018,9,65,2486,104,N,75209,1,1,2,2,12,,,,N,,,N,,,,,,,,,,,,,,,,,,,,,,65,,,,,,,,,,1,1,0,0,0,2,0,0,0,,,,,,,,
16962938,2,1,N,N,43,JM1BL1S50A1120228,2010,9,63,1210,104,N,78745,1,1,12,2,8,,,,N,,,N,,,,,,,,,,,,,,,,,,,,,,0,,,,,,,,,,5,1,0,0,0,1,0,0,0,,,,,,,,
16962940,1,1,N,N,43,1FTPW12535FB38499,2005,2,37,2324,30,N,78537,1,2,11,1,9,,,,N,OWNER,OWNER,N,,,,,,,,,,,,,,,,,,,,,,35,,,,,,,,,,5,1,0,0,1,1,0,1,0,,,,,,,,
16962940,2,1,N,N,43,JTDKB20U293486310,2009,17,91,702,104,N,78751,1,2,1,4,12,,,,N,EZ AUTO AND TOWING SERVICE,EZ AUTO AND TOWING SERVICE,N,,,,,,,,,,,,,,,,,,,,,,0,,,,,,,,,,7,1,0,0,0,2,0,0,0,,,,,,,,
16963380,1,1,N,N,43,1GNKRFED4CJ136201,2012,3,107,1414,69,N,78652,1,1,2,2,12,12,1,12,N,,,N,,,,,,,,,,,,,,,,,,,,,,35,,,,,,,,,,5,1,0,0,0,4,0,0,0,,,,,,,,
16963380,2,1,N,N,43,JHMFA36268S027476,2008,21,44,256,104,N,78610,1,2,10,3,9,4,2,1,N,EZ TOW,"1830 OAK HILL LN, AUSTIN, TEXAS, 78744",N,,,,,,,,,,,,,,,,,,,,,,0,,,,,,,,,,3,1,0,0,0,1,0,0,0,,,,,,,,
16963380,3,1,N,N,43,1B4HR2820YF116053,2000,17,109,635,69,N,78610,1,2,3,2,11,3,1,11,N,,,N,,,,,,,,,,,,,,,,,,,,,,0,,,,,,,,,,1,2,0,0,0,1,0,0,0,,,,,,,,
16965597,1,1,N,N,43,2C3KA53G97H808823,2007,11,21,65,104,N,78644,2,,11,3,10,,,,N,,,N,,,,,,,,,,,,,,,,,,,,,,37,20,,,,,,,,,8,1,0,0,0,0,1,0,0,,,,,,,,
16965597,2,1,N,N,43,5N1AR2MN9DC659691,2013,17,71,531,69,N,78724,1,2,12,4,11,,,,N,,,N,,,,,,,,,,,,,,,,,,,,,,0,,,,,,,,,,8,1,0,0,6,0,0,6,0,,,,,,,,
16966788,1,1,N,N,43,2T3ZFREV4JW459611,2018,21,91,581,104,N,75261,1,7,11,3,9,,,,N,SPECIAL AUTOMOTIVE SERVICE INC,SPECIAL AUTOMOTIVE SERVICE INC,N,,,,,,,,,,,,,,,,,,,,,,0,,,,,,,,,,5,1,0,0,0,1,0,0,0,,,,,,,,
16966788,2,1,N,N,43,5FNRL5H6XBB080111,2011,21,44,571,104,N,78758,1,2,12,1,3,16,1,3,N,REMOVED BY OWNER,REMOVED BY OWNER,N,,,,,,,,,,,,,,,,,,,,,,0,,,,,,,,,,5,1,0,0,0,1,0,0,0,,,,,,,,
16966963,1,1,N,Y,,,,,,,0,N,,,,,,,,,,N,N/A,N/A,N,,,,,,,,,,,,,,,,,,,,,,34,,,,,,,,,,7,1,0,0,0,0,1,0,0,,,,,,,,
16966963,2,1,N,N,43,4T4BF3EK5BR166112,2011,9,91,380,104,N,78748,1,1,14,2,3,,,,N,N/A,N/A,N,,,,,,,,,,,,,,,,,,,,,,0,,,,,,,,,,1,1,0,1,0,1,0,1,0,,,,,,,,
16967064,1,1,N,N,43,2HGFG12817H521248,2007,,44,256,100,N,,1,1,,,,,,,,,,N,,,,,,,,,,,,,,,,,,,,,,20,45,,,,,,,,,7,1,0,0,0,1,0,0,0,,,,,,,,
16967064,2,1,N,N,43,5TDZZRFH5KS290086,,,109,635,104,N,76401,1,7,10,5,3,,,,,,,N,,,,,,,,,,,,,,,,,,,,,,0,,,,,,,,,,3,1,0,0,0,1,0,0,0,,,,,,,,
16967075,1,1,N,N,43,1FM5K8AT8HGA71372,2017,12,37,554,105,N,78752,4,,6,1,6,,,,N,,,N,,,,,,,,,,,,,,,,,,,,,,0,,,,,,,,,,8,1,0,0,0,1,0,0,0,,,,,,,,
16967075,2,1,N,N,43,JN1BJ1CPXJW195689,2018,21,71,1310,69,N,74134,1,2,2,1,12,,,,N,,,N,,,,,,,,,,,,,,,,,,,,,,22,,,,,,,,,,8,1,0,0,0,2,0,0,0,,,,,,,,
16967132,1,1,N,Y,,,,,208,763,0,N,,,,,,,,,,,,,N,,,,,,,,,,,,,,,,,,,,,,0,,,,,,,,,,3,1,0,0,0,0,0,0,0,,,,,,,,
16967132,2,6,,,,,,,,,,,,,,,,,,,,,,,,,,,,,,,,,,,,,,,,,,,,,0,,,,,,,,,,9,2,0,0,0,0,0,0,0,,,,,,,,
16967132,3,1,N,N,43,JTMZD33V576028226,2007,3,91,581,104,N,78664,1,2,15,3,9,,,,N,,,N,,,,,,,,,,,,,,,,,,,,,,0,,,,,,,,,,3,1,0,0,1,0,0,1,0,,,,,,,,
16967224,1,1,N,N,43,JM1BM1T76E1175155,2014,9,63,3917,104,N,78245,1,1,2,6,12,15,6,9,Y,EZ AUTO AND TOWING SERVICE,EZ AUTO AND TOWING SERVICE,N,,,,,,,,,,,,,,,,,,,,,,67,,,,,,,,,,5,1,0,0,0,1,0,0,0,,,,,,,,
16967224,2,1,N,N,43,2C4RDGEG6GR352767,2016,9,109,550,103,N,78664,1,1,10,5,3,15,5,9,Y,EZ AUTO AND TOWING SERVICE,EZ AUTO AND TOWING SERVICE,N,,,,,,,,,,,,,,,,,,,,,,0,,,,,,,,,,5,1,0,0,0,3,0,0,0,,,,,,,,
16967224,3,1,N,N,43,3C4PDCBG8CT231797,2012,2,109,1166,69,N,78550,1,1,10,3,3,,,,N,,,N,,,,,,,,,,,,,,,,,,,,,,0,,,,,,,,,,5,2,0,0,0,4,0,0,0,,,,,,,,
16967225,1,1,N,N,43,1FTPW12574KD60291,2004,16,37,2324,30,N,78744,1,1,3,3,11,,,,N,,,N,,,,,,,,,,,,,,,,,,,,,,38,,,,,,,,,,11,1,0,0,0,1,0,0,0,,,,,,,,
16967225,2,1,N,N,43,1GTG5CEA8H1154982,2017,9,39,958,30,N,78640,1,1,4,4,1,,,,N,,,N,,,,,,,,,,,,,,,,,,,,,,0,,,,,,,,,,11,1,0,0,0,3,0,0,0,,,,,,,,
16967226,1,1,N,N,43,2FMDK3AK9BBA53113,2011,21,37,1035,69,N,,1,2,1,7,12,,,,N,HARPERS,201 RALPH ABLANEDO,N,,,,,,,,,,,,,,,,,,,,,,0,,,,,,,,,,1,1,0,0,0,1,0,0,0,,,,,,,,
16967226,2,1,N,N,43,WVWHD7AJ6DW082813,2013,21,96,519,0,N,,1,2,5,7,6,,,,N,EZ AUTO AND TOWING SERVICE,,N,,,,,,,,,,,,,,,,,,,,,,0,,,,,,,,,,1,1,0,2,0,0,0,2,0,,,,,,,,
16967227,1,1,N,N,43,1G1ND52TXWY145919,1998,3,107,56,104,N,78758,2,,2,1,12,,,,N,,,N,,,,,,,,,,,,,,,,,,,,,,22,,,20,,,,,,,1,1,0,0,1,0,0,1,0,,,,,,,,
16967227,2,1,N,N,43,1G4CW53L5P1630367,1993,8,105,1271,104,N,78660,1,1,6,1,6,,,,N,,,N,,,,,,,,,,,,,,,,,,,,,,0,,,,,,,,,,1,1,0,0,0,1,0,0,0,,,,,,,,
16967228,1,1,N,N,43,2T1BU4EE5AC412320,2010,9,91,173,104,N,78759,1,1,2,6,,,,,Y,,,N,,,,,,,,,,,,,,,,,,,,,,22,,,,,,,,6,,4,1,0,0,0,1,0,0,0,,,,,,,,
16967228,2,1,N,N,43,WAULFAFR6DA023528,2013,2,8,893,104,N,78526,1,1,6,4,6,,,,N,ROCHAS TOWING SERVICE,ROCHAS TOWING SERVICE,N,,,,,,,,,,,,,,,,,,,,,,0,,,,,,,,,,4,1,0,0,0,1,0,0,0,,,,,,,,
16967229,1,1,N,N,43,3N1CB51D54L912978,2004,21,71,341,104,N,78741,1,1,3,1,11,,,,,,,N,,,,,,,,,,,,,,,,,,,,,,4,,,,,,,,,,6,1,0,0,0,1,0,0,0,,,,,,,,
16967229,2,1,N,N,43,2HGFB2F52EH502743,2014,2,44,256,104,N,78758,1,1,8,1,6,,,,N,,,N,,,,,,,,,,,,,,,,,,,,,,0,,,,,,,,,,6,1,0,0,0,1,0,0,0,,,,,,,,
16967230,1,1,N,N,43,JTEDP21A740001809,2004,10,91,721,104,N,78753,1,1,7,5,,,,,,,,N,,,,,,,,,,,,,,,,,,,,,,4,,,,,,,,,,4,1,0,0,0,2,0,0,0,,,,,,,,
16967230,2,1,N,N,43,1M1AA13Y0PW026212,1985,5,60,1536,106,N,78660,1,1,8,2,,,,,N,,,Y,Y,N,N,1,2,78660,6,60000,0,N,,,,,6,13,,,,,,0,,,,,,,,,,4,1,0,0,0,1,0,0,0,N,0,,,,,N,
16967231,1,1,N,N,43,2HKYF18606H544624,2006,17,44,761,69,N,78747,2,,2,5,12,,,,,EZ AUTO AND TOWING SERVICE,1601 E. SLAUGHTER LN,N,,,,,,,,,,,,,,,,,,,,,,20,44,,,,,,,,,8,1,0,0,0,2,0,0,0,,,,,,,,
16967231,2,1,N,N,43,1FMEU17L2YLB76568,2000,10,37,601,69,N,78753,2,,8,3,5,,,,N,,,N,,,,,,,,,,,,,,,,,,,,,,0,,,,,,,,,,8,1,0,0,0,1,0,0,0,,,,,,,,
16967232,1,1,N,N,43,1J4FJ78S9VL603681,1997,2,429,970,69,N,78745,1,2,3,2,11,,,,Y,SOUTHSIDE WRECKER INC,8200 S. CONGRESS AVE,N,,,,,,,,,,,,,,,,,,,,,,45,64,,,,,,,,,8,1,0,0,0,1,0,0,0,,,,,,,,
16967232,2,1,N,N,43,KMHCM36C17U002925,2007,10,45,557,104,N,78702,1,2,3,3,11,,,,N,,,N,,,,,,,,,,,,,,,,,,,,,,0,,,,,,,,,,6,1,0,0,0,1,0,0,0,,,,,,,,
16967233,1,1,N,Y,,,,11,63,1008,69,N,,,,,,,,,,,,,N,,,,,,,,,,,,,,,,,,,,,,20,23,26,19,,,,,,,7,1,0,0,0,0,1,0,0,,,,,,,,
16967233,2,3,,,,,,,,,,,,,,,,,,,,,,,,,,,,,,,,,,,,,,,,,,,,,0,,,,,,,,,,9,1,1,0,0,0,0,1,0,,,,,,,,
16967234,1,1,N,Y,43,,,3,44,605,69,N,,,,16,2,4,,,,,,,N,,,,,,,,,,,,,,,,,,,,,,65,20,,,,,,,,,1,1,0,0,0,0,1,0,0,,,,,,,,
16967234,2,1,N,N,43,,2018,21,42,3253,71,N,78744,1,2,15,6,9,,,,N,,,N,,,,,,,,,,,,,,,,,,,,,,0,,,,,,,,,,1,1,0,0,1,0,0,1,0,,,,,,,,
16967235,1,1,N,N,43,WDBJF65H2XA886197,1999,21,65,674,104,N,78744,1,2,2,4,12,,,,N,EZ AUTO AND TOWING SERVICE,EZ AUTO AND TOWING SERVICE,N,,,,,,,,,,,,,,,,,,,,,,17,,,19,20,,,,,,7,1,0,0,0,1,1,0,0,,,,,,,,
16967235,2,1,N,N,43,KNAFU4A2XD5727397,2013,17,55,1093,104,N,78617,1,2,4,4,2,,,,N,,,N,,,,,,,,,,,,,,,,,,,,,,0,,,,,,,,,,3,1,0,0,0,1,0,0,0,,,,,,,,
16967236,1,1,N,Y,43,4T1BF28BXYU019065,2000,10,91,563,104,N,78723,,,2,3,12,,,,,SOUTHSIDE WRECKER INC,IMPOUND,N,,,,,,,,,,,,,,,,,,,,,,22,,,,,,,,,,4,1,0,0,0,0,1,0,0,,,,,,,,
16967236,2,1,N,N,43,KNDJN2A28G7858237,2016,17,55,1357,104,N,78704,1,2,6,2,,,,,N,FRANCIS TOWING,601 E BEN WHITE BLVD,N,,,,,,,,,,,,,,,,,,,,,,0,,,,,,,,,,4,1,0,0,0,1,0,0,0,,,,,,,,
16967237,1,1,N,N,43,1NXBR32EX3Z029572,2003,11,91,173,104,N,78701,1,2,4,1,12,,,,Y,SOUTHSIDE WRECKER INC,8200 S. CONGRESS AVE,N,,,,,,,,,,,,,,,,,,,,,,67,23,,,,,,,,,7,1,0,0,0,1,0,0,0,,,,,,,,
16967237,2,1,N,N,43,1C4NJCEA3GD666293,2016,16,429,1163,69,N,77063,1,2,7,1,6,,,,N,DRIVER,FROM SCENE,N,,,,,,,,,,,,,,,,,,,,,,0,,,,,,,,,,7,1,0,0,0,2,0,0,0,,,,,,,,
16967238,1,1,N,N,43,JTMZF4DVXAD018194,2010,21,91,581,104,N,78702,1,1,2,3,12,,,,N,SPECIAL AUTOMOTIVE SERVICE INC,,N,,,,,,,,,,,,,,,,,,,,,,,,,19,,,,,6,,1,1,0,0,0,1,0,0,0,,,,,,,,
16967238,2,1,N,N,43,1FTEW1EG6GFD19426,2016,2,37,2324,30,N,78701,1,1,6,2,6,,,,N,,,N,,,,,,,,,,,,,,,,,,,,,,0,,,,,,,,,,1,1,0,0,0,1,0,0,0,,,,,,,,
16967243,1,1,N,N,43,JHMCP26358C035597,2008,21,44,107,104,N,78734,1,1,8,4,3,,,,N,ARMADA TOWING,ARMADA TOWING,N,,,,,,,,,,,,,,,,,,,,,,0,,,,,,,,,,5,1,0,0,0,1,0,0,0,,,,,,,,
16967243,2,1,N,N,43,1C3CCCAB9FN754665,2015,2,21,66,104,N,28560,1,1,13,4,9,,,,N,SPECIAL AUTOMOTIVE SERVICE INC,SPECIAL AUTOMOTIVE SERVICE INC,N,,,,,,,,,,,,,,,,,,,,,,0,,,,,,,,,,5,1,0,0,0,1,0,0,0,,,,,,,,
16967248,1,1,N,N,43,1FAHP2EWXCG138833,2012,11,37,376,104,N,78753,1,2,3,2,12,15,2,11,N,,,N,,,,,,,,,,,,,,,,,,,,,,22,,,20,,,,,,,6,1,0,0,0,1,0,0,0,,,,,,,,
16967248,2,1,N,N,43,2T1BURHE2FC383701,2015,2,91,173,104,N,75206,1,2,4,2,2,,,,N,ARMADA TOWING,ARMADA TOWING,N,,,,,,,,,,,,,,,,,,,,,,0,,,,,,,,,,8,1,0,0,0,1,0,0,0,,,,,,,,
16967248,3,1,Y,N,43,1FBAX2CG2FKA23043,2015,21,37,2992,103,N,78754,1,2,6,1,8,,,,N,,,N,,,,,,,,,,,,,,,,,,,,,,0,,,,,,,,,,4,2,0,0,0,0,0,0,0,,,,,,,,
16967249,1,1,N,N,43,3N1CN7AP8EL844089,2014,21,71,1452,104,N,77429,1,1,2,4,12,,,,N,ARMADA TOWING,ARMADA TOWING,N,,,,,,,,,,,,,,,,,,,,,,0,,,,,,,,,,3,1,0,0,0,2,0,0,0,,,,,,,,
16967249,2,1,N,N,43,1FTEW1CM4EKD07837,2014,16,37,2324,30,N,78728,1,1,8,3,8,,,,N,,,N,,,,,,,,,,,,,,,,,,,,,,0,,,,,,,,,,5,1,0,0,0,1,0,0,0,,,,,,,,
16967250,1,1,N,N,43,WP1AB2A55FLB57159,2015,3,76,4099,69,N,78731,1,2,15,3,9,,,,N,INTERSTATE CHAPARRAL TOWING INC.,INTERSTATE CHAPARRAL TOWING INC.,N,,,,,,,,,,,,,,,,,,,,,,34,,,,,,,,,,3,1,0,0,0,1,0,0,0,,,,,,,,
16967250,2,1,N,N,43,JTHBE1BL9E5039024,2014,2,58,1128,104,N,78731,1,2,1,2,12,,,,N,ARMADA TOWING,LEXUS AUSTIN,N,,,,,,,,,,,,,,,,,,,,,,0,,,,,,,,,,5,1,0,0,0,1,0,0,0,,,,,,,,
16967251,1,1,N,Y,43,,,2,106,,104,N,,,,,,,,,,,,,N,,,,,,,,,,,,,,,,,,,,,,4,,,,,,,,,,8,1,0,0,0,0,1,0,0,,,,,,,,
16967251,2,1,N,N,43,1J4GK48K04W262412,2004,2,429,1181,69,N,78617,1,2,3,3,11,10,1,3,N,,,N,,,,,,,,,,,,,,,,,,,,,,0,,,,,,,,,,8,1,0,1,0,1,0,1,0,,,,,,,,
16967253,1,1,N,N,43,JTHKD5BH5F2217360,2015,2,58,2436,104,Y,78750,1,2,2,6,12,,,,N,ROCHAS TOWING SERVICE,ROCHAS TOWING SERVICE,N,,,,,,,,,,,,,,,,,,,,,,68,15,,,,,,,,,7,1,0,1,0,0,0,1,0,,,,,,,,
16967253,2,1,N,N,43,1HGCR2F53EA120962,2014,2,44,236,104,Y,78717,1,2,2,6,3,,,,N,PRONTO WRECKER SERVICE NORTH,PRONTO WRECKER SERVICE NORTH,N,,,,,,,,,,,,,,,,,,,,,,0,,,,,,,,,,1,1,0,0,0,1,0,0,0,,,,,,,,
16967254,1,1,N,N,43,JYARJ18E99A004979,2009,2,101,4663,71,N,78660,1,1,3,2,12,,,,N,AUSTIN EXPRESS TOWING INC.,AUSTIN EXPRESS TOWING INC.,N,,,,,,,,,,,,,,,,,,,,,,22,,,20,,,,,,,1,1,1,0,0,0,0,1,0,,,,,,,,
16967254,2,1,N,N,43,JM1CR2WL6A0372153,2010,17,63,1211,69,N,78753,1,1,7,1,6,,,,N,,,N,,,,,,,,,,,,,,,,,,,,,,0,,,,,,,,,,7,1,0,0,0,1,0,0,0,,,,,,,,
16967255,1,1,N,N,43,3N1AB7AP0EL648888,2014,21,71,341,104,N,78660,1,1,15,5,3,,,,N,K & S TOWING,K & S TOWING,N,,,,,,,,,,,,,,,,,,,,,,0,,,,,,,,,,5,1,0,0,0,1,0,0,0,,,,,,,,
16967255,2,1,N,N,43,1C3CCCAB3GN163877,2016,17,21,2258,104,N,79935,2,,2,4,12,,,,N,STARS TOWING,STARS TOWING,N,,,,,,,,,,,,,,,,,,,,,,0,,,,,,,,,,1,1,0,0,0,1,0,0,0,,,,,,,,
16967280,1,1,N,N,43,WMWZG3C53CTY37529,2012,3,115,786,100,N,78759,1,2,1,1,12,,,,Y,620 LAKESIDE TOWING,620 LAKESIDE TOWING,N,,,,,,,,,,,,,,,,,,,,,,23,,,,,,,,,,11,1,0,0,0,1,0,0,0,,,,,,,,
16967281,1,1,N,N,43,1FUJA6CG52LF24514,2002,2,38,1524,106,N,78045,1,2,4,1,1,,,,N,NOT TOWED,NOT TOWED,N,,,,,,,,,,,,,,,,,,,,,,0,,,,,,,,,,6,1,0,0,0,1,0,0,0,,,,,,,,
16967281,2,1,N,N,43,JYARN53E4KA005059,2019,3,101,4511,71,N,78747,1,2,26,1,,,,,N,BULLET TOWING,"8825 BLAZE DR, AUSTIN TX 78747",N,,,,,,,,,,,,,,,,,,,,,,0,,,,,12,,,,,6,1,0,1,0,0,0,1,0,,,,,,,,
16967282,1,1,N,N,43,4T1BF32K82U029227,2002,2,91,380,104,N,78747,1,2,10,4,3,,,,N,SPECIAL AUTOMOTIVE SERVICE INC,SPECIAL AUTOMOTIVE SERVICE INC,N,,,,,,,,,,,,,,,,,,,,,,20,,,,,,,,,,1,1,0,0,0,1,0,0,0,,,,,,,,