Crash_ID,Unit_Nbr,Unit_Desc_ID,Veh_Parked_Fl,Veh_HNR_Fl,Veh_Lic_State_ID,VIN,Veh_Mod_Year,Veh_Color_ID,Veh_Make_ID,Veh_Mod_ID,Veh_Body_Styl_ID,Emer_Respndr_Fl,Ownr_Zip,Fin_Resp_Proof_ID,Fin_Resp_Type_ID,Veh_Dmag_Area_1_ID,Veh_Dmag_Scl_1_ID,Force_Dir_1_ID,Veh_Dmag_Area_2_ID,Veh_Dmag_Scl_2_ID,Force_Dir_2_ID,Veh_Inventoried_Fl,Veh_Transp_Name,Veh_Transp_Dest,Veh_Cmv_Fl,Cmv_Fiveton_Fl,Cmv_Hazmat_Fl,Cmv_Nine_Plus_Pass_Fl,Cmv_Veh_Oper_ID,Cmv_Carrier_ID_Type_ID,Cmv_Carrier_Zip,Cmv_Veh_Type_ID,Cmv_GVWR,Cmv_RGVW,Cmv_Hazmat_Rel_Fl,Hazmat_Cls_1_ID,Hazmat_IDNbr_1_ID,Hazmat_Cls_2_ID,Hazmat_IDNbr_2_ID,Cmv_Cargo_Body_ID,Cmv_Evnt1_ID,Cmv_Evnt2_ID,Cmv_Evnt3_ID,Cmv_Evnt4_ID,Cmv_Tot_Axle,Cmv_Tot_Tire,Contrib_Factr_1_ID,Contrib_Factr_2_ID,Contrib_Factr_3_ID,Contrib_Factr_P1_ID,Contrib_Factr_P2_ID,Veh_Dfct_1_ID,Veh_Dfct_2_ID,Veh_Dfct_3_ID,Veh_Dfct_P1_ID,Veh_Dfct_P2_ID,Veh_Trvl_Dir_ID,First_Harm_Evt_Inv_ID,Sus_Serious_Injry_Cnt,Nonincap_Injry_Cnt,Poss_Injry_Cnt,Non_Injry_Cnt,Unkn_Injry_Cnt,Tot_Injry_Cnt,Death_Cnt,Cmv_Disabling_Damage_Fl,Cmv_Bus_Type_ID,Trlr_GVWR,Trlr_RGVW,Trlr_Type_ID,Trlr_Disabling_Dmag_ID,Cmv_Intermodal_Container_Permit_Fl,CMV_Actual_Gross_Weight
16967283,1,1,N,N,43,3GNBABFW1BS646471,2011,9,107,1142,69,N,78721,3,2,3,2,10,,,,N,NOT TOWED,NOT TOWED,N,,,,,,,,,,,,,,,,,,,,,,34,,,,,,,,,,1,1,0,0,1,0,0,1,0,,,,,,,,
16967283,2,1,N,N,43,JM1NB3538X0111667,1999,9,63,2479,100,N,78758,1,2,2,3,12,,,,Y,ARMADA TOWING,ARMADA TOWING,N,,,,,,,,,,,,,,,,,,,,,,0,,,,,,,,,,3,1,0,0,0,1,0,0,0,,,,,,,,
16967284,1,1,N,N,43,JTDBT123130299290,2003,1,91,701,104,N,78745,1,2,3,5,12,1,5,12,N,AVILES & GABES WRECKER SERVICE INC.,AVILES & GABES WRECKER SERVICE INC.,N,,,,,,,,,,,,,,,,,,,,,,19,44,,,,,,,,,6,1,0,0,0,1,0,0,0,,,,,,,,
16967284,2,1,N,N,43,1FMCU0J94JUD20541,2018,21,37,711,104,N,78634,1,2,8,3,6,,,,N,ROCHAS TOWING SERVICE,ROCHAS TOWING SERVICE,N,,,,,,,,,,,,,,,,,,,,,,0,,,,,,,,,,6,1,0,0,1,0,0,1,0,,,,,,,,
16967286,1,1,N,N,43,JF2SH6CC2AH917701,2010,2,85,646,104,N,78736,1,2,3,3,12,,,,Y,TEXAN TOWING,TEXAN TOWING,N,,,,,,,,,,,,,,,,,,,,,,34,,,,,,,,,,3,1,0,0,0,1,0,0,0,,,,,,,,
16967286,2,1,N,N,43,1C4NJPBA9GD602545,2016,21,429,1273,104,N,78734,1,2,2,5,12,,,,Y,A-TEX TOWING,OWNERS RESIDENCE/REQUEST,N,,,,,,,,,,,,,,,,,,,,,,0,,,,,,,,,,1,1,0,0,0,1,0,0,0,,,,,,,,
16967287,1,1,N,N,43,KNDJC733455495842,2005,21,55,767,69,N,77023,1,1,2,0,12,,,,N,,,N,,,,,,,,,,,,,,,,,,,,,,36,,,,,,,,,,5,1,0,0,0,1,0,0,0,,,,,,,,
16967287,2,4,,,,,,,,,,,,,,,,,,,,,,,,,,,,,,,,,,,,,,,,,,,,,0,,,,,,,,,,9,1,0,1,0,0,0,1,0,,,,,,,,
16967288,1,1,N,N,43,WVWBN7AN9EE519684,2014,2,96,184,104,N,78741,2,,2,7,12,,,,N,EZ AUTO AND TOWING SERVICE,EZ AUTO AND TOWING SERVICE,N,,,,,,,,,,,,,,,,,,,,,,47,,,,,,,,,,1,1,0,1,0,0,0,1,0,,,,,,,,
16967289,1,1,N,N,43,1C4AJWAG3DL654494,2013,10,429,1464,69,N,78717,1,1,7,5,7,4,2,1,Y,620 LAKESIDE TOWING,620 LAKESIDE TOWING,N,,,,,,,,,,,,,,,,,,,,,,4,,,,,,,,,,7,1,0,0,0,1,0,0,0,,,,,,,,
16967289,2,1,N,N,43,1N4AL3AP6JC477434,2018,21,71,500,104,N,78666,1,1,4,4,1,,,,Y,620 LAKESIDE TOWING,620 LAKESIDE TOWING,N,,,,,,,,,,,,,,,,,,,,,,0,,,,,,,,,,7,1,0,0,1,0,0,1,0,,,,,,,,
16967289,3,1,N,N,43,1FTYR2XM0GKA14850,2016,21,37,2992,103,N,78613,1,1,7,4,7,,,,N,,,N,,,,,,,,,,,,,,,,,,,,,,0,,,,,,,,,,7,2,0,0,0,2,0,0,0,,,,,,,,
16967290,1,1,N,N,43,2HGFG3B01CH533187,2012,3,44,107,104,N,78723,1,2,8,1,4,,,,Y,EZ AUTO AND TOWING SERVICE,EZ AUTO AND TOWING SERVICE,N,,,,,,,,,,,,,,,,,,,,,,20,,,37,,,,,,,8,1,0,0,0,1,0,0,0,,,,,,,,
16967290,2,1,N,N,43,YV1TS94D1Y1097203,2000,1,98,688,104,N,78942,1,2,4,1,2,,,,N,,,N,,,,,,,,,,,,,,,,,,,,,,0,,,,,,,,,,4,1,0,0,0,1,0,0,0,,,,,,,,
16967291,1,1,N,N,43,4T3ZA3BB2EU087150,2014,16,91,1449,104,N,78729,1,1,10,2,3,,,,N,,,N,,,,,,,,,,,,,,,,,,,,,,,,,34,,,,,,,1,1,0,0,1,1,0,1,0,,,,,,,,
16967291,2,1,N,N,43,1ZVHT80N595118370,2009,16,37,96,100,N,78732,1,1,2,2,12,,,,N,,,N,,,,,,,,,,,,,,,,,,,,,,0,,,,,,,,,,7,1,0,0,0,1,0,0,0,,,,,,,,
16967291,3,1,N,N,43,WBY1Z4C52GV507261,2016,9,14,2746,104,N,78730,1,1,13,1,7,,,,N,,,N,,,,,,,,,,,,,,,,,,,,,,0,,,,,,,,,,7,2,0,0,0,1,0,0,0,,,,,,,,
16967292,1,1,N,N,43,1FTRW12W37KA95262,2007,16,37,101,30,N,78754,1,1,11,4,9,,,,N,AVILES & GABES WRECKER SERVICE INC.,AVILES & GABES WRECKER SERVICE INC.,N,,,,,,,,,,,,,,,,,,,,,,16,,,,,,,,,,7,1,0,0,0,1,0,0,0,,,,,,,,
16967292,2,1,N,N,43,3MZBM1U72FM165559,2015,17,63,272,104,N,78748,1,1,2,6,12,,,,N,STARS TOWING,STARS TOWING,N,,,,,,,,,,,,,,,,,,,,,,0,,,,,,,,,,3,1,0,0,0,1,0,0,0,,,,,,,,
16967293,1,1,N,Y,43,1N4AL3AP1EN242451,2014,9,71,500,104,N,78744,1,2,14,2,3,,,,N,,,N,,,,,,,,,,,,,,,,,,,,,,0,,,,,,,,,,5,1,0,0,0,0,0,0,0,,,,,,,,
16967293,2,1,N,N,43,1YVHZ8BH4C5M34904,2012,21,63,870,104,N,78640,1,2,,,,,,,N,,,N,,,,,,,,,,,,,,,,,,,,,,0,,,,,,,,,,7,1,0,0,0,1,0,0,0,,,,,,,,
16967294,1,1,N,N,43,1FT7W2BT5HEB84205,2017,21,37,2325,30,N,78660,1,1,15,1,3,,,,,,,N,,,,,,,,,,,,,,,,,,,,,,0,,,,,,,,,,1,1,0,0,0,4,0,0,0,,,,,,,,
16967294,2,1,N,N,43,JHMCP26838C051342,2008,9,44,107,104,N,78754,2,,2,4,12,,,,,,,N,,,,,,,,,,,,,,,,,,,,,,0,,,,,,,,,,5,1,0,0,1,1,0,1,0,,,,,,,,
16967295,1,1,N,N,43,4T4BE46K58R014069,2008,3,91,380,104,N,78741,1,2,2,1,12,,,,N,,,N,,,,,,,,,,,,,,,,,,,,,,0,,,,,,,,,,7,1,0,0,0,1,0,0,0,,,,,,,,
16967295,2,1,N,N,43,4T4BE46K38R018461,2008,17,91,380,104,N,78753,1,2,8,2,6,,,,N,,,N,,,,,,,,,,,,,,,,,,,,,,0,,,,,,,,,,7,1,0,1,0,0,0,1,0,,,,,,,,
16967296,1,1,N,N,43,2T1FF28P81C486327,2001,9,91,686,100,N,78717,1,2,2,4,12,,,,Y,EZ AUTO AND TOWING SERVICE,EZ AUTO AND TOWING SERVICE,N,,,,,,,,,,,,,,,,,,,,,,20,,,,,,,,,,7,1,0,0,0,1,0,0,0,,,,,,,,
16967296,2,1,N,N,43,WP1AA2A54JLB22642,2019,21,76,4099,104,Y,78729,2,,6,2,6,,,,Y,SOUTHSIDE WRECKER INC,SOUTHSIDE,N,,,,,,,,,,,,,,,,,,,,,,0,,,,,,,,,,7,1,0,1,0,0,0,1,0,,,,,,,,
16967297,1,1,N,N,43,JTJGW31U060004944,2006,2,58,1319,104,N,78749,1,1,12,1,3,,,,Y,SOUTHSIDE WRECKER INC,8200 S. CONGRESS AVE,N,,,,,,,,,,,,,,,,,,,,,,67,,,,,,,,,,7,1,0,0,0,1,0,0,0,,,,,,,,
16967297,2,1,N,N,31,1G1FG1R76J0153603,2018,9,107,46,100,N,535,1,1,15,2,9,,,,N,,,N,,,,,,,,,,,,,,,,,,,,,,0,,,,,,,,,,7,1,0,0,0,2,0,0,0,,,,,,,,
16967298,1,1,N,N,43,JH2RC44416K010219,2006,17,44,107,71,N,78741,1,2,15,2,9,,,,N,HARPERS TOWING SERVICE INC,HARPERS TOWING SERVICE INC,N,,,,,,,,,,,,,,,,,,,,,,74,,,,,,,,,,3,1,0,0,1,0,0,1,0,,,,,,,,
16967299,1,1,N,N,43,2GTEC19V5X1515706,1999,9,39,3080,30,N,78724,1,1,6,1,6,,,,N,,,N,,,,,,,,,,,,,,,,,,,,,,20,19,3,,,,,,,,3,1,0,0,0,1,0,0,0,,,,,,,,
16967299,2,1,N,N,43,1LNHM94R39G631829,2009,2,113,2449,104,N,78957,1,1,7,3,7,,,,N,,,N,,,,,,,,,,,,,,,,,,,,,,0,,,,,,,,,,1,1,0,0,0,1,0,0,0,,,,,,,,
16967300,1,1,N,N,43,1G1ZB5ST3JF260860,2018,2,107,56,104,N,78759,1,1,3,4,11,,,,N,AUSTEX,AUSTEX,N,,,,,,,,,,,,,,,,,,,,,,0,,,,,,,,,,5,1,0,1,0,0,0,1,0,,,,,,,,
16967302,1,1,N,N,43,JTDBL40E299075892,2009,21,91,173,104,N,78753,1,2,4,5,1,,,,Y,AUS-TEX AUTO ENTERPRISES LLC,AUS-TEX AUTO ENTERPRISES LLC,N,,,,,,,,,,,,,,,,,,,,,,67,,,,,,,,,,11,1,0,1,0,0,0,1,0,,,,,,,,
16967302,2,1,Y,N,3,1GDY7RFF9G1905478,2016,21,39,3052,106,N,75225,2,,7,1,6,1,1,12,N,,,N,,,,,,,,,,,,,,,,,,,,,,0,,,,,,,,,,11,1,0,0,0,1,0,0,0,,,,,,,,
16967302,3,6,,,,,,,,,,,,,,,,,,,,,,,,,,,,,,,,,,,,,,,,,,,,,0,,,,,,,,,,9,2,0,0,0,0,0,0,0,,,,,,,,
16967302,4,1,N,N,43,1GCHC29U51E219472,2001,5,107,60,30,N,78753,1,2,5,1,6,,,,N,,,N,,,,,,,,,,,,,,,,,,,,,,0,,,,,,,,,,5,2,0,0,0,1,0,0,0,,,,,,,,
16967303,1,1,N,N,43,3FA6P0SU2FR206912,2015,21,37,1097,104,N,78641,1,1,12,2,3,,,,N,EZ AUTO AND TOWING SERVICE,EZ AUTO AND TOWING SERVICE,N,,,,,,,,,,,,,,,,,,,,,,45,,,,,,,,,,1,1,0,0,0,1,0,0,0,,,,,,,,
16967303,2,1,N,N,43,5TBET34176S548710,2006,11,91,687,30,N,78542,2,,13,2,9,,,,N,N/A,N/A,N,,,,,,,,,,,,,,,,,,,,,,0,,,,,,,,,,1,1,0,0,0,3,0,0,0,,,,,,,,
16967304,1,1,N,N,43,1GCCS33E788207921,2008,21,107,979,30,N,78634,1,2,11,3,9,,,,N,STARS TOWING,STARS TOWING,N,,,,,,,,,,,,,,,,,,,,,,34,,,,,,,,,,4,1,0,0,0,1,0,0,0,,,,,,,,
16967304,2,1,N,N,43,2A37038H6,1976,3,42,1527,71,N,78660,1,2,2,3,12,,,,N,STARS TOWING,STARS TOWING,N,,,,,,,,,,,,,,,,,,,,,,0,,,,,,,,,,6,1,0,1,0,0,0,1,0,,,,,,,,
16967305,1,1,N,N,43,4A3AA46G93E156006,2003,21,68,392,104,N,78660,1,2,2,2,12,,,,Y,ARMADA TOWING,ARMADA TOWING,N,,,,,,,,,,,,,,,,,,,,,,0,,,,,,,,,,3,1,0,0,1,0,0,1,0,,,,,,,,
16967305,2,1,Y,N,43,1D7HA16K26J177317,2006,16,109,2275,30,N,78753,1,2,7,1,6,,,,N,,,N,,,,,,,,,,,,,,,,,,,,,,0,,,,,,,,,,3,1,0,0,0,0,0,0,0,,,,,,,,
16967305,3,1,Y,N,43,1FTPW14585FA85585,2005,2,37,2324,30,N,78753,1,2,11,1,8,,,,N,,,N,,,,,,,,,,,,,,,,,,,,,,0,,,,,,,,,,1,2,0,0,0,0,0,0,0,,,,,,,,
16967306,1,1,N,N,43,SHHFK7H77HU206572,2017,3,44,256,104,N,78247,1,2,3,4,11,,,,Y,LAMONT & SONS,LAMONT & SONS,N,,,,,,,,,,,,,,,,,,,,,,23,67,,,,,,,,,7,1,0,0,0,1,0,0,0,,,,,,,,
16967306,2,1,Y,N,43,1GAWGPFA9E1128035,2014,21,107,731,103,N,,4,,8,2,5,,,,N,,,N,,,,,,,,,,,,,,,,,,,,,,0,,,,,,,,,,7,1,0,0,0,0,0,0,0,,,,,,,,
16967334,1,1,N,N,43,1FTRF12296NA61837,2006,16,37,2324,30,N,78642,1,1,3,3,11,,,,N,PRONTO WRECKER SERVICE NORTH,PRONTO WRECKER SERVICE NORTH,N,,,,,,,,,,,,,,,,,,,,,,20,,,,,,,,,,1,1,0,0,1,0,0,1,0,,,,,,,,
16967335,1,1,N,N,43,2MEFM75W6YX631223,2000,8,65,118,104,N,78728,1,2,2,6,1,,,,Y,AUS-TEX AUTO ENTERPRISES LLC,,N,,,,,,,,,,,,,,,,,,,,,,68,40,,,,,,,,,7,1,0,0,0,1,0,0,0,,,,,,,,
16967336,1,1,N,N,43,5TEHN72N93Z275215,2003,21,91,629,30,N,78744,1,2,11,1,9,,,,N,EZ AUTO AND TOWING SERVICE,EZ AUTO AND TOWING SERVICE,N,,,,,,,,,,,,,,,,,,,,,,74,,,,,,,,,,2,1,0,0,0,3,0,0,0,,,,,,,,
16967336,2,1,N,N,43,1N4AL3AP1FC232581,2015,,71,500,104,N,47842,1,2,12,3,3,,,,Y,,,N,,,,,,,,,,,,,,,,,,,,,,0,,,,,,,,,,2,1,0,0,0,1,0,0,0,,,,,,,,
16967337,1,1,N,Y,43,1LNHL9DR8BG615053,2011,21,113,1201,104,N,78745,1,1,2,4,12,,,,Y,ROCHAS TOWING SERVICE,ROCHAS TOWING SERVICE,N,,,,,,,,,,,,,,,,,,,,,,20,,,,,,,,,,1,1,0,0,0,2,0,0,0,,,,,,,,
16967338,1,1,N,N,43,JTEZU14RX68061274,2006,,91,395,104,Y,78660,1,2,12,6,2,,,,N,AVILES & GABES WRECKER SERVICE INC.,AVILES & GABES WRECKER SERVICE INC.,N,,,,,,,,,,,,,,,,,,,,,,22,,,,,,,,,,1,1,0,0,0,1,0,0,0,,,,,,,,
16967339,1,1,N,N,43,1HD4LE24X9K433802,2009,2,42,1527,71,N,78681,1,1,,,,,,,N,PRONTO WRECKER SERVICE NORTH,PRONTO WRECKER SERVICE NORTH,N,,,,,,,,,,,,,,,,,,,,,,,,,22,,,,,8,,5,1,0,1,0,0,0,1,0,,,,,,,,
16967340,1,1,N,N,43,1G1JG6SH4H4172406,2015,9,44,571,103,N,78759,1,2,2,1,12,,,,N,,,N,,,,,,,,,,,,,,,,,,,,,,0,,,,,,,,,,2,1,0,0,0,3,1,0,0,,,,,,,,
16967340,2,1,N,N,43,1FTNX21L8YED82119,2000,21,37,101,104,N,78642,1,2,8,1,6,,,,N,,,N,,,,,,,,,,,,,,,,,,,,,,0,,,,,,,,,,2,1,0,0,1,0,0,1,0,,,,,,,,
16967341,1,1,N,N,43,2G1WD5EM3B1270010,2011,22,107,53,104,N,78753,1,2,1,4,12,,,,N,ROCHAS TOWING SERVICE,ROCHAS TOWING SERVICE,N,,,,,,,,,,,,,,,,,,,,,,37,,,,,,,,,,7,1,0,0,0,1,0,0,0,,,,,,,,
16967341,2,1,N,N,43,JTHBN36F055027330,2005,2,58,1189,104,N,78751,1,2,10,3,3,,,,N,OWNER,OWNER,N,,,,,,,,,,,,,,,,,,,,,,0,,,,,,,,,,1,1,0,0,0,1,0,0,0,,,,,,,,
16967342,1,1,N,N,14,3HSDZAPR3LN849558,2019,21,48,3583,87,N,72058,1,1,12,1,1,2,1,12,N,,,Y,Y,N,N,1,2,46528,2,0,10000,N,,,,,12,13,,,,,,20,,,,,,,,,,1,1,0,0,0,1,0,0,0,N,0,,,,,N,
16967342,2,1,N,N,43,1N4AL2APXAN560508,2010,11,71,500,104,N,78610,1,1,13,6,7,15,6,9,Y,ROCHAS TOWING SERVICE,ROCHAS TOWING SERVICE,N,,,,,,,,,,,,,,,,,,,,,,0,,,,,,,,,,1,1,0,0,0,3,0,0,0,,,,,,,,
16967344,1,1,N,N,18,1GCRCSE0XDZ180222,2013,17,107,658,30,N,70342,1,1,2,5,12,,,,N,A & A WRECKER NORTH,A & A WRECKER NORTH,N,,,,,,,,,,,,,,,,,,,,,,16,,,,,,,,,,1,1,0,0,0,1,0,0,0,,,,,,,,
16967344,2,1,N,N,43,JTKKU4B42B1009597,2011,5,91,4331,104,N,78745,1,1,,,,,,,N,ROCHAS TOWING SERVICE,5526 1/2 W HWY 290,N,,,,,,,,,,,,,,,,,,,,,,0,,,,,,,,,,3,1,0,0,1,0,0,1,0,,,,,,,,
16967345,1,1,N,N,43,1FD0W5HT7KEC81614,2019,21,37,101,30,N,77284,2,2,2,2,12,,,,N,,,N,,,,,,,,,,,,,,,,,,,,,,20,,,,,,,,,,5,1,0,0,0,3,0,0,0,,,,,,,,
16967345,2,1,N,N,43,5XXGM4A79FG367301,2015,2,55,715,104,N,78666,1,2,6,2,6,,,,N,,,N,,,,,,,,,,,,,,,,,,,,,,0,,,,,,,,,,5,1,0,2,1,0,0,3,0,,,,,,,,
16967347,1,1,N,N,43,3N1AB6AP7CL704848,2012,16,71,341,104,N,78617,1,2,3,5,,,,,,EZ AUTO AND TOWING SERVICE,OWNERS RESIDENCE/REQUEST,N,,,,,,,,,,,,,,,,,,,,,,0,,,,,,,,,,5,1,0,0,0,1,0,0,0,,,,,,,,
16967347,2,1,N,N,43,5J6YH18358L008597,2008,2,44,760,69,N,78741,1,2,3,6,11,3,6,10,,SOUTHSIDE WRECKER INC,8200 S. CONGRESS AVE,N,,,,,,,,,,,,,,,,,,,,,,0,,,,,,,,,,3,1,0,0,0,1,0,0,0,,,,,,,,
16967347,3,1,N,N,43,2A8HR54P28R716731,2008,3,21,64,103,N,78728,1,2,2,0,12,,,,N,,,N,,,,,,,,,,,,,,,,,,,,,,0,,,,,,,,,,1,2,0,0,0,1,0,0,0,,,,,,,,
16967348,1,1,N,N,43,1J8GP28KX8W233784,2008,11,429,1181,104,N,78756,1,2,14,1,3,,,,N,,,N,,,,,,,,,,,,,,,,,,,,,,,,,33,65,,,,,,6,1,0,0,0,1,0,0,0,,,,,,,,
16967348,2,1,N,N,43,3GNDA23D56S679684,2006,2,107,1142,104,N,78727,1,2,4,2,12,,,,N,ARMADA TOWING,ARMADA TOWING,N,,,,,,,,,,,,,,,,,,,,,,0,,,,,,,,,,2,1,0,0,0,4,0,0,0,,,,,,,,
16967349,1,1,N,N,43,JH4CL96884C028864,2004,3,1,1430,104,N,78759,1,2,12,3,1,,,,N,620 LAKESIDE TOWING,13807 THERMAL DR,N,,,,,,,,,,,,,,,,,,,,,,19,,,,,,,,,,3,1,0,0,0,1,0,0,0,,,,,,,,
16967349,2,1,Y,N,43,1FMSU43P43ED46942,2003,18,37,695,69,N,78759,1,2,13,2,9,,,,N,,,N,,,,,,,,,,,,,,,,,,,,,,0,,,,,,,,,,3,1,0,0,0,0,0,0,0,,,,,,,,
16967352,1,1,N,N,1,WP0CA29895S710458,2005,9,76,645,100,N,35242,1,2,2,4,12,,,,N,,,N,,,,,,,,,,,,,,,,,,,,,,44,,,,,,,,,,3,1,0,0,0,1,0,0,0,,,,,,,,
16967352,2,1,N,N,43,2C3HE66G83H537747,2003,15,21,65,104,N,78701,1,2,6,2,6,,,,N,,,N,,,,,,,,,,,,,,,,,,,,,,0,,,,,,,,,,3,1,0,1,0,0,0,1,0,,,,,,,,
16967354,1,1,N,N,48,JF2GPABC0G8314333,2016,2,85,1268,104,N,26554,1,1,1,7,12,,,,N,EZ AUTO AND TOWING SERVICE,EZ AUTO AND TOWING SERVICE,N,,,,,,,,,,,,,,,,,,,,,,19,20,,,,,,,,,3,1,0,0,0,1,0,0,0,,,,,,,,
16967354,2,1,N,N,43,4T1BD1FK4EU108113,2014,9,91,380,104,N,78748,1,1,5,7,6,,,,N,ROCHAS TOWING SERVICE,ROCHAS TOWING SERVICE,N,,,,,,,,,,,,,,,,,,,,,,0,,,,,,,,,,3,1,0,0,0,2,0,0,0,,,,,,,,
16967355,1,1,N,N,43,1FTRX12W76NA12278,2006,21,37,2324,30,N,78752,2,,10,4,4,12,3,3,Y,AVILES & GABES WRECKER SERVICE INC.,AVILES & GABES WRECKER SERVICE INC.,N,,,,,,,,,,,,,,,,,,,,,,0,,,,,,,,,,5,1,0,0,0,1,0,0,0,,,,,,,,
16967355,2,1,N,N,43,1ZVHT82H695130051,2009,17,37,96,100,N,78653,1,2,1,4,12,,,,Y,620 LAKESIDE TOWING,620 LAKESIDE TOWING,N,,,,,,,,,,,,,,,,,,,,,,0,,,,,,,,,,3,1,0,1,0,0,0,1,0,,,,,,,,
16967356,1,1,N,N,43,5TDYK3DCXBS108662,2011,21,91,648,104,N,78681,1,1,1,2,12,,,,N,AUS-TEX AUTO ENTERPRISES LLC,AUS-TEX AUTO ENTERPRISES LLC,N,,,,,,,,,,,,,,,,,,,,,,74,,,,,,,,,,1,1,0,0,0,2,0,0,0,,,,,,,,
16967356,2,1,N,N,43,2FAFP71V18X101060,2008,2,37,995,104,Y,78634,1,1,1,3,12,,,,N,EAGLE TOWING,EAGLE TOWING,N,,,,,,,,,,,,,,,,,,,,,,74,,,,,,,,,,1,2,0,0,0,1,0,0,0,,,,,,,,
16967356,3,1,N,N,43,1N6AA1E61JN504403,2018,3,71,1397,30,N,78640,2,,1,1,12,,,,N,,,N,,,,,,,,,,,,,,,,,,,,,,0,,,,,,,,,,1,2,0,0,0,1,0,0,0,,,,,,,,
16967356,4,1,N,N,43,KNAGM4A7XF5538400,2015,17,55,715,104,N,78744,1,1,1,4,12,,,,N,STARS TOWING,STARS TOWING,N,,,,,,,,,,,,,,,,,,,,,,0,,,,,,,,,,1,2,0,0,1,3,0,1,0,,,,,,,,
16967357,1,1,N,N,43,1FTPW12V66KD73505,2006,21,37,2324,30,N,79613,1,1,15,4,8,,,,N,,,N,,,,,,,,,,,,,,,,,,,,,,0,,,,,,,,,,5,1,0,0,0,1,0,0,0,,,,,,,,
16967357,2,1,N,N,43,5YJSA1E19GF154182,2016,9,602,2562,104,N,78703,1,1,2,5,11,,,,N,SPECIAL AUTOMOTIVE SERVICE INC,SPECIAL AUTOMOTIVE SERVICE INC,N,,,,,,,,,,,,,,,,,,,,,,0,,,,,,,,,,7,1,0,0,2,2,0,2,0,,,,,,,,
16967357,3,1,N,N,43,JF2GPAPC3F8219272,2015,17,85,2555,104,N,78735,1,1,15,4,8,14,4,3,N,SPECIAL AUTOMOTIVE SERVICE INC,SPECIAL AUTOMOTIVE SERVICE INC,N,,,,,,,,,,,,,,,,,,,,,,0,,,,,,,,,,3,2,1,0,0,0,0,1,0,,,,,,,,
16967358,1,1,N,N,43,2GCEC19V531343509,2003,10,107,60,30,N,78724,1,2,1,5,12,,,,,AUS-TEX AUTO ENTERPRISES LLC,AUS-TEX AUTO ENTERPRISES LLC,N,,,,,,,,,,,,,,,,,,,,,,45,,,,,,,,,,5,1,0,0,0,1,0,0,0,,,,,,,,
16967359,1,1,N,N,43,5FNRL5H67BB027754,2011,17,44,571,103,N,78746,1,2,2,3,12,,,,N,EZ AUTO AND TOWING SERVICE,EZ AUTO AND TOWING SERVICE,N,,,,,,,,,,,,,,,,,,,,,,37,,,,,,,,,,3,1,0,0,0,1,0,0,0,,,,,,,,
16967359,2,1,N,N,43,3FA6P0K93ER110488,2014,2,37,229,104,N,78749,1,2,2,3,12,,,,N,DENVERS TOWING,DENVERS TOWING,N,,,,,,,,,,,,,,,,,,,,,,0,,,,,,,,,,7,1,0,1,0,0,0,1,0,,,,,,,,
16967359,3,1,N,N,43,1HGCV2F52JA000611,2018,9,44,236,104,N,78739,1,2,12,1,3,,,,N,,,N,,,,,,,,,,,,,,,,,,,,,,0,,,,,,,,,,3,2,0,0,0,1,0,0,0,,,,,,,,
16967360,1,1,N,N,43,1C3LC56R98N268359,2008,21,21,593,104,N,78660,1,2,3,3,11,,,,N,ARMADA TOWING,ARMADA TOWING,N,,,,,,,,,,,,,,,,,,,,,,16,,,,,,,,,,3,1,0,0,0,1,0,0,0,,,,,,,,
16967360,2,1,N,N,43,3CZRU5H36JG705626,2018,17,44,107,69,N,78749,1,2,4,2,2,6,2,6,N,NOT TOWED,,N,,,,,,,,,,,,,,,,,,,,,,0,,,,,,,,,,7,1,0,0,0,1,0,0,0,,,,,,,,
16967360,3,1,N,N,43,JTMRJREV8JD155936,2018,9,91,581,69,N,78744,1,2,3,2,12,,,,N,NOT TOWED,,N,,,,,,,,,,,,,,,,,,,,,,0,,,,,,,,,,7,2,0,0,0,1,0,0,0,,,,,,,,
16967361,1,1,N,N,43,JM1BL1H64A1164491,2010,17,63,1210,104,N,78758,1,1,1,3,12,,,,Y,ATX-VIP TOWING SERVICES,ATX-VIP TOWING SERVICES,N,,,,,,,,,,,,,,,,,,,,,,67,,,,,,,,,,1,1,0,0,0,1,0,0,0,,,,,,,,
16967361,2,1,N,N,43,JTHBE1BL3D5026252,2013,9,58,1128,104,N,78660,1,1,5,1,6,,,,N,,,N,,,,,,,,,,,,,,,,,,,,,,0,,,,,,,,,,1,1,0,0,0,2,0,0,0,,,,,,,,
16967362,1,1,N,N,43,1FTFW1ET0BFB64530,2011,21,37,2324,106,N,78758,1,2,8,1,5,,,,Y,AUSTEX,AUSTEX,N,,,,,,,,,,,,,,,,,,,,,,0,,,,,,,,,,7,1,0,0,0,1,0,0,0,,,,,,,,
16967362,2,1,N,N,43,5TDKA3DC7CS016175,2012,21,91,648,103,N,77840,1,2,3,3,11,,,,N,,,N,,,,,,,,,,,,,,,,,,,,,,0,,,,,,,,,,5,1,0,0,0,1,0,0,0,,,,,,,,