Crash_ID,Unit_Nbr,Unit_Desc_ID,Veh_Parked_Fl,Veh_HNR_Fl,Veh_Lic_State_ID,VIN,Veh_Mod_Year,Veh_Color_ID,Veh_Make_ID,Veh_Mod_ID,Veh_Body_Styl_ID,Emer_Respndr_Fl,Ownr_Zip,Fin_Resp_Proof_ID,Fin_Resp_Type_ID,Veh_Dmag_Area_1_ID,Veh_Dmag_Scl_1_ID,Force_Dir_1_ID,Veh_Dmag_Area_2_ID,Veh_Dmag_Scl_2_ID,Force_Dir_2_ID,Veh_Inventoried_Fl,Veh_Transp_Name,Veh_Transp_Dest,Veh_Cmv_Fl,Cmv_Fiveton_Fl,Cmv_Hazmat_Fl,Cmv_Nine_Plus_Pass_Fl,Cmv_Veh_Oper_ID,Cmv_Carrier_ID_Type_ID,Cmv_Carrier_Zip,Cmv_Veh_Type_ID,Cmv_GVWR,Cmv_RGVW,Cmv_Hazmat_Rel_Fl,Hazmat_Cls_1_ID,Hazmat_IDNbr_1_ID,Hazmat_Cls_2_ID,Hazmat_IDNbr_2_ID,Cmv_Cargo_Body_ID,Cmv_Evnt1_ID,Cmv_Evnt2_ID,Cmv_Evnt3_ID,Cmv_Evnt4_ID,Cmv_Tot_Axle,Cmv_Tot_Tire,Contrib_Factr_1_ID,Contrib_Factr_2_ID,Contrib_Factr_3_ID,Contrib_Factr_P1_ID,Contrib_Factr_P2_ID,Veh_Dfct_1_ID,Veh_Dfct_2_ID,Veh_Dfct_3_ID,Veh_Dfct_P1_ID,Veh_Dfct_P2_ID,Veh_Trvl_Dir_ID,First_Harm_Evt_Inv_ID,Sus_Serious_Injry_Cnt,Nonincap_Injry_Cnt,Poss_Injry_Cnt,Non_Injry_Cnt,Unkn_Injry_Cnt,Tot_Injry_Cnt,Death_Cnt,Cmv_Disabling_Damage_Fl,Cmv_Bus_Type_ID,Trlr_GVWR,Trlr_RGVW,Trlr_Type_ID,Trlr_Disabling_Dmag_ID,Cmv_Intermodal_Container_Permit_Fl,CMV_Actual_Gross_Weight
16967385,1,1,N,N,43,3GCPCREC8HG489753,2017,17,107,658,30,N,78759,1,2,3,1,12,,,,N,,,N,,,,,,,,,,,,,,,,,,,,,,37,,,,,,,,,,4,1,0,0,0,1,0,0,0,,,,,,,,
16967385,2,1,N,N,35,1G1AK52F157648368,2005,9,107,978,104,N,78759,1,2,2,3,12,,,,Y,620 LAKESIDE TOWING,620 LAKESIDE TOWING,N,,,,,,,,,,,,,,,,,,,,,,0,,,,,,,,,,8,1,0,0,0,1,0,0,0,,,,,,,,
16967386,1,1,N,N,43,2HGFG12619H520196,2009,,44,236,100,N,78703,1,1,2,3,12,,,,N,HARPERS TOWING SERVICE INC,HARPERS TOWING SERVICE INC,N,,,,,,,,,,,,,,,,,,,,,,20,,,,,,,,6,,5,1,0,0,0,1,0,0,0,,,,,,,,
16967387,1,1,N,N,43,1FMCU03148KA77424,2008,16,37,601,104,N,78753,1,1,2,6,12,15,6,9,N,AVILES & GABES WRECKER SERVICE INC.,AVILES & GABES WRECKER SERVICE INC.,N,,,,,,,,,,,,,,,,,,,,,,0,,,,,12,,,,,5,1,0,0,1,1,0,1,0,,,,,,,,
16967388,1,1,N,N,43,1N4AL2AP3AN419926,2010,21,71,500,104,N,78612,1,1,1,1,12,,,,Y,HARPERS TOWING SERVICE INC,201 RALPH ALBANEDO RD,N,,,,,,,,,,,,,,,,,,,,,,,,,22,45,,,,,,4,1,0,0,0,0,1,0,0,,,,,,,,
16967389,1,1,N,N,43,2G1WC5E30C1280098,2012,9,107,53,104,N,78735,2,,4,3,12,,,,Y,EZ AUTO AND TOWING SERVICE,EZ AUTO AND TOWING SERVICE,N,,,,,,,,,,,,,,,,,,,,,,44,67,,20,60,,,,,,1,1,0,1,0,0,0,1,0,,,,,,,,
16967389,2,1,N,N,43,1ZVFT80NX75367509,2007,16,37,96,100,N,76513,1,2,7,3,2,,,,N,EZ AUTO AND TOWING SERVICE,EZ AUTO AND TOWING SERVICE,N,,,,,,,,,,,,,,,,,,,,,,0,,,,,,,,,,1,1,0,0,0,2,0,0,0,,,,,,,,
16967389,3,1,N,N,43,2B3KA33V19H544533,2009,17,109,74,104,N,78225,1,2,7,2,7,,,,N,,,N,,,,,,,,,,,,,,,,,,,,,,0,,,,,,,,,,1,2,0,0,0,4,0,0,0,,,,,,,,
16967390,1,1,N,Y,43,1GNEC13V54J302398,2004,3,107,547,69,N,78616,1,2,4,2,12,8,2,6,Y,AUS-TEX AUTO ENTERPRISES LLC,AUS-TEX AUTO ENTERPRISES LLC,N,,,,,,,,,,,,,,,,,,,,,,0,,,,,,,,,,11,1,0,0,0,0,1,0,0,,,,,,,,
16967391,1,1,N,N,43,3GCEC14X16G177882,2006,21,107,658,30,N,78745,1,2,2,2,12,,,,Y,SOUTHSIDE WRECKER INC,8200 S. CONGRESS AVE,N,,,,,,,,,,,,,,,,,,,,,,0,,,,,,,,,,5,1,0,0,0,0,0,0,0,,,,,,,,
16967392,1,1,N,N,43,2HNYD28427H516855,2007,17,1,705,69,N,78752,1,2,4,0,2,,,,N,,,N,,,,,,,,,,,,,,,,,,,,,,0,,,,,,,,,,11,1,0,0,0,1,0,0,0,,,,,,,,
16967392,2,4,,,,,,,,,,,,,,,,,,,,,,,,,,,,,,,,,,,,,,,,,,,,,74,,,,,,,,,,9,1,0,1,0,0,0,1,0,,,,,,,,
16967393,1,1,N,N,43,3VW2K7AJ6EM232655,2014,9,96,316,104,N,78758,1,2,4,3,10,,,,,DENVERS TOWING,DENVERS TOWING,N,,,,,,,,,,,,,,,,,,,,,,0,,,,,,,,,,1,1,0,0,1,1,0,1,0,,,,,,,,
16967393,2,1,N,N,43,1FAHP35NX8W299189,2008,17,37,696,104,N,76511,1,2,3,2,12,,,,,AVILES & GABES WRECKER SERVICE INC.,AVILES & GABES WRECKER SERVICE INC.,N,,,,,,,,,,,,,,,,,,,,,,0,,,,,,,,,,1,1,0,0,0,1,0,0,0,,,,,,,,
16967393,3,1,N,N,43,1N4AL3AP8FC126712,2015,3,71,500,104,N,78621,1,2,7,4,5,,,,,,,N,,,,,,,,,,,,,,,,,,,,,,22,,,20,,,,,,,1,2,0,0,0,2,0,0,0,,,,,,,,
16967393,4,1,N,N,43,3N1CN7AP8KL812934,2019,3,71,1452,104,N,74134,2,,10,3,5,,,,,,,N,,,,,,,,,,,,,,,,,,,,,,0,,,,,,,,,,1,2,0,0,0,2,0,0,0,,,,,,,,
16967394,1,1,N,N,43,1FTRW12W24KC38911,2004,11,37,2324,30,N,78617,1,1,15,3,9,11,3,10,Y,EZ AUTO AND TOWING SERVICE,EZ AUTO AND TOWING SERVICE,N,,,,,,,,,,,,,,,,,,,,,,20,,,,,,,,,,1,1,0,0,0,1,0,0,0,,,,,,,,
16967395,1,1,N,N,43,JN1BJ1CP3JW155163,2018,2,71,1310,104,N,74134,1,2,2,3,12,,,,N,,,N,,,,,,,,,,,,,,,,,,,,,,0,,,,,,,,,,3,1,0,1,0,0,0,1,0,,,,,,,,
16967396,1,1,N,Y,,,,,,,0,N,,,,,,,,,,,,,N,,,,,,,,,,,,,,,,,,,,,,,,,20,,,,,,,2,1,0,0,0,0,1,0,0,,,,,,,,
16967396,2,1,N,N,43,1FTEX15N7PKB96898,1993,10,37,2324,30,N,78753,2,,,,,,,,,,,N,,,,,,,,,,,,,,,,,,,,,,0,,,,,,,,,,2,1,0,0,0,1,0,0,0,,,,,,,,
16967397,1,1,N,N,43,2HGFG11847H550454,2007,17,44,256,100,N,78725,1,2,3,4,2,,,,N,HARPERS TOWING SERVICE INC,HARPERS TOWING SERVICE INC,N,,,,,,,,,,,,,,,,,,,,,,22,44,,,,,,,,,1,1,0,0,0,1,0,0,0,,,,,,,,
16967397,2,1,N,N,43,2T3ZFREV8JW443881,2018,11,91,581,69,N,78745,1,2,6,4,6,,,,N,EZ AUTO AND TOWING SERVICE,EZ AUTO AND TOWING SERVICE,N,,,,,,,,,,,,,,,,,,,,,,0,,,,,,,,,,1,1,0,0,1,2,0,1,0,,,,,,,,
16967399,1,1,N,N,43,1YVHP82D645N69368,2004,16,63,2475,104,N,78723,1,1,2,2,12,,,,N,SPECIAL AUTOMOTIVE SERVICE INC,SPECIAL AUTOMOTIVE SERVICE INC,N,,,,,,,,,,,,,,,,,,,,,,0,,,,,,,,,,1,1,0,0,0,2,0,0,0,,,,,,,,
16967399,2,1,N,N,43,1N4AL21E98C137245,2008,21,71,500,104,N,77656,1,1,2,1,12,6,1,6,N,NOT TOWED,NOT TOWED,N,,,,,,,,,,,,,,,,,,,,,,0,,,,,,,,,,1,1,0,0,0,2,0,0,0,,,,,,,,
16967399,3,1,N,N,43,2GCEC19K6P1196483,1993,3,107,2232,30,N,78702,1,1,6,2,6,,,,N,NOT TOWED,NOT TOWED,N,,,,,,,,,,,,,,,,,,,,,,0,,,,,,,,,,1,2,0,2,1,1,0,3,0,,,,,,,,
16967400,1,1,N,N,43,5N1DR2MN9HC659208,2017,2,71,531,104,N,78620,1,2,,,,,,,Y,ROCHAS TOWING SERVICE,ROCHAS TOWING SERVICE,N,,,,,,,,,,,,,,,,,,,,,,0,,,,,,,,,,7,1,0,0,0,3,0,0,0,,,,,,,,
16967400,2,1,N,N,43,WAUF2AFC2FN002532,2015,17,8,2154,104,N,75062,1,2,,,,,,,Y,ROCHAS TOWING SERVICE,ROCHAS TOWING SERVICE,N,,,,,,,,,,,,,,,,,,,,,,0,,,,,,,,,,1,1,0,0,0,1,0,0,0,,,,,,,,
16967401,1,1,N,N,43,5Y2SL62874Z436139,2004,9,118,778,104,N,78758,1,2,4,5,1,4,5,2,Y,AVILES & GABES WRECKER SERVICE INC.,AVILES & GABES WRECKER SERVICE INC.,N,,,,,,,,,,,,,,,,,,,,,,74,,,,,,,,,,1,1,0,0,0,1,0,0,0,,,,,,,,
16967401,2,1,N,Y,,,,,,,0,N,,,,,,,,,,,,,N,,,,,,,,,,,,,,,,,,,,,,0,,,,,,,,,,1,1,0,0,0,0,0,0,0,,,,,,,,
16967402,1,1,N,N,43,KMHCT4AE7EU710580,2014,9,45,557,104,N,78107,1,1,2,6,12,,,,N,ROCHAS TOWING SERVICE,ROCHAS TOWING SERVICE,N,,,,,,,,,,,,,,,,,,,,,,74,,,,,,,,,,1,2,0,3,0,1,0,3,0,,,,,,,,
16967402,2,1,N,N,43,1HGCM56415A118554,2005,9,44,236,104,N,78023,1,1,6,5,6,2,4,12,N,SPECIAL AUTOMOTIVE SERVICE INC,SPECIAL AUTOMOTIVE SERVICE INC,N,,,,,,,,,,,,,,,,,,,,,,74,,,,,,,,,,1,1,0,0,0,1,0,0,0,,,,,,,,
16967402,3,1,N,N,43,1FTEW1C84AFC96702,2010,3,37,2324,30,N,78242,1,1,6,2,6,,,,N,,,N,,,,,,,,,,,,,,,,,,,,,,74,,,,,,,,,,1,2,0,1,0,2,0,1,0,,,,,,,,
16967402,4,1,N,Y,113,,,99,,,0,N,,,,,,,,,,N,,,N,,,,,,,,,,,,,,,,,,,,,,0,,,,,,,,,,1,1,0,0,0,0,1,0,0,,,,,,,,
16967403,1,1,N,N,28,JN8AS5MT1FW670151,2015,3,71,1310,104,N,89122,1,2,2,3,12,,,,N,,,N,,,,,,,,,,,,,,,,,,,,,,0,,,,,,,,5,,1,1,0,0,0,2,0,0,0,,,,,,,,
16967403,2,1,N,N,43,1FMZU62K72ZC92883,2002,9,37,554,104,N,78758,1,2,6,2,6,,,,N,,,N,,,,,,,,,,,,,,,,,,,,,,0,,,,,,,,,,1,1,0,0,1,0,0,1,0,,,,,,,,
16967404,1,1,N,N,43,5YFBURHE4HP572966,2017,9,91,173,104,N,78729,1,2,2,3,12,,,,N,620 LAKESIDE TOWING,620 LAKESIDE TOWING,N,,,,,,,,,,,,,,,,,,,,,,15,,,,,,,,,,1,1,0,0,0,1,0,0,0,,,,,,,,
16967404,2,1,N,N,43,3MZBN1U72JM173408,2018,3,63,3917,104,N,78750,1,2,15,2,9,,,,N,AUS-TEX AUTO ENTERPRISES LLC,AUS-TEX AUTO ENTERPRISES LLC,N,,,,,,,,,,,,,,,,,,,,,,0,,,,,,,,,,7,1,0,0,0,1,0,0,0,,,,,,,,
16967405,1,1,N,N,43,5NPEU4ACXAH613659,2010,3,45,462,104,N,78759,1,2,2,3,12,,,,N,620 LAKESIDE TOWING,OWNERS RESIDENCE/REQUEST,N,,,,,,,,,,,,,,,,,,,,,,,,,20,22,,,,,,2,1,0,0,0,1,0,0,0,,,,,,,,
16967405,2,1,Y,N,43,19UUA8F5XCA018442,2012,11,1,564,104,N,78759,1,2,12,2,3,,,,N,,,N,,,,,,,,,,,,,,,,,,,,,,0,,,,,,,,,,2,1,0,0,0,0,0,0,0,,,,,,,,
16967406,1,1,N,N,43,2T1BU4EE8AC510175,2010,9,91,173,104,N,77081,1,1,14,3,5,,,,Y,ROCHAS TOWING SERVICE,ROCHAS TOWING SERVICE,N,,,,,,,,,,,,,,,,,,,,,,,,,20,,,,,,,2,1,0,1,0,2,0,1,0,,,,,,,,
16967406,2,1,N,N,43,1C4PJLCB7JD573806,2018,2,429,970,69,N,78660,1,1,3,1,12,,,,N,,,N,,,,,,,,,,,,,,,,,,,,,,0,,,,,,,,,,2,1,0,0,0,3,0,0,0,,,,,,,,
16967407,1,1,N,N,43,JT3HN86RXT0023366,1996,2,91,395,69,N,78721,1,1,12,7,3,11,3,10,Y,ROCHAS TOWING SERVICE,ROCHAS TOWING SERVICE,N,,,,,,,,,,,,,,,,,,,,,,37,,,,,,,,,,7,1,0,0,0,2,0,0,0,,,,,,,,
16967407,2,1,N,N,43,JN1BV7AP0FM331163,2015,9,47,2393,104,N,,1,1,12,7,3,,,,N,AVILES & GABES WRECKER SERVICE INC.,AVILES & GABES WRECKER SERVICE INC.,N,,,,,,,,,,,,,,,,,,,,,,0,,,,,,,,,,3,1,0,0,0,1,0,0,0,,,,,,,,
16967408,1,1,N,N,43,1FTEW1EPXKKC09513,2019,21,37,2324,30,N,78731,1,2,3,6,12,15,3,11,Y,EZ AUTO AND TOWING SERVICE,EZ AUTO AND TOWING SERVICE,N,,,,,,,,,,,,,,,,,,,,,,,,,67,,,,,,,1,1,0,0,0,1,0,0,0,,,,,,,,
16967408,2,1,Y,N,43,1GCCS13E378220359,2007,9,107,979,30,N,78653,1,2,14,4,3,,,,N,,,N,,,,,,,,,,,,,,,,,,,,,,0,,,,,,,,,,3,1,0,0,0,1,0,0,0,,,,,,,,
16967410,1,1,N,N,43,WDBRN47J22A299131,2002,17,65,671,104,N,78744,1,1,8,4,5,6,4,5,N,A & A WRECKER SOUTH,A & A WRECKER SOUTH,N,,,,,,,,,,,,,,,,,,,,,,37,,,,,,,,,,7,1,0,0,1,1,0,1,0,,,,,,,,
16967410,2,1,N,N,43,JTDBE32K720070060,2002,21,91,380,104,N,78744,1,1,4,5,2,,,,N,AUSTIN EXPRESS TOWING INC.,AUSTIN EXPRESS TOWING INC.,N,,,,,,,,,,,,,,,,,,,,,,0,,,,,,,,,,3,1,0,0,0,1,0,0,0,,,,,,,,
16967429,1,1,N,N,43,1FTYR10C6WUB69708,1998,10,37,357,106,N,78745,1,2,3,2,11,,,,Y,AUSTIN EXPRESS TOWING INC.,AUSTIN EXPRESS TOWING INC.,N,,,,,,,,,,,,,,,,,,,,,,37,,,,,,,,,,5,1,0,0,0,1,0,0,0,,,,,,,,
16967429,2,1,N,N,43,1FALP4049TF210011,1996,10,37,96,100,N,78744,1,2,2,3,11,,,,Y,A-TEX TOWING,5526 1/2 W HWY 290,N,,,,,,,,,,,,,,,,,,,,,,0,,,,,,,,,,1,1,0,0,0,1,0,0,0,,,,,,,,
16967430,1,1,N,N,43,1D7RB1CP9BS570396,2011,16,109,2275,106,N,78750,2,,2,0,12,,,,Y,620 LAKESIDE TOWING,620 LAKESIDE TOWING,N,,,,,,,,,,,,,,,,,,,,,,45,,,,,,,,,,8,1,0,0,0,1,0,0,0,,,,,,,,
16967430,2,1,N,N,43,5YFBURHE9GP480699,2016,17,91,173,104,N,78660,1,1,6,1,6,,,,N,NOT TOWED,NOT TOWED,N,,,,,,,,,,,,,,,,,,,,,,0,,,,,,,,,,8,1,0,0,0,2,0,0,0,,,,,,,,
16967431,1,1,N,N,43,2C3CDZAG3HH502918,2017,2,109,73,100,N,78758,1,1,2,4,12,,,,N,PRONTO WRECKER SERVICE NORTH,PRONTO WRECKER SERVICE NORTH,N,,,,,,,,,,,,,,,,,,,,,,67,,,,,,,,,,1,1,0,0,0,1,0,0,0,,,,,,,,
16967431,2,1,N,N,43,JN8AZ18U89W014105,2009,21,71,777,104,N,,1,1,8,3,5,,,,N,AUS-TEX AUTO ENTERPRISES LLC,AUS-TEX AUTO ENTERPRISES LLC,N,,,,,,,,,,,,,,,,,,,,,,0,,,,,,,,,,1,1,0,0,0,1,0,0,0,,,,,,,,
16967432,1,1,N,N,43,1ZVBP8AM1C5221454,2012,3,37,96,100,N,78744,1,2,2,6,12,,,,Y,AUSTIN EXPRESS TOWING INC.,4416 E ST ELMO RD,N,,,,,,,,,,,,,,,,,,,,,,45,,,22,,,,,,,6,1,0,0,0,1,0,0,0,,,,,,,,
16967433,1,1,N,N,43,1FTPW12584KB99370,2004,16,37,2324,30,N,78725,1,2,4,6,2,,,,Y,HARPERS TOWING SERVICE INC,HARPERS TOWING SERVICE INC,N,,,,,,,,,,,,,,,,,,,,,,0,,,,,,,,,,3,1,0,0,0,1,0,0,0,,,,,,,,
16967433,2,1,Y,N,43,JNKCV64E68M109959,2008,2,47,1102,100,N,78702,1,2,15,6,,,,,N,,,N,,,,,,,,,,,,,,,,,,,,,,0,,,,,,,,,,3,1,0,0,0,0,0,0,0,,,,,,,,
16967434,1,1,N,N,43,1FMFU19505LA79853,2005,21,37,601,69,N,78758,1,1,2,6,12,,,,Y,ARMADA TOWING,ARMADA TOWING,N,,,,,,,,,,,,,,,,,,,,,,74,,,,,,,,,,1,1,0,1,0,0,0,1,0,,,,,,,,
16967435,1,1,N,N,43,1G1AP14P167718601,2006,16,107,978,100,N,78753,2,,2,2,3,,,,N,STARS TOWING,STARS TOWING,N,,,,,,,,,,,,,,,,,,,,,,0,,,,,,,,,,6,1,0,1,0,1,0,1,0,,,,,,,,
16967436,1,1,N,N,43,1FTFW1EV7AFC49087,2010,2,37,2324,30,N,78617,1,1,2,2,12,,,,Y,SOUTHSIDE WRECKER INC,8200 S. CONGRESS AVE,N,,,,,,,,,,,,,,,,,,,,,,67,,,,,,,,,,8,1,0,0,0,1,0,0,0,,,,,,,,
16967436,2,1,N,N,43,JHLRE38797C051973,2007,1,44,107,104,N,78610,1,1,7,3,6,,,,N,,,N,,,,,,,,,,,,,,,,,,,,,,0,,,,,,,,,,8,1,0,2,0,3,0,2,0,,,,,,,,
16967437,1,1,N,N,43,1C4BJWEG5HL637474,2017,9,429,1464,104,N,78653,1,1,4,4,12,,,,Y,AVILES & GABES WRECKER SERVICE INC.,AVILES & GABES WRECKER SERVICE INC.,N,,,,,,,,,,,,,,,,,,,,,,20,67,,,,,,,,,3,1,0,0,0,1,0,0,0,,,,,,,,
16967437,2,1,N,N,43,1FAHP2DWXCG131690,2012,21,37,376,104,N,78653,1,1,6,5,6,,,,Y,AVILES & GABES WRECKER SERVICE INC.,AVILES & GABES WRECKER SERVICE INC.,N,,,,,,,,,,,,,,,,,,,,,,0,,,,,,,,,,3,1,0,0,1,0,0,1,0,,,,,,,,
16967438,1,1,N,N,43,2HKRL18591H535501,2001,10,44,571,103,N,78758,1,2,5,1,6,,,,N,,,N,,,,,,,,,,,,,,,,,,,,,,4,,,,,,,,,,8,1,0,0,0,1,0,0,0,,,,,,,,
16967438,2,1,N,N,43,JTEZU5JR6B5030529,2011,21,91,395,104,N,78723,1,2,1,1,12,5,1,6,N,,,N,,,,,,,,,,,,,,,,,,,,,,0,,,,,,,,,,8,1,0,0,0,1,0,0,0,,,,,,,,
16967438,3,1,N,N,43,JF1GV7F61CG013796,2012,3,85,516,104,N,78665,1,2,2,2,12,6,1,6,,,,N,,,,,,,,,,,,,,,,,,,,,,0,,,,,,,,,,8,2,0,0,0,1,0,0,0,,,,,,,,
16967438,4,1,N,N,43,3FA6P0K98DR296558,2013,21,37,1097,104,N,76574,1,2,2,3,12,,,,N,ROCHAS TOWING SERVICE,ROCHAS TOWING SERVICE,N,,,,,,,,,,,,,,,,,,,,,,0,,,,,,,,,,8,2,0,0,1,1,0,1,0,,,,,,,,
16967440,1,1,N,N,43,2FMPK3K90FBB31275,2015,21,37,1035,69,N,78666,1,2,3,3,10,,,,N,FINGER TOWING SERVICE,FINGER TOWING SERVICE,N,,,,,,,,,,,,,,,,,,,,,,44,,,41,,,,,,,1,1,0,0,0,1,0,0,0,,,,,,,,
16967440,2,1,N,N,43,JM1GL1TY6J1333554,2018,21,63,870,104,N,78758,1,1,8,3,5,,,,N,NO TOW,NO TOW,N,,,,,,,,,,,,,,,,,,,,,,0,,,,,,,,,,1,1,0,0,0,3,0,0,0,,,,,,,,
16967441,1,1,N,N,25,2NKMHD7X77M193456,2007,21,54,1533,106,N,64507,1,2,1,1,12,4,1,1,N,,,N,,,,,,,,,,,,,,,,,,,,,,0,,,,,,,,,,5,1,0,0,0,1,0,0,0,,,,,,,,
16967441,2,1,N,N,43,KNMAT2MT4GP684855,2016,9,71,1310,69,N,78660,1,2,6,3,6,,,,N,ROCHAS TOWING SERVICE,ROCHAS TOWING SERVICE,N,,,,,,,,,,,,,,,,,,,,,,0,,,,,,,,,,5,1,0,0,0,1,0,0,0,,,,,,,,
16967441,3,1,N,N,43,3MYDLBYV6KY512067,2019,9,91,1477,104,N,78758,1,2,15,2,9,,,,N,STARS TOWING,STARS TOWING,N,,,,,,,,,,,,,,,,,,,,,,0,,,,,,,,,,5,2,0,0,0,1,0,0,0,,,,,,,,
16967441,4,1,N,N,43,5YFBU4EE4CP029651,2012,16,91,380,104,N,78728,1,2,4,2,2,,,,N,ARMADA TOWING,ARMADA TOWING,N,,,,,,,,,,,,,,,,,,,,,,0,,,,,,,,,,5,2,0,0,0,1,0,0,0,,,,,,,,
16967441,5,1,N,N,43,3C7WRNBL7JG248301,2018,21,109,2281,106,N,70809,2,,,,,,,,N,,,N,,,,,,,,,,,,,,,,,,,,,,0,,,,,,,,,,5,2,0,0,0,1,0,0,0,,,,,,,,
16967442,1,1,N,N,43,5YFBURHE2FP355137,2015,2,91,173,104,N,78745,1,2,2,4,12,,,,N,A-TEX TOWING,A-TEX TOWING,N,,,,,,,,,,,,,,,,,,,,,,44,,,,,,,,,,5,1,0,1,0,0,0,1,0,,,,,,,,
16967442,2,1,N,N,43,JF1GPAB69EH291873,2014,17,85,516,104,N,78731,1,2,6,3,6,,,,N,620 LAKESIDE TOWING,620 LAKESIDE TOWING,N,,,,,,,,,,,,,,,,,,,,,,0,,,,,,,,,,5,1,0,1,0,0,0,1,0,,,,,,,,
16967443,1,1,N,N,43,WAUDC68D41A082875,2001,3,8,2148,104,N,76522,3,1,1,1,12,,,,N,,,N,,,,,,,,,,,,,,,,,,,,,,44,,,,,,,,,,5,1,0,0,0,1,0,0,0,,,,,,,,
16967443,2,1,N,N,43,1FAHP2MK1HG111459,2017,2,37,376,104,N,78702,1,4,8,1,5,,,,N,,,N,,,,,,,,,,,,,,,,,,,,,,0,,,,,,,,,,5,1,0,0,0,1,0,0,0,,,,,,,,
16967444,1,1,N,N,43,JTDKDTB33C1020120,2012,,91,4327,104,N,78758,1,1,2,1,12,,,,N,,,N,,,,,,,,,,,,,,,,,,,,,,44,,,,,,,,,,5,1,0,0,0,1,0,0,0,,,,,,,,
16967444,2,1,N,N,43,3KPFK4A77JE254840,2018,,55,1093,104,N,78418,1,1,6,1,6,,,,N,,,N,,,,,,,,,,,,,,,,,,,,,,0,,,,,,,,,,5,1,0,0,1,0,0,1,0,,,,,,,,
16967445,1,1,N,N,43,2C3CDYCJ2EH250030,2014,2,109,73,100,N,77701,1,2,12,4,5,,,,,AVILES & GABES WRECKER SERVICE INC.,AVILES & GABES WRECKER SERVICE INC.,N,,,,,,,,,,,,,,,,,,,,,,4,,,,,,,,,,6,1,0,0,0,2,0,0,0,,,,,,,,
16967445,2,1,N,N,43,JM1BM1W38E1187252,2014,2,63,1210,104,N,98663,1,2,11,4,7,,,,N,AUS-TEX AUTO ENTERPRISES LLC,AUS-TEX AUTO ENTERPRISES LLC,N,,,,,,,,,,,,,,,,,,,,,,0,,,,,,,,,,6,1,0,0,0,1,0,0,0,,,,,,,,
16967446,1,1,N,N,43,YV1AX8853F1624046,1985,11,98,520,104,N,78702,1,2,2,7,12,,,,,HARPERS TOWING SERVICE INC,HARPERS TOWING SERVICE INC,N,,,,,,,,,,,,,,,,,,,,,,20,37,,,,,,,,,1,1,0,0,1,0,0,1,0,,,,,,,,
16967446,2,1,N,N,43,4TAVL52N4WZ043081,1998,18,91,629,30,N,78741,1,2,2,6,12,,,,,EZ AUTO AND TOWING SERVICE,EZ AUTO AND TOWING SERVICE,N,,,,,,,,,,,,,,,,,,,,,,0,,,,,,,,,,5,1,0,0,2,0,0,2,0,,,,,,,,
16967447,1,1,N,N,43,1FMZK1YM9GKA21163,2016,21,37,2992,103,N,78701,1,2,14,0,2,,,,N,REMOVED BY OWNER,REMOVED BY OWNER,N,,,,,,,,,,,,,,,,,,,,,,20,,,,,,,,,,3,1,0,0,0,1,0,0,0,,,,,,,,
16967447,2,1,Y,N,43,5N1AL0MM2DC320090,2013,2,47,1099,104,N,78660,1,2,11,0,8,,,,N,REMOVED BY OWNER,REMOVED BY OWNER,N,,,,,,,,,,,,,,,,,,,,,,0,,,,,,,,,,3,1,0,0,0,1,0,0,0,,,,,,,,
16967450,1,1,N,N,43,3D7JB1EK6BG602663,2011,21,109,2275,30,N,78735,1,2,12,2,2,,,,N,ROCHAS TOWING SERVICE,ROCHAS TOWING SERVICE,N,,,,,,,,,,,,,,,,,,,,,,0,,,,,,,,,,5,1,0,0,0,1,0,0,0,,,,,,,,
16967450,2,1,N,N,43,1GNFC13007J401241,2007,21,107,547,69,N,78336,1,2,11,2,10,,,,N,,,N,,,,,,,,,,,,,,,,,,,,,,38,,,,,,,,,,3,1,0,0,0,1,0,0,0,,,,,,,,
16967452,1,1,N,Y,43,,,2,,,30,N,,,,,,,,,,,,,N,,,,,,,,,,,,,,,,,,,,,,44,22,,,,,,,,,5,1,0,0,0,1,0,0,0,,,,,,,,
16967452,2,1,N,N,43,KNDMB5C18G6213279,2016,2,55,739,103,N,78729,1,2,8,3,5,,,,N,,,N,,,,,,,,,,,,,,,,,,,,,,0,,,,,,,,,,5,1,0,0,0,1,0,0,0,,,,,,,,
16967454,1,1,N,N,43,JN8AS5MV1EW712981,2014,2,71,3988,104,N,78735,1,2,2,4,12,,,,N,SPECIAL AUTOMOTIVE SERVICE INC,SPECIAL AUTOMOTIVE SERVICE INC,N,,,,,,,,,,,,,,,,,,,,,,74,,,,,,,,,,7,1,0,0,1,0,0,1,0,,,,,,,,
16967454,2,1,N,N,43,4S4BSBLCXF3214050,2015,8,85,1268,104,N,78746,1,2,9,4,9,,,,N,SPECIAL AUTOMOTIVE SERVICE INC,SPECIAL AUTOMOTIVE SERVICE INC,N,,,,,,,,,,,,,,,,,,,,,,74,,,,,,,,,,5,1,0,0,1,0,0,1,0,,,,,,,,
16967454,3,1,N,N,43,3VWFD7AT2JM708102,2018,13,96,181,100,N,78738,1,2,3,1,12,,,,N,,,N,,,,,,,,,,,,,,,,,,,,,,0,,,,,,,,,,3,2,0,0,0,1,0,0,0,,,,,,,,