Crash_ID,Unit_Nbr,Unit_Desc_ID,Veh_Parked_Fl,Veh_HNR_Fl,Veh_Lic_State_ID,VIN,Veh_Mod_Year,Veh_Color_ID,Veh_Make_ID,Veh_Mod_ID,Veh_Body_Styl_ID,Emer_Respndr_Fl,Ownr_Zip,Fin_Resp_Proof_ID,Fin_Resp_Type_ID,Veh_Dmag_Area_1_ID,Veh_Dmag_Scl_1_ID,Force_Dir_1_ID,Veh_Dmag_Area_2_ID,Veh_Dmag_Scl_2_ID,Force_Dir_2_ID,Veh_Inventoried_Fl,Veh_Transp_Name,Veh_Transp_Dest,Veh_Cmv_Fl,Cmv_Fiveton_Fl,Cmv_Hazmat_Fl,Cmv_Nine_Plus_Pass_Fl,Cmv_Veh_Oper_ID,Cmv_Carrier_ID_Type_ID,Cmv_Carrier_Zip,Cmv_Veh_Type_ID,Cmv_GVWR,Cmv_RGVW,Cmv_Hazmat_Rel_Fl,Hazmat_Cls_1_ID,Hazmat_IDNbr_1_ID,Hazmat_Cls_2_ID,Hazmat_IDNbr_2_ID,Cmv_Cargo_Body_ID,Cmv_Evnt1_ID,Cmv_Evnt2_ID,Cmv_Evnt3_ID,Cmv_Evnt4_ID,Cmv_Tot_Axle,Cmv_Tot_Tire,Contrib_Factr_1_ID,Contrib_Factr_2_ID,Contrib_Factr_3_ID,Contrib_Factr_P1_ID,Contrib_Factr_P2_ID,Veh_Dfct_1_ID,Veh_Dfct_2_ID,Veh_Dfct_3_ID,Veh_Dfct_P1_ID,Veh_Dfct_P2_ID,Veh_Trvl_Dir_ID,First_Harm_Evt_Inv_ID,Sus_Serious_Injry_Cnt,Nonincap_Injry_Cnt,Poss_Injry_Cnt,Non_Injry_Cnt,Unkn_Injry_Cnt,Tot_Injry_Cnt,Death_Cnt,Cmv_Disabling_Damage_Fl,Cmv_Bus_Type_ID,Trlr_GVWR,Trlr_RGVW,Trlr_Type_ID,Trlr_Disabling_Dmag_ID,Cmv_Intermodal_Container_Permit_Fl,CMV_Actual_Gross_Weight
16967455,1,1,N,N,43,1N4AL3AP8EN232127,2014,4,71,500,104,N,78744,1,1,2,5,12,,,,Y,SPECIAL AUTOMOTIVE SERVICE INC,SPECIAL AUTOMOTIVE SERVICE INC,N,,,,,,,,,,,,,,,,,,,,,,20,,,,,,,,,,3,1,0,0,0,1,0,0,0,,,,,,,,
16967455,2,1,Y,N,43,4T4BF1FK2CR191344,2012,8,91,380,104,N,78751,1,1,2,1,12,,,,Y,,,N,,,,,,,,,,,,,,,,,,,,,,0,,,,,,,,,,7,1,0,0,0,1,0,0,0,,,,,,,,
16967456,1,1,N,Y,43,1N6BD06TX7C400586,2007,21,71,634,30,N,78758,1,1,15,5,9,,,,Y,620 LAKESIDE TOWING,620 LAKESIDE TOWING,N,,,,,,,,,,,,,,,,,,,,,,41,,,,,,,,,,6,1,0,0,0,0,1,0,0,,,,,,,,
16967457,1,1,N,N,43,1G2ZJ57K594251941,2009,10,118,1104,104,N,78852,1,2,,,,,,,N,,,N,,,,,,,,,,,,,,,,,,,,,,,,,3,,,,,,,5,1,0,0,0,1,0,0,0,,,,,,,,
16967457,2,4,,,,,,,,,,,,,,,,,,,,,,,,,,,,,,,,,,,,,,,,,,,,,0,,,,,,,,,,9,1,0,0,1,0,0,1,0,,,,,,,,
16967479,1,1,N,N,43,JM1BL1V72C1573203,2012,17,63,3917,104,N,78757,1,2,3,3,10,,,,Y,EZ AUTO AND TOWING SERVICE,EZ AUTO AND TOWING SERVICE,N,,,,,,,,,,,,,,,,,,,,,,,,,34,,,,,,,7,1,0,0,1,1,0,1,0,,,,,,,,
16967479,2,1,N,N,43,3N1AB7AP2EY230481,2014,16,71,341,104,N,78753,1,2,4,2,12,,,,N,HARPERS TOWING SERVICE INC,HARPERS TOWING SERVICE INC,N,,,,,,,,,,,,,,,,,,,,,,,,,23,,,,,,,1,1,0,0,0,1,0,0,0,,,,,,,,
16967482,1,1,N,N,43,3C6TRVCG8JE113123,2018,21,109,82,103,N,75261,1,7,12,3,1,,,,N,HARPERS TOWING SERVICE INC,HARPERS TOWING SERVICE INC,N,,,,,,,,,,,,,,,,,,,,,,16,,,,,,,,,,3,1,0,0,0,1,0,0,0,,,,,,,,
16967482,2,1,N,N,43,1GNFK16Z16J173665,2006,21,107,2203,69,N,78759,1,2,1,3,10,,,,N,STARS TOWING,STARS TOWING,N,,,,,,,,,,,,,,,,,,,,,,0,,,,,,,,,,1,1,0,0,0,1,0,0,0,,,,,,,,
16967782,1,1,N,N,43,2T3WF4DV7CW135479,2012,9,91,581,69,N,78660,1,2,3,1,11,,,,N,DRIVER,DRIVEN AWAY,N,,,,,,,,,,,,,,,,,,,,,,65,,,,,,,,,,5,1,0,0,0,1,0,0,0,,,,,,,,
16967782,2,1,N,N,43,KMHCT4AE1DU464284,2013,16,45,557,104,N,78705,1,2,10,2,4,,,,N,DRIVER,DRIVEN AWAY,N,,,,,,,,,,,,,,,,,,,,,,0,,,,,,,,,,5,1,0,0,0,1,0,0,0,,,,,,,,
16969277,1,1,N,N,43,2HGFB2F9XCH310146,2012,9,44,256,104,N,78735,1,1,4,6,,,,,N,,,N,,,,,,,,,,,,,,,,,,,,,,0,,,,,,,,,,7,1,0,0,0,1,0,0,0,,,,,,,,
16969277,2,1,N,N,43,1GTEC19W2WE510954,1998,2,39,2340,30,N,78745,1,1,3,6,,,,,N,SOUTHSIDE WRECKER INC,8200 S. CONGRESS AVE,N,,,,,,,,,,,,,,,,,,,,,,0,,,,,,,,,,3,1,0,0,0,1,0,0,0,,,,,,,,
16969278,1,1,N,N,43,1C4PJLAK7CW189017,2012,10,429,1181,69,N,78744,2,,,,,,,,N,DRIVER FROM SCENE,FROM SCENE BY DRIVER,N,,,,,,,,,,,,,,,,,,,,,,0,,,,,,,,,,3,1,0,0,0,2,0,0,0,,,,,,,,
16969278,2,1,N,N,43,1FTEW1CM8DFB52118,2013,2,37,2324,106,N,78744,1,2,5,5,6,,,,N,DRIVER FROM SCENE,FROM SCENE BY DRIVER,N,,,,,,,,,,,,,,,,,,,,,,0,,,,,,,,,,3,1,0,0,1,0,0,1,0,,,,,,,,
16969279,1,1,N,N,43,1FMZU73E41ZA28629,2001,8,37,554,69,N,,2,,2,2,12,,,,N,SPECIAL AUTOMOTIVE SERVICE INC,SPECIAL AUTOMOTIVE SERVICE INC,N,,,,,,,,,,,,,,,,,,,,,,,,,44,,,,,,,1,1,0,0,0,1,0,0,0,,,,,,,,
16969280,1,1,N,N,43,1J8HH48P47C505867,2007,17,429,982,69,N,78704,1,1,9,3,10,,,,N,,,N,,,,,,,,,,,,,,,,,,,,,,20,,,,,,,,,,1,1,0,0,0,1,0,0,0,,,,,,,,
16969280,2,1,N,N,43,5XXGM4A79FG457922,2015,2,55,715,104,N,78721,1,1,12,3,3,,,,Y,BULLET TOWING,BULLET TOWING,N,,,,,,,,,,,,,,,,,,,,,,0,,,,,,,,,,1,1,0,0,1,1,0,1,0,,,,,,,,
16969281,1,1,N,N,43,5TBRT3819YS037093,2000,10,91,687,30,N,78753,1,1,15,2,10,,,,Y,AUS-TEX AUTO ENTERPRISES LLC,AUS-TEX AUTO ENTERPRISES LLC,N,,,,,,,,,,,,,,,,,,,,,,67,,,,,,,,,,4,1,0,0,0,1,0,0,0,,,,,,,,
16969282,1,1,N,N,43,KMHWF35V91A444211,2001,17,45,462,104,N,78644,2,,2,5,12,,,,N,EZ AUTO AND TOWING SERVICE,,N,,,,,,,,,,,,,,,,,,,,,,21,,,,,,,,,,8,1,0,0,2,2,0,2,0,,,,,,,,
16969282,2,1,N,N,43,3GTU2MEC0GG192452,2016,21,39,2340,30,N,78748,1,2,10,3,3,,,,N,,,N,,,,,,,,,,,,,,,,,,,,,,0,,,,,,,,,,4,1,0,0,0,1,0,0,0,,,,,,,,
16969283,1,1,N,N,43,3HGGK5H89FM747880,2015,17,44,1083,104,N,78759,1,2,2,6,11,,,,N,PRONTO WRECKER SERVICE NORTH,PRONTO WRECKER SERVICE NORTH,N,,,,,,,,,,,,,,,,,,,,,,34,,,,,,,,,,6,1,0,0,0,1,0,0,0,,,,,,,,
16969283,2,1,N,N,43,1GB3CYCY0HF175186,2017,21,107,2205,9,N,78721,1,2,10,2,3,,,,N,,,N,,,,,,,,,,,,,,,,,,,,,,0,,,,,,,,,,8,1,0,0,0,2,0,0,0,,,,,,,,
16969284,1,1,N,Y,43,1GC1KVEY4HF171806,2017,2,107,,30,N,75110,1,2,3,4,11,,,,Y,620 LAKESIDE TOWING,,N,,,,,,,,,,,,,,,,,,,,,,20,,,,,,,,,,6,1,0,0,0,1,0,0,0,,,,,,,,
16969285,1,1,N,N,43,JN1CV6AP0BM305073,2011,21,47,764,104,N,78750,1,2,4,5,1,,,,N,620 LAKESIDE TOWING,620 LAKESIDE TOWING,N,,,,,,,,,,,,,,,,,,,,,,15,,,20,,,,,,,6,1,0,0,0,2,0,0,0,,,,,,,,
16969285,2,1,N,N,43,JTNBB46K273033959,2007,9,91,380,104,N,78750,1,2,3,5,11,,,,N,AUS-TEX AUTO ENTERPRISES LLC,AUS-TEX AUTO ENTERPRISES LLC,N,,,,,,,,,,,,,,,,,,,,,,0,,,,,,,,,,4,1,0,0,0,1,0,0,0,,,,,,,,
16969286,1,1,N,N,43,1G1PC5SB4D7281176,2013,17,107,2209,104,N,78702,1,1,2,2,12,,,,N,NOT TOWED,NOT TOWED,N,,,,,,,,,,,,,,,,,,,,,,,,,20,16,,,,,,3,1,0,0,1,1,0,1,0,,,,,,,,
16969286,2,1,N,N,43,JM1BK343781164103,2008,9,63,3917,104,N,78758,1,1,12,3,3,,,,N,NOT TOWED,NOT TOWED,N,,,,,,,,,,,,,,,,,,,,,,,,,20,37,,,,,,7,1,0,0,0,2,0,0,0,,,,,,,,
16969287,1,1,N,N,43,JTHBH96S565014372,2006,17,58,1127,104,N,78702,1,2,2,2,12,,,,N,,,N,,,,,,,,,,,,,,,,,,,,,,46,,,,,,,,,,5,1,0,0,0,2,0,0,0,,,,,,,,
16969287,2,1,N,N,43,19XFB2F86EE064734,2014,17,44,256,104,N,78741,1,2,6,2,6,,,,N,,,N,,,,,,,,,,,,,,,,,,,,,,0,,,,,,,,,,5,1,0,0,0,1,0,0,0,,,,,,,,
16969288,1,1,N,N,43,KNDJD736575720571,2007,9,55,767,104,N,78754,1,2,4,6,1,,,,N,ROCHAS TOWING SERVICE,ROCHAS TOWING SERVICE,N,,,,,,,,,,,,,,,,,,,,,,0,,,,,,,,,,3,1,0,1,0,0,0,1,0,,,,,,,,
16969288,2,1,N,N,43,KM8SRDHF2EU067077,2014,9,45,713,104,N,78665,1,2,3,5,12,,,,N,ROCHAS TOWING SERVICE,ROCHAS TOWING SERVICE,N,,,,,,,,,,,,,,,,,,,,,,0,,,,,,,,,,7,1,0,1,0,0,0,1,0,,,,,,,,
16969289,1,1,N,N,43,1VWBP7A39DC093995,2013,2,96,473,104,N,78728,1,2,2,3,12,3,3,11,N,EZ AUTO AND TOWING SERVICE,EZ AUTO AND TOWING SERVICE,N,,,,,,,,,,,,,,,,,,,,,,37,,,,,,,,,,2,1,0,0,0,1,0,0,0,,,,,,,,
16969289,2,1,N,N,32,3GNAL2EK0CS534640,2012,3,107,60,104,N,13120,1,2,3,2,10,,,,N,AVILES & GABES WRECKER SERVICE INC.,AVILES & GABES WRECKER SERVICE INC.,N,,,,,,,,,,,,,,,,,,,,,,0,,,,,,,,,,8,1,0,0,0,3,0,0,0,,,,,,,,
16969289,3,1,N,N,43,4DRBUAAN69B079569,2009,22,48,3585,47,N,45236,1,2,10,1,3,,,,N,,,N,,,,,,,,,,,,,,,,,,,,,,0,,,,,,,,,,8,2,0,0,0,1,0,0,0,,,,,,,,
16969290,1,1,N,N,9,2C4RDGCG0JR209338,2018,9,109,550,103,N,74134,1,1,11,1,11,,,,N,SOUTHSIDE WRECKER INC,ENTERPRISE RENTAL CAR BERGSTROM AIRPORT,N,,,,,,,,,,,,,,,,,,,,,,19,,,,,,,,,,1,1,0,0,0,1,0,0,0,,,,,,,,
16969291,1,1,N,N,5,3HAMMAAL0CL619124,2012,21,48,110,106,N,95827,2,,2,5,12,,,,N,SOUTHSIDE WRECKER INC,8200 S. CONGRESS AVE,N,,,,,,,,,,,,,,,,,,,,,,41,,,,,,,,,,1,1,0,1,0,0,0,1,0,,,,,,,,
16969291,2,1,N,N,43,5NPE24AF0HH441670,2017,16,45,462,104,N,78745,1,2,2,1,12,,,,N,DRIVEN AWAY,DRIVEN AWAY,N,,,,,,,,,,,,,,,,,,,,,,0,,,,,,,,,,1,2,0,1,0,0,0,1,0,,,,,,,,
16969292,1,1,N,N,43,JTHBK1EG8A2394513,2010,2,58,1052,104,N,78746,1,1,1,4,12,,,,N,ATX-VIP TOWING SERVICES,ATX-VIP TOWING SERVICES,N,,,,,,,,,,,,,,,,,,,,,,74,,,,,,,,,,11,1,0,1,0,0,0,1,0,,,,,,,,
16969293,1,1,N,N,43,5FNYF5H58GB012472,2016,3,44,761,69,N,78757,1,1,2,0,12,,,,N,,,N,,,,,,,,,,,,,,,,,,,,,,33,,,20,,,,,,,3,1,0,0,0,2,0,0,0,,,,,,,,
16969293,2,3,,,,,,,,,,,,,,,,,,,,,,,,,,,,,,,,,,,,,,,,,,,,,0,,,,,,,,,,9,1,0,1,0,0,0,1,0,,,,,,,,
16969294,1,1,N,N,43,WVWBN7AN5EE503658,2014,3,96,964,104,N,78749,1,1,1,2,12,,,,N,STARS TOWING,STARS TOWING,N,,,,,,,,,,,,,,,,,,,,,,20,,,,,,,,,,5,1,0,0,0,1,0,0,0,,,,,,,,
16969294,2,1,N,N,43,JTHBF1D2XE5040166,2014,9,58,2441,104,N,78717,1,1,5,2,6,,,,N,,,N,,,,,,,,,,,,,,,,,,,,,,0,,,,,,,,,,5,1,0,0,0,4,0,0,0,,,,,,,,
16969295,1,1,N,N,43,KNADE223796572292,2009,2,55,716,104,N,78751,1,1,2,7,12,,,,Y,AUS-TEX AUTO ENTERPRISES LLC,AUS-TEX AUTO ENTERPRISES LLC,N,,,,,,,,,,,,,,,,,,,,,,,,,20,,,,,,,1,1,0,1,0,0,0,1,0,,,,,,,,
16969295,2,1,N,N,24,5TFDW5F12GX500417,2016,17,91,629,30,N,78752,1,2,5,2,12,,,,N,,,N,,,,,,,,,,,,,,,,,,,,,,0,,,,,,,,,,1,1,0,0,0,1,0,0,0,,,,,,,,
16969298,1,1,N,N,43,JTDKN3DU9F0419983,2015,17,91,702,104,N,78654,1,2,2,4,12,,,,N,EZ AUTO AND TOWING SERVICE,EZ AUTO AND TOWING SERVICE,N,,,,,,,,,,,,,,,,,,,,,,44,,,,,,,,,,1,1,0,0,0,1,0,0,0,,,,,,,,
16969298,2,1,N,N,43,WDCGG5HB2DG020061,2013,2,65,743,69,N,78063,1,2,6,3,6,,,,N,EZ AUTO AND TOWING SERVICE,EZ AUTO AND TOWING SERVICE,N,,,,,,,,,,,,,,,,,,,,,,0,,,,,,,,,,1,1,0,0,0,1,0,0,0,,,,,,,,
16969303,1,1,N,N,43,JA32U2FU2HU003567,2017,16,68,744,104,N,78754,1,1,5,0,6,,,,N,N/A,N/A,N,,,,,,,,,,,,,,,,,,,,,,3,,,36,,,,,,,7,1,0,0,0,1,0,0,0,,,,,,,,
16969303,2,1,N,N,43,WDBJF65H7XA799525,2000,1,65,2488,104,N,75234,2,,14,0,4,,,,,N/A,N/A,N,,,,,,,,,,,,,,,,,,,,,,0,,,,,,,,,,1,2,0,0,0,3,0,0,0,,,,,,,,
16969303,3,4,,,,,,,,,,,,,,,,,,,,,,,,,,,,,,,,,,,,,,,,,,,,,0,,,,,,,,,,9,1,1,0,0,0,0,1,0,,,,,,,,
16969304,1,1,N,N,113,1N4BA41E34C816556,2004,13,71,500,104,N,78616,1,1,1,1,12,,,,,A-TEX TOWING,A-TEX TOWING,N,,,,,,,,,,,,,,,,,,,,,,15,,,,,,,,,,6,1,0,0,0,0,2,0,0,,,,,,,,
16969304,2,1,N,N,43,1GYS3CKJ0GR296791,2016,2,106,657,69,N,75941,1,1,13,5,7,,,,,BULLET TOWING,BULLET TOWING,N,,,,,,,,,,,,,,,,,,,,,,0,,,,,,,,,,4,1,0,0,0,0,1,0,0,,,,,,,,
16969306,1,1,N,N,43,1FTEF15N2TLA47354,1996,11,37,2324,30,N,78745,1,2,15,5,12,,,,N,A-TEX TOWING,8501 APPLE CARRIE CV,N,,,,,,,,,,,,,,,,,,,,,,45,,,,,,,,,,3,1,0,1,0,0,0,1,0,,,,,,,,
16969306,2,1,N,N,43,1FT7W2A64BEA35576,2011,9,37,2325,30,N,78662,1,2,15,2,12,,,,N,,,N,,,,,,,,,,,,,,,,,,,,,,0,,,,,,,,,,7,1,0,0,0,3,0,0,0,,,,,,,,
16969306,3,6,,,,,,,,,,,78662,,,,,,,,,,,,,,,,,,,,,,,,,,,,,,,,,,0,,,,,,,,,,9,2,0,0,0,0,0,0,0,,,,,,,,
16969308,1,1,N,N,43,3GNEC12J87G127276,2007,2,107,658,30,N,78617,1,2,2,1,12,,,,N,,,N,,,,,,,,,,,,,,,,,,,,,,44,,,20,,,,,,,5,1,0,0,0,1,0,0,0,,,,,,,,
16969308,2,1,N,N,43,1FTZX172X1NB46264,2001,3,37,2324,30,N,78666,1,2,6,2,6,,,,N,,,N,,,,,,,,,,,,,,,,,,,,,,0,,,,,,,,,,5,1,0,1,0,0,0,1,0,,,,,,,,
16969310,1,1,N,N,43,5FNRL5H67BB056851,2011,9,44,571,103,N,76825,1,2,4,2,3,,,,N,620 LAKESIDE TOWING,620 LAKESIDE TOWING,N,,,,,,,,,,,,,,,,,,,,,,,,,40,,,,,,,2,1,0,0,0,1,0,0,0,,,,,,,,
16969310,2,1,N,Y,43,5YFBURHE4KP886124,2019,2,91,173,104,N,78641,1,2,7,0,6,4,0,12,,,,N,,,,,,,,,,,,,,,,,,,,,,0,,,,,,,,,,2,1,0,0,0,0,0,0,0,,,,,,,,
16969310,3,1,N,N,43,1GAZGPFF1G1258855,2016,21,107,731,103,N,78205,1,2,7,1,6,,,,N,,,N,,,,,,,,,,,,,,,,,,,,,,0,,,,,,,,,,2,2,0,1,0,8,0,1,0,,,,,,,,
16969353,1,1,N,N,43,1N6BD0CT6HN727741,2017,21,71,634,30,N,63132,1,1,2,5,12,,,,N,MR EAST TOWING,OWNERS RESIDENCE/REQUEST,N,,,,,,,,,,,,,,,,,,,,,,44,20,,,,,,,,,1,1,0,0,0,1,0,0,0,,,,,,,,
16969353,2,1,N,N,43,1FTFW1ET4BFD27731,2011,21,37,2324,30,N,78653,1,1,6,3,6,,,,N,,,N,,,,,,,,,,,,,,,,,,,,,,0,,,,,,,,,,1,1,0,0,0,1,0,0,0,,,,,,,,
16969355,1,1,N,N,43,19UUA662X5A061370,2005,17,1,564,104,N,78724,1,1,2,5,12,,,,Y,BULLET TOWING,BULLET TOWING,N,,,,,,,,,,,,,,,,,,,,,,44,,,,,,,,,,7,1,0,0,0,1,0,0,0,,,,,,,,
16969355,2,1,N,N,43,1GCEC14C87Z539351,2007,3,107,658,30,N,78681,1,1,6,1,6,,,,N,,,N,,,,,,,,,,,,,,,,,,,,,,0,,,,,,,,,,7,1,0,0,0,1,0,0,0,,,,,,,,
16969356,1,1,N,N,43,3N1AB6AP3BL633629,2011,21,71,341,104,N,78717,1,2,2,3,,10,1,3,N,,,N,,,,,,,,,,,,,,,,,,,,,,,,,20,22,,,,,,2,1,0,0,0,2,0,0,0,,,,,,,,
16969356,2,1,Y,N,43,JTMBD35V785183656,2008,16,91,581,104,N,78717,1,2,11,1,,,,,N,,,N,,,,,,,,,,,,,,,,,,,,,,0,,,,,,,,,,2,2,0,0,0,0,0,0,0,,,,,,,,
16969357,1,1,N,N,43,3GYFNBE32FS527656,2015,5,106,1373,69,N,78703,1,2,2,2,12,,,,N,A-TEX TOWING,A-TEX TOWING,N,,,,,,,,,,,,,,,,,,,,,,44,,,,,,,,,,5,1,0,0,0,1,0,0,0,,,,,,,,
16969357,2,1,N,N,43,1NXBR32E37Z931728,2007,17,91,173,104,N,78738,1,2,6,3,6,2,3,12,N,HARPERS TOWING SERVICE INC,HARPERS TOWING SERVICE INC,N,,,,,,,,,,,,,,,,,,,,,,0,,,,,,,,,,5,1,0,0,1,0,0,1,0,,,,,,,,
16969357,3,1,N,N,43,1GTEC14W8TZ505463,1996,3,39,2356,30,N,78703,1,2,6,2,6,,,,N,NOT TOWED,,N,,,,,,,,,,,,,,,,,,,,,,0,,,,,,,,,,5,2,0,0,0,1,0,0,0,,,,,,,,
16969358,1,1,N,N,43,JN8AZ08W77W643461,2007,2,71,777,104,Y,78745,1,1,2,6,12,,,,N,SOUTHSIDE WRECKER INC,8200 S. CONGRESS AVE,N,,,,,,,,,,,,,,,,,,,,,,,,,37,,,,,,,1,1,0,1,1,0,0,2,0,,,,,,,,
16969358,2,1,N,N,43,1NXBR32EX5Z548706,2005,3,91,380,104,Y,,1,1,,,,,,,N,ROCHAS TOWING SERVICE,ROCHAS TOWING SERVICE,N,,,,,,,,,,,,,,,,,,,,,,,,,15,,,,,,,5,1,0,1,0,0,0,1,0,,,,,,,,
16969359,1,1,N,N,43,KNDJT2A6XC7411184,2012,9,55,1357,69,N,78723,1,2,2,2,12,,,,Y,SPECIAL AUTOMOTIVE SERVICE INC,SPECIAL AUTOMOTIVE SERVICE INC,N,,,,,,,,,,,,,,,,,,,,,,74,41,,,,,,,,,4,1,0,1,0,0,0,1,0,,,,,,,,
16969360,1,1,N,Y,43,3VV3B7AX3JM021680,2018,21,96,1396,69,N,78737,1,2,4,1,11,,,,N,,,N,,,,,,,,,,,,,,,,,,,,,,36,,,,,,,,,,11,1,0,0,0,1,0,0,0,,,,,,,,
16969360,2,4,,,,,,,,,,,,,,,,,,,,,,,,,,,,,,,,,,,,,,,,,,,,,0,,,,,,,,,,9,1,0,0,1,0,0,1,0,,,,,,,,
16969361,1,1,N,N,43,KMHCU5AE5EU189894,2014,9,45,557,104,N,78727,1,2,2,5,12,,,,N,STARS TOWING,STARS TOWING,N,,,,,,,,,,,,,,,,,,,,,,20,,,,,,,,,,7,1,0,0,1,0,0,1,0,,,,,,,,
16969362,1,1,N,N,22,1GCEK14Z63Z233041,2003,10,107,658,30,N,49090,2,,1,3,12,,,,Y,ROCHAS TOWING SERVICE,ROCHAS TOWING SERVICE,N,,,,,,,,,,,,,,,,,,,,,,0,,,,,,,,6,,3,1,0,0,0,1,0,0,0,,,,,,,,
16969364,1,1,N,N,43,KNAFX4A60F5321075,2015,16,55,1093,104,N,78664,1,2,4,0,11,,,,N,,,N,,,,,,,,,,,,,,,,,,,,,,0,,,,,,,,,,6,1,0,0,0,1,0,0,0,,,,,,,,
16969364,2,4,,,,,,,,,,,,,,,,,,,,,,,,,,,,,,,,,,,,,,,,,,,,,0,,,,,,,,,,9,1,1,0,0,0,0,1,0,,,,,,,,
16969367,1,1,N,N,43,WDBRF40J35F689153,2005,10,65,118,104,N,78747,1,2,1,5,12,,,,N,SPECIAL AUTOMOTIVE SERVICE INC,SPECIAL AUTOMOTIVE SERVICE INC,N,,,,,,,,,,,,,,,,,,,,,,20,,,19,,,,,,,5,1,0,0,0,1,0,0,0,,,,,,,,
16969367,2,1,N,N,43,1FMPU15595LA47350,2005,9,37,101,69,N,78745,1,2,6,1,6,,,,N,,,N,,,,,,,,,,,,,,,,,,,,,,0,,,,,,,,,,5,1,0,0,0,1,0,0,0,,,,,,,,
16969372,1,1,N,N,43,KMHDH4AE6EU033740,2014,17,45,480,104,N,22304,1,1,2,7,12,,,,Y,SPECIAL AUTOMOTIVE SERVICE INC,SPECIAL AUTOMOTIVE SERVICE INC,N,,,,,,,,,,,,,,,,,,,,,,37,,,,,,,,,,3,1,0,0,1,0,0,1,0,,,,,,,,
16969372,2,1,N,N,43,3GYFNBE37FS545957,2015,17,106,1373,104,N,78735,1,1,2,7,11,,,,Y,ARMADA TOWING SOUTH,ARMADA TOWING SOUTH,N,,,,,,,,,,,,,,,,,,,,,,0,,,,,,,,,,7,1,0,0,0,1,0,0,0,,,,,,,,
16969379,1,1,N,N,43,1N4BL11D35C162367,2005,9,71,500,104,N,78745,1,2,3,4,12,,,,N,A-TEX TOWING,5526 1/2 W HWY 290,N,,,,,,,,,,,,,,,,,,,,,,0,,,,,,,,,,1,1,0,0,1,0,0,1,0,,,,,,,,
16969379,2,1,N,N,43,JHMGE8H60AC009691,2010,16,44,1083,104,N,78640,1,2,2,4,12,,,,N,,,N,,,,,,,,,,,,,,,,,,,,,,0,,,,,,,,,,3,1,0,0,1,0,0,1,0,,,,,,,,
16969386,1,1,N,N,43,1NXBR32E55Z392655,2005,2,91,380,104,N,77356,2,,2,4,12,15,2,9,Y,SPECIAL AUTOMOTIVE SERVICE INC,SPECIAL AUTOMOTIVE SERVICE INC,N,,,,,,,,,,,,,,,,,,,,,,45,,,,,,,,,,6,1,0,1,0,0,0,1,0,,,,,,,,
16969387,1,1,N,N,43,1G8AN15F56Z133117,2006,17,81,779,104,N,78721,2,,1,3,12,29,0,,N,STARS TOWING,STARS TOWING,N,,,,,,,,,,,,,,,,,,,,,,1,,,20,,,,,,,3,1,0,0,0,2,0,0,0,,,,,,,,
16969388,1,1,N,N,43,3MZBM1K7XFM231231,2015,21,63,1210,104,N,78747,1,1,2,2,12,,,,Y,HARPERS TOWING SERVICE INC,HARPERS TOWING SERVICE INC,N,,,,,,,,,,,,,,,,,,,,,,,,,20,,,,,,,5,1,0,0,1,0,0,1,0,,,,,,,,
16969388,2,1,N,N,43,3N1CN7AP0FL905162,2015,9,71,1452,104,N,77582,1,1,7,1,6,1,1,12,N,,,N,,,,,,,,,,,,,,,,,,,,,,0,,,,,,,,,,5,1,0,0,0,2,0,0,0,,,,,,,,
16969388,3,1,N,N,43,1FAHP2F8XEG176520,2014,16,37,376,104,N,78748,1,1,5,1,6,,,,N,,,N,,,,,,,,,,,,,,,,,,,,,,0,,,,,,,,,,5,2,0,0,0,1,0,0,0,,,,,,,,
16969389,1,1,N,N,43,4T1BF1FK5GU194528,2016,18,91,380,104,N,78717,1,1,4,4,12,,,,N,LAMONT & SONS,LAMONT & SONS,N,,,,,,,,,,,,,,,,,,,,,,22,,,,,,,,,,6,1,0,0,1,0,0,1,0,,,,,,,,
16969389,2,1,N,N,43,1FM5K7D87FGC04685,2015,5,37,554,69,N,78717,1,1,7,3,6,,,,N,620 LAKESIDE TOWING,620 LAKESIDE TOWING,N,,,,,,,,,,,,,,,,,,,,,,0,,,,,,,,,,6,1,0,0,0,1,0,0,0,,,,,,,,
16969390,1,1,N,N,43,2C1MR5226Y6726657,2000,21,107,1213,104,N,78210,2,2,2,4,12,,,,Y,STARS TOWING,STARS TOWING,N,,,,,,,,,,,,,,,,,,,,,,22,,,44,,,,,,,4,1,0,0,0,1,0,0,0,,,,,,,,
16969390,2,1,N,N,43,1GC1KVEG0GF248533,2016,16,107,2205,30,N,78759,1,2,6,1,6,,,,N,,,N,,,,,,,,,,,,,,,,,,,,,,0,,,,,,,,,,4,1,0,0,0,1,0,0,0,,,,,,,,
16969391,1,1,N,N,43,1N4AL3AP8JC228729,2018,2,71,500,104,N,78753,1,2,2,3,12,,,,Y,620 LAKESIDE TOWING,620 LAKESIDE TOWING,N,,,,,,,,,,,,,,,,,,,,,,,,,40,74,,,,,,6,1,0,0,1,0,0,1,0,,,,,,,,
16969392,1,1,N,N,43,2T2GK31U77C020673,2007,21,58,2439,104,N,78727,1,2,15,4,9,,,,Y,ATX-VIP TOWING SERVICES,HOUSE,N,,,,,,,,,,,,,,,,,,,,,,0,,,,,,,,,,4,1,0,1,0,0,0,1,0,,,,,,,,