Crash_ID,Unit_Nbr,Unit_Desc_ID,Veh_Parked_Fl,Veh_HNR_Fl,Veh_Lic_State_ID,VIN,Veh_Mod_Year,Veh_Color_ID,Veh_Make_ID,Veh_Mod_ID,Veh_Body_Styl_ID,Emer_Respndr_Fl,Ownr_Zip,Fin_Resp_Proof_ID,Fin_Resp_Type_ID,Veh_Dmag_Area_1_ID,Veh_Dmag_Scl_1_ID,Force_Dir_1_ID,Veh_Dmag_Area_2_ID,Veh_Dmag_Scl_2_ID,Force_Dir_2_ID,Veh_Inventoried_Fl,Veh_Transp_Name,Veh_Transp_Dest,Veh_Cmv_Fl,Cmv_Fiveton_Fl,Cmv_Hazmat_Fl,Cmv_Nine_Plus_Pass_Fl,Cmv_Veh_Oper_ID,Cmv_Carrier_ID_Type_ID,Cmv_Carrier_Zip,Cmv_Veh_Type_ID,Cmv_GVWR,Cmv_RGVW,Cmv_Hazmat_Rel_Fl,Hazmat_Cls_1_ID,Hazmat_IDNbr_1_ID,Hazmat_Cls_2_ID,Hazmat_IDNbr_2_ID,Cmv_Cargo_Body_ID,Cmv_Evnt1_ID,Cmv_Evnt2_ID,Cmv_Evnt3_ID,Cmv_Evnt4_ID,Cmv_Tot_Axle,Cmv_Tot_Tire,Contrib_Factr_1_ID,Contrib_Factr_2_ID,Contrib_Factr_3_ID,Contrib_Factr_P1_ID,Contrib_Factr_P2_ID,Veh_Dfct_1_ID,Veh_Dfct_2_ID,Veh_Dfct_3_ID,Veh_Dfct_P1_ID,Veh_Dfct_P2_ID,Veh_Trvl_Dir_ID,First_Harm_Evt_Inv_ID,Sus_Serious_Injry_Cnt,Nonincap_Injry_Cnt,Poss_Injry_Cnt,Non_Injry_Cnt,Unkn_Injry_Cnt,Tot_Injry_Cnt,Death_Cnt,Cmv_Disabling_Damage_Fl,Cmv_Bus_Type_ID,Trlr_GVWR,Trlr_RGVW,Trlr_Type_ID,Trlr_Disabling_Dmag_ID,Cmv_Intermodal_Container_Permit_Fl,CMV_Actual_Gross_Weight
16973591,2,1,Y,N,43,JM1BM1T74G1355852,2016,9,63,272,104,N,78704,1,2,,,,,,,N,,,N,,,,,,,,,,,,,,,,,,,,,,0,,,,,,,,,,5,1,0,0,0,1,0,0,0,,,,,,,,
16973592,1,1,N,N,43,1ZVBP8AN1A5145367,2010,17,37,96,104,N,78736,1,1,2,5,12,,,,N,HARPERS TOWING SERVICE INC,HARPERS TOWING SERVICE INC,N,,,,,,,,,,,,,,,,,,,,,,20,,,,,,,,,,3,1,0,0,0,1,0,0,0,,,,,,,,
16973592,2,1,N,N,43,JNRAS08U24X108820,2004,17,47,1099,104,N,78640,1,1,8,5,12,3,5,1,N,ROCHAS TOWING SERVICE,ROCHAS TOWING SERVICE,N,,,,,,,,,,,,,,,,,,,,,,0,,,,,,,,,,3,1,0,0,1,1,0,1,0,,,,,,,,
16973592,3,1,N,N,43,5TBRT34161S198108,2001,2,91,687,104,N,78753,1,1,8,3,5,,,,N,,,N,,,,,,,,,,,,,,,,,,,,,,0,,,,,,,,,,3,2,0,0,0,1,0,0,0,,,,,,,,
16973593,1,1,N,N,43,JM1BL1VF4C1500518,2012,,63,1210,104,N,78645,1,1,1,4,12,,,,Y,STARS TOWING,STARS TOWING,N,,,,,,,,,,,,,,,,,,,,,,44,,,,,,,,,,3,1,0,0,0,1,0,0,0,,,,,,,,
16973593,2,1,N,N,46,1FMCU9D73BKC36450,2011,17,37,711,69,N,20155,1,1,5,3,6,,,,N,,,N,,,,,,,,,,,,,,,,,,,,,,0,,,,,,,,,,3,1,0,0,0,1,0,0,0,,,,,,,,
16973594,1,1,N,N,46,WBA3B1G58ENN90793,2014,5,14,2165,104,N,23321,2,,8,1,6,,,,N,,,N,,,,,,,,,,,,,,,,,,,,,,4,,,,,,,,,,1,1,0,0,0,1,0,0,0,,,,,,,,
16973594,2,1,N,N,43,1HFSC55036A206007,2006,17,44,3464,71,N,78727,1,2,26,1,,,,,N,,,N,,,,,,,,,,,,,,,,,,,,,,0,,,,,,,,,,1,1,0,0,1,0,0,1,0,,,,,,,,
16973595,1,1,N,N,43,4T1BK36B76U074025,2006,10,91,563,104,N,78731,1,2,2,4,12,,,,Y,SPECIAL AUTOMOTIVE SERVICE INC,SPECIAL AUTOMOTIVE SERVICE INC,N,,,,,,,,,,,,,,,,,,,,,,0,,,,,,,,,,6,1,0,0,0,1,0,0,0,,,,,,,,
16973595,2,1,N,N,43,JM3KE2CY1E0319025,2014,21,63,272,69,N,78754,1,2,6,2,6,,,,N,,,N,,,,,,,,,,,,,,,,,,,,,,0,,,,,,,,,,7,1,0,0,0,1,0,0,0,,,,,,,,
16973596,1,1,N,N,43,JTDKB20U083419462,2008,9,91,702,104,N,64064,1,2,2,3,12,,,,N,NOT TOWED,NOT TOWED,N,,,,,,,,,,,,,,,,,,,,,,34,,,,,,,,,,3,1,0,0,0,1,0,0,0,,,,,,,,
16973596,2,1,N,N,43,KL7CJLSBXJB722055,2018,2,107,2248,104,N,77429,1,2,12,5,3,,,,N,AUS-TEX AUTO ENTERPRISES LLC,AUS-TEX AUTO ENTERPRISES LLC,N,,,,,,,,,,,,,,,,,,,,,,0,,,,,,,,,,5,1,0,0,1,0,0,1,0,,,,,,,,
16973598,1,1,N,N,43,1N4AL21E79N493523,2009,17,71,69,104,N,78741,1,1,12,1,2,,,,Y,SOUTHSIDE,SOUTHSIDE,N,,,,,,,,,,,,,,,,,,,,,,0,,,,,,,,,,3,1,0,0,0,1,0,0,0,,,,,,,,
16973598,2,1,Y,N,43,WBAWB33567PV73903,2007,9,14,21,104,N,78735,1,1,6,1,6,,,,N,,,N,,,,,,,,,,,,,,,,,,,,,,0,,,,,,,,,,3,1,0,0,0,0,0,0,0,,,,,,,,
16973599,1,1,N,N,43,1FTRX17W91NB44685,2001,21,37,2324,30,N,77546,1,2,1,4,12,,,,N,SPECIAL AUTOMOTIVE SERVICE INC,SPECIAL AUTOMOTIVE SERVICE INC,N,,,,,,,,,,,,,,,,,,,,,,67,,,19,,,,,,,5,1,0,0,0,1,0,0,0,,,,,,,,
16973599,2,1,N,Y,113,,,99,,,0,N,,,,,,,,,,N,,,N,,,,,,,,,,,,,,,,,,,,,,0,,,,,,,,,,3,1,0,0,0,0,1,0,0,,,,,,,,
16973600,1,1,N,N,13,19XFB2F86CE031908,2012,9,44,256,104,N,78726,1,1,15,3,9,,,,N,HARPERS TOWING SERVICE INC,HARPERS TOWING SERVICE INC,N,,,,,,,,,,,,,,,,,,,,,,35,,,,,,,,,,5,1,0,0,0,1,0,0,0,,,,,,,,
16973600,2,1,N,N,43,2CNDL63F366067778,2006,21,107,1048,69,N,78721,1,1,2,4,12,,,,N,EZ AUTO AND TOWING SERVICE,EZ AUTO AND TOWING SERVICE,N,,,,,,,,,,,,,,,,,,,,,,0,,,,,,,,,,7,1,0,0,0,1,0,0,0,,,,,,,,
16973601,1,1,N,Y,43,3ALXA7009JDJP4568,2018,21,38,1524,0,N,78721,1,2,4,0,1,,,,N,,,N,,,,,,,,,,,,,,,,,,,,,,4,,,,,,,,,,8,1,0,0,0,0,1,0,0,,,,,,,,
16973601,2,1,N,N,43,3FA6P0HD2FR279298,2015,9,37,1097,104,N,78753,1,2,7,1,4,,,,N,,,N,,,,,,,,,,,,,,,,,,,,,,0,,,,,,,,,,8,1,0,0,0,1,0,0,0,,,,,,,,
16973602,1,1,N,N,43,JHMGE8H31CC039212,2012,21,44,1083,104,N,78745,1,2,16,2,3,,,,N,,,N,,,,,,,,,,,,,,,,,,,,,,37,,,,,,,,,,5,1,0,0,0,1,0,0,0,,,,,,,,
16973602,2,1,N,N,43,1GNDS13S632356077,2003,21,107,732,104,N,78745,1,2,2,1,12,,,,N,,,N,,,,,,,,,,,,,,,,,,,,,,0,,,,,,,,,,1,1,0,0,0,2,0,0,0,,,,,,,,
16973603,1,1,N,N,43,1B3LC46K18N682794,2008,3,109,549,104,N,78744,1,2,11,1,9,,,,N,,,N,,,,,,,,,,,,,,,,,,,,,,0,,,,,,,,,,5,1,0,0,0,2,0,0,0,,,,,,,,
16973603,2,1,N,Y,43,,,16,,,103,N,,,,,,,,,,,,,N,,,,,,,,,,,,,,,,,,,,,,23,,,,,,,,,,5,1,0,0,0,0,1,0,0,,,,,,,,
16973604,1,1,N,N,43,1HGCR2F8XFA073859,2015,11,44,236,104,N,78753,1,2,2,2,12,,,,N,ARMADA TOWING,ARMADA TOWING,N,,,,,,,,,,,,,,,,,,,,,,22,44,,,,,,,,,6,1,0,0,0,1,0,0,0,,,,,,,,
16973604,2,1,N,N,43,3GTEC23J29G185416,2009,2,39,3080,30,N,78758,1,2,6,1,6,,,,Y,AVILES & GABES WRECKER SERVICE INC.,AVILES & GABES WRECKER SERVICE INC.,N,,,,,,,,,,,,,,,,,,,,,,0,,,,,,,,,,6,1,0,0,1,0,0,1,0,,,,,,,,
16973605,1,1,N,N,43,2CNALDECXB6464814,2011,17,107,1048,104,N,,1,1,2,3,12,,,,,,,N,,,,,,,,,,,,,,,,,,,,,,44,,,,,,,,,,1,1,0,0,0,2,0,0,0,,,,,,,,
16973605,2,1,N,N,43,1D7HA18K16J246771,2006,17,109,2275,30,N,78610,1,1,6,2,6,,,,,,,N,,,,,,,,,,,,,,,,,,,,,,0,,,,,,,,,,1,1,0,0,0,2,0,0,0,,,,,,,,
16973606,1,1,N,N,43,1FMCU0DG3AKC06343,2010,3,37,711,69,N,78744,1,2,3,3,10,,,,Y,SOUTHSIDE WRECKER INC,8200 S. CONGRESS AVE,N,,,,,,,,,,,,,,,,,,,,,,0,,,,,,,,,,1,1,0,1,0,0,0,1,0,,,,,,,,
16973606,2,1,N,N,43,5J6YH18616L010600,2006,2,44,760,69,N,78741,2,,4,3,2,,,,Y,EZ AUTO AND TOWING SERVICE,EZ AUTO AND TOWING SERVICE,N,,,,,,,,,,,,,,,,,,,,,,20,,,,,,,,,,3,1,0,1,0,1,0,1,0,,,,,,,,
16973607,1,1,N,N,43,3VWPF71K87M089164,2007,2,96,316,104,N,78617,1,1,2,5,12,,,,,HARPERS,HARPERS TOWING SERVICE INC,N,,,,,,,,,,,,,,,,,,,,,,44,,,,,,,,,,5,1,0,0,1,0,0,1,0,,,,,,,,
16973607,2,1,N,N,43,1FT8W3BT3FEC37104,2015,2,37,2326,30,N,78701,1,1,6,1,6,,,,,,,N,,,,,,,,,,,,,,,,,,,,,,0,,,,,,,,,,5,1,0,0,0,1,0,0,0,,,,,,,,
16973649,1,1,N,N,43,3FA6P0K9XHR417256,2017,17,37,1097,104,N,78669,1,2,2,2,12,29,0,,N,620 LAKESIDE TOWING,620 LAKESIDE TOWING,N,,,,,,,,,,,,,,,,,,,,,,20,,,60,,,,,,,7,1,0,0,0,1,0,0,0,,,,,,,,
16973650,1,1,N,Y,43,KNAFU6A22C5638224,2012,9,55,1093,104,N,73301,2,,1,4,12,,,,N,620 LAKESIDE TOWING,620 LAKESIDE TOWING,N,,,,,,,,,,,,,,,,,,,,,,74,,,,,,,,,,11,1,0,0,0,0,1,0,0,,,,,,,,
16973652,1,1,N,N,43,2G1WB5E37G1187510,2016,17,107,53,104,N,78729,1,1,2,4,12,,,,N,SPECIAL AUTOMOTIVE SERVICE INC,SPECIAL AUTOMOTIVE SERVICE INC,N,,,,,,,,,,,,,,,,,,,,,,67,,,,,,,,,,1,1,0,0,0,1,0,0,0,,,,,,,,
16973652,2,1,N,N,43,WMEEJ3BA9FK811160,2015,21,570,2544,100,N,08054,2,,6,4,6,2,4,12,N,A-TEX TOWING,A-TEX TOWING,N,,,,,,,,,,,,,,,,,,,,,,0,,,,,,,,,,1,1,0,0,1,0,0,1,0,,,,,,,,
16973652,3,1,N,N,43,5GALRCED3AJ174738,2010,,105,1041,104,N,78725,1,1,6,4,6,,,,N,EZ AUTO AND TOWING SERVICE,EZ AUTO AND TOWING SERVICE,N,,,,,,,,,,,,,,,,,,,,,,67,,,,,,,,,,1,2,0,0,1,0,0,1,0,,,,,,,,
16973653,1,1,N,N,43,1N4AB7APXDN903256,2013,3,71,341,104,N,78610,1,1,2,1,12,,,,Y,SPECIAL AUTOMOTIVE SERVICE INC,SPECIAL AUTOMOTIVE SERVICE INC,N,,,,,,,,,,,,,,,,,,,,,,0,,,,,,,,,,5,1,0,0,0,3,0,0,0,,,,,,,,
16973653,2,1,N,N,43,5N1AL0MM5DC318088,2013,2,47,2389,104,N,78703,1,1,6,1,6,1,1,12,N,,,N,,,,,,,,,,,,,,,,,,,,,,0,,,,,,,,,,5,1,0,0,0,1,0,0,0,,,,,,,,
16973653,3,1,N,N,43,5UXXW7C52J0W64202,2018,2,14,21,104,N,78704,1,1,6,0,12,,,,N,,,N,,,,,,,,,,,,,,,,,,,,,,0,,,,,,,,,,5,2,0,0,0,1,0,0,0,,,,,,,,
16973654,1,1,N,N,43,1G1PG5SB8D7282125,2013,16,107,2209,104,N,78721,1,2,15,4,9,,,,N,A & A WRECKER NORTH,A & A WRECKER NORTH,N,,,,,,,,,,,,,,,,,,,,,,34,,,,,,,,,,6,1,0,0,1,0,0,1,0,,,,,,,,
16973654,2,1,N,N,43,JM3TB28A390181177,2009,16,63,1009,104,N,76011,1,2,2,2,12,,,,N,NOT TOWED,NOT TOWED,N,,,,,,,,,,,,,,,,,,,,,,0,,,,,,,,,,8,1,0,0,1,0,0,1,0,,,,,,,,
16973655,1,1,N,N,43,1HGCP26488A165574,2008,9,44,236,104,N,78750,1,1,2,5,12,,,,N,,,N,,,,,,,,,,,,,,,,,,,,,,20,,,,,,,,,,5,1,0,0,0,1,0,0,0,,,,,,,,
16973655,2,1,N,N,43,JM3ER2W58A0327880,2010,9,63,272,104,N,78642,1,1,6,3,6,,,,N,,,N,,,,,,,,,,,,,,,,,,,,,,0,,,,,,,,,,5,1,0,0,0,1,0,0,0,,,,,,,,
16973656,1,1,N,N,43,JF2GPAKC8E8336612,2014,2,85,168,104,N,78757,1,1,2,4,12,,,,N,ARMADA TOWING,ARMADA TOWING,N,,,,,,,,,,,,,,,,,,,,,,,,,20,,,,,,,1,1,0,0,0,1,0,0,0,,,,,,,,
16973656,2,1,N,N,43,1C4SDJCT9HC766716,2017,9,109,635,104,N,76262,1,1,6,4,6,,,,N,,,N,,,,,,,,,,,,,,,,,,,,,,0,,,,,,,,,,1,1,0,0,0,1,0,0,0,,,,,,,,
16973657,1,1,N,N,43,1HGCR2F73FA085858,2015,10,44,236,104,N,,1,2,12,4,3,,,,N,ROCHAS TOWING SERVICE,,N,,,,,,,,,,,,,,,,,,,,,,0,,,,,,,,,,6,1,0,0,0,2,0,0,0,,,,,,,,
16973657,2,1,N,N,43,2HGFA15598H513242,2008,9,44,256,104,N,78722,1,2,11,3,9,,,,N,STARS TOWING,,N,,,,,,,,,,,,,,,,,,,,,,0,,,,,,,,,,7,1,0,0,0,1,0,0,0,,,,,,,,
16973658,1,1,N,N,43,1NXBR32E65Z545883,2005,21,91,173,104,N,78957,1,2,2,4,12,,,,N,ROCHAS TOWING SERVICE,ROCHAS TOWING SERVICE,N,,,,,,,,,,,,,,,,,,,,,,44,,,20,,,,,,,7,1,0,0,0,1,0,0,0,,,,,,,,
16973658,2,1,N,N,43,1FTFX1CFXEKD27447,2014,21,37,2324,30,N,78945,4,,7,1,6,,,,N,NA,NA,N,,,,,,,,,,,,,,,,,,,,,,0,,,,,,,,,,7,1,0,0,0,1,0,0,0,,,,,,,,
16973659,1,1,N,N,43,1FTFW1CT8DKE70212,2013,21,37,2324,30,N,78729,1,2,10,3,3,,,,Y,620 LAKESIDE TOWING,620 LAKESIDE TOWING,N,,,,,,,,,,,,,,,,,,,,,,37,,,,,,,,,,6,1,0,0,0,2,0,0,0,,,,,,,,
16973659,2,1,N,N,43,3CZRE38368G701281,2008,11,44,605,69,N,78750,1,2,2,4,12,,,,Y,620 LAKESIDE TOWING,620 LAKESIDE TOWING,N,,,,,,,,,,,,,,,,,,,,,,0,,,,,,,,,,2,1,1,0,0,0,0,1,0,,,,,,,,
16973660,1,1,N,N,43,4T1BE46K39U337743,2009,16,91,380,104,N,78730,1,2,2,3,12,,,,N,,,N,,,,,,,,,,,,,,,,,,,,,,20,,,,,,,,,,8,1,0,0,0,1,0,0,0,,,,,,,,
16973660,2,1,N,N,43,JTKJF5C76GJ022204,2016,9,91,2573,100,N,,1,2,6,2,6,,,,N,,,N,,,,,,,,,,,,,,,,,,,,,,0,,,,,,,,,,8,1,0,0,0,1,0,0,0,,,,,,,,
16973661,1,1,N,N,43,5N3AA08A85N800105,2005,10,47,2396,69,N,,1,1,9,4,9,,,,N,HARPERS TOWING SERVICE INC,HARPERS TOWING SERVICE INC,N,,,,,,,,,,,,,,,,,,,,,,15,,,20,,,,,,,7,1,0,0,0,1,0,0,0,,,,,,,,
16973661,2,1,N,N,43,1GKFC13037R271714,2007,9,39,479,69,N,,1,1,2,4,12,,,,N,EZ AUTO AND TOWING SERVICE,EZ AUTO AND TOWING SERVICE,N,,,,,,,,,,,,,,,,,,,,,,0,,,,,,,,,,1,1,0,0,0,1,0,0,0,,,,,,,,
16973662,1,1,N,N,43,3N1AB7AP1JY220230,2018,2,71,341,104,N,95865,1,2,2,5,12,,,,N,ROCHAS TOWING SERVICE,ROCHAS TOWING SERVICE,N,,,,,,,,,,,,,,,,,,,,,,44,19,,,,,,,,,3,1,0,0,1,0,0,1,0,,,,,,,,
16973662,2,1,N,N,76,3FAHP0HA3AR410410,2010,2,37,1097,104,N,78702,1,2,6,3,6,,,,N,,,N,,,,,,,,,,,,,,,,,,,,,,0,,,,,,,,,,3,1,0,0,1,1,0,1,0,,,,,,,,
16974839,1,1,N,N,43,JNKCV51E94M614628,2004,2,47,764,104,N,78753,1,2,2,1,12,,,,Y,,,N,,,,,,,,,,,,,,,,,,,,,,45,,,,,,,,,,5,1,0,0,0,1,0,0,0,,,,,,,,
16974839,2,1,N,N,43,1ZVHT80N565249262,2006,2,37,96,100,N,78701,1,2,6,1,6,,,,N,,,N,,,,,,,,,,,,,,,,,,,,,,0,,,,,,,,,,5,1,0,2,0,1,0,2,0,,,,,,,,
16975398,1,1,N,N,43,JF2SKACC2KH429726,2019,2,85,646,69,N,76101,1,2,3,1,11,,,,N,,,N,,,,,,,,,,,,,,,,,,,,,,16,,,,,,,,,,7,1,0,0,0,1,0,0,0,,,,,,,,
16975398,2,3,,,,,,,,,,,,,,,,,,,,,,,,,,,,,,,,,,,,,,,,,,,,,0,,,,,,,,,,9,1,0,0,1,0,0,1,0,,,,,,,,
16975728,1,1,N,N,43,1J4FT78S3PL508885,1993,,429,970,104,N,78747,1,1,7,6,7,,,,N,ROCHAS TOWING SERVICE,ROCHAS TOWING SERVICE,N,,,,,,,,,,,,,,,,,,,,,,0,,,,,,,,,,11,1,0,0,0,1,0,0,0,,,,,,,,
16975728,2,1,N,N,43,2HKRM3H79GH556710,2016,,44,605,103,N,78758,1,1,2,4,11,,,,N,STARS TOWING,STARS TOWING,N,,,,,,,,,,,,,,,,,,,,,,0,,,,,,,,,,11,1,0,0,0,1,0,0,0,,,,,,,,
16975729,1,1,N,N,42,4V4NC9EH4GN957751,2016,16,98,185,87,N,394010,1,7,7,0,8,,,,N,,,Y,Y,N,N,1,2,37933,7,80000,0,N,,,,,13,14,,,,,,0,,,,,,,,,,2,1,0,0,0,1,0,0,0,N,0,,,,,N,
16975729,2,6,,,,,,,,,,,,,,,,,,,,,,,,,,,,,,,,,,,,,,,,,,,,,0,,,,,,,,,,9,2,0,0,0,0,0,0,0,,,0,0,1,N,,
16975729,3,1,Y,N,43,4USCH7333WLE08727,1998,3,14,565,100,N,78665,1,1,10,4,3,15,4,9,N,AVILES & GABES WRECKER SERVICE INC.,AVILES & GABES WRECKER SERVICE INC.,N,,,,,,,,,,,,,,,,,,,,,,0,,,,,,,,,,6,1,0,0,0,0,0,0,0,,,,,,,,
16975730,1,1,N,N,43,5NPE24AF4HH547944,2017,3,45,462,0,N,78752,1,2,4,4,3,,,,,ARMADA TOWING,ARMADA TOWING,N,,,,,,,,,,,,,,,,,,,,,,0,,,,,,,,,,11,1,0,0,0,0,1,0,0,,,,,,,,
16975730,2,1,N,N,43,1FADP5CU7EL501343,2014,16,37,101,0,N,78660,1,2,4,1,4,,,,,,,N,,,,,,,,,,,,,,,,,,,,,,0,,,,,,,,,,11,1,0,0,0,0,1,0,0,,,,,,,,
16975730,3,1,N,N,43,19UUA86549A019711,2009,17,1,564,0,N,80911,1,2,3,6,10,,,,,620 LAKESIDE TOWING,620 LAKESIDE TOWING,N,,,,,,,,,,,,,,,,,,,,,,0,,,,,,,,,,11,2,0,0,0,0,1,0,0,,,,,,,,
16975731,1,1,N,N,43,WBAET37405NJ85228,2005,9,14,523,104,N,78734,1,1,11,2,1,13,2,1,Y,AUS-TEX AUTO ENTERPRISES LLC,AUS-TEX AUTO ENTERPRISES LLC,N,,,,,,,,,,,,,,,,,,,,,,67,,,68,,,,,,,6,1,0,0,0,3,0,0,0,,,,,,,,
16975732,1,1,N,N,43,1C3CDZAB1DN541478,2013,11,109,549,104,N,78745,1,1,2,2,11,,,,Y,ROCHAS TOWING SERVICE,ROCHAS TOWING SERVICE,N,,,,,,,,,,,,,,,,,,,,,,35,,,,,,,,,,1,1,0,0,0,1,0,0,0,,,,,,,,
16975732,2,1,N,N,43,JT2BG22K0W0112930,1998,18,91,380,104,N,78739,1,1,2,3,12,,,,Y,A-TEX TOWING,5526 1/2 W HWY 290,N,,,,,,,,,,,,,,,,,,,,,,0,,,,,,,,,,3,1,0,1,0,0,0,1,0,,,,,,,,
16975734,1,1,N,N,43,5NPE34AF2HH509092,2017,21,45,462,104,N,78736,1,2,4,3,2,,,,N,SOUTHSIDE WRECKER INC,8200 S. CONGRESS AVE,N,,,,,,,,,,,,,,,,,,,,,,37,,,,,,,,,,5,1,0,0,0,1,0,0,0,,,,,,,,
16975734,2,1,N,N,43,5YFBURHE1EP095764,2014,2,91,173,104,N,78756,1,2,2,5,12,,,,N,,,N,,,,,,,,,,,,,,,,,,,,,,0,,,,,,,,,,1,1,0,0,0,1,0,0,0,,,,,,,,
16975735,1,1,N,N,43,1N4AL3AP8EC109438,2014,21,71,500,104,N,75001,1,1,2,2,,,,,N,,,N,,,,,,,,,,,,,,,,,,,,,,22,,,,,,,,,,4,1,0,0,0,1,0,0,0,,,,,,,,
16975735,2,1,N,N,43,5NPEB4AC3DH657853,2013,2,45,462,104,N,78640,1,1,6,2,6,2,2,12,N,,,N,,,,,,,,,,,,,,,,,,,,,,0,,,,,,,,,,4,1,0,1,0,3,0,1,0,,,,,,,,
16975735,3,1,N,N,43,1FM5K8FH3JGA16094,2018,2,37,554,69,N,78248,1,1,6,2,6,,,,N,,,N,,,,,,,,,,,,,,,,,,,,,,0,,,,,,,,,,4,2,0,0,0,1,0,0,0,,,,,,,,
16975736,1,1,N,N,43,SHHFK7H20HU219524,2017,17,44,256,104,N,78640,1,2,3,5,10,,,,N,,,N,,,,,,,,,,,,,,,,,,,,,,20,,,,,,,,,,3,1,0,0,0,1,0,0,0,,,,,,,,
16975736,2,1,N,N,43,2HGFB2F91DH515727,2013,9,44,256,104,N,77406,1,2,16,5,4,,,,,,,N,,,,,,,,,,,,,,,,,,,,,,0,,,,,,,,,,5,1,0,0,1,2,0,1,0,,,,,,,,
16975737,1,1,N,N,43,2G2WP552981128822,2008,5,118,154,104,N,78415,1,1,3,6,11,,,,Y,SOUTHSIDE WRECKER INC,8200 S. CONGRESS AVE,N,,,,,,,,,,,,,,,,,,,,,,45,,,,,,,,,,7,1,0,0,0,1,0,0,0,,,,,,,,
16975737,2,1,N,N,43,5YFBURHE3FP343904,2015,21,91,173,104,N,78753,1,1,3,2,11,,,,N,,,N,,,,,,,,,,,,,,,,,,,,,,0,,,,,,,,,,7,1,0,0,0,1,0,0,0,,,,,,,,
16975738,1,1,N,N,43,1HGCR2F52EA202522,2014,16,44,236,104,N,78727,1,1,15,6,8,,,,N,620 LAKESIDE TOWING,620 LAKESIDE TOWING,N,,,,,,,,,,,,,,,,,,,,,,20,,,,,,,,,,2,1,0,0,0,3,0,0,0,,,,,,,,
16975738,2,1,N,N,43,WBAPH7C58BE131381,2011,2,14,652,104,N,78681,1,1,2,6,12,,,,N,620 LAKESIDE TOWING,620 LAKESIDE TOWING,N,,,,,,,,,,,,,,,,,,,,,,0,,,,,,,,,,4,1,0,0,0,1,0,0,0,,,,,,,,
16975739,1,1,N,N,43,1GNEC13ZX4R196146,2004,3,107,547,69,N,78660,1,2,8,1,6,,,,N,,,N,,,,,,,,,,,,,,,,,,,,,,0,,,,,,,,,,1,1,0,0,0,1,0,0,0,,,,,,,,
16975739,2,1,N,N,43,1FTNS24L46DB34298,2006,21,37,600,103,N,78634,1,2,3,2,11,,,,N,TOW TIME,TOW TIME,N,,,,,,,,,,,,,,,,,,,,,,0,,,,,,,,,,1,1,0,0,0,1,0,0,0,,,,,,,,
16975741,1,1,N,N,43,1GCEC19TXYZ155680,2000,18,107,2202,106,N,78753,1,1,16,4,3,,,,N,ATX-VIP TOWING SERVICES,,N,,,,,,,,,,,,,,,,,,,,,,20,15,,,,,,,,,5,1,0,0,0,1,0,0,0,,,,,,,,
16975741,2,1,N,N,43,4S4BSENC2J3218360,2018,,85,1268,104,N,78757,1,1,2,6,12,,,,Y,AVILES & GABES WRECKER SERVICE INC.,,N,,,,,,,,,,,,,,,,,,,,,,0,,,,,,,,,,3,1,0,0,0,1,0,0,0,,,,,,,,
16975742,1,1,N,N,43,JHMGE8H31BS004335,2011,,44,1083,104,N,76541,1,1,2,4,11,,,,N,,,N,,,,,,,,,,,,,,,,,,,,,,0,,,,,,,,,,11,1,0,0,0,1,0,0,0,,,,,,,,
16975742,2,1,N,N,43,5NPDH4AEXDH358498,2013,,45,480,104,N,,1,1,6,3,6,,,,N,,,N,,,,,,,,,,,,,,,,,,,,,,0,,,,,,,,,,11,1,0,0,0,1,0,0,0,,,,,,,,
16975743,1,1,N,Y,43,JNRAS08UX7X100517,2007,18,47,2385,69,N,78729,2,,7,1,6,,,,N,NONE,NONE,N,,,,,,,,,,,,,,,,,,,,,,3,,,,,,,,,,11,1,0,0,0,1,0,0,0,,,,,,,,
16975743,2,1,Y,N,43,1GTCS13E878179971,2007,21,39,958,30,N,78752,1,2,14,3,3,,,,N,NONE,NONE,N,,,,,,,,,,,,,,,,,,,,,,0,,,,,,,,,,11,1,0,0,0,2,0,0,0,,,,,,,,
16975743,3,4,,,,,,,,,,,,,,,,,,,,,,,,,,,,,,,,,,,,,,,,,,,,,0,,,,,,,,,,9,2,0,1,0,0,0,1,0,,,,,,,,
16975743,4,4,,,,,,,,,,,,,,,,,,,,,,,,,,,,,,,,,,,,,,,,,,,,,0,,,,,,,,,,9,2,0,0,1,0,0,1,0,,,,,,,,
16975745,1,1,N,N,43,2MEFM74W8YX666444,2000,17,114,1114,104,N,78745,2,,2,3,11,,,,Y,EZ AUTO AND TOWING SERVICE,EZ AUTO AND TOWING SERVICE,N,,,,,,,,,,,,,,,,,,,,,,0,,,,,,,,,,1,1,0,0,1,0,0,1,0,,,,,,,,
16975745,2,1,N,N,43,1FA6P8TH1F5310343,2015,16,37,96,100,N,78744,1,2,3,4,11,2,3,12,N,ATX-VIP TOWING SERVICES,ATX-VIP TOWING SERVICES,N,,,,,,,,,,,,,,,,,,,,,,0,,,,,,,,,,5,1,0,0,0,1,0,0,0,,,,,,,,
16975746,1,1,N,N,43,1NXBR32E18Z945323,2008,3,91,173,104,N,78759,1,1,2,3,12,,,,N,ROCHAS TOWING SERVICE,ROCHAS TOWING SERVICE,N,,,,,,,,,,,,,,,,,,,,,,22,,,,,,,,,,4,1,0,0,0,1,0,0,0,,,,,,,,