Crash_ID,Unit_Nbr,Unit_Desc_ID,Veh_Parked_Fl,Veh_HNR_Fl,Veh_Lic_State_ID,VIN,Veh_Mod_Year,Veh_Color_ID,Veh_Make_ID,Veh_Mod_ID,Veh_Body_Styl_ID,Emer_Respndr_Fl,Ownr_Zip,Fin_Resp_Proof_ID,Fin_Resp_Type_ID,Veh_Dmag_Area_1_ID,Veh_Dmag_Scl_1_ID,Force_Dir_1_ID,Veh_Dmag_Area_2_ID,Veh_Dmag_Scl_2_ID,Force_Dir_2_ID,Veh_Inventoried_Fl,Veh_Transp_Name,Veh_Transp_Dest,Veh_Cmv_Fl,Cmv_Fiveton_Fl,Cmv_Hazmat_Fl,Cmv_Nine_Plus_Pass_Fl,Cmv_Veh_Oper_ID,Cmv_Carrier_ID_Type_ID,Cmv_Carrier_Zip,Cmv_Veh_Type_ID,Cmv_GVWR,Cmv_RGVW,Cmv_Hazmat_Rel_Fl,Hazmat_Cls_1_ID,Hazmat_IDNbr_1_ID,Hazmat_Cls_2_ID,Hazmat_IDNbr_2_ID,Cmv_Cargo_Body_ID,Cmv_Evnt1_ID,Cmv_Evnt2_ID,Cmv_Evnt3_ID,Cmv_Evnt4_ID,Cmv_Tot_Axle,Cmv_Tot_Tire,Contrib_Factr_1_ID,Contrib_Factr_2_ID,Contrib_Factr_3_ID,Contrib_Factr_P1_ID,Contrib_Factr_P2_ID,Veh_Dfct_1_ID,Veh_Dfct_2_ID,Veh_Dfct_3_ID,Veh_Dfct_P1_ID,Veh_Dfct_P2_ID,Veh_Trvl_Dir_ID,First_Harm_Evt_Inv_ID,Sus_Serious_Injry_Cnt,Nonincap_Injry_Cnt,Poss_Injry_Cnt,Non_Injry_Cnt,Unkn_Injry_Cnt,Tot_Injry_Cnt,Death_Cnt,Cmv_Disabling_Damage_Fl,Cmv_Bus_Type_ID,Trlr_GVWR,Trlr_RGVW,Trlr_Type_ID,Trlr_Disabling_Dmag_ID,Cmv_Intermodal_Container_Permit_Fl,CMV_Actual_Gross_Weight
16979518,2,1,N,Y,113,,,99,,,0,N,,,,,,,,,,N,,,N,,,,,,,,,,,,,,,,,,,,,,0,,,,,,,,,,1,1,0,0,0,0,1,0,0,,,,,,,,
16979519,1,1,N,N,43,1D3HB13P09S742516,2009,9,109,2275,30,N,78745,1,1,13,3,9,3,1,12,Y,EZ AUTO AND TOWING SERVICE,EZ AUTO AND TOWING SERVICE,N,,,,,,,,,,,,,,,,,,,,,,,,,20,,,,,,,8,1,0,1,0,1,0,1,0,,,,,,,,
16979519,2,1,N,N,43,5N1AN0NU8FN652115,2015,9,71,694,69,N,78737,1,1,2,3,12,,,,Y,620 LAKESIDE TOWING,620 LAKESIDE TOWING,N,,,,,,,,,,,,,,,,,,,,,,,,,20,,,,,,,2,1,0,1,0,0,0,1,0,,,,,,,,
16979520,1,1,N,N,43,2GTEC19K7R1516798,1994,2,39,105,30,N,78721,1,1,14,1,3,,,,Y,620 LAKESIDE TOWING,5526 1/2 W HWY 290,N,,,,,,,,,,,,,,,,,,,,,,0,,,,,,,,,,3,1,0,0,0,1,0,0,0,,,,,,,,
16979520,2,1,N,N,43,3GNCA23B29S580271,2009,2,107,2809,104,N,78744,1,1,2,1,1,,,,Y,EZ AUTO AND TOWING SERVICE,5526 1/2 W HWY 290,N,,,,,,,,,,,,,,,,,,,,,,0,,,,,,,,,,7,1,0,1,0,1,0,1,0,,,,,,,,
16979521,1,1,N,N,43,1J4G248S1YC223531,2000,9,429,970,104,N,78748,2,,2,7,12,18,7,12,Y,ROCHAS TOWING SERVICE,ROCHAS TOWING SERVICE,N,,,,,,,,,,,,,,,,,,,,,,60,,,45,,,,,,,2,1,0,1,1,0,0,2,0,,,,,,,,
16979522,1,1,N,N,43,5N1AR2MM7FC707151,2015,21,71,531,69,N,78735,1,2,10,3,3,,,,Y,A-TEX TOWING,ATX-VIP TOWING SERVICES,N,,,,,,,,,,,,,,,,,,,,,,67,,,,,,,,,,6,1,0,0,0,1,0,0,0,,,,,,,,
16979522,2,1,N,N,43,19XFC1F41HE024344,2017,21,44,256,104,N,78634,1,2,3,3,11,,,,Y,EZ AUTO AND TOWING SERVICE,EZ AUTO AND TOWING SERVICE,N,,,,,,,,,,,,,,,,,,,,,,0,,,,,,,,,,2,1,0,3,0,0,0,3,0,,,,,,,,
16979523,1,1,N,N,43,3N1CN7AP6HL868251,2017,9,71,1452,104,N,78704,2,,14,5,3,,,,N,A-TEX TOWING,A-TEX TOWING,N,,,,,,,,,,,,,,,,,,,,,,16,,,,,,,,,,5,1,0,0,0,1,0,0,0,,,,,,,,
16979523,2,1,N,N,43,3C3CFFDR8CT150375,2012,2,35,2956,100,N,78722,2,,4,4,12,10,3,5,N,EZ AUTO AND TOWING SERVICE,EZ AUTO AND TOWING SERVICE,N,,,,,,,,,,,,,,,,,,,,,,0,,,,,,,,,,3,1,0,0,1,0,0,1,0,,,,,,,,
16979525,1,1,N,N,43,1FTRX17203KA98522,2003,17,37,2324,30,N,78759,1,2,3,5,11,,,,N,STARS TOWING,STARS TOWING,N,,,,,,,,,,,,,,,,,,,,,,44,,,,,,,,,,4,1,0,0,0,1,0,0,0,,,,,,,,
16979525,2,1,N,N,43,1FT7W2BT1HEC30709,2017,21,37,2325,30,N,78737,1,2,8,2,6,,,,N,,,N,,,,,,,,,,,,,,,,,,,,,,0,,,,,,,,,,4,1,0,0,0,3,0,0,0,,,,,,,,
16979526,1,1,N,N,43,1C4RJEAG5GC428829,2016,16,429,1116,69,N,78733,1,2,2,3,12,,,,N,NA,NA,N,,,,,,,,,,,,,,,,,,,,,,74,,,,,,,,,,1,1,0,0,0,3,0,0,0,,,,,,,,
16979526,2,1,N,N,43,JM3KE2CY1G0727852,2016,2,63,272,104,N,78758,1,2,3,4,11,,,,Y,STARS TOWING,STARS TOWING,N,,,,,,,,,,,,,,,,,,,,,,74,,,,,,,,,,1,1,0,0,0,1,0,0,0,,,,,,,,
16979527,1,1,N,N,43,1G1ZB5ST5JF241923,2018,17,107,56,104,N,78724,2,,3,2,11,,,,N,,,N,,,,,,,,,,,,,,,,,,,,,,37,,,,,,,,,,1,1,0,0,0,1,0,0,0,,,,,,,,
16979527,2,1,N,N,43,3N1CB51D75L566465,2005,17,71,341,104,N,78724,1,2,3,3,11,,,,N,STARS TOWING,OWNERS RESIDENCE/REQUEST,N,,,,,,,,,,,,,,,,,,,,,,0,,,,,,,,,,5,1,0,0,2,0,0,2,0,,,,,,,,
16979528,1,1,N,N,43,ZD4KEU004HS000556,2017,17,6,2642,71,N,78734,1,1,26,1,,,,,N,620 LAKESIDE TOWING,620 LAKESIDE TOWING,N,,,,,,,,,,,,,,,,,,,,,,20,,,,,,,,,,3,1,1,0,0,0,0,1,0,,,,,,,,
16979529,1,1,N,N,43,1FTRF07W51KC65325,2001,,37,2324,30,N,78702,1,1,2,5,12,,,,Y,EZ AUTO AND TOWING SERVICE,EZ AUTO AND TOWING SERVICE,N,,,,,,,,,,,,,,,,,,,,,,64,60,,,,,,,,,4,1,0,0,0,1,0,0,0,,,,,,,,
16979529,2,1,N,N,43,3FAHP0HA2CR251480,2012,3,37,1097,104,N,78702,2,,3,6,12,6,4,6,Y,EZ AUTO AND TOWING SERVICE,EZ AUTO AND TOWING SERVICE,N,,,,,,,,,,,,,,,,,,,,,,0,,,,,,,,,,1,1,0,0,0,2,0,0,0,,,,,,,,
16979529,3,1,N,N,43,5N1AR2MN0GC655632,2016,21,71,531,69,N,78753,1,1,11,2,10,13,2,9,N,,,N,,,,,,,,,,,,,,,,,,,,,,0,,,,,,,,,,1,2,0,0,0,4,0,0,0,,,,,,,,
16979529,4,1,N,N,43,JHMZF1D61DS000818,2013,2,44,2369,100,N,78602,1,1,2,4,12,,,,Y,DENVERS TOWING,DENVERS TOWING,N,,,,,,,,,,,,,,,,,,,,,,0,,,,,,,,,,1,2,0,0,0,2,0,0,0,,,,,,,,
16979530,1,1,N,N,43,1GCEK19T31E108734,2001,18,107,658,30,N,78617,1,1,2,3,12,,,,N,NOT TOWED,NOT TOWED,N,,,,,,,,,,,,,,,,,,,,,,20,,,,,,,,,,5,1,0,0,0,1,0,0,0,,,,,,,,
16979530,2,1,N,N,43,JTDBU4EE3C9180454,2012,3,91,173,100,N,77479,1,1,6,6,6,,,,N,AUS-TEX AUTO ENTERPRISES LLC,AUS-TEX AUTO ENTERPRISES LLC,N,,,,,,,,,,,,,,,,,,,,,,0,,,,,,,,,,5,1,0,0,1,0,0,1,0,,,,,,,,
16979530,3,1,N,N,43,KNDJN2A29K7000347,2019,2,55,767,104,N,78254,1,1,6,3,12,,,,N,NOT TOWED,NOT TOWED,N,,,,,,,,,,,,,,,,,,,,,,0,,,,,,,,,,5,2,0,0,0,1,0,0,0,,,,,,,,
16979531,1,1,N,Y,43,W04GN5EC7B1142496,2011,17,105,28,104,N,,2,,2,4,12,,,,Y,AUS-TEX AUTO ENTERPRISES LLC,AUS-TEX AUTO ENTERPRISES LLC,N,,,,,,,,,,,,,,,,,,,,,,20,,,67,,,,,,,7,1,0,0,0,0,1,0,0,,,,,,,,
16979531,2,1,N,N,43,1C4AJWAG7EL225103,2014,21,429,1464,100,N,78757,1,2,2,4,12,6,4,6,N,,,N,,,,,,,,,,,,,,,,,,,,,,20,,,,,,,,,,7,1,0,0,0,1,0,0,0,,,,,,,,
16979531,3,1,N,N,43,KL7CJLSB6GB752081,2016,17,107,2248,104,N,78744,1,2,6,4,6,,,,N,,,N,,,,,,,,,,,,,,,,,,,,,,0,,,,,,,,,,7,2,0,0,0,1,0,0,0,,,,,,,,
16979531,4,1,N,N,43,JN8AS58T79W055926,2009,21,71,1310,104,N,78634,1,2,6,4,6,2,4,12,N,,,N,,,,,,,,,,,,,,,,,,,,,,0,,,,,,,,,,7,2,0,0,0,4,0,0,0,,,,,,,,
16979532,1,1,N,Y,43,2GCEC13VX61320630,2006,,107,658,30,N,77587,2,,3,6,11,,,,Y,EZ AUTO AND TOWING SERVICE,EZ AUTO AND TOWING SERVICE,N,,,,,,,,,,,,,,,,,,,,,,,,,20,45,,,,,,1,1,0,0,0,0,1,0,0,,,,,,,,
16979570,1,1,N,N,43,2G1FD1E31F9302606,2015,2,107,46,100,N,78634,1,2,2,1,12,,,,N,,,N,,,,,,,,,,,,,,,,,,,,,,44,,,20,,,,,,,5,1,0,0,0,1,0,0,0,,,,,,,,
16979570,2,1,N,N,43,1N4AL11D15N909027,2005,9,71,500,104,N,78745,1,2,6,4,6,2,4,12,Y,620 LAKESIDE TOWING,620 LAKESIDE TOWING,N,,,,,,,,,,,,,,,,,,,,,,0,,,,,,,,,,5,1,0,0,0,1,0,0,0,,,,,,,,
16979570,3,1,N,N,43,5J6RM3H72DL014267,2013,11,44,605,69,N,78745,1,2,6,1,6,,,,N,,,N,,,,,,,,,,,,,,,,,,,,,,0,,,,,,,,,,5,2,0,0,0,1,0,0,0,,,,,,,,
16979572,1,1,N,N,43,4T4BF3EK6BR152123,2011,3,91,380,104,N,78759,1,1,2,4,12,,,,N,,,N,,,,,,,,,,,,,,,,,,,,,,20,,,,,,,,,,7,1,0,0,0,1,0,0,0,,,,,,,,
16979572,2,1,N,N,43,3GCPCREC6EG565434,2014,9,107,2202,30,N,78753,1,1,15,2,9,,,,N,,,N,,,,,,,,,,,,,,,,,,,,,,0,,,,,,,,,,7,1,0,0,0,1,0,0,0,,,,,,,,
16979573,1,1,N,N,43,1N6BA06A48N328362,2008,16,71,1397,30,N,78660,1,1,2,2,12,,,,N,,,N,,,,,,,,,,,,,,,,,,,,,,20,,,,,,,,,,2,1,0,0,0,1,0,0,0,,,,,,,,
16979573,2,1,N,N,43,JTHBE1D26E5014408,2014,17,58,788,104,N,78729,1,1,6,2,6,2,2,12,N,,,N,,,,,,,,,,,,,,,,,,,,,,0,,,,,,,,,,2,1,0,0,0,1,0,0,0,,,,,,,,
16979573,3,1,N,N,43,5FNRL38616B405531,2006,17,44,571,103,N,78717,1,1,6,1,6,,,,N,,,N,,,,,,,,,,,,,,,,,,,,,,0,,,,,,,,,,2,2,0,0,0,1,0,0,0,,,,,,,,
16979574,1,1,N,N,43,1FMCU9DG7CKA67499,2012,3,37,711,69,N,78748,1,1,6,4,6,2,4,12,Y,EZ AUTO AND TOWING SERVICE,EZ AUTO AND TOWING SERVICE,N,,,,,,,,,,,,,,,,,,,,,,60,,,,,,,,,,5,1,0,0,1,0,0,1,0,,,,,,,,
16979574,2,1,N,N,43,1G6AB5SX0F0116560,2015,2,106,1381,100,N,78734,1,1,2,3,12,,,,N,NOT TOWED,NOT TOWED...DRIVEN BY OWNER,N,,,,,,,,,,,,,,,,,,,,,,0,,,,,,,,,,5,1,0,0,0,1,0,0,0,,,,,,,,
16979575,1,1,N,N,43,1N4AL3AP5FN882213,2015,9,71,500,104,N,78754,1,2,1,3,12,,,,Y,SPECIAL AUTOMOTIVE SERVICE INC,SPECIAL AUTOMOTIVE SERVICE INC,N,,,,,,,,,,,,,,,,,,,,,,0,,,,,,,,,,5,1,0,2,0,1,0,2,0,,,,,,,,
16979575,2,1,N,N,113,,,99,208,763,0,N,,2,,,,,,,,N,,,N,,,,,,,,,,,,,,,,,,,,,,0,,,,,,,,,,5,1,0,0,0,0,1,0,0,,,,,,,,
16979575,3,6,,,,,,,,,,,,,,,,,,,,,,,,,,,,,,,,,,,,,,,,,,,,,0,,,,,,,,,,9,2,0,0,0,1,0,0,0,,,,,,,,
16979576,1,1,N,N,43,1N4AL2APXBN478294,2011,16,71,69,104,N,78744,2,,2,5,12,,,,Y,AUS-TEX AUTO ENTERPRISES LLC,AUS-TEX AUTO ENTERPRISES LLC,N,,,,,,,,,,,,,,,,,,,,,,67,,,,,,,,,,1,1,0,0,0,2,0,0,0,,,,,,,,
16979577,1,1,N,N,43,1G1ZD5ST6KF122631,2019,18,107,56,104,N,77845,1,2,3,5,11,,,,N,ATX-VIP TOWING SERVICES,ATX-VIP TOWING SERVICES,N,,,,,,,,,,,,,,,,,,,,,,0,,,,,,,,,,1,1,0,0,2,0,0,2,0,,,,,,,,
16979577,2,1,N,N,43,1HGCR2F51EA152115,2014,3,44,236,104,N,77845,1,2,3,3,12,,,,N,ARMADA TOWING,ARMADA TOWING,N,,,,,,,,,,,,,,,,,,,,,,0,,,,,,,,,,3,1,0,0,1,0,0,1,0,,,,,,,,
16979578,1,1,N,N,43,1G8AF52F83Z123699,2003,2,81,515,104,N,78741,2,,2,1,12,,,,Y,,,N,,,,,,,,,,,,,,,,,,,,,,0,,,,,,,,,,6,1,0,0,0,1,0,0,0,,,,,,,,
16979580,1,1,N,N,43,5XYPG4A37HG260735,2017,11,55,767,69,N,78745,1,2,15,3,3,,,,Y,K & S TOWING,K & S TOWING,N,,,,,,,,,,,,,,,,,,,,,,,,,22,,,,,,,1,1,0,0,0,4,0,0,0,,,,,,,,
16979580,2,1,N,N,43,1GTHK23133F124889,2003,3,39,2341,30,N,78753,1,2,10,4,3,,,,Y,,,N,,,,,,,,,,,,,,,,,,,,,,,,,23,,,,,,,1,1,0,0,0,3,0,0,0,,,,,,,,
16979580,3,6,,,,,,,,,,,78753,,,,,,,,,,,,,,,,,,,,,,,,,,,,,,,,,,0,,,,,,,,,,9,2,0,0,0,0,0,0,0,,,,,,,,
16979581,1,1,N,N,43,4T1BK1EB6GU214489,2016,17,91,563,104,N,71913,1,2,2,2,12,,,,N,,,N,,,,,,,,,,,,,,,,,,,,,,20,,,,,,,,,,7,1,0,0,0,1,0,0,0,,,,,,,,
16979581,2,1,N,N,43,3VWD17AJ2FM417203,2015,2,96,316,104,N,78752,1,1,15,3,11,,,,N,A-TEX TOWING,AUS-TEX AUTO ENTERPRISES LLC,N,,,,,,,,,,,,,,,,,,,,,,0,,,,,,,,,,3,1,0,0,0,1,0,0,0,,,,,,,,
16979582,1,1,N,Y,43,YV4952CY7D1669787,2013,2,98,781,104,N,77433,1,2,8,1,3,,,,N,,,N,,,,,,,,,,,,,,,,,,,,,,74,,,,,,,,,,7,1,0,0,0,0,1,0,0,,,,,,,,
16979582,2,1,N,N,40,1C4NJDEB2ED820438,2014,17,429,983,104,N,29715,2,,11,1,9,,,,N,,,N,,,,,,,,,,,,,,,,,,,,,,0,,,,,,,,,,7,1,0,0,1,0,0,1,0,,,,,,,,
16979583,1,1,N,N,43,3C6TRVAG5JE113826,2018,21,109,2276,103,N,78660,2,,2,5,12,,,,N,LAKESIDE,620 LAKESIDE TOWING,N,,,,,,,,,,,,,,,,,,,,,,0,,,,,,,,,,3,1,0,0,0,1,0,0,0,,,,,,,,
16979583,2,1,N,N,43,JTMWFREV6HJ118612,2017,16,91,581,104,N,77836,1,2,6,5,6,,,,N,STAR,15500 DONNIE ST,N,,,,,,,,,,,,,,,,,,,,,,0,,,,,,,,,,3,1,0,0,1,0,0,1,0,,,,,,,,
16979584,1,1,N,N,43,4A32B3FF2BE005574,2011,21,68,392,104,N,78748,1,1,8,1,6,,,,N,,,N,,,,,,,,,,,,,,,,,,,,,,,,,20,,,,,,,3,1,0,0,0,1,0,0,0,,,,,,,,
16979584,2,3,,,,,,,,,,,,,,,,,,,,,,,,,,,,,,,,,,,,,,,,,,,,,0,,,,,,,,,,9,1,0,1,0,0,0,1,0,,,,,,,,
16979585,1,1,N,N,43,JF2GPADC5F8283561,2015,,85,2555,104,N,76354,1,1,3,2,12,,,,N,A & A WRECKER NORTH,A & A WRECKER NORTH,N,,,,,,,,,,,,,,,,,,,,,,0,,,,,,,,,,5,1,0,0,0,1,0,0,0,,,,,,,,
16979585,2,1,N,N,43,4C3AU52N0TE337860,1996,2,21,593,104,N,78752,1,1,8,1,6,,,,N,,,N,,,,,,,,,,,,,,,,,,,,,,0,,,,,,,,,,5,1,0,0,0,1,0,0,0,,,,,,,,
16979586,1,1,N,N,43,JT8BL69S330011813,2003,2,58,1130,104,N,78723,2,,2,2,1,,,,Y,ROCHAS TOWING SERVICE,ROCHAS TOWING SERVICE,N,,,,,,,,,,,,,,,,,,,,,,44,20,,,,,,,,,2,1,0,1,0,0,0,1,0,,,,,,,,
16979586,2,1,N,N,23,2NKHHM6X3AM273721,2010,21,54,1533,106,N,55317,1,2,5,0,6,,,,N,,,N,,,,,,,,,,,,,,,,,,,,,,0,,,,,,,,,,2,1,0,0,0,1,0,0,0,,,,,,,,
16979587,1,1,N,Y,43,2HGFG12609H542187,2009,17,44,256,104,N,,1,1,,,,,,,N,,,N,,,,,,,,,,,,,,,,,,,,,,,,,20,,,,,,,3,1,0,0,0,1,0,0,0,,,,,,,,
16979587,2,4,,,,,,,,,,,,,,,,,,,,,,,,,,,,,,,,,,,,,,,,,,,,,0,,,,,,,,,,9,1,0,1,0,0,0,1,0,,,,,,,,
16979588,1,1,N,Y,43,2HGFA16859H326106,2009,9,44,,104,N,78642,1,2,6,2,6,,,,,,,N,,,,,,,,,,,,,,,,,,,,,,74,,,,,,,,,,5,1,0,0,0,0,2,0,0,,,,,,,,
16979588,2,1,N,N,43,5N1AR2MN0FC698057,2015,17,71,531,104,N,78724,1,2,2,3,12,,,,N,,,N,,,,,,,,,,,,,,,,,,,,,,0,,,,,,,,,,1,1,0,2,0,0,2,2,0,,,,,,,,
16979591,1,1,N,N,43,1J4GA64198L575090,2008,2,429,1464,69,N,78705,1,2,4,2,1,,,,N,,,N,,,,,,,,,,,,,,,,,,,,,,0,,,,,,,,,,4,1,0,0,0,1,0,0,0,,,,,,,,
16979591,2,1,N,N,43,4T1CE38P94U823151,2004,2,91,686,104,N,78751,1,2,3,4,11,,,,Y,A-TEX TOWING,A-TEX TOWING,N,,,,,,,,,,,,,,,,,,,,,,0,,,,,,,,,,2,1,0,0,0,1,0,0,0,,,,,,,,
16979592,1,1,N,N,43,4RKYS92J8H9775766,2017,9,503,1934,47,N,78702,1,1,14,0,3,,,,N,,,Y,Y,N,Y,3,5,78702,4,58591,0,N,,,,,2,16,,,,,,,,,20,,,,,,,2,1,0,0,0,1,0,0,0,N,2,,,,,N,
16979592,2,3,,,,,,,,,,,,,,,,,,,,,,,,,,,,,,,,,,,,,,,,,,,,,,,,20,,,,,,,9,1,0,1,0,0,0,1,0,,,,,,,,
16979593,1,1,N,N,43,1C3EL46R64N394885,2004,21,21,593,104,N,78745,3,2,3,2,11,,,,Y,SOUTHSIDE WRECKER INC,8200 S. CONGRESS AVE,N,,,,,,,,,,,,,,,,,,,,,,0,,,,,,,,,,2,1,0,0,0,1,0,0,0,,,,,,,,
16979593,2,4,,,,,,,,,,,,,,,,,,,,,,,,,,,,,,,,,,,,,,,,,,,,,59,,,,,,,,,,9,1,0,0,0,0,0,0,1,,,,,,,,
16979595,1,1,N,N,43,1C6RR6LT2FS663581,2015,9,109,2275,30,N,78653,1,1,7,1,12,,,,Y,ARMADA TOWING,5526 1/2 W HWY 290,N,,,,,,,,,,,,,,,,,,,,,,19,,,,,,,,,,7,1,0,0,0,2,0,0,0,,,,,,,,
16979595,2,1,N,N,43,3GCUKREC1EG390550,2014,17,107,2202,30,N,78218,1,1,7,1,6,,,,N,,,N,,,,,,,,,,,,,,,,,,,,,,0,,,,,,,,,,7,1,0,0,0,7,0,0,0,,,,,,,,
16979603,1,1,N,Y,,,,,,,0,N,,,,,,,,,,,,,N,,,,,,,,,,,,,,,,,,,,,,4,22,,,,,,,,,2,1,0,0,0,0,1,0,0,,,,,,,,
16979603,2,1,N,N,43,KNDJT2A11A7106979,2010,21,55,1357,104,N,78728,1,2,2,7,12,,,,Y,EZ AUTO AND TOWING SERVICE,EZ AUTO AND TOWING SERVICE,N,,,,,,,,,,,,,,,,,,,,,,0,,,,,,,,,,2,1,0,1,0,0,0,1,0,,,,,,,,
16979758,1,1,N,N,43,1HGCG2241YA041877,2000,16,44,236,100,N,78640,1,1,4,2,1,,,,N,,,N,,,,,,,,,,,,,,,,,,,,,,,,,33,,,,,,,2,1,0,0,0,1,0,0,0,,,,,,,,
16979758,2,1,N,N,43,1FT7W2BT0JEC99994,2018,21,37,2325,30,N,78748,1,1,2,2,12,,,,N,,,N,,,,,,,,,,,,,,,,,,,,,,0,,,,,,,,,,8,1,0,0,0,1,0,0,0,,,,,,,,
16979759,1,1,N,N,43,4T1BE32K13U256828,2003,16,91,380,104,N,77433,1,2,2,4,12,,,,Y,SOUTHSIDE WRECKER INC,8200 S. CONGRESS AVE,N,,,,,,,,,,,,,,,,,,,,,,74,,,,,,,,,,1,1,0,0,1,0,0,1,0,,,,,,,,
16979761,1,1,N,N,43,1FTEW1CM4DKF30829,2013,2,37,2324,30,N,78758,1,1,2,5,12,,,,Y,ROCHAS TOWING SERVICE,ROCHAS TOWING SERVICE,N,,,,,,,,,,,,,,,,,,,,,,,,,20,60,,,,,,5,1,0,2,0,0,0,2,0,,,,,,,,
16979761,2,1,N,N,43,1FTEW1CP0HKC60465,2017,2,37,2324,30,N,78245,1,1,6,2,6,,,,N,,,N,,,,,,,,,,,,,,,,,,,,,,0,,,,,,,,,,5,1,0,1,0,0,0,1,0,,,,,,,,
16979762,1,1,N,N,43,1FMCU0F7XHUB60151,2017,9,37,711,69,N,78721,1,2,3,2,11,,,,,STARS TOWING,STARS TOWING,N,,,,,,,,,,,,,,,,,,,,,,,,,20,,,,,,,3,1,0,0,0,1,0,0,0,,,,,,,,
16979764,1,1,N,N,43,5FNRL38767B139420,2007,2,44,571,103,N,78702,2,,1,5,12,,,,N,ARMADA TOWING,ARMADA TOWING,N,,,,,,,,,,,,,,,,,,,,,,22,,,,,,,,,,11,1,0,0,0,2,0,0,0,,,,,,,,
16979764,2,1,N,N,43,4T1B11HK2JU047229,2018,2,91,380,104,N,78754,1,1,5,6,6,1,6,12,N,STARS TOWING,STARS TOWING,N,,,,,,,,,,,,,,,,,,,,,,0,,,,,,,,,,11,1,0,0,2,0,0,2,0,,,,,,,,
16979764,3,1,N,N,43,5XXGN4A77FG452926,2015,16,55,715,104,N,78728,1,1,5,3,6,,,,N,,,N,,,,,,,,,,,,,,,,,,,,,,0,,,,,,,,,,11,2,0,0,1,1,0,1,0,,,,,,,,
16979766,1,1,N,N,43,YV4CY982181443583,2008,17,98,781,69,N,78613,1,1,2,5,12,,,,N,,,N,,,,,,,,,,,,,,,,,,,,,,74,,,,,,,,,,1,1,0,0,0,1,0,0,0,,,,,,,,
16979766,2,1,N,N,43,KMHDH4AE1BU095252,2011,2,45,480,104,N,78681,1,1,2,4,12,6,4,6,Y,620 LAKESIDE TOWING,620 LAKESIDE TOWING,N,,,,,,,,,,,,,,,,,,,,,,0,,,,,,,,,,1,1,0,0,1,0,0,1,0,,,,,,,,
16979766,3,1,N,N,43,5XYZU4LA6HG402022,2017,3,45,713,69,N,78728,1,1,2,4,6,,,,Y,ATX-VIP TOWING SERVICES,ATX-VIP TOWING SERVICES,N,,,,,,,,,,,,,,,,,,,,,,0,,,,,,,,,,1,2,0,0,0,1,0,0,0,,,,,,,,
16979769,1,1,N,N,43,1GNDS13S152127437,2005,17,107,732,104,N,78749,1,2,3,6,11,,,,Y,ATX-VIP TOWING SERVICES,ATX-VIP TOWING SERVICES,N,,,,,,,,,,,,,,,,,,,,,,45,,,,,,,,,,1,1,0,1,0,0,0,1,0,,,,,,,,
16979772,1,1,N,N,43,1FA6P8CF0F5358138,2015,9,37,96,100,N,78641,1,1,2,6,12,8,3,7,Y,STARS TOWING,STARS TOWING,N,,,,,,,,,,,,,,,,,,,,,,20,40,,,,,,,,,5,1,0,0,1,0,0,1,0,,,,,,,,
16979772,2,1,N,N,43,JM3KE2DY1F0528636,2015,2,63,2471,69,N,78724,1,1,7,4,7,,,,N,620 LAKESIDE TOWING,620 LAKESIDE TOWING,N,,,,,,,,,,,,,,,,,,,,,,0,,,,,,,,,,1,1,0,0,0,1,0,0,0,,,,,,,,
16979776,1,1,N,N,43,JA4AD3A31JJ004180,2019,17,68,775,104,N,75785,2,,3,3,10,,,,Y,AUS-TEX AUTO ENTERPRISES LLC,AUS-TEX AUTO ENTERPRISES LLC,N,,,,,,,,,,,,,,,,,,,,,,45,,,,,,,,,,3,1,0,0,0,1,0,0,0,,,,,,,,
16979776,2,1,N,N,43,1NPCLK0X3KD625817,2019,,74,4067,106,N,78741,1,7,4,1,2,,,,,,,N,,,,,,,,,,,,,,,,,,,,,,0,,,,,,,,,,3,1,0,0,0,1,0,0,0,,,,,,,,
16979777,1,1,N,N,43,1J4FJ68S1TL336463,1996,10,429,970,104,N,78702,2,,7,1,9,,,,N,,,N,,,,,,,,,,,,,,,,,,,,,,20,,,,,,,,,,5,1,0,0,0,1,0,0,0,,,,,,,,
16979777,2,1,N,N,43,1N4AL3APXFN306441,2015,21,71,500,104,N,78745,1,1,12,3,3,,,,Y,ARMADA TOWING,ARMADA TOWING,N,,,,,,,,,,,,,,,,,,,,,,0,,,,,,,,,,7,1,0,0,0,1,0,0,0,,,,,,,,
16979778,1,1,N,Y,43,1G1BC5SM6H7130941,2017,17,107,2209,104,N,78664,1,1,15,2,9,,,,N,,,N,,,,,,,,,,,,,,,,,,,,,,4,,,,,,,,,,5,1,0,0,0,1,0,0,0,,,,,,,,
16979778,2,1,N,Y,113,,,99,,,0,N,,,,,,,,,,N,,,N,,,,,,,,,,,,,,,,,,,,,,0,,,,,,,,,,5,1,0,0,0,0,1,0,0,,,,,,,,
16979779,1,1,N,N,43,1G1AK58F687115606,2008,17,107,978,104,N,78758,1,1,4,1,1,,,,N,STARS TOWING,STARS TOWING,N,,,,,,,,,,,,,,,,,,,,,,20,,,,,,,,,,4,1,0,0,0,1,0,0,0,,,,,,,,
16979782,1,1,N,N,43,JH4CL969X6C034192,2006,21,1,2610,104,N,787254,1,1,2,5,12,,,,Y,620 LAKESIDE TOWING,620 LAKESIDE TOWING,N,,,,,,,,,,,,,,,,,,,,,,44,,,,,,,,,,1,1,0,0,0,1,0,0,0,,,,,,,,