Crash_ID,Unit_Nbr,Unit_Desc_ID,Veh_Parked_Fl,Veh_HNR_Fl,Veh_Lic_State_ID,VIN,Veh_Mod_Year,Veh_Color_ID,Veh_Make_ID,Veh_Mod_ID,Veh_Body_Styl_ID,Emer_Respndr_Fl,Ownr_Zip,Fin_Resp_Proof_ID,Fin_Resp_Type_ID,Veh_Dmag_Area_1_ID,Veh_Dmag_Scl_1_ID,Force_Dir_1_ID,Veh_Dmag_Area_2_ID,Veh_Dmag_Scl_2_ID,Force_Dir_2_ID,Veh_Inventoried_Fl,Veh_Transp_Name,Veh_Transp_Dest,Veh_Cmv_Fl,Cmv_Fiveton_Fl,Cmv_Hazmat_Fl,Cmv_Nine_Plus_Pass_Fl,Cmv_Veh_Oper_ID,Cmv_Carrier_ID_Type_ID,Cmv_Carrier_Zip,Cmv_Veh_Type_ID,Cmv_GVWR,Cmv_RGVW,Cmv_Hazmat_Rel_Fl,Hazmat_Cls_1_ID,Hazmat_IDNbr_1_ID,Hazmat_Cls_2_ID,Hazmat_IDNbr_2_ID,Cmv_Cargo_Body_ID,Cmv_Evnt1_ID,Cmv_Evnt2_ID,Cmv_Evnt3_ID,Cmv_Evnt4_ID,Cmv_Tot_Axle,Cmv_Tot_Tire,Contrib_Factr_1_ID,Contrib_Factr_2_ID,Contrib_Factr_3_ID,Contrib_Factr_P1_ID,Contrib_Factr_P2_ID,Veh_Dfct_1_ID,Veh_Dfct_2_ID,Veh_Dfct_3_ID,Veh_Dfct_P1_ID,Veh_Dfct_P2_ID,Veh_Trvl_Dir_ID,First_Harm_Evt_Inv_ID,Sus_Serious_Injry_Cnt,Nonincap_Injry_Cnt,Poss_Injry_Cnt,Non_Injry_Cnt,Unkn_Injry_Cnt,Tot_Injry_Cnt,Death_Cnt,Cmv_Disabling_Damage_Fl,Cmv_Bus_Type_ID,Trlr_GVWR,Trlr_RGVW,Trlr_Type_ID,Trlr_Disabling_Dmag_ID,Cmv_Intermodal_Container_Permit_Fl,CMV_Actual_Gross_Weight
16979782,2,1,N,N,43,5FNRL18933B025195,2003,18,44,571,103,N,78641,1,1,6,3,6,,,,N,,,N,,,,,,,,,,,,,,,,,,,,,,0,,,,,,,,,,1,1,0,0,0,1,0,0,0,,,,,,,,
16979784,1,1,N,N,43,KL8CB6S91DC611769,2013,16,107,2244,104,N,78520,1,1,8,2,5,,,,N,REMOVED BY DRIVER,OFF SCENE,N,,,,,,,,,,,,,,,,,,,,,,0,,,,,,,,,,3,1,0,0,1,1,0,1,0,,,,,,,,
16979784,2,1,N,N,43,1C4RDHAGXEC973916,2014,2,109,635,69,N,77044,1,1,11,1,9,,,,N,REMOVED BY DRIVER,OFF SCENE,N,,,,,,,,,,,,,,,,,,,,,,0,,,,,,,,,,3,1,0,0,0,2,0,0,0,,,,,,,,
16979787,1,1,N,N,43,1C4BJWFG7GL148507,2016,21,429,1464,104,N,78256,1,2,2,1,12,,,,N,,,N,,,,,,,,,,,,,,,,,,,,,,44,,,,,,,,,,1,1,0,0,0,1,0,0,0,,,,,,,,
16979787,2,1,N,N,43,1VWBS7A3XGC063844,2016,21,96,473,104,N,78634,1,2,6,3,6,,,,N,SOUTHSIDE WRECKER INC,8200 S. CONGRESS AVE,N,,,,,,,,,,,,,,,,,,,,,,0,,,,,,,,,,1,1,0,0,0,2,0,0,0,,,,,,,,
16979791,1,1,N,N,43,JN1AZ44E49M403107,2009,16,71,850,100,N,78704,1,1,2,4,12,,,,N,EZ AUTO AND TOWING SERVICE,121 WOODWARD AVE,N,,,,,,,,,,,,,,,,,,,,,,22,,,,,,,,,,5,1,0,0,0,1,0,0,0,,,,,,,,
16979791,2,1,N,N,43,2HNYD2H31DH507258,2013,17,1,705,104,N,78732,1,1,6,2,6,,,,N,,,N,,,,,,,,,,,,,,,,,,,,,,0,,,,,,,,,,5,1,0,0,0,2,0,0,0,,,,,,,,
16979794,1,1,N,N,43,3VWJ07AT6GM632026,2016,13,96,181,100,N,79501,1,1,2,1,12,,,,N,,,N,,,,,,,,,,,,,,,,,,,,,,0,,,,,,,,,,7,1,0,1,0,1,0,1,0,,,,,,,,
16979795,1,1,N,Y,43,3N1AB6APXBL616097,2011,2,71,341,104,N,77075,2,,2,3,12,,,,Y,SOUTHSIDE WRECKER INC,8200 S. CONGRESS AVE,N,,,,,,,,,,,,,,,,,,,,,,60,,,,,,,,,,11,1,0,0,0,0,1,0,0,,,,,,,,
16979796,1,1,N,N,43,WVWDM7AJ5EW008699,2014,21,96,381,104,N,78744,1,2,4,4,2,,,,Y,SOUTHSIDE WRECKER INC,8200 S. CONGRESS AVE,N,,,,,,,,,,,,,,,,,,,,,,4,,,,,,,,,,7,1,0,0,0,1,0,0,0,,,,,,,,
16979796,2,1,N,N,43,3GNEK13T72G121366,2002,10,107,730,104,N,78748,1,2,3,3,11,,,,N,,,N,,,,,,,,,,,,,,,,,,,,,,0,,,,,,,,,,7,1,0,0,0,6,0,0,0,,,,,,,,
16979799,1,1,N,N,43,2G1FB1E31C9157357,2012,3,107,46,100,N,78640,2,,10,3,3,,,,Y,HARPERS TOWING SERVICE INC,HARPERS TOWING SERVICE INC,N,,,,,,,,,,,,,,,,,,,,,,0,,,,,,,,,,4,1,0,0,0,1,0,0,0,,,,,,,,
16979799,2,1,N,N,43,1HGCR2F74EA212809,2014,2,44,236,104,N,78741,1,2,2,3,12,,,,Y,ROCHAS TOWING SERVICE,ROCHAS TOWING SERVICE,N,,,,,,,,,,,,,,,,,,,,,,0,,,,,,,,,,2,1,0,0,0,1,0,0,0,,,,,,,,
16979802,1,1,N,N,43,1HGFA16828L085199,2008,17,44,256,104,N,78753,1,2,2,4,12,13,2,8,N,AVILES & GABES WRECKER SERVICE INC.,AVILES & GABES WRECKER SERVICE INC.,N,,,,,,,,,,,,,,,,,,,,,,,,,41,,,,,,,6,1,0,0,0,3,0,0,0,,,,,,,,
16979802,2,8,,,,,,,,,,,,,,,,,,,,,,,,,,,,,,,,,,,,,,,,,,,,,0,,,,,,,,,,9,2,0,0,0,1,0,0,0,,,,,,,,
16979805,1,1,N,N,43,JTDKN3DU2D0352754,2013,2,91,702,104,N,78613,1,1,2,5,12,,,,N,SOUTHSIDE WRECKER INC,8200 S. CONGRESS AVE,N,,,,,,,,,,,,,,,,,,,,,,20,,,,,,,,,,3,1,0,0,0,1,0,0,0,,,,,,,,
16979805,2,1,N,N,13,4M2EU47E27UJ21838,2007,9,114,618,69,N,76544,1,2,2,6,12,13,4,9,N,A-TEX TOWING,AUSTIN EXPRESS TOWING INC.,N,,,,,,,,,,,,,,,,,,,,,,0,,,,,,,,,,1,1,0,0,1,0,0,1,0,,,,,,,,
16979805,3,1,N,N,9,3VWPL7AJ7EM623980,2014,2,96,381,104,N,32809,1,2,2,4,12,,,,N,EZ AUTO AND TOWING SERVICE,EZ AUTO AND TOWING SERVICE,N,,,,,,,,,,,,,,,,,,,,,,0,,,,,,,,,,7,2,0,0,0,1,0,0,0,,,,,,,,
16979809,1,1,N,N,44,3TMGZ5AN6JM148583,2018,17,91,629,106,N,84041,1,2,13,2,9,,,,N,,,N,,,,,,,,,,,,,,,,,,,,,,4,,,,,,,,,,5,1,0,0,0,1,0,0,0,,,,,,,,
16979809,2,1,N,N,43,55SWF4KB2FU055752,2015,21,65,839,104,N,78739,1,2,12,2,2,,,,Y,EZ AUTO AND TOWING SERVICE,EZ AUTO AND TOWING SERVICE,N,,,,,,,,,,,,,,,,,,,,,,0,,,,,,,,,,5,1,0,0,0,2,0,0,0,,,,,,,,
16979811,1,1,N,N,43,5YJSA1H23EFP65732,2014,17,602,2562,104,N,78731,1,2,2,4,12,,,,N,ARMADA TOWING,ARMADA TOWING,N,,,,,,,,,,,,,,,,,,,,,,,,,20,74,,,,,,5,1,0,0,2,0,0,2,0,,,,,,,,
16979811,2,1,N,N,43,1C4RJEAG6JC168836,2018,17,429,1116,104,N,78726,1,2,6,1,6,,,,N,AVILES & GABES WRECKER SERVICE INC.,AVILES & GABES WRECKER SERVICE INC.,N,,,,,,,,,,,,,,,,,,,,,,0,,,,,,,,,,5,1,0,2,0,0,0,2,0,,,,,,,,
16979812,1,1,N,N,43,JS3TE947884100508,2008,21,88,1118,104,N,78757,1,2,2,2,12,,,,N,,,N,,,,,,,,,,,,,,,,,,,,,,0,,,,,,,,,,1,1,0,0,0,1,0,0,0,,,,,,,,
16979812,2,1,N,N,43,1C4RJEAG5GC428829,2020,16,429,970,104,N,78733,1,2,5,2,6,,,,N,,,N,,,,,,,,,,,,,,,,,,,,,,0,,,,,,,,,,1,1,0,0,0,3,0,0,0,,,,,,,,
16979972,1,1,N,N,43,1GNEC13RXXJ527214,1999,17,107,547,69,N,78653,1,2,2,3,12,,,,Y,ATX-VIP TOWING SERVICES,ATX-VIP TOWING SERVICES,N,,,,,,,,,,,,,,,,,,,,,,67,20,,,,,,,,,5,1,0,0,0,1,0,0,0,,,,,,,,
16979972,2,1,N,N,43,3FA6P0H97ER360761,2014,,37,1097,104,N,78724,1,2,2,5,12,6,4,6,Y,ROCHAS TOWING SERVICE,ROCHAS TOWING SERVICE,N,,,,,,,,,,,,,,,,,,,,,,0,,,,,,,,,,5,1,0,1,0,3,0,1,0,,,,,,,,
16979972,3,1,N,N,43,1FTRW12W37KB48817,2007,8,37,2324,30,N,78681,1,2,6,2,6,,,,Y,,,N,,,,,,,,,,,,,,,,,,,,,,0,,,,,,,,,,5,2,0,0,0,1,0,0,0,,,,,,,,
16979975,1,1,N,N,43,1FMCU0DG6AKD11698,2010,3,37,711,104,N,78628,1,1,4,2,12,,,,N,HARPERS TOWING SERVICE INC,HARPERS TOWING SERVICE INC,N,,,,,,,,,,,,,,,,,,,,,,,,,19,20,,,,,,7,1,0,0,0,2,0,0,0,,,,,,,,
16979975,2,1,N,N,43,JTDKN3DU0D1619724,2013,10,91,702,104,N,78727,1,1,2,1,1,,,,N,,,N,,,,,,,,,,,,,,,,,,,,,,,,,19,20,,,,,,3,1,0,0,0,1,0,0,0,,,,,,,,
16979979,1,1,N,N,43,1GNFC13098R250144,2008,2,107,547,104,N,78617,1,2,2,7,12,15,6,9,Y,EZ AUTO AND TOWING SERVICE,EZ AUTO AND TOWING SERVICE,N,,,,,,,,,,,,,,,,,,,,,,,,,67,,,,,,,5,1,0,2,0,3,0,2,0,,,,,,,,
16979979,2,1,N,N,43,2HSCNAPR57C431873,2007,21,48,3602,106,N,78218,1,2,12,4,2,,,,N,AUS-TEX AUTO ENTERPRISES LLC,AUS-TEX AUTO ENTERPRISES LLC,N,,,,,,,,,,,,,,,,,,,,,,0,,,,,,,,,,5,2,0,0,0,1,0,0,0,,,,,,,,
16979979,3,1,N,N,43,KNADH4A33A6632948,2010,3,55,716,104,N,78741,1,2,6,6,6,,,,N,EZ AUTO AND TOWING SERVICE,EZ AUTO AND TOWING SERVICE,N,,,,,,,,,,,,,,,,,,,,,,0,,,,,,,,,,5,1,0,0,0,1,0,0,0,,,,,,,,
16979979,4,1,N,N,43,,2010,2,37,2324,30,N,78610,1,2,10,2,3,,,,N,,,N,,,,,,,,,,,,,,,,,,,,,,0,,,,,,,,,,5,2,0,0,0,1,0,0,0,,,,,,,,
16979979,5,1,N,N,43,WMWSU3C59DT548263,2013,16,115,742,100,N,78737,1,2,11,3,11,,,,N,,,N,,,,,,,,,,,,,,,,,,,,,,0,,,,,,,,,,5,2,0,0,0,1,0,0,0,,,,,,,,
16979983,1,1,N,N,43,1C4NJPBAXDD260261,2013,21,429,1181,104,N,78640,2,,1,3,12,,,,N,EZ AUTO AND TOWING SERVICE,EZ AUTO AND TOWING SERVICE,N,,,,,,,,,,,,,,,,,,,,,,20,22,,,,,,,,,5,1,0,0,0,1,0,0,0,,,,,,,,
16979983,2,1,N,N,33,5NPD84LF3JH270488,2018,21,45,480,104,N,,1,1,5,3,6,,,,N,,,N,,,,,,,,,,,,,,,,,,,,,,0,,,,,,,,,,5,1,0,2,0,0,0,2,0,,,,,,,,
16979986,1,1,N,N,43,1J4GL58K02W196038,2002,2,429,1181,104,N,78741,1,1,2,7,12,,,,Y,ROCHAS TOWING SERVICE,ROCHAS TOWING SERVICE,N,,,,,,,,,,,,,,,,,,,,,,0,,,,,,,,,,5,1,0,0,0,1,0,0,0,,,,,,,,
16979986,2,1,N,N,43,WVGEF9BPXDD006739,2013,17,96,1400,104,N,75219,1,1,6,7,6,,,,Y,ROCHAS TOWING SERVICE,ROCHAS TOWING SERVICE,N,,,,,,,,,,,,,,,,,,,,,,0,,,,,,,,,,5,1,0,0,0,1,0,0,0,,,,,,,,
16979990,1,1,N,N,43,4T1BF1FK1DU670933,2013,9,91,380,104,N,78753,1,2,4,2,,,,,Y,AUS-TEX AUTO ENTERPRISES LLC,AUS-TEX AUTO ENTERPRISES LLC,N,,,,,,,,,,,,,,,,,,,,,,,,,67,,,,,,,6,1,0,0,0,1,0,0,0,,,,,,,,
16979990,2,1,N,N,43,3VWRM71K29M176978,2009,3,96,316,104,N,78758,2,,13,1,,,,,N,,,N,,,,,,,,,,,,,,,,,,,,,,0,,,,,,,,,,6,1,0,0,0,1,0,0,0,,,,,,,,
16979996,1,1,N,N,43,2C3CA5CG8BH535838,2011,2,21,65,104,N,78744,2,,8,1,5,4,1,1,Y,DENVERS TOWING,DENVERS TOWING,N,,,,,,,,,,,,,,,,,,,,,,20,23,,,,,,,,,1,1,0,0,1,0,0,1,0,,,,,,,,
16979997,1,1,N,Y,43,1GYEC63T53R159757,2003,10,106,657,104,N,78723,2,,2,5,12,,,,Y,AUS-TEX AUTO ENTERPRISES LLC,AUS-TEX AUTO ENTERPRISES LLC,N,,,,,,,,,,,,,,,,,,,,,,,,,45,,,,,,,4,1,0,0,0,1,0,0,0,,,,,,,,
16979997,2,1,Y,N,43,3GNEC16T51G229668,2001,21,107,2202,104,N,78723,2,,2,5,12,,,,Y,AUS-TEX AUTO ENTERPRISES LLC,AUS-TEX AUTO ENTERPRISES LLC,N,,,,,,,,,,,,,,,,,,,,,,0,,,,,,,,,,8,1,0,0,0,0,0,0,0,,,,,,,,
16980001,1,1,N,N,43,1FMZK011X6GA29624,2006,18,37,1094,104,N,78735,1,2,2,6,12,,,,N,DENVERS TOWING,DENVERS TOWING,N,,,,,,,,,,,,,,,,,,,,,,0,,,,,,,,,,5,1,0,0,0,1,0,0,0,,,,,,,,
16980004,1,1,N,N,43,1FAHP2MK1FG144121,2015,3,37,376,105,Y,78701,1,7,15,1,7,,,,N,AUS-TEX AUTO ENTERPRISES LLC,AUS-TEX AUTO ENTERPRISES LLC,N,,,,,,,,,,,,,,,,,,,,,,0,,,,,,,,,,5,1,0,0,1,0,0,1,0,,,,,,,,
16980004,2,1,N,Y,113,UNKN0WN0000000000,2019,3,107,730,30,N,00000,2,,2,2,12,,,,N,,,N,,,,,,,,,,,,,,,,,,,,,,0,,,,,,,,,,5,1,0,0,0,0,1,0,0,,,,,,,,
16980011,1,1,N,N,43,1FTPW12V16KE00660,2006,3,37,2324,30,N,78747,1,2,1,3,12,4,3,3,N,EZ AUTO AND TOWING SERVICE,EZ AUTO AND TOWING SERVICE,N,,,,,,,,,,,,,,,,,,,,,,40,,,,,,,,,,8,1,0,0,0,1,0,0,0,,,,,,,,
16980018,1,1,N,Y,43,UNKNOWN,,,107,730,104,N,,2,,4,2,1,,,,N,,,N,,,,,,,,,,,,,,,,,,,,,,0,,,,,,,,,,2,1,0,0,0,0,1,0,0,,,,,,,,
16980018,2,1,Y,N,43,2C3HC56G4YH292646,2000,8,21,529,104,N,78758,1,2,11,1,8,,,,N,,,N,,,,,,,,,,,,,,,,,,,,,,0,,,,,,,,,,1,1,0,0,1,0,0,1,0,,,,,,,,
16980025,1,1,N,N,43,1C4BJWDG1GL337169,2016,9,429,3662,104,N,78704,1,1,3,1,12,,,,Y,620 LAKESIDE TOWING,620 LAKESIDE TOWING,N,,,,,,,,,,,,,,,,,,,,,,0,,,,,,,,,,8,1,0,0,0,1,0,0,0,,,,,,,,
16980025,2,1,N,N,43,WDDSJ4EB3JN563917,2018,21,65,2486,104,N,78727,2,,7,2,6,,,,N,LONE STAR TOWING,LONE STAR TOWING,N,,,,,,,,,,,,,,,,,,,,,,0,,,,,,,,,,8,1,0,0,0,1,0,0,0,,,,,,,,
16980030,1,1,N,N,43,3HGCG6653YG705110,2000,17,44,236,104,N,78741,1,1,3,3,12,29,0,,Y,EZ AUTO AND TOWING SERVICE,EZ AUTO AND TOWING SERVICE,N,,,,,,,,,,,,,,,,,,,,,,23,,,20,,,,,,,3,1,0,1,0,0,0,1,0,,,,,,,,
16980032,1,1,N,N,43,JTMZFREV8JJ157754,2018,17,91,581,104,N,78754,1,1,6,2,6,,,,N,,,N,,,,,,,,,,,,,,,,,,,,,,0,,,,,,,,,,5,1,0,0,0,1,0,0,0,,,,,,,,
16980032,2,1,N,N,43,1FTRW12W87KC43079,2007,,37,101,30,N,78664,1,1,2,4,12,,,,Y,STARS TOWING,STARS TOWING,N,,,,,,,,,,,,,,,,,,,,,,0,,,,,,,,,,5,1,0,0,0,2,0,0,0,,,,,,,,
16980035,1,1,N,N,43,1G1ZE5ST9GF223537,2016,16,107,56,104,N,78747,1,2,1,4,12,,,,Y,SOUTHSIDE WRECKER INC,8200 S. CONGRESS AVE,N,,,,,,,,,,,,,,,,,,,,,,0,,,,,,,,,,4,1,0,0,0,1,0,0,0,,,,,,,,
16980038,1,1,N,N,43,KNADM4A36H6027246,2017,2,55,716,104,N,77587,1,1,7,2,8,,,,N,,,N,,,,,,,,,,,,,,,,,,,,,,38,20,,,,,,,,,4,1,0,0,0,1,0,0,0,,,,,,,,
16980038,2,1,N,N,43,KMHCT4AE1EU709120,2014,5,45,557,104,N,78734,1,1,4,3,2,,,,N,620 LAKESIDE TOWING,620 LAKESIDE TOWING,N,,,,,,,,,,,,,,,,,,,,,,0,,,,,,,,,,6,1,0,1,0,0,0,1,0,,,,,,,,
16980041,1,1,N,N,43,JN1BV7AP4EM670152,2014,11,47,2393,104,N,78702,1,2,2,6,12,,,,N,ROCHAS TOWING SERVICE,ROCHAS TOWING SERVICE,N,,,,,,,,,,,,,,,,,,,,,,45,,,,,,,,,,7,1,0,0,0,2,0,0,0,,,,,,,,
16980041,2,1,N,N,43,3N1CN7AP9HL837978,2017,9,71,1452,104,N,78617,2,,6,6,6,2,4,12,N,EZ AUTO AND TOWING SERVICE,EZ AUTO AND TOWING SERVICE,N,,,,,,,,,,,,,,,,,,,,,,0,,,,,,,,,,7,1,0,1,0,0,0,1,0,,,,,,,,
16980041,3,1,N,N,43,5XYZT3LB9FG273325,2015,9,45,713,69,N,78745,1,2,6,2,6,,,,N,DRIVEN FROM SCENE,BY DRIVER,N,,,,,,,,,,,,,,,,,,,,,,0,,,,,,,,,,7,2,0,0,2,0,0,2,0,,,,,,,,
16980043,1,1,N,N,43,1FAFP44463F355482,2003,21,37,96,100,N,78612,1,1,10,4,3,,,,N,AVILES & GABES WRECKER SERVICE INC.,FROM SCENE,N,,,,,,,,,,,,,,,,,,,,,,37,,,,,,,,,,1,1,0,1,1,0,0,2,0,,,,,,,,
16980043,2,1,N,N,43,2FTRX18L2XCA61960,1999,18,37,2324,30,N,78753,1,1,2,3,12,,,,N,AVILES & GABES WRECKER SERVICE INC.,FROM SCENE,N,,,,,,,,,,,,,,,,,,,,,,,,,33,,,,,,,5,1,0,0,1,0,0,1,0,,,,,,,,
16980046,1,1,N,N,1,1G1BE5SM9H7238626,2017,2,107,2209,104,N,35212,2,,2,6,12,,,,N,EZ AUTO AND TOWING SERVICE,EZ AUTO AND TOWING SERVICE,N,,,,,,,,,,,,,,,,,,,,,,44,,,,,,,,,,1,1,0,0,0,1,0,0,0,,,,,,,,
16980046,2,1,N,N,43,3FA6P0HD8JR161183,2018,16,37,1097,104,N,78660,1,2,8,2,6,,,,N,,,N,,,,,,,,,,,,,,,,,,,,,,0,,,,,,,,,,1,1,0,0,0,1,0,0,0,,,,,,,,
16980047,1,1,N,N,43,1GYEE637280139409,2008,17,106,1373,69,N,78660,1,1,13,3,9,,,,N,NONE,,N,,,,,,,,,,,,,,,,,,,,,,20,,,,,,,,,,7,1,0,0,1,0,0,1,0,,,,,,,,
16980047,2,1,N,N,43,1HGCM82624A010824,2004,17,44,107,104,N,73301,1,1,3,5,12,,,,N,EZ AUTO AND TOWING SERVICE,5526 1/2 W HWY 290,N,,,,,,,,,,,,,,,,,,,,,,0,,,,,,,,,,5,1,0,0,1,0,0,1,0,,,,,,,,
16980048,1,1,N,N,43,4T1BG22K7WU377937,1998,8,91,380,104,N,78681,1,1,2,3,12,,,,N,AUS-TEX AUTO ENTERPRISES LLC,AUS-TEX AUTO ENTERPRISES LLC,N,,,,,,,,,,,,,,,,,,,,,,0,,,,,,,,,,1,1,0,0,0,1,0,0,0,,,,,,,,
16980048,2,1,N,N,43,2T3ZFREVXHW346868,2017,2,91,581,104,N,78704,1,1,6,2,6,,,,N,DRIVEN BY DRIVER,,N,,,,,,,,,,,,,,,,,,,,,,0,,,,,,,,,,1,1,0,0,0,2,0,0,0,,,,,,,,
16980050,1,1,N,N,43,1J4GK48K36W166180,2006,9,429,1181,104,N,78747,1,1,2,2,2,,,,N,SOUTHSIDE WRECKER INC,9909 FM 969,N,,,,,,,,,,,,,,,,,,,,,,0,,,,,,,,,,3,1,0,0,0,1,0,0,0,,,,,,,,
16980050,2,1,N,N,43,1C4NJPFA6HD119218,2017,2,429,1273,104,N,78746,1,1,6,3,6,2,2,12,N,SOUTHSIDE WRECKER INC,8200 S. CONGRESS AVE,N,,,,,,,,,,,,,,,,,,,,,,0,,,,,,,,,,3,1,0,0,0,2,0,0,0,,,,,,,,
16980050,3,1,N,N,43,JTHBK262762010043,2006,9,58,1156,104,N,78748,1,1,6,3,6,,,,N,DRIVEN FROM SCENE BY DRIVER,,N,,,,,,,,,,,,,,,,,,,,,,0,,,,,,,,,,3,2,0,0,0,1,0,0,0,,,,,,,,
16980053,1,1,N,N,43,1FADP3F22JL289024,2018,3,37,229,104,N,78640,2,,2,1,12,,,,N,,,N,,,,,,,,,,,,,,,,,,,,,,0,,,,,,,,,,3,1,0,0,0,1,0,0,0,,,,,,,,
16980053,2,1,N,N,76,00000000000000000,2016,9,55,1093,104,N,78584,1,1,6,1,6,,,,N,,,N,,,,,,,,,,,,,,,,,,,,,,0,,,,,,,,,,3,1,0,0,2,2,0,2,0,,,,,,,,
16980206,1,1,N,N,43,KMHDN46D55U953495,2005,8,45,480,104,N,78726,1,2,11,2,10,,,,Y,ARMADA TOWING,ARMADA TOWING,N,,,,,,,,,,,,,,,,,,,,,,34,20,,,,,,,,,8,1,0,0,1,0,0,1,0,,,,,,,,
16980206,2,1,N,N,43,2C4RDGBG6FR517980,2015,1,109,1115,103,N,78758,1,2,2,2,2,,,,Y,AVILES & GABES WRECKER SERVICE INC.,AVILES & GABES WRECKER SERVICE INC.,N,,,,,,,,,,,,,,,,,,,,,,0,,,,,,,,,,2,1,0,5,0,1,0,5,0,,,,,,,,
16980207,1,1,N,N,43,5YFBURHE7FP201488,2015,21,91,173,104,N,77449,1,2,1,3,12,,,,,ATX-VIP TOWING SERVICES,,N,,,,,,,,,,,,,,,,,,,,,,0,,,,,,,,,,7,1,0,0,0,1,0,0,0,,,,,,,,
16980207,2,1,N,N,43,JTLKE50E591092611,2009,21,91,4331,104,N,78751,1,2,4,2,3,,,,,,,N,,,,,,,,,,,,,,,,,,,,,,0,,,,,,,,,,1,1,0,0,0,1,0,0,0,,,,,,,,
16980208,1,1,N,N,43,2C3CCAKG1DH543254,2013,9,21,65,104,N,78634,1,1,8,3,,,,,,,,N,,,,,,,,,,,,,,,,,,,,,,0,,,,,,,,,,5,1,0,0,0,1,0,0,0,,,,,,,,
16980208,2,1,N,N,43,1GNDT13S752218998,2005,17,107,60,69,N,78653,2,,3,2,1,,,,,,,N,,,,,,,,,,,,,,,,,,,,,,0,,,,,,,,,,3,1,0,0,0,1,0,0,0,,,,,,,,
16980209,1,1,N,N,43,SMT910K139T370141,2009,21,735,4349,71,N,78752,1,2,15,1,11,,,,N,ATX-VIP TOWING SERVICES,ATX-VIP TOWING SERVICES,N,,,,,,,,,,,,,,,,,,,,,,,,,60,20,,,,,,7,1,0,1,0,0,0,1,0,,,,,,,,
16980211,1,1,N,N,43,2HGES16683H520109,2003,17,44,256,104,N,78748,1,1,2,3,3,,,,N,SPECIAL AUTOMOTIVE SERVICE INC,SPECIAL AUTOMOTIVE SERVICE INC,N,,,,,,,,,,,,,,,,,,,,,,0,,,,,,,,,,3,1,0,0,0,1,0,0,0,,,,,,,,
16980211,2,1,N,N,43,5XYZT3LB3JG532660,2018,17,45,3564,104,N,78619,1,1,,,,,,,N,,,N,,,,,,,,,,,,,,,,,,,,,,0,,,,,,,,,,3,1,0,0,0,1,0,0,0,,,,,,,,
16980213,1,1,N,N,43,JM1GJ1V56F1205945,2015,16,63,2475,104,N,78748,1,2,6,4,6,,,,N,,,N,,,,,,,,,,,,,,,,,,,,,,0,,,,,,,,,,1,1,0,1,0,0,0,1,0,,,,,,,,
16980213,2,1,N,Y,43,4S4WX83C764418272,2006,3,85,2550,104,N,78610,1,2,23,,,,,,N,,,N,,,,,,,,,,,,,,,,,,,,,,0,,,,,,,,,,1,1,0,0,0,0,1,0,0,,,,,,,,
16980214,1,1,N,N,13,1XPHDB9X3AD107801,2010,21,74,4053,87,N,60521,1,1,2,2,12,,,,N,,,Y,Y,N,N,1,2,60521,9,0,8000,N,,,,,3,98,13,,,2,,,,,41,20,,,,,,1,1,0,0,0,2,0,0,0,N,0,,,,,Y,46000
16980214,2,6,,,,,,,,,,,60521,,,,,,,,,,,,,,,,,,,,,,,,,,,,,,,,,,0,,,,,,,,,,9,2,0,0,0,0,0,0,0,,,38000,0,2,N,,
16980214,3,1,N,N,43,JTEZU11F670011739,2007,2,91,1085,69,N,78617,1,2,8,3,6,,,,N,,,N,,,,,,,,,,,,,,,,,,,,,,0,,,,,,,,,,1,1,0,2,0,0,0,2,0,,,,,,,,
16980214,4,1,N,N,43,JN8AS5MT1DW029675,2013,3,71,1310,69,N,76655,1,2,7,3,6,,,,N,EZ AUTO AND TOWING SERVICE,EZ AUTO AND TOWING SERVICE,N,,,,,,,,,,,,,,,,,,,,,,0,,,,,,,,,,1,2,0,0,1,0,0,1,0,,,,,,,,
16980215,1,1,N,Y,43,5FNRL38855B016312,2005,4,44,571,103,N,78702,1,1,2,3,12,,,,Y,EZ AUTO AND TOWING SERVICE,EZ AUTO AND TOWING SERVICE,N,,,,,,,,,,,,,,,,,,,,,,22,,,,,,,,,,5,1,0,1,0,0,0,1,0,,,,,,,,
16980215,2,1,N,Y,113,,,99,,,0,N,,,,,,,,,,N,,,N,,,,,,,,,,,,,,,,,,,,,,0,,,,,,,,,,5,1,0,0,0,0,1,0,0,,,,,,,,
16980218,1,1,N,N,43,3GCPCREC1FG130726,2015,16,107,658,30,N,78744,1,1,10,4,3,,,,Y,EZ AUTO AND TOWING SERVICE,EZ AUTO AND TOWING SERVICE,N,,,,,,,,,,,,,,,,,,,,,,16,,,,,,,,,,5,1,0,0,0,1,0,0,0,,,,,,,,
16980218,2,1,N,N,43,2GCEC19T9Y1159406,2000,17,107,658,30,N,78744,1,1,2,4,12,,,,Y,EZ AUTO AND TOWING SERVICE,EZ AUTO AND TOWING SERVICE,N,,,,,,,,,,,,,,,,,,,,,,0,,,,,,,,,,3,1,0,3,0,2,0,3,0,,,,,,,,