Crash_ID,Unit_Nbr,Unit_Desc_ID,Veh_Parked_Fl,Veh_HNR_Fl,Veh_Lic_State_ID,VIN,Veh_Mod_Year,Veh_Color_ID,Veh_Make_ID,Veh_Mod_ID,Veh_Body_Styl_ID,Emer_Respndr_Fl,Ownr_Zip,Fin_Resp_Proof_ID,Fin_Resp_Type_ID,Veh_Dmag_Area_1_ID,Veh_Dmag_Scl_1_ID,Force_Dir_1_ID,Veh_Dmag_Area_2_ID,Veh_Dmag_Scl_2_ID,Force_Dir_2_ID,Veh_Inventoried_Fl,Veh_Transp_Name,Veh_Transp_Dest,Veh_Cmv_Fl,Cmv_Fiveton_Fl,Cmv_Hazmat_Fl,Cmv_Nine_Plus_Pass_Fl,Cmv_Veh_Oper_ID,Cmv_Carrier_ID_Type_ID,Cmv_Carrier_Zip,Cmv_Veh_Type_ID,Cmv_GVWR,Cmv_RGVW,Cmv_Hazmat_Rel_Fl,Hazmat_Cls_1_ID,Hazmat_IDNbr_1_ID,Hazmat_Cls_2_ID,Hazmat_IDNbr_2_ID,Cmv_Cargo_Body_ID,Cmv_Evnt1_ID,Cmv_Evnt2_ID,Cmv_Evnt3_ID,Cmv_Evnt4_ID,Cmv_Tot_Axle,Cmv_Tot_Tire,Contrib_Factr_1_ID,Contrib_Factr_2_ID,Contrib_Factr_3_ID,Contrib_Factr_P1_ID,Contrib_Factr_P2_ID,Veh_Dfct_1_ID,Veh_Dfct_2_ID,Veh_Dfct_3_ID,Veh_Dfct_P1_ID,Veh_Dfct_P2_ID,Veh_Trvl_Dir_ID,First_Harm_Evt_Inv_ID,Sus_Serious_Injry_Cnt,Nonincap_Injry_Cnt,Poss_Injry_Cnt,Non_Injry_Cnt,Unkn_Injry_Cnt,Tot_Injry_Cnt,Death_Cnt,Cmv_Disabling_Damage_Fl,Cmv_Bus_Type_ID,Trlr_GVWR,Trlr_RGVW,Trlr_Type_ID,Trlr_Disabling_Dmag_ID,Cmv_Intermodal_Container_Permit_Fl,CMV_Actual_Gross_Weight
16980218,3,1,N,N,43,1N4BL2AP7BN411317,2011,2,71,500,104,N,78744,2,,2,1,12,,,,N,,,N,,,,,,,,,,,,,,,,,,,,,,0,,,,,,,,,,2,2,0,0,0,2,0,0,0,,,,,,,,
16980219,1,1,N,N,43,1C6RR6FTXDS637416,2013,21,109,2275,30,N,78748,1,1,3,6,11,,,,N,SPECIAL AUTOMOTIVE SERVICE INC,,N,,,,,,,,,,,,,,,,,,,,,,37,,,,,,,,,,7,1,0,0,0,2,0,0,0,,,,,,,,
16980219,2,1,N,N,43,5TDZT38A45S263593,2005,21,91,722,104,N,78721,1,1,11,6,9,,,,N,A-TEX TOWING,,N,,,,,,,,,,,,,,,,,,,,,,0,,,,,,,,,,3,1,0,0,0,4,0,0,0,,,,,,,,
16980220,1,1,N,Y,43,2HGES16485H595751,2005,17,44,256,104,N,78758,2,,1,1,12,,,,Y,AUS-TEX AUTO ENTERPRISES LLC,IMPOUND,N,,,,,,,,,,,,,,,,,,,,,,0,,,,,,,,,,1,1,0,0,0,1,0,0,0,,,,,,,,
16980220,2,1,N,N,43,1GTEC19T65Z175081,2005,8,39,3080,30,N,78753,1,1,5,2,6,,,,N,,,N,,,,,,,,,,,,,,,,,,,,,,0,,,,,,,,,,1,1,0,0,0,3,0,0,0,,,,,,,,
16980221,1,1,N,N,43,3N1CC11E09L474568,2009,17,71,1452,104,N,78744,1,1,14,4,3,,,,N,SELF,HOME,N,,,,,,,,,,,,,,,,,,,,,,66,,,,,,,,,,3,1,0,0,0,1,0,0,0,,,,,,,,
16980221,2,1,N,N,43,JM1DE1KY3C0144996,2012,2,63,2472,100,N,78753,1,1,2,4,12,,,,N,EZ AUTO AND TOWING SERVICE,1830 OAK HILL LN,N,,,,,,,,,,,,,,,,,,,,,,0,,,,,,,,,,7,1,0,0,0,1,0,0,0,,,,,,,,
16980222,1,1,N,N,43,1FAFP42X21F130423,2001,16,37,96,104,N,78753,2,,2,5,12,,,,,,,N,,,,,,,,,,,,,,,,,,,,,,67,,,,,,,,,,5,1,0,0,0,1,0,0,0,,,,,,,,
16980222,2,1,N,N,43,2GCEC19TX11163597,2001,14,107,60,30,N,78753,1,1,6,4,6,,,,,,,N,,,,,,,,,,,,,,,,,,,,,,0,,,,,,,,,,5,1,0,0,0,3,0,0,0,,,,,,,,
16980222,3,1,N,N,43,5J6RW1H52JL014830,2018,9,44,107,69,N,78729,1,1,6,1,,,,,,,,N,,,,,,,,,,,,,,,,,,,,,,0,,,,,,,,,,5,2,0,0,0,3,0,0,0,,,,,,,,
16980223,1,1,N,N,43,1C3EL75R72N297257,2002,16,21,66,104,N,78731,1,1,2,5,12,,,,N,ARMADA TOWING,HOME OF DRIVER,N,,,,,,,,,,,,,,,,,,,,,,0,,,,,,,,,,8,1,0,0,0,1,1,0,0,,,,,,,,
16980224,1,1,N,N,43,JS3TE62V644102963,2004,2,88,626,104,N,,2,,2,5,12,,,,Y,SPECIAL AUTOMOTIVE SERVICE INC,SPECIAL AUTOMOTIVE SERVICE INC,N,,,,,,,,,,,,,,,,,,,,,,20,,,,,,,,,,1,1,0,1,0,0,0,1,0,,,,,,,,
16980224,2,1,Y,N,43,1G4CW52K0V4621208,1994,10,105,1175,104,N,78724,2,,6,5,6,,,,Y,AUS-TEX AUTO ENTERPRISES LLC,AUS-TEX AUTO ENTERPRISES LLC,N,,,,,,,,,,,,,,,,,,,,,,14,,,,,,,,,,1,1,0,0,0,1,0,0,0,,,,,,,,
16980226,1,1,N,Y,49,JTLKT324264069778,2006,16,91,4331,104,N,54650,2,,2,3,12,,,,Y,SOUTHSIDE WRECKER INC,8200 S. CONGRESS AVE,N,,,,,,,,,,,,,,,,,,,,,,22,20,,,,,,,,,5,1,0,0,0,0,1,0,0,,,,,,,,
16980226,2,1,N,Y,43,JHLRD78872C019566,2002,18,44,,104,N,78744,2,,6,4,6,,,,Y,SOUTHSIDE WRECKER INC,8200 S. CONGRESS AVE,N,,,,,,,,,,,,,,,,,,,,,,0,,,,,,,,,,5,1,0,0,0,2,0,0,0,,,,,,,,
16980227,1,1,N,N,43,3VWC17AU1GM513251,2016,21,96,381,104,N,78741,1,2,4,2,1,14,1,4,Y,DENVERS TOWING,DENVERS TOWING,N,,,,,,,,,,,,,,,,,,,,,,16,,,,,,,,,,3,1,0,0,1,0,0,1,0,,,,,,,,
16980227,2,1,N,N,43,1N4AL3AP5FN392094,2015,2,71,500,104,N,78702,1,2,3,2,10,13,1,7,Y,A-TEX TOWING,5526 1/2 W HWY 290,N,,,,,,,,,,,,,,,,,,,,,,0,,,,,,,,,,1,1,0,0,1,0,0,1,0,,,,,,,,
16980228,1,1,N,N,43,2G1FF1E38D9137998,2013,16,107,46,100,N,78706,1,1,1,1,12,,,,N,,,N,,,,,,,,,,,,,,,,,,,,,,45,,,,,,,,,,7,1,0,0,0,2,0,0,0,,,,,,,,
16980228,2,1,N,N,43,1FMCU9DG6CKA84746,2012,2,37,711,104,N,78640,1,1,6,3,6,,,,N,,,N,,,,,,,,,,,,,,,,,,,,,,0,,,,,,,,,,7,1,0,0,0,1,0,0,0,,,,,,,,
16980229,1,1,N,N,43,JN1AZ34E94T061971,2004,17,71,776,100,Y,,1,1,4,2,12,,,,N,STARS TOWING,STARS TOWING,N,,,,,,,,,,,,,,,,,,,,,,27,60,,,,,,,,,5,1,0,0,0,1,1,0,0,,,,,,,,
16980229,2,1,N,N,43,3VWSF71K87M036457,2007,3,96,316,104,Y,,1,1,7,2,6,,,,N,EZ AUTO AND TOWING SERVICE,EZ AUTO AND TOWING SERVICE,N,,,,,,,,,,,,,,,,,,,,,,0,,,,,,,,,,5,1,0,1,0,0,0,1,0,,,,,,,,
16980230,1,1,N,N,43,JM1BK12F851277829,2005,9,63,3917,104,N,78745,1,1,2,5,11,,,,N,ROCHAS TOWING SERVICE,ROCHAS TOWING SERVICE,N,,,,,,,,,,,,,,,,,,,,,,16,,,,,,,,,,1,1,0,1,0,0,0,1,0,,,,,,,,
16980230,2,1,N,N,43,4T1BF1FK4GU258378,2016,2,91,380,104,N,78729,1,1,13,2,10,,,,N,DENVERS TOWING,DENVERS TOWING,N,,,,,,,,,,,,,,,,,,,,,,0,,,,,,,,,,7,1,0,0,0,5,0,0,0,,,,,,,,
16980231,1,1,N,N,43,3N1AB6AP5BL713742,2011,16,71,341,104,N,,2,,2,6,12,,,,N,AUS-TEX AUTO ENTERPRISES LLC,FORENSIC HOLD BDG 3,N,,,,,,,,,,,,,,,,,,,,,,45,21,,,,,,,,,1,1,1,0,0,0,0,1,0,,,,,,,,
16980231,2,1,N,N,43,JN1BJ1CP8JW183752,2018,3,71,1310,69,N,78758,1,1,2,6,12,,,,N,AUS-TEX AUTO ENTERPRISES LLC,FORENSIC HOLD BDG 3,N,,,,,,,,,,,,,,,,,,,,,,0,,,,,,,,,,5,1,1,0,0,0,0,1,0,,,,,,,,
16980232,1,1,N,N,42,5UXTR7C57KLF27345,2019,2,14,1466,69,N,74134,1,2,,,,,,,N,,,N,,,,,,,,,,,,,,,,,,,,,,48,,,,,,,,,,3,1,0,0,0,2,0,0,0,,,,,,,,
16980232,2,3,,,,,,,,,,,,,,,,,,,,,,,,,,,,,,,,,,,,,,,,,,,,,22,,,,,,,,,,9,1,0,0,1,0,0,1,0,,,,,,,,
16980233,1,1,N,N,43,1N4AL3AP5FC591710,2015,2,71,500,104,N,78610,1,1,13,1,9,,,,N,,,N,,,,,,,,,,,,,,,,,,,,,,39,,,,,,,,,,8,1,0,0,1,0,0,1,0,,,,,,,,
16980233,2,1,N,N,43,1FT8W3DT9HEB22233,2017,17,37,2326,30,N,78659,1,1,12,1,3,,,,N,,,N,,,,,,,,,,,,,,,,,,,,,,0,,,,,,,,,,1,1,0,0,0,2,0,0,0,,,,,,,,
16980234,1,1,N,N,43,1N4AL3AP4DC263787,2013,2,71,500,104,N,78745,1,1,2,5,12,,,,N,EZ AUTO AND TOWING SERVICE,EZ AUTO AND TOWING SERVICE,N,,,,,,,,,,,,,,,,,,,,,,44,,,,,,,,,,3,1,0,0,0,2,0,0,0,,,,,,,,
16980234,2,1,N,N,43,1FMCU0J9XFUA27119,2015,2,37,711,69,N,78748,1,1,6,2,6,,,,N,,,N,,,,,,,,,,,,,,,,,,,,,,0,,,,,,,,,,3,1,0,0,0,2,0,0,0,,,,,,,,
16980739,1,1,N,N,43,1FTEX1EW1AKB68661,2010,21,37,2324,30,N,78701,4,,15,2,7,,,,N,,,N,,,,,,,,,,,,,,,,,,,,,,4,20,,,,,,,12,,5,1,0,0,0,2,0,0,0,,,,,,,,
16980739,2,1,N,N,43,JTMZFREVXHJ131005,2017,16,91,581,69,N,78754,1,2,16,2,3,,,,N,,,N,,,,,,,,,,,,,,,,,,,,,,0,,,,,,,,,,5,1,0,0,0,1,0,0,0,,,,,,,,
16980868,1,1,N,N,28,1G1PC5SB9E7483996,2014,2,107,60,104,N,,1,2,2,2,12,,,,N,,,N,,,,,,,,,,,,,,,,,,,,,,0,,,,,,,,,,7,1,0,0,0,1,0,0,0,,,,,,,,
16980868,2,1,N,N,43,5N1AT2MN5HC790575,2017,17,71,1310,104,N,78744,1,2,2,3,12,,,,Y,,,N,,,,,,,,,,,,,,,,,,,,,,0,,,,,,,,,,5,1,0,0,1,0,0,1,0,,,,,,,,
16980868,3,1,N,N,43,1GKS2BKC2GR470594,2016,2,39,479,104,N,78619,1,2,3,2,11,,,,N,,,N,,,,,,,,,,,,,,,,,,,,,,0,,,,,,,,,,5,2,0,0,0,1,0,0,0,,,,,,,,
16980868,4,1,Y,N,43,2T2ZK1BAXCC086274,2012,2,58,2446,104,N,,1,2,13,3,9,,,,N,,,N,,,,,,,,,,,,,,,,,,,,,,0,,,,,,,,,,1,2,0,0,0,0,0,0,0,,,,,,,,
16980868,5,1,Y,N,43,4T1BE32K94U326318,2004,9,91,380,104,N,78721,1,2,,,,,,,,,,N,,,,,,,,,,,,,,,,,,,,,,0,,,,,,,,,,5,2,0,0,0,0,0,0,0,,,,,,,,
16982517,1,1,N,N,43,1HGCV1F3XJA185015,2018,16,44,236,104,N,78753,1,2,7,1,7,,,,N,,,N,,,,,,,,,,,,,,,,,,,,,,35,,,,,,,,,,5,1,0,0,0,1,0,0,0,,,,,,,,
16982517,2,1,N,N,43,KNMAT2MT2JP515053,2018,9,71,1310,104,N,78729,1,2,4,2,1,,,,N,H & H TOWING: 512-551-9200,"1104 W PECAN, PFLUGERVILLE, TX, 78660",N,,,,,,,,,,,,,,,,,,,,,,0,,,,,,,,,,7,1,0,0,0,1,0,0,0,,,,,,,,
16983437,1,1,N,N,43,1C4RJEAG6DC643454,2013,2,429,1116,69,N,78702,1,2,14,3,4,,,,N,,,N,,,,,,,,,,,,,,,,,,,,,,35,,,,,,,,,,7,1,0,0,0,1,0,0,0,,,,,,,,
16983437,2,1,N,N,5,NC0200BM201202,1980,3,44,3308,71,N,78745,2,,26,1,,,,,N,SOUTHSIDE TOWING,"8200 S CONGRESS AVE, AUSTIN, TX 78745",N,,,,,,,,,,,,,,,,,,,,,,0,,,,,,,,,,5,1,0,1,0,0,0,1,0,,,,,,,,
16983836,1,1,N,Y,,,,,,,0,N,,,,,,,,,,,,,N,,,,,,,,,,,,,,,,,,,,,,20,23,52,50,,,,,,,1,1,0,0,0,0,1,0,0,,,,,,,,
16983836,2,6,,,,,,,,,,,,,,,,,,,,,,,,,,,,,,,,,,,,,,,,,,,,,0,,,,,,,,,,9,2,0,0,0,0,0,0,0,,,,,,,,
16983836,3,4,,,,,,,,,,,,,,,,,,,,,,,,,,,,,,,,,,,,,,,,,,,,,0,,,,,,,,,,9,1,1,0,0,0,0,1,0,,,,,,,,
16984659,1,1,N,N,43,JS2YA417096200220,2008,13,88,2559,100,N,78759,1,2,12,3,3,,,,N,STARS TOWING,STARS TOWING,N,,,,,,,,,,,,,,,,,,,,,,0,,,,,,,,,,8,1,0,0,0,1,0,0,0,,,,,,,,
16984659,2,1,N,N,43,3D6WA6EL1BG502876,2011,21,710,4103,30,N,78660,1,2,13,2,9,,,,N,,,N,,,,,,,,,,,,,,,,,,,,,,0,,,,,,,,,,8,1,0,0,0,1,0,0,0,,,,,,,,
16985284,1,1,N,N,43,JM1BK32F561540579,2006,17,63,3917,104,N,78748,1,2,2,3,12,,,,,,,N,,,,,,,,,,,,,,,,,,,,,,22,44,,,,,,,,,4,1,0,0,0,1,0,0,0,,,,,,,,
16985284,2,1,N,N,43,KMHCT5AE9GU259046,2016,9,45,557,104,N,78704,1,2,6,2,6,,,,,,,N,,,,,,,,,,,,,,,,,,,,,,0,,,,,,,,,,4,1,0,0,0,1,0,0,0,,,,,,,,
16985747,1,1,N,N,43,1N6AA07B96N515550,2006,16,71,1397,30,N,78617,2,,1,4,12,,,,Y,SOUTHSIDE WRECKER INC,SOUTHSIDE WRECKER INK,N,,,,,,,,,,,,,,,,,,,,,,45,,,,,,,,,,4,1,0,0,0,1,0,0,0,,,,,,,,
16985747,2,1,Y,N,43,1N4AL3AP6EN207243,2014,16,71,500,104,N,78747,1,2,7,4,8,,,,N,,,N,,,,,,,,,,,,,,,,,,,,,,0,,,,,,,,,,1,1,0,0,0,0,0,0,0,,,,,,,,
16985755,1,1,N,N,,3C6TRVCG4HE506644,2017,21,109,568,103,N,,2,,9,2,9,,,,N,,,N,,,,,,,,,,,,,,,,,,,,,,,,,20,,,,,,,1,1,0,0,0,1,0,0,0,,,,,,,,
16985755,2,1,N,N,43,2HGES16524H529025,2004,2,44,256,104,N,78741,1,1,2,3,12,,,,N,,,N,,,,,,,,,,,,,,,,,,,,,,0,,,,,,,,,,1,1,0,0,0,1,0,0,0,,,,,,,,
16985756,1,1,N,N,43,3C3CFFAR6DT513696,2013,3,35,2956,100,N,78640,1,2,2,3,12,,,,N,SPECIAL AUTOMOTIVE SERVICE INC,SPECIAL AUTOMOTIVE SERVICE INC,N,,,,,,,,,,,,,,,,,,,,,,37,,,,,,,,,,1,1,0,0,0,1,0,0,0,,,,,,,,
16985756,2,1,N,N,43,1FM5K8GT5GGD26730,2016,2,37,554,69,N,78748,1,2,11,3,11,,,,N,,,N,,,,,,,,,,,,,,,,,,,,,,0,,,,,,,,,,5,1,0,0,0,4,0,0,0,,,,,,,,
16985757,1,1,N,N,43,JTEDC3EH9B2002793,2011,21,91,178,104,N,78748,1,1,15,5,5,,,,,,,N,,,,,,,,,,,,,,,,,,,,,,0,,,,,,,,,,11,1,0,0,0,1,0,0,0,,,,,,,,
16985757,2,1,N,N,43,JTKKU4B48AJ056647,2010,16,91,2576,104,N,78744,1,1,3,4,10,,,,,ROCHAS TOWING SERVICE,5711 CHINABERRY DR,N,,,,,,,,,,,,,,,,,,,,,,0,,,,,,,,,,11,1,0,0,0,1,0,0,0,,,,,,,,
16985757,3,1,N,N,43,1GC1CXCG8CF158827,2012,17,107,60,30,N,78748,1,1,14,3,5,,,,,,,N,,,,,,,,,,,,,,,,,,,,,,0,,,,,,,,,,11,2,0,0,0,3,0,0,0,,,,,,,,
16985758,1,1,N,N,43,5TDZK22C88S220418,2008,10,91,648,103,N,78717,1,2,2,3,,,,,N,AVILES & GABES WRECKER SERVICE INC.,AVILES & GABES WRECKER SERVICE INC.,N,,,,,,,,,,,,,,,,,,,,,,20,,,,,,,,,,1,1,0,0,0,1,0,0,0,,,,,,,,
16985758,2,1,N,N,43,5NPEC4AC7CH470739,2012,2,45,462,104,N,78702,1,2,6,1,6,,,,N,,,N,,,,,,,,,,,,,,,,,,,,,,0,,,,,,,,,,1,1,0,0,0,1,0,0,0,,,,,,,,
16985758,3,1,N,N,43,JM3TCACY7J0229988,2018,2,63,1009,69,N,78729,1,2,5,1,6,,,,N,,,N,,,,,,,,,,,,,,,,,,,,,,0,,,,,,,,,,1,2,0,0,0,1,0,0,0,,,,,,,,
16985759,1,1,N,N,43,3GTP1UEH7EG187709,2014,16,39,3080,30,N,78757,1,2,1,0,12,,,,Y,AUS-TEX AUTO ENTERPRISES LLC,AUS-TEX AUTO ENTERPRISES LLC,N,,,,,,,,,,,,,,,,,,,,,,68,,,,,,,,,,1,1,0,0,0,1,0,0,0,,,,,,,,
16985760,1,1,N,N,43,2HGFG12889H528040,2009,3,44,256,100,N,78723,1,2,6,2,8,2,2,,N,,,N,,,,,,,,,,,,,,,,,,,,,,4,,,,,,,,,,4,1,0,1,1,0,0,2,0,,,,,,,,
16985760,2,1,N,N,43,4T1CE30P47U760962,2007,17,91,686,100,N,78617,2,,1,3,12,,,,N,,,N,,,,,,,,,,,,,,,,,,,,,,0,,,,,,,,,,4,1,0,0,0,1,0,0,0,,,,,,,,
16985761,1,1,N,N,43,1C3CCCAB0GN126950,2016,21,21,2258,104,N,78754,1,1,1,4,12,,,,Y,AVILES & GABES WRECKER SERVICE INC.,5526 1/2 W HWY 290,N,,,,,,,,,,,,,,,,,,,,,,74,,,,,,,,,,1,1,0,0,1,0,1,1,0,,,,,,,,
16985761,2,1,N,N,43,1D7HE22K16S682601,2006,17,109,82,30,N,78754,1,1,8,4,4,,,,Y,AVILES & GABES WRECKER SERVICE INC.,5526 1/2 W HWY 290,N,,,,,,,,,,,,,,,,,,,,,,0,,,,,,,,,,7,1,0,0,0,1,0,0,0,,,,,,,,
16985762,1,1,N,N,43,2T2BK1BA3CC141116,2012,17,58,1318,69,N,78727,1,2,2,6,12,,,,N,TOW TIME,TOW TIME,N,,,,,,,,,,,,,,,,,,,,,,20,,,,,,,,,,4,1,0,0,0,2,0,0,0,,,,,,,,
16985763,1,1,N,N,43,1C6RR6LT7HS506194,2017,16,710,4100,30,N,78611,1,2,7,3,6,,,,N,,,N,,,,,,,,,,,,,,,,,,,,,,34,,,,,,,,,,3,1,0,0,0,2,0,0,0,,,,,,,,
16985763,2,1,N,N,43,2C3CDYAG3DH582029,2013,2,109,73,100,N,78758,1,2,2,5,,,,,Y,,,N,,,,,,,,,,,,,,,,,,,,,,0,,,,,,,,,,1,1,0,0,0,1,0,0,0,,,,,,,,
16985764,1,1,N,N,43,1FDWW37PX6EB14995,2006,21,37,2326,30,N,78702,1,2,1,3,12,,,,N,NA,NA,N,,,,,,,,,,,,,,,,,,,,,,0,,,,,,,,,,1,1,0,0,0,1,0,0,0,,,,,,,,
16985764,2,1,N,N,43,1C3CDZAG0EN222859,2014,3,109,549,104,N,78721,2,,2,6,12,,,,Y,A & A WRECKER NORTH,A & A WRECKER NORTH,N,,,,,,,,,,,,,,,,,,,,,,37,,,,,,,,,,7,1,0,0,0,1,0,0,0,,,,,,,,
16985765,1,1,N,N,43,JHLRD78483C043275,2003,17,44,605,69,N,78751,1,1,2,3,12,,,,N,HARPERS TOWING SERVICE INC,HARPERS TOWING SERVICE INC,N,,,,,,,,,,,,,,,,,,,,,,20,,,,,,,,,,3,1,0,0,0,1,0,0,0,,,,,,,,
16985765,2,1,N,N,43,YV1KS9607T1081182,1996,16,98,496,104,N,78745,1,1,14,2,3,,,,N,,,N,,,,,,,,,,,,,,,,,,,,,,0,,,,,,,,,,3,1,0,0,0,1,0,0,0,,,,,,,,
16985766,1,1,N,N,43,3GTP1VE01DG291109,2013,16,39,3080,30,N,78753,2,,5,0,6,,,,N,,,N,,,,,,,,,,,,,,,,,,,,,,0,,,,,,,,,,1,1,0,0,0,1,0,0,0,,,,,,,,
16985766,2,1,Y,N,43,1FTNW21F0XEE51283,1999,10,37,2325,30,N,78613,1,1,1,1,12,,,,,,,N,,,,,,,,,,,,,,,,,,,,,,0,,,,,,,,,,5,1,0,0,0,0,0,0,0,,,,,,,,
16985766,3,4,,,,,,,,,,,,,,,,,,,,,,,,,,,,,,,,,,,,,,,,,,,,,0,,,,,,,,,,9,2,0,0,1,0,0,1,0,,,,,,,,
16985767,1,1,N,N,43,1G1PE5SB2E7112818,2014,16,107,2209,104,N,78744,1,1,16,4,3,,,,N,EZ AUTO AND TOWING SERVICE,EZ AUTO AND TOWING SERVICE,N,,,,,,,,,,,,,,,,,,,,,,37,,,,,,,,,,5,1,0,0,0,1,0,0,0,,,,,,,,
16985767,2,1,N,N,43,1NXBR32E86Z760456,2006,16,91,173,104,N,,1,1,2,5,12,,,,N,EZ AUTO AND TOWING SERVICE,EZ AUTO AND TOWING SERVICE,N,,,,,,,,,,,,,,,,,,,,,,0,,,,,,,,,,1,1,0,0,1,1,0,1,0,,,,,,,,
16985768,1,1,N,N,43,WVWLK73C57E009473,2007,1,96,473,104,N,78626,1,1,2,2,12,,,,N,ATX-VIP TOWING SERVICES,TOW YARD,N,,,,,,,,,,,,,,,,,,,,,,20,,,,,,,,,,5,1,0,0,0,1,0,0,0,,,,,,,,
16985768,2,1,N,N,43,WBAPH7G51BNN02245,2011,3,14,2735,104,N,78735,1,1,6,2,6,2,1,12,N,EZ AUTO AND TOWING SERVICE,TOW YARD,N,,,,,,,,,,,,,,,,,,,,,,0,,,,,,,,,,5,1,0,0,0,1,0,0,0,,,,,,,,
16985768,3,1,N,N,43,2G1FK1EJ1A9127321,2010,13,107,46,100,N,78753,1,1,6,2,6,2,2,12,N,NA,NA,N,,,,,,,,,,,,,,,,,,,,,,0,,,,,,,,,,5,2,0,0,0,3,0,0,0,,,,,,,,
16985768,4,1,N,N,43,WBA5A5C51ED504691,2014,21,14,589,104,N,78660,1,1,6,1,6,,,,N,NA,NA,N,,,,,,,,,,,,,,,,,,,,,,0,,,,,,,,,,5,2,0,1,0,1,0,1,0,,,,,,,,
16985769,1,1,N,N,43,5XXGM4A77EG268717,2014,17,55,715,104,N,78758,1,1,2,6,12,,,,N,ROCHAS TOWING SERVICE,PRONTO WRECKER SERVICE NORTH,N,,,,,,,,,,,,,,,,,,,,,,20,44,,,,,,,,,2,1,0,0,0,1,0,0,0,,,,,,,,
16985769,2,1,N,N,43,1FTHX26F2SKC02030,1995,21,37,2324,30,N,78640,1,1,6,1,6,,,,N,OWNER / OPERATOR,FROM SCENE,N,,,,,,,,,,,,,,,,,,,,,,0,,,,,,,,,,2,1,0,0,0,1,0,0,0,,,,,,,,
16985770,1,1,N,N,43,1N4AL3AP4DC163155,2013,2,71,500,104,N,78610,1,1,3,3,12,,,,Y,A-TEX TOWING,5526 1/2 W HWY 290,N,,,,,,,,,,,,,,,,,,,,,,20,,,,,,,,,,1,1,0,0,0,1,0,0,0,,,,,,,,
16985770,2,1,N,N,43,3FTSW30F02MA00318,2002,16,37,2326,104,N,78634,1,1,5,1,6,,,,N,,,N,,,,,,,,,,,,,,,,,,,,,,0,,,,,,,,,,1,1,0,0,0,1,0,0,0,,,,,,,,
16985771,1,1,N,N,43,1FADP3E29DL383911,2013,9,37,696,104,N,78741,1,2,7,3,6,,,,Y,SOUTHSIDE WRECKER INC,8200 S. CONGRESS AVE,N,,,,,,,,,,,,,,,,,,,,,,0,,,,,,,,,,5,1,0,0,0,1,0,0,0,,,,,,,,
16985771,2,1,Y,N,43,1FT8W3BT6KEC97937,2019,2,37,2326,30,N,78610,1,2,4,1,12,,,,N,,,N,,,,,,,,,,,,,,,,,,,,,,0,,,,,,,,,,1,1,0,0,0,0,0,0,0,,,,,,,,
16985772,1,1,N,N,43,1J8HG582X6C129400,2006,16,429,982,104,N,78723,1,2,3,2,11,,,,N,,,N,,,,,,,,,,,,,,,,,,,,,,20,,,,,,,,,,7,1,0,0,0,4,0,0,0,,,,,,,,
16985772,2,1,N,N,43,WAUENAF47HN048503,2017,2,8,2148,104,N,78610,1,2,8,2,4,14,2,3,N,,,N,,,,,,,,,,,,,,,,,,,,,,20,,,,,,,,,,1,1,0,0,0,2,0,0,0,,,,,,,,
16985773,1,1,N,N,43,3N1AB7AP6EL678090,2014,21,71,341,104,N,78613,1,1,2,6,12,,,,Y,620 LAKESIDE TOWING,620 LAKESIDE TOWING,N,,,,,,,,,,,,,,,,,,,,,,74,,,,,,,,,,2,1,0,0,0,1,0,0,0,,,,,,,,
16985773,2,1,N,N,43,1FTMF1C81GFB29315,2016,21,37,2324,30,N,84604,1,1,2,4,12,6,2,6,N,,,N,,,,,,,,,,,,,,,,,,,,,,44,,,4,,,,,,,2,1,0,0,0,1,0,0,0,,,,,,,,
16985773,3,1,N,N,43,,2014,,85,646,104,N,78613,1,1,,,,,,,N,,,N,,,,,,,,,,,,,,,,,,,,,,0,,,,,,,,,,2,2,0,0,0,1,0,0,0,,,,,,,,
16985774,1,1,N,N,43,1LNLM92V1VY706901,1997,2,113,1207,104,N,78759,1,2,2,5,12,,,,Y,STARS TOWING,STARS TOWING,N,,,,,,,,,,,,,,,,,,,,,,44,,,,,,,,,,5,1,0,1,0,0,0,1,0,,,,,,,,
16985774,2,1,N,N,43,5XYZU3LBXDG117725,2013,9,45,2380,104,N,78753,1,2,8,3,6,,,,Y,AVILES & GABES WRECKER SERVICE INC.,AVILES & GABES WRECKER SERVICE INC.,N,,,,,,,,,,,,,,,,,,,,,,0,,,,,,,,,,5,1,0,0,0,1,0,0,0,,,,,,,,
16985775,1,1,N,N,43,5J6RM3H55CL025826,2012,9,44,605,69,N,78641,1,2,2,3,12,,,,N,AVILES & GABES WRECKER SERVICE INC.,AVILES & GABES WRECKER SERVICE INC.,N,,,,,,,,,,,,,,,,,,,,,,44,,,,,,,,,,5,1,0,0,1,0,0,1,0,,,,,,,,
16985775,2,1,N,N,43,1J4HS48N16C285216,2006,5,429,1116,69,N,78729,1,2,6,2,6,,,,N,ATX-VIP TOWING SERVICES,ATX-VIP TOWING SERVICES,N,,,,,,,,,,,,,,,,,,,,,,74,,,,,,,,,,5,1,0,0,0,1,0,0,0,,,,,,,,
16985776,1,1,N,N,43,1HGES16315L022345,2005,,44,256,104,N,78730,1,2,6,5,7,,,,N,620 LAKESIDE TOWING,620 LAKESIDE TOWING,N,,,,,,,,,,,,,,,,,,,,,,74,,,,,,,,,,5,1,0,0,2,0,0,2,0,,,,,,,,