Crash_ID,Unit_Nbr,Unit_Desc_ID,Veh_Parked_Fl,Veh_HNR_Fl,Veh_Lic_State_ID,VIN,Veh_Mod_Year,Veh_Color_ID,Veh_Make_ID,Veh_Mod_ID,Veh_Body_Styl_ID,Emer_Respndr_Fl,Ownr_Zip,Fin_Resp_Proof_ID,Fin_Resp_Type_ID,Veh_Dmag_Area_1_ID,Veh_Dmag_Scl_1_ID,Force_Dir_1_ID,Veh_Dmag_Area_2_ID,Veh_Dmag_Scl_2_ID,Force_Dir_2_ID,Veh_Inventoried_Fl,Veh_Transp_Name,Veh_Transp_Dest,Veh_Cmv_Fl,Cmv_Fiveton_Fl,Cmv_Hazmat_Fl,Cmv_Nine_Plus_Pass_Fl,Cmv_Veh_Oper_ID,Cmv_Carrier_ID_Type_ID,Cmv_Carrier_Zip,Cmv_Veh_Type_ID,Cmv_GVWR,Cmv_RGVW,Cmv_Hazmat_Rel_Fl,Hazmat_Cls_1_ID,Hazmat_IDNbr_1_ID,Hazmat_Cls_2_ID,Hazmat_IDNbr_2_ID,Cmv_Cargo_Body_ID,Cmv_Evnt1_ID,Cmv_Evnt2_ID,Cmv_Evnt3_ID,Cmv_Evnt4_ID,Cmv_Tot_Axle,Cmv_Tot_Tire,Contrib_Factr_1_ID,Contrib_Factr_2_ID,Contrib_Factr_3_ID,Contrib_Factr_P1_ID,Contrib_Factr_P2_ID,Veh_Dfct_1_ID,Veh_Dfct_2_ID,Veh_Dfct_3_ID,Veh_Dfct_P1_ID,Veh_Dfct_P2_ID,Veh_Trvl_Dir_ID,First_Harm_Evt_Inv_ID,Sus_Serious_Injry_Cnt,Nonincap_Injry_Cnt,Poss_Injry_Cnt,Non_Injry_Cnt,Unkn_Injry_Cnt,Tot_Injry_Cnt,Death_Cnt,Cmv_Disabling_Damage_Fl,Cmv_Bus_Type_ID,Trlr_GVWR,Trlr_RGVW,Trlr_Type_ID,Trlr_Disabling_Dmag_ID,Cmv_Intermodal_Container_Permit_Fl,CMV_Actual_Gross_Weight
16985776,2,1,N,N,43,3ALACWDTXHDHV3502,2017,21,38,3004,106,N,78219,1,2,2,3,12,17,3,9,N,INTERSTATE CHAPARRAL TOWING INC.,INTERSTATE CHAPARRAL TOWING INC.,N,,,,,,,,,,,,,,,,,,,,,,0,,,,,,,,,,5,1,0,0,1,0,0,1,0,,,,,,,,
16985776,3,1,N,N,43,JM1DE1HYXB0102704,2011,10,63,2472,104,N,78723,1,2,13,3,7,2,3,12,,620 LAKESIDE TOWING,620 LAKESIDE TOWING,N,,,,,,,,,,,,,,,,,,,,,,0,,,,,,,,,,5,2,0,0,0,1,0,0,0,,,,,,,,
16985776,4,1,N,N,43,1FMCU0J9XEUB84728,2014,21,37,711,69,N,78759,1,2,6,1,6,,,,N,,,N,,,,,,,,,,,,,,,,,,,,,,0,,,,,,,,,,5,2,0,0,0,3,0,0,0,,,,,,,,
16985776,5,1,N,N,43,1N4BL3AP2DN437185,2013,21,71,500,104,N,78727,1,2,13,3,7,,,,N,STARS TOWING,STARS TOWING,N,,,,,,,,,,,,,,,,,,,,,,0,,,,,,,,,,5,2,0,0,0,1,0,0,0,,,,,,,,
16985776,6,1,N,N,43,1HGCR3F8XGA016231,2016,21,44,236,104,N,78758,1,2,13,5,7,3,5,11,N,FINGER TOWING SERVICE,FINGER TOWING SERVICE,N,,,,,,,,,,,,,,,,,,,,,,0,,,,,,,,,,5,2,0,0,0,1,0,0,0,,,,,,,,
16985776,7,1,N,N,43,1FADP3F29HL248660,2017,17,37,696,104,N,78754,1,2,13,1,7,,,,Y,,,N,,,,,,,,,,,,,,,,,,,,,,0,,,,,,,,,,5,2,0,0,0,1,0,0,0,,,,,,,,
16985803,1,1,N,N,43,4T1BF1FK0FU967565,2015,21,91,380,104,N,78730,1,1,3,6,11,,,,N,A-TEX TOWING,5526 1/2 W HWY 290,N,,,,,,,,,,,,,,,,,,,,,,0,,,,,,,,,,5,1,0,0,0,1,0,0,0,,,,,,,,
16985803,2,1,N,N,43,JM1DKDB77H0170414,2017,3,63,1210,104,N,78749,1,1,2,6,12,,,,N,EZ AUTO AND TOWING SERVICE,EZ AUTO AND TOWING SERVICE,N,,,,,,,,,,,,,,,,,,,,,,0,,,,,,,,,,1,1,0,0,0,1,0,0,0,,,,,,,,
16985803,3,1,N,N,43,1N4AL3AP4EN367508,2014,11,71,500,104,N,78704,1,1,8,1,4,,,,N,,,N,,,,,,,,,,,,,,,,,,,,,,0,,,,,,,,,,1,2,0,0,0,1,0,0,0,,,,,,,,
16985804,1,1,N,N,43,JM1BL1U73D1720759,2013,2,63,1210,104,N,,1,2,2,2,12,,,,N,EZ AUTO AND TOWING SERVICE,EZ AUTO AND TOWING SERVICE,N,,,,,,,,,,,,,,,,,,,,,,20,,,,,,,,,,1,1,0,0,0,1,0,0,0,,,,,,,,
16985804,2,1,N,N,43,JTHBK262475028466,2007,2,58,1156,104,N,78748,1,2,6,2,6,,,,N,,,N,,,,,,,,,,,,,,,,,,,,,,0,,,,,,,,,,1,1,0,0,0,2,0,0,0,,,,,,,,
16985805,1,1,N,N,43,KL4CJCSB6FB252627,2015,21,105,2184,69,N,78739,1,2,10,5,3,,,,Y,EZ AUTO AND TOWING SERVICE,EZ AUTO AND TOWING SERVICE,N,,,,,,,,,,,,,,,,,,,,,,15,,,,,,,,,,4,1,0,1,0,0,0,1,0,,,,,,,,
16985805,2,1,N,N,43,1GNKRGKD1FJ189100,2015,21,107,1414,69,N,78727,1,2,2,4,12,,,,Y,ROCHAS TOWING SERVICE,ROCHAS TOWING SERVICE,N,,,,,,,,,,,,,,,,,,,,,,0,,,,,,,,,,2,1,0,0,2,0,0,2,0,,,,,,,,
16985805,3,1,N,N,30,1C4RJFBG3JC107111,2018,9,429,1116,69,N,08854,1,2,12,2,3,,,,,,,N,,,,,,,,,,,,,,,,,,,,,,0,,,,,,,,,,8,2,0,0,0,1,0,0,0,,,,,,,,
16985806,1,1,N,N,43,1J4HS48N16C285216,2006,4,429,1116,69,N,78729,1,1,1,7,12,,,,N,ARMADA TOWING,ARMADA TOWING,N,,,,,,,,,,,,,,,,,,,,,,19,20,,,,,,,,,4,1,0,0,1,0,0,1,0,,,,,,,,
16985806,2,1,N,N,43,1C6RR6FT6JS305159,2018,21,109,2275,30,N,78641,1,1,1,4,12,5,4,6,N,AUS-TEX AUTO ENTERPRISES LLC,AUS-TEX AUTO ENTERPRISES LLC,N,,,,,,,,,,,,,,,,,,,,,,0,,,,,,,,,,4,1,0,0,0,1,0,0,0,,,,,,,,
16985806,3,1,N,N,43,1HGCR2F58HA064344,2017,16,44,236,104,N,78642,1,1,5,5,6,,,,N,DRIVER,UNKNOWN,N,,,,,,,,,,,,,,,,,,,,,,0,,,,,,,,,,4,2,0,0,0,1,0,0,0,,,,,,,,
16985807,1,1,N,N,13,19XFA1F82BE021176,2011,9,44,256,104,N,78751,1,1,2,4,12,,,,N,620 LAKESIDE TOWING,620 LAKESIDE TOWING,N,,,,,,,,,,,,,,,,,,,,,,44,,,20,,,,,,,5,1,0,0,0,1,0,0,0,,,,,,,,
16985807,2,1,N,N,43,1FTEW1EG5JKC40005,2018,16,37,2324,30,N,75052,1,1,6,3,6,,,,N,,,N,,,,,,,,,,,,,,,,,,,,,,0,,,,,,,,,,5,1,0,0,0,1,0,0,0,,,,,,,,
16985808,1,1,N,N,43,3KPFL4A7XHE051321,2017,21,55,1093,104,N,78753,1,1,18,6,3,,,,N,EZ AUTO AND TOWING SERVICE,EZ AUTO AND TOWING SERVICE,N,,,,,,,,,,,,,,,,,,,,,,4,,,,,,,,,,3,1,0,1,0,0,0,1,0,,,,,,,,
16985808,2,1,N,N,43,WMWZF3C57ET492219,2014,10,115,786,100,N,78704,1,1,13,5,7,,,,N,AVILES & GABES WRECKER SERVICE INC.,AVILES & GABES WRECKER SERVICE INC.,N,,,,,,,,,,,,,,,,,,,,,,0,,,,,,,,,,3,1,0,0,0,1,0,0,0,,,,,,,,
16985809,1,1,N,N,43,JHMFA36288S009870,2008,3,44,256,104,N,78745,1,2,9,1,9,,,,N,,,N,,,,,,,,,,,,,,,,,,,,,,20,35,,,,,,,,,4,1,0,0,0,1,0,0,0,,,,,,,,
16985809,2,1,N,N,43,3C6UR5CL6GG126595,2016,21,109,2276,106,N,78702,1,7,,,,,,,N,,,N,,,,,,,,,,,,,,,,,,,,,,0,,,,,,,,,,5,1,0,0,0,1,0,0,0,,,,,,,,
16985809,3,6,,,,,,,,,,,,,,,,,,,,,,,,,,,,,,,,,,,,,,,,,,,,,0,,,,,,,,,,9,2,0,0,0,0,0,0,0,,,,,,,,
16985810,1,1,N,N,43,5J8TB18539A004808,2009,2,1,1301,104,N,78753,1,1,2,3,12,,,,N,,,N,,,,,,,,,,,,,,,,,,,,,,,,,44,,,,,,,8,1,0,0,0,1,0,0,0,,,,,,,,
16985810,2,1,N,N,43,3KPF34AD2KE022599,2019,9,55,1093,104,N,78641,1,1,6,3,6,,,,N,,,N,,,,,,,,,,,,,,,,,,,,,,0,,,,,,,,,,8,1,0,0,0,1,0,0,0,,,,,,,,
16985811,1,1,N,N,43,5J6RM3H9XGL012126,2016,2,44,107,69,N,78660,1,2,2,4,12,,,,Y,ARMADA TOWING,ARMADA TOWING,N,,,,,,,,,,,,,,,,,,,,,,0,,,,,,,,,,5,1,0,0,1,0,0,1,0,,,,,,,,
16985811,2,1,N,N,43,JM3ER2A50B0363328,2011,16,63,272,69,N,78758,1,2,6,2,6,,,,N,,,N,,,,,,,,,,,,,,,,,,,,,,0,,,,,,,,,,5,1,0,0,1,3,0,1,0,,,,,,,,
16985812,1,1,N,N,43,3N1BC13E39L380662,2009,9,71,1452,104,N,78642,1,2,1,5,12,,,,N,STARS TOWING,15500 CONNIE ST,N,,,,,,,,,,,,,,,,,,,,,,44,,,,,,,,,,1,1,0,0,0,1,0,0,0,,,,,,,,
16985812,2,1,N,N,43,1N6BD0CT9JN741378,2018,21,71,634,30,N,75062,1,2,5,1,6,,,,N,DRIVEN,RESIDENCE,N,,,,,,,,,,,,,,,,,,,,,,0,,,,,,,,,,1,1,0,0,0,1,0,0,0,,,,,,,,
16985813,1,1,N,N,43,5FYD5FV019B035906,2009,3,498,1930,47,N,78702,4,,4,1,12,,,,N,,,N,,,,,,,,,,,,,,,,,,,,,,0,,,,,,,,,,3,1,0,0,0,1,0,0,0,,,,,,,,
16985813,2,3,,,,,,,,,,,,,,,,,,,,,,,,,,,,,,,,,,,,,,,,,,,,,0,,,,,,,,,,9,1,1,0,0,0,0,1,0,,,,,,,,
16985814,1,1,N,N,43,2HNYD28318H535244,2008,21,1,705,69,N,78642,1,2,2,2,12,,,,N,NOT TOWED,,N,,,,,,,,,,,,,,,,,,,,,,44,,,,,,,,,,1,1,0,0,0,1,0,0,0,,,,,,,,
16985814,2,1,N,N,43,JTDKB20U287817314,2008,10,91,702,104,N,78750,1,2,6,3,6,2,3,12,N,A-TEX TOWING,A-TEX TOWING,N,,,,,,,,,,,,,,,,,,,,,,0,,,,,,,,,,1,1,0,0,1,0,0,1,0,,,,,,,,
16985814,3,1,N,N,43,JTEBT17R058024720,2005,3,91,395,69,N,78759,1,2,6,2,6,,,,N,NOT TOWED,,N,,,,,,,,,,,,,,,,,,,,,,0,,,,,,,,,,1,2,0,0,0,1,0,0,0,,,,,,,,
16985815,1,1,N,N,43,1G11C5SL2FF290787,2015,17,107,56,104,N,78748,1,2,2,2,12,,,,N,SOUTHSIDE WRECKER INC,8200 S. CONGRESS AVE,N,,,,,,,,,,,,,,,,,,,,,,0,,,,,,,,,,4,1,0,0,0,2,0,0,0,,,,,,,,
16985815,2,1,N,N,43,3CZRU5H39KM703033,2019,21,44,107,104,N,78753,1,2,6,2,6,2,2,12,N,EZ AUTO AND TOWING SERVICE,EZ AUTO AND TOWING SERVICE,N,,,,,,,,,,,,,,,,,,,,,,0,,,,,,,,,,4,1,0,1,0,0,0,1,0,,,,,,,,
16985815,3,1,N,N,43,1GNFC33J19R138265,2009,2,107,547,104,N,76107,1,2,6,1,6,,,,,,,N,,,,,,,,,,,,,,,,,,,,,,0,,,,,,,,,,4,2,0,0,0,1,0,0,0,,,,,,,,
16985822,1,1,N,N,43,4S2CK58W514359663,2001,10,49,536,104,N,78537,2,,11,3,9,2,1,12,N,SPECIAL AUTOMOTIVE SERVICE INC,SPECIAL AUTOMOTIVE SERVICE INC,N,,,,,,,,,,,,,,,,,,,,,,0,,,,,,,,,,5,1,0,0,0,2,0,0,0,,,,,,,,
16985822,2,1,N,N,43,1GNGK26J5XJ483677,1999,2,107,2203,104,N,78746,1,1,4,3,2,,,,N,ATX-VIP TOWING SERVICES,ATX-VIP TOWING SERVICES,N,,,,,,,,,,,,,,,,,,,,,,0,,,,,,,,,,5,1,0,0,0,1,0,0,0,,,,,,,,
16985822,3,1,Y,N,10,5XYZK3AB7CG142511,2012,9,45,713,104,N,30523,1,1,11,1,11,,,,N,,,N,,,,,,,,,,,,,,,,,,,,,,0,,,,,,,,,,5,2,0,0,0,0,0,0,0,,,,,,,,
16985822,4,1,Y,N,43,WBA1F9C59GV742485,2016,21,14,2735,100,N,78722,1,1,5,1,6,1,1,12,N,,,N,,,,,,,,,,,,,,,,,,,,,,0,,,,,,,,,,5,2,0,0,0,0,0,0,0,,,,,,,,
16985822,5,1,Y,N,43,3G1BE6SM5KS541160,2019,9,107,2209,104,N,74134,2,,5,1,6,,,,N,,,N,,,,,,,,,,,,,,,,,,,,,,0,,,,,,,,,,5,2,0,0,0,0,0,0,0,,,,,,,,
16985827,1,1,N,N,43,3LNHL2GC5CR835341,2012,2,113,2452,104,N,78628,1,1,2,6,12,,,,Y,STARS TOWING,STARS TOWING,N,,,,,,,,,,,,,,,,,,,,,,74,,,,,,,,,,1,1,0,0,0,1,0,0,0,,,,,,,,
16985827,2,1,N,N,43,JTJBM7FX4J5204117,2018,2,58,2439,69,N,78746,1,1,6,2,6,,,,N,,,N,,,,,,,,,,,,,,,,,,,,,,0,,,,,,,,,,1,1,0,0,0,1,0,0,0,,,,,,,,
16985828,1,1,N,N,43,4A3AK44Y4TE371706,1996,3,68,435,100,N,78744,1,1,9,3,9,,,,N,,,N,,,,,,,,,,,,,,,,,,,,,,33,,,,,,,,,,1,1,0,0,1,0,0,1,0,,,,,,,,
16985828,2,1,N,N,43,3HGGK5H62JM716459,2018,,44,3370,104,N,78744,1,1,2,3,12,,,,N,,,N,,,,,,,,,,,,,,,,,,,,,,0,,,,,,,,,,3,1,0,0,1,0,0,1,0,,,,,,,,
16985829,1,1,N,N,43,JTDKN3DU0D5586412,2013,21,91,702,104,N,78613,1,1,1,1,12,,,,N,,,N,,,,,,,,,,,,,,,,,,,,,,74,,,,,,,,,,6,1,0,0,0,1,0,0,0,,,,,,,,
16985829,2,1,N,N,43,ZFBERFAT5G6B58242,2016,21,109,568,103,N,78749,1,1,5,0,12,,,,N,,,N,,,,,,,,,,,,,,,,,,,,,,0,,,,,,,,,,6,1,0,0,1,0,0,1,0,,,,,,,,
16985830,1,1,N,N,43,2HSFBRBR6RC086741,2015,21,98,185,106,N,79901,1,1,4,4,12,6,4,4,N,,,N,,,,,,,,,,,,,,,,,,,,,,0,,,,,,,,,,1,1,0,0,0,1,0,0,0,,,,,,,,
16985830,2,1,N,N,43,1FTRW12W66KD38531,2006,17,37,2324,104,N,78617,1,1,6,4,4,5,4,6,,SPECIAL AUTOMOTIVE SERVICE INC,SPECIAL AUTOMOTIVE SERVICE INC,N,,,,,,,,,,,,,,,,,,,,,,0,,,,,,,,,,1,1,0,0,1,0,0,1,0,,,,,,,,
16985830,3,1,N,N,43,1GCEC19V07Z199445,2007,21,107,2236,104,N,78640,1,1,5,4,4,,,,N,,,N,,,,,,,,,,,,,,,,,,,,,,0,,,,,,,,,,1,2,0,0,0,1,0,0,0,,,,,,,,
16985833,1,1,N,N,43,1HGCG566X2A142307,2002,17,44,236,104,N,78753,1,2,4,2,2,,,,N,,,N,,,,,,,,,,,,,,,,,,,,,,0,,,,,,,,,,5,1,0,0,1,1,0,1,0,,,,,,,,
16985833,2,1,N,N,43,1D4HD48N05F625692,2005,2,109,635,69,N,78752,1,2,3,1,12,,,,N,,,N,,,,,,,,,,,,,,,,,,,,,,0,,,,,,,,,,3,1,0,0,0,1,0,0,0,,,,,,,,
16985836,1,1,N,N,43,1NXBR32E93Z158502,2003,9,91,173,104,N,78704,1,2,2,3,12,,,,N,INTERSTATE,INTERSTATE,N,,,,,,,,,,,,,,,,,,,,,,15,,,,,,,,,,1,1,0,0,0,1,0,0,0,,,,,,,,
16985836,2,1,N,N,7,JM1BL1V84C1541183,2012,9,63,3917,104,N,78701,1,2,9,2,11,,,,N,ATX-VIP TOWING SERVICES,ATX-VIP TOWING SERVICES,N,,,,,,,,,,,,,,,,,,,,,,0,,,,,,,,,,7,1,0,0,0,1,0,0,0,,,,,,,,
16985839,1,1,N,N,43,1FAFP40472F198064,2002,9,37,96,100,N,78753,1,1,1,1,12,5,1,6,Y,AUS-TEX AUTO ENTERPRISES LLC,AUS-TEX AUTO ENTERPRISES LLC,N,,,,,,,,,,,,,,,,,,,,,,0,,,,,,,,,,3,1,0,0,0,1,1,0,0,,,,,,,,
16985840,1,1,N,Y,43,5N3AA08A94N805358,2004,21,47,1287,104,N,78744,1,2,2,0,12,,,,N,,,N,,,,,,,,,,,,,,,,,,,,,,20,,,,,,,,,,5,1,0,0,0,0,1,0,0,,,,,,,,
16985840,2,1,N,N,43,1FTEW1CP7JKC22382,2018,9,37,2324,30,N,,1,2,6,0,6,,,,N,,,N,,,,,,,,,,,,,,,,,,,,,,0,,,,,,,,,,5,1,0,1,0,0,0,1,0,,,,,,,,
16985841,1,1,N,Y,43,JN8AS5MT2DW507067,2013,21,71,1310,104,N,78738,1,1,15,0,9,,,,N,,,N,,,,,,,,,,,,,,,,,,,,,,60,36,,19,20,,,,,,5,1,0,0,0,1,0,0,0,,,,,,,,
16985841,2,4,,,,,,,,,,,,,,,,,,,,,,,,,,,,,,,,,,,,,,,,,,,,,0,,,,,,,,,,9,1,0,1,0,0,0,1,0,,,,,,,,
16985842,1,1,N,N,43,WBA3C3G59ENS67331,2014,21,14,652,104,N,75206,1,1,3,4,10,,,,N,ATX-VIP TOWING SERVICES,ATX-VIP TOWING SERVICES,N,,,,,,,,,,,,,,,,,,,,,,20,,,,,,,,,,7,1,0,0,0,1,0,0,0,,,,,,,,
16985842,2,1,N,N,43,KNAFX4A80F5281324,2015,3,55,1093,104,N,78759,1,1,8,3,5,,,,N,AVILES & GABES WRECKER SERVICE INC.,AVILES & GABES WRECKER SERVICE INC.,N,,,,,,,,,,,,,,,,,,,,,,0,,,,,,,,,,7,1,0,0,0,1,0,0,0,,,,,,,,
16985843,1,1,N,N,43,5TFTU4GN2DX037669,2013,16,91,629,30,N,78624,1,2,2,6,12,,,,Y,EZ AUTO AND TOWING SERVICE,EZ AUTO AND TOWING SERVICE,N,,,,,,,,,,,,,,,,,,,,,,44,,,20,19,,,,,,3,1,0,0,0,1,0,0,0,,,,,,,,
16985843,2,1,N,N,43,1J4GX48S82C107736,2002,2,429,1116,104,N,78704,1,2,6,2,6,,,,N,,,N,,,,,,,,,,,,,,,,,,,,,,0,,,,,,,,,,3,1,0,0,0,1,0,0,0,,,,,,,,
16985883,1,1,N,N,43,,2012,17,21,64,103,N,78749,1,1,5,1,12,,,,N,,,N,,,,,,,,,,,,,,,,,,,,,,0,,,,,,,,,,6,2,0,0,1,0,0,1,0,,,,,,,,
16985883,2,1,N,N,43,5N3AA08A05N803872,2005,17,47,2396,69,N,78744,1,1,1,1,12,5,1,6,N,,,N,,,,,,,,,,,,,,,,,,,,,,0,,,,,,,,,,6,1,0,0,0,1,0,0,0,,,,,,,,
16985883,3,1,N,N,43,1N6BA0EC1BN302165,2011,3,71,1397,30,N,78747,1,1,,,,,,,N,,,N,,,,,,,,,,,,,,,,,,,,,,44,,,,,,,,,,6,1,0,0,0,1,0,0,0,,,,,,,,
16985884,1,1,N,N,43,1D7RV1GT2BS626225,2011,16,109,2275,30,N,78704,2,,,,,,,,N,,,N,,,,,,,,,,,,,,,,,,,,,,14,,,,,,,,,,3,1,0,0,0,1,0,0,0,,,,,,,,
16985884,2,1,N,N,43,2C3CDXBG5CH202485,2012,21,109,74,104,N,78753,2,,2,4,12,,,,Y,AUSTEX,AUSTEX,N,,,,,,,,,,,,,,,,,,,,,,0,,,,,,,,,,5,1,0,0,1,1,0,1,0,,,,,,,,
16985885,1,1,N,N,43,3N1CN7AP2FL941306,2015,9,71,69,104,N,78722,1,2,2,1,12,,,,N,NA,NA,N,,,,,,,,,,,,,,,,,,,,,,20,,,,,,,,,,4,1,0,0,0,1,0,0,0,,,,,,,,
16985885,2,1,N,N,43,5XXGT4L34JG181929,2018,9,55,715,104,N,78721,1,2,6,1,6,,,,N,NA,NA,N,,,,,,,,,,,,,,,,,,,,,,0,,,,,,,,,,4,1,0,0,1,0,0,1,0,,,,,,,,
16985886,1,1,N,Y,49,1FUJGLD53ELFK7829,2014,21,38,1524,106,N,53185,1,1,2,1,12,,,,N,VEHICLE LEFT THE SCENE,VEHICLE LEFT THE SCENE,N,,,,,,,,,,,,,,,,,,,,,,44,,,,,,,,,,2,1,0,0,0,1,0,0,0,,,,,,,,
16985886,2,1,N,N,43,3VWDZ7AJ1BM069073,2011,3,96,316,104,N,78652,1,2,13,2,8,7,1,7,N,SOUTHSIDE WRECKER INC,8200 S. CONGRESS AVE,N,,,,,,,,,,,,,,,,,,,,,,0,,,,,,,,,,2,1,0,0,1,2,0,1,0,,,,,,,,
16985888,1,1,N,N,43,3FADP4AJ9JM139902,2018,2,37,229,104,N,78612,1,1,3,4,11,,,,Y,STARS TOWING,5526 1/2 W HWY 290,N,,,,,,,,,,,,,,,,,,,,,,0,,,,,,,,,,3,1,0,1,0,0,0,1,0,,,,,,,,
16985888,2,1,N,N,43,1GNKRFED6FJ211176,2015,21,107,1414,104,N,76574,1,1,2,3,12,,,,Y,ROCHAS TOWING SERVICE,5526 1/2 W HWY 290,N,,,,,,,,,,,,,,,,,,,,,,0,,,,,,,,,,5,1,1,0,0,0,0,1,0,,,,,,,,
16985889,1,1,N,N,43,1N6AA1E67JN550866,2018,9,71,1397,104,N,78701,1,2,10,2,3,,,,,,,N,,,,,,,,,,,,,,,,,,,,,,0,,,,,,,,,,1,1,0,0,0,1,0,0,0,,,,,,,,
16985889,2,1,N,N,43,1G8JS54F82Y555075,2002,8,81,515,104,N,79731,1,2,2,4,12,,,,,ARMADA TOWING,ARMADA TOWING,N,,,,,,,,,,,,,,,,,,,,,,0,,,,,,,,,,5,1,0,0,0,1,0,0,0,,,,,,,,
16985890,1,1,N,N,43,1G6KD57Y58U207173,2008,21,106,1031,104,N,78752,2,,15,2,9,,,,Y,DENVERS TOWING,DENVERS TOWING,N,,,,,,,,,,,,,,,,,,,,,,,,,20,68,,,,,,5,1,0,0,0,1,0,0,0,,,,,,,,
16985890,2,1,N,N,43,3VWRZ71K38M040536,2008,9,96,316,104,N,78130,1,1,12,2,2,,,,N,ROCHAS TOWING SERVICE,ROCHAS TOWING SERVICE,N,,,,,,,,,,,,,,,,,,,,,,0,,,,,,,,,,5,1,0,0,0,1,0,0,0,,,,,,,,
16985890,3,1,N,N,43,JA32U2FU5BU038644,2011,16,68,342,104,N,76708,2,,12,2,2,,,,N,,,N,,,,,,,,,,,,,,,,,,,,,,0,,,,,,,,,,5,2,0,0,0,1,0,0,0,,,,,,,,
16985891,1,1,N,Y,43,4JGAB75EX3A430625,2003,2,65,,104,N,78753,,,2,5,12,,,,,SOUTHSIDE WRECKER INC,8200 S. CONGRESS AVE,N,,,,,,,,,,,,,,,,,,,,,,0,,,,,,,,,,1,1,0,0,0,0,1,0,0,,,,,,,,
16985891,2,1,Y,N,43,1C4BJWFG6CL146175,2012,17,429,1464,104,N,78704,2,,8,2,12,,,,N,,,N,,,,,,,,,,,,,,,,,,,,,,0,,,,,,,,,,1,1,0,0,0,0,0,0,0,,,,,,,,
16985891,3,1,Y,N,43,WDBLJ70G82T122928,2002,17,65,118,104,N,77389,1,2,,,,,,,N,,,N,,,,,,,,,,,,,,,,,,,,,,0,,,,,,,,,,1,2,0,0,0,0,0,0,0,,,,,,,,
16985892,1,1,N,N,43,JTHBK1GGXE2129949,2014,16,58,1052,104,N,78717,1,1,3,5,11,,,,Y,,,N,,,,,,,,,,,,,,,,,,,,,,74,,,,,,,,,,8,1,0,0,0,1,0,0,0,,,,,,,,
16985892,2,1,N,N,43,LRBFXBSA8HD095790,2017,16,105,34,104,N,78744,1,1,8,4,5,,,,,,,N,,,,,,,,,,,,,,,,,,,,,,74,,,,,,,,,,8,1,0,0,0,1,0,0,0,,,,,,,,
16985893,1,1,N,N,43,1C4HJWEG6GL256113,2016,2,429,1464,69,N,77079,1,2,2,1,12,,,,N,,,N,,,,,,,,,,,,,,,,,,,,,,0,,,,,,,,,,1,1,0,0,0,2,0,0,0,,,,,,,,
16985893,2,5,N,N,,,,,,,,N,78572,2,,,,,,,,,,,N,,,,,,,,,,,,,,,,,,,,,,0,,,,,,,,,,3,1,1,0,0,0,0,1,0,,,,,,,,
16985894,1,1,N,N,43,JHMCD5636RC066028,1994,1,44,236,104,N,,1,7,10,4,2,,,,N,AUS-TEX AUTO ENTERPRISES LLC,AUS-TEX AUTO ENTERPRISES LLC,N,,,,,,,,,,,,,,,,,,,,,,0,,,,,,,,,,6,1,0,0,0,1,0,0,0,,,,,,,,
16985894,2,1,Y,N,43,2C3JA43R35H642500,2005,3,21,65,104,N,78758,2,,15,3,7,,,,N,,,N,,,,,,,,,,,,,,,,,,,,,,0,,,,,,,,,,6,1,0,0,0,0,0,0,0,,,,,,,,
16985894,3,1,Y,N,43,5KBCP36829B502015,2009,2,44,236,104,N,78758,1,1,15,2,7,,,,N,,,N,,,,,,,,,,,,,,,,,,,,,,0,,,,,,,,,,6,2,0,0,0,0,0,0,0,,,,,,,,
16985895,1,1,N,N,43,1FT7W2BT2FEA86469,2015,16,37,2325,30,N,77450,1,1,2,1,12,,,,N,,,N,,,,,,,,,,,,,,,,,,,,,,44,,,,,,,,,,1,1,0,0,0,1,0,0,0,,,,,,,,
16985895,2,1,N,N,43,1FM5K8AR2DGC26061,2013,2,37,554,105,N,,1,1,6,1,6,,,,N,,,N,,,,,,,,,,,,,,,,,,,,,,0,,,,,,,,,,1,1,0,0,0,1,0,0,0,,,,,,,,
16985897,1,1,N,N,43,3N1AB6AP1CL751812,2012,2,71,69,104,N,78655,1,1,1,1,1,,,,N,,,N,,,,,,,,,,,,,,,,,,,,,,20,,,,,,,,,,3,1,0,0,0,1,0,0,0,,,,,,,,
16985897,2,3,,,,,,,,,,,,,,,,,,,,,,,,,,,,,,,,,,,,,,,,,,,,,0,,,,,,,,,,9,1,0,0,1,0,0,1,0,,,,,,,,
16985898,1,1,N,N,43,5TFRV54127X020406,2007,10,91,687,30,N,78610,1,2,4,2,1,,,,Y,EZ AUTO AND TOWING SERVICE,EZ AUTO AND TOWING SERVICE,N,,,,,,,,,,,,,,,,,,,,,,37,74,,,,,,,,,1,1,0,0,0,1,0,0,0,,,,,,,,
16985898,2,1,N,N,43,1J4GK48K85W511251,2005,9,429,1181,69,N,78723,1,2,2,4,12,,,,Y,ROCHAS TOWING SERVICE,ROCHAS TOWING SERVICE,N,,,,,,,,,,,,,,,,,,,,,,74,,,,,,,,,,5,1,0,0,0,1,0,0,0,,,,,,,,
16985899,1,1,N,N,43,3GYFNAE36DS580190,2013,,106,1373,69,N,78666,1,1,2,2,12,,,,,,,N,,,,,,,,,,,,,,,,,,,,,,0,,,,,,,,,,1,1,0,0,0,1,0,0,0,,,,,,,,
16985899,2,1,N,N,43,3GCUKTEC1FG365923,2015,,107,60,106,N,78640,1,1,6,1,,,,,,,,N,,,,,,,,,,,,,,,,,,,,,,0,,,,,,,,,,1,1,0,0,0,1,0,0,0,,,,,,,,