Crash_ID,Unit_Nbr,Unit_Desc_ID,Veh_Parked_Fl,Veh_HNR_Fl,Veh_Lic_State_ID,VIN,Veh_Mod_Year,Veh_Color_ID,Veh_Make_ID,Veh_Mod_ID,Veh_Body_Styl_ID,Emer_Respndr_Fl,Ownr_Zip,Fin_Resp_Proof_ID,Fin_Resp_Type_ID,Veh_Dmag_Area_1_ID,Veh_Dmag_Scl_1_ID,Force_Dir_1_ID,Veh_Dmag_Area_2_ID,Veh_Dmag_Scl_2_ID,Force_Dir_2_ID,Veh_Inventoried_Fl,Veh_Transp_Name,Veh_Transp_Dest,Veh_Cmv_Fl,Cmv_Fiveton_Fl,Cmv_Hazmat_Fl,Cmv_Nine_Plus_Pass_Fl,Cmv_Veh_Oper_ID,Cmv_Carrier_ID_Type_ID,Cmv_Carrier_Zip,Cmv_Veh_Type_ID,Cmv_GVWR,Cmv_RGVW,Cmv_Hazmat_Rel_Fl,Hazmat_Cls_1_ID,Hazmat_IDNbr_1_ID,Hazmat_Cls_2_ID,Hazmat_IDNbr_2_ID,Cmv_Cargo_Body_ID,Cmv_Evnt1_ID,Cmv_Evnt2_ID,Cmv_Evnt3_ID,Cmv_Evnt4_ID,Cmv_Tot_Axle,Cmv_Tot_Tire,Contrib_Factr_1_ID,Contrib_Factr_2_ID,Contrib_Factr_3_ID,Contrib_Factr_P1_ID,Contrib_Factr_P2_ID,Veh_Dfct_1_ID,Veh_Dfct_2_ID,Veh_Dfct_3_ID,Veh_Dfct_P1_ID,Veh_Dfct_P2_ID,Veh_Trvl_Dir_ID,First_Harm_Evt_Inv_ID,Sus_Serious_Injry_Cnt,Nonincap_Injry_Cnt,Poss_Injry_Cnt,Non_Injry_Cnt,Unkn_Injry_Cnt,Tot_Injry_Cnt,Death_Cnt,Cmv_Disabling_Damage_Fl,Cmv_Bus_Type_ID,Trlr_GVWR,Trlr_RGVW,Trlr_Type_ID,Trlr_Disabling_Dmag_ID,Cmv_Intermodal_Container_Permit_Fl,CMV_Actual_Gross_Weight
16993902,3,1,N,N,43,5YFBURHE7FP297932,2015,9,91,173,104,N,78702,1,1,3,1,,,,,N,,,N,,,,,,,,,,,,,,,,,,,,,,0,,,,,,,,,,3,2,0,0,0,1,0,0,0,,,,,,,,
16993902,4,1,Y,N,43,WDDGF54X79F209544,2009,17,65,3930,104,N,78729,1,1,,,,,,,,,,N,,,,,,,,,,,,,,,,,,,,,,0,,,,,,,,,,7,2,0,0,0,0,0,0,0,,,,,,,,
16993904,1,1,N,N,43,1GNER13D59S179581,2009,2,107,60,104,N,78714,1,1,3,4,12,,,,N,SELF,OWNER,N,,,,,,,,,,,,,,,,,,,,,,34,,,,,,,,,,1,1,0,0,0,1,0,0,0,,,,,,,,
16993904,2,1,N,N,43,5GZER23D99J136915,2009,21,81,1269,104,N,78666,2,,12,5,3,,,,N,SELF,OWNER,N,,,,,,,,,,,,,,,,,,,,,,0,,,,,,,,,,3,1,0,0,0,1,0,0,0,,,,,,,,
16993905,1,1,N,N,43,1HGCR3F86DA011216,2013,21,44,236,104,N,76112,1,1,1,5,12,,,,N,AUS-TEX AUTO ENTERPRISES LLC,AUS-TEX AUTO ENTERPRISES LLC,N,,,,,,,,,,,,,,,,,,,,,,44,,,,,,,,,,5,1,0,0,0,1,0,0,0,,,,,,,,
16993905,2,1,N,N,43,5GAKRCKD9HJ153015,2017,21,105,1041,69,N,78633,1,1,5,3,6,,,,N,,,N,,,,,,,,,,,,,,,,,,,,,,0,,,,,,,,,,5,1,0,0,0,1,0,0,0,,,,,,,,
16993906,1,1,N,N,43,2GCEK19T1Y1154199,2000,21,107,60,30,N,78613,1,2,3,1,10,,,,N,EZ AUTO AND TOWING SERVICE,EZ AUTO AND TOWING SERVICE,N,,,,,,,,,,,,,,,,,,,,,,4,,,,,,,,,,1,1,0,1,0,0,0,1,0,,,,,,,,
16993906,2,1,N,N,43,JTHBF30G420063870,2002,3,58,1050,104,N,78758,2,,15,5,10,4,3,2,,STARS TOWING,STARS TOWING,N,,,,,,,,,,,,,,,,,,,,,,0,,,,,,,,,,1,1,0,2,0,0,0,2,0,,,,,,,,
16994429,1,1,N,N,43,1GTR2VE78CZ311194,2012,5,39,2356,30,N,78628,1,1,2,2,12,,,,Y,TIP TOW,40107 INDUSTRIAL PARK CR,N,,,,,,,,,,,,,,,,,,,,,,22,,,,,,,,,,1,1,0,0,0,1,0,0,0,,,,,,,,
16994429,2,1,N,N,43,3VV3B7AX8JM073046,2018,3,96,1396,104,N,78723,1,1,8,3,5,,,,Y,H & H TOWING: 512-551-9200,"1104 W PECAN, PFLUGERVILLE, TX, 78660",N,,,,,,,,,,,,,,,,,,,,,,0,,,,,,,,,,1,1,0,1,0,1,0,1,0,,,,,,,,
16994429,3,1,N,N,43,5J8YD3H56JL009909,2018,21,1,705,104,N,78681,1,1,5,1,6,,,,N,DRIVEN AWAY,DRIVEN AWAY BY OWNER,N,,,,,,,,,,,,,,,,,,,,,,0,,,,,,,,,,1,2,0,0,0,1,0,0,0,,,,,,,,
16997016,1,1,N,N,43,7FARW1H80HE017114,2017,17,44,605,69,N,78704,1,1,,0,,,,,N,,,N,,,,,,,,,,,,,,,,,,,,,,4,,,20,,,,,,,7,1,0,0,0,1,0,0,0,,,,,,,,
16997016,2,4,,,,,,,,,,,,,,,,,,,,,,,,,,,,,,,,,,,,,,,,,,,,,0,,,,,,,,,,9,1,0,1,0,0,0,1,0,,,,,,,,
16997252,1,1,N,N,43,2HGFB2F58CH317092,2012,21,44,256,104,N,75115,1,2,15,1,9,,,,N,,,N,,,,,,,,,,,,,,,,,,,,,,27,,,,,,,,,,1,1,0,0,0,1,0,0,0,,,,,,,,
16997252,2,1,N,N,43,1GNDV13WX8D188854,2008,21,107,2849,103,N,78713,1,1,16,1,3,,,,N,,,N,,,,,,,,,,,,,,,,,,,,,,0,,,,,,,,,,1,1,0,0,0,1,0,0,0,,,,,,,,
16997261,1,1,N,N,43,2C3CDXAG5EH191041,2014,2,109,74,104,N,78713,1,2,4,0,1,,,,N,,,N,,,,,,,,,,,,,,,,,,,,,,20,,,,,,,,,,7,1,0,0,0,1,0,0,0,,,,,,,,
16997261,2,1,N,N,43,5N1AR2MN6GC614776,2016,9,71,4909,69,N,78729,1,2,8,1,6,,,,N,,,N,,,,,,,,,,,,,,,,,,,,,,0,,,,,,,,,,7,1,0,0,0,1,0,0,0,,,,,,,,
16997749,1,1,N,N,43,4T1BK3DBXCU443992,2012,,91,563,104,N,77084,1,2,12,5,2,,,,N,AUSTEX TOWING AND RECOVERY,"2013 N MAYS, ROUND ROCK, TX, 78664",N,,,,,,,,,,,,,,,,,,,,,,74,,,,,,,,,,6,1,0,0,0,1,0,0,0,,,,,,,,
16997749,2,1,N,N,43,3FA6P0H77GR319063,2016,21,37,1097,104,N,78726,1,2,11,5,10,,,,N,TOMMY'S TOWING,"4538 DOSS RD,AUSTIN,TX 78734",N,,,,,,,,,,,,,,,,,,,,,,0,,,,,,,,,,4,1,0,0,0,1,0,0,0,,,,,,,,
16998031,1,1,N,N,43,KNDJT2A66D7599591,2013,10,55,1357,104,N,78744,1,1,2,6,12,,,,N,SPECIAL AUTOMOTIVE SERVICE INC,SPECIAL AUTOMOTIVE SERVICE INC,N,,,,,,,,,,,,,,,,,,,,,,20,,,,,,,,,,5,1,0,1,0,0,0,1,0,,,,,,,,
16998031,2,1,N,N,43,JT3HN86R9X0225203,1999,10,91,178,104,N,78258,1,1,6,3,6,,,,N,,,N,,,,,,,,,,,,,,,,,,,,,,0,,,,,,,,,,5,1,0,0,0,1,0,0,0,,,,,,,,
16998031,3,1,N,N,43,3GKALSEX3JL324355,2018,2,39,1392,104,N,78613,1,1,6,3,6,,,,N,SOUTHSIDE WRECKER INC,SOUTHSIDE,N,,,,,,,,,,,,,,,,,,,,,,0,,,,,,,,,,5,2,0,1,0,2,0,1,0,,,,,,,,
16998032,1,1,N,Y,43,2GCEC19X231292620,2003,1,107,658,30,N,78747,1,2,4,6,1,12,6,1,N,A-TEX TOWING,5526 1/2 W HWY 290,N,,,,,,,,,,,,,,,,,,,,,,45,23,,,,,,,,,5,1,0,1,0,0,0,1,0,,,,,,,,
16998032,2,1,Y,N,43,1FT7W2BT1HED27702,2017,21,37,2325,30,N,76543,1,1,15,5,7,,,,N,,,N,,,,,,,,,,,,,,,,,,,,,,0,,,,,,,,,,5,1,0,0,0,0,0,0,0,,,,,,,,
16998032,3,6,,,,,,,,,,,76548,,,,,,,,,,,,,,,,,,,,,,,,,,,,,,,,,,0,,,,,,,,,,9,2,0,0,0,0,0,0,0,,,,,,,,
16998033,1,1,N,N,43,KMHWF35H44A961253,2004,9,45,713,104,N,78728,1,1,2,3,12,,,,,,,N,,,,,,,,,,,,,,,,,,,,,,0,,,,,,,,,,1,1,0,0,0,4,0,0,0,,,,,,,,
16998033,2,1,N,N,43,15GGD221411071566,2001,3,40,3031,47,N,78753,1,1,,,,,,,,,,N,,,,,,,,,,,,,,,,,,,,,,0,,,,,,,,,,1,1,0,0,1,1,0,1,0,,,,,,,,
16998034,1,1,N,N,43,1G6DU57V390126132,2009,21,106,728,104,N,78723,2,,2,6,12,,,,Y,ROCHAS TOWING SERVICE,ROCHAS TOWING SERVICE,N,,,,,,,,,,,,,,,,,,,,,,,,,44,20,,,,,,5,1,0,2,0,0,0,2,0,,,,,,,,
16998034,2,1,N,N,43,2T2GK31U07C019994,2007,17,58,1318,104,N,78612,1,1,6,3,6,,,,N,SELF,,N,,,,,,,,,,,,,,,,,,,,,,0,,,,,,,,,,5,1,0,0,0,1,0,0,0,,,,,,,,
16998036,1,1,N,N,43,1FTYR14V22PB66633,2002,10,37,357,30,N,78621,1,2,9,2,9,,,,N,,,N,,,,,,,,,,,,,,,,,,,,,,65,,,,,,,,,,3,1,0,0,0,1,0,0,0,,,,,,,,
16998036,2,1,N,N,43,JTDZN3EU9GJ047313,2016,21,91,4329,104,N,78730,1,2,12,3,3,,,,Y,AVILES & GABES WRECKER SERVICE INC.,AVILES & GABES WRECKER SERVICE INC.,N,,,,,,,,,,,,,,,,,,,,,,0,,,,,,,,,,3,1,0,0,0,1,0,0,0,,,,,,,,
16998037,1,1,N,N,43,1GNDS13S182195872,2008,17,107,732,69,N,78741,1,1,11,3,9,2,2,10,Y,HARPERS TOWING SERVICE INC,HARPERS TOWING SERVICE INC,N,,,,,,,,,,,,,,,,,,,,,,45,,,,,,,,,,1,1,0,0,0,1,0,0,0,,,,,,,,
16998037,2,1,N,N,43,3N1AB7AP3KY279524,2019,21,71,341,104,N,74134,1,2,2,5,12,12,3,1,Y,A-TEX TOWING,A-TEX TOWING,N,,,,,,,,,,,,,,,,,,,,,,0,,,,,,,,,,3,1,0,1,1,0,0,2,0,,,,,,,,
16998038,1,1,N,N,43,KL8CD6SA6HC759426,2017,18,107,2244,100,N,78744,1,2,2,5,12,,,,Y,EZ AUTO AND TOWING SERVICE,EZ AUTO AND TOWING SERVICE,N,,,,,,,,,,,,,,,,,,,,,,20,,,,,,,,,,7,1,0,0,1,0,0,1,0,,,,,,,,
16998038,2,1,Y,N,43,1FTEF14Y4SLB66923,1995,21,37,2324,30,N,78747,1,2,2,2,,,,,N,,,N,,,,,,,,,,,,,,,,,,,,,,0,,,,,,,,,,5,1,0,0,0,0,0,0,0,,,,,,,,
16998039,1,1,N,N,43,2G1WC5E37D1210485,2013,2,107,53,104,N,78613,2,,2,4,9,,,,N,AVILES & GABES WRECKER SERVICE INC.,AVILES & GABES WRECKER SERVICE INC.,N,,,,,,,,,,,,,,,,,,,,,,35,,,,,,,,,,3,1,0,0,1,0,0,1,0,,,,,,,,
16998039,2,1,N,N,43,1GNFC16J57J170227,2007,21,107,2203,69,N,78724,1,1,2,4,12,,,,N,,,N,,,,,,,,,,,,,,,,,,,,,,0,,,,,,,,,,5,1,0,1,0,0,0,1,0,,,,,,,,
16998040,1,1,N,Y,43,2G1WA5E31D1117838,2013,16,107,53,104,N,78744,1,1,2,6,12,,,,N,SOUTHSIDE WRECKER INC,8200 S. CONGRESS AVE,N,,,,,,,,,,,,,,,,,,,,,,,,,60,45,,,,,,5,1,0,0,0,0,1,0,0,,,,,,,,
16998042,1,1,N,N,43,1C6RR6LT3ES305355,2014,2,710,4100,30,N,78702,1,2,3,1,11,,,,Y,SOUTHSIDE WRECKER INC,8200 S. CONGRESS AVE,N,,,,,,,,,,,,,,,,,,,,,,45,,,,,,,,,,1,1,0,0,0,1,0,0,0,,,,,,,,
16998042,2,1,N,N,43,1FMCU03719KA16070,2009,21,37,711,104,N,78757,1,2,3,3,11,,,,N,EZ AUTO AND TOWING SERVICE,EZ AUTO AND TOWING SERVICE,N,,,,,,,,,,,,,,,,,,,,,,0,,,,,,,,,,7,1,0,0,0,4,0,0,0,,,,,,,,
16998043,1,1,N,N,43,1G1ZD5ST9JF204612,2018,2,107,56,104,N,08054,1,2,3,6,10,,,,Y,ROCHAS TOWING SERVICE,ROCHAS TOWING SERVICE,N,,,,,,,,,,,,,,,,,,,,,,22,,,,,,,,,,5,1,0,0,0,0,1,0,0,,,,,,,,
16998044,1,1,N,N,43,JN8AS5MTXDW002166,2013,3,71,1310,104,N,78757,1,2,2,4,12,6,4,6,N,A & A WRECKER NORTH,A & A WRECKER NORTH,N,,,,,,,,,,,,,,,,,,,,,,,,,22,,,,,,,1,1,0,0,0,1,0,0,0,,,,,,,,
16998046,1,1,N,N,43,55SWF4JB6HU222747,2017,17,65,118,104,N,78748,1,1,6,4,6,,,,N,HARPERS TOWING SERVICE INC,HARPERS TOWING SERVICE INC,N,,,,,,,,,,,,,,,,,,,,,,22,74,,,,,,,,,5,1,0,0,0,1,0,0,0,,,,,,,,
16998047,1,1,N,Y,43,1FTDX0768VKD16507,1997,21,37,2324,30,N,78741,,,4,4,12,,,,Y,ROCHAS TOWING SERVICE,ROCHAS TOWING SERVICE,N,,,,,,,,,,,,,,,,,,,,,,22,20,,45,,,,,,,2,1,0,0,0,0,1,0,0,,,,,,,,
16998047,2,1,N,N,43,1GNFC13057J404555,2007,18,107,547,69,N,78741,1,1,7,3,7,4,2,1,N,OWNER / OPERATOR,FROM SCENE,N,,,,,,,,,,,,,,,,,,,,,,0,,,,,,,,,,2,1,0,0,0,1,0,0,0,,,,,,,,
16998047,3,1,N,N,43,3TMJU4GN1BM126126,2011,16,91,629,30,N,77327,1,1,7,2,7,2,2,12,N,OWNER / OPERATOR,FROM SCENE,N,,,,,,,,,,,,,,,,,,,,,,0,,,,,,,,,,2,2,0,0,0,1,0,0,0,,,,,,,,
16998047,4,1,N,N,43,2FMDK3AKXBBA21822,2011,2,37,1035,69,N,78741,3,1,6,1,6,,,,N,OWNER / OPERATOR,FROM SCENE,N,,,,,,,,,,,,,,,,,,,,,,0,,,,,,,,,,2,2,0,0,0,1,0,0,0,,,,,,,,
16998047,5,1,N,N,43,KNDPB3AC7G7809502,2016,2,55,575,69,N,30348,1,1,14,1,4,,,,N,OWNER / OPERATOR,FROM SCENE,N,,,,,,,,,,,,,,,,,,,,,,0,,,,,,,,,,2,2,0,0,1,1,0,1,0,,,,,,,,
16998049,1,1,N,N,43,JT2BG12K6T0347273,1996,18,91,380,104,N,78729,1,2,12,2,2,,,,N,NOT TOWED,,N,,,,,,,,,,,,,,,,,,,,,,4,,,,,,,,,,1,1,0,0,0,3,0,0,0,,,,,,,,
16998049,2,1,N,N,43,1NXBU4EE5AZ305704,2010,17,91,173,104,N,78717,1,2,9,3,8,2,3,10,N,,,N,,,,,,,,,,,,,,,,,,,,,,0,,,,,,,,,,1,1,0,0,0,1,0,0,0,,,,,,,,
16998049,3,1,N,N,43,1FA6P8CF9F5423438,2015,17,37,96,100,N,78640,1,2,12,2,1,,,,N,STARS TOWING,STARS TOWING,N,,,,,,,,,,,,,,,,,,,,,,0,,,,,,,,,,1,2,0,0,0,1,0,0,0,,,,,,,,
16998049,4,1,N,N,43,3GYFNCE36DS561019,2013,2,106,1373,69,N,78731,1,2,16,3,2,,,,N,STARS TOWING,UNKNOWN,N,,,,,,,,,,,,,,,,,,,,,,0,,,,,,,,,,1,2,0,0,0,2,0,0,0,,,,,,,,
16998050,1,1,N,N,43,1GNKRLED0CJ216660,2012,21,107,1414,69,N,78660,1,1,2,3,2,,,,Y,STARS TOWING,STARS TOWING,N,,,,,,,,,,,,,,,,,,,,,,0,,,,,,,,,,3,1,0,0,0,1,0,0,0,,,,,,,,
16998050,2,1,N,N,43,1GKS1BKC1HR370944,2017,17,39,479,69,N,75904,1,1,5,3,6,7,1,8,N,,,N,,,,,,,,,,,,,,,,,,,,,,0,,,,,,,,,,3,1,0,0,0,1,0,0,0,,,,,,,,
16998051,1,1,N,N,43,1FMYU22X3XUC41515,1999,21,37,554,69,N,78744,1,1,18,4,12,,,,N,SOUTHSIDE WRECKER INC,5518 S PLEASANT VALLEY RD,N,,,,,,,,,,,,,,,,,,,,,,,,,60,20,,,,,,4,1,0,0,0,1,0,0,0,,,,,,,,
16998052,1,1,N,N,43,2G1FK3DJ2C9137985,2012,22,107,46,100,N,78746,1,2,12,6,1,4,4,1,N,EZ AUTO AND TOWING SERVICE,EZ AUTO AND TOWING SERVICE,N,,,,,,,,,,,,,,,,,,,,,,45,69,,,,,,,,,7,1,0,0,0,1,0,0,0,,,,,,,,
16998052,2,1,N,N,43,4T1BF3EKXBU776713,2011,21,91,380,104,N,78751,1,2,4,6,1,,,,N,,,N,,,,,,,,,,,,,,,,,,,,,,0,,,,,,,,,,3,2,0,0,1,0,0,1,0,,,,,,,,
16998053,1,1,N,Y,43,1HGCP2F88AA157967,2010,17,44,236,104,N,78753,2,,2,4,12,,,,Y,ROCHAS TOWING SERVICE,ROCHAS TOWING SERVICE,N,,,,,,,,,,,,,,,,,,,,,,20,45,,,,,,,,,11,1,0,0,0,0,1,0,0,,,,,,,,
16998054,1,1,N,N,43,5FNYF3H91CB027784,2012,,44,761,69,N,78634,1,2,7,3,8,4,3,1,N,620 LAKESIDE TOWING,620 LAKESIDE TOWING,N,,,,,,,,,,,,,,,,,,,,,,22,41,,,,,,,,,3,1,0,0,0,4,0,0,0,,,,,,,,
16998055,1,1,N,N,43,5YFBURHE8GP479172,2016,17,91,173,104,N,78754,1,2,3,3,12,,,,N,ROCHAS TOWING SERVICE,ROCHAS TOWING SERVICE,N,,,,,,,,,,,,,,,,,,,,,,0,,,,,,,,,,1,1,0,1,0,0,0,1,0,,,,,,,,
16998056,1,1,N,N,43,JN1AR5EF0FM280494,2015,16,71,1136,100,N,78744,1,1,8,3,5,2,2,12,N,A-TEX TOWING,OWNER'S RESIDENCE,N,,,,,,,,,,,,,,,,,,,,,,74,,,,,,,,,,4,1,0,0,0,1,0,0,0,,,,,,,,
16998057,1,1,N,N,43,1FAFP53S1XG190429,1999,21,37,101,104,N,78723,2,,,,,,,,,,,N,,,,,,,,,,,,,,,,,,,,,,68,,,,,,,,,,7,1,0,0,0,2,0,0,0,,,,,,,,
16998057,2,1,N,N,43,1GNSKBKC6GR283765,2016,2,107,547,69,N,78727,1,1,3,2,,,,,,,,N,,,,,,,,,,,,,,,,,,,,,,0,,,,,,,,,,5,1,0,0,0,1,0,0,0,,,,,,,,
16998240,1,1,N,N,43,JYARN33E2EA002797,2014,16,101,4491,71,N,77534,2,,26,1,,,,,Y,STARS TOWING,STARS TOWING,N,,,,,,,,,,,,,,,,,,,,,,27,,,,,,,,,,5,1,0,1,1,0,0,2,0,,,,,,,,
16998240,2,1,N,N,43,5NPEU46F26H146814,2006,17,45,462,104,N,78704,2,,16,2,3,,,,N,,,N,,,,,,,,,,,,,,,,,,,,,,0,,,,,,,,,,5,1,0,0,0,1,0,0,0,,,,,,,,
16998240,3,1,Y,N,43,JM3KE2CY5F0529158,2015,21,63,2471,69,N,78757,1,1,15,3,9,,,,N,,,N,,,,,,,,,,,,,,,,,,,,,,0,,,,,,,,,,5,2,0,0,0,0,0,0,0,,,,,,,,
16998241,1,1,N,N,43,KM8JN12D95U135727,2005,3,45,1431,69,N,77586,1,1,2,1,1,,,,N,AVILES & GABES WRECKER SERVICE INC.,AVILES & GABES WRECKER SERVICE INC.,N,,,,,,,,,,,,,,,,,,,,,,19,,,,,,,,,,5,1,0,0,0,1,0,0,0,,,,,,,,
16998243,1,1,N,N,43,2HGES16663H514180,2002,17,44,256,104,N,78748,2,,12,5,2,,,,N,ROCHAS TOWING SERVICE,ROCHAS TOWING SERVICE,N,,,,,,,,,,,,,,,,,,,,,,,,,16,,,,,,,7,1,0,0,0,1,0,0,0,,,,,,,,
16998243,2,1,N,N,43,3GCPCSE05DG247137,2013,2,107,2202,106,N,78723,2,,2,5,12,,,,,BULLET TOWING,4402-A NIXON LN. AUSTIN TEXAS,N,,,,,,,,,,,,,,,,,,,,,,,,,15,,,,,,,5,1,0,0,0,2,0,0,0,,,,,,,,
16998243,3,1,N,N,43,WA1AAAF71KD013597,2019,17,8,1285,69,N,60048,2,,1,3,12,,,,,NOT TOWED,NOT TOWED,N,,,,,,,,,,,,,,,,,,,,,,0,,,,,,,,,,3,2,0,0,0,1,0,0,0,,,,,,,,
16998243,4,1,N,N,43,1GAZG1FG8C1140768,2012,3,107,2849,103,N,78617,2,,1,2,12,,,,,NOT TOWED,NOT TOWED,N,,,,,,,,,,,,,,,,,,,,,,0,,,,,,,,,,3,2,0,0,0,1,0,0,0,,,,,,,,
16998244,1,1,N,N,43,4T1BE32K64U347403,2004,21,91,380,104,N,78727,1,1,2,3,12,10,2,12,Y,EZ AUTO AND TOWING SERVICE,EZ AUTO AND TOWING SERVICE,N,,,,,,,,,,,,,,,,,,,,,,20,,,,,,,,,,5,1,0,0,0,1,0,0,0,,,,,,,,
16998244,2,1,Y,N,43,5TDZA23C84S006105,2004,8,91,648,103,N,78759,1,1,6,4,6,,,,N,,,N,,,,,,,,,,,,,,,,,,,,,,0,,,,,,,,,,7,1,0,0,0,1,0,0,0,,,,,,,,
16998245,1,1,N,N,43,1GCHC23K78F114931,2008,21,107,2217,30,N,78681,1,2,4,2,12,,,,N,AVILES & GABES WRECKER SERVICE INC.,AVILES & GABES WRECKER SERVICE INC.,N,,,,,,,,,,,,,,,,,,,,,,0,,,,,,,,,,5,1,0,0,0,1,0,0,0,,,,,,,,
16998245,2,1,N,N,43,5TFRM5F19EX074699,2014,16,91,687,30,N,78660,1,2,7,2,6,,,,N,,,N,,,,,,,,,,,,,,,,,,,,,,0,,,,,,,,,,5,1,0,0,0,1,0,0,0,,,,,,,,
16998246,1,1,N,N,43,1FADP3F21EL117640,2014,9,37,696,104,N,,1,1,29,0,,,,,N,620 LAKESIDE TOWING,OWNERS RESIDENCE/REQUEST,N,,,,,,,,,,,,,,,,,,,,,,74,,,,,,,,,,1,1,0,0,0,1,0,0,0,,,,,,,,
16998248,1,1,N,N,43,KMHHN66F68U269171,2008,21,45,636,100,N,78748,1,1,2,6,12,,,,N,CLARK AUTO CARE,CLARK AUTO CARE,N,,,,,,,,,,,,,,,,,,,,,,44,,,,,,,,,,2,1,0,0,0,1,0,0,0,,,,,,,,
16998248,2,1,N,N,43,JM1BK12F071667777,2007,9,63,1210,104,N,78617,1,1,6,4,6,,,,N,,,N,,,,,,,,,,,,,,,,,,,,,,0,,,,,,,,,,2,1,0,0,0,1,0,0,0,,,,,,,,
16998249,1,1,N,N,43,JTDBE32K730184741,2003,9,91,380,104,N,78702,2,,3,7,11,,,,N,AUS-TEX AUTO ENTERPRISES LLC,AUS-TEX AUTO ENTERPRISES LLC,N,,,,,,,,,,,,,,,,,,,,,,70,,,19,,,,,,,4,1,2,0,0,0,0,2,0,,,,,,,,
16998249,2,1,Y,N,43,1GNES13H662248913,2006,2,107,732,69,N,78721,1,1,3,6,11,,,,N,ROCHAS TOWING SERVICE,ROCHAS TOWING SERVICE,N,,,,,,,,,,,,,,,,,,,,,,0,,,,,,,,,,8,1,0,0,0,0,0,0,0,,,,,,,,
16998250,1,1,N,N,43,JTEZU14R130017514,2003,17,91,395,69,N,78729,1,2,2,3,12,,,,N,EZ AUTO AND TOWING SERVICE,EZ AUTO AND TOWING SERVICE,N,,,,,,,,,,,,,,,,,,,,,,44,,,,,,,,,,11,1,0,0,0,1,0,0,0,,,,,,,,
16998250,2,1,N,N,43,1GTEC19M6TE529114,1996,10,39,2356,30,N,78758,1,2,6,1,6,,,,N,,,N,,,,,,,,,,,,,,,,,,,,,,0,,,,,,,,,,11,1,0,0,0,1,0,0,0,,,,,,,,
16998252,1,1,N,N,43,2T1BURHE4GC522311,2016,16,91,173,104,N,78724,1,1,13,1,9,,,,N,,,N,,,,,,,,,,,,,,,,,,,,,,20,,,,,,,,,,1,1,0,0,0,1,0,0,0,,,,,,,,
16998252,2,1,N,N,43,4A3AL25F87E035190,2007,2,68,774,104,N,78702,1,1,12,3,3,,,,N,AUS-TEX AUTO ENTERPRISES LLC,AUS-TEX AUTO ENTERPRISES LLC,N,,,,,,,,,,,,,,,,,,,,,,0,,,,,,,,,,1,1,0,0,0,1,0,0,0,,,,,,,,
16998253,1,1,N,N,43,1G1ZC5EBXAF285707,2010,2,107,56,104,N,78665,1,2,14,2,3,,,,N,SPECIAL AUTOMOTIVE SERVICE INC,SPECIAL AUTOMOTIVE SERVICE INC,N,,,,,,,,,,,,,,,,,,,,,,0,,,,,,,,,,1,1,0,0,0,1,0,0,0,,,,,,,,
16998253,2,1,N,N,43,19VDE1F70DE000650,2013,2,1,393,104,N,78704,1,2,4,2,12,,,,N,REMOVED BY OWNER,REMOVED BY OWNER,N,,,,,,,,,,,,,,,,,,,,,,0,,,,,,,,,,5,1,0,0,0,1,0,0,0,,,,,,,,
16998257,1,1,N,N,43,1G1JE5SBXG4140389,2016,17,107,2243,104,N,78750,1,1,2,6,12,,,,Y,STARS TOWING,STARS TOWING,N,,,,,,,,,,,,,,,,,,,,,,67,,,,,,,,,,3,1,1,0,0,0,0,1,0,,,,,,,,
16998257,2,1,N,N,43,2HKRW1H52JH514190,2018,21,44,605,69,N,78759,1,1,4,7,11,,,,Y,STARS TOWING,STARS TOWING,N,,,,,,,,,,,,,,,,,,,,,,0,,,,,,,,,,7,1,1,0,0,0,0,1,0,,,,,,,,
16998265,1,1,N,N,43,5J6RE4H78AL052102,2010,17,44,605,69,N,76542,1,1,2,4,,,,,N,620 LAKESIDE TOWING,620 LAKESIDE TOWING,N,,,,,,,,,,,,,,,,,,,,,,,,,37,,,,,,,2,1,0,1,0,0,0,1,0,,,,,,,,
16998265,2,1,N,N,43,3TMAZ5CN3JM074705,2018,13,91,629,30,N,78613,1,1,2,4,10,,,,N,620 LAKESIDE TOWING,620 LAKESIDE TOWING,N,,,,,,,,,,,,,,,,,,,,,,,,,16,,,,,,,6,1,0,0,0,1,0,0,0,,,,,,,,
16998268,1,1,N,N,43,WBALL5C53DJ104651,2013,21,14,656,104,N,78705,1,2,6,1,6,,,,N,,,N,,,,,,,,,,,,,,,,,,,,,,0,,,,,,,,,,7,1,0,1,0,1,0,1,0,,,,,,,,
16998268,2,1,N,Y,113,,,9,44,236,104,N,,,,,,,,,,,,,N,,,,,,,,,,,,,,,,,,,,,,0,,,,,,,,,,7,1,0,0,0,0,2,0,0,,,,,,,,
16998270,1,1,N,N,43,3GNEC16T4YG186659,2000,9,107,2202,104,N,78750,1,1,14,4,3,,,,N,,,N,,,,,,,,,,,,,,,,,,,,,,0,,,,,,,,,,6,1,0,0,0,1,0,0,0,,,,,,,,