Crash_ID,Unit_Nbr,Unit_Desc_ID,Veh_Parked_Fl,Veh_HNR_Fl,Veh_Lic_State_ID,VIN,Veh_Mod_Year,Veh_Color_ID,Veh_Make_ID,Veh_Mod_ID,Veh_Body_Styl_ID,Emer_Respndr_Fl,Ownr_Zip,Fin_Resp_Proof_ID,Fin_Resp_Type_ID,Veh_Dmag_Area_1_ID,Veh_Dmag_Scl_1_ID,Force_Dir_1_ID,Veh_Dmag_Area_2_ID,Veh_Dmag_Scl_2_ID,Force_Dir_2_ID,Veh_Inventoried_Fl,Veh_Transp_Name,Veh_Transp_Dest,Veh_Cmv_Fl,Cmv_Fiveton_Fl,Cmv_Hazmat_Fl,Cmv_Nine_Plus_Pass_Fl,Cmv_Veh_Oper_ID,Cmv_Carrier_ID_Type_ID,Cmv_Carrier_Zip,Cmv_Veh_Type_ID,Cmv_GVWR,Cmv_RGVW,Cmv_Hazmat_Rel_Fl,Hazmat_Cls_1_ID,Hazmat_IDNbr_1_ID,Hazmat_Cls_2_ID,Hazmat_IDNbr_2_ID,Cmv_Cargo_Body_ID,Cmv_Evnt1_ID,Cmv_Evnt2_ID,Cmv_Evnt3_ID,Cmv_Evnt4_ID,Cmv_Tot_Axle,Cmv_Tot_Tire,Contrib_Factr_1_ID,Contrib_Factr_2_ID,Contrib_Factr_3_ID,Contrib_Factr_P1_ID,Contrib_Factr_P2_ID,Veh_Dfct_1_ID,Veh_Dfct_2_ID,Veh_Dfct_3_ID,Veh_Dfct_P1_ID,Veh_Dfct_P2_ID,Veh_Trvl_Dir_ID,First_Harm_Evt_Inv_ID,Sus_Serious_Injry_Cnt,Nonincap_Injry_Cnt,Poss_Injry_Cnt,Non_Injry_Cnt,Unkn_Injry_Cnt,Tot_Injry_Cnt,Death_Cnt,Cmv_Disabling_Damage_Fl,Cmv_Bus_Type_ID,Trlr_GVWR,Trlr_RGVW,Trlr_Type_ID,Trlr_Disabling_Dmag_ID,Cmv_Intermodal_Container_Permit_Fl,CMV_Actual_Gross_Weight
16998270,2,1,N,N,43,1FTEW1E51JKC45376,2018,9,37,2324,106,N,77662,1,1,4,4,2,,,,N,ATX-VIP TOWING SERVICES,ATX-VIP TOWING SERVICES,N,,,,,,,,,,,,,,,,,,,,,,0,,,,,,,,,,2,1,0,0,0,1,0,0,0,,,,,,,,
16998271,1,1,N,N,43,2GNALDEC1B1181615,2011,8,107,1048,69,N,78665,1,2,11,3,10,,,,Y,ROCHAS TOWING SERVICE,ROCHAS TOWING SERVICE,N,,,,,,,,,,,,,,,,,,,,,,34,,,,,,,,,,4,1,0,0,0,1,0,0,0,,,,,,,,
16998271,2,1,N,N,43,1C4PJLCB0HW560104,2017,9,429,970,69,N,78752,1,2,12,3,3,,,,Y,DENVERS TOWING,DENVERS TOWING,N,,,,,,,,,,,,,,,,,,,,,,0,,,,,,,,,,6,1,0,0,0,3,0,0,0,,,,,,,,
16998272,1,1,N,N,43,KMHDU46D99U681882,2009,2,45,480,104,N,78753,1,2,3,2,10,,,,N,,,N,,,,,,,,,,,,,,,,,,,,,,34,,,20,,,,,,,2,1,0,0,1,2,0,1,0,,,,,,,,
16998272,2,1,N,N,43,1N4AL11D03C351146,2003,17,71,500,104,N,78753,1,2,12,1,3,,,,N,,,N,,,,,,,,,,,,,,,,,,,,,,0,,,,,,,,,,4,1,0,0,1,0,0,1,0,,,,,,,,
16998273,1,1,N,N,10,1N4BA41EX5C859938,2005,9,71,297,104,N,78705,1,1,8,3,7,,,,N,,,N,,,,,,,,,,,,,,,,,,,,,,0,,,,,,,,,,1,1,0,0,0,1,0,0,0,,,,,,,,
16998273,2,1,N,N,43,KMHDH4AE9DU957524,2013,2,45,480,104,N,,1,1,2,4,2,,,,N,,,N,,,,,,,,,,,,,,,,,,,,,,0,,,,,,,,,,1,1,0,0,0,1,0,0,0,,,,,,,,
16998274,1,1,N,N,43,1G1ZB5EB9AF231656,2010,9,107,46,104,N,78731,1,1,2,4,12,,,,N,ARMADA TOWING,ARMADA TOWING,N,,,,,,,,,,,,,,,,,,,,,,20,,,,,,,,,,3,1,0,0,0,1,0,0,0,,,,,,,,
16998274,2,1,N,N,43,2CTFLTEC4B6250085,2011,16,208,763,69,N,78681,1,1,14,3,3,,,,N,ARMADA TOWING,ARMADA TOWING,N,,,,,,,,,,,,,,,,,,,,,,0,,,,,,,,,,7,1,0,0,0,1,0,0,0,,,,,,,,
16998275,1,1,N,N,43,3GCUKSEC4FG514898,2015,2,107,60,30,N,78617,1,2,,,,,,,N,,,N,,,,,,,,,,,,,,,,,,,,,,41,74,,,,,,,,,3,2,0,0,0,1,0,0,0,,,,,,,,
16998275,2,1,N,N,43,5XXGM4A79FG476650,2015,9,55,715,104,N,77530,1,2,6,5,6,2,1,12,N,,,N,,,,,,,,,,,,,,,,,,,,,,0,,,,,,,,,,3,1,0,0,1,1,0,1,0,,,,,,,,
16998275,3,1,N,N,43,KL4CJASB4FB209439,2015,16,105,2184,104,N,78741,1,2,2,3,12,,,,N,,,N,,,,,,,,,,,,,,,,,,,,,,0,,,,,,,,,,3,1,0,0,0,1,0,0,0,,,,,,,,
16998276,1,1,N,N,43,YV1902FH9C2102156,2012,2,98,723,104,N,78723,1,2,2,3,12,,,,N,EZ AUTO AND TOWING SERVICE,EZ AUTO AND TOWING SERVICE,N,,,,,,,,,,,,,,,,,,,,,,37,66,,,,,,,,,7,1,0,0,1,1,0,1,0,,,,,,,,
16998276,2,1,N,N,43,2GNALBEK7C1280372,2012,2,107,1048,104,N,78728,1,2,4,3,2,,,,N,ARMADA TOWING,ARMADA TOWING,N,,,,,,,,,,,,,,,,,,,,,,0,,,,,,,,,,1,1,0,0,0,1,0,0,0,,,,,,,,
16998313,1,1,N,N,43,JTDKN3DU5A5089240,2010,9,91,702,104,N,78704,1,1,2,3,12,,,,Y,ARMADA TOWING SOUTH,ARMADA TOWING SOUTH,N,,,,,,,,,,,,,,,,,,,,,,,,,34,,,,,,,5,1,0,1,0,0,0,1,0,,,,,,,,
16998313,2,1,N,N,43,KNDJT2A26A7193125,2010,5,55,1357,69,N,78610,1,1,3,4,11,,,,Y,A-TEX TOWING,5526 1/2 W HWY 290,N,,,,,,,,,,,,,,,,,,,,,,0,,,,,,,,,,1,1,0,1,0,0,0,1,0,,,,,,,,
16998314,1,1,N,N,23,2B3CA3CV7AH271316,2010,21,109,74,104,N,56150,1,2,2,0,12,,,,N,,,N,,,,,,,,,,,,,,,,,,,,,,20,,,,,,,,,,4,1,0,0,0,2,0,0,0,,,,,,,,
16998314,2,1,N,N,43,5N1AR1NN1CC615403,2012,17,71,531,69,N,78610,1,2,6,1,6,,,,N,,,N,,,,,,,,,,,,,,,,,,,,,,0,,,,,,,,,,4,1,0,1,0,1,0,1,0,,,,,,,,
16998319,1,1,N,N,43,4T1BF28B54U373196,2004,21,91,563,104,N,78750,1,2,2,5,12,8,2,6,N,ROCHAS TOWING SERVICE,ROCHAS TOWING SERVICE,N,,,,,,,,,,,,,,,,,,,,,,0,,,,,,,,,,1,1,0,0,0,1,0,0,0,,,,,,,,
16998319,2,1,N,N,43,3N1CN7AP1EL817462,2014,9,71,1452,104,N,78724,2,,3,5,12,,,,N,HARPERS TOWING SERVICE INC,HARPERS TOWING SERVICE INC,N,,,,,,,,,,,,,,,,,,,,,,0,,,,,,,,,,1,1,0,0,1,0,0,1,0,,,,,,,,
16998319,3,1,N,N,43,2FABP7BV7AX137595,2010,3,37,995,104,N,78752,1,7,6,1,6,,,,N,,,N,,,,,,,,,,,,,,,,,,,,,,0,,,,,,,,,,1,2,0,0,0,3,0,0,0,,,,,,,,
16998324,1,1,N,N,43,1FMZK01105GA29601,2005,2,37,1095,69,N,78723,1,1,4,1,2,,,,N,,,N,,,,,,,,,,,,,,,,,,,,,,16,,,,,,,,,,7,1,0,0,0,1,0,0,0,,,,,,,,
16998324,2,1,N,N,43,1G11B5SLXFF165894,2015,9,107,56,104,N,78723,1,1,3,3,11,,,,N,,,N,,,,,,,,,,,,,,,,,,,,,,0,,,,,,,,,,5,1,0,1,0,2,0,1,0,,,,,,,,
16998335,1,1,N,N,43,1XPXP4EX2GD315312,2016,21,74,4065,87,N,78132,1,2,2,2,12,,,,N,NOT TOWED,,Y,Y,N,N,2,2,78132,9,0,80000,N,,,,,5,13,,,,,,0,,,,,,,,,,5,1,0,0,0,1,0,0,0,N,0,,,,,N,
16998335,2,1,N,N,43,1GCDM19X95B118572,2005,21,107,370,103,N,78758,1,2,6,3,6,2,2,12,N,NOT TOWED,,N,,,,,,,,,,,,,,,,,,,,,,0,,,,,,,,,,5,1,0,0,0,1,0,0,0,,,,,,,,
16998335,3,1,N,N,43,JM1GJ1W51G1410556,2016,21,63,870,104,N,78613,1,2,6,1,6,,,,N,NOT TOWED,,N,,,,,,,,,,,,,,,,,,,,,,44,19,,,,,,,,,5,2,0,0,1,0,0,1,0,,,,,,,,
16998335,4,6,,,,,,,,,,,78132,,,,,,,,,,,,,,,,,,,,,,,,,,,,,,,,,,0,,,,,,,,,,9,2,0,0,0,0,0,0,0,,,,,,,,
16998336,1,1,N,N,20,JH4DC54843S000838,2003,3,1,724,100,N,76908,1,1,2,7,12,,,,Y,EZ AUTO AND TOWING SERVICE,EZ AUTO AND TOWING SERVICE,N,,,,,,,,,,,,,,,,,,,,,,74,,,,,,,,,,5,1,0,0,0,1,0,0,0,,,,,,,,
16998336,2,1,N,N,43,JN8AS5MT5AW004645,2010,2,71,1310,69,N,78754,1,1,6,3,6,,,,N,,,N,,,,,,,,,,,,,,,,,,,,,,0,,,,,,,,,,5,1,0,0,0,2,0,0,0,,,,,,,,
16998337,1,1,N,Y,113,,,99,208,763,0,N,,,,,,,,,,N,VEHICLE LEFT THE SCENE,VEHICLE LEFT THE SCENE,N,,,,,,,,,,,,,,,,,,,,,,44,,,,,,,,,,3,1,0,0,0,0,1,0,0,,,,,,,,
16998337,2,1,N,N,43,4T1BK1FK6FU028948,2015,2,91,380,104,N,78728,1,2,6,1,6,,,,N,DRIVEN AWAY,DRIVEN AWAY,N,,,,,,,,,,,,,,,,,,,,,,0,,,,,,,,,,3,1,0,0,1,0,0,1,0,,,,,,,,
16998338,1,1,N,Y,43,1D7HA16NX3J625759,2003,21,109,2275,106,N,78664,,,3,2,12,,,,N,LEFT THE SCENE,LEFT THE SCENE,N,,,,,,,,,,,,,,,,,,,,,,20,,,,,,,,,,4,1,0,0,0,0,1,0,0,,,,,,,,
16998338,2,1,N,N,43,JTEZU5JR2F5103742,2015,2,91,395,104,N,78727,1,1,3,3,12,,,,N,NOT TOWED,NOT TOWED,N,,,,,,,,,,,,,,,,,,,,,,0,,,,,,,,,,8,1,0,0,0,1,0,0,0,,,,,,,,
16998339,1,1,N,N,43,KMHC75LC7HU024596,2017,,45,377,104,N,78759,1,2,2,4,12,,,,Y,ROCHAS TOWING SERVICE,ROCHAS TOWING SERVICE,N,,,,,,,,,,,,,,,,,,,,,,0,,,,,,,,,,1,1,0,0,0,1,0,0,0,,,,,,,,
16998339,2,1,N,N,43,1FM5K7D82JGA67552,2018,17,37,554,69,N,78653,1,1,9,4,9,,,,,SOUTHSIDE WRECKER INC,SOUTHSIDE,N,,,,,,,,,,,,,,,,,,,,,,0,,,,,,,,,,7,1,0,1,0,4,0,1,0,,,,,,,,
16998340,1,1,N,N,43,1B3EL46X85N706444,2005,8,109,82,104,N,78727,2,,3,5,,,,,Y,STARS TOWING,STARS TOWING,N,,,,,,,,,,,,,,,,,,,,,,37,,,,,,,,,,2,1,0,0,1,0,0,1,0,,,,,,,,
16998340,2,1,N,N,43,1FTEW1EPXGFC57500,2016,17,37,2324,30,N,78723,1,2,14,7,,13,2,,Y,EZ AUTO AND TOWING SERVICE,EZ AUTO AND TOWING SERVICE,N,,,,,,,,,,,,,,,,,,,,,,0,,,,,,,,,,6,1,0,1,1,0,0,2,0,,,,,,,,
16998341,1,1,N,N,43,1GNDS13S722263728,2002,10,107,732,104,N,78758,1,1,2,3,12,,,,Y,AVILES & GABES WRECKER SERVICE INC.,5526 1/2 W HWY 290,N,,,,,,,,,,,,,,,,,,,,,,0,,,,,,,,,,3,1,0,0,0,1,0,0,0,,,,,,,,
16998341,2,1,N,N,43,2GNAXHEV3J6131295,2018,13,107,1048,104,N,76574,1,1,6,2,12,10,1,3,N,,,N,,,,,,,,,,,,,,,,,,,,,,0,,,,,,,,,,7,1,0,0,0,1,0,0,0,,,,,,,,
16998341,3,1,N,N,43,1FT7W2BT6BEA67532,2011,21,37,2325,30,N,78521,1,1,2,4,12,,,,Y,AVILES & GABES WRECKER SERVICE INC.,5526 1/2 W HWY 290,N,,,,,,,,,,,,,,,,,,,,,,0,,,,,,,,,,7,2,0,0,0,1,0,0,0,,,,,,,,
16998342,1,1,N,N,43,1NXBR18E0WZ108684,1998,1,91,173,104,N,,2,,3,3,3,,,,N,SPECIAL AUTOMOTIVE SERVICE INC,1008 MEARNS MEADOW,N,,,,,,,,,,,,,,,,,,,,,,20,,,,,,,,,,1,1,0,0,0,4,0,0,0,,,,,,,,
16998342,2,1,N,N,43,2T3ZFREV1GW254479,2016,21,91,581,104,N,76542,1,2,11,3,9,,,,N,SOUTHSIDE WRECKER INC,8200 S. CONGRESS AVE,N,,,,,,,,,,,,,,,,,,,,,,0,,,,,,,,,,1,1,0,0,0,1,0,0,0,,,,,,,,
16998343,1,1,N,Y,43,2G1WA5E31D1117838,2013,16,107,53,104,N,78744,1,1,2,6,12,,,,N,SOUTHSIDE WRECKER INC,8200 S. CONGRESS AVE,N,,,,,,,,,,,,,,,,,,,,,,,,,60,45,,,,,,5,1,0,0,0,0,1,0,0,,,,,,,,
16998344,1,1,N,Y,43,JT3HN86R8X0235379,1999,21,91,395,104,N,78256,1,1,8,1,,,,,Y,SOUTHSIDE WRECKER INC,IMPOUND,N,,,,,,,,,,,,,,,,,,,,,,67,,,,,,,,,,2,1,0,0,0,1,0,0,0,,,,,,,,
16998344,2,1,N,N,43,2FABP7BV4BX182026,2011,2,37,995,105,Y,78720,4,,7,1,7,,,,N,,,N,,,,,,,,,,,,,,,,,,,,,,0,,,,,,,,,,2,1,0,0,0,1,0,0,0,,,,,,,,
16998345,1,1,N,N,43,2HGFG3B86CH522353,2012,9,44,256,104,N,78753,3,2,4,6,12,,,,Y,ARMADA TOWING,ARMADA TOWING,N,,,,,,,,,,,,,,,,,,,,,,40,,,67,68,,,,,,7,1,0,0,0,1,0,0,0,,,,,,,,
16998345,2,1,Y,N,14,1HTMMMML0JH436287,2018,22,39,3052,106,N,19607,2,,7,2,7,,,,N,,,N,,,,,,,,,,,,,,,,,,,,,,0,,,,,,,,,,7,1,0,0,0,1,0,0,0,,,,,,,,
16998346,1,1,N,N,43,1C4NJPFB7CD552287,2012,9,429,1273,69,N,78759,1,1,4,5,1,2,2,12,Y,AUS-TEX AUTO ENTERPRISES LLC,AUS-TEX AUTO ENTERPRISES LLC,N,,,,,,,,,,,,,,,,,,,,,,22,,,,,,,,,,1,1,0,0,0,1,0,0,0,,,,,,,,
16998347,1,1,N,N,43,2MEFM75W5YX706171,2000,17,114,1114,104,N,78653,1,2,4,3,1,2,1,1,N,DENVERS TOWING,DENVERS TOWING,N,,,,,,,,,,,,,,,,,,,,,,41,22,,,,,,,,,6,1,0,1,0,0,0,1,0,,,,,,,,
16998348,1,1,N,N,43,JTKDE167190277162,2009,3,91,4331,100,N,78744,1,1,2,3,12,,,,N,AUS-TEX AUTO ENTERPRISES LLC,FROM SCENE,N,,,,,,,,,,,,,,,,,,,,,,14,74,,22,,,,,,,6,1,0,0,0,1,0,0,0,,,,,,,,
16998348,2,1,N,N,43,JM1BK12F541138076,2004,3,63,2473,104,N,78613,1,1,2,2,12,,,,N,,,N,,,,,,,,,,,,,,,,,,,,,,,,,44,,,,,,,6,2,0,0,0,1,0,0,0,,,,,,,,
16998348,3,1,N,N,43,5XXGT4L3XJG251564,2018,21,55,715,104,N,78723,1,1,6,2,6,,,,N,,,N,,,,,,,,,,,,,,,,,,,,,,0,,,,,,,,,,6,2,0,0,0,1,0,0,0,,,,,,,,
16998349,1,1,N,N,43,2HGFB2F52DH557062,2013,2,44,256,104,N,78745,1,1,16,1,3,,,,N,,,N,,,,,,,,,,,,,,,,,,,,,,0,,,,,,,,,,5,1,0,0,0,1,0,0,0,,,,,,,,
16998349,2,3,,,,,,,,,,,,,,,,,,,,,,,,,,,,,,,,,,,,,,,,,,,,,67,,,,,,,,,,9,1,0,1,0,0,0,1,0,,,,,,,,
16998350,1,1,N,N,43,1FDAF56F9YED67727,2000,21,37,600,106,N,78719,1,1,3,2,12,,,,,N/A,N/A,N,,,,,,,,,,,,,,,,,,,,,,0,,,,,,,,,,3,1,0,0,0,1,0,0,0,,,,,,,,
16998350,2,1,N,N,43,1C6RR6PT4FS614845,2015,4,109,2270,30,N,76578,1,1,4,2,12,,,,N,N/A,N/A,N,,,,,,,,,,,,,,,,,,,,,,34,,,19,,12,,,12,,1,1,0,0,0,1,0,0,0,,,,,,,,
16998351,1,1,N,N,43,3VWD67AJ2GM318643,2016,17,96,316,104,N,60048,1,2,1,1,12,,,,N,,,N,,,,,,,,,,,,,,,,,,,,,,44,,,,,,,,,,7,1,0,0,0,1,0,0,0,,,,,,,,
16998351,2,1,N,N,43,1FADP3K21EL372780,2014,9,37,696,104,N,78741,1,2,5,1,6,,,,N,,,N,,,,,,,,,,,,,,,,,,,,,,0,,,,,,,,,,7,1,0,1,0,0,0,1,0,,,,,,,,
16998352,1,1,N,N,43,1C4RJEAGXCC327635,2012,9,429,970,104,N,78744,2,,4,2,12,,,,,N/A,N/A,N,,,,,,,,,,,,,,,,,,,,,,17,,,20,,12,,,12,,3,1,0,0,0,2,0,0,0,,,,,,,,
16998352,2,1,N,N,43,2G1FB1EVGA9177694,2010,3,107,46,100,N,78602,1,1,13,3,9,,,,N,N/A,N/A,N,,,,,,,,,,,,,,,,,,,,,,0,,,,,,,,,,3,1,0,0,0,1,0,0,0,,,,,,,,
16998353,1,1,N,N,43,2GNALDEK3D1123824,2013,17,107,1048,69,N,78681,1,2,5,0,6,,,,N,,,N,,,,,,,,,,,,,,,,,,,,,,3,,,,,,,,,,5,1,0,0,0,1,0,0,0,,,,,,,,
16998353,2,4,,,,,,,,,,,,,,,,,,,,,,,,,,,,,,,,,,,,,,,,,,,,,0,,,,,,,,,,9,1,0,0,1,0,0,1,0,,,,,,,,
16998354,1,1,N,N,43,5YJ3E1EA0JF008155,2018,3,602,2033,104,N,79765,1,2,4,2,12,,,,N,,,N,,,,,,,,,,,,,,,,,,,,,,39,20,,,,,,,,,1,1,0,0,0,1,0,0,0,,,,,,,,
16998354,2,1,N,N,43,2T1KY38E13C017371,2003,17,91,173,104,N,78751,1,2,3,3,12,,,,N,ARMADA TOWING,ARMADA TOWING,N,,,,,,,,,,,,,,,,,,,,,,0,,,,,,,,,,7,1,0,0,0,1,0,0,0,,,,,,,,
16998355,1,1,N,N,43,2T2BK1BA6EC251452,2014,17,58,429,104,N,78717,1,2,4,1,1,,,,N,,,N,,,,,,,,,,,,,,,,,,,,,,0,,,,,,,,,,8,1,0,0,0,1,0,0,0,,,,,,,,
16998355,2,1,N,N,43,WBAPK5C5XBA658819,2011,21,14,21,104,N,78628,1,2,7,2,7,,,,N,620 LAKESIDE TOWING,620 LAKESIDE TOWING,N,,,,,,,,,,,,,,,,,,,,,,0,,,,,,,,,,4,1,0,0,1,0,0,1,0,,,,,,,,
16998394,1,1,N,N,43,1N4AL3AP2FC201999,2015,9,71,500,104,N,78702,1,1,2,3,12,,,,N,,,N,,,,,,,,,,,,,,,,,,,,,,29,,,,,,,,,,5,1,0,0,0,1,0,0,0,,,,,,,,
16998394,2,1,N,N,43,1C6RR6LG8FS614548,2015,2,109,2275,104,N,78724,1,1,6,2,6,,,,N,,,N,,,,,,,,,,,,,,,,,,,,,,0,,,,,,,,,,5,1,0,0,0,2,0,0,0,,,,,,,,
16998395,1,1,N,N,13,1HGCR2F3XDA279636,2013,17,44,256,104,N,78705,1,2,11,3,8,,,,N,A & A WRECKER NORTH,A & A WRECKER NORTH,N,,,,,,,,,,,,,,,,,,,,,,34,,,,,,,,,,5,1,0,0,2,0,0,2,0,,,,,,,,
16998395,2,1,N,N,43,3GTP1PEC2HG341317,2017,2,39,3080,30,N,78703,1,1,12,4,1,,,,N,HARPERS TOWING SERVICE INC,HARPERS TOWING SERVICE INC,N,,,,,,,,,,,,,,,,,,,,,,0,,,,,,,,,,7,1,0,0,0,1,0,0,0,,,,,,,,
16998396,1,1,N,N,43,1C3CDFAAXGD712289,2016,2,109,78,104,N,78758,1,1,4,4,1,,,,Y,STARS TOWING,STARS TOWING,N,,,,,,,,,,,,,,,,,,,,,,22,,,,,,,,,,1,1,0,0,0,1,0,0,0,,,,,,,,
16998397,1,1,N,N,43,4UZAC3DV3GCHL3153,2016,5,38,1524,103,N,75229,1,1,4,4,12,,,,N,INTERSTATE CHAPARRAL TOWING INC.,33 ROUNDVILLE LN ROUND ROCK TEXAS 78660,N,,,,,,,,,,,,,,,,,,,,,,0,,,,,,,,,,3,1,0,0,0,1,0,0,0,,,,,,,,
16998397,2,1,Y,N,43,KNDJT2A5XD7624774,2013,17,55,1357,69,N,78731,2,,1,1,12,,,,N,,,N,,,,,,,,,,,,,,,,,,,,,,0,,,,,,,,,,7,2,0,0,0,0,0,0,0,,,,,,,,
16998398,1,1,N,N,43,WDDHF5KB5EA822135,2014,3,65,3941,104,N,75025,1,2,2,5,12,6,5,6,N,AVILES & GABES WRECKER SERVICE INC.,AVILES & GABES WRECKER SERVICE INC.,N,,,,,,,,,,,,,,,,,,,,,,60,,,,,,,,,,7,1,0,0,0,2,0,0,0,,,,,,,,
16998399,1,1,N,N,43,JN8AZ1MUXEW417826,2014,2,71,777,69,N,78741,1,2,9,1,9,,,,N,OWNER,OWNER,N,,,,,,,,,,,,,,,,,,,,,,0,,,,,,,,,,7,1,0,0,0,1,0,0,0,,,,,,,,
16998399,2,3,,,,,,,,,,,,,,,,,,,,,,,,,,,,,,,,,,,,,,,,,,,,,0,,,,,,,,,,9,1,0,1,0,0,0,1,0,,,,,,,,
16998400,1,1,N,N,43,JHMGD38477S063072,2007,17,44,1083,104,N,78736,1,1,15,3,9,,,,N,SPECIAL AUTOMOTIVE SERVICE INC,SPECIAL AUTOMOTIVE SERVICE INC,N,,,,,,,,,,,,,,,,,,,,,,35,,,,,,,,,,1,1,0,0,0,3,0,0,0,,,,,,,,
16998400,2,1,N,N,43,5J6RE3H41BL008394,2011,11,44,605,104,N,78748,1,1,2,4,12,,,,N,ROCHAS TOWING SERVICE,ROCHAS TOWING SERVICE,N,,,,,,,,,,,,,,,,,,,,,,0,,,,,,,,,,3,1,0,0,0,1,0,0,0,,,,,,,,
16998401,1,1,N,N,43,4S4BRCCC1B3330216,2011,11,85,1268,104,N,78660,1,1,2,4,2,,,,Y,620 LAKESIDE TOWING,620 LAKESIDE TOWING,N,,,,,,,,,,,,,,,,,,,,,,0,,,,,,,,,,2,1,0,0,1,0,0,1,0,,,,,,,,
16998402,1,1,N,N,43,2C3CCAAG6JH320429,2018,9,21,65,104,N,78652,1,2,2,6,12,,,,Y,620 LAKESIDE TOWING,620 LAKESIDE TOWING,N,,,,,,,,,,,,,,,,,,,,,,67,44,20,,,,,,,,1,1,0,0,1,0,0,1,0,,,,,,,,
16998402,2,1,N,N,42,1FTEW1CF7FFB97507,2015,11,37,2324,30,N,42321,1,2,7,4,,1,3,12,N,,,N,,,,,,,,,,,,,,,,,,,,,,0,,,,,,,,,,1,1,0,0,0,1,0,0,0,,,,,,,,
16998402,3,1,N,N,43,3C4PDCAB2ET259197,2014,,109,1166,69,N,78233,1,2,5,3,6,,,,N,,,N,,,,,,,,,,,,,,,,,,,,,,0,,,,,,,,,,1,2,0,0,0,1,0,0,0,,,,,,,,
16998403,1,1,N,N,43,1FADP3H25HL247194,2017,9,37,696,104,N,78705,1,2,10,3,,,,,Y,620 LAKESIDE TOWING,620 LAKESIDE TOWING,N,,,,,,,,,,,,,,,,,,,,,,4,,,,,,,,,,1,1,0,0,0,2,0,0,0,,,,,,,,
16998403,2,1,N,N,43,1HGCP268X8A122731,2008,8,44,236,104,N,78745,1,2,11,3,11,,,,Y,620 LAKESIDE TOWING,620 LAKESIDE TOWING,N,,,,,,,,,,,,,,,,,,,,,,0,,,,,,,,,,1,1,0,0,0,2,0,0,0,,,,,,,,
16998404,1,1,N,N,43,4JGAB54E33A385033,2003,3,65,3946,69,N,78721,1,2,18,6,1,4,3,1,Y,ROCHAS TOWING SERVICE,ROCHAS TOWING SERVICE,N,,,,,,,,,,,,,,,,,,,,,,74,,,48,,,,,,,8,1,0,1,0,0,0,1,0,,,,,,,,
16998405,1,1,N,N,43,1NXBR12E0XZ279235,1999,17,91,173,104,N,78741,1,1,2,2,12,,,,Y,SPECIAL AUTOMOTIVE SERVICE INC,SPECIAL AUTOMOTIVE SERVICE INC,N,,,,,,,,,,,,,,,,,,,,,,,,,20,,,,,,,1,1,0,0,0,1,0,0,0,,,,,,,,
16998405,2,1,N,N,43,1C6RR6GT9ES477660,2014,2,109,2275,30,N,75462,1,1,6,1,6,,,,N,,,N,,,,,,,,,,,,,,,,,,,,,,0,,,,,,,,,,1,1,0,0,0,3,0,0,0,,,,,,,,
16998406,1,1,N,N,43,5YJXCBE24JF136579,2018,2,602,2033,69,N,78703,1,1,13,7,9,,,,Y,SOUTHSIDE WRECKER INC,SOUTHSIDE WRECKER,N,,,,,,,,,,,,,,,,,,,,,,15,,,74,,,,,,,7,1,0,0,0,1,0,0,0,,,,,,,,
16998406,2,1,N,N,43,JALB4T17XD7W01230,2013,21,49,304,106,N,78721,1,1,,,,,,,N,,,N,,,,,,,,,,,,,,,,,,,,,,0,,,,,,,,,,5,1,0,0,0,1,0,0,0,,,,,,,,
16998407,1,1,N,N,43,1FTEW1C50JKF40245,2018,8,37,2324,30,N,78629,1,2,14,2,3,,,,N,,,N,,,,,,,,,,,,,,,,,,,,,,0,,,,,,,,,,3,1,0,0,0,1,0,0,0,,,,,,,,
16998407,2,1,N,N,43,1FTRX14W64NB44314,2004,17,37,101,30,N,78660,1,2,4,4,12,,,,Y,ARMADA TOWING,ARMADA TOWING,N,,,,,,,,,,,,,,,,,,,,,,0,,,,,,,,,,1,1,0,0,0,1,0,0,0,,,,,,,,
16998408,1,1,N,N,43,4T1BD1FK5EU138222,2014,21,91,380,104,N,78702,1,1,4,4,2,,,,N,ARMADA TOWING,ARMADA TOWING,N,,,,,,,,,,,,,,,,,,,,,,0,,,,,,,,,,3,1,0,0,0,2,0,0,0,,,,,,,,
16998408,2,1,N,N,43,5TFSX5EN9HX053112,2017,21,91,629,30,N,78741,1,1,7,3,7,,,,N,,,N,,,,,,,,,,,,,,,,,,,,,,0,,,,,,,,,,3,1,0,0,0,1,0,0,0,,,,,,,,
16998408,3,1,N,N,43,1FTFW1CF4DKD07132,2013,21,37,2324,30,N,78759,1,1,15,3,9,,,,N,,,N,,,,,,,,,,,,,,,,,,,,,,0,,,,,,,,,,3,2,0,0,0,3,0,0,0,,,,,,,,
16998409,1,1,N,N,43,KNADN5A36H6035608,2017,2,55,716,104,N,78613,1,2,4,3,12,,,,Y,620 LAKESIDE TOWING,620 LAKESIDE TOWING,N,,,,,,,,,,,,,,,,,,,,,,0,,,,,,,,,,2,1,0,0,2,0,0,2,0,,,,,,,,
16998409,2,1,N,N,43,WDDGF8BB0BR157073,2011,2,65,118,104,N,78613,1,2,11,3,9,,,,N,FINGER TOWING SERVICE,FINGER TOWING SERVICE,N,,,,,,,,,,,,,,,,,,,,,,0,,,,,,,,,,8,1,0,0,0,1,0,0,0,,,,,,,,