Crash_ID,Unit_Nbr,Unit_Desc_ID,Veh_Parked_Fl,Veh_HNR_Fl,Veh_Lic_State_ID,VIN,Veh_Mod_Year,Veh_Color_ID,Veh_Make_ID,Veh_Mod_ID,Veh_Body_Styl_ID,Emer_Respndr_Fl,Ownr_Zip,Fin_Resp_Proof_ID,Fin_Resp_Type_ID,Veh_Dmag_Area_1_ID,Veh_Dmag_Scl_1_ID,Force_Dir_1_ID,Veh_Dmag_Area_2_ID,Veh_Dmag_Scl_2_ID,Force_Dir_2_ID,Veh_Inventoried_Fl,Veh_Transp_Name,Veh_Transp_Dest,Veh_Cmv_Fl,Cmv_Fiveton_Fl,Cmv_Hazmat_Fl,Cmv_Nine_Plus_Pass_Fl,Cmv_Veh_Oper_ID,Cmv_Carrier_ID_Type_ID,Cmv_Carrier_Zip,Cmv_Veh_Type_ID,Cmv_GVWR,Cmv_RGVW,Cmv_Hazmat_Rel_Fl,Hazmat_Cls_1_ID,Hazmat_IDNbr_1_ID,Hazmat_Cls_2_ID,Hazmat_IDNbr_2_ID,Cmv_Cargo_Body_ID,Cmv_Evnt1_ID,Cmv_Evnt2_ID,Cmv_Evnt3_ID,Cmv_Evnt4_ID,Cmv_Tot_Axle,Cmv_Tot_Tire,Contrib_Factr_1_ID,Contrib_Factr_2_ID,Contrib_Factr_3_ID,Contrib_Factr_P1_ID,Contrib_Factr_P2_ID,Veh_Dfct_1_ID,Veh_Dfct_2_ID,Veh_Dfct_3_ID,Veh_Dfct_P1_ID,Veh_Dfct_P2_ID,Veh_Trvl_Dir_ID,First_Harm_Evt_Inv_ID,Sus_Serious_Injry_Cnt,Nonincap_Injry_Cnt,Poss_Injry_Cnt,Non_Injry_Cnt,Unkn_Injry_Cnt,Tot_Injry_Cnt,Death_Cnt,Cmv_Disabling_Damage_Fl,Cmv_Bus_Type_ID,Trlr_GVWR,Trlr_RGVW,Trlr_Type_ID,Trlr_Disabling_Dmag_ID,Cmv_Intermodal_Container_Permit_Fl,CMV_Actual_Gross_Weight
17001090,1,1,N,N,43,1FTNW20S21EA53837,2001,,37,2325,30,N,78653,1,1,3,2,2,,,,N,AVILES & GABES WRECKER SERVICE INC.,AVILES & GABES WRECKER SERVICE INC.,N,,,,,,,,,,,,,,,,,,,,,,22,,,,,,,,,,11,1,0,0,0,1,0,0,0,,,,,,,,
17001091,1,1,N,N,9,KNAFU4A21A5850842,2010,16,55,1093,104,N,78727,2,,10,2,3,,,,N,,,N,,,,,,,,,,,,,,,,,,,,,,33,,,,,,,,,,5,1,0,0,0,1,0,0,0,,,,,,,,
17001091,2,1,N,N,43,JTLZE4FE8FJ068198,2015,21,91,4331,104,N,78754,1,2,2,2,12,,,,,,,N,,,,,,,,,,,,,,,,,,,,,,0,,,,,,,,,,1,1,0,1,0,0,0,1,0,,,,,,,,
17001092,1,1,N,Y,43,1G3WX52K6WF400023,1998,99,116,643,104,N,78750,1,1,,,,,,,N,,,N,,,,,,,,,,,,,,,,,,,,,,0,,,,,,,,,,7,1,0,0,0,0,0,0,0,,,,,,,,
17001092,2,1,N,N,43,1FTEW1CP3GKF80507,2016,2,37,2324,30,N,,1,1,4,3,3,,,,N,,,N,,,,,,,,,,,,,,,,,,,,,,0,,,,,,,,,,3,1,0,0,0,4,0,0,0,,,,,,,,
17001093,1,1,N,N,43,1N4DL01D4WC245133,1998,18,71,500,104,N,78738,1,2,2,5,12,,,,N,ARMADA TOWING,ARMADA TOWING,N,,,,,,,,,,,,,,,,,,,,,,0,,,,,,,,,,7,1,0,0,0,1,0,0,0,,,,,,,,
17001093,2,1,N,N,43,JM3KFACL5H0194076,2017,16,63,272,69,N,78732,1,2,6,3,6,,,,N,,,N,,,,,,,,,,,,,,,,,,,,,,0,,,,,,,,,,7,1,0,0,0,1,0,0,0,,,,,,,,
17001095,1,1,N,N,43,5FNRL3H91AB059600,2010,11,44,571,104,N,78750,1,1,12,3,3,,,,Y,EZ AUTO AND TOWING SERVICE,EZ AUTO AND TOWING SERVICE,N,,,,,,,,,,,,,,,,,,,,,,19,33,,,,,,,,,1,1,0,0,0,1,0,0,0,,,,,,,,
17001095,2,1,N,N,43,1FMJU1H54AEB67198,2010,16,37,554,104,N,78602,1,1,2,5,12,,,,Y,ROCHAS TOWING SERVICE,ROCHAS TOWING SERVICE,N,,,,,,,,,,,,,,,,,,,,,,0,,,,,,,,,,5,1,1,0,0,0,0,1,0,,,,,,,,
17001100,1,1,N,N,43,1NXBU4EE4AZ316175,2010,16,91,173,104,N,78745,1,2,2,1,12,,,,N,,,N,,,,,,,,,,,,,,,,,,,,,,0,,,,,,,,,,3,1,0,0,0,1,0,0,0,,,,,,,,
17001100,2,1,N,N,43,5YFBURHE3FP236593,2015,2,91,173,104,N,77008,1,2,8,1,6,,,,N,,,N,,,,,,,,,,,,,,,,,,,,,,0,,,,,,,,,,3,1,0,1,0,1,0,1,0,,,,,,,,
17001107,1,1,N,N,43,5YJ3E1EB2JF188134,2018,2,602,2033,104,N,30075,1,1,4,3,2,,,,N,,,N,,,,,,,,,,,,,,,,,,,,,,74,,,,,,,,,,7,1,0,0,0,1,0,0,0,,,,,,,,
17001107,2,1,N,N,43,JTMZK31V775013225,2007,17,91,581,104,N,78756,1,1,1,3,12,,,,N,,,N,,,,,,,,,,,,,,,,,,,,,,0,,,,,,,,,,3,1,0,2,0,0,0,2,0,,,,,,,,
17001109,1,1,N,N,43,5YFBU4EEXDP217270,2013,17,91,173,104,N,78727,3,1,,,,,,,,AVILES & GABES WRECKER SERVICE INC.,AVILES & GABES WRECKER SERVICE INC.,N,,,,,,,,,,,,,,,,,,,,,,20,,,,,,,,,,5,1,0,0,0,1,0,0,0,,,,,,,,
17001109,2,1,N,N,43,4T1BE46KX9U400143,2009,2,91,173,104,N,78734,1,1,,,,,,,,ARMADA TOWING,ARMADA TOWING,N,,,,,,,,,,,,,,,,,,,,,,0,,,,,,,,,,5,1,0,0,0,1,0,0,0,,,,,,,,
17001110,1,1,N,N,102,JTEGD20V550062426,2005,17,91,581,69,N,23120,1,2,2,4,12,,,,N,EZ AUTO AND TOWING SERVICE,EZ AUTO AND TOWING SERVICE,N,,,,,,,,,,,,,,,,,,,,,,44,,,,,,,,,,1,1,0,0,0,1,0,0,0,,,,,,,,
17001110,2,1,N,N,42,1GNSKCE06DR168182,2013,8,107,547,69,N,37079,1,2,6,3,6,,,,N,,,N,,,,,,,,,,,,,,,,,,,,,,0,,,,,,,,,,1,1,0,0,1,1,0,1,0,,,,,,,,
17001111,1,1,N,Y,43,1N6BA07D99N305041,2009,16,71,1397,30,N,78724,1,2,2,3,12,,,,Y,AUS-TEX AUTO ENTERPRISES LLC,AUS-TEX AUTO ENTERPRISES LLC,N,,,,,,,,,,,,,,,,,,,,,,60,,,,,,,,,,6,1,0,0,0,0,1,0,0,,,,,,,,
17001111,2,1,N,Y,113,UNKNOWN,,99,208,763,0,N,,2,,,,,,,,N,,,N,,,,,,,,,,,,,,,,,,,,,,0,,,,,,,,,,6,1,0,0,0,0,1,0,0,,,,,,,,
17001112,1,1,N,N,43,2C3CDXGJ0JH239512,2018,2,109,74,104,N,78249,1,2,2,3,12,,,,Y,620 LAKESIDE TOWING,620 LAKESIDE TOWING,N,,,,,,,,,,,,,,,,,,,,,,20,,,19,,,,,,,3,1,0,0,0,1,0,0,0,,,,,,,,
17001113,1,1,N,N,43,SALCR2BGXGH545023,2016,21,57,613,69,N,78746,1,2,12,3,3,,,,N,FINGER TOWING SERVICE,FINGER TOWING SERVICE,N,,,,,,,,,,,,,,,,,,,,,,,,,37,,,,,,,8,1,0,0,0,1,0,0,0,,,,,,,,
17001113,2,1,N,N,43,JN1BY1PP3JM330531,2018,3,47,3578,104,N,78640,1,2,2,4,12,,,,N,ROCHAS TOWING SERVICE,ROCHAS TOWING SERVICE,N,,,,,,,,,,,,,,,,,,,,,,,,,15,,,,,,,4,1,0,1,0,0,0,1,0,,,,,,,,
17001114,1,1,N,N,43,5J8TB3H34FL019053,2015,21,1,1301,69,N,78744,1,2,3,5,11,,,,,EZ AUTO AND TOWING SERVICE,IMPOUND,N,,,,,,,,,,,,,,,,,,,,,,20,37,,,,,,,,,6,1,0,0,0,1,0,0,0,,,,,,,,
17001114,2,1,N,N,43,WP1AA29P28LA16089,2008,2,76,962,69,N,78702,1,2,3,5,11,,,,,EZ AUTO AND TOWING SERVICE,IMPOUND,N,,,,,,,,,,,,,,,,,,,,,,0,,,,,,,,,,2,1,0,0,0,1,0,0,0,,,,,,,,
17001115,1,1,N,N,43,WAUFFAFL0DN004409,2013,9,8,2148,104,N,78652,1,1,3,2,11,,,,N,EZ AUTO AND TOWING SERVICE,1830 OAK HILL,N,,,,,,,,,,,,,,,,,,,,,,20,,,,,,,,,,6,1,0,0,0,1,0,0,0,,,,,,,,
17001115,2,1,N,N,43,1FADP3K23HL216356,2019,21,37,696,104,N,78751,1,1,3,4,11,,,,N,SPECIAL AUTOMOTIVE SERVICE INC,5526 1/2 W HWY 290,N,,,,,,,,,,,,,,,,,,,,,,0,,,,,,,,,,2,1,1,0,0,0,0,1,0,,,,,,,,
17001116,1,1,N,N,43,KMHD04LB4HU364668,2017,21,45,480,104,N,78640,1,2,1,2,12,,,,,,,N,,,,,,,,,,,,,,,,,,,,,,4,20,,,,,,,,,7,1,0,0,0,1,0,0,0,,,,,,,,
17001116,2,1,N,N,43,1FT7W2B60GEA99880,2016,2,37,2325,105,N,78702,1,7,5,1,6,,,,,,,N,,,,,,,,,,,,,,,,,,,,,,0,,,,,,,,,,7,1,0,0,1,0,0,1,0,,,,,,,,
17001142,1,1,N,N,43,5FNYF3H38FB027880,2015,21,44,761,69,N,76542,1,1,2,1,12,,,,Y,AUS-TEX AUTO ENTERPRISES LLC,AUS-TEX AUTO ENTERPRISES LLC,N,,,,,,,,,,,,,,,,,,,,,,43,,,,,,,,,,3,1,0,0,0,0,1,0,0,,,,,,,,
17001148,1,1,N,N,43,1N4AL11D83C267253,2003,21,71,69,104,N,78759,1,2,4,2,12,,,,N,620 LAKESIDE TOWING,620 LAKESIDE TOWING,N,,,,,,,,,,,,,,,,,,,,,,67,20,,,,,,,,,3,1,0,0,0,2,0,0,0,,,,,,,,
17001148,2,1,N,N,43,5J6RE3H39AL042072,2010,9,44,605,104,N,78759,2,,14,1,3,,,,N,NOT TOWED,NOT TOWED,N,,,,,,,,,,,,,,,,,,,,,,37,,,,,,,,,,7,1,1,0,0,1,0,1,0,,,,,,,,
17001154,1,1,N,N,43,1C6SRFLT7KN694643,2019,9,109,2275,30,N,78641,1,2,1,4,12,,,,Y,ROCHAS TOWING SERVICE,ROCHAS TOWING SERVICE,N,,,,,,,,,,,,,,,,,,,,,,20,,,,,,,,,,7,1,0,0,0,1,0,0,0,,,,,,,,
17001154,2,1,N,N,43,JT6HJ88J5V0178089,1997,10,58,577,69,N,78741,1,2,5,3,6,,,,N,,,N,,,,,,,,,,,,,,,,,,,,,,0,,,,,,,,,,7,1,0,0,1,0,0,1,0,,,,,,,,
17001158,1,1,N,N,15,1FTNX20F81ED35299,2001,21,37,2325,30,N,78133,2,,11,2,9,,,,N,SPECIAL AUTOMOTIVE SERVICE INC,SPECIAL AUTOMOTIVE SERVICE INC,N,,,,,,,,,,,,,,,,,,,,,,74,41,,,,,,,,,5,1,0,0,0,2,0,0,0,,,,,,,,
17001158,2,1,N,N,43,3D6WH4GL8AG102938,2010,21,109,2281,30,N,78719,1,2,2,1,12,,,,N,,,N,,,,,,,,,,,,,,,,,,,,,,0,,,,,,,,,,5,1,0,0,0,1,0,0,0,,,,,,,,
17001163,1,1,N,N,43,1FMFU17L73LA78617,2003,21,37,601,104,N,78660,1,1,2,2,12,,,,Y,,,N,,,,,,,,,,,,,,,,,,,,,,0,,,,,,,,,,5,1,0,0,0,1,0,0,0,,,,,,,,
17001163,2,1,N,N,36,5XYPG4A50KG484373,2019,9,55,767,104,N,75048,1,1,6,2,6,2,1,12,Y,620 LAKESIDE TOWING,620 LAKESIDE TOWING,N,,,,,,,,,,,,,,,,,,,,,,0,,,,,,,,,,5,1,0,0,0,2,0,0,0,,,,,,,,
17001163,3,1,N,N,43,1FM5K7F81KGB26606,2019,9,37,554,104,N,75009,1,1,6,1,6,,,,Y,EZ AUTO AND TOWING SERVICE,EZ AUTO AND TOWING SERVICE,N,,,,,,,,,,,,,,,,,,,,,,0,,,,,,,,,,5,2,0,0,0,1,0,0,0,,,,,,,,
17001164,1,1,N,N,43,4A3AB36F77E083500,2007,17,68,342,104,N,78758,2,,2,3,12,,,,N,,,N,,,,,,,,,,,,,,,,,,,,,,41,,,,,,,,,,1,1,0,0,1,1,0,1,0,,,,,,,,
17001164,2,1,Y,N,43,WVWUK73C18P036700,2008,9,96,473,104,N,78702,1,1,6,2,6,,,,N,,,N,,,,,,,,,,,,,,,,,,,,,,0,,,,,,,,,,1,1,0,0,0,0,0,0,0,,,,,,,,
17001165,1,1,N,N,43,3N1AB7AP9JY267425,2018,3,71,341,104,N,74134,2,,1,4,12,,,,Y,BULLET TOWING,BULLET TOWING,N,,,,,,,,,,,,,,,,,,,,,,23,,,45,,,,,,,2,1,0,0,0,1,0,0,0,,,,,,,,
17001166,1,1,N,N,43,1FTFW1E67DFD18812,2013,17,37,2324,30,N,78653,1,2,2,1,12,,,,N,,,N,,,,,,,,,,,,,,,,,,,,,,0,,,,,,,,,,6,1,0,0,0,1,0,0,0,,,,,,,,
17001166,2,1,N,N,43,2FAFP71W63X148943,2003,21,37,995,104,N,78729,1,2,12,2,3,,,,N,ATX-VIP TOWING SERVICES,ATX-VIP TOWING SERVICES,N,,,,,,,,,,,,,,,,,,,,,,0,,,,,,,,,,8,1,0,0,2,0,0,2,0,,,,,,,,
17001167,1,1,N,N,43,,2014,2,14,842,104,N,78732,1,2,2,4,12,,,,,HARPERS TOWING SERVICE INC,HARPERS TOWING SERVICE INC,N,,,,,,,,,,,,,,,,,,,,,,39,,,,,,,,,,3,1,0,0,0,2,0,0,0,,,,,,,,
17001167,2,1,N,N,43,1HGCG32541A003628,2001,17,44,236,100,N,78737,1,2,3,3,11,,,,N,,,N,,,,,,,,,,,,,,,,,,,,,,0,,,,,,,,,,7,1,0,0,0,1,0,0,0,,,,,,,,
17001168,1,1,N,N,43,1N6DD26T74C430709,2004,9,71,634,30,N,78753,1,2,2,1,12,,,,N,,,N,,,,,,,,,,,,,,,,,,,,,,44,,,,,,,,,,5,1,0,0,0,1,0,0,0,,,,,,,,
17001168,2,1,N,N,43,KMHDN46D25U981139,2005,3,45,480,104,N,78653,2,,5,1,6,,,,N,,,N,,,,,,,,,,,,,,,,,,,,,,0,,,,,,,,,,5,1,0,0,1,0,0,1,0,,,,,,,,
17001169,1,1,N,N,43,KL8CH6SA0JC421837,2018,21,107,2244,104,N,78717,1,1,3,2,11,,,,N,360 TOWING,360 TOWING,N,,,,,,,,,,,,,,,,,,,,,,0,,,,,,,,,,4,1,0,0,0,1,0,0,0,,,,,,,,
17001169,2,1,N,N,43,1GKKRTKD3EJ155891,2014,21,39,894,104,N,78746,1,1,10,1,3,,,,N,RGX TOWING,RGX TOWING,N,,,,,,,,,,,,,,,,,,,,,,0,,,,,,,,,,4,1,0,0,0,2,0,0,0,,,,,,,,
17001170,1,1,N,Y,,,,,,,100,N,,,,,,,,,,,,,N,,,,,,,,,,,,,,,,,,,,,,0,,,,,,,,,,3,1,0,0,0,0,0,0,0,,,,,,,,
17001170,2,1,N,N,43,2T3ZF4DV3AW036247,2010,21,91,581,104,N,78745,1,1,2,4,12,,,,Y,ROCHAS TOWING SERVICE,ROCHAS TOWING SERVICE,N,,,,,,,,,,,,,,,,,,,,,,0,,,,,,,,,,7,1,0,0,0,1,0,0,0,,,,,,,,
17001171,1,1,N,N,43,JHMGD38428S004108,2008,17,44,1083,104,N,78753,1,1,12,2,3,,,,Y,AUS-TEX AUTO ENTERPRISES LLC,AUS-TEX AUTO ENTERPRISES LLC,N,,,,,,,,,,,,,,,,,,,,,,0,,,,,,,,,,7,1,0,0,2,1,0,2,0,,,,,,,,
17001171,2,1,N,N,43,KNADM4A36H6049750,2017,21,55,716,104,N,78550,1,1,11,2,10,,,,Y,ARMADA TOWING,ARMADA TOWING,N,,,,,,,,,,,,,,,,,,,,,,0,,,,,,,,,,3,1,0,0,1,0,0,1,0,,,,,,,,
17001172,1,1,N,N,43,5NPDH4AE5DH181696,2013,21,45,480,104,N,78744,2,,2,3,1,,,,N,DRIVEN FROM SCENE,DRIVEN FROM SCENE,N,,,,,,,,,,,,,,,,,,,,,,37,,,,,,,,,,4,1,0,0,0,1,0,0,0,,,,,,,,
17001172,2,1,N,N,43,2T1KR32E07C625779,2007,2,91,1208,104,N,78723,1,2,2,3,12,,,,Y,AVILES & GABES WRECKER SERVICE INC.,AVILES & GABES WRECKER SERVICE INC.,N,,,,,,,,,,,,,,,,,,,,,,0,,,,,,,,,,8,1,0,0,0,1,0,0,0,,,,,,,,
17001173,1,1,N,N,43,1N4AL21E07N426128,2007,3,71,500,104,N,78751,1,2,4,2,12,,,,,,,N,,,,,,,,,,,,,,,,,,,,,,0,,,,,,,,,,1,1,0,0,0,1,0,0,0,,,,,,,,
17001174,1,1,N,N,43,2T1KR32E07C657146,2007,3,91,1208,104,N,78704,1,1,2,2,12,,,,Y,EZ AUTO AND TOWING SERVICE,EZ AUTO AND TOWING SERVICE,N,,,,,,,,,,,,,,,,,,,,,,35,,,,,,,,,,2,1,0,0,0,1,0,0,0,,,,,,,,
17001174,2,1,N,N,43,JTMZFREV2GJ076371,2016,16,91,581,69,N,78745,1,1,13,2,7,,,,Y,SPECIAL AUTOMOTIVE SERVICE INC,SPECIAL AUTOMOTIVE SERVICE INC,N,,,,,,,,,,,,,,,,,,,,,,0,,,,,,,,,,4,1,0,0,0,1,0,0,0,,,,,,,,
17001174,3,1,N,N,43,1HGCM72666A021130,2006,2,44,236,100,N,78749,1,1,2,1,12,,,,N,,,N,,,,,,,,,,,,,,,,,,,,,,0,,,,,,,,,,6,2,0,0,0,1,0,0,0,,,,,,,,
17001175,1,1,N,N,43,1FTNE2EW9EDA19629,2014,21,37,814,103,N,78748,1,1,8,1,5,,,,N,,,N,,,,,,,,,,,,,,,,,,,,,,0,,,,,,,,,,3,1,0,0,0,1,0,0,0,,,,,,,,
17001175,2,1,N,N,43,1HGCM72657A018236,2007,2,44,236,100,N,78744,1,1,2,1,12,,,,N,,,N,,,,,,,,,,,,,,,,,,,,,,0,,,,,,,,,,3,1,0,0,0,1,0,0,0,,,,,,,,
17001176,1,1,N,N,43,1GCCS19XXTK155208,1996,16,107,2233,30,N,78741,2,,2,3,12,,,,Y,BULLET TOWING,BULLET TOWING,N,,,,,,,,,,,,,,,,,,,,,,,,,19,,,,,,,7,1,0,0,0,2,0,0,0,,,,,,,,
17001176,2,1,N,N,43,5TFAW5F19EX353688,2014,9,91,687,30,N,78721,1,2,3,1,12,2,1,12,N,,,N,,,,,,,,,,,,,,,,,,,,,,0,,,,,,,,,,3,1,0,0,0,4,0,0,0,,,,,,,,
17001178,1,1,N,N,43,WVWHV7AJ2DW075693,2013,21,96,519,104,N,78741,3,1,8,2,4,,,,Y,STARS TOWING,STARS TOWING,N,,,,,,,,,,,,,,,,,,,,,,,,,37,,,,,,,5,1,0,0,0,1,0,0,0,,,,,,,,
17001178,2,1,N,N,33,1G1PE5SB4E7406477,2014,17,107,2209,104,N,78705,3,1,2,2,1,,,,N,NOT TOWED,NOT TOWED,N,,,,,,,,,,,,,,,,,,,,,,0,,,,,,,,,,1,1,0,0,0,1,0,0,0,,,,,,,,
17001179,1,1,N,N,43,5YFBURHE3KP918769,2019,2,91,173,104,N,78660,1,2,4,5,12,,,,Y,EZ AUTO AND TOWING SERVICE,EZ AUTO AND TOWING SERVICE,N,,,,,,,,,,,,,,,,,,,,,,0,,,,,,,,,,3,1,0,0,0,1,0,0,0,,,,,,,,
17001179,2,1,N,N,43,1FM5K8B88DGB45555,2013,2,37,554,104,N,78754,1,2,11,4,9,,,,Y,EZ AUTO AND TOWING SERVICE,EZ AUTO AND TOWING SERVICE,N,,,,,,,,,,,,,,,,,,,,,,0,,,,,,,,,,1,1,0,0,0,1,0,0,0,,,,,,,,
17001180,1,1,N,N,43,2HKRM3H79GH567545,2016,2,44,107,69,N,78744,1,1,2,3,12,,,,N,ARMADA TOWING,ARMADA TOWING,N,,,,,,,,,,,,,,,,,,,,,,20,,,,,,,,,,3,1,0,0,0,1,0,0,0,,,,,,,,
17001180,2,1,N,N,43,1N6BA07A56N544698,2006,3,71,1397,30,N,78744,1,1,,,,,,,N,,,N,,,,,,,,,,,,,,,,,,,,,,0,,,,,,,,,,3,1,0,0,0,1,0,0,0,,,,,,,,
17001181,1,1,N,N,43,1C4NJCEA8FD126386,2015,9,429,983,104,N,78617,1,2,2,0,12,,,,N,,,N,,,,,,,,,,,,,,,,,,,,,,20,,,,,,,,,,2,1,0,0,0,2,0,0,0,,,,,,,,
17001181,2,1,N,N,43,3MZBM1M70GM322166,2016,3,63,1210,104,N,78704,1,2,6,2,6,,,,N,HARPERS TOWING SERVICE INC,HARPERS TOWING SERVICE INC,N,,,,,,,,,,,,,,,,,,,,,,0,,,,,,,,,,2,1,0,0,1,0,0,1,0,,,,,,,,
17001182,1,1,N,N,43,W04GP5EC8B1128617,2011,2,105,34,104,Y,78731,1,1,12,5,2,,,,N,EZ AUTO AND TOWING SERVICE,EZ AUTO AND TOWING SERVICE,N,,,,,,,,,,,,,,,,,,,,,,37,,,,,,,,,,7,1,0,0,0,1,0,0,0,,,,,,,,
17001182,2,1,N,N,43,2FMZA52423BB21841,2003,10,37,555,103,Y,78722,1,1,2,5,12,,,,N,A-TEX TOWING,5526 1/2 W HWY 290,N,,,,,,,,,,,,,,,,,,,,,,0,,,,,,,,,,3,1,0,0,0,1,0,0,0,,,,,,,,
17001182,3,1,N,N,43,1FAHP3K24CL324060,2012,17,37,696,104,N,78746,1,1,2,5,12,,,,N,HARPERS TOWING SERVICE INC,HARPERS TOWING SERVICE INC,N,,,,,,,,,,,,,,,,,,,,,,0,,,,,,,,,,3,2,0,0,0,1,0,0,0,,,,,,,,
17001183,1,1,N,N,43,2T2GK31U68C048479,2008,9,58,1318,69,N,78744,2,,3,0,12,,,,N,,,N,,,,,,,,,,,,,,,,,,,,,,0,,,,,,,,,,1,1,0,0,0,1,0,0,0,,,,,,,,
17001183,2,4,,,,,,,,,,,,,,,,,,,,,,,,,,,,,,,,,,,,,,,,,,,,,0,,,,,,,,,,9,1,0,0,1,0,0,1,0,,,,,,,,
17001183,3,4,,,,,,,,,,,,,,,,,,,,,,,,,,,,,,,,,,,,,,,,,,,,,20,19,,,,,,,,,9,2,0,0,0,0,1,0,0,,,,,,,,
17001222,1,1,N,N,43,1FTFW1EV6AFD66207,2015,17,37,2324,30,N,78644,3,2,16,2,4,,,,N,,,N,,,,,,,,,,,,,,,,,,,,,,20,,,,,,,,,,3,1,0,0,0,1,0,0,0,,,,,,,,
17001222,2,1,N,N,43,3CZRU5H56GM736094,2020,9,44,107,104,N,78744,1,2,11,2,10,,,,N,,,N,,,,,,,,,,,,,,,,,,,,,,0,,,,,,,,,,3,1,0,0,0,1,0,0,0,,,,,,,,
17001223,1,1,N,N,43,1FAHP2MK7EG153503,2014,2,37,376,104,Y,78701,1,1,,,,,,,,,,N,,,,,,,,,,,,,,,,,,,,,,36,,,,,,,,,,1,1,0,0,0,1,0,0,0,,,,,,,,
17001223,2,4,,,,,,,,,,,,,,,,,,,,,,,,,,,,,,,,,,,,,,,,,,,,,0,,,,,,,,,,9,1,0,1,0,0,0,1,0,,,,,,,,
17001224,1,1,N,N,43,JTJHW31U982853059,2008,21,58,1319,104,N,77469,1,1,2,3,12,,,,N,ROCHAS TOWING SERVICE,ROCHAS TOWING SERVICE,N,,,,,,,,,,,,,,,,,,,,,,,,,20,,,,,,,8,1,0,0,0,2,0,0,0,,,,,,,,
17001224,2,1,N,N,43,1FTYR14U14PB49154,2004,16,37,357,104,N,78617,1,1,6,2,6,,,,N,,,N,,,,,,,,,,,,,,,,,,,,,,0,,,,,,,,,,8,1,0,0,0,1,0,0,0,,,,,,,,
17001225,1,1,N,N,43,JTJYARBZ0H2077500,2017,17,58,3884,69,N,78744,1,1,3,3,12,,,,N,EZ AUTO AND TOWING SERVICE,EZ AUTO AND TOWING SERVICE,N,,,,,,,,,,,,,,,,,,,,,,44,,,,,,,,,,7,1,0,0,0,1,0,0,0,,,,,,,,
17001225,2,1,N,N,43,JN8AS58V98W402401,2008,21,71,1310,69,N,78744,1,1,8,2,6,,,,N,,,N,,,,,,,,,,,,,,,,,,,,,,0,,,,,,,,,,7,1,0,0,0,1,0,0,0,,,,,,,,
17001226,1,1,N,N,37,5TDKK3DC3CS195635,2012,17,91,648,103,N,78735,1,2,,,,,,,,,,N,,,,,,,,,,,,,,,,,,,,,,4,20,,,,,,,,,5,2,0,0,0,4,0,0,0,,,,,,,,
17001226,2,1,N,N,43,1HGCP2F39AA168870,2010,11,44,236,104,N,78721,1,2,16,2,3,9,2,9,N,DENVERS TOWING,2000 FERGUSON LN,N,,,,,,,,,,,,,,,,,,,,,,0,,,,,,,,,,5,1,0,0,0,1,0,0,0,,,,,,,,
17001228,1,1,N,N,43,2T3YF4DV2BW081712,2011,17,91,581,104,N,78723,1,2,9,3,9,,,,Y,A-TEX TOWING,5526 1/2 W HWY 290,N,,,,,,,,,,,,,,,,,,,,,,20,34,,,,,,,,,1,1,0,0,0,1,0,0,0,,,,,,,,
17001228,2,1,N,N,43,1FM5K7D8XHGA93116,2017,3,37,554,104,N,32403,1,2,3,2,,,,,N,,,N,,,,,,,,,,,,,,,,,,,,,,0,,,,,,,,,,3,1,0,0,0,1,0,0,0,,,,,,,,
17001229,1,1,N,N,43,5NPE34AFXHH582890,2017,21,45,462,104,N,78753,1,1,4,4,2,,,,,,,N,,,,,,,,,,,,,,,,,,,,,,44,,,,,,,,,,5,1,0,0,0,1,0,0,0,,,,,,,,
17001229,2,1,N,N,43,1FTKR1AD9BPA81340,2011,21,37,357,30,N,78665,1,1,7,3,6,,,,N,,,N,,,,,,,,,,,,,,,,,,,,,,0,,,,,,,,,,5,1,0,0,0,1,0,0,0,,,,,,,,
17001230,1,1,N,N,43,4T1BG22K9YU996655,2000,11,91,380,104,N,78726,1,2,12,2,1,,,,N,,,N,,,,,,,,,,,,,,,,,,,,,,15,,,,,,,,,,1,1,0,0,0,2,0,0,0,,,,,,,,
17001230,2,1,N,N,43,YV449MDK7F2704958,2015,17,98,1468,69,N,78750,1,2,8,3,4,17,3,9,N,ARMADA TOWING,ARMADA TOWING,N,,,,,,,,,,,,,,,,,,,,,,0,,,,,,,,,,3,1,1,0,0,0,0,1,0,,,,,,,,
17001230,3,1,N,N,43,1FTYR44UX4PA90283,2004,9,37,357,30,N,78749,1,2,11,1,11,,,,N,,,N,,,,,,,,,,,,,,,,,,,,,,0,,,,,,,,,,7,2,0,0,0,1,0,0,0,,,,,,,,
17001231,1,1,N,N,43,3N1BC11E19L448489,2009,2,71,1452,104,N,76209,1,2,2,3,12,,,,Y,ATX-VIP TOWING SERVICES,ATX-VIP TOWING SERVICES,N,,,,,,,,,,,,,,,,,,,,,,44,,,,,,,,,,1,1,0,0,1,0,0,1,0,,,,,,,,
17001231,2,1,N,N,43,4T1BF28B8YU053294,2000,18,91,563,104,N,78748,1,2,6,2,6,,,,N,,,N,,,,,,,,,,,,,,,,,,,,,,0,,,,,,,,,,1,1,0,0,0,1,0,0,0,,,,,,,,