Crash_ID,Unit_Nbr,Unit_Desc_ID,Veh_Parked_Fl,Veh_HNR_Fl,Veh_Lic_State_ID,VIN,Veh_Mod_Year,Veh_Color_ID,Veh_Make_ID,Veh_Mod_ID,Veh_Body_Styl_ID,Emer_Respndr_Fl,Ownr_Zip,Fin_Resp_Proof_ID,Fin_Resp_Type_ID,Veh_Dmag_Area_1_ID,Veh_Dmag_Scl_1_ID,Force_Dir_1_ID,Veh_Dmag_Area_2_ID,Veh_Dmag_Scl_2_ID,Force_Dir_2_ID,Veh_Inventoried_Fl,Veh_Transp_Name,Veh_Transp_Dest,Veh_Cmv_Fl,Cmv_Fiveton_Fl,Cmv_Hazmat_Fl,Cmv_Nine_Plus_Pass_Fl,Cmv_Veh_Oper_ID,Cmv_Carrier_ID_Type_ID,Cmv_Carrier_Zip,Cmv_Veh_Type_ID,Cmv_GVWR,Cmv_RGVW,Cmv_Hazmat_Rel_Fl,Hazmat_Cls_1_ID,Hazmat_IDNbr_1_ID,Hazmat_Cls_2_ID,Hazmat_IDNbr_2_ID,Cmv_Cargo_Body_ID,Cmv_Evnt1_ID,Cmv_Evnt2_ID,Cmv_Evnt3_ID,Cmv_Evnt4_ID,Cmv_Tot_Axle,Cmv_Tot_Tire,Contrib_Factr_1_ID,Contrib_Factr_2_ID,Contrib_Factr_3_ID,Contrib_Factr_P1_ID,Contrib_Factr_P2_ID,Veh_Dfct_1_ID,Veh_Dfct_2_ID,Veh_Dfct_3_ID,Veh_Dfct_P1_ID,Veh_Dfct_P2_ID,Veh_Trvl_Dir_ID,First_Harm_Evt_Inv_ID,Sus_Serious_Injry_Cnt,Nonincap_Injry_Cnt,Poss_Injry_Cnt,Non_Injry_Cnt,Unkn_Injry_Cnt,Tot_Injry_Cnt,Death_Cnt,Cmv_Disabling_Damage_Fl,Cmv_Bus_Type_ID,Trlr_GVWR,Trlr_RGVW,Trlr_Type_ID,Trlr_Disabling_Dmag_ID,Cmv_Intermodal_Container_Permit_Fl,CMV_Actual_Gross_Weight
17007482,1,1,N,N,43,1C3CDFCA9DD202508,2013,9,109,78,104,N,78704,1,1,2,3,12,,,,Y,EZ AUTO AND TOWING SERVICE,EZ AUTO AND TOWING SERVICE,N,,,,,,,,,,,,,,,,,,,,,,20,,,,,,,,,,5,1,0,0,0,1,0,0,0,,,,,,,,
17007482,2,1,N,N,43,1C4BJWDG5GL347932,2016,10,429,1464,69,N,54902,1,1,2,3,12,,,,N,EZ AUTO,EZ AUTO,N,,,,,,,,,,,,,,,,,,,,,,0,,,,,,,,,,1,1,0,0,0,1,0,0,0,,,,,,,,
17007484,1,1,N,N,43,1C4RDHDG5KC662966,2019,21,109,635,69,N,,1,1,3,1,11,,,,N,,,N,,,,,,,,,,,,,,,,,,,,,,37,,,,,,,,,,7,1,0,0,0,1,0,0,0,,,,,,,,
17007484,2,1,N,N,43,,2006,3,95,1555,71,N,78640,2,,,,,,,,N,ROCHAS TOWING SERVICE,ROCHAS TOWING SERVICE,N,,,,,,,,,,,,,,,,,,,,,,0,,,,,,,,,,3,1,0,1,0,0,0,1,0,,,,,,,,
17007485,1,1,N,N,43,KMHDH4AEXDU885751,2013,2,45,480,104,N,78757,1,2,2,5,12,,,,Y,HARPERS TOWING SERVICE INC,HARPERS TOWING SERVICE INC,N,,,,,,,,,,,,,,,,,,,,,,0,,,,,,,,,,8,1,0,0,1,0,0,1,0,,,,,,,,
17007485,2,1,N,N,43,5J8TB3H56EL011097,2014,21,1,1301,69,N,78759,1,2,6,5,6,2,2,12,N,HARPERS TOWING SERVICE INC,HARPERS TOWING SERVICE INC,N,,,,,,,,,,,,,,,,,,,,,,0,,,,,,,,,,8,1,0,0,1,0,0,1,0,,,,,,,,
17007485,3,1,N,N,43,2B3CL5CT3BH584871,2011,13,109,74,104,N,78724,1,2,6,4,6,,,,N,,,N,,,,,,,,,,,,,,,,,,,,,,0,,,,,,,,,,8,2,0,0,1,0,0,1,0,,,,,,,,
17007486,1,1,N,N,43,1FTRW12WX4KA75716,2004,9,37,2324,30,N,78744,1,2,4,5,12,29,0,,N,EZ AUTO AND TOWING SERVICE,EZ AUTO AND TOWING SERVICE,N,,,,,,,,,,,,,,,,,,,,,,20,,,60,,,,,,,7,1,0,1,0,3,0,1,0,,,,,,,,
17007486,2,1,Y,N,43,1C4RJFCG4FC846722,2015,2,429,1116,69,N,78704,1,2,7,4,6,,,,N,STARS TOWING,STARS TOWING,N,,,,,,,,,,,,,,,,,,,,,,0,,,,,,,,,,7,1,0,0,0,0,0,0,0,,,,,,,,
17007488,1,1,N,N,43,5N1AN0NUXBC507647,2011,2,71,694,69,N,78759,1,1,2,5,12,,,,Y,SOUTHSIDE WRECKER INC,8200 S. CONGRESS AVE,N,,,,,,,,,,,,,,,,,,,,,,45,,,,,,,,,,5,1,0,2,0,0,0,2,0,,,,,,,,
17007488,2,1,N,N,14,UNK,,21,74,1545,106,N,78652,1,1,,,,,,,N,NOT TOWED,NOT TOWED,N,,,,,,,,,,,,,,,,,,,,,,0,,,,,,,,,,5,1,0,0,0,1,0,0,0,,,,,,,,
17007488,3,6,,,,,,,,,,,78641,,,,,,,,,,,,,,,,,,,,,,,,,,,,,,,,,,45,,,,,,,,,,9,2,0,0,0,0,1,0,0,,,,,,,,
17007489,1,1,N,N,43,KMHTC6AD5EU212817,2014,21,45,2381,100,N,78633,1,2,2,2,12,,,,N,,,N,,,,,,,,,,,,,,,,,,,,,,20,74,,,,,,,,,3,1,0,0,0,1,0,0,0,,,,,,,,
17007489,2,1,N,N,43,KNAFE161185012963,2008,16,55,717,104,N,78731,2,,10,2,3,,,,N,,,N,,,,,,,,,,,,,,,,,,,,,,0,,,,,,,,,,5,1,0,0,0,1,0,0,0,,,,,,,,
17007490,1,1,N,N,43,2HGFB2F52DH543940,2013,9,44,256,104,N,76549,1,2,2,4,12,,,,N,ATX-VIP TOWING SERVICES,ATX-VIP TOWING SERVICES,N,,,,,,,,,,,,,,,,,,,,,,44,,,,,,,,,,2,1,0,0,2,0,0,2,0,,,,,,,,
17007490,2,1,N,N,43,3HGCM56354G708859,2004,21,44,236,104,N,78702,2,2,6,3,6,,,,N,NA,NA,N,,,,,,,,,,,,,,,,,,,,,,0,,,,,,,,,,2,1,0,0,1,0,0,1,0,,,,,,,,
17007495,1,1,N,N,43,1FTRW07L41KB66839,2001,21,37,2324,106,N,78628,1,2,2,3,12,,,,N,STARS TOWING,STARS TOWING,N,,,,,,,,,,,,,,,,,,,,,,22,,,,,,,,,,5,1,0,1,0,0,0,1,0,,,,,,,,
17007495,2,1,N,N,43,ZACCJBCB8JPH10228,2018,9,429,4686,104,N,78722,1,2,6,3,6,2,3,12,N,STARS TOWING,STARS TOWING,N,,,,,,,,,,,,,,,,,,,,,,0,,,,,,,,,,5,1,0,1,0,0,0,1,0,,,,,,,,
17007495,3,1,N,N,43,3D7KS28C07G748529,2007,2,109,2276,106,N,78653,1,2,6,1,6,,,,N,DRIVEN AWAY,DRIVEN AWAY,N,,,,,,,,,,,,,,,,,,,,,,0,,,,,,,,,,5,2,0,0,0,1,1,0,0,,,,,,,,
17007495,4,6,,,,,,,,,,,78653,,,,,,,,,,,,,,,,,,,,,,,,,,,,,,,,,,0,,,,,,,,,,9,2,0,0,0,1,0,0,0,,,,,,,,
17007711,1,1,N,N,43,JM1CW2BL7F0189690,2015,9,63,1211,69,N,78748,1,2,15,6,8,,,,N,SPECIAL AUTOMOTIVE SERVICE INC,SPECIAL AUTOMOTIVE SERVICE INC,N,,,,,,,,,,,,,,,,,,,,,,0,,,,,,,,,,1,1,0,0,3,1,0,3,0,,,,,,,,
17007711,2,1,N,N,43,1GTEC14C29Z241266,2009,3,39,2356,30,N,78613,1,2,1,6,12,,,,N,SPECIAL AUTOMOTIVE SERVICE INC,SPECIAL AUTOMOTIVE SERVICE INC,N,,,,,,,,,,,,,,,,,,,,,,16,,,,,,,,,,3,1,0,0,1,0,0,1,0,,,,,,,,
17007712,1,1,N,N,43,JF2SJAUC2FH540087,2015,3,85,646,69,N,78750,1,2,2,3,12,,,,N,,,N,,,,,,,,,,,,,,,,,,,,,,74,,,48,,,,,,,4,1,0,0,0,1,0,0,0,,,,,,,,
17007712,2,1,N,N,43,1J4FF48S31L603492,2001,2,429,970,69,N,78613,1,2,10,2,3,,,,Y,620 LAKESIDE TOWING,620 LAKESIDE TOWING,N,,,,,,,,,,,,,,,,,,,,,,0,,,,,,,,,,6,1,0,0,0,1,0,0,0,,,,,,,,
17007713,1,1,N,N,43,KMHWF35H33A806739,2003,17,45,462,104,N,78628,2,,2,3,12,,,,N,ROCHAS TOWING SERVICE,ROCHAS TOWING SERVICE,N,,,,,,,,,,,,,,,,,,,,,,0,,,,,,,,,,1,1,0,0,0,2,0,0,0,,,,,,,,
17007713,2,1,N,N,43,5J8TB3H58GL017616,2016,2,1,1301,69,N,78745,1,2,6,2,6,,,,N,,,N,,,,,,,,,,,,,,,,,,,,,,0,,,,,,,,,,1,1,0,0,1,0,0,1,0,,,,,,,,
17007714,1,1,N,N,43,JHMGD38608S039036,2008,3,44,1083,104,N,78751,1,2,4,2,1,,,,N,,,N,,,,,,,,,,,,,,,,,,,,,,,,,20,,,,,,,7,1,0,0,0,1,0,0,0,,,,,,,,
17007714,2,3,,,,,,,,,,,,,,,,,,,,,,,,,,,,,,,,,,,,,,,,,,,,,74,,,,,,,,,,9,1,1,0,0,0,0,1,0,,,,,,,,
17007715,1,1,N,Y,,,,2,,,69,N,,,,,,,,,,,,,N,,,,,,,,,,,,,,,,,,,,,,20,36,37,,,,,,,,7,1,0,0,0,0,1,0,0,,,,,,,,
17007715,2,4,,,,,,,,,,,,,,,,,,,,,,,,,,,,,,,,,,,,,,,,,,,,,0,,,,,,,,,,9,1,0,1,0,0,0,1,0,,,,,,,,
17007812,1,1,N,N,43,JA4AS2AW7BU016277,2011,17,68,775,69,N,78751,1,2,15,1,10,,,,N,,,N,,,,,,,,,,,,,,,,,,,,,,4,,,,,,,,,,1,1,0,0,0,1,0,0,0,,,,,,,,
17007812,2,1,N,N,43,5FNRL5H68FB081103,2015,9,44,571,103,N,78758,1,2,16,1,4,,,,N,,,N,,,,,,,,,,,,,,,,,,,,,,0,,,,,,,,,,1,1,0,0,0,1,0,0,0,,,,,,,,
17008653,1,1,N,N,43,4T1BF1FK4CU171106,2012,9,91,380,104,N,78758,1,2,10,3,3,,,,,TOMMY'S TOWING: 512-300-4133,"5526 W US 290, AUSTIN 78735",N,,,,,,,,,,,,,,,,,,,,,,34,,,,,,,,,,2,1,0,0,1,0,0,1,0,,,,,,,,
17008653,2,1,N,N,43,JTHBK262972042834,2007,21,58,2441,104,N,75044,1,2,2,3,12,,,,,AUS-TEX: 512-836-7443,"200 FARLEY DR, AUSTIN 78753",N,,,,,,,,,,,,,,,,,,,,,,0,,,,,,,,,,8,1,0,0,0,4,0,0,0,,,,,,,,
17009180,1,1,N,N,43,3C63RRGL7GG242787,2016,21,109,2281,30,N,78727,1,1,16,3,3,,,,N,,,N,,,,,,,,,,,,,,,,,,,,,,4,,,,,,,,,,5,1,0,0,0,2,0,0,0,,,,,,,,
17009180,2,1,N,N,43,2FMDK3JC1DBC69727,2013,2,37,711,69,N,78728,1,1,17,5,11,,,,N,DENVERS TOWING: 512-990-2114,"2000 FERGUSON LN, AUSTIN 78754",N,,,,,,,,,,,,,,,,,,,,,,0,,,,,,,,,,5,2,0,0,2,0,0,2,0,,,,,,,,
17010077,1,1,N,N,43,1HGCM56107A164434,2007,17,44,236,104,N,78660,1,2,3,4,11,,,,N,STARS TOWING: 512-379-9107,"15500 CONNIE ST, AUSTIN 78728",N,,,,,,,,,,,,,,,,,,,,,,20,,,,,,,,,,3,1,0,1,0,0,0,1,0,,,,,,,,
17010077,2,1,N,N,43,1FTRX12W74NA53345,2004,18,37,2324,30,N,78660,1,2,11,3,10,,,,N,AVILES WRECKER: 512-517-0625,"2311 W HOWARD LN, AUSTIN 78728",N,,,,,,,,,,,,,,,,,,,,,,0,,,,,,,,,,7,1,0,0,1,1,0,1,0,,,,,,,,
17012325,1,1,N,N,43,YV440MDK7F2687783,2015,21,98,1468,69,N,78723,1,2,2,3,12,,,,N,,,N,,,,,,,,,,,,,,,,,,,,,,22,,,,,,,,,,5,1,0,0,1,0,0,1,0,,,,,,,,
17012325,2,1,N,N,43,2FABP7BV3BX171731,2011,3,37,995,105,N,78701,4,,6,3,6,,,,N,,,N,,,,,,,,,,,,,,,,,,,,,,0,,,,,,,,,,5,1,0,0,0,1,0,0,0,,,,,,,,
17012325,3,7,N,N,38,1G1ZJ57B294174028,2009,3,107,56,104,N,78762,1,2,,,,,,,N,,,N,,,,,,,,,,,,,,,,,,,,,,66,,,,,,,,,,5,2,0,0,0,1,0,0,0,,,,,,,,
17012330,1,1,N,N,43,5VCACDVF2FH219751,2016,3,10,1504,106,N,78725,1,7,7,1,7,,,,N,,,N,,,,,,,,,,,,,,,,,,,,,,3,,,,,,,,,,8,1,0,0,0,1,0,0,0,,,,,,,,
17012330,2,1,N,N,43,1GCHK23U01F154942,2001,18,107,2202,30,N,78731,1,1,1,1,12,,,,N,,,N,,,,,,,,,,,,,,,,,,,,,,0,,,,,,,,,,6,1,0,0,0,1,0,0,0,,,,,,,,
17012486,1,1,N,N,43,1N4AL3AP5DC131976,2013,2,71,500,104,N,78721,1,1,11,4,9,,,,Y,ARMADA,ARMADA,N,,,,,,,,,,,,,,,,,,,,,,34,,,,,,,,,,7,1,0,1,1,0,0,2,0,,,,,,,,
17012486,2,1,N,N,43,2FTRF17294CA03691,2004,3,37,2324,30,N,78634,1,1,2,5,12,,,,Y,ROCHAS,ROCHAS,N,,,,,,,,,,,,,,,,,,,,,,0,,,,,,,,,,1,1,0,0,1,0,0,1,0,,,,,,,,
17012487,1,1,N,N,43,1FMCU03138KE00815,2008,21,37,711,69,N,,1,2,,3,,,,,N,A-TEX TOWING,A-TEX TOWING,N,,,,,,,,,,,,,,,,,,,,,,20,34,,,,,,,,,4,1,0,0,0,1,0,0,0,,,,,,,,
17012487,2,1,N,N,43,1HGCR2F89GA042474,2016,9,44,236,104,N,78757,1,2,4,3,,,,,N,DENVERS TOWING,DENVERS TOWING,N,,,,,,,,,,,,,,,,,,,,,,0,,,,,,,,,,6,1,0,0,0,1,0,0,0,,,,,,,,
17012488,1,1,N,N,43,ZFBERFAB6H6E13151,2017,21,710,4105,103,N,78640,1,1,2,3,,,,,N,ARMADA TOWING,"100 QUAIP MEADOW DR , KYLE TX 78640",N,,,,,,,,,,,,,,,,,,,,,,44,,,,,,,,,,7,1,0,0,1,0,0,1,0,,,,,,,,
17012488,2,1,N,N,43,1GCWGAFF9G1159045,2016,21,107,731,106,N,63132,1,1,6,3,6,,,,N,DRVEN BY DRIVER,DRIVEN BY DRIVER,N,,,,,,,,,,,,,,,,,,,,,,0,,,,,,,,,,7,1,0,0,0,1,0,0,0,,,,,,,,
17012489,1,1,N,N,43,WMWZC3C57FWT05408,2015,16,115,742,100,N,78704,1,2,2,3,12,,,,Y,SPECIAL AUTOMOTIVE SERVICE INC,SPECIAL AUTOMOTIVE SERVICE INC,N,,,,,,,,,,,,,,,,,,,,,,19,,,,,,,,,,1,1,0,0,1,0,1,1,0,,,,,,,,
17012489,2,1,N,N,43,5TDYK3EH0CS054560,2012,3,91,721,104,N,78737,1,2,6,1,6,,,,N,,,N,,,,,,,,,,,,,,,,,,,,,,0,,,,,,,,,,1,1,0,0,0,3,0,0,0,,,,,,,,
17012490,1,1,N,N,43,2B3CJ7DW3AH145999,2010,17,109,74,100,N,78747,1,1,2,6,12,,,,N,SPECIAL AUTOMOTIVE SERVICE INC,311 W WILLIAM CANNON DR.,N,,,,,,,,,,,,,,,,,,,,,,0,,,,,,,,,,3,1,0,0,0,1,0,0,0,,,,,,,,
17012490,2,1,N,N,43,WDDNG71X67A128078,2007,17,65,118,104,N,78745,1,1,8,4,7,,,,N,EZ AUTO AND TOWING SERVICE,EZ AUTO AND TOWING SERVICE,N,,,,,,,,,,,,,,,,,,,,,,0,,,,,,,,,,3,1,0,1,0,2,0,1,0,,,,,,,,
17012490,3,1,N,N,43,WBANW13569C160071,2009,17,14,862,104,N,78640,1,1,3,4,11,,,,N,,,N,,,,,,,,,,,,,,,,,,,,,,0,,,,,,,,,,3,2,0,0,0,2,0,0,0,,,,,,,,
17012491,1,1,N,N,43,JHLRD2847XC016299,1999,3,44,605,104,N,78744,1,2,2,3,12,,,,N,AVILES & GABES WRECKER SERVICE INC.,AVILES & GABES WRECKER SERVICE INC.,N,,,,,,,,,,,,,,,,,,,,,,20,16,29,,,,,,,,6,1,0,0,0,1,0,0,0,,,,,,,,
17012491,2,1,N,N,43,1FMCU02Z95KE31246,2005,16,37,711,104,N,78724,1,2,18,6,3,17,6,9,N,620 LAKESIDE TOWING,620 LAKESIDE TOWING,N,,,,,,,,,,,,,,,,,,,,,,0,,,,,,,,,,8,1,1,0,0,1,0,1,0,,,,,,,,
17012491,3,1,N,N,43,1G1PE5SB8E7133091,2014,2,107,2209,104,N,78758,1,2,7,2,5,,,,N,,,N,,,,,,,,,,,,,,,,,,,,,,0,,,,,,,,,,8,2,0,0,0,2,0,0,0,,,,,,,,
17012492,1,1,N,N,43,WDCGG8HB5AF295555,2010,3,65,1113,69,N,78744,1,2,4,5,1,,,,N,,,N,,,,,,,,,,,,,,,,,,,,,,20,,,,,,,,,,1,1,0,0,0,4,0,0,0,,,,,,,,
17012492,2,1,N,N,43,5XXGN4A70FG496931,2015,2,55,715,104,N,78745,1,1,12,7,2,,,,N,SOUTHSIDE WRECKER INC,8200 S. CONGRESS AVE,N,,,,,,,,,,,,,,,,,,,,,,0,,,,,,,,,,3,1,0,0,0,1,0,0,0,,,,,,,,
17012493,1,1,N,N,43,2FTRX17W23CA96004,2003,10,37,101,30,N,78744,1,1,2,6,12,,,,,SPECIAL AUTOMOTIVE SERVICE INC,SPECIAL AUTOMOTIVE SERVICE INC,N,,,,,,,,,,,,,,,,,,,,,,0,,,,,,,,,,6,1,0,1,0,0,0,1,0,,,,,,,,
17012494,1,1,N,N,43,1FTDX1764VKD56797,1997,21,37,2324,30,N,78726,1,2,8,2,6,,,,N,,,N,,,,,,,,,,,,,,,,,,,,,,0,,,,,,,,,,5,1,0,0,0,1,0,0,0,,,,,,,,
17012495,1,1,N,N,43,YV4CY592861284579,2006,21,98,781,104,N,78741,1,1,3,2,11,,,,N,,,N,,,,,,,,,,,,,,,,,,,,,,37,,,,,,,,,,2,1,0,0,0,1,0,0,0,,,,,,,,
17012495,2,1,N,N,43,1J4FA49S84P729938,2004,10,429,1464,104,N,78653,1,1,3,1,11,,,,N,,,N,,,,,,,,,,,,,,,,,,,,,,37,,,,,,,,,,6,1,0,0,0,1,0,0,0,,,,,,,,
17012497,1,1,N,N,43,1HGCM56796A027169,2006,17,44,236,104,N,75025,1,2,2,2,12,,,,N,,,N,,,,,,,,,,,,,,,,,,,,,,0,,,,,,,,,,1,1,0,0,0,1,0,0,0,,,,,,,,
17012497,2,1,N,N,43,3VW267AJ3GM344157,2016,2,96,316,104,N,78666,1,2,2,5,12,6,2,6,N,AUS-TEX AUTO ENTERPRISES LLC,AUS-TEX AUTO ENTERPRISES LLC,N,,,,,,,,,,,,,,,,,,,,,,0,,,,,,,,,,1,1,0,0,0,1,0,0,0,,,,,,,,
17012497,3,1,N,N,43,2T2ZZMCAXKC120451,2019,17,58,1318,69,N,75150,1,2,6,3,6,,,,N,,,N,,,,,,,,,,,,,,,,,,,,,,0,,,,,,,,,,1,2,0,2,0,0,0,2,0,,,,,,,,
17012498,1,1,N,N,43,4T1BG22K0WU297749,1998,11,91,380,104,N,78613,1,1,2,3,12,,,,N,PRONTO WRECKER SERVICE NORTH,PRONTO WRECKER SERVICE NORTH,N,,,,,,,,,,,,,,,,,,,,,,,,,44,,,,,,,2,1,0,0,0,1,0,0,0,,,,,,,,
17012498,2,1,N,N,43,2FMPK3J89JBC16360,2018,17,37,1035,104,N,97015,1,7,6,3,6,,,,N,STARS TOWING,STARS TOWING,N,,,,,,,,,,,,,,,,,,,,,,0,,,,,,,,,,2,1,0,0,0,1,0,0,0,,,,,,,,
17012499,1,1,N,N,43,1FAHP3F22CL381965,2012,2,37,696,104,N,78642,1,1,12,2,2,,,,Y,SPECIAL AUTOMOTIVE SERVICE INC,SPECIAL AUTOMOTIVE SERVICE INC,N,,,,,,,,,,,,,,,,,,,,,,,,,20,,,,,,,5,1,0,0,0,1,0,0,0,,,,,,,,
17012499,2,1,N,N,43,1D7RV1CT9BS566983,2011,17,109,2275,30,N,76501,1,1,,,,,,,N,,,N,,,,,,,,,,,,,,,,,,,,,,,,,20,,,,,,,1,1,0,0,0,0,1,0,0,,,,,,,,
17012500,1,1,N,N,43,3KPFL4A79HE049107,2017,3,55,1093,104,N,78704,1,2,4,2,12,,,,N,,,N,,,,,,,,,,,,,,,,,,,,,,,,,74,,,,,,,5,1,0,0,0,4,0,0,0,,,,,,,,
17012500,2,1,N,N,43,5YFBURHE6JP767151,2018,21,91,173,104,N,78704,1,2,14,4,3,,,,N,STARS TOWING,STARS TOWING,N,,,,,,,,,,,,,,,,,,,,,,0,,,,,,,,,,7,1,0,0,0,1,0,0,0,,,,,,,,
17012501,1,1,N,N,43,1GCRCREAXDZ162515,2013,9,107,658,30,N,78753,1,2,11,4,10,,,,Y,620 LAKESIDE TOWING,620 LAKESIDE TOWING,N,,,,,,,,,,,,,,,,,,,,,,34,,,,,,,,,,8,1,0,0,0,1,0,0,0,,,,,,,,
17012501,2,1,N,N,43,KNDJT2A61C7458183,2012,2,55,1357,104,N,75006,1,2,2,4,12,,,,Y,SPECIAL AUTOMOTIVE SERVICE INC,SPECIAL AUTOMOTIVE SERVICE INC,N,,,,,,,,,,,,,,,,,,,,,,0,,,,,,,,,,2,1,0,0,1,0,0,1,0,,,,,,,,
17012502,1,1,N,N,43,1HGFA165X8L003855,2008,2,44,256,104,N,,1,1,7,2,9,8,2,3,N,SPECIAL AUTOMOTIVE SERVICE INC,2201 MONTOPOLIS DR,N,,,,,,,,,,,,,,,,,,,,,,,,,20,,,,,,,11,1,0,0,0,1,0,0,0,,,,,,,,
17012502,2,1,N,N,43,1GCDC14Z1RZ127808,1994,16,107,60,100,N,78744,1,1,2,2,12,,,,N,,,N,,,,,,,,,,,,,,,,,,,,,,0,,,,,,,,,,11,1,0,0,0,1,0,0,0,,,,,,,,
17012503,1,1,N,N,43,JTEHD20V456043254,2005,3,91,581,69,N,78748,1,2,2,4,12,,,,Y,SOUTHSIDE WRECKER INC,SOUTHSIDE,N,,,,,,,,,,,,,,,,,,,,,,37,45,,,,,,,,,1,1,0,0,0,2,0,0,0,,,,,,,,
17012503,2,1,N,N,43,3N1BC13E59L413791,2009,2,71,1452,104,N,78741,1,2,2,4,12,,,,Y,SPECIAL AUTOMOTIVE SERVICE INC,SPECIAL AUTOMOTIVE SERVICE INC,N,,,,,,,,,,,,,,,,,,,,,,0,,,,,,,,,,5,1,0,1,0,0,0,1,0,,,,,,,,
17012504,1,1,N,N,43,1FMCU03128KD21619,2008,17,37,711,104,N,78610,1,2,2,6,12,,,,Y,ROCHAS TOWING SERVICE,ROCHAS TOWING SERVICE,N,,,,,,,,,,,,,,,,,,,,,,0,,,,,,,,,,1,1,0,0,0,1,0,0,0,,,,,,,,
17012504,2,1,N,N,43,5NPEU46F17H243455,2007,21,45,462,104,N,78602,1,2,6,6,6,,,,N,,,N,,,,,,,,,,,,,,,,,,,,,,0,,,,,,,,,,1,1,0,0,0,3,0,0,0,,,,,,,,
17012505,1,1,N,N,43,1GCPCPEX8AZ171984,2010,17,107,658,104,N,78620,1,2,10,3,3,,,,N,,,N,,,,,,,,,,,,,,,,,,,,,,0,,,,,,,,,,3,1,0,0,0,1,0,0,0,,,,,,,,
17012505,2,1,N,N,43,WDDHF2EB3DA733964,2013,17,65,674,104,N,78733,1,2,2,3,12,,,,N,EZ AUTO AND TOWING SERVICE,EZ AUTO AND TOWING SERVICE,N,,,,,,,,,,,,,,,,,,,,,,0,,,,,,,,,,1,1,0,0,0,1,0,0,0,,,,,,,,
17012506,1,1,N,N,43,4T1BE32KX5U633384,2005,9,91,178,104,N,78724,1,1,2,5,12,6,5,6,N,DENVERS TOWING,DENVERS TOWING,N,,,,,,,,,,,,,,,,,,,,,,0,,,,,,,,,,3,1,0,0,0,1,0,0,0,,,,,,,,
17012507,1,1,N,N,43,1HGCR2F51FA175847,2015,9,44,236,104,N,78747,1,2,3,2,12,,,,N,FINGER TOWING SERVICE,601 E BEN WHITE,N,,,,,,,,,,,,,,,,,,,,,,44,,,,,,,,,,1,1,0,0,0,4,0,0,0,,,,,,,,
17012507,2,1,N,N,43,1J4HA6H18BL519714,2011,2,429,3653,104,N,78703,1,2,5,1,6,,,,N,DRIVER DROVE FROM SCENE,,N,,,,,,,,,,,,,,,,,,,,,,0,,,,,,,,,,1,1,0,0,0,2,0,0,0,,,,,,,,
17012508,1,1,N,N,40,5NPD84LF9JH316387,2004,9,45,480,104,N,78724,1,1,4,3,3,12,3,2,Y,AVILES & GABES WRECKER SERVICE INC.,AVILES & GABES WRECKER SERVICE INC.,N,,,,,,,,,,,,,,,,,,,,,,,,,33,,,,,,,7,1,0,1,0,0,0,1,0,,,,,,,,
17012508,2,1,N,N,43,KNADN4A32D6114343,2013,21,55,716,104,N,78660,1,1,2,4,12,,,,Y,969 TOWING,969 TOWING,N,,,,,,,,,,,,,,,,,,,,,,,,,16,,,,,,,3,1,0,0,0,1,0,0,0,,,,,,,,
17012509,1,1,N,N,43,2CNDL63F556202662,2005,21,107,1048,69,N,78758,1,1,7,3,7,,,,,,,N,,,,,,,,,,,,,,,,,,,,,,0,,,,,,,,,,11,1,0,1,0,0,0,1,0,,,,,,,,
17012509,2,1,N,N,43,1HGCP36868A027069,2008,17,44,236,104,N,78660,1,1,4,2,2,,,,,,,N,,,,,,,,,,,,,,,,,,,,,,0,,,,,,,,,,11,1,0,0,0,5,0,0,0,,,,,,,,
17013116,1,1,N,N,43,JA3AJ26E95U009357,2005,2,68,744,104,N,78653,2,,12,6,2,11,3,11,Y,AVILES,"13350 OLD KIMBRO RD, MANOR,TX, 78653",N,,,,,,,,,,,,,,,,,,,,,,43,22,,,,,,,,,4,1,0,0,0,1,0,0,0,,,,,,,,
17013116,2,1,N,N,43,1XPTDU9X0BD126474,2011,21,74,4033,87,N,74045,1,2,,,,,,,N,,,Y,Y,N,N,1,2,74045,9,61340,0,N,,,,,3,13,,,,,,0,,,,,,,,,,4,2,0,0,0,1,0,0,0,N,0,,,,,N,
17013116,3,6,,,,,,,,,,,78589,,,,,,,,,,,,,,,,,,,,,,,,,,,,,,,,,,0,,,,,,,,,,9,2,0,0,0,0,0,0,0,,,0,80000,2,N,,
17014022,1,1,N,N,43,1G1AL15F677342738,2007,3,107,978,100,N,78749,1,2,7,3,6,,,,N,HARPERS TOWING SERVICE INC,HARPERS TOWING SERVICE INC,N,,,,,,,,,,,,,,,,,,,,,,22,,,,,,,,,,1,1,0,0,0,1,0,0,0,,,,,,,,
17014023,1,1,N,N,43,1C6RR7LM3F3671283,2015,21,109,2275,30,N,78613,1,2,2,2,12,,,,N,,,N,,,,,,,,,,,,,,,,,,,,,,0,,,,,,,,,,7,1,0,0,0,1,0,0,0,,,,,,,,
17014023,2,1,N,N,43,YV1AX885XH1752819,1987,21,98,185,104,N,78751,1,2,10,3,4,,,,N,AVILES & GABES WRECKER SERVICE INC.,AVILES & GABES WRECKER SERVICE INC.,N,,,,,,,,,,,,,,,,,,,,,,0,,,,,,,,,,1,1,0,0,1,1,0,1,0,,,,,,,,