Crash_ID,Unit_Nbr,Unit_Desc_ID,Veh_Parked_Fl,Veh_HNR_Fl,Veh_Lic_State_ID,VIN,Veh_Mod_Year,Veh_Color_ID,Veh_Make_ID,Veh_Mod_ID,Veh_Body_Styl_ID,Emer_Respndr_Fl,Ownr_Zip,Fin_Resp_Proof_ID,Fin_Resp_Type_ID,Veh_Dmag_Area_1_ID,Veh_Dmag_Scl_1_ID,Force_Dir_1_ID,Veh_Dmag_Area_2_ID,Veh_Dmag_Scl_2_ID,Force_Dir_2_ID,Veh_Inventoried_Fl,Veh_Transp_Name,Veh_Transp_Dest,Veh_Cmv_Fl,Cmv_Fiveton_Fl,Cmv_Hazmat_Fl,Cmv_Nine_Plus_Pass_Fl,Cmv_Veh_Oper_ID,Cmv_Carrier_ID_Type_ID,Cmv_Carrier_Zip,Cmv_Veh_Type_ID,Cmv_GVWR,Cmv_RGVW,Cmv_Hazmat_Rel_Fl,Hazmat_Cls_1_ID,Hazmat_IDNbr_1_ID,Hazmat_Cls_2_ID,Hazmat_IDNbr_2_ID,Cmv_Cargo_Body_ID,Cmv_Evnt1_ID,Cmv_Evnt2_ID,Cmv_Evnt3_ID,Cmv_Evnt4_ID,Cmv_Tot_Axle,Cmv_Tot_Tire,Contrib_Factr_1_ID,Contrib_Factr_2_ID,Contrib_Factr_3_ID,Contrib_Factr_P1_ID,Contrib_Factr_P2_ID,Veh_Dfct_1_ID,Veh_Dfct_2_ID,Veh_Dfct_3_ID,Veh_Dfct_P1_ID,Veh_Dfct_P2_ID,Veh_Trvl_Dir_ID,First_Harm_Evt_Inv_ID,Sus_Serious_Injry_Cnt,Nonincap_Injry_Cnt,Poss_Injry_Cnt,Non_Injry_Cnt,Unkn_Injry_Cnt,Tot_Injry_Cnt,Death_Cnt,Cmv_Disabling_Damage_Fl,Cmv_Bus_Type_ID,Trlr_GVWR,Trlr_RGVW,Trlr_Type_ID,Trlr_Disabling_Dmag_ID,Cmv_Intermodal_Container_Permit_Fl,CMV_Actual_Gross_Weight
17014025,1,1,N,N,43,1FAHP34N87W299014,2007,9,37,696,104,N,77584,1,2,6,4,6,2,3,12,Y,SPECIAL AUTOMOTIVE SERVICE INC,SPECIAL AUTOMOTIVE SERVICE INC,N,,,,,,,,,,,,,,,,,,,,,,0,,,,,,,,,,4,1,0,0,0,1,0,0,0,,,,,,,,
17014026,1,1,N,N,43,2HGFB2F59FH530475,2015,9,44,256,104,N,78735,1,2,3,5,12,,,,N,A-TEX TOWING,IMPOUND,N,,,,,,,,,,,,,,,,,,,,,,34,,,,,,,,,,1,1,0,0,0,1,0,0,0,,,,,,,,
17014026,2,1,N,N,43,1GT120CG9BF235794,2011,21,39,556,30,N,78736,1,2,4,2,12,,,,N,,,N,,,,,,,,,,,,,,,,,,,,,,0,,,,,,,,,,3,1,0,0,1,0,0,1,0,,,,,,,,
17014027,1,1,N,N,43,JTEBU5JR9F5255597,2015,21,91,395,69,N,78723,1,2,3,5,11,,,,N,K & S TOWING,K & S TOWING,N,,,,,,,,,,,,,,,,,,,,,,22,,,,,,,,,,7,1,0,0,0,1,0,0,0,,,,,,,,
17014027,2,1,N,N,43,2T3ZF4DV6BW076257,2011,17,91,581,69,N,76706,1,2,7,3,6,16,2,4,N,,,N,,,,,,,,,,,,,,,,,,,,,,0,,,,,,,,,,7,1,0,0,0,0,1,0,0,,,,,,,,
17014027,3,1,N,N,43,1HGCP36868A088857,2008,17,44,236,104,N,75019,1,2,8,1,4,,,,N,,,N,,,,,,,,,,,,,,,,,,,,,,0,,,,,,,,,,7,2,0,0,0,1,0,0,0,,,,,,,,
17014027,4,1,N,N,43,5UXFA13576LY45602,2006,10,14,689,69,N,78250,1,2,2,5,12,,,,N,K & S TOWING,K & S TOWING,N,,,,,,,,,,,,,,,,,,,,,,22,,,,,,,,,,7,2,0,0,0,1,0,0,0,,,,,,,,
17014027,5,1,N,N,43,1C4BJWDG9EL104718,2014,2,429,1464,104,N,77584,1,2,6,2,6,3,1,10,N,,,N,,,,,,,,,,,,,,,,,,,,,,0,,,,,,,,,,7,2,0,0,0,0,1,0,0,,,,,,,,
17014028,1,1,N,Y,43,5N1AA08B45N731043,2005,9,71,784,104,N,78641,1,1,2,5,11,,,,Y,STARS TOWING,STARS TOWING,N,,,,,,,,,,,,,,,,,,,,,,0,,,,,,,,,,5,1,0,1,0,0,0,1,0,,,,,,,,
17014028,2,1,N,Y,113,,,99,,,0,N,,,,,,,,,,N,,,N,,,,,,,,,,,,,,,,,,,,,,0,,,,,,,,,,1,1,0,0,0,0,1,0,0,,,,,,,,
17014029,1,1,N,N,43,2HKYF18593H545418,2003,21,44,761,104,N,78750,1,1,1,1,12,9,1,9,Y,ROCHAS TOWING SERVICE,ROCHAS TOWING SERVICE,N,,,,,,,,,,,,,,,,,,,,,,22,20,,,,,,,,,5,1,0,0,0,0,1,0,0,,,,,,,,
17014030,1,1,N,N,43,2HGFG126X8H570934,2008,2,44,107,104,N,78723,1,2,2,5,12,,,,Y,STARS TOWING,STARS TOWING,N,,,,,,,,,,,,,,,,,,,,,,44,,,,,,,,,,1,1,0,0,0,1,0,0,0,,,,,,,,
17014030,2,1,N,N,43,2GNALDEK1C6304955,2012,5,107,1048,104,N,78745,1,2,6,3,6,,,,N,,,N,,,,,,,,,,,,,,,,,,,,,,0,,,,,,,,,,1,1,0,0,0,3,0,0,0,,,,,,,,
17014031,1,1,N,N,43,4T1BG22K31U771301,2001,8,91,380,104,N,78741,2,,15,4,9,,,,N,ROCHAS TOWING SERVICE,ROCHAS TOWING SERVICE,N,,,,,,,,,,,,,,,,,,,,,,15,,,,,,,,,,5,1,0,0,0,1,0,0,0,,,,,,,,
17014031,2,1,N,N,43,1HGCS2B89CA011858,2012,21,44,236,100,N,98125,1,1,2,2,12,,,,N,,,N,,,,,,,,,,,,,,,,,,,,,,0,,,,,,,,,,7,1,0,0,0,1,0,0,0,,,,,,,,
17014032,1,1,N,N,43,2C4RDGCG1KR612035,2019,9,109,1115,103,N,78664,1,2,15,2,11,,,,N,,,N,,,,,,,,,,,,,,,,,,,,,,66,,,20,19,,,,,,2,1,0,0,0,1,0,0,0,,,,,,,,
17014032,2,1,N,N,43,1FDUF5GY3EEB69346,2014,21,37,865,106,N,78744,1,2,14,2,3,,,,N,,,N,,,,,,,,,,,,,,,,,,,,,,0,,,,,,,,,,2,1,0,0,0,1,0,0,0,,,,,,,,
17014033,1,1,N,N,43,5FNRL5H97FB080602,2015,17,44,571,103,N,78704,1,1,2,2,1,,,,N,,,N,,,,,,,,,,,,,,,,,,,,,,20,,,,,,,,,,1,1,0,0,0,1,0,0,0,,,,,,,,
17014033,2,1,Y,N,43,3VWCF21C7YM424216,2000,3,96,1257,100,N,78704,1,1,7,3,7,,,,N,,,N,,,,,,,,,,,,,,,,,,,,,,0,,,,,,,,,,1,1,0,0,0,0,0,0,0,,,,,,,,
17014034,1,1,N,N,43,5NPDH4AE6DH374231,2013,2,45,480,104,N,78753,2,,4,1,1,,,,N,,,N,,,,,,,,,,,,,,,,,,,,,,20,34,36,,,,,,,,2,1,0,0,0,1,0,0,0,,,,,,,,
17014034,2,4,,,,,,,,,,,,,,,,,,,,,,,,,,,,,,,,,,,,,,,,,,,,,22,,,,,,,,,,9,1,0,1,0,0,0,1,0,,,,,,,,
17014035,1,1,N,N,43,1G4GH5E36CF222997,2012,1,105,1175,104,N,78724,1,2,2,3,12,,,,N,,,N,,,,,,,,,,,,,,,,,,,,,,0,,,,,,,,,,4,1,0,0,1,0,0,1,0,,,,,,,,
17014035,2,1,N,N,10,5TDZA22C84S139531,2004,17,91,648,103,N,78741,1,1,9,3,9,,,,N,,,N,,,,,,,,,,,,,,,,,,,,,,0,,,,,,,,,,2,1,0,0,1,0,0,1,0,,,,,,,,
17014036,1,1,N,N,43,1HGCR2F54FA138274,2015,2,44,236,104,N,78756,1,2,2,1,12,,,,N,,,N,,,,,,,,,,,,,,,,,,,,,,22,,,,,,,,,,3,1,0,0,0,1,0,0,0,,,,,,,,
17014036,2,1,N,N,43,1N4AL3AP9EN216714,2014,18,71,500,104,N,78703,1,2,6,2,6,,,,N,,,N,,,,,,,,,,,,,,,,,,,,,,0,,,,,,,,,,3,1,0,1,0,1,0,1,0,,,,,,,,
17014039,1,1,N,N,43,1GB3CYCY4JF172247,2018,21,107,4735,106,N,78701,1,1,4,0,1,,0,,N,NOT TOWED,NOT TOWED,N,,,,,,,,,,,,,,,,,,,,,,66,28,,20,36,12,,,,,7,1,0,0,0,1,0,0,0,,,,,,,,
17014039,2,3,,,,,,,,,,,,,,,,,,,,,,,,,,,,,,,,,,,,,,,,,,,,,60,,,,,,,,,,9,1,0,1,0,0,0,1,0,,,,,,,,
17014092,1,1,N,Y,43,,1940,99,208,763,0,N,,2,,,,,,,,N,,,N,,,,,,,,,,,,,,,,,,,,,,23,,,,,,,,,,5,1,0,0,0,1,0,0,0,,,,,,,,
17014092,2,1,N,N,43,KL5JJ56Z66K291885,2006,21,88,1091,104,N,78757,1,2,3,3,11,13,2,8,Y,ATX-VIP TOWING SERVICES,ATX-VIP TOWING SERVICES,N,,,,,,,,,,,,,,,,,,,,,,0,,,,,,,,,,5,1,0,0,0,1,0,0,0,,,,,,,,
17014093,1,1,N,N,43,5XXGM4A77FG481376,2015,3,55,715,104,N,78213,2,,4,3,12,,,,Y,AUS-TEX AUTO ENTERPRISES LLC,AUS-TEX AUTO ENTERPRISES LLC,N,,,,,,,,,,,,,,,,,,,,,,0,,,,,,,,,,7,1,0,0,0,1,0,0,0,,,,,,,,
17014093,2,1,Y,N,43,3FADP4EJ7EM122046,2014,16,37,229,104,N,78745,1,2,13,3,6,,,,Y,EZ AUTO AND TOWING SERVICE,EZ AUTO AND TOWING SERVICE,N,,,,,,,,,,,,,,,,,,,,,,0,,,,,,,,,,7,1,0,0,0,0,0,0,0,,,,,,,,
17014094,1,1,N,N,43,4V4NC9TG6AN291588,2010,21,98,185,87,N,78223,1,2,4,0,3,,,,N,,,Y,Y,N,N,1,2,78203,9,65000,0,N,,,,,15,13,,,,,,23,,,,,,,,,,5,1,0,0,0,1,0,0,0,N,0,,,,,N,
17014094,2,6,,,,,,,,,,,78223,,,,,,,,,,,,,,,,,,,,,,,,,,,,,,,,,,0,,,,,,,,,,9,2,0,0,0,0,0,0,0,,,0,65000,2,N,,
17014094,3,1,N,N,43,1Y1SK5282XZ413459,1999,21,107,1279,104,N,76574,1,2,3,3,9,,,,N,,,N,,,,,,,,,,,,,,,,,,,,,,0,,,,,,,,,,5,1,0,0,0,1,0,0,0,,,,,,,,
17014095,1,1,N,N,43,1FTFW1CV0AFC50858,2010,3,37,2324,30,N,78724,1,2,5,1,6,,,,N,,,N,,,,,,,,,,,,,,,,,,,,,,4,,,19,,,,,,,1,1,0,0,0,1,0,0,0,,,,,,,,
17014095,2,1,N,N,43,1N6BA06B35N521915,2005,17,71,1397,30,N,78641,1,2,2,2,12,,,,N,,,N,,,,,,,,,,,,,,,,,,,,,,0,,,,,,,,,,1,1,0,0,0,1,0,0,0,,,,,,,,
17014097,1,1,N,N,43,4T1BF3EK4BU596398,2011,21,91,380,104,N,78628,1,1,4,3,11,,,,N,AVILES & GABES WRECKER SERVICE INC.,AVILES & GABES WRECKER SERVICE INC.,N,,,,,,,,,,,,,,,,,,,,,,22,,,20,,,,,,,1,1,0,0,0,1,0,0,0,,,,,,,,
17014097,2,1,N,N,43,5N1AT2MT4HC851400,2017,21,71,1310,69,N,78640,1,1,7,3,5,,,,N,EZ AUTO AND TOWING SERVICE,EZ AUTO AND TOWING SERVICE,N,,,,,,,,,,,,,,,,,,,,,,0,,,,,,,,,,1,1,0,0,1,0,0,1,0,,,,,,,,
17014100,1,1,N,N,43,4T4BE46K58R014069,2008,3,91,178,104,N,78741,1,1,2,1,12,,,,,,,N,,,,,,,,,,,,,,,,,,,,,,44,,,22,,,,,,,5,1,0,0,0,1,0,0,0,,,,,,,,
17014100,2,1,N,N,43,1G1PE5SB5G7202192,2016,2,107,2209,104,N,78617,1,1,6,0,6,2,0,12,N,,,N,,,,,,,,,,,,,,,,,,,,,,0,,,,,,,,,,5,1,0,1,0,0,0,1,0,,,,,,,,
17014100,3,1,N,N,43,2HGFG4A51FH704723,2015,3,44,256,104,N,78749,1,1,6,0,6,,,,N,,,N,,,,,,,,,,,,,,,,,,,,,,0,,,,,,,,,,5,2,0,0,0,1,0,0,0,,,,,,,,
17014101,1,1,N,N,43,1GKKRNED3FJ239864,2015,2,39,894,69,N,78745,2,,16,2,3,,,,N,,,N,,,,,,,,,,,,,,,,,,,,,,,,,20,34,,,,,,5,1,0,0,0,1,0,0,0,,,,,,,,
17014101,2,3,,,,,,,,,,,,,,,,,,,,,,,,,,,,,,,,,,,,,,,,,,,,,0,,,,,,,,,,9,1,0,0,1,0,0,1,0,,,,,,,,
17014103,1,1,N,N,43,1D7HA16K45J568452,2005,3,109,2275,30,N,78745,1,1,3,3,12,15,3,8,N,HARPERS TOWING SERVICE INC,,N,,,,,,,,,,,,,,,,,,,,,,74,,,,,,,,,,1,1,0,1,0,0,0,1,0,,,,,,,,
17014103,2,1,N,N,43,JTMRJREV0HD098836,2017,9,91,581,69,N,78748,1,1,13,2,9,,,,N,,,N,,,,,,,,,,,,,,,,,,,,,,0,,,,,,,,,,1,1,0,0,0,1,0,0,0,,,,,,,,
17014104,1,1,N,N,43,JH4CL96906C020964,2006,17,1,1430,104,N,78748,1,1,2,6,12,,,,N,BULLET TOWING,BULLET TOWING,N,,,,,,,,,,,,,,,,,,,,,,0,,,,,,,,,,1,1,0,0,0,1,0,0,0,,,,,,,,
17014104,2,1,N,N,43,2GCEC13V561320440,2006,2,107,2202,30,N,78681,1,1,15,6,9,,,,N,,,N,,,,,,,,,,,,,,,,,,,,,,0,,,,,,,,,,7,1,0,0,0,2,0,0,0,,,,,,,,
17014106,1,1,N,N,43,JTDBR32E230008937,2003,21,91,173,104,N,78613,1,1,13,5,,,,,Y,FINGER TOWING SERVICE,FINGER TOWING SERVICE,N,,,,,,,,,,,,,,,,,,,,,,45,,,,,,,,,,6,1,0,0,0,1,0,0,0,,,,,,,,
17014106,2,1,N,N,43,2T3ZFREV1HW347018,2017,9,91,581,104,N,75019,1,1,4,4,12,,,,N,620 LAKESIDE TOWING,620 LAKESIDE TOWING,N,,,,,,,,,,,,,,,,,,,,,,0,,,,,,,,,,5,1,0,0,0,1,0,0,0,,,,,,,,
17014107,1,1,N,Y,,,,,,,0,N,,,,,,,,,,,,,N,,,,,,,,,,,,,,,,,,,,,,3,,,,,,,,,,5,1,0,0,0,0,1,0,0,,,,,,,,
17014107,2,1,N,N,43,2T2GK31UX9C064735,2009,2,58,2446,69,N,78726,1,1,6,2,12,,,,N,,,N,,,,,,,,,,,,,,,,,,,,,,0,,,,,,,,,,1,1,0,0,1,0,0,1,0,,,,,,,,
17014108,1,1,N,Y,113,,,,,,0,N,,,,,,,,,,,,,N,,,,,,,,,,,,,,,,,,,,,,20,,,,,,,,,,5,1,0,0,0,0,1,0,0,,,,,,,,
17014108,2,3,,,,,,,,,,,,,,,,,,,,,,,,,,,,,,,,,,,,,,,,,,,,,0,,,,,,,,,,9,1,0,0,1,0,0,1,0,,,,,,,,
17014109,1,1,N,N,43,1G6DM56T550185127,2005,21,106,728,104,N,78702,1,1,2,3,12,,,,N,,,N,,,,,,,,,,,,,,,,,,,,,,0,,,,,,,,,,3,1,0,0,0,1,0,0,0,,,,,,,,
17014110,1,1,N,N,43,1J4GL48K43W688972,2013,9,429,1181,69,N,77320,1,1,10,4,3,,,,N,AVILES & GABES WRECKER SERVICE INC.,AVILES & GABES WRECKER SERVICE INC.,N,,,,,,,,,,,,,,,,,,,,,,0,,,,,,,,,,5,1,0,0,0,1,0,0,0,,,,,,,,
17014110,2,1,N,N,43,1FUJBBCK56LU74839,2006,3,38,1524,92,N,78586,1,2,11,3,9,,,,N,,,N,,,,,,,,,,,,,,,,,,,,,,0,,,,,,,,,,5,1,0,0,0,1,0,0,0,,,,,,,,
17014110,3,6,,,,,,,,,,,67846,,,,,,,,,,,,,,,,,,,,,,,,,,,,,,,,,,0,,,,,,,,,,9,2,0,0,0,0,0,0,0,,,,,,,,
17014111,1,1,N,N,43,JT8BD69S230179648,2003,3,58,1127,104,N,78613,1,1,8,3,5,,,,N,,,N,,,,,,,,,,,,,,,,,,,,,,0,,,,,,,,,,5,1,0,0,1,0,0,1,0,,,,,,,,
17014111,2,1,N,N,43,2CNALDEC1B6316020,2011,5,107,1048,69,N,78660,1,1,4,4,12,,,,N,EZ AUTO AND TOWING SERVICE,EZ AUTO AND TOWING SERVICE,N,,,,,,,,,,,,,,,,,,,,,,0,,,,,,,,,,5,1,0,0,0,1,0,0,0,,,,,,,,
17014112,1,1,N,N,43,1FTRX17292NB03276,2002,2,37,2324,30,N,78748,1,2,4,3,2,,,,N,,,N,,,,,,,,,,,,,,,,,,,,,,4,44,,,,,,,,,7,1,0,0,0,1,0,0,0,,,,,,,,
17014112,2,1,N,N,43,1G11D5RR5DF104356,2013,16,107,56,104,N,78616,2,,3,4,12,,,,N,,,N,,,,,,,,,,,,,,,,,,,,,,0,,,,,,,,,,7,1,0,0,0,1,0,0,0,,,,,,,,
17014112,3,1,N,N,43,JN8AS5MV5AW131123,2010,17,71,1310,69,N,78652,1,2,6,4,5,,,,N,,,N,,,,,,,,,,,,,,,,,,,,,,0,,,,,,,,,,7,2,0,0,1,0,0,1,0,,,,,,,,
17014114,1,1,N,N,43,3HAMMAAL4CL538143,2012,22,48,3586,103,N,78218,2,,4,1,2,,,,N,EZ AUTO AND TOWING SERVICE,,N,,,,,,,,,,,,,,,,,,,,,,4,,,,,,,,,,3,1,0,0,0,1,0,0,0,,,,,,,,
17014114,2,1,N,N,43,2T1KU4EE5AC399973,2010,3,91,1208,104,N,78653,1,2,13,2,8,,,,N,,,N,,,,,,,,,,,,,,,,,,,,,,0,,,,,,,,,,3,1,0,0,0,1,0,0,0,,,,,,,,
17014115,1,1,N,N,43,1FM5K7D85DGC60363,2013,2,37,554,104,N,,1,1,4,5,2,,,,Y,AVILES & GABES WRECKER SERVICE INC.,AVILES & GABES WRECKER SERVICE INC.,N,,,,,,,,,,,,,,,,,,,,,,0,,,,,,,,,,4,1,0,0,1,0,0,1,0,,,,,,,,
17014115,2,1,N,N,43,2FABP42F4FX220352,1985,21,37,93,104,N,78758,1,1,2,5,12,,,,Y,STARS TOWING,STARS TOWING,N,,,,,,,,,,,,,,,,,,,,,,0,,,,,,,,,,8,1,0,1,0,0,0,1,0,,,,,,,,
17014121,1,1,N,N,43,3N1AB7AP9EY315172,2014,9,71,341,104,N,78753,1,1,12,1,1,,,,N,,,N,,,,,,,,,,,,,,,,,,,,,,20,,,,,12,,,,,8,1,0,0,1,1,1,1,0,,,,,,,,
17014121,2,1,N,N,43,JTHBK1GG0D2070621,2013,16,58,1052,104,N,78628,1,1,3,1,1,,,,N,,,N,,,,,,,,,,,,,,,,,,,,,,22,,,,,12,,,,,6,1,0,0,0,1,0,0,0,,,,,,,,
17014121,3,1,N,N,6,1J8HS58P89C535903,2009,3,429,1116,69,N,78729,1,1,4,1,1,,,,N,AVILES & GABES WRECKER SERVICE INC.,AVILES & GABES WRECKER SERVICE INC.,N,,,,,,,,,,,,,,,,,,,,,,74,,,,,12,,,,,4,2,0,0,0,1,0,0,0,,,,,,,,
17014121,4,4,,,,,,,,,,,,,,,,,,,,,,,,,,,,,,,,,,,,,,,,,,,,,0,,,,,,,,,,9,2,0,0,0,0,1,0,0,,,,,,,,
17014122,1,1,N,N,43,1G1PC5SB5F7269864,2015,10,107,2209,104,N,78729,1,2,2,3,12,,,,N,FINGER TOWING SERVICE,OWNERS RESIDENCE/REQUEST,N,,,,,,,,,,,,,,,,,,,,,,44,22,,,,,,,,,1,1,0,0,0,1,0,0,0,,,,,,,,
17014122,2,1,N,N,43,5J6RM3H74EL028088,2014,11,44,605,69,N,78727,1,2,6,2,6,2,2,12,N,,,N,,,,,,,,,,,,,,,,,,,,,,0,,,,,,,,,,1,1,0,0,1,0,0,1,0,,,,,,,,
17014122,3,1,N,N,43,1FM5K7F89DGC60668,2013,21,37,554,69,N,78750,1,2,6,2,6,,,,N,,,N,,,,,,,,,,,,,,,,,,,,,,0,,,,,,,,,,1,2,0,0,1,0,0,1,0,,,,,,,,
17014124,1,1,N,N,43,1G1AL55F767604076,2006,21,107,978,104,N,78758,2,,15,4,9,8,1,5,Y,AVILES & GABES WRECKER SERVICE INC.,AVILES & GABES WRECKER SERVICE INC.,N,,,,,,,,,,,,,,,,,,,,,,,,,67,,,,,,,1,1,0,0,0,1,0,0,0,,,,,,,,
17014124,2,1,N,N,43,4T1BK1FK1DU527086,2013,16,91,380,104,N,78664,1,2,13,1,8,,,,Y,AUSTEX,AUSTEX,N,,,,,,,,,,,,,,,,,,,,,,0,,,,,,,,,,1,1,0,0,0,1,0,0,0,,,,,,,,
17014162,1,1,N,N,43,3MZBN1K74JM211384,2018,2,63,3917,104,N,78728,1,1,15,1,9,,,,N,AVILES & GABES WRECKER SERVICE INC.,AVILES & GABES WRECKER SERVICE INC.,N,,,,,,,,,,,,,,,,,,,,,,15,,,74,,12,,,,,8,1,0,0,1,0,0,1,0,,,,,,,,
17014162,2,1,N,N,43,5TFJU4GN9CX021653,2012,21,91,629,30,N,78751,1,1,1,1,12,,,,N,STARS TOWING,STARS TOWING,N,,,,,,,,,,,,,,,,,,,,,,22,,,74,,12,,,,,2,1,0,0,0,1,0,0,0,,,,,,,,
17014162,3,1,N,N,43,VNKKTUD3XGA069012,2016,21,91,1477,100,N,78759,1,1,6,1,6,,,,N,STARS TOWING,STARS TOWING,N,,,,,,,,,,,,,,,,,,,,,,20,,,74,,12,,,12,,2,2,0,0,0,1,0,0,0,,,,,,,,
17014163,1,1,N,N,43,KNDJN2A26J7895259,2018,2,55,1357,104,N,78745,2,,6,1,6,,,,Y,SOUTHSIDE WRECKER INC,,N,,,,,,,,,,,,,,,,,,,,,,67,,,,,,,,,,8,1,0,0,0,1,0,0,0,,,,,,,,
17014163,2,1,Y,N,22,2G1WT58K079405658,2007,99,107,53,104,N,48808,2,,6,1,6,,,,N,,,N,,,,,,,,,,,,,,,,,,,,,,0,,,,,,,,,,8,1,0,0,0,0,0,0,0,,,,,,,,
17014165,1,1,N,N,43,5FNRL180X4B029330,2004,16,44,571,104,N,78616,1,1,2,1,12,,,,,,,N,,,,,,,,,,,,,,,,,,,,,,44,,,,,,,,,,3,1,0,0,0,1,0,0,0,,,,,,,,
17014165,2,1,N,N,43,3KPFK4A77HE103135,2017,2,55,1093,104,N,78640,1,1,6,2,6,,,,Y,EZ AUTO AND TOWING SERVICE,EZ AUTO AND TOWING SERVICE,N,,,,,,,,,,,,,,,,,,,,,,0,,,,,,,,,,3,1,0,0,0,1,0,0,0,,,,,,,,
17014166,1,1,N,N,43,1GCRCNEHXJZ333281,2018,21,107,2236,30,N,63132,1,1,11,2,10,,,,N,,,N,,,,,,,,,,,,,,,,,,,,,,0,,,,,,,,,,1,1,0,0,0,4,0,0,0,,,,,,,,
17014166,2,1,N,N,43,1HGCR2F3XDA279894,2013,21,44,236,104,N,78653,1,1,12,2,3,,,,N,,,N,,,,,,,,,,,,,,,,,,,,,,0,,,,,,,,,,1,1,0,1,0,0,0,1,0,,,,,,,,
17014167,1,1,N,N,43,3C4PDCBG6CT231376,2012,9,109,1166,69,N,78745,1,2,2,3,11,,,,N,,,N,,,,,,,,,,,,,,,,,,,,,,20,,,23,,,,,,,1,1,0,0,0,2,0,0,0,,,,,,,,
17014167,2,1,N,N,43,19XFB2F84EE071231,2014,2,44,256,104,N,78745,1,2,3,4,11,,,,N,EZ AUTO AND TOWING SERVICE,1830 OAK HILL LN,N,,,,,,,,,,,,,,,,,,,,,,0,,,,,,,,,,5,1,0,0,0,1,0,0,0,,,,,,,,
17014168,1,1,N,N,43,KNADM4A36F6453550,2015,21,55,716,104,N,77060,1,1,2,3,,,,,N,EZ AUTO AND TOWING SERVICE,EZ AUTO AND TOWING SERVICE,N,,,,,,,,,,,,,,,,,,,,,,44,22,,,,,,,,,1,1,0,0,0,4,0,0,0,,,,,,,,
17014168,2,1,N,N,43,1GC4K1EY8JF138836,2018,2,107,2238,30,N,78130,1,1,6,2,6,,,,N,DRIVEN BY OWNER,DRIVEN BY OWNER,N,,,,,,,,,,,,,,,,,,,,,,0,,,,,,,,,,1,1,0,0,0,1,0,0,0,,,,,,,,
17014169,1,1,N,N,43,1N4AL2AP2CC122791,2012,3,71,500,104,N,78758,1,2,1,6,12,,,,N,ROCHAS TOWING SERVICE,ROCHAS TOWING SERVICE,N,,,,,,,,,,,,,,,,,,,,,,22,,,,,,,,,,2,1,0,1,0,0,0,1,0,,,,,,,,
17014170,1,1,N,N,43,JF2GPABC5G8228905,2016,17,85,2555,104,N,78735,1,2,2,4,12,,,,N,ARMADA TOWING,ARMADA TOWING,N,,,,,,,,,,,,,,,,,,,,,,0,,,,,,,,,,6,1,0,0,0,1,0,0,0,,,,,,,,
17014170,2,1,N,N,43,3GYFNDE33FS571693,2015,5,106,1373,104,N,76504,1,2,6,4,6,,,,N,620 LAKESIDE TOWING,620 LAKESIDE TOWING,N,,,,,,,,,,,,,,,,,,,,,,0,,,,,,,,,,6,1,0,0,0,2,0,0,0,,,,,,,,
17014172,1,1,N,N,43,3N1AB7AP1KY328154,2019,2,71,341,104,N,78704,2,,4,4,1,,,,Y,SOUTHSIDE WRECKER INC,SOUTHSIDE,N,,,,,,,,,,,,,,,,,,,,,,0,,,,,,,,,,5,1,0,1,0,0,0,1,0,,,,,,,,
17014172,2,1,N,N,13,2G1WL52M9V1192344,1997,5,107,60,30,N,62707,1,2,8,2,5,,,,N,,,N,,,,,,,,,,,,,,,,,,,,,,0,,,,,,,,,,5,1,0,0,0,1,0,0,0,,,,,,,,
17014174,1,1,N,N,43,KMHD84LF1JU702920,2018,2,45,480,104,N,78758,1,2,2,4,12,,,,Y,AUS-TEX AUTO ENTERPRISES LLC,AUS-TEX AUTO ENTERPRISES LLC,N,,,,,,,,,,,,,,,,,,,,,,0,,,,,,,,,,7,1,0,0,0,1,0,0,0,,,,,,,,
17014174,2,1,N,N,43,JHLRE48567C108361,2007,3,44,605,104,N,78613,1,2,7,1,7,,,,N,,,N,,,,,,,,,,,,,,,,,,,,,,0,,,,,,,,,,7,1,0,0,0,1,0,0,0,,,,,,,,
17014186,1,1,N,N,43,1J4GW48S42C125492,2002,3,429,3653,104,N,78724,1,1,12,1,3,,,,N,,,N,,,,,,,,,,,,,,,,,,,,,,27,,,,,,,,,,1,1,0,0,0,1,0,0,0,,,,,,,,
17014186,2,1,N,N,43,1HGCP2F36AA195069,2010,17,44,107,104,N,78653,1,1,2,4,10,,,,N,,,N,,,,,,,,,,,,,,,,,,,,,,0,,,,,,,,,,1,1,0,0,0,1,0,0,0,,,,,,,,
17014191,1,1,N,N,43,KMHCT4AE6GU095961,2016,9,45,557,104,N,76309,1,1,2,2,12,,,,N,N/A,N/A,N,,,,,,,,,,,,,,,,,,,,,,58,,,,,,,,,,1,1,0,0,0,1,0,0,0,,,,,,,,
17014191,2,1,N,N,43,5NPET46C89H561388,2009,9,45,480,104,N,78759,1,1,12,4,3,,,,N,AUS-TEX AUTO ENTERPRISES LLC,YARD,N,,,,,,,,,,,,,,,,,,,,,,0,,,,,,,,,,5,1,0,1,0,0,0,1,0,,,,,,,,
17014193,1,1,N,N,43,3GNEC13T62G230849,2002,2,107,730,30,N,78552,1,1,13,2,9,,,,N,NONE,NONE,N,,,,,,,,,,,,,,,,,,,,,,0,,,,,,,,,,7,1,0,0,1,0,0,1,0,,,,,,,,