Crash_ID,Unit_Nbr,Unit_Desc_ID,Veh_Parked_Fl,Veh_HNR_Fl,Veh_Lic_State_ID,VIN,Veh_Mod_Year,Veh_Color_ID,Veh_Make_ID,Veh_Mod_ID,Veh_Body_Styl_ID,Emer_Respndr_Fl,Ownr_Zip,Fin_Resp_Proof_ID,Fin_Resp_Type_ID,Veh_Dmag_Area_1_ID,Veh_Dmag_Scl_1_ID,Force_Dir_1_ID,Veh_Dmag_Area_2_ID,Veh_Dmag_Scl_2_ID,Force_Dir_2_ID,Veh_Inventoried_Fl,Veh_Transp_Name,Veh_Transp_Dest,Veh_Cmv_Fl,Cmv_Fiveton_Fl,Cmv_Hazmat_Fl,Cmv_Nine_Plus_Pass_Fl,Cmv_Veh_Oper_ID,Cmv_Carrier_ID_Type_ID,Cmv_Carrier_Zip,Cmv_Veh_Type_ID,Cmv_GVWR,Cmv_RGVW,Cmv_Hazmat_Rel_Fl,Hazmat_Cls_1_ID,Hazmat_IDNbr_1_ID,Hazmat_Cls_2_ID,Hazmat_IDNbr_2_ID,Cmv_Cargo_Body_ID,Cmv_Evnt1_ID,Cmv_Evnt2_ID,Cmv_Evnt3_ID,Cmv_Evnt4_ID,Cmv_Tot_Axle,Cmv_Tot_Tire,Contrib_Factr_1_ID,Contrib_Factr_2_ID,Contrib_Factr_3_ID,Contrib_Factr_P1_ID,Contrib_Factr_P2_ID,Veh_Dfct_1_ID,Veh_Dfct_2_ID,Veh_Dfct_3_ID,Veh_Dfct_P1_ID,Veh_Dfct_P2_ID,Veh_Trvl_Dir_ID,First_Harm_Evt_Inv_ID,Sus_Serious_Injry_Cnt,Nonincap_Injry_Cnt,Poss_Injry_Cnt,Non_Injry_Cnt,Unkn_Injry_Cnt,Tot_Injry_Cnt,Death_Cnt,Cmv_Disabling_Damage_Fl,Cmv_Bus_Type_ID,Trlr_GVWR,Trlr_RGVW,Trlr_Type_ID,Trlr_Disabling_Dmag_ID,Cmv_Intermodal_Container_Permit_Fl,CMV_Actual_Gross_Weight
17014193,2,1,N,N,43,3VWDP7AJ9CM387160,2012,2,96,316,104,N,78616,1,1,2,4,12,,,,N,STARS TOWING,STARS TOWING,N,,,,,,,,,,,,,,,,,,,,,,0,,,,,,,,,,1,1,0,1,0,0,0,1,0,,,,,,,,
17014194,1,1,N,Y,43,1G6CD53B5P4205749,1993,2,106,36,104,N,78702,1,2,8,1,4,,,,N,NOT TOWED,NOT TOWED,N,,,,,,,,,,,,,,,,,,,,,,0,,,,,,,,,,1,1,0,0,1,0,0,1,0,,,,,,,,
17014194,2,1,N,N,,,,,208,763,0,N,,2,,,,,,,,,,,N,,,,,,,,,,,,,,,,,,,,,,16,,,,,,,,,,7,1,0,0,0,0,0,0,0,,,,,,,,
17014195,1,1,N,N,43,JTEZT14R830002222,2003,21,91,395,104,N,78660,1,1,4,2,1,,,,N,,,N,,,,,,,,,,,,,,,,,,,,,,0,,,,,,,,,,3,1,0,0,0,1,0,0,0,,,,,,,,
17014195,2,1,N,N,43,3N1AB7AP6JY339391,2018,2,71,341,104,N,77064,1,1,2,5,1,,,,N,BULLET TOWING,BULLET TOWING,N,,,,,,,,,,,,,,,,,,,,,,0,,,,,,,,,,5,1,0,0,0,1,0,0,0,,,,,,,,
17014198,1,1,N,N,43,1FM5K8AR6FGB91852,2015,2,37,554,105,Y,78702,1,7,4,1,2,,,,N,NOT TOWED,NOT TOWED,N,,,,,,,,,,,,,,,,,,,,,,0,,,,,,,,,,2,1,0,0,0,1,0,0,0,,,,,,,,
17014199,1,1,N,N,43,1FMCU03194KA42047,2004,16,37,711,104,N,78612,1,2,2,1,12,,,,N,,,N,,,,,,,,,,,,,,,,,,,,,,74,,,,,,,,,,8,1,0,0,0,1,1,0,0,,,,,,,,
17014199,2,1,N,N,43,5FNRL5H64CB060938,2012,9,44,571,104,N,78723,1,2,7,4,6,,,,N,,,N,,,,,,,,,,,,,,,,,,,,,,0,,,,,,,,,,8,1,0,1,0,1,0,1,0,,,,,,,,
17014200,1,1,N,N,43,3N1AB61E37L724602,2007,21,71,341,104,N,78724,1,2,3,1,,,,,N,,,N,,,,,,,,,,,,,,,,,,,,,,20,,,,,,,,,,5,1,0,0,0,1,0,0,0,,,,,,,,
17014200,2,3,,,,,,,,,,,,,,,,,,,,,,,,,,,,,,,,,,,,,,,,,,,,,0,,,,,,,,,,9,1,0,0,1,0,0,1,0,,,,,,,,
17014201,1,1,N,N,43,3VW2K7AJ0CM404482,2012,21,96,316,104,N,78660,1,2,2,3,12,,,,N,STARS TOWING,STARS TOWING,N,,,,,,,,,,,,,,,,,,,,,,0,,,,,,,,,,5,1,0,0,1,1,0,1,0,,,,,,,,
17014201,2,1,N,N,43,5TDZK3EH4DS142114,2013,21,91,721,69,N,78704,1,2,11,3,9,,,,N,,,N,,,,,,,,,,,,,,,,,,,,,,37,,,,,,,,,,3,1,0,0,0,1,0,0,0,,,,,,,,
17014202,1,1,N,N,43,4A4AP3AU6DE023142,2013,17,68,2497,69,N,75002,1,2,11,4,,,,,N,STARS TOWING,STARS TOWING,N,,,,,,,,,,,,,,,,,,,,,,39,,,,,,,,,,7,1,0,0,0,1,0,0,0,,,,,,,,
17014202,2,1,N,N,43,1FADP3F22DL153450,2013,9,37,696,104,N,77511,1,2,12,3,5,,,,N,EZ AUTO AND TOWING SERVICE,EZ AUTO AND TOWING SERVICE,N,,,,,,,,,,,,,,,,,,,,,,0,,,,,,,,,,7,1,0,0,0,1,0,0,0,,,,,,,,
17014203,1,1,N,N,43,1G4HP54K414241198,2001,5,105,29,104,N,78621,2,,2,6,1,8,1,5,Y,EZ AUTO AND TOWING SERVICE,EZ AUTO AND TOWING SERVICE,N,,,,,,,,,,,,,,,,,,,,,,22,,,,,,,,,,2,1,0,0,1,0,0,1,0,,,,,,,,
17014203,2,1,N,N,43,1C6RR6FT6ES154037,2014,17,710,4100,30,N,78724,1,2,15,1,9,,,,Y,ROCHAS TOWING SERVICE,ROCHAS TOWING SERVICE,N,,,,,,,,,,,,,,,,,,,,,,0,,,,,,,,,,2,1,0,1,0,0,0,1,0,,,,,,,,
17014203,3,1,N,N,43,KNDJP3A57G7260571,2016,21,55,1357,104,N,78957,2,,6,3,6,,,,Y,SPECIAL AUTOMOTIVE SERVICE INC,SPECIAL AUTOMOTIVE SERVICE INC,N,,,,,,,,,,,,,,,,,,,,,,0,,,,,,,,,,2,2,0,1,0,0,0,1,0,,,,,,,,
17014203,4,1,N,N,43,3MZBM1U76GM327050,2016,9,63,1210,104,N,78653,1,2,8,2,5,4,1,2,Y,SPECIAL AUTOMOTIVE SERVICE INC,SPECIAL AUTOMOTIVE SERVICE INC,N,,,,,,,,,,,,,,,,,,,,,,0,,,,,,,,,,2,2,0,0,0,1,0,0,0,,,,,,,,
17014203,5,1,N,N,43,WMWLU5C59K2G03994,2019,9,115,742,104,N,78729,1,2,8,3,5,,,,Y,SPECIAL AUTOMOTIVE SERVICE INC,SPECIAL AUTOMOTIVE SERVICE INC,N,,,,,,,,,,,,,,,,,,,,,,0,,,,,,,,,,2,2,0,0,0,1,0,0,0,,,,,,,,
17014203,6,1,N,N,43,19XFB2F59EE023343,2014,2,44,256,104,N,79912,1,2,7,2,7,,,,Y,SPECIAL AUTOMOTIVE SERVICE INC,SPECIAL AUTOMOTIVE SERVICE INC,N,,,,,,,,,,,,,,,,,,,,,,0,,,,,,,,,,2,2,0,0,0,1,0,0,0,,,,,,,,
17014204,1,1,N,N,43,2FMDK3KC5EBB75043,2014,2,37,1035,104,N,78257,1,2,11,2,11,,,,Y,K & S TOWING,K & S TOWING,N,,,,,,,,,,,,,,,,,,,,,,0,,,,,,,,,,7,1,0,0,0,1,0,0,0,,,,,,,,
17014205,1,1,N,N,43,1YVHZ8CB3A5M08026,2010,3,63,870,104,N,78744,1,1,2,5,3,,,,N,ARMADA TOWING,RESIDENCE,N,,,,,,,,,,,,,,,,,,,,,,60,,,,,,,,,,4,1,0,0,0,2,0,0,0,,,,,,,,
17014205,2,1,N,N,43,3GTP1UEC1EG395489,2014,2,39,3080,30,N,78744,1,1,7,1,6,,,,N,,,N,,,,,,,,,,,,,,,,,,,,,,0,,,,,,,,,,4,2,0,0,0,1,0,0,0,,,,,,,,
17014206,1,1,N,N,43,KNDJN2A25J7582946,2018,2,55,1357,104,Y,78610,1,1,7,3,7,,,,N,ATX-VIP TOWING SERVICES,ATX-VIP TOWING SERVICES,N,,,,,,,,,,,,,,,,,,,,,,,,,26,,,,,,,5,1,0,0,0,2,0,0,0,,,,,,,,
17014206,2,1,N,N,43,JA32U2FU0HU004457,2017,17,68,744,104,N,78640,2,,4,3,2,,,,Y,LAMONT & SONS,LAMONT & SONS,N,,,,,,,,,,,,,,,,,,,,,,,,,60,,,,,,,5,1,0,1,0,0,0,1,0,,,,,,,,
17014244,1,1,N,Y,43,1FT7W2BTXBEB24119,2011,9,37,2325,30,N,78653,1,2,,,,,,,,,,N,,,,,,,,,,,,,,,,,,,,,,,,,20,,,,,,,5,1,0,0,0,0,1,0,0,,,,,,,,
17014244,2,1,Y,N,43,2B3KA53T69H620094,2009,2,109,74,104,N,78634,1,2,11,2,9,,,,,,,N,,,,,,,,,,,,,,,,,,,,,,0,,,,,,,,,,5,1,0,0,0,0,0,0,0,,,,,,,,
17014245,1,1,N,N,43,1GCEC14X85Z217602,2005,2,107,60,30,N,76573,1,1,8,3,6,,,,N,,,N,,,,,,,,,,,,,,,,,,,,,,0,,,,,,,,,,3,1,0,0,0,1,0,0,0,,,,,,,,
17014245,2,1,N,N,43,5N1AN08W87C507134,2007,2,71,694,69,N,78754,1,1,4,4,12,,,,N,ROCHAS TOWING SERVICE,ROCHAS TOWING SERVICE,N,,,,,,,,,,,,,,,,,,,,,,0,,,,,,,,,,7,1,0,0,1,0,0,1,0,,,,,,,,
17014246,1,1,N,N,43,2GNALCEK1E6216520,2014,17,107,1048,104,N,78504,1,2,2,4,1,,,,N,620 LAKESIDE TOWING,620 LAKESIDE TOWING,N,,,,,,,,,,,,,,,,,,,,,,34,,,,,,,,,,2,1,0,0,0,1,0,0,0,,,,,,,,
17014246,2,1,N,N,43,JM1NC26F270133860,2007,11,63,431,100,N,78730,1,2,11,3,10,,,,N,620 LAKESIDE TOWING,620 LAKESIDE TOWING,N,,,,,,,,,,,,,,,,,,,,,,0,,,,,,,,,,8,1,0,0,0,2,0,0,0,,,,,,,,
17014246,3,1,N,N,43,1C3AN65L05X041730,2005,2,21,759,100,N,78726,1,2,10,3,2,,,,N,NA,NA,N,,,,,,,,,,,,,,,,,,,,,,0,,,,,,,,,,4,2,0,0,0,1,0,0,0,,,,,,,,
17014249,1,1,N,N,43,YV1AH992181071598,2008,17,98,688,104,N,78749,1,1,1,0,12,,,,Y,SOUTHSIDE WRECKER INC,8200 S. CONGRESS AVE,N,,,,,,,,,,,,,,,,,,,,,,0,,,,,,,,,,5,1,0,0,0,1,0,0,0,,,,,,,,
17014249,2,1,N,N,43,1G1JC52F637310328,2003,16,107,300,104,N,78735,1,1,8,0,6,,,,N,,,N,,,,,,,,,,,,,,,,,,,,,,0,,,,,,,,,,5,1,0,0,0,1,0,0,0,,,,,,,,
17014250,1,1,N,Y,43,JT2BG22K1X0364395,1999,18,91,380,104,N,78758,1,2,,,,,,,N,,,N,,,,,,,,,,,,,,,,,,,,,,,,,67,,,,,,,4,1,0,0,0,0,1,0,0,,,,,,,,
17014250,2,1,Y,N,43,1C3CDZABXCN286358,2012,21,109,549,104,N,77484,1,2,15,2,9,,,,N,,,N,,,,,,,,,,,,,,,,,,,,,,0,,,,,,,,,,3,1,0,0,0,0,0,0,0,,,,,,,,
17014251,1,1,N,N,43,015GGD22181113553,2001,99,40,3031,47,N,78702,2,,5,2,6,,,,N,,,N,,,,,,,,,,,,,,,,,,,,,,0,,,,,,,,,,5,1,0,0,1,1,0,1,0,,,,,,,,
17014251,2,1,N,Y,43,1HGEJ6674WL048961,1998,17,44,256,104,N,78758,1,1,1,7,12,,,,Y,AUS-TEX AUTO ENTERPRISES LLC,AUS-TEX AUTO ENTERPRISES LLC,N,,,,,,,,,,,,,,,,,,,,,,,,,44,,,,,,,5,1,0,0,0,0,1,0,0,,,,,,,,
17014252,1,1,N,N,43,1GNEK13TX5R103898,2005,2,107,547,104,N,78382,1,1,1,2,12,,,,Y,SPECIAL AUTOMOTIVE SERVICE INC,SPECIAL AUTOMOTIVE SERVICE INC,N,,,,,,,,,,,,,,,,,,,,,,20,,,,,6,,,,,1,1,0,0,0,1,0,0,0,,,,,,,,
17014252,2,1,N,N,43,LC2U6G10XDC000323,2013,3,705,2428,71,N,78723,1,1,10,3,6,,,,N,EZ AUTO AND TOWING SERVICE,EZ AUTO AND TOWING SERVICE,N,,,,,,,,,,,,,,,,,,,,,,0,,,,,,,,,,1,1,0,0,1,0,0,1,0,,,,,,,,
17014252,3,1,N,Y,113,,,2,,,104,N,,,,,,,,,,,,,N,,,,,,,,,,,,,,,,,,,,,,0,,,,,,,,,,1,2,0,0,0,0,1,0,0,,,,,,,,
17014253,1,1,N,N,43,1N4BA41E98C837109,2008,21,71,69,104,N,78741,2,,2,2,12,,,,Y,DENVERS TOWING,DENVERS TOWING,N,,,,,,,,,,,,,,,,,,,,,,22,,,67,,,,,,,4,1,0,0,0,1,0,0,0,,,,,,,,
17014254,1,1,N,N,43,1FTPX12594NC26961,2004,10,37,2324,30,N,78744,2,,1,5,12,,,,Y,SOUTHSIDE WRECKER INC,8200 S. CONGRESS AVE,N,,,,,,,,,,,,,,,,,,,,,,67,40,22,,,,,,,,5,1,0,0,0,1,0,0,0,,,,,,,,
17014254,2,1,Y,N,43,1GNEC13Z43R142954,2003,1,107,547,69,N,78744,1,2,7,4,7,,,,N,,,N,,,,,,,,,,,,,,,,,,,,,,0,,,,,,,,,,5,1,0,0,0,0,0,0,0,,,,,,,,
17014254,3,1,Y,N,43,1FTYR14U1WPB16190,1998,3,37,357,30,N,78744,1,2,5,3,6,1,2,12,N,,,N,,,,,,,,,,,,,,,,,,,,,,0,,,,,,,,,,5,2,0,0,0,0,0,0,0,,,,,,,,
17014254,4,1,Y,N,43,JN8AS5MT9CW608864,2012,9,71,1310,69,N,78744,1,2,8,1,5,,,,N,,,N,,,,,,,,,,,,,,,,,,,,,,0,,,,,,,,,,5,2,0,0,0,0,0,0,0,,,,,,,,
17014255,1,1,N,N,43,1FA6P8THXF5344734,2015,22,37,96,100,N,77034,2,,,,,,,,,AVILES & GABES WRECKER SERVICE INC.,4868 YAGER DR,N,,,,,,,,,,,,,,,,,,,,,,60,,,,,,,,,,7,1,0,0,0,1,0,0,0,,,,,,,,
17014256,1,1,N,N,43,3C6UR5FL4GG193076,2016,2,109,2276,30,N,78750,1,2,10,3,1,,,,N,ATX-VIP TOWING SERVICES,ATX-VIP TOWING SERVICES,N,,,,,,,,,,,,,,,,,,,,,,0,,,,,,,,,,1,1,0,1,0,0,0,1,0,,,,,,,,
17014257,1,1,N,N,43,JN8AZ1MU2AW012909,2010,21,71,777,104,N,78620,1,2,3,2,11,,,,N,NA,NA,N,,,,,,,,,,,,,,,,,,,,,,22,64,,,,,,,,,7,1,0,0,0,1,0,0,0,,,,,,,,
17014257,2,1,N,N,43,3C4PDCABXJT427839,2018,9,109,1166,104,N,78577,1,2,3,2,11,,,,N,STARS TOWING,15500 CONNIE ST AUSTIN,N,,,,,,,,,,,,,,,,,,,,,,0,,,,,,,,,,5,1,0,0,0,1,0,0,0,,,,,,,,
17014258,1,1,N,N,43,1GNSCBE09DR182598,2013,2,107,547,69,N,78746,1,1,3,3,11,,,,N,AVILES & GABES WRECKER SERVICE INC.,AVILES & GABES WRECKER SERVICE INC.,N,,,,,,,,,,,,,,,,,,,,,,74,,,,,,,,,,1,1,0,0,1,0,0,1,0,,,,,,,,
17014258,2,1,N,N,43,1HGCR2F35DA180951,2013,9,44,236,104,N,78723,1,1,2,5,12,,,,N,AUS-TEX AUTO ENTERPRISES LLC,AUS-TEX AUTO ENTERPRISES LLC,N,,,,,,,,,,,,,,,,,,,,,,74,,,,,,,,,,3,1,0,0,1,1,0,1,0,,,,,,,,
17014258,3,1,N,N,43,JTHBF30G130101296,2003,9,58,1050,104,N,78758,2,,4,1,1,,,,N,,,N,,,,,,,,,,,,,,,,,,,,,,0,,,,,,,,,,7,2,0,0,0,1,0,0,0,,,,,,,,
17014260,1,1,N,N,43,1C4NJCBA9GD567546,2016,2,429,983,69,N,78741,1,1,12,2,2,2,2,12,Y,STARS TOWING,STARS TOWING,N,,,,,,,,,,,,,,,,,,,,,,4,,,,,,,,,,5,1,0,0,0,5,0,0,0,,,,,,,,
17014260,2,1,N,N,43,3CZRM3H5XGG701691,2016,9,44,605,69,N,78717,1,1,11,1,11,,,,N,,,N,,,,,,,,,,,,,,,,,,,,,,0,,,,,,,,,,5,1,0,0,0,2,0,0,0,,,,,,,,
17014261,1,1,N,N,43,5FNRL5H94CB087194,2012,21,44,571,103,N,78610,1,2,2,4,12,,,,Y,HARPERS TOWING SERVICE INC,HARPERS TOWING SERVICE INC,N,,,,,,,,,,,,,,,,,,,,,,34,,,,,,,,,,5,1,0,0,1,1,0,1,0,,,,,,,,
17014261,2,1,N,N,43,5YFBURHE7FP239125,2015,2,91,173,104,N,76088,1,2,7,3,5,,,,N,,,N,,,,,,,,,,,,,,,,,,,,,,0,,,,,,,,,,7,1,0,0,0,1,0,0,0,,,,,,,,
17014261,3,1,N,N,43,3C6UD5DL7CG247580,2012,9,710,2522,30,N,78617,2,,4,3,2,,,,N,,,N,,,,,,,,,,,,,,,,,,,,,,0,,,,,,,,,,7,2,0,0,0,1,0,0,0,,,,,,,,
17014262,1,1,N,N,43,KMHCT4AEXDU452277,2013,17,45,557,104,N,78745,2,,2,7,,,,,N,ARMADA TOWING,ARMADA TOWING,N,,,,,,,,,,,,,,,,,,,,,,20,33,,,,,,,,,5,1,0,0,0,1,0,0,0,,,,,,,,
17014262,2,1,N,N,43,1GCER14K6HS112654,1987,17,107,60,30,N,78745,1,1,1,3,12,,,,N,,,N,,,,,,,,,,,,,,,,,,,,,,0,,,,,,,,,,1,1,0,0,1,1,0,1,0,,,,,,,,
17014263,1,1,N,N,43,KMHHT6KJ3GU133501,2018,2,45,1107,100,N,78245,1,1,2,3,12,6,3,8,N,AUSTIN EXPRESS TOWING INC.,AUSTIN EXPRESS TOWING INC.,N,,,,,,,,,,,,,,,,,,,,,,,,,22,,,,,,,8,1,0,0,0,1,0,0,0,,,,,,,,
17014264,1,1,N,N,43,1G1JC5SH3D4235947,2013,3,107,2243,104,N,78216,1,1,4,4,2,,,,Y,STARS TOWING,STARS TOWING,N,,,,,,,,,,,,,,,,,,,,,,37,,,20,,,,,,,7,1,0,1,0,1,0,1,0,,,,,,,,
17014264,2,1,N,N,43,3GCPCSE06BG176074,2011,21,107,658,30,N,76849,1,1,3,4,10,,,,Y,SPECIAL AUTOMOTIVE SERVICE INC,SPECIAL AUTOMOTIVE SERVICE INC,N,,,,,,,,,,,,,,,,,,,,,,0,,,,,,,,,,3,1,0,2,0,1,0,2,0,,,,,,,,
17014265,1,1,N,N,43,2G1WA5E38E1188732,2014,17,107,2830,104,N,77025,1,1,16,2,3,,,,Y,ATX-VIP TOWING SERVICES,ATX-VIP TOWING SERVICES,N,,,,,,,,,,,,,,,,,,,,,,0,,,,,,,,,,3,1,0,0,0,1,0,0,0,,,,,,,,
17014265,2,1,N,N,43,JA32U8FW9FU011313,2015,21,68,744,104,N,78753,1,1,3,3,10,,,,Y,STARS TOWING,STARS TOWING,N,,,,,,,,,,,,,,,,,,,,,,0,,,,,,,,,,1,1,0,0,0,1,0,0,0,,,,,,,,
17014266,1,1,N,N,43,KNAFX4A68F5364272,2015,17,55,1093,104,N,78750,1,2,2,4,12,,,,N,620 LAKESIDE TOWING,620 LAKESIDE TOWING,N,,,,,,,,,,,,,,,,,,,,,,0,,,,,,,,,,2,1,0,0,0,1,0,0,0,,,,,,,,
17014266,2,1,N,N,43,5N1AR1NN2AC609901,2010,9,71,531,69,N,78728,2,,6,3,6,,,,N,,,N,,,,,,,,,,,,,,,,,,,,,,0,,,,,,,,,,2,1,0,0,0,1,0,0,0,,,,,,,,
17014267,1,1,N,N,43,2G1FP22K6T2137312,1996,21,107,46,100,N,78745,1,2,2,2,12,,,,N,ARMADA TOWING,ARMADA TOWING,N,,,,,,,,,,,,,,,,,,,,,,,,,20,,,,,,,5,1,0,0,0,1,0,0,0,,,,,,,,
17014267,2,1,N,N,43,1B3CB1HA8BD209221,2011,21,109,82,104,N,78665,1,2,10,5,3,18,4,1,N,AVILES & GABES WRECKER SERVICE INC.,AVILES & GABES WRECKER SERVICE INC.,N,,,,,,,,,,,,,,,,,,,,,,0,,,,,,,,,,7,1,0,0,0,1,0,0,0,,,,,,,,
17014268,1,1,N,N,43,4T4BE46K27R003092,2007,17,91,380,104,N,76116,1,2,2,5,12,,,,Y,SPECIAL AUTOMOTIVE SERVICE INC,SPECIAL AUTOMOTIVE SERVICE INC,N,,,,,,,,,,,,,,,,,,,,,,44,,,,,,,,,,3,1,0,0,0,1,0,0,0,,,,,,,,
17014268,2,1,N,N,43,2T2ZK1BA8FC191545,2015,2,58,1318,104,N,78750,1,2,6,1,6,,,,Y,EZ AUTO AND TOWING SERVICE,EZ AUTO AND TOWING SERVICE,N,,,,,,,,,,,,,,,,,,,,,,0,,,,,,,,,,3,1,0,0,0,1,0,0,0,,,,,,,,
17014269,1,1,N,N,43,5XYZU3LB5HG413354,2015,17,45,713,104,N,78382,1,2,4,5,12,,,,N,ROCHAS TOWING SERVICE,ROCHAS TOWING SERVICE,N,,,,,,,,,,,,,,,,,,,,,,0,,,,,,,,,,5,1,0,1,0,1,0,1,0,,,,,,,,
17014269,2,1,N,N,43,3KPF24AD1KE050784,2019,3,55,1093,104,N,75261,1,2,7,5,6,,,,N,STARS TOWING,STARS TOWING,N,,,,,,,,,,,,,,,,,,,,,,0,,,,,,,,,,5,1,1,0,0,1,0,1,0,,,,,,,,
17014270,1,1,N,N,43,JTDKN3DU1B5373093,2011,2,91,702,104,N,78681,1,2,10,3,3,,,,N,ARMADA TOWING,ARMADA TOWING,N,,,,,,,,,,,,,,,,,,,,,,35,,,,,,,,,,3,1,0,0,0,1,0,0,0,,,,,,,,
17014270,2,1,N,N,43,5NPDH4AE8GH736581,2016,17,45,480,104,N,78741,1,2,2,3,12,,,,N,A-TEX TOWING,ATX-VIP TOWING SERVICES,N,,,,,,,,,,,,,,,,,,,,,,0,,,,,,,,,,1,1,0,0,0,2,0,0,0,,,,,,,,
17014307,1,1,N,N,43,KNMAT2MV3HP535906,2017,21,71,1310,104,N,78730,2,,2,3,12,,,,N,A-TEX TOWING,A-TEX,N,,,,,,,,,,,,,,,,,,,,,,44,,,,,,,,,,5,1,0,0,0,1,0,0,0,,,,,,,,
17014307,2,1,N,N,43,1FTHX25M0MKB18310,1991,18,37,2325,30,N,77535,1,1,6,2,6,,,,N,,,N,,,,,,,,,,,,,,,,,,,,,,0,,,,,,,,,,5,1,0,0,0,1,0,0,0,,,,,,,,
17014308,1,1,N,N,43,1GCDC14ZXKZ265448,1989,2,107,60,30,N,78744,2,,2,1,12,,,,N,,,N,,,,,,,,,,,,,,,,,,,,,,44,,,,,,,,,,1,1,0,0,0,1,0,0,0,,,,,,,,
17014308,2,1,N,N,43,5UXKU2C52G0N83910,2016,2,14,1467,104,N,78746,1,1,6,2,6,,,,N,,,N,,,,,,,,,,,,,,,,,,,,,,0,,,,,,,,,,1,1,0,0,0,1,0,0,0,,,,,,,,
17014309,1,1,N,N,43,1GKS1AKCXHR347009,2017,17,39,479,69,N,78648,1,1,2,4,12,,,,N,,,N,,,,,,,,,,,,,,,,,,,,,,44,,,,,,,,,,6,1,0,0,2,1,0,2,0,,,,,,,,
17014309,2,1,N,N,43,1FTFW1EF2DKG24291,2013,17,37,2324,30,N,78734,1,1,6,2,,,,,N,,,N,,,,,,,,,,,,,,,,,,,,,,0,,,,,,,,,,6,1,0,0,0,1,0,0,0,,,,,,,,
17014310,1,1,N,N,43,2GCEC13C591103828,2009,2,107,2236,30,N,78617,1,1,15,3,7,10,3,4,N,A-TEX TOWING,5526 1/2 W HWY 290,N,,,,,,,,,,,,,,,,,,,,,,0,,,,,,,,,,3,2,0,0,0,3,0,0,0,,,,,,,,
17014310,2,1,N,N,43,1B3ES46C11D126128,2001,17,109,533,104,N,78723,1,1,10,3,3,15,3,7,N,EZ AUTO AND TOWING SERVICE,1830 OAKHILL LN AUSTIN TX,N,,,,,,,,,,,,,,,,,,,,,,4,,,,,,,,,,3,1,0,0,0,1,0,0,0,,,,,,,,
17014310,3,1,N,N,43,2G1WB55K479129542,2007,2,107,53,104,N,78744,1,1,4,2,2,,,,N,ATX-VIP TOWING SERVICES,DRIVERS HOME,N,,,,,,,,,,,,,,,,,,,,,,0,,,,,,,,,,3,1,0,0,0,1,0,0,0,,,,,,,,
17014311,1,1,N,N,43,5YFBURHE8EP005798,2014,9,91,173,104,N,78758,1,1,3,2,11,,,,N,,,N,,,,,,,,,,,,,,,,,,,,,,0,,,,,,,,,,8,1,0,0,0,1,0,0,0,,,,,,,,
17014311,2,1,N,N,113,,,99,208,763,0,N,,2,,,,,,,,N,,,N,,,,,,,,,,,,,,,,,,,,,,0,,,,,,,,,,2,1,0,0,0,0,1,0,0,,,,,,,,
17014311,3,6,,,,,,,,,,,78758,,,,,,,,,,,,,,,,,,,,,,,,,,,,,,,,,,23,,,,,,,,,,9,2,0,0,0,1,0,0,0,,,,,,,,
17014312,1,1,N,N,43,2G1FT1EW7E9259725,2014,3,107,46,100,N,78747,1,1,3,1,12,,,,N,,,N,,,,,,,,,,,,,,,,,,,,,,,,,74,,,,,,,8,1,0,0,0,1,0,0,0,,,,,,,,
17014313,1,1,N,Y,43,3FAHP0HA5AR184855,2019,16,37,1097,104,N,78758,2,,,,,,,,N,,,N,,,,,,,,,,,,,,,,,,,,,,0,,,,,,,,,,2,1,0,0,0,0,0,0,0,,,,,,,,
17014313,2,1,N,N,43,5NPEB4AC6BH031324,2011,17,45,462,104,N,78727,1,1,15,4,9,,,,Y,STARS TOWING,STARS TOWING,N,,,,,,,,,,,,,,,,,,,,,,0,,,,,,,,,,6,1,0,2,0,0,0,2,0,,,,,,,,
17014314,1,1,N,N,43,1B3HB48B87D536919,2007,2,109,951,104,N,78751,1,2,2,5,12,,,,N,ATX-VIP TOWING SERVICES,ATX-VIP TOWING SERVICES,N,,,,,,,,,,,,,,,,,,,,,,,,,20,,,,,,,5,1,0,0,0,1,0,0,0,,,,,,,,
17014314,2,1,N,N,43,1N4AA5AP4CC807883,2012,21,71,297,104,N,76712,1,2,2,4,12,,,,N,,,N,,,,,,,,,,,,,,,,,,,,,,0,,,,,,,,,,1,1,0,0,0,2,0,0,0,,,,,,,,
17014315,1,1,N,N,43,JN8AF5MV2CT122002,2012,2,71,2505,104,N,78586,1,2,12,3,4,,,,Y,SPECIAL AUTOMOTIVE SERVICE INC,SPECIAL AUTOMOTIVE SERVICE INC,N,,,,,,,,,,,,,,,,,,,,,,0,,,,,,,,,,2,1,0,0,0,1,0,0,0,,,,,,,,
17014315,2,1,N,Y,,,,,,,0,N,,,,,,,,,,,,,N,,,,,,,,,,,,,,,,,,,,,,0,,,,,,,,,,2,1,0,0,0,0,0,0,0,,,,,,,,
17014316,1,1,N,N,43,3GYFNDE34DS533547,2013,16,106,1373,104,N,76182,1,1,8,3,6,,,,N,,,N,,,,,,,,,,,,,,,,,,,,,,0,,,,,,,,,,7,1,0,0,0,1,0,0,0,,,,,,,,
17014316,2,1,N,N,43,1C3CDZAB2EN149594,2014,16,109,549,104,N,78660,1,1,3,3,12,,,,N,STARS TOWING,STARS TOWING,N,,,,,,,,,,,,,,,,,,,,,,0,,,,,,,,,,7,1,0,0,0,1,0,0,0,,,,,,,,