Crash_ID,Unit_Nbr,Unit_Desc_ID,Veh_Parked_Fl,Veh_HNR_Fl,Veh_Lic_State_ID,VIN,Veh_Mod_Year,Veh_Color_ID,Veh_Make_ID,Veh_Mod_ID,Veh_Body_Styl_ID,Emer_Respndr_Fl,Ownr_Zip,Fin_Resp_Proof_ID,Fin_Resp_Type_ID,Veh_Dmag_Area_1_ID,Veh_Dmag_Scl_1_ID,Force_Dir_1_ID,Veh_Dmag_Area_2_ID,Veh_Dmag_Scl_2_ID,Force_Dir_2_ID,Veh_Inventoried_Fl,Veh_Transp_Name,Veh_Transp_Dest,Veh_Cmv_Fl,Cmv_Fiveton_Fl,Cmv_Hazmat_Fl,Cmv_Nine_Plus_Pass_Fl,Cmv_Veh_Oper_ID,Cmv_Carrier_ID_Type_ID,Cmv_Carrier_Zip,Cmv_Veh_Type_ID,Cmv_GVWR,Cmv_RGVW,Cmv_Hazmat_Rel_Fl,Hazmat_Cls_1_ID,Hazmat_IDNbr_1_ID,Hazmat_Cls_2_ID,Hazmat_IDNbr_2_ID,Cmv_Cargo_Body_ID,Cmv_Evnt1_ID,Cmv_Evnt2_ID,Cmv_Evnt3_ID,Cmv_Evnt4_ID,Cmv_Tot_Axle,Cmv_Tot_Tire,Contrib_Factr_1_ID,Contrib_Factr_2_ID,Contrib_Factr_3_ID,Contrib_Factr_P1_ID,Contrib_Factr_P2_ID,Veh_Dfct_1_ID,Veh_Dfct_2_ID,Veh_Dfct_3_ID,Veh_Dfct_P1_ID,Veh_Dfct_P2_ID,Veh_Trvl_Dir_ID,First_Harm_Evt_Inv_ID,Sus_Serious_Injry_Cnt,Nonincap_Injry_Cnt,Poss_Injry_Cnt,Non_Injry_Cnt,Unkn_Injry_Cnt,Tot_Injry_Cnt,Death_Cnt,Cmv_Disabling_Damage_Fl,Cmv_Bus_Type_ID,Trlr_GVWR,Trlr_RGVW,Trlr_Type_ID,Trlr_Disabling_Dmag_ID,Cmv_Intermodal_Container_Permit_Fl,CMV_Actual_Gross_Weight
17014317,1,1,N,N,43,4T3ZF13C6XU097180,1999,18,91,648,104,N,78758,1,2,,,,,,,N,,,N,,,,,,,,,,,,,,,,,,,,,,19,,,,,,,,,,1,2,0,0,0,1,0,0,0,,,,,,,,
17014317,2,1,N,N,43,1G4HP57M99U146497,2009,17,105,1193,104,N,78723,1,2,2,2,11,,,,N,,,N,,,,,,,,,,,,,,,,,,,,,,0,,,,,,,,,,5,1,0,0,1,1,0,1,0,,,,,,,,
17014318,1,1,N,N,43,3GCEC13J78G108310,2008,3,107,658,30,N,78957,3,2,2,4,12,,,,Y,ROCHAS TOWING SERVICE,ROCHAS TOWING SERVICE,N,,,,,,,,,,,,,,,,,,,,,,20,68,67,,,,,,,,4,1,0,0,0,2,0,0,0,,,,,,,,
17014318,2,1,N,N,43,JNKCA21A2XT779826,1999,2,47,572,104,N,78723,1,2,15,6,9,,,,N,EZ AUTO AND TOWING SERVICE,EZ AUTO AND TOWING SERVICE,N,,,,,,,,,,,,,,,,,,,,,,0,,,,,,,,,,2,1,0,0,2,1,0,2,0,,,,,,,,
17014319,1,1,N,N,43,1HGCR2F55GA074361,2016,2,44,236,104,N,78748,1,2,2,4,12,,,,Y,EZ AUTO AND TOWING SERVICE,EZ AUTO AND TOWING SERVICE,N,,,,,,,,,,,,,,,,,,,,,,0,,,,,,,,,,6,1,0,0,1,0,0,1,0,,,,,,,,
17014319,2,1,N,N,113,,,99,208,763,0,N,,2,,,,,,,,N,,,N,,,,,,,,,,,,,,,,,,,,,,0,,,,,,,,,,6,1,0,0,0,0,1,0,0,,,,,,,,
17014319,3,6,,,,,,,,,,,UNKNOWN,,,,,,,,,,,,,,,,,,,,,,,,,,,,,,,,,,0,,,,,,,,,,9,2,0,0,0,0,1,0,0,,,,,,,,
17014321,1,1,N,Y,43,JTDBT903491321402,2009,9,91,1477,104,N,77484,1,1,2,6,,,,,Y,STARS TOWING,STARS TOWING,N,,,,,,,,,,,,,,,,,,,,,,20,,,,,,,,,,5,1,0,0,0,0,1,0,0,,,,,,,,
17014322,1,1,N,N,43,1N4AL3AP4EC288643,2014,21,71,500,104,N,78724,1,1,2,2,12,29,0,,Y,AVILES & GABES WRECKER SERVICE INC.,AVILES & GABES WRECKER SERVICE INC.,N,,,,,,,,,,,,,,,,,,,,,,0,,,,,,,,,,5,1,0,0,0,0,1,0,0,,,,,,,,
17014323,1,1,N,N,43,1G4HP57278U180015,2008,21,105,1175,104,N,78741,1,1,2,2,12,,,,N,EZ AUTO AND TOWING SERVICE,EZ AUTO AND TOWING SERVICE,N,,,,,,,,,,,,,,,,,,,,,,20,,,,,,,,,,7,1,0,0,0,1,0,0,0,,,,,,,,
17014323,2,1,N,N,43,1FMCU03G09KD11886,2009,2,37,711,104,N,78539,1,1,4,2,1,,,,N,ROCHAS TOWING SERVICE,ROCHAS TOWING SERVICE,N,,,,,,,,,,,,,,,,,,,,,,0,,,,,,,,,,3,1,0,0,0,1,0,0,0,,,,,,,,
17014324,1,1,N,N,43,4M2EU48826UJ15951,2006,21,114,618,69,N,78746,1,2,16,5,3,17,4,9,N,EZ AUTO AND TOWING SERVICE,EZ AUTO AND TOWING SERVICE,N,,,,,,,,,,,,,,,,,,,,,,37,,,,,,,,,,4,1,0,1,0,0,0,1,0,,,,,,,,
17014324,2,1,N,N,43,3FA6P0G79DR148281,2013,11,37,1097,104,N,78617,1,2,2,4,1,,,,N,ROCHAS TOWING SERVICE,ROCHAS TOWING SERVICE,N,,,,,,,,,,,,,,,,,,,,,,,,,22,,,,,,,8,1,0,1,0,0,0,1,0,,,,,,,,
17014325,1,1,N,N,43,1GCNCPEX9CZ148563,2012,21,107,60,30,N,78681,1,2,2,3,12,,,,N,STARS TOWING,STARS TOWING,N,,,,,,,,,,,,,,,,,,,,,,44,,,,,,,,,,5,1,0,0,0,0,0,0,1,,,,,,,,
17014325,2,1,N,N,43,JA32U2FU5EU006300,2014,9,68,342,104,N,78660,1,2,6,3,6,,,,N,AVILES & GABES WRECKER SERVICE INC.,AVILES & GABES WRECKER SERVICE INC.,N,,,,,,,,,,,,,,,,,,,,,,0,,,,,,,,,,5,1,0,0,1,0,0,1,0,,,,,,,,
17014331,1,1,N,N,43,3N1AB6AP8AL671890,2010,21,71,341,104,N,78759,1,2,15,3,9,8,3,5,N,HARPERS TOWING SERVICE INC,HARPERS TOWING SERVICE INC,N,,,,,,,,,,,,,,,,,,,,,,0,,,,,,,,,,6,1,0,0,2,0,0,2,0,,,,,,,,
17014331,2,1,N,Y,,,,17,,,104,N,,,,,,,,,,N,,,N,,,,,,,,,,,,,,,,,,,,,,4,,,,,,,,,,6,1,0,0,0,0,1,0,0,,,,,,,,
17014341,1,1,N,N,43,5YFBURHE1HP615532,2017,2,91,173,104,N,78741,1,1,9,3,9,,,,N,ROCHAS TOWING SERVICE,ROCHAS TOWING SERVICE,N,,,,,,,,,,,,,,,,,,,,,,35,,,20,,,,,,,3,1,0,0,0,1,0,0,0,,,,,,,,
17014341,2,1,N,N,43,1G1AS18H197239262,2009,2,107,978,100,N,,1,1,2,3,12,,,,N,ROCHAS TOWING SERVICE,ROCHAS TOWING SERVICE,N,,,,,,,,,,,,,,,,,,,,,,0,,,,,,,,,,5,1,0,0,0,1,0,0,0,,,,,,,,
17014345,1,1,N,N,43,1FMJU1H50CEF67858,2012,3,37,601,69,N,78735,1,1,2,1,,,,,N,,,N,,,,,,,,,,,,,,,,,,,,,,0,,,,,,,,,,3,1,0,0,0,1,0,0,0,,,,,,,,
17014345,2,1,N,N,43,2FABP7BV9BX155811,2011,22,37,2321,104,N,78753,1,1,2,3,12,6,1,6,N,INTERSTATE CHAPARRAL TOWING INC.,1604 HOWARD LN,N,,,,,,,,,,,,,,,,,,,,,,0,,,,,,,,,,3,1,0,0,1,0,0,1,0,,,,,,,,
17014345,3,1,N,N,43,00000000000000000,2017,11,39,2349,69,N,920292,2,,6,1,,,,,N,,,N,,,,,,,,,,,,,,,,,,,,,,0,,,,,,,,,,3,2,0,0,0,1,0,0,0,,,,,,,,
17014346,1,1,N,N,43,JM1BM1T7XE1149660,2014,3,63,3917,104,N,78732,1,2,4,4,12,,,,N,ARMADA TOWING,ARMADA TOWING,N,,,,,,,,,,,,,,,,,,,,,,44,,,,,,,,,,2,1,0,0,0,1,0,0,0,,,,,,,,
17014346,2,1,N,N,43,JF2GTACC6KH262791,2019,9,85,2555,69,N,78759,1,2,7,3,6,,,,N,DRIVEN BY OWNER,,N,,,,,,,,,,,,,,,,,,,,,,0,,,,,,,,,,2,1,0,0,1,2,0,1,0,,,,,,,,
17014347,1,1,N,N,43,JH2PC4001F0801229,2015,2,44,3323,71,N,78738,1,2,3,1,11,,,,N,AVILES & GABES WRECKER SERVICE INC.,OWNERS ADDRESS,N,,,,,,,,,,,,,,,,,,,,,,20,,,,,,,,,,1,1,0,0,1,0,0,1,0,,,,,,,,
17014347,2,1,N,N,43,1GNFC13027R417068,2007,2,107,547,69,N,78759,1,2,8,2,5,,,,N,NOT TOWED,N/A,N,,,,,,,,,,,,,,,,,,,,,,0,,,,,,,,,,1,1,0,0,0,2,0,0,0,,,,,,,,
17014348,1,1,N,N,43,3D7KU26D74G161682,2014,21,109,2276,106,N,78621,1,1,2,4,12,,,,Y,EZ AUTO AND TOWING SERVICE,EZ AUTO AND TOWING SERVICE,N,,,,,,,,,,,,,,,,,,,,,,0,,,,,,,,,,7,1,0,0,0,1,0,0,0,,,,,,,,
17014348,2,1,N,N,43,5TFDW5F14GX540918,2016,21,91,687,106,N,78739,1,1,12,3,3,,,,Y,AVILES & GABES WRECKER SERVICE INC.,AVILES & GABES WRECKER SERVICE INC.,N,,,,,,,,,,,,,,,,,,,,,,0,,,,,,,,,,1,1,0,0,0,1,0,0,0,,,,,,,,
17014377,1,1,N,N,43,1N4AL2AP3BN475530,2011,21,71,500,104,N,78734,1,2,2,5,12,,,,N,,,N,,,,,,,,,,,,,,,,,,,,,,20,,,,,,,,,,7,1,0,0,1,0,0,1,0,,,,,,,,
17014377,2,1,N,N,43,3LN6L2GK7ER802035,2014,9,113,2452,104,N,78735,1,2,13,6,8,,,,N,A-TEX TOWING,5526 1/2 W HWY 290,N,,,,,,,,,,,,,,,,,,,,,,0,,,,,,,,,,5,1,0,0,1,0,0,1,0,,,,,,,,
17014378,1,1,N,N,43,3C6RR6LT8GG301005,2016,2,109,82,30,N,78664,1,1,2,3,12,,,,N,EZ AUTO AND TOWING SERVICE,EZ AUTO AND TOWING SERVICE,N,,,,,,,,,,,,,,,,,,,,,,20,,,,,,,,,,5,1,0,0,0,1,0,0,0,,,,,,,,
17014378,2,1,N,N,43,2T3ZFREV0JW410907,2018,9,91,581,69,N,78727,1,1,14,4,5,,,,N,,,N,,,,,,,,,,,,,,,,,,,,,,0,,,,,,,,,,5,1,0,0,0,1,0,0,0,,,,,,,,
17014378,3,1,N,N,43,1N4AL2AP4CN474615,2012,5,71,500,104,N,78753,1,1,6,7,6,2,2,12,N,STARS TOWING,STARS TOWING,N,,,,,,,,,,,,,,,,,,,,,,0,,,,,,,,,,5,2,0,0,1,0,0,1,0,,,,,,,,
17014378,4,1,N,N,43,1HGFA16867L021147,2007,8,44,256,104,N,78753,1,2,6,4,12,2,2,11,N,STARS TOWING,STARS TOWING,N,,,,,,,,,,,,,,,,,,,,,,0,,,,,,,,,,5,2,0,0,0,1,0,0,0,,,,,,,,
17014378,5,1,N,N,43,1FTYR10D83TA07671,2003,3,37,357,30,N,78753,1,1,6,3,6,,,,N,,,N,,,,,,,,,,,,,,,,,,,,,,0,,,,,,,,,,5,2,0,0,0,1,0,0,0,,,,,,,,
17014378,6,1,N,N,43,1HGFA16528L076556,2008,9,44,256,104,N,78660,1,1,16,3,4,,,,N,,,N,,,,,,,,,,,,,,,,,,,,,,0,,,,,,,,,,5,2,0,0,0,1,0,0,0,,,,,,,,
17014379,1,1,N,N,43,1FTNE24W77DA34439,2007,21,37,600,103,N,78758,1,1,4,2,1,,,,N,,,N,,,,,,,,,,,,,,,,,,,,,,22,,,,,,,,,,2,1,0,0,0,1,0,0,0,,,,,,,,
17014379,2,1,Y,N,43,WVWAK73C47P017818,2007,3,96,473,104,N,78732,2,,8,3,4,,,,N,AVILES & GABES WRECKER SERVICE INC.,AVILES & GABES WRECKER SERVICE INC.,N,,,,,,,,,,,,,,,,,,,,,,0,,,,,,,,,,3,1,0,0,0,0,0,0,0,,,,,,,,
17014379,3,1,Y,N,43,3VWDC21V8YM800565,2000,21,96,754,100,N,78753,2,,,,,,,,N,STARS TOWING,STARS TOWING,N,,,,,,,,,,,,,,,,,,,,,,0,,,,,,,,,,3,2,0,0,0,0,0,0,0,,,,,,,,
17014380,1,1,N,N,43,5UXWX9C56D0D00473,2013,2,14,1466,104,N,78759,1,2,3,3,10,,,,N,,,N,,,,,,,,,,,,,,,,,,,,,,20,4,,,,,,,,,5,1,0,0,0,1,0,0,0,,,,,,,,
17014380,2,1,N,N,43,19XFB2F80FE004594,2015,9,44,256,104,N,76016,1,2,4,4,1,,,,N,SPECIAL AUTOMOTIVE SERVICE INC,SPECIAL AUTOMOTIVE SERVICE INC,N,,,,,,,,,,,,,,,,,,,,,,0,,,,,,,,,,5,1,0,0,0,1,0,0,0,,,,,,,,
17014381,1,1,N,N,43,4T3ZA3BB6FU094944,2015,2,91,1449,69,N,78748,1,1,14,3,3,,,,N,1ST TOW,1ST TOW,N,,,,,,,,,,,,,,,,,,,,,,37,,,,,,,,,,7,1,0,0,0,3,0,0,0,,,,,,,,
17014381,2,1,N,N,43,5N1AN08U28C540887,2008,21,71,694,69,N,78616,1,1,2,2,12,,,,N,,,N,,,,,,,,,,,,,,,,,,,,,,0,,,,,,,,,,3,1,0,0,0,1,0,0,0,,,,,,,,
17014383,1,1,N,N,43,KMHDH4AH9EU161027,2014,2,45,480,104,N,78723,1,1,2,4,12,,,,Y,HARPERS TOWING SERVICE INC,HARPERS TOWING SERVICE INC,N,,,,,,,,,,,,,,,,,,,,,,22,,,,,,,,,,5,1,0,0,0,1,0,0,0,,,,,,,,
17014391,1,1,N,N,43,5NPDH4AE8FH605097,2015,3,45,480,104,N,78641,1,2,2,2,12,,,,N,A-TEX TOWING,A TEX TOWING,N,,,,,,,,,,,,,,,,,,,,,,0,,,,,,,,,,7,1,0,0,2,0,0,2,0,,,,,,,,
17014391,2,1,N,N,43,4T1BE32K76U739826,2006,18,91,380,104,N,78653,1,2,3,1,12,,,,N,EZ AUTO AND TOWING SERVICE,EZ AUTO AND TOWING SERVICE,N,,,,,,,,,,,,,,,,,,,,,,0,,,,,,,,,,3,1,0,0,3,0,0,3,0,,,,,,,,
17014393,1,1,N,N,43,1GKFK63868J203302,2008,2,39,479,69,N,,1,2,2,3,12,,,,N,DRIVEN FROM SCENE,DRIVEN FROM SCENE,N,,,,,,,,,,,,,,,,,,,,,,41,,,,,,,,,,4,1,0,0,0,1,0,0,0,,,,,,,,
17014394,1,1,N,N,43,1J8FF47W38D698014,2008,2,429,983,104,N,78721,1,2,2,3,12,,,,N,AVILES & GABES WRECKER SERVICE INC.,AVILES & GABES WRECKER SERVICE INC.,N,,,,,,,,,,,,,,,,,,,,,,0,,,,,,,,,,3,1,0,0,0,2,0,0,0,,,,,,,,
17014394,2,1,N,N,43,4S4BRCLC4E3250820,2014,21,85,1268,104,N,78752,1,2,10,2,3,,,,N,REFUSED,REFUSED,N,,,,,,,,,,,,,,,,,,,,,,0,,,,,,,,,,5,1,0,0,0,1,0,0,0,,,,,,,,
17014395,1,1,N,N,43,1FMDU34X1NUC03991,1992,21,37,554,69,N,,2,,12,6,3,,,,Y,ROCHAS TOWING SERVICE,ROCHAS TOWING SERVICE,N,,,,,,,,,,,,,,,,,,,,,,0,,,,,,,,,,2,1,0,0,0,1,0,0,0,,,,,,,,
17014395,2,1,Y,N,43,1FMCU0DG5AKB54892,2010,17,37,711,69,N,78704,1,1,13,2,9,,,,N,,,N,,,,,,,,,,,,,,,,,,,,,,0,,,,,,,,,,2,1,0,0,0,1,0,0,0,,,,,,,,
17014396,1,1,N,N,43,KM8JU3AG4EU920652,2014,17,45,1431,104,N,78617,1,2,2,4,12,,,,Y,STARS TOWING,STARS TOWING,N,,,,,,,,,,,,,,,,,,,,,,0,,,,,,,,,,8,1,0,1,0,0,0,1,0,,,,,,,,
17014396,2,1,N,Y,113,,,99,,,0,N,,,,,,,,,,N,,,N,,,,,,,,,,,,,,,,,,,,,,0,,,,,,,,,,8,1,0,0,0,0,1,0,0,,,,,,,,
17014398,1,1,N,N,43,5TESN92N53Z243654,2003,9,91,629,30,N,78148,1,2,2,2,12,,,,Y,620 LAKESIDE TOWING,620 LAKESIDE TOWING,N,,,,,,,,,,,,,,,,,,,,,,0,,,,,,,,,,2,1,0,0,0,1,0,0,0,,,,,,,,
17014398,2,1,N,N,43,JHLRM4H70CC005919,2012,9,44,605,69,N,78729,1,2,6,2,12,,,,N,,,N,,,,,,,,,,,,,,,,,,,,,,0,,,,,,,,,,2,1,0,0,0,2,0,0,0,,,,,,,,
17014402,1,1,N,N,43,JM1BK12F071627747,2007,17,63,1210,104,N,78681,1,1,,,,,,,Y,AUS-TEX AUTO ENTERPRISES LLC,5526 1/2 W HWY 290,N,,,,,,,,,,,,,,,,,,,,,,67,71,,,,,,,,,3,2,0,0,0,1,0,0,0,,,,,,,,
17014402,2,1,N,N,43,JM3KE2DY6G0698086,2016,17,63,2471,69,N,77493,1,1,5,3,6,,,,Y,AVILES & GABES WRECKER SERVICE INC.,AVILES & GABES WRECKER SERVICE INC.,N,,,,,,,,,,,,,,,,,,,,,,0,,,,,,,,,,1,1,0,0,0,1,0,0,0,,,,,,,,
17014402,3,1,N,N,43,1GCDC14H6GS156055,1986,2,107,2202,30,N,78702,1,1,1,4,12,,,,Y,ROCHAS,ROCHAS TOWING SERVICE,N,,,,,,,,,,,,,,,,,,,,,,0,,,,,,,,,,1,1,0,0,1,1,0,1,0,,,,,,,,
17014403,1,1,N,N,43,JM1DKDB77G0127478,2016,3,63,2471,104,N,78749,1,2,4,3,2,,,,N,AVILES & GABES WRECKER SERVICE INC.,AVILES & GABES WRECKER SERVICE INC.,N,,,,,,,,,,,,,,,,,,,,,,41,,,,,,,,,,6,1,0,0,0,3,0,0,0,,,,,,,,
17014404,1,1,N,Y,43,1N4AL2EPXBC136785,2011,2,71,500,104,N,76104,1,2,2,3,12,,,,N,AUS-TEX AUTO ENTERPRISES LLC,AUS-TEX AUTO ENTERPRISES LLC,N,,,,,,,,,,,,,,,,,,,,,,74,,,,,,,,,,1,1,0,0,0,1,0,0,0,,,,,,,,
17014405,1,1,N,Y,36,3N1BC13E47L376276,2007,21,71,1452,104,N,78753,2,,1,4,12,,,,Y,AUS-TEX AUTO ENTERPRISES LLC,AUS-TEX AUTO ENTERPRISES LLC,N,,,,,,,,,,,,,,,,,,,,,,67,,,,,,,,,,4,1,0,2,0,0,0,2,0,,,,,,,,
17014405,2,1,N,N,43,4T1BF1FK8EU418792,2014,2,91,380,104,N,78748,1,1,2,4,12,,,,N,STARS TOWING,STARS TOWING,N,,,,,,,,,,,,,,,,,,,,,,0,,,,,,,,,,6,1,0,2,0,1,0,2,0,,,,,,,,
17014406,1,1,N,N,26,5TEUU42NX5Z002996,2005,17,91,629,106,N,78660,1,1,14,5,3,,,,N,,,N,,,,,,,,,,,,,,,,,,,,,,37,,,,,,,,,,7,1,0,0,0,1,0,0,0,,,,,,,,
17014406,2,1,N,N,43,1GCGC29R6WE246310,1998,21,107,658,106,N,78703,1,1,4,4,12,,,,,STARS TOWING,,N,,,,,,,,,,,,,,,,,,,,,,0,,,,,,,,,,3,1,0,0,0,1,0,0,0,,,,,,,,
17014407,1,1,N,N,43,1G2AS18H097140685,2009,16,118,1103,104,N,78758,1,1,,,,,,,N,,,N,,,,,,,,,,,,,,,,,,,,,,34,,,,,,,,,,8,2,0,0,0,1,0,0,0,,,,,,,,
17014407,2,1,N,N,43,JT8BF28G4W5015406,1998,,58,1050,104,N,78758,1,1,4,1,2,,,,Y,DENVERS TOWING,DENVERS TOWING,N,,,,,,,,,,,,,,,,,,,,,,0,,,,,,,,,,2,1,0,0,0,1,0,0,0,,,,,,,,
17014408,1,1,N,N,43,KNDJX3A55G7861963,2016,16,55,1357,69,N,78758,1,1,14,5,3,,,,,PRONTO,,N,,,,,,,,,,,,,,,,,,,,,,0,,,,,,,,,,5,1,0,0,0,1,0,0,0,,,,,,,,
17014408,2,1,N,N,43,5FNRL38485B035501,2005,17,44,571,103,N,78758,1,1,1,4,12,,,,N,,,N,,,,,,,,,,,,,,,,,,,,,,0,,,,,,,,,,3,1,0,1,0,2,0,1,0,,,,,,,,
17014409,1,1,N,N,43,3FA6P0LU7KR118298,2019,21,37,1097,104,N,,1,1,2,3,10,,,,N,,,N,,,,,,,,,,,,,,,,,,,,,,15,,,,,,,,,,8,1,0,0,0,1,0,0,0,,,,,,,,
17014409,2,1,N,N,43,WBA3B1G53ENS79210,2014,2,14,652,104,N,78754,1,1,10,3,3,,,,N,620 LAKESIDE TOWING,620 LAKESIDE TOWING,N,,,,,,,,,,,,,,,,,,,,,,0,,,,,,,,,,1,1,0,0,0,1,0,0,0,,,,,,,,
17014410,1,1,N,N,43,5FNRL18923B138703,2003,3,44,571,103,N,78751,1,1,2,3,12,,,,N,,,N,,,,,,,,,,,,,,,,,,,,,,0,,,,,,,,,,5,1,0,0,1,1,0,1,0,,,,,,,,
17014410,2,1,N,N,43,2T3YFREVXDW068124,2013,21,91,581,69,N,78732,1,1,6,1,,2,1,12,N,,,N,,,,,,,,,,,,,,,,,,,,,,0,,,,,,,,,,5,1,0,0,0,2,0,0,0,,,,,,,,
17014410,3,1,N,N,43,1GNSCBKC4HR169584,2017,17,107,547,69,N,78605,1,1,6,1,1,,,,N,,,N,,,,,,,,,,,,,,,,,,,,,,0,,,,,,,,,,5,2,0,0,0,1,0,0,0,,,,,,,,
17014411,1,1,N,N,43,5XXGM4A77EG333968,2014,2,55,715,104,N,78753,1,2,1,2,12,,,,N,,,N,,,,,,,,,,,,,,,,,,,,,,20,,,,,,,,,,1,1,0,0,0,1,0,0,0,,,,,,,,
17014411,2,1,N,N,43,1N4AL3AP4HC229631,2017,9,71,500,104,N,78957,1,2,5,3,6,1,2,12,N,,,N,,,,,,,,,,,,,,,,,,,,,,0,,,,,,,,,,1,1,0,0,1,0,0,1,0,,,,,,,,
17014411,3,1,N,N,43,5UXZW0C56BL371046,2011,3,14,689,69,N,78749,1,2,5,2,6,,,,N,,,N,,,,,,,,,,,,,,,,,,,,,,0,,,,,,,,,,1,2,0,0,0,1,0,0,0,,,,,,,,
17014412,1,1,N,N,43,1J4GR48K06C256321,2006,9,429,970,104,Y,78745,2,,2,6,12,,,,N,EZ AUTO AND TOWING SERVICE,EZ AUTO AND TOWING SERVICE,N,,,,,,,,,,,,,,,,,,,,,,44,,,19,,,,,,,2,1,0,1,0,0,0,1,0,,,,,,,,
17014412,2,1,N,N,43,JM1CR2W34A0386682,2010,9,63,1211,104,Y,78745,1,1,6,6,6,,,,N,,,N,,,,,,,,,,,,,,,,,,,,,,,,,28,,,,,,,2,1,0,1,0,1,0,1,0,,,,,,,,
17014413,1,1,N,N,43,1FMYU01181KA70684,2001,21,37,711,104,N,78754,1,2,2,2,12,,,,N,ARMADA TOWING,1605 PLEASANT CV,N,,,,,,,,,,,,,,,,,,,,,,0,,,,,6,,,,,6,1,0,0,1,0,0,1,0,,,,,,,,
17014413,2,1,N,N,43,3N1AB7APXFY301153,2015,9,71,341,104,N,78753,1,2,15,3,9,,,,N,,,N,,,,,,,,,,,,,,,,,,,,,,0,,,,,,,,,,5,1,0,0,1,0,0,1,0,,,,,,,,
17014414,1,1,N,N,43,1FADP3F21FL325504,2015,17,37,696,104,N,75402,1,2,11,3,9,,,,Y,PRONTO WRECKER SERVICE NORTH,PRONTO WRECKER SERVICE NORTH,N,,,,,,,,,,,,,,,,,,,,,,70,,,,,,,,,,3,1,0,0,0,1,0,0,0,,,,,,,,
17014414,2,1,N,N,43,1FM5K7F81FGC34469,2015,9,37,554,104,N,33040,1,2,13,3,8,14,1,1,Y,SPECIAL AUTOMOTIVE SERVICE INC,SPECIAL AUTOMOTIVE SERVICE INC,N,,,,,,,,,,,,,,,,,,,,,,0,,,,,,,,,,7,1,0,0,0,1,0,0,0,,,,,,,,
17014454,1,1,N,N,43,1FMDU64P2YZB77734,2000,21,37,101,104,N,78745,3,2,2,1,12,,,,N,,,N,,,,,,,,,,,,,,,,,,,,,,19,,,,,,,,,,5,1,0,0,0,1,0,0,0,,,,,,,,
17014454,2,1,N,N,43,JN1BJ1CP7KW220579,2019,21,71,1310,104,N,78748,1,2,6,1,6,,,,N,,,N,,,,,,,,,,,,,,,,,,,,,,0,,,,,,,,,,5,1,0,0,1,0,0,1,0,,,,,,,,
17014456,1,1,N,N,43,1N4AL24E69C195147,2009,9,71,500,104,N,78634,1,2,12,4,2,,,,N,620 LAKESIDE TOWING,620 LAKESIDE TOWING,N,,,,,,,,,,,,,,,,,,,,,,,,,20,,,,,,,7,1,0,0,0,1,0,0,0,,,,,,,,
17014456,2,1,N,N,43,1FD8W3HT6KED73725,2019,21,37,2325,30,N,75181,1,2,13,1,9,,,,N,,,N,,,,,,,,,,,,,,,,,,,,,,,,,20,,,,,,,5,1,0,0,0,1,0,0,0,,,,,,,,
17014456,3,6,,,,,,,,,,,75181,,,,,,,,,,,,,,,,,,,,,,,,,,,,,,,,,,0,,,,,,,,,,9,2,0,0,0,1,0,0,0,,,,,,,,
17014457,1,1,N,N,43,1GCVKREC2EZ330250,2014,9,107,658,30,N,78724,1,2,14,4,3,,,,N,NA,NA,N,,,,,,,,,,,,,,,,,,,,,,39,,,,,,,,,,5,1,0,0,0,1,0,0,0,,,,,,,,
17014457,2,1,N,N,43,JHMCM56303C006835,2003,9,44,236,104,N,78666,1,2,2,4,12,,,,N,620 LAKESIDE TOWING,620 LAKESIDE TOWING,N,,,,,,,,,,,,,,,,,,,,,,0,,,,,,,,,,1,1,0,0,0,1,0,0,0,,,,,,,,
17014458,1,1,N,N,43,3GYFNAE35CS618460,2012,2,106,1373,69,N,78640,1,2,2,5,12,,,,N,ROCHAS TOWING SERVICE,ROCHAS TOWING SERVICE,N,,,,,,,,,,,,,,,,,,,,,,,,,20,45,,,,,,1,1,0,0,0,2,0,0,0,,,,,,,,
17014458,2,1,N,N,43,1C4PJLLB0KD110455,2019,16,429,970,69,N,78748,1,2,8,3,4,,,,N,SPECIAL AUTOMOTIVE SERVICE INC,SPECIAL AUTOMOTIVE SERVICE INC,N,,,,,,,,,,,,,,,,,,,,,,0,,,,,,,,,,7,1,0,0,0,1,0,0,0,,,,,,,,
17014459,1,1,N,N,43,3FAHP0JG1CR220588,2012,16,37,1097,104,N,78613,1,1,4,1,12,,,,N,,,N,,,,,,,,,,,,,,,,,,,,,,20,,,,,,,,,,7,1,0,0,0,1,0,0,0,,,,,,,,
17014459,2,1,Y,N,43,1C4NJPFA5HD122577,2017,2,429,1273,104,N,78738,1,1,9,1,7,,,,N,ROCHAS TOWING SERVICE,ROCHAS TOWING SERVICE,N,,,,,,,,,,,,,,,,,,,,,,0,,,,,,,,,,7,1,0,0,0,1,0,0,0,,,,,,,,