Crash_ID,Unit_Nbr,Unit_Desc_ID,Veh_Parked_Fl,Veh_HNR_Fl,Veh_Lic_State_ID,VIN,Veh_Mod_Year,Veh_Color_ID,Veh_Make_ID,Veh_Mod_ID,Veh_Body_Styl_ID,Emer_Respndr_Fl,Ownr_Zip,Fin_Resp_Proof_ID,Fin_Resp_Type_ID,Veh_Dmag_Area_1_ID,Veh_Dmag_Scl_1_ID,Force_Dir_1_ID,Veh_Dmag_Area_2_ID,Veh_Dmag_Scl_2_ID,Force_Dir_2_ID,Veh_Inventoried_Fl,Veh_Transp_Name,Veh_Transp_Dest,Veh_Cmv_Fl,Cmv_Fiveton_Fl,Cmv_Hazmat_Fl,Cmv_Nine_Plus_Pass_Fl,Cmv_Veh_Oper_ID,Cmv_Carrier_ID_Type_ID,Cmv_Carrier_Zip,Cmv_Veh_Type_ID,Cmv_GVWR,Cmv_RGVW,Cmv_Hazmat_Rel_Fl,Hazmat_Cls_1_ID,Hazmat_IDNbr_1_ID,Hazmat_Cls_2_ID,Hazmat_IDNbr_2_ID,Cmv_Cargo_Body_ID,Cmv_Evnt1_ID,Cmv_Evnt2_ID,Cmv_Evnt3_ID,Cmv_Evnt4_ID,Cmv_Tot_Axle,Cmv_Tot_Tire,Contrib_Factr_1_ID,Contrib_Factr_2_ID,Contrib_Factr_3_ID,Contrib_Factr_P1_ID,Contrib_Factr_P2_ID,Veh_Dfct_1_ID,Veh_Dfct_2_ID,Veh_Dfct_3_ID,Veh_Dfct_P1_ID,Veh_Dfct_P2_ID,Veh_Trvl_Dir_ID,First_Harm_Evt_Inv_ID,Sus_Serious_Injry_Cnt,Nonincap_Injry_Cnt,Poss_Injry_Cnt,Non_Injry_Cnt,Unkn_Injry_Cnt,Tot_Injry_Cnt,Death_Cnt,Cmv_Disabling_Damage_Fl,Cmv_Bus_Type_ID,Trlr_GVWR,Trlr_RGVW,Trlr_Type_ID,Trlr_Disabling_Dmag_ID,Cmv_Intermodal_Container_Permit_Fl,CMV_Actual_Gross_Weight
17017281,2,1,N,N,43,3GNDA33P88S531872,2008,8,107,1142,104,N,78745,1,2,6,1,6,,,,N,DRIVEN AWAY BY OWNER,DRIVEN AWAY BY OWNER,N,,,,,,,,,,,,,,,,,,,,,,0,,,,,,,,,,3,1,0,0,0,1,0,0,0,,,,,,,,
17017282,1,1,N,Y,43,JTDKN3DU3B0308341,2011,1,91,702,104,N,78741,1,2,4,2,1,12,1,1,N,SPECIAL AUTOMOTIVE SERVICE INC,SPECIAL AUTOMOTIVE SERVICE INC,N,,,,,,,,,,,,,,,,,,,,,,0,,,,,,,,,,5,1,0,0,0,1,0,0,0,,,,,,,,
17017282,2,1,N,Y,,,,99,208,763,106,N,,,,,,,,,,,,,N,,,,,,,,,,,,,,,,,,,,,,0,,,,,,,,,,5,1,0,0,0,0,0,0,0,,,,,,,,
17017283,1,1,N,N,43,1GCNCPEH3EZ239808,2014,2,107,658,30,N,78744,1,1,3,6,11,,,,N,SPECIAL AUTOMOTIVE SERVICE INC,SPECIAL AUTOMOTIVE SERVICE INC,N,,,,,,,,,,,,,,,,,,,,,,0,,,,,,,,,,7,1,0,0,0,1,0,0,0,,,,,,,,
17017284,1,1,N,N,43,JN8AT2MT9GW012638,2016,3,71,1310,69,N,78745,1,2,3,5,12,,,,N,ROCHAS TOWING SERVICE,ROCHAS TOWING SERVICE,N,,,,,,,,,,,,,,,,,,,,,,74,,,,,,,,,,1,1,0,0,1,0,0,1,0,,,,,,,,
17017284,2,1,N,N,43,1FTRW12W97KC81968,2007,16,37,2324,30,N,78640,1,2,6,2,6,,,,N,,,N,,,,,,,,,,,,,,,,,,,,,,0,,,,,,,,,,1,1,0,0,0,2,0,0,0,,,,,,,,
17017285,1,1,N,N,43,1GCEC19J79Z200266,2009,10,107,658,104,N,78617,2,,2,0,12,,,,N,,,N,,,,,,,,,,,,,,,,,,,,,,29,,,,,,,,,,1,1,0,0,0,1,0,0,0,,,,,,,,
17017285,2,1,N,N,43,5J8TB3H32HL020706,2017,21,1,705,104,N,78662,1,1,6,1,6,,,,N,,,N,,,,,,,,,,,,,,,,,,,,,,0,,,,,,,,,,1,1,0,0,1,0,0,1,0,,,,,,,,
17017286,1,1,N,Y,43,JH4CL95844C006006,2004,9,1,1430,104,N,78666,2,,2,5,12,,,,N,620 LAKESIDE TOWING,620 LAKESIDE TOWING,N,,,,,,,,,,,,,,,,,,,,,,44,,,,,,,,,,5,1,0,0,0,1,0,0,0,,,,,,,,
17017286,2,1,N,N,43,1HGCR2F58HA122887,2017,9,44,236,104,N,78753,1,2,8,4,6,2,2,12,N,620 LAKESIDE TOWING,620 LAKESIDE TOWING,N,,,,,,,,,,,,,,,,,,,,,,0,,,,,,,,,,5,1,0,0,1,0,0,1,0,,,,,,,,
17017287,1,1,N,N,43,WMWSU3C51BT097195,2011,21,115,742,100,N,78758,1,2,2,4,,,,,N,STARS TOWING,STARS TOWING,N,,,,,,,,,,,,,,,,,,,,,,44,,,,,,,,,,5,1,0,0,0,1,0,0,0,,,,,,,,
17017287,2,1,N,N,43,JF2GPASC2F8303235,2015,21,85,2555,104,N,78757,1,2,5,2,6,,,,N,,,N,,,,,,,,,,,,,,,,,,,,,,0,,,,,,,,,,5,1,0,0,0,1,0,0,0,,,,,,,,
17017288,1,1,N,N,43,1XP5DB9X4WN459385,1998,2,74,4058,87,N,78747,1,2,7,1,7,,,,N,,,Y,Y,N,N,1,2,78640,6,60000,0,N,,,,,6,13,,,,,,,,,35,,,,,,,4,1,0,0,0,1,0,0,0,N,0,,,,,N,
17017288,2,1,N,N,43,1GNEC16T61J232156,2001,18,107,2203,69,N,78727,3,2,3,5,11,1,3,12,Y,ROCHAS TOWING SERVICE,ROCHAS TOWING SERVICE,N,,,,,,,,,,,,,,,,,,,,,,,,,4,,,,,,,7,1,0,1,0,0,0,1,0,,,,,,,,
17017289,1,1,N,N,43,2GKALSEK0C6209658,2012,21,39,1392,69,N,78758,1,2,4,2,1,,,,N,ARMADA TOWING,ARMADA TOWING,N,,,,,,,,,,,,,,,,,,,,,,,,,20,41,,,,,,5,1,0,0,0,1,0,0,0,,,,,,,,
17017289,2,1,N,N,43,1GBHC44K49F148793,2009,21,107,2237,30,N,78660,1,2,13,1,7,,,,N,DRIVEN FROM SCENE,DRIVEN FROM SCENE,N,,,,,,,,,,,,,,,,,,,,,,0,,,,,,,,,,5,2,0,0,0,3,0,0,0,,,,,,,,
17017290,1,1,N,N,43,1HGCM72643A035507,2003,17,44,236,100,N,78744,2,,2,6,12,,,,N,AUSTIN EXPRESS TOWING INC.,AUSTIN EXPRESS TOWING INC.,N,,,,,,,,,,,,,,,,,,,,,,4,22,,,,,,,,,8,1,0,1,0,0,0,1,0,,,,,,,,
17017290,2,1,N,N,43,5TFEM5F14FX090552,2015,17,91,687,30,N,78747,1,1,6,5,6,2,3,12,N,ATX-VIP TOWING SERVICES,ATX-VIP TOWING SERVICES,N,,,,,,,,,,,,,,,,,,,,,,0,,,,,,,,,,8,1,0,0,4,0,0,4,0,,,,,,,,
17017290,3,1,N,N,43,2C3CA5CG1BH580300,2011,21,21,65,104,N,78744,1,1,6,4,6,2,2,12,N,ROCHAS TOWING SERVICE,ROCHAS TOWING SERVICE,N,,,,,,,,,,,,,,,,,,,,,,0,,,,,,,,,,8,2,0,3,1,0,0,4,0,,,,,,,,
17017290,4,1,N,N,43,JM1BL1UF1B1393489,2011,17,63,3917,104,N,78747,1,1,6,2,6,,,,N,,,N,,,,,,,,,,,,,,,,,,,,,,0,,,,,,,,,,8,2,0,0,1,0,0,1,0,,,,,,,,
17017291,1,1,N,N,43,4F4YR12D76PM00269,2006,9,63,934,30,N,78621,1,2,3,3,,4,3,,Y,HARPERS TOWING SERVICE INC,"9604 BEAR PAW TRL #A, DEL VALLE, TX",N,,,,,,,,,,,,,,,,,,,,,,22,,,,,,,,,,6,1,0,1,0,0,0,1,0,,,,,,,,
17017291,2,1,N,Y,,,,21,208,763,106,N,,2,,,,,,,,N,,,N,,,,,,,,,,,,,,,,,,,,,,0,,,,,,,,,,6,2,0,0,0,0,1,0,0,,,,,,,,
17017295,1,1,N,N,43,4T1BF1FK1EU435210,2014,2,91,380,104,N,78610,1,2,4,1,12,,,,Y,SOUTHSIDE WRECKER INC,8200 S. CONGRESS AVE,N,,,,,,,,,,,,,,,,,,,,,,0,,,,,,,,,,7,1,0,0,0,1,0,0,0,,,,,,,,
17017300,1,1,N,N,43,3BPZL70X9GF100372,2016,21,74,4038,106,N,78710,1,2,1,1,12,,,,N,SOUTHSIDE WRECKER INC,8200 S. CONGRESS AVE,Y,Y,N,N,1,2,78760,5,54900,0,N,,,,,9,9,1,18,,,,0,,,,,,,,,,5,1,0,0,0,1,0,0,0,Y,0,,,,,N,
17017301,1,1,N,N,43,2HGFB2F59CH585679,2012,5,44,256,104,N,78660,1,1,2,3,12,,,,N,EZ AUTO AND TOWING SERVICE,EZ AUTO AND TOWING SERVICE,N,,,,,,,,,,,,,,,,,,,,,,,,,22,,,,,,,3,1,0,1,0,0,0,1,0,,,,,,,,
17017302,1,1,N,N,43,1GNFK36YX9R135912,2009,2,107,249,69,N,78732,1,2,4,1,2,,,,N,,,N,,,,,,,,,,,,,,,,,,,,,,,,,20,59,,,,,,4,1,0,0,0,1,0,0,0,,,,,,,,
17017302,2,4,,,,,,,,,,,,,,,,,,,,,,,,,,,,,,,,,,,,,,,,,,,,,0,,,,,,,,,,9,1,0,1,0,0,0,1,0,,,,,,,,
17017303,1,1,N,N,43,1N4DL01AX1C158335,2001,,71,500,104,N,78611,1,2,1,3,12,,,,Y,SPECIAL AUTOMOTIVE SERVICE INC,SPECIAL AUTOMOTIVE SERVICE INC,N,,,,,,,,,,,,,,,,,,,,,,20,,,,,,,,,,3,1,0,0,2,1,0,2,0,,,,,,,,
17017303,2,1,N,N,43,1HGCR2F35FA029711,2015,2,44,236,104,N,78748,1,2,5,1,6,1,1,12,N,,,N,,,,,,,,,,,,,,,,,,,,,,0,,,,,,,,,,3,1,0,0,0,1,0,0,0,,,,,,,,
17017303,3,1,N,Y,113,,,99,,,0,N,,,,,,,,,,N,,,N,,,,,,,,,,,,,,,,,,,,,,0,,,,,,,,,,3,2,0,0,0,0,1,0,0,,,,,,,,
17017304,1,1,N,N,43,JTEXT17R878011554,2007,21,91,395,69,N,78745,1,1,2,0,11,,,,N,,,N,,,,,,,,,,,,,,,,,,,,,,0,,,,,,,,,,7,1,0,0,0,1,0,0,0,,,,,,,,
17017304,2,3,,,,,,,,,,,,,,,,,,,,,,,,,,,,,,,,,,,,,,,,,,,,,0,,,,,,,,,,9,1,0,0,0,1,0,0,0,,,,,,,,
17017328,1,1,N,N,43,1FAHP2MK6JG106148,2018,12,37,376,105,Y,78702,4,,4,1,12,,,,,,,N,,,,,,,,,,,,,,,,,,,,,,0,,,,,,,,,,8,1,0,0,0,1,0,0,0,,,,,,,,
17017328,2,1,N,N,43,1C4RJEAG5EC145750,2014,16,429,1116,69,N,78724,1,2,3,1,10,,,,N,,,N,,,,,,,,,,,,,,,,,,,,,,32,,,,,,,,,,6,1,0,0,0,2,0,0,0,,,,,,,,
17017332,1,1,N,N,43,4S4BP60C697337435,2009,21,85,1268,104,N,78734,1,1,2,6,12,,,,Y,FINGER TOWING SERVICE,FINGER TOWING SERVICE,N,,,,,,,,,,,,,,,,,,,,,,20,,,,,,,,,,7,1,0,0,0,1,0,0,0,,,,,,,,
17017332,2,1,N,N,43,3GYFNBEY6AS615209,2010,21,106,1373,104,N,78731,1,1,6,5,6,3,2,,Y,620 LAKESIDE TOWING,620 LAKESIDE TOWING,N,,,,,,,,,,,,,,,,,,,,,,0,,,,,,,,,,7,1,0,0,0,1,0,0,0,,,,,,,,
17017332,3,1,N,N,43,1FADP3E23DL123441,2013,21,37,696,104,N,78758,1,1,5,5,6,,,,N,,,N,,,,,,,,,,,,,,,,,,,,,,0,,,,,,,,,,7,2,0,0,0,1,0,0,0,,,,,,,,
17017773,1,1,N,N,43,3VWJ17AT7HM615959,2017,21,96,181,100,N,78759,1,1,,,,,,,N,,,N,,,,,,,,,,,,,,,,,,,,,,20,29,,,,,,,,,5,1,0,0,0,1,0,0,0,,,,,,,,
17017773,2,4,,,,,,,,,,,,,,,,,,,,,,,,,,,,,,,,,,,,,,,,,,,,,0,,,,,,,,,,9,1,0,1,0,0,0,1,0,,,,,,,,
17017802,1,1,N,N,59,3C63DRGL7CG153097,2012,21,710,4102,30,N,P7C-2G1,1,2,11,1,10,,0,,N,,,N,,,,,,,,,,,,,,,,,,,,,,20,,,,,,,,,,8,1,0,0,0,1,0,0,0,,,,,,,,
17017802,2,1,N,N,43,JM3KE2CY7G0657533,2016,3,63,2471,69,N,78669,1,2,12,2,2,,,,N,620-LAKESIDE: 512-266-8620,"12400 ANDERSON MILL, AUSTIN 78726",N,,,,,,,,,,,,,,,,,,,,,,20,,,,,,,,,,6,1,0,0,0,1,0,0,0,,,,,,,,
17017834,1,1,N,N,43,3GNEC13T22G150559,2002,17,107,730,30,N,76049,1,2,2,3,12,,,,Y,SPECIAL AUTO: 512-280-2642,"10462 FM 812, AUSTIN 78744",N,,,,,,,,,,,,,,,,,,,,,,67,22,,,,,,,,,2,1,0,0,0,1,0,0,0,,,,,,,,
17017834,2,1,N,N,31,1N4AL3AP6JC119492,2018,17,71,500,104,N,87117,1,2,,,,,,,N,,,N,,,,,,,,,,,,,,,,,,,,,,0,,,,,,,,,,2,1,0,0,0,2,0,0,0,,,,,,,,
17018816,1,1,N,N,43,1FTCR14U4TPA10919,1996,18,37,101,30,N,78704,1,2,16,1,,,,,N,,,N,,,,,,,,,,,,,,,,,,,,,,37,,,,,,,,,,5,1,0,0,0,1,0,0,0,,,,,,,,
17018816,2,3,,,,,,,,,,,,,,,,,,,,,,,,,,,,,,,,,,,,,,,,,,,,,0,,,,,,,,,,9,1,0,0,0,1,0,0,0,,,,,,,,
17019712,1,1,N,N,43,JHLRD18611C006287,2001,10,44,605,69,N,78748,1,3,4,2,12,,,,N,,,N,,,,,,,,,,,,,,,,,,,,,,34,20,,,,,,,,,5,1,0,0,0,1,0,0,0,,,,,,,,
17019712,2,1,N,N,43,2T1CG22PX1C447795,2001,8,91,269,100,N,78745,1,1,9,3,9,,,,N,,,N,,,,,,,,,,,,,,,,,,,,,,0,,,,,,,,,,3,1,0,0,0,1,0,0,0,,,,,,,,
17020190,1,1,N,N,43,3VWD17AJ9FM229214,2015,17,96,316,104,N,78741,1,2,3,2,11,,,,N,SPECIAL AUTOMOTIVE SERVICE INC,SPECIAL AUTOMOTIVE SERVICE INC,N,,,,,,,,,,,,,,,,,,,,,,,,,60,,,,,,,5,1,0,0,0,1,0,0,0,,,,,,,,
17020190,2,1,N,N,43,KL8CF6S95EC495515,2014,16,107,2244,104,N,76642,1,2,4,3,12,,,,N,EZ AUTO AND TOWING SERVICE,EZ AUTO AND TOWING SERVICE,N,,,,,,,,,,,,,,,,,,,,,,,,,49,,,,,,,5,1,0,0,0,1,0,0,0,,,,,,,,
17020190,3,1,Y,N,43,1FAHP2D89DG126337,2013,17,37,376,104,N,78734,1,2,15,2,9,,,,N,,,N,,,,,,,,,,,,,,,,,,,,,,0,,,,,,,,,,5,2,0,0,0,0,0,0,0,,,,,,,,
17020866,1,1,N,N,43,3VWDB7AJ2HM365300,2017,3,96,316,104,N,78045,1,1,2,3,12,,,,N,SPECIAL AUTOMOTIVE SERVICE INC,SPECIAL AUTOMOTIVE SERVICE INC,N,,,,,,,,,,,,,,,,,,,,,,34,48,,,,,,,,,7,1,0,1,0,3,0,1,0,,,,,,,,
17020866,2,1,N,N,43,WDBUF56X58B354399,2008,21,65,118,104,N,78747,1,1,3,3,1,,,,N,A & A WRECKER NORTH,A & A WRECKER NORTH,N,,,,,,,,,,,,,,,,,,,,,,0,,,,,,,,,,1,1,1,0,0,0,0,1,0,,,,,,,,
17020993,1,1,N,N,43,1N4DL01D6XC182408,1999,10,71,500,104,N,78665,1,2,2,6,12,,,,Y,A-TEX TOWING,A-TEX TOWING,N,,,,,,,,,,,,,,,,,,,,,,20,,,,,,,,,,3,1,0,0,0,1,0,0,0,,,,,,,,
17020993,2,1,N,N,43,1C4RDHDG0FC771163,2015,9,109,635,69,N,78660,1,2,6,2,6,,,,N,,,N,,,,,,,,,,,,,,,,,,,,,,0,,,,,,,,,,3,1,0,0,0,1,0,0,0,,,,,,,,
17020995,1,1,N,N,43,JTDBR32EX42023613,2004,,91,173,104,N,,1,1,4,1,2,,,,N,,,N,,,,,,,,,,,,,,,,,,,,,,0,,,,,,,,,,11,1,0,0,0,2,0,0,0,,,,,,,,
17020995,2,3,,,,,,,,,,,,,,,,,,,,,,,,,,,,,,,,,,,,,,,,,,,,,0,,,,,,,,,,9,1,0,0,1,0,0,1,0,,,,,,,,
17021000,1,1,N,N,43,WVGAV7AX9FW532374,2015,2,96,1396,104,N,78705,1,2,2,7,12,,,,N,ROCHAS TOWING SERVICE,ROCHAS TOWING SERVICE,N,,,,,,,,,,,,,,,,,,,,,,20,,,,,,,,,,1,1,0,0,0,1,0,0,0,,,,,,,,
17021000,2,1,N,N,43,WDC0G4JB9JV050106,2018,2,65,1113,104,N,78735,1,2,6,4,6,2,1,12,N,EZ AUTO AND TOWING SERVICE,EZ AUTO AND TOWING SERVICE,N,,,,,,,,,,,,,,,,,,,,,,0,,,,,,,,,,1,1,0,0,0,1,0,0,0,,,,,,,,
17021000,3,1,N,N,43,5FPYK1F7XEB009845,2014,21,44,1306,104,N,78749,1,2,6,2,6,,,,N,,,N,,,,,,,,,,,,,,,,,,,,,,14,,,,,,,,,,1,2,0,0,0,1,0,0,0,,,,,,,,
17021001,1,1,N,N,43,JHLRD78814C033269,2004,17,44,605,69,N,,1,1,11,1,11,,,,Y,SOUTHSIDE WRECKER INC,8200 S. CONGRESS AVE,N,,,,,,,,,,,,,,,,,,,,,,67,,,,,,,,,,6,1,0,0,0,1,0,0,0,,,,,,,,
17021001,2,1,N,N,43,WB1044000EZW23355,2014,21,14,21,71,Y,,1,1,12,0,1,,,,,,,N,,,,,,,,,,,,,,,,,,,,,,0,,,,,,,,,,6,1,0,0,0,1,0,0,0,,,,,,,,
17021003,1,1,N,N,43,1C4NJPBA9HD116450,2017,2,429,1273,69,N,78753,1,1,3,3,10,,,,N,,,N,,,,,,,,,,,,,,,,,,,,,,0,,,,,,,,,,8,1,0,0,0,1,0,0,0,,,,,,,,
17021003,2,1,N,N,43,3KPFK4A71JE234258,2018,17,55,1093,104,N,78660,1,1,4,3,1,2,2,12,Y,ATX-VIP TOWING SERVICES,ATX-VIP TOWING SERVICES,N,,,,,,,,,,,,,,,,,,,,,,0,,,,,,,,,,2,1,0,0,1,3,0,1,0,,,,,,,,
17021004,1,1,N,N,43,5FRYD3H44FB010684,2015,21,1,705,104,N,78739,1,1,18,4,12,,,,Y,SPECIAL AUTOMOTIVE SERVICE INC,SPECIAL AUTOMOTIVE SERVICE INC,N,,,,,,,,,,,,,,,,,,,,,,67,,,,,,,,,,3,1,0,0,0,1,0,0,0,,,,,,,,
17021005,1,1,N,N,43,4UZAC2EA7KCKU3357,2019,21,38,1524,103,N,78747,2,,2,1,11,,,,,,,N,,,,,,,,,,,,,,,,,,,,,,35,,,,,,,,,,6,1,0,0,0,1,0,0,0,,,,,,,,
17021005,2,1,N,N,43,JHMCM56643C081449,2003,16,44,236,104,N,,1,2,12,3,3,,,,,SPECIAL AUTOMOTIVE SERVICE INC,SPECIAL AUTOMOTIVE SERVICE INC,N,,,,,,,,,,,,,,,,,,,,,,0,,,,,,,,,,4,1,0,0,0,1,0,0,0,,,,,,,,
17021006,1,1,N,N,43,4F4YR12D18PM05213,2008,21,63,2466,30,N,78723,1,2,4,3,1,,,,N,AZTECA TOWING,5805 BLUE BLUFF RD,N,,,,,,,,,,,,,,,,,,,,,,0,,,,,,,,,,1,1,0,0,0,1,0,0,0,,,,,,,,
17021007,1,1,N,N,43,3VWSK69M75M019223,2005,3,96,316,104,N,78617,1,2,2,1,12,,,,N,,,N,,,,,,,,,,,,,,,,,,,,,,35,,,,,,,,,,6,1,0,0,0,1,0,0,0,,,,,,,,
17021007,2,1,N,N,43,2T1BU4EE2BC566937,2011,9,91,173,104,N,75081,1,2,7,2,9,,,,N,AUS-TEX AUTO ENTERPRISES LLC,AUS-TEX AUTO ENTERPRISES LLC,N,,,,,,,,,,,,,,,,,,,,,,0,,,,,,,,,,4,1,0,0,1,0,0,1,0,,,,,,,,
17021007,3,1,N,N,43,5N1AT2MT9FC802903,2015,17,71,1310,69,N,78753,1,2,3,1,11,,,,N,,,N,,,,,,,,,,,,,,,,,,,,,,0,,,,,,,,,,2,2,0,0,0,1,0,0,0,,,,,,,,
17021008,1,1,N,N,43,5XXGT4L38HG154842,2017,9,55,715,104,N,78757,1,2,7,2,6,,,,N,,,N,,,,,,,,,,,,,,,,,,,,,,66,,,20,,,,,,,6,1,0,0,0,1,0,0,0,,,,,,,,
17021008,2,1,N,N,43,1GCEK14V5XZ163373,1999,3,107,2202,30,N,78734,1,2,4,1,12,,,,Y,,,N,,,,,,,,,,,,,,,,,,,,,,0,,,,,,,,,,8,1,0,0,1,2,0,1,0,,,,,,,,
17021009,1,1,N,N,43,JTDBU4EE9B9138725,2011,3,91,173,104,N,78748,1,1,15,3,9,,,,N,,,N,,,,,,,,,,,,,,,,,,,,,,37,,,,,,,,,,6,1,0,1,0,0,0,1,0,,,,,,,,
17021009,2,1,N,N,43,1C3AL56R75N562409,2005,17,21,593,104,N,78666,1,1,3,4,11,,,,N,EZ AUTO AND TOWING SERVICE,EZ AUTO AND TOWING SERVICE,N,,,,,,,,,,,,,,,,,,,,,,0,,,,,,,,,,8,1,0,1,0,0,0,1,0,,,,,,,,
17021010,1,1,N,N,43,2FAFP71V58X176831,2008,1,37,995,104,N,78723,1,1,,,,,,,N,BULLET TOWING,BULLET TOWING,N,,,,,,,,,,,,,,,,,,,,,,4,20,22,,,,,,,,5,1,0,0,1,1,0,1,0,,,,,,,,
17021010,2,1,N,N,43,5XYKT4A16BG039171,2011,21,55,767,69,N,78729,1,2,,,,,,,N,ROCHAS TOWING SERVICE,ROCHAS TOWING SERVICE,N,,,,,,,,,,,,,,,,,,,,,,0,,,,,,,,,,5,1,0,0,0,1,0,0,0,,,,,,,,
17021010,3,1,N,N,43,1FDRF3G62DEB37253,2013,21,37,2326,30,N,00001,3,1,,,,,,,,NA,NA,N,,,,,,,,,,,,,,,,,,,,,,0,,,,,,,,,,5,2,0,0,0,1,0,0,0,,,,,,,,
17021011,1,1,N,N,43,1C6RR6TT6ES407295,2014,21,109,2275,30,N,78747,1,2,4,6,12,,,,N,STARS TOWING,STARS TOWING,N,,,,,,,,,,,,,,,,,,,,,,0,,,,,,,,,,1,1,0,0,0,1,0,0,0,,,,,,,,
17021011,2,6,,,,,,,,,,,78745,,,,,,,,,,,,,,,,,,,,,,,,,,,,,,,,,,0,,,,,,,,,,9,2,0,0,0,0,0,0,0,,,,,,,,
17021011,3,1,N,N,43,4P1BAAGF3JA018730,2018,16,181,1079,23,N,78702,4,,7,2,6,,,,N,,,N,,,,,,,,,,,,,,,,,,,,,,0,,,,,,,,,,1,1,0,0,0,4,0,0,0,,,,,,,,
17021012,1,1,N,N,43,3FA6P0H79FR237530,2015,9,37,1097,104,N,78727,1,1,,,,,,,N,,,N,,,,,,,,,,,,,,,,,,,,,,0,,,,,,,,,,1,1,0,0,0,0,1,0,0,,,,,,,,
17021012,2,1,N,N,12,KMHCT5AE9EU179288,2014,17,45,557,104,N,78758,2,,2,5,12,6,5,6,N,EZ AUTO AND TOWING SERVICE,EZ AUTO AND TOWING SERVICE,N,,,,,,,,,,,,,,,,,,,,,,0,,,,,,,,,,1,1,0,0,0,1,0,0,0,,,,,,,,
17021012,3,1,N,Y,113,,,99,,,0,N,,,,,,,,,,N,,,N,,,,,,,,,,,,,,,,,,,,,,0,,,,,,,,,,1,2,0,0,0,0,1,0,0,,,,,,,,
17021013,1,1,N,N,43,1ZVFT80N465131226,2006,3,37,96,100,N,78753,3,1,1,2,12,,,,Y,SOUTHSIDE WRECKER INC,8200 S. CONGRESS AVE,N,,,,,,,,,,,,,,,,,,,,,,60,,,,,,,,,,7,1,0,0,0,2,0,0,0,,,,,,,,
17021013,2,1,Y,N,43,1FM5K8AR7DGC26055,2013,98,37,554,105,N,,1,1,5,1,6,,,,N,,,N,,,,,,,,,,,,,,,,,,,,,,0,,,,,,,,,,7,1,0,0,0,1,0,0,0,,,,,,,,
17021014,1,1,N,N,43,2HJYK16479H501758,2009,15,44,1306,104,N,78750,1,1,4,4,1,,,,Y,620 LAKESIDE TOWING,620 LAKESIDE TOWING,N,,,,,,,,,,,,,,,,,,,,,,19,,,,,,,,,,6,1,0,0,0,1,0,0,0,,,,,,,,
17021016,1,1,N,N,43,2HKRM3H72EH511203,2014,9,44,236,104,N,78753,1,2,14,3,3,3,3,11,N,STARS TOWING,STARS TOWING,N,,,,,,,,,,,,,,,,,,,,,,16,,,,,,,,,,7,1,0,1,0,0,0,1,0,,,,,,,,
17021016,2,1,N,N,43,5XYZW3LA7DG008396,2013,21,45,462,104,N,78753,1,2,2,3,12,,,,N,EZ AUTO AND TOWING SERVICE,EZ AUTO AND TOWING SERVICE,N,,,,,,,,,,,,,,,,,,,,,,0,,,,,,,,,,5,1,0,3,0,0,0,3,0,,,,,,,,
17021016,3,1,N,N,43,1FT7W2B63GEC60979,2016,21,37,2325,30,N,78652,1,2,3,2,11,,,,N,DRIVEN AWAY,DRIVEN AWAY,N,,,,,,,,,,,,,,,,,,,,,,0,,,,,,,,,,3,2,0,0,0,1,0,0,0,,,,,,,,
17021017,1,1,N,N,43,1N4AL2AP7BN433278,2011,9,71,500,104,N,78744,2,,6,5,6,,,,Y,AUS-TEX AUTO ENTERPRISES LLC,AUS-TEX AUTO ENTERPRISES LLC,N,,,,,,,,,,,,,,,,,,,,,,67,20,34,,,,,,,,3,1,0,0,0,1,0,0,0,,,,,,,,
17021017,2,1,N,N,43,2T3H1RFV3KW008356,2019,9,91,581,0,N,75261,1,7,2,2,12,,,,Y,AVILES & GABES WRECKER SERVICE INC.,AVILES & GABES WRECKER SERVICE INC.,N,,,,,,,,,,,,,,,,,,,,,,0,,,,,,,,,,5,1,0,0,0,2,0,0,0,,,,,,,,
17021018,1,1,N,N,43,JTDBT923971073027,2007,9,91,1477,104,N,78741,2,,2,5,12,,,,N,EZ AUTO AND TOWING SERVICE,EZ AUTO AND TOWING SERVICE,N,,,,,,,,,,,,,,,,,,,,,,0,,,,,,,,,,1,1,0,0,0,1,0,0,0,,,,,,,,
17021018,2,1,N,N,43,KNDJT2A25A7094845,2010,,55,1357,69,N,76021,1,2,6,5,6,,,,N,AUS-TEX AUTO ENTERPRISES LLC,AUS-TEX AUTO ENTERPRISES LLC,N,,,,,,,,,,,,,,,,,,,,,,0,,,,,,,,,,1,1,0,0,0,1,0,0,0,,,,,,,,
17021018,3,1,N,N,43,5NPDH4AE9EH534717,2014,2,45,480,104,N,,1,2,6,4,6,,,,N,,,N,,,,,,,,,,,,,,,,,,,,,,74,,,,,6,,,,,1,2,0,0,0,4,0,0,0,,,,,,,,
17021018,4,1,N,N,43,WAUGUGFF3J1044994,2018,9,8,892,104,N,60048,1,2,6,1,6,,,,N,,,N,,,,,,,,,,,,,,,,,,,,,,0,,,,,,,,,,1,2,0,0,0,1,0,0,0,,,,,,,,
17021019,1,1,N,N,43,JTEZU5JR3D5051910,2013,21,91,395,69,N,78727,1,1,4,2,1,,,,N,,,N,,,,,,,,,,,,,,,,,,,,,,34,,,,,,,,,,3,1,0,0,0,1,0,0,0,,,,,,,,