Crash_ID,Unit_Nbr,Unit_Desc_ID,Veh_Parked_Fl,Veh_HNR_Fl,Veh_Lic_State_ID,VIN,Veh_Mod_Year,Veh_Color_ID,Veh_Make_ID,Veh_Mod_ID,Veh_Body_Styl_ID,Emer_Respndr_Fl,Ownr_Zip,Fin_Resp_Proof_ID,Fin_Resp_Type_ID,Veh_Dmag_Area_1_ID,Veh_Dmag_Scl_1_ID,Force_Dir_1_ID,Veh_Dmag_Area_2_ID,Veh_Dmag_Scl_2_ID,Force_Dir_2_ID,Veh_Inventoried_Fl,Veh_Transp_Name,Veh_Transp_Dest,Veh_Cmv_Fl,Cmv_Fiveton_Fl,Cmv_Hazmat_Fl,Cmv_Nine_Plus_Pass_Fl,Cmv_Veh_Oper_ID,Cmv_Carrier_ID_Type_ID,Cmv_Carrier_Zip,Cmv_Veh_Type_ID,Cmv_GVWR,Cmv_RGVW,Cmv_Hazmat_Rel_Fl,Hazmat_Cls_1_ID,Hazmat_IDNbr_1_ID,Hazmat_Cls_2_ID,Hazmat_IDNbr_2_ID,Cmv_Cargo_Body_ID,Cmv_Evnt1_ID,Cmv_Evnt2_ID,Cmv_Evnt3_ID,Cmv_Evnt4_ID,Cmv_Tot_Axle,Cmv_Tot_Tire,Contrib_Factr_1_ID,Contrib_Factr_2_ID,Contrib_Factr_3_ID,Contrib_Factr_P1_ID,Contrib_Factr_P2_ID,Veh_Dfct_1_ID,Veh_Dfct_2_ID,Veh_Dfct_3_ID,Veh_Dfct_P1_ID,Veh_Dfct_P2_ID,Veh_Trvl_Dir_ID,First_Harm_Evt_Inv_ID,Sus_Serious_Injry_Cnt,Nonincap_Injry_Cnt,Poss_Injry_Cnt,Non_Injry_Cnt,Unkn_Injry_Cnt,Tot_Injry_Cnt,Death_Cnt,Cmv_Disabling_Damage_Fl,Cmv_Bus_Type_ID,Trlr_GVWR,Trlr_RGVW,Trlr_Type_ID,Trlr_Disabling_Dmag_ID,Cmv_Intermodal_Container_Permit_Fl,CMV_Actual_Gross_Weight
17021019,2,1,N,N,43,3N1CN7AP7CL881924,2012,3,71,1452,104,N,78724,1,1,15,3,9,,,,Y,STARS TOWING,STARS TOWING,N,,,,,,,,,,,,,,,,,,,,,,23,,,,,,,,,,5,1,0,0,0,1,0,0,0,,,,,,,,
17021030,1,1,N,N,43,5NPD84LF4HH035575,2017,21,45,480,104,N,78759,1,1,2,4,12,,,,N,AVILES & GABES WRECKER SERVICE INC.,AVILES & GABES WRECKER SERVICE INC.,N,,,,,,,,,,,,,,,,,,,,,,20,,,,,,,,,,1,1,0,0,0,1,0,0,0,,,,,,,,
17021030,2,1,N,N,43,5LMJJ3H51AEJ09373,2010,17,113,638,69,N,78722,1,1,5,2,6,,,,N,,,N,,,,,,,,,,,,,,,,,,,,,,0,,,,,,,,,,1,1,0,0,0,1,0,0,0,,,,,,,,
17021031,1,1,N,N,43,JS3TE1D97A4110021,2010,2,88,626,104,N,78660,1,2,2,3,12,,,,N,EZ AUTO AND TOWING SERVICE,EZ AUTO AND TOWING SERVICE,N,,,,,,,,,,,,,,,,,,,,,,0,,,,,,,,,,7,1,0,0,0,1,0,0,0,,,,,,,,
17021031,2,1,N,N,43,JTDKT4K31B5329911,2011,17,91,1477,104,N,78745,1,2,2,3,12,,,,N,N/A,N/A,N,,,,,,,,,,,,,,,,,,,,,,0,,,,,,,,,,1,1,0,0,0,1,0,0,0,,,,,,,,
17021034,1,1,N,N,43,1FM5K8AR2GGC61560,2016,2,37,554,105,N,78702,1,7,5,0,6,7,0,4,N,,,N,,,,,,,,,,,,,,,,,,,,,,0,,,,,,,,,,2,1,0,0,0,1,0,0,0,,,,,,,,
17021034,2,1,N,N,43,JA4MS41X29Z007145,2009,,68,775,69,N,78753,1,1,2,0,12,3,0,2,N,,,N,,,,,,,,,,,,,,,,,,,,,,0,,,,,,,,,,6,1,0,0,0,4,0,0,0,,,,,,,,
17021035,1,1,N,N,43,1HGCD5663VA134790,1997,21,44,236,104,N,,1,2,1,2,12,,,,,SPECIAL AUTOMOTIVE SERVICE INC,SPECIAL AUTOMOTIVE SERVICE INC,N,,,,,,,,,,,,,,,,,,,,,,0,,,,,,,,,,1,1,0,0,0,1,0,0,0,,,,,,,,
17021035,2,1,N,N,43,3N1AB6AP4CL617554,2012,17,71,341,104,N,78681,1,2,1,1,12,,,,,,,N,,,,,,,,,,,,,,,,,,,,,,0,,,,,,,,,,1,1,0,0,0,1,0,0,0,,,,,,,,
17021036,1,1,N,N,43,JN1CV6AP0AM200600,2010,,47,466,104,N,,2,,4,5,11,,,,N,ATX-VIP TOWING SERVICES,ATX-VIP TOWING SERVICES,N,,,,,,,,,,,,,,,,,,,,,,0,,,,,,,,,,1,1,0,0,0,1,0,0,0,,,,,,,,
17021036,2,1,N,N,43,3GNEC12J57G162812,2007,,107,730,106,N,,2,,3,4,11,,,,,,,N,,,,,,,,,,,,,,,,,,,,,,0,,,,,,,,,,7,1,0,0,0,1,0,0,0,,,,,,,,
17021037,1,1,N,N,43,3CZRU5H51GM753465,2016,9,44,107,69,N,78748,1,1,3,5,11,,,,N,HARPERS TOWING SERVICE INC,HARPERS TOWING SERVICE INC,N,,,,,,,,,,,,,,,,,,,,,,37,,,,,,,,,,1,1,0,0,0,1,0,0,0,,,,,,,,
17021037,2,1,N,N,43,1GKEK13R8XR516486,1999,21,39,479,69,N,78736,1,1,2,6,12,,,,N,ROCHAS TOWING SERVICE,RESIDENCE,N,,,,,,,,,,,,,,,,,,,,,,0,,,,,,,,,,3,1,0,0,0,1,0,0,0,,,,,,,,
17021038,1,1,N,N,43,5FNYF5H16GB005162,2016,21,44,761,69,N,78744,1,2,7,4,8,,,,N,,,N,,,,,,,,,,,,,,,,,,,,,,15,,,20,,,,,,,7,1,0,1,0,0,0,1,0,,,,,,,,
17021038,2,1,N,N,43,JTHBF1D22F5047307,2015,2,58,1156,104,N,78729,1,2,3,5,11,,,,N,SOUTHSIDE WRECKER INC,8200 S. CONGRESS AVE,N,,,,,,,,,,,,,,,,,,,,,,0,,,,,,,,,,1,1,0,0,0,1,0,0,0,,,,,,,,
17021039,1,1,N,N,43,4F2YU09141KM09742,2001,17,63,719,69,N,78745,1,2,2,3,12,,,,N,SOUTHSIDE WRECKER INC,8200 S. CONGRESS AVE,N,,,,,,,,,,,,,,,,,,,,,,44,,,20,,,,,,,7,1,0,0,0,3,0,0,0,,,,,,,,
17021039,2,1,N,N,43,1GCGG29C591121374,2009,21,107,2821,103,N,77081,1,2,6,3,6,,,,,,,N,,,,,,,,,,,,,,,,,,,,,,0,,,,,,,,,,7,1,0,0,0,1,0,0,0,,,,,,,,
17021040,1,1,N,N,43,JTLKE50E081042021,2008,3,91,2576,104,N,78741,1,1,,,,,,,N,,,N,,,,,,,,,,,,,,,,,,,,,,0,,,,,,,,,,3,1,0,0,1,1,0,1,0,,,,,,,,
17021041,1,1,N,N,43,JF1GV7E6XBG524214,2011,21,85,4156,100,N,78613,1,2,1,4,12,,,,N,DRIVER FROM SCENE,FROM SCENE BY DRIVER,N,,,,,,,,,,,,,,,,,,,,,,0,,,,,,,,,,3,1,0,0,0,1,0,0,0,,,,,,,,
17021041,2,1,N,N,43,1N4AL2EP9DC134528,2013,3,71,500,104,N,78613,1,2,5,5,6,,,,N,DRIVER FROM SCENE,FROM SCENE BY DRIVER,N,,,,,,,,,,,,,,,,,,,,,,0,,,,,,,,,,3,1,0,0,1,0,0,1,0,,,,,,,,
17021042,1,1,N,N,43,JHMFA36217S002483,2007,17,44,256,104,N,78666,1,2,14,2,3,,,,N,EZ AUTO AND TOWING SERVICE,EZ AUTO AND TOWING SERVICE,N,,,,,,,,,,,,,,,,,,,,,,20,22,74,,,,,,,,3,1,0,0,0,1,0,0,0,,,,,,,,
17021043,1,1,N,N,43,1G1ZU63886F132017,2006,21,107,56,104,N,78732,2,,,,,,,,N,PRONTO WRECKER SERVICE NORTH,PRONTO WRECKER SERVICE NORTH,N,,,,,,,,,,,,,,,,,,,,,,20,60,74,,,,,,,,3,1,0,0,0,1,0,0,0,,,,,,,,
17021044,1,1,N,N,43,NM0LS6AN3DT156474,2013,21,37,1412,103,N,,1,2,3,3,12,,,,N,,,N,,,,,,,,,,,,,,,,,,,,,,20,15,,,,,,,,,6,1,0,0,1,0,0,1,0,,,,,,,,
17021044,2,1,N,N,43,4T1BK1FKXHU577443,2017,2,91,380,104,N,78624,1,2,14,3,3,,,,N,STARS TOWING,STARS TOWING,N,,,,,,,,,,,,,,,,,,,,,,0,,,,,,,,,,8,1,0,0,1,1,0,1,0,,,,,,,,
17021045,1,1,N,N,43,5FNRL38696B432850,2006,1,44,571,103,N,78676,1,2,1,7,12,,,,N,SOUTHSIDE WRECKER INC,8200 S. CONGRESS AVE,N,,,,,,,,,,,,,,,,,,,,,,0,,,,,,,,,,7,1,0,0,0,1,0,0,0,,,,,,,,
17021045,2,1,N,N,43,1G1BE5SM6G7297227,2016,3,107,2209,104,N,76544,1,2,6,7,6,2,7,12,N,A-TEX TOWING,5526 1/2 W HWY 290,N,,,,,,,,,,,,,,,,,,,,,,0,,,,,,,,,,7,1,0,0,1,0,0,1,0,,,,,,,,
17021045,3,1,N,N,43,JF2GPABC9GH213002,2016,3,85,646,104,N,78640,1,2,5,7,6,1,6,12,N,DRIVER FROM SCENE,FROM SCENE BY DRIVER,N,,,,,,,,,,,,,,,,,,,,,,0,,,,,,,,,,7,2,0,0,2,0,0,2,0,,,,,,,,
17021045,4,1,N,N,43,1VWAH7A33CC108532,2012,17,96,473,104,N,78748,1,2,5,7,6,,,,N,DRIVER FROM SCENE,FROM SCENE BY DRIVER,N,,,,,,,,,,,,,,,,,,,,,,0,,,,,,,,,,7,2,0,0,1,0,0,1,0,,,,,,,,
17021046,1,1,N,N,43,19UUA66245A012309,2005,21,1,564,104,N,75240,1,2,1,2,12,,,,N,620 LAKESIDE TOWING,"12400 ANDERSON MILL RD, AUSTIN, 78726",N,,,,,,,,,,,,,,,,,,,,,,22,75,,,,,,,,,6,1,0,1,0,0,0,1,0,,,,,,,,
17021046,2,1,N,N,43,5YFBURHE0FP183125,2015,2,91,173,104,N,78717,1,2,8,3,6,14,3,5,N,FINGER TOWING SERVICE,"307 FARLEY DR, AUSTIN, TX, 78753",N,,,,,,,,,,,,,,,,,,,,,,0,,,,,,,,,,6,1,0,1,0,0,0,1,0,,,,,,,,
17021047,1,1,N,N,43,SAJWA0GB5BLR85395,2011,,51,111,104,N,78723,1,2,4,4,1,15,3,9,Y,DENVERS TOWING,DENVERS TOWING,N,,,,,,,,,,,,,,,,,,,,,,0,,,,,,,,,,5,1,0,0,0,1,0,0,0,,,,,,,,
17021048,1,1,N,N,43,WMWRE33442TD54923,2002,16,115,742,100,N,78745,2,,,,,,,,,,,N,,,,,,,,,,,,,,,,,,,,,,47,,,,,,,,,,5,1,0,0,0,1,0,0,0,,,,,,,,
17021049,1,1,N,N,43,2HGFA16848H504778,2008,9,44,256,104,N,78758,1,1,4,3,2,,,,Y,EZ AUTO AND TOWING SERVICE,EZ AUTO AND TOWING SERVICE,N,,,,,,,,,,,,,,,,,,,,,,0,,,,,,,,,,1,1,0,0,0,1,0,0,0,,,,,,,,
17021049,2,1,N,N,43,1C4NJCBAXGD628483,2016,21,429,983,69,N,78759,1,1,3,3,10,,,,Y,EZ AUTO AND TOWING SERVICE,EZ AUTO AND TOWING SERVICE,N,,,,,,,,,,,,,,,,,,,,,,0,,,,,,,,,,7,1,0,0,0,1,0,0,0,,,,,,,,
17021053,1,1,N,N,43,KNDCB3LC0K5256496,2019,17,55,611,69,N,78751,1,2,2,3,12,,,,Y,STARS TOWING,STARS TOWING,N,,,,,,,,,,,,,,,,,,,,,,22,,,19,,,,,,,1,1,0,0,0,1,0,0,0,,,,,,,,
17021053,2,1,N,N,43,JM1NC2EF8A0209669,2010,2,63,2479,100,N,78753,1,2,2,5,12,6,5,6,Y,ROCHAS TOWING SERVICE,ROCHAS TOWING SERVICE,N,,,,,,,,,,,,,,,,,,,,,,0,,,,,,,,,,1,1,0,0,2,0,0,2,0,,,,,,,,
17021053,3,1,N,N,43,1GKFK63877J284423,2007,2,39,479,69,N,78758,1,2,6,2,6,,,,N,,,N,,,,,,,,,,,,,,,,,,,,,,0,,,,,,,,,,1,2,0,0,0,1,0,0,0,,,,,,,,
17021055,1,1,N,N,43,5Y2SM67069Z436902,2009,9,118,778,104,N,78744,1,2,4,3,12,15,1,11,Y,AUS-TEX AUTO ENTERPRISES LLC,AUS-TEX AUTO ENTERPRISES LLC,N,,,,,,,,,,,,,,,,,,,,,,,,,67,68,,,,,,11,1,0,0,0,0,0,0,0,,,,,,,,
17021069,1,1,N,Y,43,2GCEC19T341397911,2004,16,107,658,30,N,78745,3,,8,1,2,,,,N,,,N,,,,,,,,,,,,,,,,,,,,,,,,,22,,,,,,,7,1,0,0,0,0,1,0,0,,,,,,,,
17021069,2,1,N,N,43,2C4RC1CG0CR216602,2012,3,21,64,103,N,78617,2,,2,6,12,,,,Y,STARS TOWING,STARS TOWING,N,,,,,,,,,,,,,,,,,,,,,,0,,,,,,,,,,3,1,0,1,1,0,3,2,0,,,,,,,,
17021070,1,1,N,N,43,1N4AL3AP0DN549558,2013,17,71,500,104,N,78744,1,2,12,1,2,,,,N,SOUTHSIDE WRECKER INC,8200 S. CONGRESS AVE,N,,,,,,,,,,,,,,,,,,,,,,67,,,,,,,,,,1,1,0,0,0,1,0,0,0,,,,,,,,
17021070,2,1,Y,N,43,1GNDS13S962113769,2006,2,107,732,69,N,78723,1,1,13,1,8,,,,N,NA,NA,N,,,,,,,,,,,,,,,,,,,,,,0,,,,,,,,,,3,1,0,0,0,1,0,0,0,,,,,,,,
17021071,1,1,N,N,43,1G1JF5SB3H4120970,2017,17,107,2243,104,N,78758,1,1,4,3,1,,,,N,A-TEX TOWING,A-TEX TOWING,N,,,,,,,,,,,,,,,,,,,,,,,,,16,,,,,,,3,1,0,0,2,0,0,2,0,,,,,,,,
17021071,2,1,N,N,43,3FA6P0HD6KR198475,2019,21,37,1097,104,N,,1,1,3,2,9,,,,N,STARS TOWING,STARS TOWING,N,,,,,,,,,,,,,,,,,,,,,,,,,16,,,,,,,1,1,0,0,0,1,0,0,0,,,,,,,,
17021072,1,1,N,N,43,5J6RE48778L042493,2008,10,44,605,104,N,78726,1,2,2,4,12,,,,N,620 LAKESIDE TOWING,620 LAKESIDE TOWING,N,,,,,,,,,,,,,,,,,,,,,,,,,20,,,,,,,1,1,0,0,0,1,0,0,0,,,,,,,,
17021072,2,1,N,N,43,WDDGF8BB0CR205754,2012,2,65,118,104,N,,1,2,4,3,1,,,,N,620 LAKESIDE TOWING,620 LAKESIDE TOWING,N,,,,,,,,,,,,,,,,,,,,,,0,,,,,,,,,,1,1,0,0,0,1,0,0,0,,,,,,,,
17021072,3,1,N,N,43,5N1AL0MN1EC532005,2014,2,47,3579,104,N,78641,1,2,8,3,5,,,,N,DRIVEABLE,,N,,,,,,,,,,,,,,,,,,,,,,0,,,,,,,,,,1,2,0,0,0,1,0,0,0,,,,,,,,
17021073,1,1,N,N,43,1N6AA1E62HN528395,2017,21,71,1397,104,N,78738,1,2,6,3,6,2,1,12,N,,,N,,,,,,,,,,,,,,,,,,,,,,44,,,,,,,,,,3,1,0,0,0,1,0,0,0,,,,,,,,
17021073,2,1,N,N,43,JT2BF28K4X0208345,1999,16,91,380,104,N,78741,1,2,2,5,12,,,,Y,HARPERS TOWING SERVICE INC,HARPERS TOWING SERVICE INC,N,,,,,,,,,,,,,,,,,,,,,,0,,,,,,,,,,3,2,0,0,0,1,0,0,0,,,,,,,,
17021073,3,1,N,N,43,1N4AL3AP5JC275622,2018,16,71,500,104,N,78666,1,2,6,1,6,,,,N,,,N,,,,,,,,,,,,,,,,,,,,,,0,,,,,,,,,,3,1,0,0,0,3,0,0,0,,,,,,,,
17021074,1,1,N,N,43,3GCUKTEC3EG393253,2014,5,107,2236,106,N,77020,1,2,2,3,12,,,,Y,SPECIAL AUTOMOTIVE SERVICE INC,SPECIAL AUTOMOTIVE SERVICE INC,N,,,,,,,,,,,,,,,,,,,,,,44,,,74,,,,,,,3,1,0,0,0,2,0,0,0,,,,,,,,
17021074,2,1,N,N,43,1C4RJEBG2JC141681,2018,21,429,1116,104,N,78737,1,2,6,2,6,,,,N,NOT TOWED,NOT TOWED,N,,,,,,,,,,,,,,,,,,,,,,0,,,,,,,,,,3,1,0,0,0,2,0,0,0,,,,,,,,
17021075,1,1,N,N,22,1GCCS1443WK197401,1998,11,107,2233,30,N,78613,1,2,2,2,12,,,,Y,FINGER TOWING SERVICE,FINGER TOWING SERVICE,N,,,,,,,,,,,,,,,,,,,,,,0,,,,,,,,6,,8,1,0,0,0,1,0,0,0,,,,,,,,
17021075,2,1,N,N,43,4T1B11HK7JU672841,2018,21,91,380,104,N,78758,1,2,8,1,6,,,,N,,,N,,,,,,,,,,,,,,,,,,,,,,0,,,,,,,,,,8,1,0,0,0,2,0,0,0,,,,,,,,
17021076,1,1,N,Y,43,1FTPW14V17KC70426,2007,13,37,2324,30,N,78753,1,2,17,7,9,,,,Y,AVILES & GABES WRECKER SERVICE INC.,AVILES & GABES WRECKER SERVICE INC.,N,,,,,,,,,,,,,,,,,,,,,,0,,,,,,,,,,3,1,0,0,0,0,0,0,0,,,,,,,,
17021076,2,1,Y,N,43,1GDG6H1B7YJ907678,2000,21,39,105,103,N,78758,2,,11,3,10,,,,N,,,N,,,,,,,,,,,,,,,,,,,,,,0,,,,,,,,,,5,2,0,0,0,0,0,0,0,,,,,,,,
17021076,3,1,Y,N,43,1FDWE35L16HA17170,2006,21,37,101,30,N,76548,2,,11,2,10,,,,N,,,N,,,,,,,,,,,,,,,,,,,,,,0,,,,,,,,,,5,2,0,0,0,0,0,0,0,,,,,,,,
17021076,4,1,Y,N,43,KNDJC733565632918,2006,9,55,611,104,N,78728,2,,14,2,3,,,,N,,,N,,,,,,,,,,,,,,,,,,,,,,0,,,,,,,,,,1,2,0,0,0,0,0,0,0,,,,,,,,
17021077,1,1,N,N,43,2FAHP71W64X138164,2004,2,37,2321,104,N,78752,1,1,11,6,11,,,,,STARS TOWING,STARS TOWING,N,,,,,,,,,,,,,,,,,,,,,,0,,,,,,,,,,2,1,0,0,0,0,1,0,0,,,,,,,,
17021077,2,1,Y,N,43,1D4GP23R05B285037,2005,17,109,1115,103,N,78752,2,,9,3,9,,,,,,,N,,,,,,,,,,,,,,,,,,,,,,0,,,,,,,,,,6,1,0,0,0,0,0,0,0,,,,,,,,
17021077,3,1,Y,N,43,JH4KA9641VC009167,1997,21,1,2609,104,N,78752,1,1,2,5,12,,,,,,,N,,,,,,,,,,,,,,,,,,,,,,0,,,,,,,,,,6,2,0,0,0,0,0,0,0,,,,,,,,
17021078,1,1,N,N,43,3FA6P0LU3HR386614,2017,17,37,1097,104,N,,1,2,2,1,12,,,,N,,,N,,,,,,,,,,,,,,,,,,,,,,20,,,,,,,,,,2,1,0,0,0,1,0,0,0,,,,,,,,
17021078,2,1,N,N,43,JN8AS5MT7BW561641,2011,,71,1310,104,N,78704,1,2,16,1,3,14,1,3,N,,,N,,,,,,,,,,,,,,,,,,,,,,0,,,,,,,,,,6,1,0,0,0,1,0,0,0,,,,,,,,
17021079,1,1,N,N,43,WBAVM1C51FVW57583,2015,3,14,2734,69,N,90001,1,2,2,3,12,,,,Y,ROCHAS,ROCHAS,N,,,,,,,,,,,,,,,,,,,,,,45,22,,,,,,,,,6,1,0,0,0,2,0,0,0,,,,,,,,
17021080,1,1,N,N,43,1FUYDXYB0TP771318,1996,3,38,1524,87,N,02124,1,1,7,6,9,,,,N,,,Y,Y,N,N,1,3,78653,9,50000,0,N,,,,,3,13,,,,,,0,,,,,,,,,,6,1,0,0,0,1,0,0,0,N,0,,,,,N,
17021080,2,1,N,N,43,3CZRE3H37AG704163,2010,21,44,605,104,N,79720,1,1,10,3,3,,,,N,,,N,,,,,,,,,,,,,,,,,,,,,,0,,,,,,,,,,6,1,0,1,0,0,0,1,0,,,,,,,,
17021081,1,1,N,Y,,,,3,91,395,69,N,,,,,,,,,,,,,N,,,,,,,,,,,,,,,,,,,,,,44,,,,,,,,,,5,1,0,0,0,0,1,0,0,,,,,,,,
17021081,2,1,N,N,43,5N1BR18A48C651896,2009,16,71,531,69,N,78725,1,1,6,2,6,,,,N,,,N,,,,,,,,,,,,,,,,,,,,,,0,,,,,,,,,,5,1,0,0,1,0,0,1,0,,,,,,,,
17021082,1,1,N,N,43,2C3JA53G35H120678,2005,17,21,65,104,N,78741,1,1,2,3,12,,,,Y,DENVERS TOWING,DENVERS TOWING,N,,,,,,,,,,,,,,,,,,,,,,0,,,,,,,,,,1,1,0,1,0,0,0,1,0,,,,,,,,
17021082,2,1,N,N,43,2L1MJ5LK6EBL54567,2014,2,113,2450,92,N,78742,1,1,6,2,6,,,,N,,,N,,,,,,,,,,,,,,,,,,,,,,0,,,,,,,,,,1,1,0,1,0,0,0,1,0,,,,,,,,
17021083,1,1,N,N,43,JTNKARJEXHJ540204,2017,3,91,173,104,N,78729,2,,2,4,12,,,,Y,STARS TOWING,STARS TOWING,N,,,,,,,,,,,,,,,,,,,,,,45,,,20,,,,,,,3,1,0,0,0,1,0,0,0,,,,,,,,
17021083,2,1,N,N,43,5FNRL38635B048755,2005,11,44,107,103,N,77055,1,2,6,4,6,,,,Y,EZ AUTO AND TOWING SERVICE,EZ AUTO AND TOWING SERVICE,N,,,,,,,,,,,,,,,,,,,,,,0,,,,,,,,,,3,1,0,0,0,1,0,0,0,,,,,,,,
17021084,1,1,N,N,43,1N4AL3AP8FC243173,2015,3,71,500,104,N,75708,1,2,1,4,12,10,1,3,Y,EZ AUTO AND TOWING SERVICE,EZ AUTO AND TOWING SERVICE,N,,,,,,,,,,,,,,,,,,,,,,20,67,,68,,,,,,,4,1,1,0,0,0,0,1,0,,,,,,,,
17021085,1,1,N,N,43,5PVNJ8JN0B4S50555,2011,21,43,2872,106,N,78728,2,,2,6,12,,,,N,SOUTHSIDE WRECKER INC,8200 S. CONGRESS AVE,N,,,,,,,,,,,,,,,,,,,,,,,,,60,,,,,8,,11,1,0,0,1,0,0,1,0,,,,,,,,
17021086,1,1,N,Y,43,JM1BK32F991225191,2009,9,63,3917,104,N,78602,2,,,,,,,,,DENVERS TOWING,DENVERS TOWING,N,,,,,,,,,,,,,,,,,,,,,,22,,,67,,,,,,,11,1,0,0,0,0,1,0,0,,,,,,,,
17021087,1,1,N,N,43,JTKDE167790298226,2009,2,91,2573,104,N,78666,2,,2,4,,,,,N,EZ AUTO AND TOWING SERVICE,EZ AUTO AND TOWING SERVICE,N,,,,,,,,,,,,,,,,,,,,,,20,60,44,,,,,,,,1,1,0,0,1,0,0,1,0,,,,,,,,
17021087,2,1,N,N,43,1N6DD26S3YC431210,2000,9,71,634,30,N,78666,1,1,6,4,6,,,,N,NA,,N,,,,,,,,,,,,,,,,,,,,,,0,,,,,,,,,,1,1,0,0,1,0,0,1,0,,,,,,,,
17021089,1,1,N,N,22,2C3CDXCT0JH233183,2018,9,109,74,104,N,48242,2,,2,3,12,,,,N,,,N,,,,,,,,,,,,,,,,,,,,,,19,,,,,,,,,,8,1,0,0,0,1,0,0,0,,,,,,,,
17021089,2,1,N,N,43,2B3CL5CT6BH502972,2011,2,109,74,104,N,78617,1,2,6,3,6,,,,N,,,N,,,,,,,,,,,,,,,,,,,,,,0,,,,,,,,,,8,1,0,1,0,0,0,1,0,,,,,,,,
17021093,1,1,N,N,43,1N6AD0ER2FN764781,2015,16,71,634,30,N,78747,1,1,14,5,3,,,,N,,,N,,,,,,,,,,,,,,,,,,,,,,35,20,,,,,,,,,4,1,0,0,0,1,0,0,0,,,,,,,,
17021093,2,1,N,N,43,1FMCU03104KA70657,2004,21,37,711,69,N,78727,1,1,2,4,12,,,,N,STARS TOWING,STARS TOWING,N,,,,,,,,,,,,,,,,,,,,,,0,,,,,,,,,,2,1,0,0,0,1,0,0,0,,,,,,,,
17021094,1,1,N,N,27,2HKRM3H76DH505578,2013,9,44,605,104,N,78730,1,1,3,2,1,,,,N,AVILES & GABES WRECKER SERVICE INC.,AVILES & GABES WRECKER SERVICE INC.,N,,,,,,,,,,,,,,,,,,,,,,34,,,,,,,,,,5,1,0,0,0,1,0,0,0,,,,,,,,
17021094,2,1,N,N,43,1V2ER2CAXKC518063,2019,21,96,184,104,N,78730,1,1,,,,,,,N,ROCHAS TOWING SERVICE,ROCHAS TOWING SERVICE,N,,,,,,,,,,,,,,,,,,,,,,0,,,,,,,,,,1,1,0,0,0,1,0,0,0,,,,,,,,
17021095,1,1,N,N,43,JN1AZ4EH4AM503172,2010,2,71,850,100,N,78728,2,,17,6,9,,,,N,ROCHAS TOWING SERVICE,ROCHAS TOWING SERVICE,N,,,,,,,,,,,,,,,,,,,,,,22,,,,,,,,,,5,1,0,0,0,1,0,0,0,,,,,,,,
17021096,1,1,N,N,43,1FALP52UXTA261100,1996,10,37,376,104,N,78701,2,,4,4,12,,,,N,,,N,,,,,,,,,,,,,,,,,,,,,,44,,,,,,,,,,5,1,0,0,1,0,0,1,0,,,,,,,,
17021096,2,1,N,N,43,3FA6P0SU0HR147278,2017,16,37,1097,104,N,78660,1,2,6,3,6,2,1,12,Y,ROCHAS TOWING SERVICE,ROCHAS TOWING SERVICE,N,,,,,,,,,,,,,,,,,,,,,,0,,,,,,,,,,5,1,0,0,0,1,0,0,0,,,,,,,,
17021096,3,1,N,N,43,1G1FB1RS9G0154966,2016,9,107,46,100,N,78704,1,1,6,1,6,,,,N,,,N,,,,,,,,,,,,,,,,,,,,,,0,,,,,,,,,,5,2,0,0,0,1,0,0,0,,,,,,,,
17021097,1,1,N,N,43,1FT7W2BT4CEB91946,2012,16,37,2325,30,N,78702,1,2,12,7,1,,,,N,INTERSTATE CHAPARRAL TOWING INC.,INTERSTATE CHAPARRAL TOWING INC.,N,,,,,,,,,,,,,,,,,,,,,,74,4,,,,,,,,,7,1,0,0,0,1,0,0,0,,,,,,,,
17021097,2,6,,,,,,,,,,,,,,,,,,,,,,,,,,,,,,,,,,,,,,,,,,,,,0,,,,,,,,,,9,2,0,0,0,0,0,0,0,,,,,,,,
17021097,3,1,N,N,43,1FMZK06165GA14643,2005,11,37,101,69,N,78617,1,2,15,7,9,,,,N,ROCHAS TOWING SERVICE,"12824 SKY HARBOR DR, DEL VALLE, TX 78617",N,,,,,,,,,,,,,,,,,,,,,,0,,,,,,,,,,7,1,0,0,0,1,0,0,0,,,,,,,,
17021116,1,1,N,N,43,RFVJFJ106K1001597,2019,1,725,3020,71,N,78745,2,,15,1,12,,,,N,NOT TOWED,NOT TOWED,N,,,,,,,,,,,,,,,,,,,,,,20,,,,,,,,,,1,1,0,1,0,0,0,1,0,,,,,,,,
17021117,1,1,N,N,43,JM3KFBDM8J0373120,2018,3,63,2471,104,N,78746,1,2,15,2,,,,,Y,SPECIAL AUTOMOTIVE SERVICE INC,"6825 BURNET ROAD, AUSTIN, TX 78757",N,,,,,,,,,,,,,,,,,,,,,,,,,4,,,,,,,3,1,0,0,0,1,0,0,0,,,,,,,,
17021117,2,1,N,N,18,1FUJAPCK27DZ19873,2007,3,38,1524,87,N,71303,1,2,4,1,,,,,N,,,Y,Y,N,N,1,2,71303,9,80000,0,N,,,,,5,13,,,,,,,,,4,,,,,,,3,1,0,0,0,1,0,0,0,N,0,,,,,N,
17021117,3,6,,,,,,,,,,,71303,,,,,,,,,,,,,,,,,,,,,,,,,,,,,,,,,,0,,,,,,,,,,9,2,0,0,0,0,0,0,0,,,31000,0,2,N,,