Crash_ID,Unit_Nbr,Unit_Desc_ID,Veh_Parked_Fl,Veh_HNR_Fl,Veh_Lic_State_ID,VIN,Veh_Mod_Year,Veh_Color_ID,Veh_Make_ID,Veh_Mod_ID,Veh_Body_Styl_ID,Emer_Respndr_Fl,Ownr_Zip,Fin_Resp_Proof_ID,Fin_Resp_Type_ID,Veh_Dmag_Area_1_ID,Veh_Dmag_Scl_1_ID,Force_Dir_1_ID,Veh_Dmag_Area_2_ID,Veh_Dmag_Scl_2_ID,Force_Dir_2_ID,Veh_Inventoried_Fl,Veh_Transp_Name,Veh_Transp_Dest,Veh_Cmv_Fl,Cmv_Fiveton_Fl,Cmv_Hazmat_Fl,Cmv_Nine_Plus_Pass_Fl,Cmv_Veh_Oper_ID,Cmv_Carrier_ID_Type_ID,Cmv_Carrier_Zip,Cmv_Veh_Type_ID,Cmv_GVWR,Cmv_RGVW,Cmv_Hazmat_Rel_Fl,Hazmat_Cls_1_ID,Hazmat_IDNbr_1_ID,Hazmat_Cls_2_ID,Hazmat_IDNbr_2_ID,Cmv_Cargo_Body_ID,Cmv_Evnt1_ID,Cmv_Evnt2_ID,Cmv_Evnt3_ID,Cmv_Evnt4_ID,Cmv_Tot_Axle,Cmv_Tot_Tire,Contrib_Factr_1_ID,Contrib_Factr_2_ID,Contrib_Factr_3_ID,Contrib_Factr_P1_ID,Contrib_Factr_P2_ID,Veh_Dfct_1_ID,Veh_Dfct_2_ID,Veh_Dfct_3_ID,Veh_Dfct_P1_ID,Veh_Dfct_P2_ID,Veh_Trvl_Dir_ID,First_Harm_Evt_Inv_ID,Sus_Serious_Injry_Cnt,Nonincap_Injry_Cnt,Poss_Injry_Cnt,Non_Injry_Cnt,Unkn_Injry_Cnt,Tot_Injry_Cnt,Death_Cnt,Cmv_Disabling_Damage_Fl,Cmv_Bus_Type_ID,Trlr_GVWR,Trlr_RGVW,Trlr_Type_ID,Trlr_Disabling_Dmag_ID,Cmv_Intermodal_Container_Permit_Fl,CMV_Actual_Gross_Weight
17021118,1,1,N,N,43,5YJSA1E21JF261775,2018,3,602,2562,104,N,78613,1,2,11,4,7,12,2,5,N,620 LAKESIDE TOWING,620 LAKESIDE TOWING,N,,,,,,,,,,,,,,,,,,,,,,41,,,,,,,,12,,1,1,0,0,0,1,0,0,0,,,,,,,,
17021118,2,1,N,N,43,1C3CDWEA3CD533144,2012,2,109,951,104,N,78728,1,2,12,5,5,9,3,9,N,AVILES & GABES WRECKER SERVICE INC.,AVILES & GABES WRECKER SERVICE INC.,N,,,,,,,,,,,,,,,,,,,,,,0,,,,,,,,,,1,1,0,1,0,0,0,1,0,,,,,,,,
17021118,3,1,N,N,43,1C4NJCEA2GD710042,2016,21,429,983,69,N,78681,1,2,12,3,2,,,,N,STARS TOWING,STARS TOWING,N,,,,,,,,,,,,,,,,,,,,,,0,,,,,,,,,,1,2,0,0,0,1,0,0,0,,,,,,,,
17021118,4,1,N,N,43,4T1BK1EB8GU226353,2016,11,91,563,104,N,78717,1,2,9,2,11,,,,N,,,N,,,,,,,,,,,,,,,,,,,,,,0,,,,,,,,,,1,2,0,0,0,1,0,0,0,,,,,,,,
17021119,1,1,N,N,43,2GCEC19V611241620,2001,21,107,2202,30,N,78616,1,2,2,1,12,,,,N,NOT TOWED,N/A,N,,,,,,,,,,,,,,,,,,,,,,66,48,,,,,,,,,2,1,0,0,0,2,0,0,0,,,,,,,,
17021119,2,1,N,N,43,5J6RE3H33AL016051,2010,10,44,605,104,N,78660,1,2,11,1,10,,,,N,ATX-VIP TOWING SERVICES,ATX-VIP TOWING SERVICES,N,,,,,,,,,,,,,,,,,,,,,,0,,,,,,,,,,6,1,0,0,0,1,0,0,0,,,,,,,,
17021121,1,1,N,N,43,4T1BF1FK3EU839738,2014,17,91,380,104,N,78758,2,,2,6,12,,,,N,ATX-VIP TOWING SERVICES,ATX-VIP TOWING SERVICES,N,,,,,,,,,,,,,,,,,,,,,,44,,,20,,,,,,,4,1,0,0,0,1,0,0,0,,,,,,,,
17021121,2,1,N,N,43,3VWD07AJ1FM297459,2015,2,96,316,104,N,78727,1,2,6,3,6,,,,N,,,N,,,,,,,,,,,,,,,,,,,,,,0,,,,,,,,,,4,1,0,0,0,1,0,0,0,,,,,,,,
17021123,1,1,N,N,43,5NPD74LF3HH035991,2017,9,45,480,104,N,78957,1,2,11,2,9,,,,Y,STARS TOWING,STARS TOWING,N,,,,,,,,,,,,,,,,,,,,,,66,,,,,,,,,,8,1,0,0,0,1,0,0,0,,,,,,,,
17021123,2,1,N,N,43,2FMGK5CC9BBD11810,2011,5,37,1088,69,N,78602,1,2,4,2,12,,,,Y,LAMONT & SONS,LAMONT & SONS,N,,,,,,,,,,,,,,,,,,,,,,0,,,,,,,,,,8,1,0,1,0,0,0,1,0,,,,,,,,
17021127,1,1,N,N,43,KNAFU4A27B5381287,2011,2,55,611,104,N,78741,1,2,2,1,12,,,,N,,,N,,,,,,,,,,,,,,,,,,,,,,,,,37,,,,,,,3,1,0,0,0,1,0,0,0,,,,,,,,
17021127,2,1,N,N,43,4T1BK1EB1EU098602,2014,16,91,563,104,N,78741,1,2,15,6,8,,,,N,EZ AUTO AND TOWING SERVICE,EZ AUTO AND TOWING SERVICE,N,,,,,,,,,,,,,,,,,,,,,,0,,,,,,,,,,1,1,0,0,0,2,0,0,0,,,,,,,,
17021130,1,1,N,N,43,JF2GPAKC3GH273731,2016,3,85,168,69,N,77092,1,2,14,2,3,,,,N,EZ AUTO AND TOWING SERVICE,EZ AUTO AND TOWING SERVICE,N,,,,,,,,,,,,,,,,,,,,,,26,,,,,,,,,,3,1,0,0,0,1,0,0,0,,,,,,,,
17021130,2,1,N,N,43,1FMCU0F76JUD36635,2018,3,37,711,69,N,78602,1,2,11,1,9,,,,N,,,N,,,,,,,,,,,,,,,,,,,,,,0,,,,,,,,,,3,1,0,0,0,1,0,0,0,,,,,,,,
17021131,1,1,N,N,43,2MEFM75W6YX664044,2000,10,114,1114,104,N,78702,1,2,1,4,12,,,,N,BULLET TOWING,BULLET TOWING,N,,,,,,,,,,,,,,,,,,,,,,22,,,,,,,,,,4,1,0,1,0,1,0,1,0,,,,,,,,
17021131,2,1,N,N,43,2FMGK5C89DBD30789,2013,5,37,1088,104,N,78737,1,2,16,1,3,,,,N,,,N,,,,,,,,,,,,,,,,,,,,,,0,,,,,,,,,,4,1,0,0,1,1,0,1,0,,,,,,,,
17021132,1,1,N,N,43,1FTNW21F01EB88266,2001,9,37,2324,30,N,78724,1,2,2,1,,,,,N,,,N,,,,,,,,,,,,,,,,,,,,,,44,,,,,,,,,,4,1,0,0,0,1,0,0,0,,,,,,,,
17021132,2,1,N,N,43,1G1ZB5ST4GF215791,2016,2,107,56,104,N,78640,1,2,6,2,,,,,Y,ROCHAS TOWING SERVICE,ROCHAS TOWING SERVICE,N,,,,,,,,,,,,,,,,,,,,,,0,,,,,,,,,,4,1,0,0,1,0,0,1,0,,,,,,,,
17021134,1,1,N,N,43,3MZBM1T7XGM263208,2016,2,63,3917,104,N,77041,1,1,2,5,12,,,,N,EZ AUTO AND TOWING SERVICE,EZ AUTO AND TOWING SERVICE,N,,,,,,,,,,,,,,,,,,,,,,20,,,,,,,,,,5,1,0,0,0,1,0,0,0,,,,,,,,
17021134,2,1,N,N,43,2GNAXKEV5K6175362,2019,17,107,1048,69,N,75261,1,7,6,3,6,2,2,12,N,NOT TOWED,NOT TOWED,N,,,,,,,,,,,,,,,,,,,,,,0,,,,,,,,,,5,1,0,0,0,2,0,0,0,,,,,,,,
17021134,3,1,N,N,3,3FA6P0LU0JR173478,2019,17,37,1097,104,N,29651,1,1,6,2,6,,,,N,NOT TOWED,NOT TOWED,N,,,,,,,,,,,,,,,,,,,,,,0,,,,,,,,,,5,2,0,0,0,3,0,0,0,,,,,,,,
17021135,1,1,N,N,43,1FT7W2BT8HEF35348,2017,2,37,2324,104,N,78660,1,1,3,1,10,,,,N,,,N,,,,,,,,,,,,,,,,,,,,,,0,,,,,,,,,,1,1,0,0,0,1,0,0,0,,,,,,,,
17021135,2,1,N,N,6,WMWZC5C58GWT38446,2016,2,115,742,104,N,78705,1,1,2,5,12,,,,Y,SPECIAL AUTOMOTIVE SERVICE INC,5700 BURELSON RD AUSTIN TX 78744,N,,,,,,,,,,,,,,,,,,,,,,0,,,,,,,,,,3,1,0,0,0,1,0,0,0,,,,,,,,
17021138,1,1,N,N,43,1N4AZ0CPXFC311709,2015,17,71,2506,104,N,78726,1,2,2,1,10,,,,N,NOT TOWED,,N,,,,,,,,,,,,,,,,,,,,,,37,,,,,,,,,,7,1,0,0,0,1,0,0,0,,,,,,,,
17021138,2,3,,,,,,,,,,,,,,,,,,,,,,,,,,,,,,,,,,,,,,,,,,,,,0,,,,,,,,,,9,1,0,1,0,0,0,1,0,,,,,,,,
17021139,1,1,N,N,43,JTHBW1GG6D2037238,2013,17,58,2437,104,N,80033,1,2,10,2,,,,,,ATX-VIP TOWING SERVICES,ATX-VIP TOWING SERVICES,N,,,,,,,,,,,,,,,,,,,,,,,,,37,,,,,,,1,1,0,0,0,1,0,0,0,,,,,,,,
17021139,2,1,N,N,43,5Y2SR6E01AZ406411,2010,16,118,778,104,N,78741,2,,2,3,12,,,,N,ROCHAS TOWING SERVICE,ROCHAS TOWING SERVICE,N,,,,,,,,,,,,,,,,,,,,,,,,,15,,,,,,,5,1,0,0,1,0,0,1,0,,,,,,,,
17021140,1,1,N,N,43,JTEZU5JR3H5155061,2017,9,91,395,104,N,78730,1,2,3,3,10,5,1,6,N,620 LAKESIDE TOWING,620 LAKESIDE TOWING,N,,,,,,,,,,,,,,,,,,,,,,0,,,,,,,,,,2,1,0,1,0,0,0,1,0,,,,,,,,
17021140,2,1,N,N,43,1HGCR2F8XDA085202,2013,17,44,236,104,N,78750,1,2,2,4,12,,,,N,620 LAKESIDE TOWING,620 LAKESIDE TOWING,N,,,,,,,,,,,,,,,,,,,,,,0,,,,,,,,,,4,1,0,1,0,0,0,1,0,,,,,,,,
17021140,3,1,N,N,43,1N6AA1EK9HN540878,2017,21,71,1397,30,N,78732,1,2,11,1,10,,,,N,,,N,,,,,,,,,,,,,,,,,,,,,,0,,,,,,,,,,8,2,0,0,0,3,0,0,0,,,,,,,,
17021140,4,6,,,,,,,,,,,75603,,,,,,,,,,,,,,,,,,,,,,,,,,,,,,,,,,0,,,,,,,,,,9,2,0,0,0,0,0,0,0,,,,,,,,
17021141,1,1,N,N,43,1FMCU0JX3EUC11105,2014,21,37,711,69,N,78724,1,2,2,3,,,,,N,AVILES & GABES WRECKER SERVICE INC.,AVILES & GABES WRECKER SERVICE INC.,N,,,,,,,,,,,,,,,,,,,,,,44,,,,,,,,,,1,1,0,1,0,0,0,1,0,,,,,,,,
17021141,2,1,N,N,43,1FTSW21R38EA40393,2008,9,37,2325,30,N,78753,1,2,6,2,,,,,N,,,N,,,,,,,,,,,,,,,,,,,,,,0,,,,,,,,,,1,1,0,0,0,4,0,0,0,,,,,,,,
17021142,1,1,N,N,43,2G1WB58K479306392,2007,16,107,53,104,N,78617,2,,2,2,12,,,,Y,ROCHAS TOWING SERVICE,OWNERS RESIDENCE/REQUEST,N,,,,,,,,,,,,,,,,,,,,,,44,,,,,,,,,,1,1,0,0,0,2,0,0,0,,,,,,,,
17021142,2,1,N,N,43,3VW4T7AJ1HM412975,2017,2,96,316,104,N,78641,1,1,6,2,6,,,,N,,,N,,,,,,,,,,,,,,,,,,,,,,0,,,,,,,,,,1,1,0,0,1,3,0,1,0,,,,,,,,
17021143,1,1,N,N,43,2GTEC19V221211175,2002,1,39,2356,30,N,78751,1,2,9,4,9,,,,N,ATX-VIP TOWING SERVICES,ATX-VIP TOWING SERVICES,N,,,,,,,,,,,,,,,,,,,,,,0,,,,,,,,,,7,1,0,0,0,2,0,0,0,,,,,,,,
17021143,2,1,N,N,43,JN8AS5MT3BW561328,2011,17,71,1310,104,N,78664,1,2,2,5,12,,,,N,AVILES & GABES WRECKER SERVICE INC.,AVILES & GABES WRECKER SERVICE INC.,N,,,,,,,,,,,,,,,,,,,,,,0,,,,,,,,,,1,1,0,0,0,1,0,0,0,,,,,,,,
17021144,1,1,N,N,43,JTEHT05J632044309,2003,10,91,176,104,N,78737,1,2,2,5,12,,,,Y,A-TEX TOWING,5526 1/2 W HWY 290,N,,,,,,,,,,,,,,,,,,,,,,44,,,,,,,,,,3,1,0,0,0,1,0,0,0,,,,,,,,
17021144,2,1,N,N,43,1GC1KVE82GF277492,2016,2,107,2237,30,N,78252,1,2,6,2,,2,1,12,N,,,N,,,,,,,,,,,,,,,,,,,,,,0,,,,,,,,,,3,1,0,0,1,0,0,1,0,,,,,,,,
17021144,3,1,N,N,43,1GCWGFCG2B1110367,2011,21,107,370,103,N,78753,1,2,6,1,6,,,,N,,,N,,,,,,,,,,,,,,,,,,,,,,0,,,,,,,,,,3,2,0,0,0,1,0,0,0,,,,,,,,
17021146,1,1,N,N,43,1G1AT58H097251584,2009,,107,978,104,N,78250,2,,2,3,12,,,,Y,SPECIAL AUTOMOTIVE SERVICE INC,SPECIAL AUTOMOTIVE SERVICE INC,N,,,,,,,,,,,,,,,,,,,,,,0,,,,,,,,,,1,1,0,0,0,1,0,0,0,,,,,,,,
17021146,2,1,N,N,43,5TFTU4GN5FX075447,2015,9,91,629,106,N,78727,1,2,5,1,6,,,,N,,,N,,,,,,,,,,,,,,,,,,,,,,0,,,,,,,,,,1,1,0,0,0,1,0,0,0,,,,,,,,
17021147,1,1,N,N,43,1HGCG2259YA031686,2000,17,44,236,104,N,78741,1,1,14,5,5,,,,Y,SPECIAL AUTOMOTIVE SERVICE INC,SPECIAL AUTOMOTIVE SERVICE INC,N,,,,,,,,,,,,,,,,,,,,,,0,,,,,,,,,,3,1,0,0,0,1,0,0,0,,,,,,,,
17021147,2,1,N,N,43,2FMDK39C17BB33252,2007,21,37,1035,69,N,77629,1,1,2,4,12,,,,Y,SPECIAL AUTOMOTIVE SERVICE INC,SPECIAL AUTOMOTIVE SERVICE INC,N,,,,,,,,,,,,,,,,,,,,,,0,,,,,,,,,,7,1,0,0,0,2,0,0,0,,,,,,,,
17021149,1,1,N,N,43,3FAHP07ZX7R107432,2007,9,37,1097,104,N,78757,1,2,11,2,9,,,,N,,,N,,,,,,,,,,,,,,,,,,,,,,20,23,,19,,,,,,,5,1,0,0,0,1,0,0,0,,,,,,,,
17021149,2,1,N,N,43,WBAJA9C5XKB392454,2019,3,14,524,104,N,78744,1,2,10,4,3,,,,N,,,N,,,,,,,,,,,,,,,,,,,,,,0,,,,,,,,,,6,1,0,0,0,1,0,0,0,,,,,,,,
17021150,1,1,N,Y,43,2FMDK38C79BA64538,2009,21,37,1035,69,N,78666,1,1,4,1,12,,,,N,,,N,,,,,,,,,,,,,,,,,,,,,,,,,74,,,,,,,6,1,0,0,0,0,1,0,0,,,,,,,,
17021150,2,1,N,N,43,JM1BM1U75E1120887,2014,9,63,3917,104,N,78751,1,1,7,1,6,,,,N,,,N,,,,,,,,,,,,,,,,,,,,,,0,,,,,,,,,,4,1,0,1,0,0,0,1,0,,,,,,,,
17021151,1,1,N,N,43,4T1BF3EK2AU010800,2010,9,91,380,104,N,77591,1,1,10,1,9,,,,Y,AUS-TEX AUTO ENTERPRISES LLC,IMPOUND,N,,,,,,,,,,,,,,,,,,,,,,67,,,,,,,,,,5,1,0,0,0,1,0,0,0,,,,,,,,
17021151,2,1,N,N,43,1FMZU73K23UA45760,2003,2,37,554,104,N,78758,1,1,15,3,3,,,,Y,,,N,,,,,,,,,,,,,,,,,,,,,,0,,,,,,,,,,3,1,0,0,0,1,0,0,0,,,,,,,,
17021153,1,1,N,N,43,2LMPJ6LR5HBL47570,2017,21,113,1203,104,N,78759,1,1,3,2,11,,,,Y,620 LAKESIDE TOWING,620 LAKESIDE TOWING,N,,,,,,,,,,,,,,,,,,,,,,20,,,,,,,,,,4,1,0,0,0,1,0,0,0,,,,,,,,
17021189,1,1,N,N,43,4TARN81AXRZ282182,1994,10,91,2569,30,N,78753,2,,6,3,6,,,,,,,N,,,,,,,,,,,,,,,,,,,,,,0,,,,,,,,,,8,1,0,0,0,0,1,0,0,,,,,,,,
17021189,2,1,N,N,43,JTKDE167370163791,2007,11,91,178,104,N,78753,1,1,2,3,12,,,,,,,N,,,,,,,,,,,,,,,,,,,,,,0,,,,,,,,,,8,1,0,0,0,1,0,0,0,,,,,,,,
17021190,1,1,N,N,43,1FTEW1CG1FKF03360,2015,3,37,2324,30,N,78747,1,2,2,3,12,,,,Y,ROCHAS TOWING SERVICE,ROCHAS TOWING SERVICE,N,,,,,,,,,,,,,,,,,,,,,,0,,,,,,,,,,1,1,0,0,0,1,0,0,0,,,,,,,,
17021190,2,1,Y,N,43,2G1WB58K279287051,2007,11,107,53,104,N,78610,2,,6,1,6,,,,Y,AVILES & GABES WRECKER SERVICE INC.,AVILES & GABES WRECKER SERVICE INC.,N,,,,,,,,,,,,,,,,,,,,,,14,,,,,,,,,,1,1,0,0,0,1,0,0,0,,,,,,,,
17021191,1,1,N,N,36,1M1AW01X3JM010577,2018,21,60,1536,87,N,72903,1,2,8,1,4,,,,N,,,Y,Y,N,N,5,4,72903,1,80000,0,N,,,,,12,98,,,,,,0,,,,,,,,,,5,1,0,0,0,1,0,0,0,N,0,,,,,N,
17021191,2,1,N,N,43,1FTEW1CM4DKF73681,2013,16,37,2324,104,N,78613,1,1,4,2,1,,,,N,AUS-TEX AUTO ENTERPRISES LLC,AUS-TEX AUTO ENTERPRISES LLC,N,,,,,,,,,,,,,,,,,,,,,,29,,,,,,,,,,5,1,0,0,0,4,0,0,0,,,,,,,,
17021191,3,1,N,N,43,1GCEC14T34Z113272,2004,2,107,658,104,N,78759,1,1,1,2,12,6,2,6,N,AVILES & GABES WRECKER SERVICE INC.,AVILES & GABES WRECKER SERVICE INC.,N,,,,,,,,,,,,,,,,,,,,,,29,,,,,,,,,,5,2,0,0,0,1,0,0,0,,,,,,,,
17021191,4,1,N,N,43,3MZBM1U77GM243089,2016,17,63,3917,104,N,78754,1,1,2,3,12,,,,N,ARMADA TOWING,ARMADA TOWING,N,,,,,,,,,,,,,,,,,,,,,,29,,,,,,,,,,5,2,0,0,0,1,0,0,0,,,,,,,,
17021192,1,1,N,N,43,1G11C5SA3DF277400,2013,1,107,56,104,N,78621,1,2,3,2,12,,,,Y,ROCHAS TOWING SERVICE,ROCHAS TOWING SERVICE,N,,,,,,,,,,,,,,,,,,,,,,,,,74,,,,,,,6,1,0,0,0,1,0,0,0,,,,,,,,
17021192,2,1,N,N,43,2GKALPEK8G6287754,2016,21,39,1392,69,N,78758,1,2,2,3,12,7,1,6,Y,AVILES & GABES WRECKER SERVICE INC.,AVILES & GABES WRECKER SERVICE INC.,N,,,,,,,,,,,,,,,,,,,,,,,,,74,,,,,,,6,1,0,0,0,1,0,0,0,,,,,,,,
17021192,3,1,N,N,43,WDBUF76J83A384700,2003,21,65,674,104,N,78613,1,2,2,3,12,6,1,6,Y,ARMADA TOWING,ARMADA TOWING,N,,,,,,,,,,,,,,,,,,,,,,,,,74,,,,,,,6,2,0,0,0,1,0,0,0,,,,,,,,
17021192,4,1,N,N,43,2C3CDZAG6JH271292,2018,9,109,73,100,N,78613,1,2,6,2,6,2,1,12,N,,,N,,,,,,,,,,,,,,,,,,,,,,,,,74,,,,,,,6,2,0,0,0,1,0,0,0,,,,,,,,
17021192,5,1,N,N,43,JM3KE2DY2G0611946,2016,17,63,2471,69,N,78750,1,2,6,1,6,,,,N,,,N,,,,,,,,,,,,,,,,,,,,,,,,,74,,,,,,,6,2,0,0,0,1,0,0,0,,,,,,,,
17021193,1,1,N,N,43,1FTEW1CP8JKE23093,2018,2,37,2324,30,N,78737,1,1,2,4,12,,,,Y,SOUTHSIDE WRECKER INC,8200 S. CONGRESS AVE,N,,,,,,,,,,,,,,,,,,,,,,68,,,,,,,,,,6,1,0,0,0,1,0,0,0,,,,,,,,
17021193,2,1,N,N,43,2GKALMEK4D6408693,2013,17,39,1392,104,N,78753,1,1,6,3,6,,,,N,,,N,,,,,,,,,,,,,,,,,,,,,,0,,,,,,,,,,6,1,0,1,0,0,0,1,0,,,,,,,,
17021194,1,1,N,N,43,1HGCR2F34EA155489,2014,2,44,236,104,N,75231,1,1,2,3,12,,,,Y,ROCHAS TOWING SERVICE,ROCHAS TOWING SERVICE,N,,,,,,,,,,,,,,,,,,,,,,44,,,,,,,,,,5,1,0,0,0,2,0,0,0,,,,,,,,
17021194,2,1,N,N,43,YV4162XZ6K2011012,2019,21,98,185,104,N,36691,1,1,6,2,6,,,,N,,,N,,,,,,,,,,,,,,,,,,,,,,0,,,,,,,,,,5,1,0,0,0,1,0,0,0,,,,,,,,
17021195,1,1,N,N,43,3AKJGEBG6GDHH7878,2016,21,38,1524,87,N,75201,1,2,,,,,,,N,,,Y,Y,N,N,2,2,75201,9,10001,0,N,,,,,3,13,,,,5,,,,,4,,,,,,,2,1,0,0,0,1,0,0,0,N,0,,,,,Y,32000
17021195,2,6,,,,,,,,,,,75201,,,,,,,,,,,,,,,,,,,,,,,,,,,,,,,,,,0,,,,,,,,,,9,2,0,0,0,0,0,0,0,,,29500,0,2,N,,
17021195,3,1,N,N,43,3C6RR7LT7JG122970,2018,5,710,4100,30,N,78727,1,2,12,2,3,,,,Y,QUICK TOW,QUICK TOW,N,,,,,,,,,,,,,,,,,,,,,,,,,41,,,,,,,2,1,0,0,0,1,0,0,0,,,,,,,,
17021196,1,1,N,N,43,1G1PF5SC4C7236771,2012,2,107,2209,104,N,78721,1,2,2,3,12,,,,N,,,N,,,,,,,,,,,,,,,,,,,,,,37,,,,,,,,,,1,1,0,0,0,1,0,0,0,,,,,,,,
17021196,2,1,N,N,43,4T1BF1FK5CU548932,2012,3,91,380,104,N,78758,2,,15,4,11,,,,N,,,N,,,,,,,,,,,,,,,,,,,,,,60,,,,,,,,,,5,1,0,0,1,0,2,1,0,,,,,,,,
17021197,1,1,N,N,43,1J4GA39198L566543,2008,10,429,3662,69,N,78703,1,1,2,2,12,,,,N,,,N,,,,,,,,,,,,,,,,,,,,,,34,,,,,,,,,,3,1,0,0,0,1,0,0,0,,,,,,,,
17021197,2,1,N,N,43,1ZVHT80N985171376,2008,3,37,96,100,N,78681,1,1,10,3,3,,,,N,A-TEX TOWING,A-TEX TOWING,N,,,,,,,,,,,,,,,,,,,,,,0,,,,,,,,,,5,1,0,0,0,1,0,0,0,,,,,,,,
17021198,1,1,N,N,43,WDC0G4JB7HF114972,2017,17,65,118,69,N,78641,1,2,12,2,2,,,,N,ROCHAS TOWING SERVICE,ROCHAS TOWING SERVICE,N,,,,,,,,,,,,,,,,,,,,,,37,,,,,,,,,,3,1,0,0,1,2,0,1,0,,,,,,,,
17021198,2,1,N,N,43,2HGFC2F72JH570596,2018,21,44,256,104,N,78731,1,2,3,2,11,,,,N,ROCHAS TOWING SERVICE,ROCHAS TOWING SERVICE,N,,,,,,,,,,,,,,,,,,,,,,0,,,,,,,,,,7,1,0,0,0,1,0,0,0,,,,,,,,
17021880,1,1,N,N,43,1G1ZB5ST2HF277708,2017,17,107,56,104,N,78610,1,1,1,1,12,,,,N,,,N,,,,,,,,,,,,,,,,,,,,,,44,,,,,,,,,,1,1,0,0,0,1,0,0,0,,,,,,,,
17021880,2,1,N,N,43,1GC1KXCG8EF116969,2014,2,107,658,30,N,78640,1,1,5,1,6,,,,N,,,N,,,,,,,,,,,,,,,,,,,,,,0,,,,,,,,,,1,1,0,0,0,1,0,0,0,,,,,,,,
17024276,1,1,N,N,43,KMHCN46C68U244064,2008,3,45,557,104,N,78752,1,2,11,3,9,,,,N,ZABEN TOWING,"4502 US 183 AUSTIN, TX",N,,,,,,,,,,,,,,,,,,,,,,15,,,,,,,,,,1,1,0,0,0,1,0,0,0,,,,,,,,
17024276,2,1,N,N,43,SALSK2D4XBA294282,2011,17,57,1299,69,N,78703,1,2,4,2,12,,,,N,,,N,,,,,,,,,,,,,,,,,,,,,,0,,,,,,,,,,3,1,0,0,0,2,0,0,0,,,,,,,,
17024806,1,1,N,N,43,1C4RJECT5EC185157,2014,2,429,1116,69,N,39705,1,2,1,1,12,,,,N,,,N,,,,,,,,,,,,,,,,,,,,,,22,19,,,,,,,,,1,1,0,0,0,1,0,0,0,,,,,,,,
17024806,2,1,N,N,43,1G1ZD5ST3JF257032,2018,9,107,56,104,N,75261,1,7,5,1,6,,,,N,,,N,,,,,,,,,,,,,,,,,,,,,,0,,,,,,,,,,1,1,0,0,0,1,0,0,0,,,,,,,,
17024809,1,1,N,N,43,JTDKB20U087790226,2008,1,91,702,104,N,78701,1,2,11,4,11,,,,N,TRIPLE A,UNKNOWN,N,,,,,,,,,,,,,,,,,,,,,,34,,,,,,,,,,3,1,0,0,0,1,0,0,0,,,,,,,,
17024809,2,1,N,N,43,1G2AL18F887268571,2008,16,118,1103,100,N,78754,1,2,12,4,2,,,,N,ZABEN TOWING,"4502 US 183 AUSTIN, TX",N,,,,,,,,,,,,,,,,,,,,,,0,,,,,,,,,,5,1,0,0,0,1,0,0,0,,,,,,,,
17025002,1,1,N,N,43,1FTNX21L11EB06922,2001,21,37,2324,106,N,,1,1,6,4,6,,,,N,,,N,,,,,,,,,,,,,,,,,,,,,,0,,,,,,,,,,11,1,0,0,1,0,0,1,0,,,,,,,,
17025002,2,6,,,,,,,,,,,,,,,,,,,,,,,,,,,,,,,,,,,,,,,,,,,,,0,,,,,,,,,,9,2,0,0,0,0,0,0,0,,,,,,,,
17025002,3,1,N,N,43,JM3TB2BA8F0467773,2015,9,63,2471,104,N,,2,,2,7,12,,,,,EZ AUTO AND TOWING SERVICE,5526 1/2 W HWY 290,N,,,,,,,,,,,,,,,,,,,,,,0,,,,,,,,,,11,1,0,0,1,0,0,1,0,,,,,,,,
17025047,1,1,N,N,43,JTEBU5JR5G5290087,2016,2,91,395,69,N,77807,1,2,4,5,11,,,,N,SOUTHSIDE WRECKER INC,8200 S. CONGRESS AVE,N,,,,,,,,,,,,,,,,,,,,,,34,,,,,,,,,,6,1,0,0,1,0,0,1,0,,,,,,,,
17025047,2,1,N,N,43,1ZVHT80N385135229,2008,17,37,96,100,N,78744,2,,4,7,12,9,5,9,N,SOUTHSIDE WRECKER INC,8200 S. CONGRESS AVE,N,,,,,,,,,,,,,,,,,,,,,,0,,,,,,,,,,8,1,0,0,0,0,0,0,1,,,,,,,,
17025047,3,1,N,N,43,1C6RR6FT2DS666232,2013,16,710,4100,30,N,78676,3,2,2,4,12,,,,N,SOUTHSIDE WRECKER INC,8200 S. CONGRESS AVE,N,,,,,,,,,,,,,,,,,,,,,,0,,,,,,,,,,4,2,0,0,1,0,0,1,0,,,,,,,,
17025047,4,1,N,N,43,1FTEW1EG8HFC59263,2017,17,37,2324,30,N,78620,1,2,2,1,12,,,,N,,,N,,,,,,,,,,,,,,,,,,,,,,0,,,,,,,,,,4,2,0,0,0,1,0,0,0,,,,,,,,
17025171,1,1,N,N,43,JALE5W16XJ7901784,2018,21,49,2399,106,N,78640,1,1,2,3,12,,,,N,,,Y,Y,N,N,3,2,78666,5,0,17950,N,,,,,3,13,,,,,,22,,,,,,,,,,1,1,0,0,0,1,0,0,0,N,0,,,,,N,
17025171,2,1,N,N,43,2G61M5S37F9153103,2015,21,106,2198,104,N,78727,1,1,15,7,9,,,,Y,AVILES & GABES WRECKER SERVICE INC.,AVILES & GABES WRECKER SERVICE INC.,N,,,,,,,,,,,,,,,,,,,,,,0,,,,,,,,,,7,1,0,0,0,0,0,0,1,,,,,,,,
17025171,3,1,N,N,43,JM1DE1LYXD0161374,2013,9,63,2472,104,N,78759,1,1,2,2,12,,,,N,,,N,,,,,,,,,,,,,,,,,,,,,,0,,,,,,,,,,5,2,0,0,0,1,0,0,0,,,,,,,,