Crash_ID,Unit_Nbr,Unit_Desc_ID,Veh_Parked_Fl,Veh_HNR_Fl,Veh_Lic_State_ID,VIN,Veh_Mod_Year,Veh_Color_ID,Veh_Make_ID,Veh_Mod_ID,Veh_Body_Styl_ID,Emer_Respndr_Fl,Ownr_Zip,Fin_Resp_Proof_ID,Fin_Resp_Type_ID,Veh_Dmag_Area_1_ID,Veh_Dmag_Scl_1_ID,Force_Dir_1_ID,Veh_Dmag_Area_2_ID,Veh_Dmag_Scl_2_ID,Force_Dir_2_ID,Veh_Inventoried_Fl,Veh_Transp_Name,Veh_Transp_Dest,Veh_Cmv_Fl,Cmv_Fiveton_Fl,Cmv_Hazmat_Fl,Cmv_Nine_Plus_Pass_Fl,Cmv_Veh_Oper_ID,Cmv_Carrier_ID_Type_ID,Cmv_Carrier_Zip,Cmv_Veh_Type_ID,Cmv_GVWR,Cmv_RGVW,Cmv_Hazmat_Rel_Fl,Hazmat_Cls_1_ID,Hazmat_IDNbr_1_ID,Hazmat_Cls_2_ID,Hazmat_IDNbr_2_ID,Cmv_Cargo_Body_ID,Cmv_Evnt1_ID,Cmv_Evnt2_ID,Cmv_Evnt3_ID,Cmv_Evnt4_ID,Cmv_Tot_Axle,Cmv_Tot_Tire,Contrib_Factr_1_ID,Contrib_Factr_2_ID,Contrib_Factr_3_ID,Contrib_Factr_P1_ID,Contrib_Factr_P2_ID,Veh_Dfct_1_ID,Veh_Dfct_2_ID,Veh_Dfct_3_ID,Veh_Dfct_P1_ID,Veh_Dfct_P2_ID,Veh_Trvl_Dir_ID,First_Harm_Evt_Inv_ID,Sus_Serious_Injry_Cnt,Nonincap_Injry_Cnt,Poss_Injry_Cnt,Non_Injry_Cnt,Unkn_Injry_Cnt,Tot_Injry_Cnt,Death_Cnt,Cmv_Disabling_Damage_Fl,Cmv_Bus_Type_ID,Trlr_GVWR,Trlr_RGVW,Trlr_Type_ID,Trlr_Disabling_Dmag_ID,Cmv_Intermodal_Container_Permit_Fl,CMV_Actual_Gross_Weight
17026895,1,1,N,N,43,1FAFP31N87W194310,2007,9,37,229,100,N,78634,1,2,2,5,12,,,,N,ARMADA TOWING,ARMADA TOWING,N,,,,,,,,,,,,,,,,,,,,,,74,,,,,,,,,,5,1,0,0,0,1,0,0,0,,,,,,,,
17026895,2,1,N,N,43,5NPE24AA0JH723429,2018,9,45,462,104,N,78750,1,2,12,5,3,,,,N,EZ AUTO AND TOWING SERVICE,EZ AUTO AND TOWING SERVICE,N,,,,,,,,,,,,,,,,,,,,,,0,,,,,,,,,,1,1,0,1,0,1,0,1,0,,,,,,,,
17026896,1,1,N,N,43,2G1WF55E4Y9268635,2000,18,107,53,104,Y,78744,1,1,2,6,12,,,,N,ROCHAS TOWING SERVICE,ROCHAS TOWING SERVICE,N,,,,,,,,,,,,,,,,,,,,,,33,,,,,,,,,,7,1,0,0,0,1,0,0,0,,,,,,,,
17026896,2,1,N,N,43,1G1JC5SH4D4116420,2013,16,107,60,104,Y,78756,1,1,,,,,,,N,ATX-VIP TOWING SERVICES,ATX-VIP TOWING SERVICES,N,,,,,,,,,,,,,,,,,,,,,,0,,,,,,,,,,1,1,0,0,0,1,0,0,0,,,,,,,,
17026897,1,1,N,N,43,1N6BA06C68N311922,2008,2,71,1397,30,N,78665,1,2,2,2,12,,,,N,,,N,,,,,,,,,,,,,,,,,,,,,,44,,,,,,,,,,8,1,0,0,0,2,0,0,0,,,,,,,,
17026897,2,1,N,N,43,1N4BL3AP6DN459349,2013,5,71,500,104,N,78723,1,2,2,4,12,6,3,6,N,STARS TOWING,STARS TOWING,N,,,,,,,,,,,,,,,,,,,,,,0,,,,,,,,,,8,1,0,0,0,2,0,0,0,,,,,,,,
17026897,3,1,N,N,43,1GNDT13S682201131,2008,17,107,732,69,N,78664,1,2,6,1,6,,,,N,,,N,,,,,,,,,,,,,,,,,,,,,,0,,,,,,,,,,8,2,0,0,0,2,0,0,0,,,,,,,,
17026899,1,1,N,N,43,1D7HA18257J578830,2007,2,109,2275,30,N,78537,1,1,4,2,12,,,,N,,,N,,,,,,,,,,,,,,,,,,,,,,,,,20,,,,,,,7,1,0,0,0,1,0,0,0,,,,,,,,
17026899,2,1,N,N,43,KNAFX4A80E5085317,2014,9,55,611,104,N,78749,1,1,16,4,4,,,,N,,,N,,,,,,,,,,,,,,,,,,,,,,,,,20,,,,,,,3,1,0,0,1,1,0,1,0,,,,,,,,
17026902,1,1,N,N,43,3HGCM56465G708458,2005,3,44,236,104,N,78660,1,2,7,4,7,,,,Y,AVILES & GABES WRECKER SERVICE INC.,AVILES & GABES WRECKER SERVICE INC.,N,,,,,,,,,,,,,,,,,,,,,,20,,,,,,,,,,1,1,0,0,1,0,0,1,0,,,,,,,,
17026902,2,1,N,N,43,2HGFG11816H567775,2006,17,44,107,104,N,,1,1,2,4,12,,,,N,EZ AUTO AND TOWING SERVICE,EZ AUTO AND TOWING SERVICE,N,,,,,,,,,,,,,,,,,,,,,,0,,,,,,,,,,3,1,0,0,0,1,0,0,0,,,,,,,,
17026903,1,1,N,N,43,5TDZK22C08S209462,2008,17,91,648,103,N,78741,1,2,2,1,12,,,,N,,,N,,,,,,,,,,,,,,,,,,,,,,46,,,,,,,,,,3,1,0,0,0,1,0,0,0,,,,,,,,
17026903,2,1,N,N,43,1GNERKKWXJJ235551,2018,2,107,1414,104,N,78744,1,2,6,1,6,,,,N,,,N,,,,,,,,,,,,,,,,,,,,,,55,,,,,,,,,,3,1,0,1,0,1,0,1,0,,,,,,,,
17026904,1,1,N,N,43,1HGEJ6123XL012773,1999,16,44,256,104,N,78704,2,,3,4,10,,,,Y,SOUTHSIDE WRECKER INC,8200 S. CONGRESS AVE,N,,,,,,,,,,,,,,,,,,,,,,20,45,,,,,,,,,11,1,0,0,1,2,0,1,0,,,,,,,,
17026938,1,1,N,N,43,1HGEM21195L028609,2005,2,44,256,104,N,79753,1,2,2,4,12,,,,N,ATX-VIP TOWING SERVICES,ATX-VIP TOWING SERVICES,N,,,,,,,,,,,,,,,,,,,,,,0,,,,,,,,,,1,1,0,0,1,0,0,1,0,,,,,,,,
17026938,2,1,N,N,43,JTDKDTB39F1088815,2015,3,91,4327,104,N,78758,1,2,6,3,6,3,2,10,N,HARPERS TOWING SERVICE INC,HARPERS TOWING SERVICE INC,N,,,,,,,,,,,,,,,,,,,,,,0,,,,,,,,,,1,1,0,0,1,0,0,1,0,,,,,,,,
17026940,1,1,N,N,43,3GNEC16T91G163299,2001,18,107,2203,104,N,78704,2,,8,2,6,,,,N,STARS TOWING,STARS TOWING,N,,,,,,,,,,,,,,,,,,,,,,0,,,,,,,,,,1,1,0,0,1,0,3,1,0,,,,,,,,
17026940,2,1,N,N,43,2GCEC19TX41327967,2004,1,107,658,30,N,78744,1,2,2,4,12,,,,N,ROCHAS TOWING SERVICE,ROCHAS TOWING SERVICE,N,,,,,,,,,,,,,,,,,,,,,,0,,,,,,,,,,1,1,0,0,0,1,0,0,0,,,,,,,,
17026947,1,1,N,N,43,9BWGR61J644032275,2004,9,96,381,104,N,78957,1,1,15,3,,,,,N,EZ AUTO AND TOWING SERVICE,EZ AUTO AND TOWING SERVICE,N,,,,,,,,,,,,,,,,,,,,,,4,,,,,,,,,,1,1,0,0,1,0,0,1,0,,,,,,,,
17026947,2,1,N,N,43,5XXGN4A77DG211493,2013,21,55,715,104,N,88210,1,1,7,3,,,,,N,AVILES & GABES WRECKER SERVICE INC.,AVILES & GABES WRECKER SERVICE INC.,N,,,,,,,,,,,,,,,,,,,,,,0,,,,,,,,,,1,1,0,0,1,1,0,1,0,,,,,,,,
17026952,1,1,N,N,43,3C3CFFAR1DT740844,2013,3,35,2956,100,N,78745,1,1,12,2,4,,,,N,,,N,,,,,,,,,,,,,,,,,,,,,,37,20,,,,,,,,,6,1,0,0,0,1,0,0,0,,,,,,,,
17026952,2,1,N,N,43,1FMRU17W82LA07366,2002,11,37,601,69,N,78744,1,1,2,1,12,,,,N,,,N,,,,,,,,,,,,,,,,,,,,,,20,,,,,,,,,,4,1,0,0,0,1,0,0,0,,,,,,,,
17026954,1,1,N,N,43,5XYZGDAB0CG128540,2012,3,45,713,104,N,78702,1,2,4,5,1,,,,,EZ AUTO AND TOWING SERVICE,IMPOUND,N,,,,,,,,,,,,,,,,,,,,,,40,,,,,,,,,,3,1,0,0,0,1,0,0,0,,,,,,,,
17026954,2,1,Y,N,43,JF2GTAEC8K8281405,2019,16,85,168,104,N,78702,1,2,7,6,6,,,,,ROCHAS TOWING SERVICE,ROCHAS TOWING SERVICE,N,,,,,,,,,,,,,,,,,,,,,,0,,,,,,,,,,3,1,0,0,0,0,0,0,0,,,,,,,,
17026955,1,1,N,N,43,JTDBE32KX40262818,2004,17,91,380,104,N,78753,1,2,1,4,12,,,,N,ATX-VIP TOWING SERVICES,ATX-VIP TOWING SERVICES,N,,,,,,,,,,,,,,,,,,,,,,74,,,,,,,,,,7,1,0,0,0,1,0,0,0,,,,,,,,
17026955,2,1,N,N,43,1FTRX12W25NB64161,2005,17,37,2324,30,N,78616,1,2,8,3,4,,,,N,STARS TOWING,STARS TOWING,N,,,,,,,,,,,,,,,,,,,,,,0,,,,,,,,,,1,1,0,0,0,1,0,0,0,,,,,,,,
17026956,1,1,N,N,43,1N4AA5APXDC839657,2013,17,71,297,104,N,78724,2,1,1,3,12,,,,Y,ROCHAS TOWING SERVICE,ROCHAS TOWING SERVICE,N,,,,,,,,,,,,,,,,,,,,,,74,,,20,19,,,,,,1,1,0,0,1,1,0,1,0,,,,,,,,
17026956,2,1,N,N,43,1GNSCHE04ER137850,2014,17,107,2203,69,N,78669,1,1,10,5,3,,,,Y,SOUTHSIDE WRECKER INC,SOUTHSIDE,N,,,,,,,,,,,,,,,,,,,,,,0,,,,,,,,,,3,1,0,0,0,1,0,0,0,,,,,,,,
17026957,1,1,N,N,43,5TETX4CN4AZ725268,2010,21,91,629,30,N,,1,1,10,4,3,,,,N,DENVERS TOWING,DENVERS TOWING,N,,,,,,,,,,,,,,,,,,,,,,0,,,,,,,,,,5,1,0,0,1,2,0,1,0,,,,,,,,
17026957,2,1,N,N,87,4V4NC9EH6KN207857,2019,21,98,544,87,N,,1,1,3,1,11,4,1,1,N,,,Y,Y,N,N,1,2,R3T1L9,7,17420,0,N,,,,,11,13,,,,,,0,,,,,,,,,,5,1,0,0,0,1,0,0,0,N,0,,,,,N,
17026957,3,1,N,N,43,1YVHZ8BH9A5M32322,2010,3,63,870,104,N,78728,1,1,15,3,9,,,,N,,,N,,,,,,,,,,,,,,,,,,,,,,0,,,,,,,,,,5,2,0,0,0,1,0,0,0,,,,,,,,
17026958,1,1,N,Y,43,5J6RM3H73DL046242,2013,21,44,,69,N,78701,1,1,4,2,12,,,,N,NONE,NONE,N,,,,,,,,,,,,,,,,,,,,,,20,44,,,,,,,,,11,1,0,0,0,1,0,0,0,,,,,,,,
17026958,2,1,N,N,43,WMWXM7C55ET970576,2014,10,115,742,100,N,78704,1,1,7,2,6,,,,N,NONE,NONE,N,,,,,,,,,,,,,,,,,,,,,,0,,,,,,,,,,11,1,0,0,0,1,0,0,0,,,,,,,,
17026960,1,1,N,N,43,ZAPM818G3K5800796,2019,22,95,1555,71,N,78723,1,1,26,1,,,,,N,,,N,,,,,,,,,,,,,,,,,,,,,,0,,,,,,,,,,7,1,0,1,0,0,0,1,0,,,,,,,,
17026960,2,1,N,N,43,1FTYR14UX8PA81748,2008,2,37,357,30,N,78722,1,1,8,1,6,,,,N,,,N,,,,,,,,,,,,,,,,,,,,,,0,,,,,,,,,,7,1,0,0,0,1,0,0,0,,,,,,,,
17026961,1,1,N,N,43,5J6RE4H45BL075294,2011,21,44,107,69,N,78756,1,1,2,2,12,,,,N,AVILES & GABES WRECKER SERVICE INC.,AVILES & GABES WRECKER SERVICE INC.,N,,,,,,,,,,,,,,,,,,,,,,20,,,,,,,,,,3,1,0,0,0,1,0,0,0,,,,,,,,
17026962,1,1,N,N,43,2HGFB2F81FH526429,2015,3,44,256,104,N,78702,1,1,11,6,10,,,,N,A & A WRECKER NORTH,A & A WRECKER NORTH,N,,,,,,,,,,,,,,,,,,,,,,15,,,,,,,,,,8,1,0,0,1,0,0,1,0,,,,,,,,
17026962,2,1,N,N,43,1FTZR45E23TA03736,2003,17,37,357,30,N,78702,1,1,2,6,12,,,,N,AVILES & GABES WRECKER SERVICE INC.,AVILES & GABES WRECKER SERVICE INC.,N,,,,,,,,,,,,,,,,,,,,,,0,,,,,,,,,,3,1,0,0,0,2,0,0,0,,,,,,,,
17026963,1,1,N,N,43,ZACCJAAB9HPE60568,2017,9,429,4686,69,N,78728,1,2,2,3,11,,,,N,STARS TOWING,STARS TOWING,N,,,,,,,,,,,,,,,,,,,,,,58,,,,,,,,,,6,1,0,0,0,2,0,0,0,,,,,,,,
17026963,2,1,N,N,43,1G1BC5SM8J7227385,2018,21,107,2209,104,Y,78660,1,2,2,3,11,11,2,9,N,STARS TOWING,STARS TOWING,N,,,,,,,,,,,,,,,,,,,,,,0,,,,,,,,,,2,1,0,0,0,1,0,0,0,,,,,,,,
17026963,3,1,N,N,43,1HGCR2F57DA077371,2013,2,44,236,104,N,78728,1,2,16,1,5,,,,N,,,N,,,,,,,,,,,,,,,,,,,,,,0,,,,,,,,,,6,2,0,0,1,0,0,1,0,,,,,,,,
17026964,1,1,N,Y,43,,,17,71,500,104,N,,,,,,,,,,,,,N,,,,,,,,,,,,,,,,,,,,,,22,,,,,,,,,,4,1,0,0,0,0,1,0,0,,,,,,,,
17026964,2,4,,,,,,,,,,,,,,,,,,,,,,,,,,,,,,,,,,,,,,,,,,,,,59,,,,,,,,,,9,1,0,1,0,0,0,1,0,,,,,,,,
17026965,1,1,N,N,43,4S3BMCD63A3217152,2010,3,85,443,104,N,77084,1,1,2,7,12,,,,N,ROCHAS TOWING SERVICE,ROCHAS TOWING SERVICE,N,,,,,,,,,,,,,,,,,,,,,,44,,,,,,,,,,5,1,0,0,0,1,0,0,0,,,,,,,,
17026965,2,1,N,N,43,WDC0G4JB1HF231463,2017,2,65,118,69,N,78665,1,1,6,5,6,,,,N,A-TEX TOWING,5526 1/2 W HWY 290,N,,,,,,,,,,,,,,,,,,,,,,0,,,,,,,,,,5,1,0,0,0,1,0,0,0,,,,,,,,
17026966,1,1,N,N,43,1G1BE5SM1H7153229,2017,2,107,2209,104,N,78729,1,2,1,4,12,,,,N,AVILES & GABES WRECKER SERVICE INC.,AVILES & GABES WRECKER SERVICE INC.,N,,,,,,,,,,,,,,,,,,,,,,20,44,,,,,,,,,3,1,0,0,0,1,0,0,0,,,,,,,,
17026966,2,1,N,N,43,5GZEV23D39J134346,2009,21,81,1269,69,N,78681,1,2,5,1,6,,,,N,,,N,,,,,,,,,,,,,,,,,,,,,,0,,,,,,,,,,3,1,0,0,0,1,0,0,0,,,,,,,,
17026968,1,1,N,N,43,5XYKU4A23CG207484,2012,10,55,767,69,N,78605,1,2,4,1,11,,,,N,,,N,,,,,,,,,,,,,,,,,,,,,,19,44,,,,,,,,,6,1,0,0,0,1,0,0,0,,,,,,,,
17026968,2,1,N,N,43,2HGES16584H617951,2004,2,44,256,104,N,78613,1,2,7,4,7,,,,N,,,N,,,,,,,,,,,,,,,,,,,,,,0,,,,,,,,,,6,1,0,0,0,1,0,0,0,,,,,,,,
17026969,1,1,N,N,43,1GCEC19Z95Z150969,2005,21,107,60,30,N,78741,2,,2,4,12,,,,Y,SOUTHSIDE WRECKER INC,8200 S. CONGRESS AVE,N,,,,,,,,,,,,,,,,,,,,,,43,,,,,,,,,,2,1,0,0,0,2,0,0,0,,,,,,,,
17026969,2,1,N,N,43,JHLRD78536C021407,2006,17,44,605,69,N,78041,1,2,7,3,7,,,,Y,SPECIAL AUTOMOTIVE SERVICE INC,SPECIAL AUTOMOTIVE SERVICE INC,N,,,,,,,,,,,,,,,,,,,,,,0,,,,,,,,,,2,1,0,1,0,0,0,1,0,,,,,,,,
17026970,1,1,N,N,43,3N1CE2CP7EL388165,2014,19,71,3996,104,N,78702,1,2,2,3,12,,,,Y,ROCHAS TOWING SERVICE,ROCHAS TOWING SERVICE,N,,,,,,,,,,,,,,,,,,,,,,44,20,,,,,,,,,2,1,0,1,0,0,0,1,0,,,,,,,,
17026970,2,1,N,N,43,1GNSCBKC1GR171162,2016,21,107,547,69,N,78735,1,2,5,2,6,,,,,,,N,,,,,,,,,,,,,,,,,,,,,,0,,,,,,,,,,2,1,0,0,0,1,0,0,0,,,,,,,,
17026971,1,1,N,N,43,3MZBM1L73FM132698,2015,3,63,1210,104,N,78725,1,2,,,,,,,,,,N,,,,,,,,,,,,,,,,,,,,,,20,36,,,,,,,,,11,1,0,0,0,1,0,0,0,,,,,,,,
17026971,2,4,,,,,,,,,,,,,,,,,,,,,,,,,,,,,,,,,,,,,,,,,,,,,0,,,,,,,,,,9,1,0,0,1,0,0,1,0,,,,,,,,
17026972,1,1,N,N,43,5TBDV54167S469077,2007,2,91,687,30,N,78676,1,1,1,2,12,,,,N,,,N,,,,,,,,,,,,,,,,,,,,,,20,,,,,,,,,,1,1,0,0,0,1,0,0,0,,,,,,,,
17026972,2,1,N,N,43,1N4AL21E39N497844,2007,2,71,500,104,N,78653,1,1,14,3,3,,,,N,HARPERS TOWING SERVICE INC,HARPERS TOWING SERVICE INC,N,,,,,,,,,,,,,,,,,,,,,,0,,,,,,,,,,3,1,0,0,2,3,0,2,0,,,,,,,,
17026973,1,1,N,N,43,1GCEK14V32Z321718,2002,21,107,60,30,N,78759,1,2,8,4,4,,,,N,AVILES & GABES WRECKER SERVICE INC.,AVILES & GABES WRECKER SERVICE INC.,N,,,,,,,,,,,,,,,,,,,,,,37,,,,,,,,,,2,1,0,0,0,1,0,0,0,,,,,,,,
17026973,2,1,N,N,43,JM1DKDC78H0167889,2017,17,63,2471,104,N,78734,1,2,1,5,12,,,,N,ROCHAS TOWING SERVICE,ROCHAS TOWING SERVICE,N,,,,,,,,,,,,,,,,,,,,,,0,,,,,,,,,,6,1,0,0,1,0,0,1,0,,,,,,,,
17026975,1,1,N,N,43,1HGEM22911L119033,2001,17,44,256,104,N,78681,1,2,3,4,12,,,,N,620 LAKESIDE TOWING,620 LAKESIDE TOWING,N,,,,,,,,,,,,,,,,,,,,,,33,,,,,,,,,,5,1,0,0,1,2,0,1,0,,,,,,,,
17026975,2,1,N,N,43,1N4BL2EP8BC122596,2011,2,71,500,104,N,78750,1,2,2,4,12,,,,N,EZ AUTO AND TOWING SERVICE,EZ AUTO AND TOWING SERVICE,N,,,,,,,,,,,,,,,,,,,,,,0,,,,,,,,,,1,1,0,0,1,0,0,1,0,,,,,,,,
17027007,1,1,N,N,43,KMHFU45D01A100818,2001,8,45,714,104,N,78617,1,2,2,2,12,,,,N,ROCHAS TOWING SERVICE,5700 BURLERSON,N,,,,,,,,,,,,,,,,,,,,,,22,20,19,,,,,,,,5,1,0,0,1,0,0,1,0,,,,,,,,
17027007,2,1,N,N,43,1C3CCCAB0FN598516,2015,2,21,66,104,N,78724,1,2,5,1,6,,,,N,ROCHAS TOWING SERVICE,5700 BURLERSON,N,,,,,,,,,,,,,,,,,,,,,,0,,,,,,,,,,5,1,0,0,1,0,0,1,0,,,,,,,,
17027008,1,1,N,N,43,WBAVA33527KX71812,2007,17,14,588,104,N,78748,2,,2,5,1,7,3,7,N,SOUTHSIDE WRECKER INC,SOUTHSIDE,N,,,,,,,,,,,,,,,,,,,,,,4,,,,,,,,,,7,1,0,1,0,0,0,1,0,,,,,,,,
17027008,2,1,N,N,9,5NPEB4AC8CH348068,2012,3,45,462,104,N,78744,1,2,4,1,1,,,,Y,SOUTHSIDE WRECKER INC,SOUTHSIDE WRECKER INC,N,,,,,,,,,,,,,,,,,,,,,,0,,,,,,,,,,7,1,0,1,0,0,0,1,0,,,,,,,,
17027008,3,1,N,N,43,3C63RPGL3EG198045,2014,17,109,2276,106,N,78735,1,2,,,,,,,,,,N,,,,,,,,,,,,,,,,,,,,,,0,,,,,,,,,,7,2,0,0,0,4,0,0,0,,,,,,,,
17027008,4,6,,,,,,,,,,,78745,,,,,,,,,,,,,,,,,,,,,,,,,,,,,,,,,,0,,,,,,,,,,9,2,0,0,0,0,0,0,0,,,,,,,,
17027009,1,1,N,N,43,WBAAM5333XFR04652,1999,10,14,652,104,N,78745,1,2,10,2,,,,,N,ZABEN TOWING,ZABEN TOWING,N,,,,,,,,,,,,,,,,,,,,,,37,20,,,,,,,,,3,1,0,0,0,1,0,0,0,,,,,,,,
17027009,2,1,N,Y,,,,,,,104,N,,,,,,,,,,,,,N,,,,,,,,,,,,,,,,,,,,,,0,,,,,,,,,,7,1,0,0,0,0,0,0,0,,,,,,,,
17027010,1,1,N,N,43,5PVNE8JV2J4S56778,2018,21,43,1528,106,N,78751,1,2,6,0,6,,,,N,,,N,,,,,,,,,,,,,,,,,,,,,,,,,20,,,,,,,5,1,0,0,0,1,0,0,0,,,,,,,,
17027010,2,1,N,N,43,WBAVM1C54EVW47869,2014,21,14,21,69,N,78744,1,2,2,4,12,,,,N,,,N,,,,,,,,,,,,,,,,,,,,,,0,,,,,,,,,,1,1,0,0,1,0,0,1,0,,,,,,,,
17027011,1,1,N,N,9,KMHD35LH1HU375354,2017,17,45,3561,104,N,03106,1,2,2,3,,,,,N,,,N,,,,,,,,,,,,,,,,,,,,,,48,,,,,,,,,,7,1,0,0,0,1,0,0,0,,,,,,,,
17027011,2,1,N,N,43,2G1FC1EV7A9141935,2010,16,107,46,100,N,78735,2,2,4,4,2,,,,N,INTERSTATE CHAPARRAL TOWING INC.,INTERSTATE CHAPARRAL TOWING INC.,N,,,,,,,,,,,,,,,,,,,,,,,,,60,,,,,,,1,1,0,0,0,1,0,0,0,,,,,,,,
17027012,1,1,N,N,43,JN8AT2MTXJW450687,2018,9,71,1310,69,N,78666,1,1,15,3,10,,,,N,STARS TOWING,STARS TOWING,N,,,,,,,,,,,,,,,,,,,,,,74,,,48,,,,,,,1,1,0,0,0,1,0,0,0,,,,,,,,
17027012,2,1,N,N,43,WA1BCCFS2JR016928,2018,2,8,2671,69,N,78702,1,1,4,1,1,,,,N,N/A,N/A,N,,,,,,,,,,,,,,,,,,,,,,0,,,,,,,,,,3,1,0,0,0,1,0,0,0,,,,,,,,
17027013,1,1,N,N,43,JM1CR2W30A0365957,2010,3,63,1211,104,N,78748,1,2,3,3,10,,,,N,NA,DRIVEN AWAY FROM SCENE BY OWNER,N,,,,,,,,,,,,,,,,,,,,,,20,74,,,,,,,,,5,1,0,0,0,1,0,0,0,,,,,,,,
17027013,2,1,N,N,43,1N6AD0ER1BC442526,2011,17,71,634,30,N,78748,1,2,4,2,1,,,,N,EZ AUTO AND TOWING SERVICE,1830 OAK HILL LN,N,,,,,,,,,,,,,,,,,,,,,,0,,,,,,,,,,7,1,0,0,0,1,0,0,0,,,,,,,,
17027014,1,1,N,N,43,3VV3B7AXXJM170314,2018,3,96,1396,69,N,76040,1,1,3,1,10,,,,N,,,N,,,,,,,,,,,,,,,,,,,,,,,,,20,,,,,,,3,1,0,0,0,1,0,0,0,,,,,,,,
17027014,2,1,N,N,43,1GKS2CKJ2HR193919,2017,2,39,479,69,N,78732,1,1,1,2,12,,,,Y,SPECIAL AUTOMOTIVE SERVICE INC,SPECIAL AUTOMOTIVE SERVICE INC,N,,,,,,,,,,,,,,,,,,,,,,0,,,,,,,,,,4,1,0,0,0,1,0,0,0,,,,,,,,
17027016,1,1,N,Y,113,,,21,107,53,104,N,,2,,,,,,,,N,,,N,,,,,,,,,,,,,,,,,,,,,,,,,19,67,,,,,,6,1,0,0,0,0,1,0,0,,,,,,,,
17027016,2,1,N,N,43,5YFBURHE4KP891095,2019,9,91,173,104,N,78751,1,1,3,2,12,,,,N,ATX-VIP TOWING SERVICES,ATX-VIP TOWING SERVICES,N,,,,,,,,,,,,,,,,,,,,,,0,,,,,,,,,,6,1,0,0,0,3,0,0,0,,,,,,,,
17027017,1,1,N,N,43,JN8AS58T19W327550,2009,2,71,1310,69,N,78744,1,1,2,1,12,,,,N,ROCHAS,ROCHAS,N,,,,,,,,,,,,,,,,,,,,,,44,,,20,,,,,,,7,1,0,1,0,2,0,1,0,,,,,,,,
17027017,2,1,N,N,43,WMWSU3C5XCT369308,2012,16,14,21,100,N,78725,1,1,6,2,6,,,,N,ROCHAS TOWING SERVICE,ROCHAS TOWING SERVICE,N,,,,,,,,,,,,,,,,,,,,,,0,,,,,,,,,,7,1,0,1,0,1,0,1,0,,,,,,,,
17027018,1,1,N,N,10,2HGFG3B50FH520530,2015,16,44,256,100,N,33317,1,1,1,3,12,,,,N,ROCHAS TOWING SERVICE,ROCHAS TOWING SERVICE,N,,,,,,,,,,,,,,,,,,,,,,0,,,,,,,,,,7,1,0,0,0,1,0,0,0,,,,,,,,
17027018,2,1,N,N,43,JTHBJ46G172106780,2007,17,58,1052,104,N,78634,1,2,3,3,10,,,,N,DENVERS TOWING,DENVERS TOWING,N,,,,,,,,,,,,,,,,,,,,,,0,,,,,,,,,,5,1,0,0,0,2,0,0,0,,,,,,,,
17027019,1,1,N,N,43,5TFEY5F16FX177566,2015,17,91,687,30,N,78626,1,2,13,1,8,,,,N,,,N,,,,,,,,,,,,,,,,,,,,,,35,,,,,,,,,,1,1,0,0,0,0,1,0,0,,,,,,,,
17027019,2,1,N,N,43,5N1AT2MV4HC870997,2017,9,71,1310,69,N,78744,1,2,2,2,1,,,,N,,,N,,,,,,,,,,,,,,,,,,,,,,0,,,,,,,,,,3,1,0,0,0,1,0,0,0,,,,,,,,
17027370,1,1,N,N,43,1FADP3F20EL196735,2014,9,37,696,104,N,78704,1,2,9,3,9,13,3,3,N,ARMADA TOWING SERVICE,"9706 MIDDLE FISKVILLE RD AUSTIN, TX",N,,,,,,,,,,,,,,,,,,,,,,35,,,,,,,,,,7,1,0,0,0,1,0,0,0,,,,,,,,
17027370,2,1,N,N,43,1FTRF04577KB55994,2007,2,37,2324,30,N,77450,1,2,3,2,12,,,,N,,,N,,,,,,,,,,,,,,,,,,,,,,0,,,,,,,,,,1,1,0,0,0,1,0,0,0,,,,,,,,
17027370,3,1,N,N,43,JHLRE4H78BC024066,2011,10,44,605,69,N,78746,1,2,2,4,12,,,,N,ARMADA TOWING SERVICE,"9706 MIDDLE FISKVILLE RD AUSTIN, TX",N,,,,,,,,,,,,,,,,,,,,,,0,,,,,,,,,,1,2,0,0,0,1,0,0,0,,,,,,,,
17029672,1,1,N,Y,43,KMHDH4AE3DU794997,2013,9,45,480,104,N,78723,2,,3,3,11,,,,Y,,,N,,,,,,,,,,,,,,,,,,,,,,43,,,,,,,,,,11,1,0,0,0,1,2,0,0,,,,,,,,
17029673,1,1,N,N,43,1FA6P8AM5G5326255,2016,21,37,96,100,N,78741,1,2,,,,,,,N,,,N,,,,,,,,,,,,,,,,,,,,,,0,,,,,,,,,,3,1,0,0,0,1,0,0,0,,,,,,,,
17029673,2,1,N,N,43,JF1VA1E62G9823692,2016,3,85,4156,104,N,78746,1,2,,,,,,,Y,ARMADA TOWING,ARMADA TOWING,N,,,,,,,,,,,,,,,,,,,,,,74,,,,,,,,,,1,1,0,0,0,3,0,0,0,,,,,,,,
17029674,1,1,N,Y,43,JTDKB20UX97885376,2009,3,91,702,104,N,78681,1,2,2,3,,,,,N,AVILES & GABES WRECKER SERVICE INC.,AVILES & GABES WRECKER SERVICE INC.,N,,,,,,,,,,,,,,,,,,,,,,20,,,,,,,,,,11,1,0,0,0,1,0,0,0,,,,,,,,