Crash_ID,Unit_Nbr,Unit_Desc_ID,Veh_Parked_Fl,Veh_HNR_Fl,Veh_Lic_State_ID,VIN,Veh_Mod_Year,Veh_Color_ID,Veh_Make_ID,Veh_Mod_ID,Veh_Body_Styl_ID,Emer_Respndr_Fl,Ownr_Zip,Fin_Resp_Proof_ID,Fin_Resp_Type_ID,Veh_Dmag_Area_1_ID,Veh_Dmag_Scl_1_ID,Force_Dir_1_ID,Veh_Dmag_Area_2_ID,Veh_Dmag_Scl_2_ID,Force_Dir_2_ID,Veh_Inventoried_Fl,Veh_Transp_Name,Veh_Transp_Dest,Veh_Cmv_Fl,Cmv_Fiveton_Fl,Cmv_Hazmat_Fl,Cmv_Nine_Plus_Pass_Fl,Cmv_Veh_Oper_ID,Cmv_Carrier_ID_Type_ID,Cmv_Carrier_Zip,Cmv_Veh_Type_ID,Cmv_GVWR,Cmv_RGVW,Cmv_Hazmat_Rel_Fl,Hazmat_Cls_1_ID,Hazmat_IDNbr_1_ID,Hazmat_Cls_2_ID,Hazmat_IDNbr_2_ID,Cmv_Cargo_Body_ID,Cmv_Evnt1_ID,Cmv_Evnt2_ID,Cmv_Evnt3_ID,Cmv_Evnt4_ID,Cmv_Tot_Axle,Cmv_Tot_Tire,Contrib_Factr_1_ID,Contrib_Factr_2_ID,Contrib_Factr_3_ID,Contrib_Factr_P1_ID,Contrib_Factr_P2_ID,Veh_Dfct_1_ID,Veh_Dfct_2_ID,Veh_Dfct_3_ID,Veh_Dfct_P1_ID,Veh_Dfct_P2_ID,Veh_Trvl_Dir_ID,First_Harm_Evt_Inv_ID,Sus_Serious_Injry_Cnt,Nonincap_Injry_Cnt,Poss_Injry_Cnt,Non_Injry_Cnt,Unkn_Injry_Cnt,Tot_Injry_Cnt,Death_Cnt,Cmv_Disabling_Damage_Fl,Cmv_Bus_Type_ID,Trlr_GVWR,Trlr_RGVW,Trlr_Type_ID,Trlr_Disabling_Dmag_ID,Cmv_Intermodal_Container_Permit_Fl,CMV_Actual_Gross_Weight
17029674,2,1,N,Y,113,,,99,,,0,N,,,,,,,,,,N,,,N,,,,,,,,,,,,,,,,,,,,,,0,,,,,,,,,,11,1,0,0,0,0,1,0,0,,,,,,,,
17029676,1,1,N,N,43,5TFJU4GN9BX003040,2011,16,91,629,30,Y,78727,1,2,12,0,3,,,,N,,,N,,,,,,,,,,,,,,,,,,,,,,36,,,,,,,,,,5,1,0,0,0,1,0,0,0,,,,,,,,
17029676,2,3,,,,,,,,,,,,,,,,,,,,,,,,,,,,,,,,,,,,,,,,,,,,,69,,,,,,,,,,9,1,0,0,0,1,0,0,0,,,,,,,,
17029677,1,1,N,Y,43,2HGFG11617H574161,2007,2,44,256,104,N,78758,1,1,4,1,2,,,,N,AUS-TEX AUTO ENTERPRISES LLC,AUS-TEX AUTO ENTERPRISES LLC,N,,,,,,,,,,,,,,,,,,,,,,74,,,,,,,,,,11,1,0,0,0,0,1,0,0,,,,,,,,
17029678,1,1,N,N,16,1F98D54012N054351,2002,21,151,1246,92,N,,1,1,2,1,12,,,,N,,,N,,,,,,,,,,,,,,,,,,,,,,20,,,,,,,,,,11,1,0,0,0,2,0,0,0,,,,,,,,
17029678,2,1,N,N,43,1NXBR32E75Z395475,2005,9,91,173,104,N,78758,1,1,,,,,,,N,A-TEX TOWING,AUS-TEX AUTO ENTERPRISES LLC,N,,,,,,,,,,,,,,,,,,,,,,0,,,,,,,,,,11,1,0,1,0,0,0,1,0,,,,,,,,
17029678,3,1,N,N,23,2FMDK4KC3BBA93426,2011,17,37,1035,69,N,,1,1,6,2,6,,,,N,,,N,,,,,,,,,,,,,,,,,,,,,,0,,,,,,,,,,11,2,0,0,2,0,0,2,0,,,,,,,,
17029679,1,1,N,N,43,1FAFP10P0WW206505,1998,16,37,292,104,N,77304,2,,4,4,12,,,,N,ROCHAS TOWING SERVICE,ROCHAS TOWING SERVICE,N,,,,,,,,,,,,,,,,,,,,,,22,20,,,,,,,,,8,1,0,0,0,1,0,0,0,,,,,,,,
17029679,2,1,N,N,43,KMHDU46D48U540958,2008,3,45,480,104,N,78723,1,2,7,4,6,,,,N,LAMONT & SONS,LAMONT & SONS,N,,,,,,,,,,,,,,,,,,,,,,0,,,,,,,,,,8,1,0,0,0,1,0,0,0,,,,,,,,
17029679,3,1,N,N,43,1FTFX1CF4CFA75748,2012,,37,2324,30,N,78660,1,2,5,2,6,,,,N,DRIVEN AWAY,DRIVEN AWAY,N,,,,,,,,,,,,,,,,,,,,,,0,,,,,,,,,,8,2,0,0,0,1,0,0,0,,,,,,,,
17029680,1,1,N,N,43,5GAKVCED8CJ269807,2012,17,105,1041,104,N,78731,1,2,2,4,12,,,,Y,AUS-TEX AUTO ENTERPRISES LLC,AUS-TEX AUTO ENTERPRISES LLC,N,,,,,,,,,,,,,,,,,,,,,,67,,,,,,,,12,,1,1,0,0,0,1,0,0,0,,,,,,,,
17029680,2,1,Y,N,43,1J4FA49S04P721820,2004,9,429,1464,104,N,78613,1,2,7,3,7,2,2,12,N,,,N,,,,,,,,,,,,,,,,,,,,,,0,,,,,,,,,,1,1,0,0,0,1,0,0,0,,,,,,,,
17029680,3,1,Y,N,43,YV4992DZ8A2034482,2010,,98,950,104,N,76513,1,2,6,2,6,,,,N,,,N,,,,,,,,,,,,,,,,,,,,,,0,,,,,,,,,,1,2,0,0,0,0,0,0,0,,,,,,,,
17029681,1,1,N,N,43,JTDKB20U153020720,2005,3,91,702,104,N,78736,1,2,2,5,12,,,,Y,STARS TOWING,STARS TOWING,N,,,,,,,,,,,,,,,,,,,,,,16,,,,,,,,,,5,1,0,0,0,1,0,0,0,,,,,,,,
17029681,2,1,N,N,43,JTMW1RFV7KD009305,2019,2,91,581,104,N,78724,1,2,15,3,9,11,3,9,Y,STARS TOWING,STARS TOWING,N,,,,,,,,,,,,,,,,,,,,,,0,,,,,,,,,,3,1,0,0,0,3,0,0,0,,,,,,,,
17029682,1,1,N,N,43,1VWAS7A35FC110367,2015,17,96,473,104,Y,78758,1,2,2,5,12,,,,Y,ROCHAS TOWING SERVICE,ROCHAS TOWING SERVICE,N,,,,,,,,,,,,,,,,,,,,,,44,,,19,,,,,,,3,1,0,0,1,0,0,1,0,,,,,,,,
17029682,2,1,N,N,43,2C4JRGAG8ER389997,2014,21,109,82,103,N,,1,1,5,4,6,,,,N,,,N,,,,,,,,,,,,,,,,,,,,,,0,,,,,,,,,,3,1,0,0,0,1,0,0,0,,,,,,,,
17029683,1,1,N,N,43,1HGCM56476A128281,2006,3,44,256,104,N,78654,1,2,2,3,12,,,,N,ATX-VIP TOWING SERVICES,ATX-VIP TOWING SERVICES,N,,,,,,,,,,,,,,,,,,,,,,44,,,,,,,,,,3,1,0,0,0,1,0,0,0,,,,,,,,
17029683,2,1,N,N,43,1G6AB5RAXG0110543,2016,21,106,2190,104,N,78260,1,2,6,2,6,,,,N,,,N,,,,,,,,,,,,,,,,,,,,,,0,,,,,,,,,,3,1,0,0,0,1,0,0,0,,,,,,,,
17029684,1,1,N,N,43,1HGCG56631A002677,2001,16,44,236,104,N,78741,1,2,16,5,3,,,,N,ROCHAS TOWING SERVICE,ROCHAS TOWING SERVICE,N,,,,,,,,,,,,,,,,,,,,,,15,,,,,,,,,,5,1,0,0,0,1,0,0,0,,,,,,,,
17029684,2,1,N,N,43,JHMFA362X7S025860,2007,2,44,256,104,N,78748,1,2,2,6,1,,,,N,EZ AUTO AND TOWING SERVICE,EZ AUTO AND TOWING SERVICE,N,,,,,,,,,,,,,,,,,,,,,,0,,,,,,,,,,3,1,0,1,0,0,0,1,0,,,,,,,,
17029685,1,1,N,N,13,2G4WS52J631248782,2003,10,105,25,104,N,78744,1,2,3,3,11,,,,N,ROCHAS TOWING SERVICE,ROCHAS TOWING SERVICE,N,,,,,,,,,,,,,,,,,,,,,,20,,,,,,,,,,2,1,0,0,0,1,0,0,0,,,,,,,,
17029685,2,1,N,N,43,1GTEC19H2SE513445,1995,10,39,2340,30,N,78724,1,2,2,2,12,,,,Y,ROCHAS TOWING SERVICE,ROCHAS TOWING SERVICE,N,,,,,,,,,,,,,,,,,,,,,,0,,,,,,,,,,8,1,0,0,0,1,0,0,0,,,,,,,,
17029686,1,1,N,N,43,1HGES267X2L052853,2002,2,44,236,104,N,75013,1,2,2,6,12,,,,N,SPECIAL AUTOMOTIVE SERVICE INC,SPECIAL AUTOMOTIVE SERVICE INC,N,,,,,,,,,,,,,,,,,,,,,,44,,,,,,,,,,1,1,0,0,0,1,0,0,0,,,,,,,,
17029686,2,1,N,N,43,3N1BC1AP8AL372114,2010,3,71,341,104,N,77084,1,2,6,4,6,,,,N,,,N,,,,,,,,,,,,,,,,,,,,,,0,,,,,,,,,,1,1,0,0,0,1,0,0,0,,,,,,,,
17029687,1,1,N,N,43,1HGCP26899A199348,2009,17,44,236,104,N,78759,1,1,2,6,12,,,,Y,EZ AUTO AND TOWING SERVICE,EZ AUTO AND TOWING SERVICE,N,,,,,,,,,,,,,,,,,,,,,,20,,,,,,,,,,4,1,0,0,0,1,0,0,0,,,,,,,,
17029687,2,1,N,N,43,5N1AT2MV9GC890693,2016,17,71,1310,104,N,78641,1,1,6,2,6,,,,N,,,N,,,,,,,,,,,,,,,,,,,,,,0,,,,,,,,,,4,1,0,0,0,1,0,0,0,,,,,,,,
17029688,1,1,N,N,43,3N1AB7AP6JY285557,2018,2,71,341,104,N,63105,1,7,2,7,12,,,,Y,,,N,,,,,,,,,,,,,,,,,,,,,,15,,,,,,,,,,8,1,0,1,0,0,0,1,0,,,,,,,,
17029688,2,1,N,N,43,5N1AZ2MG8HN178911,2017,17,71,777,100,N,,1,1,2,7,12,,,,Y,620 LAKESIDE TOWING,620 LAKESIDE TOWING,N,,,,,,,,,,,,,,,,,,,,,,0,,,,,,,,,,4,1,0,1,0,0,0,1,0,,,,,,,,
17029688,3,1,N,N,43,3FADP4EJ6HM129171,2017,9,37,229,104,N,78726,2,,4,5,2,,,,N,,,N,,,,,,,,,,,,,,,,,,,,,,0,,,,,,,,,,4,2,0,0,0,1,0,0,0,,,,,,,,
17029689,1,1,N,N,43,JH4KA7663NC012996,1992,21,1,449,104,N,78616,1,2,2,6,12,,,,N,AUSTIN EXPRESS TOWING INC.,AUSTIN EXPRESS TOWING INC.,N,,,,,,,,,,,,,,,,,,,,,,15,,,,,,,,,,7,1,0,0,1,1,0,1,0,,,,,,,,
17029689,2,1,N,N,43,2D4RN5D10AR212058,2010,21,109,550,103,N,78741,1,2,10,5,3,,,,N,STARS TOWING,STARS TOWING,N,,,,,,,,,,,,,,,,,,,,,,0,,,,,,,,,,1,1,0,0,1,0,0,1,0,,,,,,,,
17029690,1,1,N,N,43,3C63RRHL5HG790335,2017,11,109,2281,30,N,77073,1,1,13,3,7,12,1,3,Y,SOUTHSIDE WRECKER INC,8200 S. CONGRESS AVE,N,,,,,,,,,,,,,,,,,,,,,,3,22,,,,,,,,,7,1,0,0,0,0,3,0,0,,,,,,,,
17029690,2,1,Y,N,43,3GNDA13D17S622104,2007,3,107,1142,104,N,78748,2,,13,3,9,,,,N,,,N,,,,,,,,,,,,,,,,,,,,,,0,,,,,,,,,,3,1,0,0,0,0,0,0,0,,,,,,,,
17029691,1,1,N,N,43,3C8FY4BB91T528079,2001,3,21,709,69,N,78751,1,2,4,2,1,,,,Y,ARMADA TOWING,ARMADA TOWING,N,,,,,,,,,,,,,,,,,,,,,,37,,,,,,,,,,1,1,0,1,0,0,0,1,0,,,,,,,,
17029691,2,1,N,N,43,1GCCS1447XK173393,1999,16,107,2233,30,N,78757,1,2,3,3,12,,,,Y,STARS TOWING,STARS TOWING,N,,,,,,,,,,,,,,,,,,,,,,0,,,,,,,,,,5,1,0,1,0,0,0,1,0,,,,,,,,
17029692,1,1,N,N,43,JM1BL1UF8C1547276,2012,9,63,1210,104,N,78748,1,2,11,3,,15,2,,N,,,N,,,,,,,,,,,,,,,,,,,,,,27,,,,,,,,,,4,1,0,0,0,1,0,0,0,,,,,,,,
17029692,2,1,N,N,43,1XPCDB9X1WN432555,1998,15,74,4049,87,N,70663,1,2,,,,,,,N,,,Y,Y,N,N,2,2,70663,9,80000,0,N,,,,,5,13,,,,,,0,,,,,,,,,,4,1,0,0,1,1,0,1,0,N,0,,,,,N,
17029692,3,6,,,,,,,,,,,70611,,,,,,,,,,,,,,,,,,,,,,,,,,,,,,,,,,0,,,,,,,,,,9,2,0,0,0,0,0,0,0,,,15000,0,2,N,,
17029694,1,1,N,Y,43,4T1BF1FK8CU060686,2012,17,91,380,104,N,,2,,2,4,12,,,,Y,AUS-TEX AUTO ENTERPRISES LLC,FROM SCENE,N,,,,,,,,,,,,,,,,,,,,,,23,22,43,,,,,,,,1,1,0,0,0,1,0,0,0,,,,,,,,
17029694,2,1,Y,N,43,1J4GW48S3YC355369,2000,3,429,970,104,N,78753,1,1,6,3,6,2,2,12,N,,,N,,,,,,,,,,,,,,,,,,,,,,0,,,,,,,,,,1,1,0,0,0,0,0,0,0,,,,,,,,
17029694,3,1,Y,N,43,1FTEX1CM1BKD79717,2011,16,37,2324,30,N,78724,2,,6,2,6,,,,N,,,N,,,,,,,,,,,,,,,,,,,,,,0,,,,,,,,,,1,2,0,0,0,0,0,0,0,,,,,,,,
17029696,1,1,N,N,43,1FMCU0GX2DUD23688,2013,16,37,711,69,N,78641,1,2,2,1,12,,,,N,,,N,,,,,,,,,,,,,,,,,,,,,,22,,,,,,,,,,4,1,0,0,0,1,0,0,0,,,,,,,,
17029696,2,1,N,N,43,2GNALDEK7D6302676,2013,17,107,1048,69,N,78705,1,2,6,1,6,,,,Y,,,N,,,,,,,,,,,,,,,,,,,,,,0,,,,,,,,,,4,1,0,0,0,1,0,0,0,,,,,,,,
17029703,1,1,N,N,43,2T2ZZMCA0KC119499,2019,2,58,1318,69,N,78747,1,2,13,5,9,,,,N,A-TEX TOWING,AUS-TEX AUTO ENTERPRISES LLC,N,,,,,,,,,,,,,,,,,,,,,,20,,,,,,,,,,5,1,0,0,1,0,0,1,0,,,,,,,,
17029703,2,1,N,N,43,3MYDLBYV7KY510117,2019,3,91,1477,104,N,78748,1,2,2,3,12,,,,N,,,N,,,,,,,,,,,,,,,,,,,,,,0,,,,,,,,,,7,1,0,0,1,0,0,1,0,,,,,,,,
17029705,1,1,N,N,43,4M2ZV11T01DJ03351,2001,1,114,511,103,N,78660,1,1,1,1,12,,,,N,,,N,,,,,,,,,,,,,,,,,,,,,,22,,,,,,,,,,5,1,0,0,0,2,0,0,0,,,,,,,,
17029705,2,1,N,N,43,5N1DR2MN8HC639077,2017,21,71,531,104,N,78504,1,1,5,1,6,,,,N,,,N,,,,,,,,,,,,,,,,,,,,,,0,,,,,,,,,,5,1,0,1,0,3,0,1,0,,,,,,,,
17029729,1,1,N,N,43,3FA6P0H77HR170915,2017,21,37,1097,104,N,78245,1,2,2,2,12,,,,N,,,N,,,,,,,,,,,,,,,,,,,,,,44,,,,,,,,,,1,1,0,1,0,0,0,1,0,,,,,,,,
17029729,2,1,N,N,43,WBAWL73568PX52836,2008,3,14,846,104,N,78660,1,2,14,3,6,,,,N,,,N,,,,,,,,,,,,,,,,,,,,,,0,,,,,,,,,,1,1,0,0,0,1,0,0,0,,,,,,,,
17029730,1,1,N,N,43,1HGEJ6676WL024340,1998,2,44,256,104,N,78753,2,,10,1,3,,,,N,,,N,,,,,,,,,,,,,,,,,,,,,,4,,,74,,,,,,,4,1,0,0,1,2,0,1,0,,,,,,,,
17029730,2,1,N,N,43,2C3CDZFJ2GH321540,2016,2,109,73,100,N,76643,1,2,15,1,9,,,,N,,,N,,,,,,,,,,,,,,,,,,,,,,0,,,,,,,,,,6,1,0,0,0,1,0,0,0,,,,,,,,
17029732,1,1,N,Y,43,,,3,,,106,N,,2,,,,,,,,,,,N,,,,,,,,,,,,,,,,,,,,,,4,,,,,,,,,,6,1,0,0,0,1,0,0,0,,,,,,,,
17029732,2,6,,,,,,,,,,,77488,,,,,,,,,,,,,,,,,,,,,,,,,,,,,,,,,,0,,,,,,,,,,9,2,0,0,0,0,0,0,0,,,,,,,,
17029732,3,1,N,N,43,JF1ZCAC13D1609999,2013,3,85,2551,104,N,78214,1,2,5,4,6,,,,N,TOW TIME,TOW TIME,N,,,,,,,,,,,,,,,,,,,,,,0,,,,,,,,,,6,1,0,0,0,1,0,0,0,,,,,,,,
17029733,1,1,N,N,43,1GNERGKW1KJ270266,2019,17,107,1414,69,N,78748,1,2,2,3,12,,,,N,SPECIAL AUTOMOTIVE SERVICE INC,SPECIAL AUTOMOTIVE SERVICE INC,N,,,,,,,,,,,,,,,,,,,,,,20,,,,,,,,,,5,1,0,0,0,1,0,0,0,,,,,,,,
17029733,2,1,N,N,43,1FTEW1CG6GKF65998,2016,2,37,2324,30,N,78620,1,1,6,1,6,,,,N,,,N,,,,,,,,,,,,,,,,,,,,,,0,,,,,,,,,,5,1,0,0,0,2,0,0,0,,,,,,,,
17029734,1,1,N,N,43,2C4RDGEG2HR675067,2017,9,109,550,104,N,78747,1,2,11,3,10,,,,Y,ROCHAS TOWING SERVICE,ROCHAS TOWING SERVICE,N,,,,,,,,,,,,,,,,,,,,,,,,,4,,,,,,,5,1,0,1,0,0,0,1,0,,,,,,,,
17029734,2,1,N,N,43,JHLRE3H4XBC006121,2011,2,44,605,69,N,78615,1,2,4,3,1,,,,Y,ROCHAS TOWING SERVICE,ROCHAS TOWING SERVICE,N,,,,,,,,,,,,,,,,,,,,,,0,,,,,,,,,,5,1,0,1,0,0,0,1,0,,,,,,,,
17029735,1,1,N,N,43,JN1EV7AP6JM590116,2018,17,47,2393,104,N,,1,7,2,3,12,,,,Y,A-TEX TOWING,HERTZ AT AIRPORT,N,,,,,,,,,,,,,,,,,,,,,,20,,,,,,,,,,5,1,0,0,0,1,0,0,0,,,,,,,,
17029735,2,1,N,N,43,5XYPG4A52KG559249,2019,17,55,767,69,N,,1,7,6,2,6,,,,N,,,N,,,,,,,,,,,,,,,,,,,,,,0,,,,,,,,,,5,1,0,0,0,3,0,0,0,,,,,,,,
17029736,1,1,N,N,43,JTHBK262182060293,2008,3,58,1156,104,N,78750,1,2,4,3,12,,,,N,AVILES & GABES WRECKER SERVICE INC.,AVILES & GABES WRECKER SERVICE INC.,N,,,,,,,,,,,,,,,,,,,,,,0,,,,,,,,,,4,1,0,0,0,3,0,0,0,,,,,,,,
17029736,2,1,N,N,43,1FTYE1ZM7GKB10011,2016,21,37,2992,103,N,78744,1,2,7,2,6,,,,N,,,N,,,,,,,,,,,,,,,,,,,,,,0,,,,,,,,,,4,1,0,0,0,2,0,0,0,,,,,,,,
17029737,1,1,N,N,43,KNDJT2A22A7081423,2010,2,55,1357,104,N,78610,1,2,6,4,6,,,,N,,,N,,,,,,,,,,,,,,,,,,,,,,37,,,,,,,,,,3,1,0,0,2,2,0,2,0,,,,,,,,
17029737,2,1,N,N,43,KL7CJKSB2JB642517,2018,17,107,2248,104,N,78621,1,2,4,4,2,,,,N,,,N,,,,,,,,,,,,,,,,,,,,,,0,,,,,,,,,,7,1,0,0,0,1,0,0,0,,,,,,,,
17029739,1,1,N,N,43,5XXGM4A78FG501019,2015,2,55,715,104,N,78704,1,1,7,3,,,,,Y,EZ AUTO AND TOWING SERVICE,EZ AUTO AND TOWING SERVICE,N,,,,,,,,,,,,,,,,,,,,,,0,,,,,,,,,,1,1,0,0,0,1,0,0,0,,,,,,,,
17029739,2,1,N,N,43,1FM5K8AR3HGD06247,2017,3,37,554,105,N,78751,4,,3,3,11,,,,Y,K & S TOWING,OWNERS RESIDENCE/REQUEST,N,,,,,,,,,,,,,,,,,,,,,,0,,,,,,,,,,3,1,0,0,1,0,0,1,0,,,,,,,,
17029744,1,1,N,N,43,5N1AR2MNXEC684634,2014,3,71,531,104,N,78610,1,2,7,3,8,,,,Y,A-TEX TOWING,OWNERS RESIDENCE/REQUEST,N,,,,,,,,,,,,,,,,,,,,,,35,,,,,,,,,,8,1,0,3,1,0,0,4,0,,,,,,,,
17029744,2,1,N,N,43,5TFAZ5CN7HX048449,2017,1,91,629,30,N,78704,1,2,3,3,11,,,,Y,ROCHAS TOWING SERVICE,ROCHAS TOWING SERVICE,N,,,,,,,,,,,,,,,,,,,,,,0,,,,,,,,,,2,1,0,0,1,0,0,1,0,,,,,,,,
17029748,1,1,N,N,5,3N1AB7AP5FY241041,2015,21,71,341,104,N,78702,1,1,2,3,12,,,,N,SELF,,N,,,,,,,,,,,,,,,,,,,,,,44,,,,,,,,,,5,1,0,0,0,1,0,0,0,,,,,,,,
17029748,2,1,N,N,43,1NXBU4EE0AZ212802,2010,17,91,173,104,N,78748,1,1,6,2,6,2,1,12,N,SELF,,N,,,,,,,,,,,,,,,,,,,,,,0,,,,,,,,,,5,1,0,0,1,2,0,1,0,,,,,,,,
17029748,3,1,N,N,43,3GCPCREC2HG358124,2017,2,107,2236,30,N,78741,1,1,6,1,6,,,,N,SELF,,N,,,,,,,,,,,,,,,,,,,,,,0,,,,,,,,,,5,2,0,0,0,1,0,0,0,,,,,,,,
17029749,1,1,N,N,43,ML32F3FJ6HHF16357,2017,16,68,389,104,N,78705,1,2,2,3,12,,,,N,,,N,,,,,,,,,,,,,,,,,,,,,,37,,,,,,,,,,1,1,0,0,0,1,0,0,0,,,,,,,,
17029749,2,1,N,N,43,1J4FA39S74P792961,2004,16,429,1464,104,N,78704,1,2,8,2,5,,,,N,,,N,,,,,,,,,,,,,,,,,,,,,,0,,,,,,,,,,1,1,0,0,0,1,0,0,0,,,,,,,,
17029750,1,1,N,N,43,1HGCG16442A000025,2002,17,44,236,104,N,78664,1,1,12,3,2,,,,Y,620 LAKESIDE TOWING,620 LAKESIDE TOWING,N,,,,,,,,,,,,,,,,,,,,,,20,,,,,,,,,,8,1,0,0,1,0,0,1,0,,,,,,,,
17029750,2,1,N,N,43,JTDKBRFU4H3047799,2017,21,91,702,104,N,78726,1,1,2,4,12,,,,Y,620 LAKESIDE TOWING,620 LAKESIDE TOWING,N,,,,,,,,,,,,,,,,,,,,,,0,,,,,,,,,,4,1,0,0,1,0,0,1,0,,,,,,,,
17029751,1,1,N,N,43,1ZVBP8CF8C5278491,2012,3,37,96,100,N,78754,2,,2,4,12,,,,Y,AVILES & GABES WRECKER SERVICE INC.,AVILES & GABES WRECKER SERVICE INC.,N,,,,,,,,,,,,,,,,,,,,,,20,,,,,,,,,,3,1,0,0,0,1,0,0,0,,,,,,,,
17029751,2,1,N,N,43,3N1AB7AP7JY217073,2018,2,71,341,104,N,78750,1,2,11,4,11,,,,Y,STARS TOWING,STARS TOWING,N,,,,,,,,,,,,,,,,,,,,,,0,,,,,,,,,,1,1,0,1,0,0,0,1,0,,,,,,,,
17029752,1,1,N,N,43,2A4RR5D12AR279191,2010,2,21,64,103,N,78710,1,1,2,2,12,,,,N,,,N,,,,,,,,,,,,,,,,,,,,,,0,,,,,,,,,,5,1,0,0,0,1,0,0,0,,,,,,,,
17029752,2,1,N,N,9,KNAFW6A38C5518401,2012,9,55,1093,100,N,78752,1,1,13,2,8,,,,N,,,N,,,,,,,,,,,,,,,,,,,,,,0,,,,,,,,,,3,1,0,0,0,1,0,0,0,,,,,,,,
17029753,1,1,N,Y,43,WBAETF37452NG7785,2002,2,14,523,104,N,,1,2,7,2,,,,,N,,,N,,,,,,,,,,,,,,,,,,,,,,20,,,,,,,,,,5,1,0,0,0,1,0,0,0,,,,,,,,
17029753,2,1,Y,N,43,5NPDH4AE9FH598206,2015,2,45,480,104,N,78745,1,2,7,2,6,,,,N,,,N,,,,,,,,,,,,,,,,,,,,,,0,,,,,,,,,,5,1,0,0,0,0,0,0,0,,,,,,,,
17029754,1,1,N,N,43,3GCPCREC2HG342148,2017,2,107,658,30,N,78753,1,1,3,2,11,,,,N,620 LAKESIDE TOWING,620 LAKESIDE TOWING,N,,,,,,,,,,,,,,,,,,,,,,,,,19,,,,,,,11,1,0,0,0,0,0,0,0,,,,,,,,
17029755,1,1,N,N,43,3GTEC23059G169895,2009,2,39,3080,30,N,78758,1,2,12,4,2,,,,Y,ARMADA TOWING,ARMADA TOWING,N,,,,,,,,,,,,,,,,,,,,,,67,,,,,,,,,,3,1,0,0,0,1,0,0,0,,,,,,,,
17029755,2,1,Y,N,43,1J4FT68S2SL575173,1995,10,429,970,69,N,78758,1,2,4,3,1,,,,N,,,N,,,,,,,,,,,,,,,,,,,,,,0,,,,,,,,,,7,1,0,0,0,1,0,0,0,,,,,,,,
17029756,1,1,N,N,43,2FMDK4GCXDBA53145,2013,2,37,1035,69,N,78745,1,1,2,3,12,,,,Y,SPECIAL AUTOMOTIVE SERVICE INC,5700 BURLESON RD,N,,,,,,,,,,,,,,,,,,,,,,20,,,,,,,,,,3,1,0,0,0,2,0,0,0,,,,,,,,
17029756,2,1,N,N,43,1G4HP52K75U235873,2005,16,105,29,104,N,78748,1,1,6,2,6,,,,N,,,N,,,,,,,,,,,,,,,,,,,,,,0,,,,,,,,,,3,1,0,1,0,1,0,1,0,,,,,,,,
17029757,1,1,N,N,43,3HAMMMMN1HL773296,2016,21,48,3586,0,N,,1,7,7,0,6,,,,N,DRIVEN FROM SCENE,DRIVEN FROM SCENE,N,,,,,,,,,,,,,,,,,,,,,,3,,,48,,,,,,,7,1,0,0,0,2,0,0,0,,,,,,,,
17029757,2,1,N,N,43,1FTFW1EF7DKF94530,2013,3,37,2324,30,N,78641,1,2,14,3,2,,,,N,DRIVEN FROM SCENE,DRIVEN FROM SCENE,N,,,,,,,,,,,,,,,,,,,,,,0,,,,,,,,,,7,1,0,0,0,1,0,0,0,,,,,,,,
17029758,1,1,N,N,43,1FAFP40452F183272,2002,21,37,96,100,N,76679,1,2,3,3,12,,,,N,,,N,,,,,,,,,,,,,,,,,,,,,,44,20,77,,,,,,,,1,1,0,0,0,1,0,0,0,,,,,,,,
17029758,2,1,N,N,43,3FADP0L39AR344811,2010,9,37,1097,104,N,78739,1,2,6,3,6,,,,N,,,N,,,,,,,,,,,,,,,,,,,,,,0,,,,,,,,,,1,1,0,0,1,1,0,1,0,,,,,,,,
17029759,1,1,N,N,43,1D7HA16K63J593172,2003,10,109,2275,30,N,78702,1,2,2,5,12,,,,,LAMONT & SONS,LAMONT & SONS,N,,,,,,,,,,,,,,,,,,,,,,16,,,20,,,,,,,8,1,0,1,0,0,0,1,0,,,,,,,,
17029759,2,1,N,N,43,2FMPK3G99JBC51397,2018,3,37,1035,69,N,78653,1,2,2,5,1,,,,,DENVERS TOWING,DENVERS TOWING,N,,,,,,,,,,,,,,,,,,,,,,0,,,,,,,,,,4,1,0,0,0,1,0,0,0,,,,,,,,
17029760,1,1,N,N,43,5YFBURHE4EP009072,2014,10,91,173,104,Y,78741,1,2,6,7,6,,,,Y,ATX-VIP TOWING SERVICES,ATX-VIP TOWING SERVICES,N,,,,,,,,,,,,,,,,,,,,,,14,74,,,,,,,,,8,1,0,1,0,0,0,1,0,,,,,,,,
17029760,2,1,N,N,43,WDDGJ5HB2CF851240,2012,17,65,839,104,N,78735,1,2,2,6,12,,,,Y,SPECIAL AUTOMOTIVE SERVICE INC,SPECIAL AUTOMOTIVE SERVICE INC,N,,,,,,,,,,,,,,,,,,,,,,41,,,67,22,,,,,,8,2,0,0,0,1,0,0,0,,,,,,,,
17029761,1,1,N,N,43,JN1CA2109WT606978,,16,71,297,104,N,78758,2,,1,1,12,,,,Y,SOUTHSIDE WRECKER INC,8200 S. CONGRESS AVE,N,,,,,,,,,,,,,,,,,,,,,,0,,,,,,,,,,3,1,0,0,0,0,0,0,0,,,,,,,,
17029763,1,1,N,N,43,4S6CK58W8Y4409125,2000,10,44,535,104,N,78752,1,2,11,2,11,,,,N,AUS-TEX AUTO ENTERPRISES LLC,OWNERS LOCATION,N,,,,,,,,,,,,,,,,,,,,,,22,,,,,,,,,,5,1,0,0,0,1,0,0,0,,,,,,,,