Crash_ID,Unit_Nbr,Unit_Desc_ID,Veh_Parked_Fl,Veh_HNR_Fl,Veh_Lic_State_ID,VIN,Veh_Mod_Year,Veh_Color_ID,Veh_Make_ID,Veh_Mod_ID,Veh_Body_Styl_ID,Emer_Respndr_Fl,Ownr_Zip,Fin_Resp_Proof_ID,Fin_Resp_Type_ID,Veh_Dmag_Area_1_ID,Veh_Dmag_Scl_1_ID,Force_Dir_1_ID,Veh_Dmag_Area_2_ID,Veh_Dmag_Scl_2_ID,Force_Dir_2_ID,Veh_Inventoried_Fl,Veh_Transp_Name,Veh_Transp_Dest,Veh_Cmv_Fl,Cmv_Fiveton_Fl,Cmv_Hazmat_Fl,Cmv_Nine_Plus_Pass_Fl,Cmv_Veh_Oper_ID,Cmv_Carrier_ID_Type_ID,Cmv_Carrier_Zip,Cmv_Veh_Type_ID,Cmv_GVWR,Cmv_RGVW,Cmv_Hazmat_Rel_Fl,Hazmat_Cls_1_ID,Hazmat_IDNbr_1_ID,Hazmat_Cls_2_ID,Hazmat_IDNbr_2_ID,Cmv_Cargo_Body_ID,Cmv_Evnt1_ID,Cmv_Evnt2_ID,Cmv_Evnt3_ID,Cmv_Evnt4_ID,Cmv_Tot_Axle,Cmv_Tot_Tire,Contrib_Factr_1_ID,Contrib_Factr_2_ID,Contrib_Factr_3_ID,Contrib_Factr_P1_ID,Contrib_Factr_P2_ID,Veh_Dfct_1_ID,Veh_Dfct_2_ID,Veh_Dfct_3_ID,Veh_Dfct_P1_ID,Veh_Dfct_P2_ID,Veh_Trvl_Dir_ID,First_Harm_Evt_Inv_ID,Sus_Serious_Injry_Cnt,Nonincap_Injry_Cnt,Poss_Injry_Cnt,Non_Injry_Cnt,Unkn_Injry_Cnt,Tot_Injry_Cnt,Death_Cnt,Cmv_Disabling_Damage_Fl,Cmv_Bus_Type_ID,Trlr_GVWR,Trlr_RGVW,Trlr_Type_ID,Trlr_Disabling_Dmag_ID,Cmv_Intermodal_Container_Permit_Fl,CMV_Actual_Gross_Weight
17038822,3,1,N,N,43,JM3KFADM7J0305465,2018,9,63,2471,104,N,78757,1,1,6,1,6,,,,N,,,N,,,,,,,,,,,,,,,,,,,,,,0,,,,,,,,,,1,2,0,0,0,1,0,0,0,,,,,,,,
17038823,1,1,N,N,43,3CZRU5H32JM722294,2018,21,44,107,104,N,78748,1,2,2,5,10,,,,N,,,N,,,,,,,,,,,,,,,,,,,,,,37,,,,,,,,,,1,1,0,0,0,1,0,0,0,,,,,,,,
17038823,2,1,N,N,43,1FTRX07223KD78016,2003,,37,2324,30,N,78640,1,2,15,3,7,13,3,11,N,,,N,,,,,,,,,,,,,,,,,,,,,,0,,,,,,,,,,5,1,0,0,0,1,0,0,0,,,,,,,,
17038824,1,1,N,N,43,5YFBURJEXJP749803,2018,11,91,173,104,N,78758,2,,2,4,12,,,,N,,,N,,,,,,,,,,,,,,,,,,,,,,35,,,20,,,,,,,3,1,0,0,0,1,0,0,0,,,,,,,,
17038824,2,1,N,N,43,KNDJT2A2XB7235166,2011,13,55,1357,104,N,78753,2,,10,4,9,,,,Y,STARS TOWING,STARS TOWING,N,,,,,,,,,,,,,,,,,,,,,,0,,,,,,,,,,1,1,0,0,1,1,0,1,0,,,,,,,,
17038829,1,1,N,N,43,3CZRU5H36KG709712,2019,2,44,605,69,N,78703,1,2,3,2,11,,,,N,,,N,,,,,,,,,,,,,,,,,,,,,,37,,,,,,,,,,7,1,0,0,0,1,0,0,0,,,,,,,,
17038829,2,1,N,N,43,1G1ZD5EU8CF382714,2012,2,107,56,104,N,78734,1,2,8,3,8,,,,Y,A-TEX TOWING,5526 1/2 W HWY 290,N,,,,,,,,,,,,,,,,,,,,,,0,,,,,,,,,,3,1,0,0,0,1,0,0,0,,,,,,,,
17038833,1,1,N,N,43,3C4PDCAB3ET267373,2014,2,109,1166,104,N,78660,2,,15,3,9,10,3,3,,,,N,,,,,,,,,,,,,,,,,,,,,,3,74,,,,,,,,,5,1,0,0,0,3,0,0,0,,,,,,,,
17038833,2,1,N,N,43,5NPEB4AC4DH773840,2013,9,45,462,104,Y,78701,1,7,8,3,5,,,,,,,N,,,,,,,,,,,,,,,,,,,,,,0,,,,,,,,,,7,1,0,0,0,3,0,0,0,,,,,,,,
17038833,3,1,N,N,43,1GCJTDBE3A8133678,2010,21,107,2236,30,Y,78701,1,7,4,3,1,,,,,,,N,,,,,,,,,,,,,,,,,,,,,,0,,,,,,,,,,7,2,0,0,0,2,0,0,0,,,,,,,,
17038837,1,1,N,N,43,JM3TB2CA3C0343663,2012,2,63,1009,69,N,78747,1,2,18,5,3,,,,N,ROCHAS TOWING SERVICE,ROCHAS TOWING SERVICE,N,,,,,,,,,,,,,,,,,,,,,,35,,,,,,,,,,7,1,0,1,0,1,0,1,0,,,,,,,,
17038837,2,1,N,N,43,KMHDH4AE1DU501355,2013,3,45,480,104,N,78723,1,2,2,5,12,,,,N,ROCHAS TOWING SERVICE,ROCHAS TOWING SERVICE,N,,,,,,,,,,,,,,,,,,,,,,0,,,,,,,,,,5,1,0,0,0,1,0,0,0,,,,,,,,
17038838,1,1,N,Y,43,1J4GS48K05C633149,2005,10,429,,69,N,75210,1,2,2,2,12,,,,Y,STARS TOWING,STARS TOWING,N,,,,,,,,,,,,,,,,,,,,,,,,,67,,,,,,,5,1,0,0,0,0,1,0,0,,,,,,,,
17038838,2,1,N,N,43,1GCCS13EX78235179,2007,3,107,60,30,N,78660,1,2,2,2,6,,,,Y,EZ AUTO AND TOWING SERVICE,EZ AUTO AND TOWING SERVICE,N,,,,,,,,,,,,,,,,,,,,,,0,,,,,,,,,,5,1,0,1,0,0,0,1,0,,,,,,,,
17038839,1,1,N,N,43,5NPEU46C59H475372,2009,17,45,462,104,N,78752,2,,2,4,,,,,Y,SPECIAL AUTOMOTIVE SERVICE INC,7003 CARVER AVE,N,,,,,,,,,,,,,,,,,,,,,,35,,,,,,,,,,3,1,0,0,0,2,0,0,0,,,,,,,,
17038839,2,1,N,N,43,2T2GK31U48C036816,2008,2,58,1318,100,N,78704,1,2,14,1,,,,,N,,,N,,,,,,,,,,,,,,,,,,,,,,0,,,,,,,,,,5,1,0,0,0,1,0,0,0,,,,,,,,
17038840,1,1,N,N,43,3TMJU62N79M078693,2009,17,91,629,30,N,78759,1,2,2,4,12,,,,N,620 LAKESIDE TOWING,620 LAKESIDE TOWING,N,,,,,,,,,,,,,,,,,,,,,,0,,,,,,,,,,5,1,0,0,0,1,0,0,0,,,,,,,,
17038840,2,1,N,N,43,2T1BURHEXFC462582,2015,21,91,173,104,N,78753,1,2,6,5,6,,,,N,ROCHAS TOWING SERVICE,ROCHAS TOWING SERVICE,N,,,,,,,,,,,,,,,,,,,,,,0,,,,,,,,,,5,1,0,0,0,3,0,0,0,,,,,,,,
17038841,1,1,N,N,43,JTHBE1BL8FA004547,2015,21,58,1129,104,N,78747,2,,2,6,12,,,,N,,,N,,,,,,,,,,,,,,,,,,,,,,20,44,,19,,,,,,,5,1,0,0,0,1,0,0,0,,,,,,,,
17038841,2,1,N,N,43,3GNDA13D87S504924,2007,11,107,1142,104,N,78653,1,1,7,5,4,,,,Y,ROCHAS TOWING SERVICE,ROCHAS TOWING SERVICE,N,,,,,,,,,,,,,,,,,,,,,,0,,,,,,,,,,5,1,0,1,0,0,0,1,0,,,,,,,,
17038842,1,1,N,N,43,1J4FT28B19D124717,2009,17,429,1273,69,N,78758,1,2,2,4,10,,,,N,ROCHAS TOWING SERVICE,ROCHAS TOWING SERVICE,N,,,,,,,,,,,,,,,,,,,,,,4,,,,,,,,,,6,1,0,0,0,0,1,0,0,,,,,,,,
17038842,2,1,N,N,43,1G1PF5SC5C7409262,2012,16,107,2209,104,N,78748,1,2,5,4,8,,,,N,AVILES & GABES WRECKER SERVICE INC.,AVILES & GABES WRECKER SERVICE INC.,N,,,,,,,,,,,,,,,,,,,,,,0,,,,,,,,,,6,1,0,0,0,0,2,0,0,,,,,,,,
17038842,3,1,N,N,43,2FABP7BV0BX182198,2011,17,37,995,105,Y,78721,4,,3,1,10,,,,,,,N,,,,,,,,,,,,,,,,,,,,,,0,,,,,,,,,,6,2,0,0,0,0,3,0,0,,,,,,,,
17038843,1,1,N,N,43,JM1GJ1U51G1427991,2016,17,63,870,104,N,78727,1,2,2,4,12,,,,N,STARS TOWING,STARS TOWING,N,,,,,,,,,,,,,,,,,,,,,,,,,44,,,,,,,5,1,0,0,0,1,0,0,0,,,,,,,,
17038843,2,1,N,N,43,3GCPCREC0GG341319,2016,2,107,2236,30,N,78660,1,2,6,3,6,,,,N,NONE,NONE,N,,,,,,,,,,,,,,,,,,,,,,0,,,,,,,,,,5,1,0,0,0,1,0,0,0,,,,,,,,
17038844,1,1,N,Y,47,JNKCV51E33M012662,2003,17,47,764,104,N,8702,2,,2,5,12,,,,Y,ROCHAS TOWING SERVICE,ROCHAS TOWING SERVICE,N,,,,,,,,,,,,,,,,,,,,,,19,60,,,,,,,,,4,1,0,0,0,0,1,0,0,,,,,,,,
17038844,2,1,Y,N,43,1FUJA6AV27LX22313,2007,3,38,1524,87,N,78155,2,,6,2,6,,,,N,,,Y,Y,N,N,3,5,78155,6,17030,0,N,,,,,12,98,,,,,,0,,,,,,,,,,4,1,0,0,0,0,0,0,0,N,0,,,,,N,
17038845,1,1,N,N,43,4T1BF1FK9EU758078,2014,9,91,380,104,N,78660,1,1,2,3,12,,,,N,620 LAKESIDE TOWING,620 LAKESIDE TOWING,N,,,,,,,,,,,,,,,,,,,,,,,,,20,44,,,,,,7,1,0,0,0,1,0,0,0,,,,,,,,
17038845,2,1,N,N,43,1N4AL3AP3DN506154,2013,17,71,500,104,N,78665,1,1,6,2,6,,,,N,,,N,,,,,,,,,,,,,,,,,,,,,,0,,,,,,,,,,7,1,1,1,0,0,0,2,0,,,,,,,,
17038846,1,1,N,N,43,1FMNU43S5YEB61050,2000,2,37,695,69,N,78665,1,1,17,6,9,2,5,12,N,620 LAKESIDE TOWING,620 LAKESIDE TOWING,N,,,,,,,,,,,,,,,,,,,,,,22,41,,,,,,,6,,7,1,0,1,0,0,0,1,0,,,,,,,,
17038846,2,1,N,N,43,JTEBU4BF3EK187361,2014,2,91,1085,69,N,78664,1,2,15,4,7,,,,N,620 LAKESIDE TOWING,620 LAKESIDE TOWING,N,,,,,,,,,,,,,,,,,,,,,,0,,,,,,,,,,7,2,0,2,1,0,0,3,0,,,,,,,,
17038846,3,1,N,N,43,1XPCD79X0GD318809,2016,21,74,4067,87,N,78741,1,2,7,3,6,,,,N,AUS-TEX AUTO ENTERPRISES LLC,AUS-TEX AUTO ENTERPRISES LLC,Y,Y,N,N,2,3,78741,7,0,80000,N,,,,,4,13,,,,,,0,,,,,,,,,,7,2,0,0,1,0,0,1,0,Y,0,,,,,N,
17038846,4,6,,,,,,,,,,,78741,,,,,,,,,,,,,,,,,,,,,,,,,,,,,,,,,,0,,,,,,,,,,9,2,0,0,0,0,0,0,0,,,68000,0,2,Y,,
17038846,5,1,N,N,43,5N1AT2MT7JC709113,2018,9,71,1310,69,N,78660,1,2,11,1,9,,,,N,DRIVEN FROM SCENE,DRIVEN FROM SCENE,N,,,,,,,,,,,,,,,,,,,,,,0,,,,,,,,,,7,2,0,0,0,1,0,0,0,,,,,,,,
17038847,1,1,N,N,43,JTDBE32K020017569,2002,17,91,380,104,N,78759,1,1,6,5,6,15,5,9,N,620 LAKESIDE TOWING,620 LAKESIDE TOWING,N,,,,,,,,,,,,,,,,,,,,,,0,,,,,,,,,,3,1,1,0,0,0,0,1,0,,,,,,,,
17038847,2,1,N,N,43,5N1AN0NW5DN814152,2013,21,71,694,104,N,78750,1,1,1,5,12,,,,N,AVILES & GABES WRECKER SERVICE INC.,AVILES & GABES WRECKER SERVICE INC.,N,,,,,,,,,,,,,,,,,,,,,,0,,,,,,,,,,5,1,0,1,0,0,0,1,0,,,,,,,,
17038847,3,1,N,N,43,3GCPKSE78DG179559,2013,9,107,658,30,N,78727,1,1,4,4,1,,,,N,EZ AUTO AND TOWING SERVICE,EZ AUTO AND TOWING SERVICE,N,,,,,,,,,,,,,,,,,,,,,,74,,,,,,,,,,5,2,0,0,0,1,0,0,0,,,,,,,,
17038848,1,1,N,N,43,4A3AB36F09E038966,2009,16,68,392,104,N,78744,1,2,16,6,3,,,,N,EZ AUTO AND TOWING SERVICE,EZ AUTO AND TOWING SERVICE,N,,,,,,,,,,,,,,,,,,,,,,74,,,,,,,,,,2,1,0,0,1,0,0,1,0,,,,,,,,
17038848,2,1,N,N,43,5TBRN34133S436204,2003,11,91,687,30,N,78744,1,2,2,6,11,,,,N,ROCHAS TOWING SERVICE,ROCHAS TOWING SERVICE,N,,,,,,,,,,,,,,,,,,,,,,0,,,,,,,,,,6,1,0,0,1,0,0,1,0,,,,,,,,
17038849,1,1,N,N,43,1GNEC13T85J248885,2005,21,107,547,69,N,,1,2,2,4,,,,,N,EZ AUTO AND TOWING SERVICE,EZ AUTO AND TOWING SERVICE,N,,,,,,,,,,,,,,,,,,,,,,44,,,,,,,,,,7,1,0,0,0,1,0,0,0,,,,,,,,
17038849,2,1,N,N,43,KNDJD735695881537,2009,2,55,767,69,N,78724,2,,6,2,6,2,2,12,N,,,N,,,,,,,,,,,,,,,,,,,,,,0,,,,,,,,,,7,1,0,0,0,1,0,0,0,,,,,,,,
17038849,3,1,N,N,43,2HKRL18651H595994,2001,17,44,571,103,N,,1,2,6,2,6,,,,N,,,N,,,,,,,,,,,,,,,,,,,,,,44,,,,,,,,,,7,2,0,0,0,1,0,0,0,,,,,,,,
17038850,1,1,N,N,43,5TDKZRFH2JS532462,2018,2,91,721,69,N,78759,1,1,6,5,6,,,,N,,,N,,,,,,,,,,,,,,,,,,,,,,4,,,,,,,,,,5,1,0,0,1,0,0,1,0,,,,,,,,
17038850,2,1,N,N,43,1FTRF12W59KC77080,2009,21,37,2324,30,N,76574,1,1,2,7,12,,,,N,ROCHAS TOWING SERVICE,ROCHAS TOWING SERVICE,N,,,,,,,,,,,,,,,,,,,,,,0,,,,,,,,,,5,1,0,0,0,1,0,0,0,,,,,,,,
17038851,1,1,N,N,43,1G1RA6E47CU111766,2012,9,107,2257,104,N,78750,1,1,11,3,10,,,,N,620 LAKESIDE TOWING,620 LAKESIDE TOWING,N,,,,,,,,,,,,,,,,,,,,,,15,,,,,,,,,,2,1,0,1,0,1,0,1,0,,,,,,,,
17038851,2,1,N,N,43,1GBHG31V461210943,2006,21,107,60,103,N,78757,1,1,3,2,12,,,,N,,,N,,,,,,,,,,,,,,,,,,,,,,0,,,,,,,,,,6,1,0,0,0,10,0,0,0,,,,,,,,
17038852,1,1,N,N,43,1HGCP2F47BA095668,2011,3,44,236,104,N,78732,1,2,1,4,12,,,,N,LAMONT & SONS,LAMONT & SONS,N,,,,,,,,,,,,,,,,,,,,,,47,,,,,,,,,,1,1,0,0,1,0,0,1,0,,,,,,,,
17038852,2,1,N,N,43,3GNAL4EK8FS529203,2016,3,107,60,104,N,78741,2,,5,3,6,,,,N,OWNER,OWNER,N,,,,,,,,,,,,,,,,,,,,,,0,,,,,,,,,,1,1,0,0,0,1,0,0,0,,,,,,,,
17038853,1,1,N,N,43,JTEGH20V510001883,2001,2,91,581,69,N,78703,1,1,2,4,12,,,,Y,BULLET TOWING,BULLET TOWING,N,,,,,,,,,,,,,,,,,,,,,,33,,,,,,,,,,7,1,0,0,0,1,0,0,0,,,,,,,,
17038853,2,1,N,N,43,T1BF3EK8BU7395466,2011,3,91,380,104,N,78752,1,1,3,4,11,,,,Y,ROCHAS TOWING SERVICE,ROCHAS TOWING SERVICE,N,,,,,,,,,,,,,,,,,,,,,,0,,,,,,,,,,5,1,0,1,0,0,0,1,0,,,,,,,,
17038893,1,1,N,N,43,YV1612TK9F2333496,2015,21,98,723,69,N,77713,1,1,,,,,,,,,,N,,,,,,,,,,,,,,,,,,,,,,35,,,78,,,,,,,3,1,0,0,0,1,0,0,0,,,,,,,,
17038893,2,4,,,,,,,,,,,,,,,,,,,,,,,,,,,,,,,,,,,,,,,,,,,,,0,,,,,,,,,,9,1,0,1,0,0,0,1,0,,,,,,,,
17038894,1,1,N,N,43,2G2WP522151126451,2005,18,118,153,104,N,78744,1,1,3,4,2,,,,Y,ROCHAS TOWING SERVICE,ROCHAS TOWING SERVICE,N,,,,,,,,,,,,,,,,,,,,,,37,,,,,,,,,,2,1,0,1,0,0,0,1,0,,,,,,,,
17038894,2,1,N,N,43,4T1BF18B0XU291293,1999,18,91,563,104,N,79416,1,1,11,2,11,2,1,11,Y,BULLET TOWING,BULLET TOWING,N,,,,,,,,,,,,,,,,,,,,,,0,,,,,,,,,,6,1,0,2,0,0,0,2,0,,,,,,,,
17038895,1,1,N,N,43,5YFBURHE7KP897280,2019,21,91,173,104,N,78669,1,1,4,2,2,,,,Y,620 LAKESIDE TOWING,620 LAKESIDE TOWING,N,,,,,,,,,,,,,,,,,,,,,,4,,,,,,,,,,1,1,0,0,0,2,0,0,0,,,,,,,,
17038895,2,1,N,N,43,5YJSA1E45HF229665,2017,21,602,2562,104,N,78726,1,1,7,2,8,3,2,9,Y,620 LAKESIDE TOWING,620 LAKESIDE TOWING,N,,,,,,,,,,,,,,,,,,,,,,0,,,,,,,,,,1,1,0,1,0,0,0,1,0,,,,,,,,
17038896,1,1,N,N,43,1C4NJPBA1GD525010,2016,17,429,1273,104,N,78621,1,1,13,3,,,,,N,SPECIAL AUTOMOTIVE SERVICE INC,SPECIAL AUTOMOTIVE SERVICE INC,N,,,,,,,,,,,,,,,,,,,,,,17,,,,,,,,,,7,1,0,0,0,2,0,0,0,,,,,,,,
17038896,2,1,N,N,43,1FT8W3AT4DEA34771,2013,21,37,2326,30,N,78704,1,1,12,2,5,,,,N,,,N,,,,,,,,,,,,,,,,,,,,,,17,,,,,,,,,,7,1,0,0,0,1,0,0,0,,,,,,,,
17038896,3,6,,,,,,,,,,,78704,,,,,,,,,,,,,,,,,,,,,,,,,,,,,,,,,,0,,,,,,,,,,9,2,0,0,0,0,0,0,0,,,,,,,,
17038897,1,1,N,N,43,1GNKRGKD0DJ161267,2013,21,107,1414,69,N,78652,1,2,13,3,9,,,,N,,,N,,,,,,,,,,,,,,,,,,,,,,34,,,,,,,,,,5,1,0,0,1,2,0,1,0,,,,,,,,
17038897,2,1,N,N,43,1FAFP34N36W188957,2006,21,37,292,104,N,78703,4,,2,5,12,,,,N,,,N,,,,,,,,,,,,,,,,,,,,,,0,,,,,,,,,,7,1,0,0,0,2,0,0,0,,,,,,,,
17038898,1,1,N,N,43,1FAHP2MK0JG106114,2018,2,37,376,104,N,78702,1,7,2,0,12,,,,N,,,N,,,,,,,,,,,,,,,,,,,,,,44,,,,,,,,,,1,1,0,0,0,1,0,0,0,,,,,,,,
17038898,2,1,N,N,43,JTEBU5JR3G5361240,2016,18,91,395,69,N,78732,1,2,6,1,6,,,,N,,,N,,,,,,,,,,,,,,,,,,,,,,0,,,,,,,,,,1,1,0,0,0,2,0,0,0,,,,,,,,
17038899,1,1,N,N,43,1YVHZ8BH1A5M02473,2010,17,63,870,104,N,78660,1,1,9,6,10,3,5,11,N,STARS TOWING,STARS TOWING,N,,,,,,,,,,,,,,,,,,,,,,16,,,,,,,,,,5,1,0,1,0,0,0,1,0,,,,,,,,
17038899,2,1,N,N,,3C6TRVCG9GE132224,2016,21,710,4105,103,N,78702,4,,4,5,12,,,,N,U.S. POSTAL SERV.,"4300 SPEEDWAY, AUSTIN TX. 78702",N,,,,,,,,,,,,,,,,,,,,,,0,,,,,,,,,,7,1,0,0,0,1,0,0,0,,,,,,,,
17038899,3,1,N,N,43,1FTRW12W27KB32625,2007,16,37,2324,30,N,77705,1,1,4,3,12,,,,N,,,N,,,,,,,,,,,,,,,,,,,,,,0,,,,,,,,,,3,2,0,0,0,1,0,0,0,,,,,,,,
17038900,1,1,N,N,43,WDDGF4HB6DR276183,2013,21,65,118,104,N,78745,1,2,12,2,3,,,,Y,SPECIAL,SPECIAL AUTOMOTIVE SERVICE INC,N,,,,,,,,,,,,,,,,,,,,,,16,,,,,,,,,,7,1,0,0,0,1,0,0,0,,,,,,,,
17038900,2,1,N,N,43,1C4RDHEG6GC387100,2016,9,109,635,69,N,78748,1,2,2,1,12,,,,N,,,N,,,,,,,,,,,,,,,,,,,,,,0,,,,,,,,,,5,1,0,0,0,1,0,0,0,,,,,,,,
17038901,1,1,N,N,43,1FMCU0C78CKC29055,2012,16,37,711,69,N,78753,1,1,3,3,12,,,,N,ROCHAS TOWING SERVICE,ROCHAS TOWING SERVICE,N,,,,,,,,,,,,,,,,,,,,,,,,,20,,,,,,,7,1,0,0,0,1,0,0,0,,,,,,,,
17038901,2,1,N,N,43,5YFBURHE5JP750728,2018,17,91,173,104,N,,1,1,8,4,6,,,,N,ROCHAS TOWING SERVICE,ROCHAS TOWING SERVICE,N,,,,,,,,,,,,,,,,,,,,,,0,,,,,,,,,,7,1,0,0,0,1,0,0,0,,,,,,,,
17038902,1,1,N,N,43,3B7HC13Z6XM518986,1999,16,109,2270,30,N,78753,2,,2,2,12,,,,N,,,N,,,,,,,,,,,,,,,,,,,,,,20,40,,,,,,,,,1,1,0,0,0,1,0,0,0,,,,,,,,
17038902,2,1,N,N,43,5NPEC4ABXCH325587,2012,2,45,462,104,N,78702,1,1,2,3,12,6,1,6,N,ROCHAS TOWING SERVICE,ROCHAS TOWING SERVICE,N,,,,,,,,,,,,,,,,,,,,,,0,,,,,,,,,,1,1,0,0,0,2,0,0,0,,,,,,,,
17038902,3,1,N,N,43,JF2SJADC3EH551856,2014,10,85,646,69,N,78723,1,1,6,3,6,13,1,7,N,,,N,,,,,,,,,,,,,,,,,,,,,,0,,,,,,,,,,1,2,0,0,0,1,0,0,0,,,,,,,,
17038903,1,1,N,N,43,JA4AS3AW8DU005698,2013,,68,775,69,N,78757,1,1,2,5,12,,,,N,EZ AUTO AND TOWING SERVICE,,N,,,,,,,,,,,,,,,,,,,,,,37,,,,,,,,,,3,1,0,0,0,1,0,0,0,,,,,,,,
17038903,2,1,N,N,43,1N4AL21E59C141794,2009,17,71,500,104,N,78758,1,1,11,4,9,,3,,N,EZ AUTO AND TOWING SERVICE,,N,,,,,,,,,,,,,,,,,,,,,,0,,,,,,,,,,7,1,0,1,0,0,0,1,0,,,,,,,,
17038904,1,1,N,N,43,JHLRD78863C048025,2003,21,44,107,104,N,78750,1,2,2,3,12,,,,N,620 LAKESIDE TOWING,620 LAKESIDE TOWING,N,,,,,,,,,,,,,,,,,,,,,,20,,,,,,,,,,11,1,0,0,0,1,0,0,0,,,,,,,,
17038904,2,1,N,N,43,KNAFX4A84E5089239,2014,3,55,1093,104,N,78729,1,2,5,2,6,,,,N,,,N,,,,,,,,,,,,,,,,,,,,,,0,,,,,,,,,,11,1,0,0,0,1,0,0,0,,,,,,,,
17038905,1,1,N,N,43,5TDJKRFH7FS134347,2015,9,91,721,69,N,78660,1,2,11,5,11,,,,N,A-TEX TOWING,8200 S. CONGRESS AVE,N,,,,,,,,,,,,,,,,,,,,,,20,,,,,,,,,,11,1,0,0,0,1,0,0,0,,,,,,,,
17038905,2,1,N,N,43,1FADP5BU8FL112679,2015,2,37,101,104,N,78610,1,2,14,5,3,,,,N,SPECIAL AUTOMOTIVE SERVICE INC,5526 1/2 W HWY 290,N,,,,,,,,,,,,,,,,,,,,,,0,,,,,,,,,,11,1,0,0,0,1,0,0,0,,,,,,,,
17038906,1,1,N,N,43,5NPDH4AE2FH573084,2015,2,45,480,104,N,76527,1,1,14,4,3,,,,N,,,N,,,,,,,,,,,,,,,,,,,,,,0,,,,,,,,,,11,1,0,0,0,1,0,0,0,,,,,,,,
17038906,2,1,N,N,43,1N4AL3AP6DC295804,2013,2,71,341,104,N,,1,1,3,4,12,,,,,,,N,,,,,,,,,,,,,,,,,,,,,,0,,,,,,,,,,11,1,0,0,0,1,0,0,0,,,,,,,,
17038907,1,1,N,N,43,1C3CCCAB1FN744647,2015,17,21,2258,104,N,78744,2,,2,5,12,,,,Y,EZ AUTO AND TOWING SERVICE,EZ AUTO AND TOWING SERVICE,N,,,,,,,,,,,,,,,,,,,,,,33,,,,,,,,,,7,1,0,1,0,0,0,1,0,,,,,,,,
17038907,2,1,N,N,43,1GCGSCEA3J1138039,2018,21,107,979,30,N,75206,1,1,14,5,3,6,4,6,Y,ROCHAS TOWING SERVICE,ROCHAS TOWING SERVICE,N,,,,,,,,,,,,,,,,,,,,,,0,,,,,,,,,,3,1,0,0,0,1,0,0,0,,,,,,,,
17038907,3,1,N,N,43,1FMCU0GD6HUE54232,2017,2,37,711,69,N,78702,1,1,4,1,12,,,,N,,,N,,,,,,,,,,,,,,,,,,,,,,0,,,,,,,,,,5,2,0,0,0,1,0,0,0,,,,,,,,
17038911,1,1,N,N,43,1GNKRFED3EJ119215,2014,21,107,1414,69,N,78723,1,2,6,1,6,3,0,11,N,AUS-TEX AUTO ENTERPRISES LLC,AUS-TEX AUTO ENTERPRISES LLC,N,,,,,,,,,,,,,,,,,,,,,,44,20,,,,,,,,,2,1,0,0,0,2,0,0,0,,,,,,,,
17038911,2,1,N,N,43,19XFB2F56DE028076,2013,9,44,256,104,N,78759,1,2,2,2,12,,,,Y,AUS-TEX AUTO ENTERPRISES LLC,AUS-TEX AUTO ENTERPRISES LLC,N,,,,,,,,,,,,,,,,,,,,,,44,20,,,,,,,,,2,1,0,1,0,0,0,1,0,,,,,,,,
17038911,3,1,N,N,43,1C6RR6FG4ES301913,2014,5,710,4100,30,N,76457,1,2,6,0,6,,,,N,,,N,,,,,,,,,,,,,,,,,,,,,,0,,,,,,,,,,2,2,0,0,0,2,0,0,0,,,,,,,,
17038917,1,1,N,N,43,JYARN33E8FA005091,2015,22,101,4490,71,N,78727,1,2,26,1,,,,,Y,EZ AUTO AND TOWING SERVICE,EZ AUTO AND TOWING SERVICE,N,,,,,,,,,,,,,,,,,,,,,,74,,,,,,,,,,1,1,0,1,0,0,0,1,0,,,,,,,,
17038918,1,1,N,N,43,4T4BF3EK4BR104278,2011,21,91,380,104,N,78652,1,2,2,3,,,,,Y,ROCHAS TOWING SERVICE,ROCHAS TOWING SERVICE,N,,,,,,,,,,,,,,,,,,,,,,34,,,,,,,,,,7,1,0,1,0,1,0,1,0,,,,,,,,
17038918,2,1,N,N,43,WBAVA37558NL57370,2008,9,14,652,104,N,78704,1,2,2,4,12,,,,Y,SPECIAL AUTOMOTIVE SERVICE INC,SPECIAL AUTOMOTIVE SERVICE INC,N,,,,,,,,,,,,,,,,,,,,,,0,,,,,,,,,,1,1,0,0,0,1,0,0,0,,,,,,,,
17038919,1,1,N,N,43,SMT905RN571302915,2007,2,735,4348,71,N,78721,1,1,16,3,3,,,,N,STARS TOWING,STARS TOWING,N,,,,,,,,,,,,,,,,,,,,,,22,,,,,,,,,,1,1,0,0,1,0,0,1,0,,,,,,,,
17038920,1,1,N,N,43,1N6BD06T98C435508,2008,2,71,634,30,N,78758,1,1,2,2,12,,,,N,EZ AUTO AND TOWING SERVICE,EZ AUTO AND TOWING SERVICE,N,,,,,,,,,,,,,,,,,,,,,,20,,,,,,,,,,5,1,1,0,0,0,0,1,0,,,,,,,,
17038921,1,1,N,N,43,1C4AJWAG6FL564694,2015,2,429,1464,100,N,78735,1,2,11,2,9,,,,N,,,N,,,,,,,,,,,,,,,,,,,,,,4,,,,,,,,,,8,1,0,0,0,1,0,0,0,,,,,,,,
17038921,2,1,N,N,43,1FTEW1EG9FFA52331,2015,2,37,2324,30,N,78746,1,2,11,4,10,12,2,3,N,ROCHAS TOWING SERVICE,ROCHAS TOWING SERVICE,N,,,,,,,,,,,,,,,,,,,,,,0,,,,,,,,,,8,1,0,0,0,1,0,0,0,,,,,,,,