Crash_ID,Unit_Nbr,Unit_Desc_ID,Veh_Parked_Fl,Veh_HNR_Fl,Veh_Lic_State_ID,VIN,Veh_Mod_Year,Veh_Color_ID,Veh_Make_ID,Veh_Mod_ID,Veh_Body_Styl_ID,Emer_Respndr_Fl,Ownr_Zip,Fin_Resp_Proof_ID,Fin_Resp_Type_ID,Veh_Dmag_Area_1_ID,Veh_Dmag_Scl_1_ID,Force_Dir_1_ID,Veh_Dmag_Area_2_ID,Veh_Dmag_Scl_2_ID,Force_Dir_2_ID,Veh_Inventoried_Fl,Veh_Transp_Name,Veh_Transp_Dest,Veh_Cmv_Fl,Cmv_Fiveton_Fl,Cmv_Hazmat_Fl,Cmv_Nine_Plus_Pass_Fl,Cmv_Veh_Oper_ID,Cmv_Carrier_ID_Type_ID,Cmv_Carrier_Zip,Cmv_Veh_Type_ID,Cmv_GVWR,Cmv_RGVW,Cmv_Hazmat_Rel_Fl,Hazmat_Cls_1_ID,Hazmat_IDNbr_1_ID,Hazmat_Cls_2_ID,Hazmat_IDNbr_2_ID,Cmv_Cargo_Body_ID,Cmv_Evnt1_ID,Cmv_Evnt2_ID,Cmv_Evnt3_ID,Cmv_Evnt4_ID,Cmv_Tot_Axle,Cmv_Tot_Tire,Contrib_Factr_1_ID,Contrib_Factr_2_ID,Contrib_Factr_3_ID,Contrib_Factr_P1_ID,Contrib_Factr_P2_ID,Veh_Dfct_1_ID,Veh_Dfct_2_ID,Veh_Dfct_3_ID,Veh_Dfct_P1_ID,Veh_Dfct_P2_ID,Veh_Trvl_Dir_ID,First_Harm_Evt_Inv_ID,Sus_Serious_Injry_Cnt,Nonincap_Injry_Cnt,Poss_Injry_Cnt,Non_Injry_Cnt,Unkn_Injry_Cnt,Tot_Injry_Cnt,Death_Cnt,Cmv_Disabling_Damage_Fl,Cmv_Bus_Type_ID,Trlr_GVWR,Trlr_RGVW,Trlr_Type_ID,Trlr_Disabling_Dmag_ID,Cmv_Intermodal_Container_Permit_Fl,CMV_Actual_Gross_Weight
17038922,1,1,N,N,43,JM3KE2CY6E0388390,2014,17,63,2471,104,N,78735,1,2,2,4,12,,,,Y,ROCHAS TOWING SERVICE,ROCHAS TOWING SERVICE,N,,,,,,,,,,,,,,,,,,,,,,44,,,,,,,,,,1,1,0,0,0,1,0,0,0,,,,,,,,
17038922,2,1,N,N,43,JM3KE4CY0G0639404,2016,16,63,2471,104,N,78660,1,2,6,3,6,2,3,12,Y,ROCHAS TOWING SERVICE,ROCHAS TOWING SERVICE,N,,,,,,,,,,,,,,,,,,,,,,0,,,,,,,,,,1,1,0,0,1,0,0,1,0,,,,,,,,
17038922,3,1,N,N,43,5FNRL5H66FB048097,2015,16,44,571,103,N,78735,1,2,6,2,6,2,2,12,Y,SPECIAL AUTOMOTIVE SERVICE INC,SPECIAL AUTOMOTIVE SERVICE INC,N,,,,,,,,,,,,,,,,,,,,,,0,,,,,,,,,,1,2,0,0,0,5,0,0,0,,,,,,,,
17038922,4,1,N,N,43,4JGDA5JBXEA347411,2014,21,65,675,103,N,78757,1,2,6,2,6,,,,N,,,N,,,,,,,,,,,,,,,,,,,,,,0,,,,,,,,,,1,2,0,0,0,2,0,0,0,,,,,,,,
17038923,1,1,N,N,43,4M2CU29H38KJ15482,2008,2,114,1199,69,N,78660,1,1,4,3,1,,,,Y,EZ AUTO AND TOWING SERVICE,EZ AUTO AND TOWING SERVICE,N,,,,,,,,,,,,,,,,,,,,,,,,,19,,,,,,,7,1,0,0,0,1,0,0,0,,,,,,,,
17038923,2,1,Y,N,43,1FTJW36F5REA49307,1994,2,37,2326,30,N,78728,2,,7,1,7,,,,N,,,N,,,,,,,,,,,,,,,,,,,,,,0,,,,,,,,,,7,1,0,0,0,0,0,0,0,,,,,,,,
17038924,1,1,N,N,43,JNKCV51F96M608551,2006,17,47,764,104,N,78728,1,1,2,5,12,,,,N,CHOTES,CHOTES,N,,,,,,,,,,,,,,,,,,,,,,20,,,,,,,,,,5,1,0,0,1,0,0,1,0,,,,,,,,
17038924,2,1,N,N,43,5FPYK1F59BB007062,2011,21,44,761,104,N,78613,1,1,2,5,12,15,4,9,N,FINGER TOWING SERVICE,FINGER TOWING SERVICE,N,,,,,,,,,,,,,,,,,,,,,,0,,,,,,,,,,1,1,0,1,0,0,0,1,0,,,,,,,,
17038925,1,1,N,N,43,3GCEC13J08G256413,2008,17,107,2236,30,N,78617,2,,1,1,12,,,,N,,,N,,,,,,,,,,,,,,,,,,,,,,0,,,,,,,,,,4,1,0,0,0,1,0,0,0,,,,,,,,
17038925,2,1,N,N,43,1GB4CYCG0FF186875,2015,21,107,2238,30,N,78721,1,2,6,0,6,,,,N,,,N,,,,,,,,,,,,,,,,,,,,,,0,,,,,,,,,,4,1,0,0,0,1,0,0,0,,,,,,,,
17038925,3,1,N,N,43,KNADM4A39F6467099,2015,17,55,716,104,N,78744,1,2,2,3,12,6,2,6,Y,STARS TOWING,OWNERS RESIDENCE/REQUEST,N,,,,,,,,,,,,,,,,,,,,,,0,,,,,,,,,,4,2,0,0,0,2,0,0,0,,,,,,,,
17038968,1,1,N,Y,,,,21,37,357,30,N,,,,,,,,,,,,,N,,,,,,,,,,,,,,,,,,,,,,4,,,,,,,,,,5,2,0,0,0,0,1,0,0,,,,,,,,
17038968,2,1,N,N,43,2T2BK1BA9DC175238,2013,2,58,1316,69,N,78750,1,2,14,2,5,,,,N,,,N,,,,,,,,,,,,,,,,,,,,,,,,,33,,,,,,,5,1,0,0,0,3,0,0,0,,,,,,,,
17038968,3,1,N,N,43,3MZBM1U75FM125895,2015,3,63,1210,104,N,78750,1,2,2,4,12,,,,Y,620 LAKESIDE TOWING,620 LAKESIDE TOWING,N,,,,,,,,,,,,,,,,,,,,,,0,,,,,,,,,,5,2,0,0,2,1,0,2,0,,,,,,,,
17038968,4,1,N,N,43,JF1VA1E69G9809840,2016,21,85,4156,104,N,,1,2,2,4,12,,,,Y,620 LAKESIDE TOWING,620 LAKESIDE TOWING,N,,,,,,,,,,,,,,,,,,,,,,0,,,,,,,,,,1,1,0,0,1,0,0,1,0,,,,,,,,
17038969,1,1,N,N,43,1GNFC13088R136409,2008,3,107,547,69,N,78744,1,2,4,1,1,,,,N,SOUTHSIDE WRECKER INC,8200 S. CONGRESS AVE,N,,,,,,,,,,,,,,,,,,,,,,0,,,,,,,,,,5,1,0,0,0,1,0,0,0,,,,,,,,
17038969,2,1,N,N,43,3N1CN7AP3FL849217,2015,21,71,1452,104,N,78744,2,,12,2,3,,,,N,DRIVEN AWAY,DRIVEN AWAY,N,,,,,,,,,,,,,,,,,,,,,,37,,,,,,,,,,1,1,0,0,1,1,0,1,0,,,,,,,,
17038970,1,1,N,N,43,1G1BC5SMXJ7183356,2018,17,107,2209,104,N,78613,1,2,3,4,11,,,,N,STARS TOWING,STARS TOWING,N,,,,,,,,,,,,,,,,,,,,,,,,,44,,,,,,,5,1,0,0,0,2,0,0,0,,,,,,,,
17038970,2,1,N,N,43,WA1LFAFP9CA121639,2012,9,8,1284,69,N,78750,1,2,8,2,5,,,,N,AUS-TEX AUTO ENTERPRISES LLC,AUS-TEX AUTO ENTERPRISES LLC,N,,,,,,,,,,,,,,,,,,,,,,0,,,,,,,,,,5,1,0,1,0,0,0,1,0,,,,,,,,
17038971,1,1,N,N,43,JYAVN01E1DA017452,2013,21,101,1558,71,N,78664,1,1,26,1,,,,,N,RELEASED TO BROTHER,RELEASED TO BROTHER,N,,,,,,,,,,,,,,,,,,,,,,44,,,,,,,,,,5,1,0,1,0,0,0,1,0,,,,,,,,
17038971,2,1,N,N,3,3VWDP7AJ6DM244202,2013,,96,316,104,N,78748,1,2,5,2,6,,,,N,,,N,,,,,,,,,,,,,,,,,,,,,,0,,,,,,,,,,5,1,0,0,0,1,0,0,0,,,,,,,,
17038972,1,1,N,N,23,5GTDN13E378177713,2014,21,112,2373,104,N,78664,1,1,4,2,12,,,,N,,,N,,,,,,,,,,,,,,,,,,,,,,0,,,,,,,,,,7,1,0,0,0,2,0,0,0,,,,,,,,
17038972,2,1,N,N,43,1ZVHT80N485196539,2008,2,37,96,100,N,78664,1,1,9,3,9,,,,N,,,N,,,,,,,,,,,,,,,,,,,,,,0,,,,,,,,,,7,1,0,0,0,2,0,0,0,,,,,,,,
17038973,1,1,N,N,43,1ZVBP8AM7D5210976,2013,2,37,96,100,N,78747,1,1,4,4,1,,,,N,EZ AUTO AND TOWING SERVICE,8616 CURETON CV,N,,,,,,,,,,,,,,,,,,,,,,20,,,,,,,,,,7,1,0,0,1,2,0,1,0,,,,,,,,
17038973,2,1,Y,N,43,1G1ZT51876F234151,2006,3,107,56,104,N,78747,1,1,13,4,7,,,,N,,,N,,,,,,,,,,,,,,,,,,,,,,20,,,,,,,,,,7,1,0,0,0,0,0,0,0,,,,,,,,
17038975,1,1,N,N,43,5TEJU62N57Z378457,2007,16,91,629,30,N,78701,1,2,7,0,7,,,,N,,,N,,,,,,,,,,,,,,,,,,,,,,0,,,,,,,,,,3,1,0,0,0,1,0,0,0,,,,,,,,
17038975,2,1,Y,N,43,1FM5K8AR1DGC26066,2013,2,37,554,69,Y,78701,1,3,4,0,12,,,,N,,,N,,,,,,,,,,,,,,,,,,,,,,0,,,,,,,,,,7,1,0,0,0,0,0,0,0,,,,,,,,
17038976,1,1,N,N,43,KNADM4A36F6461003,2015,17,55,716,104,N,78748,1,1,13,1,9,,,,Y,DENVERS TOWING,5526 1/2 W HWY 290,N,,,,,,,,,,,,,,,,,,,,,,45,,,,,,,,,,5,1,0,1,0,0,0,1,0,,,,,,,,
17038976,2,1,N,N,43,1FM5K8D87DGA24836,2013,16,37,601,69,N,78758,1,1,2,1,12,,,,Y,STARS TOWING,5526 1/2 W HWY 290,N,,,,,,,,,,,,,,,,,,,,,,0,,,,,,,,,,7,1,0,0,1,0,0,1,0,,,,,,,,
17038976,3,1,N,N,43,JALCDW161K7011024,2019,21,107,60,106,N,78741,2,,2,1,12,,,,N,,,N,,,,,,,,,,,,,,,,,,,,,,0,,,,,,,,,,3,2,0,0,0,1,0,0,0,,,,,,,,
17038977,1,1,N,N,43,4T1BF1FK6HU709103,2017,11,91,380,104,N,78660,1,1,6,5,6,,,,N,EZ AUTO AND TOWING SERVICE,,N,,,,,,,,,,,,,,,,,,,,,,0,,,,,,,,,,3,1,0,0,0,1,0,0,0,,,,,,,,
17038977,2,1,N,N,43,3D7MX48A48G109947,2008,21,109,82,106,N,78947,1,1,,,,,,,,,,N,,,,,,,,,,,,,,,,,,,,,,0,,,,,,,,,,3,1,0,0,0,1,0,0,0,,,,,,,,
17038978,1,1,N,N,43,5NPD84LF1KH406862,2019,21,45,480,104,N,74134,1,1,11,3,10,,,,N,ARMADA TOWING,9706-B MIDDLE FISKVILLE RD AUSTIN TX,N,,,,,,,,,,,,,,,,,,,,,,60,,,,,,,,,,11,1,0,1,0,0,0,1,0,,,,,,,,
17038979,1,1,N,N,43,1FTYR14U04PB08272,2004,21,37,357,30,N,78728,1,2,3,1,12,,,,N,,,N,,,,,,,,,,,,,,,,,,,,,,20,,,,,,,,,,5,1,0,0,0,1,0,0,0,,,,,,,,
17038979,2,1,N,N,43,2C3CDXBG7FH754400,2015,21,109,74,104,N,78660,1,2,7,1,7,,,,N,DENVERS TOWING,DENVERS TOWING,N,,,,,,,,,,,,,,,,,,,,,,0,,,,,,,,,,5,1,0,1,0,0,0,1,0,,,,,,,,
17038980,1,1,N,N,43,1HGCM56376A062886,2006,2,44,236,104,N,78729,1,1,2,6,12,,,,N,EZ AUTO AND TOWING SERVICE,EZ AUTO AND TOWING SERVICE,N,,,,,,,,,,,,,,,,,,,,,,44,,,,,,,,,,5,1,0,0,0,1,0,0,0,,,,,,,,
17038980,2,1,N,N,35,1FMCU9JX9GUC23315,2016,17,37,711,69,N,78706,1,1,6,2,6,,,,N,,,N,,,,,,,,,,,,,,,,,,,,,,0,,,,,,,,,,5,1,0,0,0,1,0,0,0,,,,,,,,
17038981,1,1,N,N,43,JHMGE8G31CC027840,2012,16,44,1083,104,N,78748,1,2,2,2,12,,,,N,SPECIAL AUTOMOTIVE SERVICE INC,5700 BURLESON RD,N,,,,,,,,,,,,,,,,,,,,,,35,,,,,,,,,,8,1,0,0,0,1,0,0,0,,,,,,,,
17038981,2,1,N,N,43,SALGS2RE2JA388890,2018,2,57,1298,69,N,78703,1,2,13,1,9,,,,N,,,N,,,,,,,,,,,,,,,,,,,,,,0,,,,,,,,,,6,1,0,0,0,1,0,0,0,,,,,,,,
17038982,1,1,N,N,43,5XYZU3LB1EG224146,2014,16,45,713,69,N,78753,1,2,2,3,12,,,,Y,ARMADA TOWING,ARMADA TOWING,N,,,,,,,,,,,,,,,,,,,,,,44,,,,,,,,,,5,1,0,0,0,3,0,0,0,,,,,,,,
17038982,2,1,N,N,43,1GCFC29UXYZ168903,2000,1,107,60,30,N,78640,1,2,6,1,6,,,,N,,,N,,,,,,,,,,,,,,,,,,,,,,0,,,,,,,,,,5,1,0,0,0,1,0,0,0,,,,,,,,
17038983,1,1,N,N,43,3N1BC1CP1CK275231,2012,2,71,1452,104,N,78641,1,1,1,5,12,,,,N,620 LAKESIDE TOWING,620 LAKESIDE TOWING,N,,,,,,,,,,,,,,,,,,,,,,20,22,,,,,,,,,5,1,0,0,1,1,0,1,0,,,,,,,,
17038983,2,1,N,N,43,JM3ER2C59C0413058,2012,21,63,2471,69,N,78641,1,1,5,3,6,,,,N,,,N,,,,,,,,,,,,,,,,,,,,,,0,,,,,,,,,,5,1,0,0,0,1,0,0,0,,,,,,,,
17038984,1,1,N,N,43,KNDJP3A53K7913860,2019,21,55,1357,104,N,78731,1,1,3,1,11,,,,N,NOT TOWED,NOT TOWED,N,,,,,,,,,,,,,,,,,,,,,,20,,,,,,,,,,7,1,0,0,0,1,0,0,0,,,,,,,,
17038984,2,4,,,,,,,,,,,,,,,,,,,,,,,,,,,,,,,,,,,,,,,,,,,,,0,,,,,,,,,,9,1,0,1,0,0,0,1,0,,,,,,,,
17038985,1,1,N,Y,,,,,,,103,N,,,,,,,,,,,,,N,,,,,,,,,,,,,,,,,,,,,,0,,,,,,,,,,1,1,0,0,0,0,1,0,0,,,,,,,,
17038985,2,1,N,N,43,3FA6P0HDXJR135233,2018,17,37,1097,104,N,78745,1,2,12,1,1,,,,N,,,N,,,,,,,,,,,,,,,,,,,,,,0,,,,,,,,,,1,1,0,0,0,1,0,0,0,,,,,,,,
17038986,1,1,N,N,43,5TDYK3DC0DS356129,2013,,91,648,104,N,78665,1,1,2,3,12,,,,N,,,N,,,,,,,,,,,,,,,,,,,,,,,,,20,,,,,,,5,1,0,0,0,2,0,0,0,,,,,,,,
17038986,2,1,N,N,43,KNDJD735285771955,2008,9,55,767,104,N,78753,1,1,5,2,6,,,,N,,,N,,,,,,,,,,,,,,,,,,,,,,0,,,,,,,,,,5,1,0,1,0,0,0,1,0,,,,,,,,
17038987,1,1,N,N,43,2D4RN4DG9BR601586,2011,3,109,1115,104,N,78744,1,1,2,1,12,10,0,6,N,SPECIAL AUTOMOTIVE SERVICE INC,SPECIAL AUTOMOTIVE SERVICE INC,N,,,,,,,,,,,,,,,,,,,,,,20,,,,,,,,,,1,1,0,0,1,1,0,1,0,,,,,,,,
17038987,2,1,N,N,43,5J6YH17644L006099,2014,9,44,760,104,N,78745,1,1,6,0,12,,,,N,NOT TOWED,NOT TOWED,N,,,,,,,,,,,,,,,,,,,,,,0,,,,,,,,,,1,1,0,0,0,3,0,0,0,,,,,,,,
17038987,3,1,N,N,43,5FRYD4H49EB025735,2014,9,1,393,104,N,78717,1,1,6,1,6,,,,N,NOT TOWED,NOT TOWED,N,,,,,,,,,,,,,,,,,,,,,,0,,,,,,,,,,1,2,0,0,0,3,0,0,0,,,,,,,,
17038987,4,1,N,N,43,KNDPB3AC7F7729406,2015,9,55,575,104,N,77042,1,1,2,0,12,,,,N,NOT TOWED,NOT TOWED,N,,,,,,,,,,,,,,,,,,,,,,0,,,,,,,,,,1,2,0,0,0,3,0,0,0,,,,,,,,
17038988,1,1,N,N,43,1FTFW1ET5DFA91156,2013,21,37,2324,30,N,78726,1,1,2,3,12,,,,N,STARS TOWING,STARS TOWING,N,,,,,,,,,,,,,,,,,,,,,,20,22,,,,,,,,,8,1,0,0,0,1,0,0,0,,,,,,,,
17038989,1,1,N,N,43,3GSCL33P19S515534,2009,17,81,747,104,N,78745,1,2,12,2,3,,,,N,HARPERS TOWING SERVICE INC,HARPERS TOWING SERVICE INC,N,,,,,,,,,,,,,,,,,,,,,,0,,,,,,,,,,3,1,0,0,0,1,0,0,0,,,,,,,,
17038989,2,1,N,N,43,1NXBR30E07Z866775,2007,17,91,173,104,N,78640,1,2,2,2,12,,,,N,REMOVED BY OWNER,REMOVED BY OWNER,N,,,,,,,,,,,,,,,,,,,,,,0,,,,,,,,,,7,1,0,0,0,2,0,0,0,,,,,,,,
17038990,1,1,N,N,43,3VW817AU6FM018757,2015,21,96,381,100,N,78748,1,2,2,1,12,,,,N,DRIVEN AWAY,DRIVEN AWAY,N,,,,,,,,,,,,,,,,,,,,,,44,,,,,,,,,,3,1,0,0,0,1,0,0,0,,,,,,,,
17038990,2,1,N,N,43,2B3CL3CG2BH566255,2011,21,109,74,104,N,76513,1,2,6,1,6,2,1,12,N,DRIVEN AWAY,DRIVEN AWAY,N,,,,,,,,,,,,,,,,,,,,,,0,,,,,,,,,,3,1,0,0,0,1,0,0,0,,,,,,,,
17038990,3,1,N,N,43,1N4AL3AP3GC219994,2016,2,71,500,104,N,78748,1,2,6,1,6,2,1,12,N,DRIVEN AWAY,DRIVEN AWAY,N,,,,,,,,,,,,,,,,,,,,,,0,,,,,,,,,,3,2,0,0,0,1,0,0,0,,,,,,,,
17038990,4,1,N,N,43,JTHBJ46GX92316538,2009,21,58,1052,104,N,78748,1,2,6,1,6,,,,N,DRIVEN AWAY,DRIVEN AWAY,N,,,,,,,,,,,,,,,,,,,,,,0,,,,,,,,,,3,2,0,0,1,2,0,1,0,,,,,,,,
17038991,1,1,N,N,43,MLHKF1219D5003035,2013,,44,107,71,N,75077,2,,16,1,3,,,,N,,,N,,,,,,,,,,,,,,,,,,,,,,41,,,67,,,,,,,11,1,0,1,0,0,0,1,0,,,,,,,,
17038992,1,1,N,N,43,JN8AZ2NF2F9573400,2015,17,47,3580,104,N,78730,1,2,2,1,12,,,,N,ARMADA TOWING,ARMADA TOWING,N,,,,,,,,,,,,,,,,,,,,,,34,,,,,,,,,,7,1,0,1,0,0,0,1,0,,,,,,,,
17038992,2,1,N,N,43,1C6RR7NM5JS338234,2018,9,710,4100,30,N,78732,1,2,2,1,12,,,,N,EZ AUTO AND TOWING SERVICE,EZ AUTO AND TOWING SERVICE,N,,,,,,,,,,,,,,,,,,,,,,0,,,,,,,,,,1,1,0,0,0,4,0,0,0,,,,,,,,
17038993,1,1,N,N,43,1N4BL11D82C236359,2002,21,71,500,104,N,78617,2,,2,0,12,,,,Y,SOUTHSIDE WRECKER INC,8200 S. CONGRESS AVE,N,,,,,,,,,,,,,,,,,,,,,,45,20,,,,,,,,,7,1,0,0,0,2,0,0,0,,,,,,,,
17038993,2,1,N,N,43,1N4AL3AP1DC282023,2013,2,71,500,104,N,78660,1,2,6,1,6,,,,N,OWNER,OWNER,N,,,,,,,,,,,,,,,,,,,,,,0,,,,,,,,,,7,1,0,0,0,5,0,0,0,,,,,,,,
17039028,1,1,N,N,43,4T1BK36B37U230806,2007,2,91,563,104,N,78721,2,,9,3,9,,,,N,,,N,,,,,,,,,,,,,,,,,,,,,,20,34,,,,,,,,,1,1,0,2,0,1,0,2,0,,,,,,,,
17039028,2,1,N,N,43,JT3GN87R1X0099378,1999,16,91,395,104,N,78753,1,1,2,3,12,,,,N,,,N,,,,,,,,,,,,,,,,,,,,,,0,,,,,,,,,,3,1,0,0,0,2,0,0,0,,,,,,,,
17039029,1,1,N,N,43,1HGCG3270YA033995,2000,2,44,236,104,N,78744,1,1,10,2,6,,,,N,SPECIAL AUTOMOTIVE SERVICE INC,SPECIAL AUTOMOTIVE SERVICE INC,N,,,,,,,,,,,,,,,,,,,,,,22,,,,,,,,,,4,1,0,0,0,1,0,0,0,,,,,,,,
17039030,1,1,N,N,43,1FA6P8CF7H5271808,2017,16,37,96,100,N,78617,1,1,2,3,12,,,,,,,N,,,,,,,,,,,,,,,,,,,,,,,,,60,,,,,,,3,1,0,0,0,1,0,0,0,,,,,,,,
17039031,1,1,N,N,43,JTDJT4K34A5281167,2010,3,91,1477,100,N,60107,1,1,14,7,3,,,,N,ROCHAS TOWING SERVICE,ROCHAS TOWING SERVICE,N,,,,,,,,,,,,,,,,,,,,,,19,20,,,,,,,,,7,1,0,0,0,1,0,0,0,,,,,,,,
17039031,2,1,N,N,43,3N1CB51D56L547575,2006,18,71,341,104,N,78753,2,,1,7,12,,,,N,AVILES & GABES WRECKER SERVICE INC.,AVILES & GABES WRECKER SERVICE INC.,N,,,,,,,,,,,,,,,,,,,,,,0,,,,,,,,,,3,1,0,0,1,2,0,1,0,,,,,,,,
17039032,1,1,N,N,43,19UUA66204A037156,2004,9,1,564,104,N,78754,1,2,2,6,12,,,,Y,DENVERS TOWING,DENVERS TOWING,N,,,,,,,,,,,,,,,,,,,,,,20,22,,,,,,,,,5,1,0,0,1,0,0,1,0,,,,,,,,
17039032,2,1,N,N,43,5NPDH4AE6EH545660,2014,16,45,480,104,N,78213,1,2,12,6,2,,,,Y,EZ AUTO AND TOWING SERVICE,EZ AUTO AND TOWING SERVICE,N,,,,,,,,,,,,,,,,,,,,,,0,,,,,,,,,,1,1,0,0,1,0,0,1,0,,,,,,,,
17039033,1,1,N,N,5,2HGFC1F70GH641684,2016,9,44,256,104,N,95899,2,,10,2,3,,,,Y,AUS-TEX AUTO ENTERPRISES LLC,AUS-TEX AUTO ENTERPRISES LLC,N,,,,,,,,,,,,,,,,,,,,,,45,,,,,,,,,,1,1,0,0,0,1,0,0,0,,,,,,,,
17039033,2,1,N,N,43,1C6RD6LT1CS208005,2012,2,109,2275,104,N,78640,1,2,7,2,8,,,,N,,,N,,,,,,,,,,,,,,,,,,,,,,0,,,,,,,,,,1,1,0,0,0,1,0,0,0,,,,,,,,
17039034,1,1,N,N,43,1C3CCCAB8FN723276,2015,9,21,2258,104,N,78753,1,1,10,3,3,,,,N,ARMADA,9706 MIDDLE FISKVILLE RD,N,,,,,,,,,,,,,,,,,,,,,,,,,20,,,,,,,1,1,0,0,1,0,0,1,0,,,,,,,,
17039034,2,1,N,N,43,1VWBH7A33DC128494,2013,2,96,473,104,N,78723,2,,2,4,12,,,,N,A-TEX TOWING,200 FARLEY DR,N,,,,,,,,,,,,,,,,,,,,,,0,,,,,,,,,,1,1,0,0,1,0,0,1,0,,,,,,,,
17039035,1,1,N,N,43,1YVHP82B095M08004,2009,21,63,2476,104,N,78602,1,2,2,6,12,15,3,9,N,HARPERS TOWING SERVICE INC,HARPERS TOWING SERVICE INC,N,,,,,,,,,,,,,,,,,,,,,,41,,,,,,,,,,3,1,0,0,1,0,0,1,0,,,,,,,,
17039036,1,1,N,N,43,1GNKRFED7HJ111736,2017,17,107,60,69,N,78744,1,2,1,1,12,,,,N,EZ AUTO AND TOWING SERVICE,EZ AUTO AND TOWING SERVICE,N,,,,,,,,,,,,,,,,,,,,,,60,20,,,,,,,,,5,1,0,0,0,1,0,0,0,,,,,,,,
17039037,1,1,N,N,43,2G1WB5EK3A1195313,2010,3,107,53,104,N,78602,2,,3,5,10,,,,N,DENVERS TOWING,DENVERS TOWING,N,,,,,,,,,,,,,,,,,,,,,,0,,,,,,,,,,6,1,0,0,0,1,0,0,0,,,,,,,,
17039037,2,1,N,N,43,1C3CCBBB9EN178843,2014,16,21,2258,104,N,78660,2,,8,3,5,,,,N,AUS-TEX AUTO ENTERPRISES LLC,AUS-TEX AUTO ENTERPRISES LLC,N,,,,,,,,,,,,,,,,,,,,,,0,,,,,,,,,,6,1,0,0,0,1,0,0,0,,,,,,,,
17039038,1,1,N,N,43,1N4AL21E58N517946,2008,9,71,69,104,N,78758,1,1,2,2,12,15,2,10,Y,A-TEX TOWING,200 FARLEY DR,N,,,,,,,,,,,,,,,,,,,,,,67,,,,,,,,,,5,1,0,0,0,4,0,0,0,,,,,,,,
17039038,2,1,N,N,43,3VWRC29M3YM157219,,3,96,184,104,N,78753,1,1,15,2,10,,,,N,,,N,,,,,,,,,,,,,,,,,,,,,,0,,,,,,,,,,1,1,0,0,0,1,0,0,0,,,,,,,,
17039038,3,1,Y,N,43,1NXBR32EX5Z442661,2005,16,91,178,104,N,78758,2,,12,2,2,,,,N,,,N,,,,,,,,,,,,,,,,,,,,,,0,,,,,,,,,,6,2,0,0,0,0,1,0,0,,,,,,,,
17039039,1,1,N,N,43,JHMGD38618S044567,2008,17,44,1083,104,N,78660,1,2,10,4,3,,,,N,969 TOWING,969 TOWING,N,,,,,,,,,,,,,,,,,,,,,,37,,,,,,,,,,8,1,0,0,0,1,0,0,0,,,,,,,,
17039039,2,1,N,N,43,1FMJU1HT4FEF16544,2015,10,37,601,69,N,78660,1,2,1,2,12,,,,N,EZ AUTO AND TOWING SERVICE,EZ AUTO AND TOWING SERVICE,N,,,,,,,,,,,,,,,,,,,,,,0,,,,,,,,,,4,1,0,1,0,1,0,1,0,,,,,,,,
17039039,3,1,N,N,43,4S4BSENC5K3259485,2019,9,85,1268,104,N,78660,1,2,15,1,9,,,,N,,,N,,,,,,,,,,,,,,,,,,,,,,0,,,,,,,,,,2,2,0,0,0,1,0,0,0,,,,,,,,
17039041,1,1,N,Y,43,5UXFG2C57E0K41391,2014,21,14,1467,104,N,,,,2,4,12,,,,Y,620 LAKESIDE TOWING,620 LAKESIDE TOWING,N,,,,,,,,,,,,,,,,,,,,,,0,,,,,,,,,,11,1,0,0,0,0,0,0,0,,,,,,,,
17039042,1,1,N,N,43,3GCPCREC0HG134768,2017,2,107,658,30,N,78748,1,1,3,1,12,11,1,9,Y,HARPERS TOWING SERVICE INC,12201 ERUZIONE DR AUSTIN TX 78748,N,,,,,,,,,,,,,,,,,,,,,,45,,,,,,,,,,3,1,0,0,0,1,0,0,0,,,,,,,,
17039042,2,1,Y,N,43,2T1BU4EE2CC918108,2012,9,91,178,104,N,78748,1,1,6,2,6,,,,N,NOT TOWED,NOT TOWED,N,,,,,,,,,,,,,,,,,,,,,,0,,,,,,,,,,7,1,0,0,0,1,0,0,0,,,,,,,,
17039044,1,1,N,N,43,1GKKRTKD5DJ149279,2013,2,39,894,104,N,78758,1,2,7,1,8,,,,N,,,N,,,,,,,,,,,,,,,,,,,,,,20,3,,,,,,,,,3,1,0,0,0,1,0,0,0,,,,,,,,
17039044,2,1,N,N,43,1FM5K8AR0EGB54374,2014,2,37,554,105,Y,78701,1,7,8,1,4,,,,N,,,N,,,,,,,,,,,,,,,,,,,,,,0,,,,,,,,,,5,1,0,0,0,1,0,0,0,,,,,,,,
17039049,1,1,N,N,43,JTDKN3DU4F0421835,2015,,91,702,104,N,,1,2,2,5,12,,,,N,AVILES & GABES WRECKER SERVICE INC.,4868 YAGER LN,N,,,,,,,,,,,,,,,,,,,,,,20,22,,,,,,,,,1,1,0,0,0,1,0,0,0,,,,,,,,
17039049,2,1,N,N,43,3GNGK26R5XG116253,1999,8,107,2206,30,N,,1,2,6,1,6,2,1,12,N,,,N,,,,,,,,,,,,,,,,,,,,,,0,,,,,,,,,,1,1,0,0,0,2,0,0,0,,,,,,,,
17039049,3,1,N,N,43,2GNALCEK9G6250627,2016,17,107,1048,69,N,78634,1,2,6,2,6,,,,N,,,N,,,,,,,,,,,,,,,,,,,,,,0,,,,,,,,,,1,2,0,0,0,2,0,0,0,,,,,,,,