Crash_ID,Unit_Nbr,Unit_Desc_ID,Veh_Parked_Fl,Veh_HNR_Fl,Veh_Lic_State_ID,VIN,Veh_Mod_Year,Veh_Color_ID,Veh_Make_ID,Veh_Mod_ID,Veh_Body_Styl_ID,Emer_Respndr_Fl,Ownr_Zip,Fin_Resp_Proof_ID,Fin_Resp_Type_ID,Veh_Dmag_Area_1_ID,Veh_Dmag_Scl_1_ID,Force_Dir_1_ID,Veh_Dmag_Area_2_ID,Veh_Dmag_Scl_2_ID,Force_Dir_2_ID,Veh_Inventoried_Fl,Veh_Transp_Name,Veh_Transp_Dest,Veh_Cmv_Fl,Cmv_Fiveton_Fl,Cmv_Hazmat_Fl,Cmv_Nine_Plus_Pass_Fl,Cmv_Veh_Oper_ID,Cmv_Carrier_ID_Type_ID,Cmv_Carrier_Zip,Cmv_Veh_Type_ID,Cmv_GVWR,Cmv_RGVW,Cmv_Hazmat_Rel_Fl,Hazmat_Cls_1_ID,Hazmat_IDNbr_1_ID,Hazmat_Cls_2_ID,Hazmat_IDNbr_2_ID,Cmv_Cargo_Body_ID,Cmv_Evnt1_ID,Cmv_Evnt2_ID,Cmv_Evnt3_ID,Cmv_Evnt4_ID,Cmv_Tot_Axle,Cmv_Tot_Tire,Contrib_Factr_1_ID,Contrib_Factr_2_ID,Contrib_Factr_3_ID,Contrib_Factr_P1_ID,Contrib_Factr_P2_ID,Veh_Dfct_1_ID,Veh_Dfct_2_ID,Veh_Dfct_3_ID,Veh_Dfct_P1_ID,Veh_Dfct_P2_ID,Veh_Trvl_Dir_ID,First_Harm_Evt_Inv_ID,Sus_Serious_Injry_Cnt,Nonincap_Injry_Cnt,Poss_Injry_Cnt,Non_Injry_Cnt,Unkn_Injry_Cnt,Tot_Injry_Cnt,Death_Cnt,Cmv_Disabling_Damage_Fl,Cmv_Bus_Type_ID,Trlr_GVWR,Trlr_RGVW,Trlr_Type_ID,Trlr_Disabling_Dmag_ID,Cmv_Intermodal_Container_Permit_Fl,CMV_Actual_Gross_Weight
17040560,1,1,N,N,43,WBAPH7C56BE677001,2011,17,14,588,104,N,78702,1,2,2,5,12,,,,N,SPECIAL AUTOMOTIVE SERVICE INC,SPECIAL AUTOMOTIVE SERVICE INC,N,,,,,,,,,,,,,,,,,,,,,,0,,,,,,,,,,3,1,0,0,0,1,0,0,0,,,,,,,,
17040560,2,1,N,N,36,1FMCU0F79EUD16787,2014,9,37,711,69,N,73151,1,2,6,3,6,2,1,12,N,NOT TOWED,N/A,N,,,,,,,,,,,,,,,,,,,,,,0,,,,,,,,,,3,1,0,0,0,1,0,0,0,,,,,,,,
17040560,3,1,N,N,43,2HGFG126X8H566401,2008,3,44,236,104,N,78602,1,2,6,1,6,,,,N,NOT TOWED,N/A,N,,,,,,,,,,,,,,,,,,,,,,0,,,,,,,,,,3,2,0,0,0,2,0,0,0,,,,,,,,
17040564,1,1,N,N,43,3N1AB7AP0EY245545,2014,21,71,341,104,N,77082,1,2,2,1,12,6,1,6,Y,SPECIAL AUTOMOTIVE SERVICE INC,SPECIAL AUTOMOTIVE SERVICE INC,N,,,,,,,,,,,,,,,,,,,,,,0,,,,,,,,,,3,1,0,1,0,0,0,1,0,,,,,,,,
17040564,2,1,N,N,43,1C4PJLAB0EW245463,2014,2,429,970,69,N,78724,1,2,6,1,6,,,,N,NOT TOWED,NOT TOWED,N,,,,,,,,,,,,,,,,,,,,,,0,,,,,,,,,,3,1,0,0,0,0,1,0,0,,,,,,,,
17040564,3,1,N,N,43,WA1CGAFP0FA042765,2015,21,8,2674,69,N,78619,1,2,2,1,12,,,,N,NOT TOWED,NOT TOWED,N,,,,,,,,,,,,,,,,,,,,,,0,,,,,,,,,,3,2,0,0,0,2,0,0,0,,,,,,,,
17040570,1,1,N,N,43,3B7HC12Y1XG133309,1999,16,109,2275,30,N,78747,1,2,2,5,12,,,,N,ROCHAS TOWING SERVICE,ROCHAS TOWING SERVICE,N,,,,,,,,,,,,,,,,,,,,,,20,,,,,,,,,,5,1,0,1,0,0,0,1,0,,,,,,,,
17040570,2,1,N,N,6,1FTRX12W75NB47405,2005,3,37,2324,30,N,78666,1,2,7,5,6,3,3,12,N,,,N,,,,,,,,,,,,,,,,,,,,,,0,,,,,,,,,,5,1,0,0,0,1,0,0,0,,,,,,,,
17040570,3,1,N,N,43,KMHEC4A42CA059910,2012,17,45,462,104,N,78130,1,2,8,3,6,,,,N,,,N,,,,,,,,,,,,,,,,,,,,,,0,,,,,,,,,,5,2,0,0,0,1,0,0,0,,,,,,,,
17040574,1,1,N,N,43,3D7KR28A37G843628,2012,2,109,2275,30,N,76431,1,1,11,4,9,4,2,12,N,A-TEX TOWING,5526 1/2 W HWY 290,N,,,,,,,,,,,,,,,,,,,,,,0,,,,,,,,,,11,1,1,0,0,0,0,1,0,,,,,,,,
17040575,1,1,N,N,43,1C6RR6LT4JS254961,2018,21,710,4100,30,N,79906,1,2,3,2,11,,,,N,,,N,,,,,,,,,,,,,,,,,,,,,,0,,,,,,,,,,3,1,0,0,0,1,0,0,0,,,,,,,,
17040575,2,1,N,N,43,JF2SJAHC3FH555904,2015,2,85,646,104,N,78751,1,2,15,2,9,,,,N,,,N,,,,,,,,,,,,,,,,,,,,,,0,,,,,,,,,,7,1,0,0,0,1,0,0,0,,,,,,,,
17040577,1,1,N,N,43,2C3CDZFJ0JH111347,2018,9,109,73,104,N,78704,1,2,10,1,3,,,,N,,,N,,,,,,,,,,,,,,,,,,,,,,37,20,,,,,,,,,1,1,0,0,0,1,0,0,0,,,,,,,,
17040577,2,1,N,N,43,1HD1JS916GB016757,2016,2,42,3144,71,N,78703,1,2,2,2,12,,,,N,SPECIAL AUTOMOTIVE SERVICE INC,SPECIAL AUTOMOTIVE SERVICE INC,N,,,,,,,,,,,,,,,,,,,,,,0,,,,,,,,,,5,1,0,0,1,0,0,1,0,,,,,,,,
17040579,1,1,N,N,43,1GNKRFED0HJ251255,2017,3,107,1414,104,N,78744,2,,2,2,12,,,,N,,,N,,,,,,,,,,,,,,,,,,,,,,0,,,,,,,,,,6,1,0,0,0,1,0,0,0,,,,,,,,
17040579,2,1,N,N,43,1HGCR2F38GA087443,2016,17,44,236,104,N,78744,1,2,6,2,6,,,,N,,,N,,,,,,,,,,,,,,,,,,,,,,0,,,,,,,,,,6,1,0,0,1,0,0,1,0,,,,,,,,
17040624,1,1,N,N,43,3B7HC12Y4WM289439,1998,9,109,2275,106,N,78727,1,2,1,4,12,,,,Y,SOUTHSIDE WRECKER INC,8200 S. CONGRESS AVE,N,,,,,,,,,,,,,,,,,,,,,,22,,,,,,,,,,3,1,0,0,1,0,0,1,0,,,,,,,,
17040624,2,1,Y,N,43,1HGCT2A87DA011826,2013,16,44,236,100,N,78754,,,2,2,12,,,,N,SOUTHSIDE WRECKER INC,8200 S. CONGRESS AVE,N,,,,,,,,,,,,,,,,,,,,,,0,,,,,,,,,,3,1,0,0,0,0,0,0,0,,,,,,,,
17040625,1,1,N,N,43,3N6CM0KN4GK697246,2016,21,71,1445,103,N,78704,1,1,2,4,12,,,,Y,EZ AUTO AND TOWING SERVICE,EZ AUTO AND TOWING SERVICE,N,,,,,,,,,,,,,,,,,,,,,,0,,,,,,,,,,5,1,1,0,0,0,0,1,0,,,,,,,,
17040625,2,1,N,N,43,KNDJN2A2XE7728764,2014,10,55,1357,104,N,78741,1,1,10,3,3,,,,Y,SPECIAL AUTOMOTIVE SERVICE INC,SPECIAL AUTOMOTIVE SERVICE INC,N,,,,,,,,,,,,,,,,,,,,,,0,,,,,,,,,,7,1,1,0,0,0,0,1,0,,,,,,,,
17040630,1,1,N,Y,43,1C3EJ56H5XN570784,1999,1,21,548,104,N,78664,2,,15,2,9,,,,Y,ROCHAS TOWING SERVICE,ROCHAS TOWING SERVICE,N,,,,,,,,,,,,,,,,,,,,,,0,,,,,,,,,,5,1,0,0,0,1,0,0,0,,,,,,,,
17040639,1,1,N,N,43,5NPEU46F26H039598,2006,3,45,462,104,N,78201,1,1,2,4,12,,,,Y,620 LAKESIDE TOWING,620 LAKESIDE TOWING,N,,,,,,,,,,,,,,,,,,,,,,0,,,,,,,,,,6,1,0,0,0,0,1,0,0,,,,,,,,
17040646,1,1,N,N,43,3C6JR6ATXEG140296,2014,9,109,2275,100,N,78749,1,2,11,2,2,16,1,3,N,,,N,,,,,,,,,,,,,,,,,,,,,,0,,,,,,,,,,2,1,0,0,0,1,0,0,0,,,,,,,,
17040646,2,4,,,,,,,,,,,,,,,,,,,,,,,,,,,,,,,,,,,,,,,,,,,,,0,,,,,,,,,,9,1,0,0,1,0,0,1,0,,,,,,,,
17040648,1,1,N,N,43,JTNBB46K373007631,2007,21,91,380,104,N,78735,1,1,12,1,3,,,,N,,,N,,,,,,,,,,,,,,,,,,,,,,37,,,,,,,,,,3,1,0,0,0,1,0,0,0,,,,,,,,
17040648,2,3,,,,,,,,,,,,,,,,,,,,,,,,,,,,,,,,,,,,,,,,,,,,,0,,,,,,,,,,9,1,0,1,0,0,0,1,0,,,,,,,,
17040649,1,1,N,N,43,JTDBE32K320061713,2002,16,91,380,104,N,78621,1,2,2,2,12,,,,Y,AVILES & GABES WRECKER SERVICE INC.,AVILES & GABES WRECKER SERVICE INC.,N,,,,,,,,,,,,,,,,,,,,,,0,,,,,,,,,,7,1,0,0,0,1,0,0,0,,,,,,,,
17040649,2,1,N,N,43,2GCEK13T141355183,2004,21,107,658,30,N,78725,1,2,7,1,7,,,,Y,969 TOWING,969 TOWING,N,,,,,,,,,,,,,,,,,,,,,,0,,,,,,,,,,7,1,1,0,0,0,0,1,0,,,,,,,,
17040650,1,1,N,N,43,3MZBN1M38JM186189,2018,3,63,870,104,N,78731,1,1,9,3,9,,,,Y,SPECIAL AUTOMOTIVE SERVICE INC,SPECIAL AUTOMOTIVE SERVICE INC,N,,,,,,,,,,,,,,,,,,,,,,15,,,,,,,,,,5,1,0,0,1,0,0,1,0,,,,,,,,
17040650,2,1,N,Y,,,,,63,616,30,N,,,,,,,,,,,,,N,,,,,,,,,,,,,,,,,,,,,,0,,,,,,,,,,7,1,0,0,0,0,0,0,0,,,,,,,,
17040651,1,1,N,N,43,1G1ZE5STXHF138546,2017,9,107,56,104,N,78758,1,2,3,3,10,,,,Y,STARS TOWING,STARS TOWING,N,,,,,,,,,,,,,,,,,,,,,,66,,,20,,,,,,,8,1,0,0,1,0,0,1,0,,,,,,,,
17040651,2,1,N,N,43,1C6RR7YT1HS828143,2017,2,710,4100,30,N,78758,1,2,10,2,3,,,,N,,,N,,,,,,,,,,,,,,,,,,,,,,,,,60,,,,,,,8,1,0,0,0,1,0,0,0,,,,,,,,
17041544,1,1,N,N,43,2FAFP71W97X124500,2007,2,37,995,104,N,78753,2,,4,1,12,,,,N,,,N,,,,,,,,,,,,,,,,,,,,,,41,,,,,,,,,,5,1,0,0,0,1,0,0,0,,,,,,,,
17041544,2,1,N,N,43,WBAET37455NJ86374,2005,21,14,652,104,N,78734,1,2,4,3,1,,,,N,620 LAKESIDE TOWING,620 LAKESIDE TOWING,N,,,,,,,,,,,,,,,,,,,,,,0,,,,,,,,,,1,1,0,0,0,1,0,0,0,,,,,,,,
17041570,1,1,N,N,,JM3KFACM2K1537646,2019,3,63,2471,69,N,78745,2,,3,2,11,,,,Y,SOUTHSIDE TOWING,"8200 S CONGRESS AVE, AUSTIN, TX, 78745",N,,,,,,,,,,,,,,,,,,,,,,20,,,,,,,,,,8,1,0,0,0,1,0,0,0,,,,,,,,
17041570,2,1,Y,N,43,1FTBW3XM1GKB57178,2016,21,37,2326,103,N,78233,2,,10,2,4,,,,N,,,N,,,,,,,,,,,,,,,,,,,,,,0,,,,,,,,,,1,1,0,0,0,0,0,0,0,,,,,,,,
17043122,1,1,N,N,43,5FNRL38627B448177,2007,11,44,571,103,N,75025,1,2,12,5,3,,,,Y,A & A WRECKER NORTH,A & A WRECKER NORTH,N,,,,,,,,,,,,,,,,,,,,,,34,,,,,,,,,,7,1,0,0,2,0,0,2,0,,,,,,,,
17043122,2,1,N,N,43,5TFEY5F18BX102751,2011,9,91,687,30,N,78023,1,2,2,4,12,,,,Y,EZ AUTO AND TOWING SERVICE,EZ AUTO AND TOWING SERVICE,N,,,,,,,,,,,,,,,,,,,,,,0,,,,,,,,,,5,1,0,0,1,0,0,1,0,,,,,,,,
17043123,1,1,N,N,43,KMHDN45D41U109430,2001,8,45,480,104,N,75038,1,2,2,3,12,,,,N,EZ AUTO AND TOWING SERVICE,EZ AUTO AND TOWING SERVICE,N,,,,,,,,,,,,,,,,,,,,,,22,,,,,,,,,,4,1,0,0,0,1,0,0,0,,,,,,,,
17043123,2,1,N,N,43,5YFBURHE3HP598426,2017,17,91,173,104,N,33314,1,2,6,1,6,,,,N,DRIVEN AWAY,DRIVEN AWAY,N,,,,,,,,,,,,,,,,,,,,,,0,,,,,,,,,,4,1,0,1,0,0,0,1,0,,,,,,,,
17043124,1,1,N,N,43,1FTFW1CFXCFC95091,2012,21,37,2324,30,N,78613,1,2,7,3,8,,,,N,NOT TOWED,NOT TOWED,N,,,,,,,,,,,,,,,,,,,,,,20,,,,,,,,,,1,1,0,0,0,2,0,0,0,,,,,,,,
17043124,2,1,N,N,43,JT3FJ62G5K1103730,1989,9,91,176,69,N,78613,1,2,4,4,4,,,,N,620 LAKESIDE TOWING,620 LAKESIDE TOWING,N,,,,,,,,,,,,,,,,,,,,,,0,,,,,,,,,,1,1,0,0,0,1,0,0,0,,,,,,,,
17043125,1,1,N,Y,43,1G1ZB5E08CF282874,2012,8,107,56,104,N,78744,1,1,,,,,,,N,,,N,,,,,,,,,,,,,,,,,,,,,,44,,,,,,,,,,3,1,0,0,0,0,1,0,0,,,,,,,,
17043125,2,1,N,N,43,JTMH1RFV7KD502507,2019,16,91,178,69,N,77373,1,1,6,2,6,,,,N,,,N,,,,,,,,,,,,,,,,,,,,,,0,,,,,,,,,,3,1,0,0,2,0,0,2,0,,,,,,,,
17043127,1,1,N,N,43,1C4PJLAK3CW166253,2012,17,429,1181,69,N,78742,1,1,2,2,2,,,,Y,ROCHAS TOWING SERVICE,ROCHAS TOWING SERVICE,N,,,,,,,,,,,,,,,,,,,,,,0,,,,,,,,,,7,1,0,0,0,1,0,0,0,,,,,,,,
17043127,2,1,N,N,43,WAUDH74F88N070147,2008,17,8,453,104,N,85635,1,1,2,2,12,,,,Y,AVILES & GABES WRECKER SERVICE INC.,AVILES & GABES WRECKER SERVICE INC.,N,,,,,,,,,,,,,,,,,,,,,,0,,,,,,,,,,3,1,0,2,0,0,2,2,0,,,,,,,,
17043129,1,1,N,N,43,4T1BF1FK0HU742419,2017,2,91,380,104,N,,1,1,3,4,11,,,,N,SOUTHSIDE WRECKER INC,8200 S. CONGRESS AVE,N,,,,,,,,,,,,,,,,,,,,,,74,,,,,,,,,,5,1,0,0,0,1,0,0,0,,,,,,,,
17043129,2,1,N,N,43,1J4BA6H1XBL632294,2011,2,429,3662,69,N,,1,1,16,1,5,,,,N,,,N,,,,,,,,,,,,,,,,,,,,,,0,,,,,,,,,,5,1,0,0,0,1,0,0,0,,,,,,,,
17043130,1,1,N,Y,,,2008,21,113,2451,69,N,78741,2,,,,,,,,N,,,N,,,,,,,,,,,,,,,,,,,,,,44,,,,,,,,,,4,1,0,0,0,0,1,0,0,,,,,,,,
17043130,2,1,N,N,43,1J4NT1GB7BD116988,2011,2,429,1273,69,N,78664,1,1,6,1,6,,,,N,,,N,,,,,,,,,,,,,,,,,,,,,,0,,,,,,,,,,4,1,0,0,1,0,0,1,0,,,,,,,,
17043131,1,1,N,N,43,1GAHG39K891172426,2009,21,107,731,103,N,78205,1,2,15,4,9,,,,N,,,N,,,,,,,,,,,,,,,,,,,,,,37,,,,,,,,,,5,1,0,0,0,1,0,0,0,,,,,,,,
17043131,2,1,N,N,43,2HGFG12678H576058,2008,3,44,256,100,N,78744,1,2,2,4,12,,,,N,620 LAKESIDE TOWING,620 LAKESIDE TOWING,N,,,,,,,,,,,,,,,,,,,,,,0,,,,,,,,,,7,1,0,1,0,0,0,1,0,,,,,,,,
17043132,1,1,N,N,43,1D7HA16DX3J633996,2003,2,109,2275,30,N,78758,1,2,13,6,9,,,,N,ARMADA TOWING,ARMADA TOWING,N,,,,,,,,,,,,,,,,,,,,,,60,,,,,,,,,,7,1,0,0,0,1,0,0,0,,,,,,,,
17043132,2,1,N,N,43,JT3HN86R319051339,2001,8,91,395,104,N,78757,1,2,2,4,12,,,,N,FINGER TOWING SERVICE,FINGER TOWING SERVICE,N,,,,,,,,,,,,,,,,,,,,,,0,,,,,,,,,,3,1,0,0,0,1,0,0,0,,,,,,,,
17043134,1,1,N,Y,,,,2,63,,0,N,,,,,,,,,,,,,N,,,,,,,,,,,,,,,,,,,,,,0,,,,,,,,,,3,1,0,0,0,0,0,0,0,,,,,,,,
17043134,2,4,,,,,,,,,,,,,,,,,,,,,,,,,,,,,,,,,,,,,,,,,,,,,0,,,,,,,,,,9,1,0,0,1,0,0,1,0,,,,,,,,
17043135,1,1,N,N,43,JM1BL1V87C1640273,2012,9,63,1210,104,N,78704,1,1,2,3,12,,,,Y,SPECIAL AUTOMOTIVE SERVICE INC,SPECIAL AUTOMOTIVE SERVICE INC,N,,,,,,,,,,,,,,,,,,,,,,,,,20,,,,,,,3,1,0,1,0,0,0,1,0,,,,,,,,
17043135,2,1,N,N,43,1J4NT4GB0AD537130,2010,2,429,1273,69,N,78704,1,1,12,2,3,,,,Y,ATX-VIP TOWING SERVICES,SERVICE KING 1300 W BEN WHITE,N,,,,,,,,,,,,,,,,,,,,,,0,,,,,,,,,,5,1,0,1,0,0,0,1,0,,,,,,,,
17043137,1,1,N,N,43,1FMCU0C79CKA57795,2012,17,37,711,69,N,78759,1,2,4,5,3,,,,,LAKESIDE,620 LAKESIDE TOWING,N,,,,,,,,,,,,,,,,,,,,,,0,,,,,,,,,,3,1,0,0,0,1,0,0,0,,,,,,,,
17043137,2,1,N,N,43,WDDHF5KB3EA875223,2014,17,65,848,104,N,78729,1,1,7,4,5,,,,N,620 LAKESIDE TOWING,620 LAKESIDE TOWING,N,,,,,,,,,,,,,,,,,,,,,,0,,,,,,,,,,7,1,0,0,0,1,0,0,0,,,,,,,,
17043137,3,1,N,N,43,2HKRW2H54HH614095,2017,16,44,360,104,N,78727,1,1,4,4,3,,,,N,NOT TOWED,NOT TOWED,N,,,,,,,,,,,,,,,,,,,,,,20,,,,,,,,,,7,2,0,0,0,1,0,0,0,,,,,,,,
17043138,1,1,N,N,43,1NXBA02E8VZ579300,1997,2,91,173,104,N,76503,2,,2,3,12,,,,Y,ROCHAS TOWING SERVICE,ROCHAS TOWING SERVICE,N,,,,,,,,,,,,,,,,,,,,,,22,29,,,,,,,,,3,1,0,0,0,4,0,0,0,,,,,,,,
17043138,2,1,N,N,43,5TFUW5F1XEX393761,2014,2,91,687,30,N,78724,1,1,6,1,6,,,,N,,,N,,,,,,,,,,,,,,,,,,,,,,0,,,,,,,,,,3,1,0,0,0,2,0,0,0,,,,,,,,
17043139,1,1,N,N,43,KMHDH4AEXEU170146,2014,2,45,480,104,N,78734,1,2,2,5,12,,,,N,620 LAKESIDE TOWING,620 LAKESIDE TOWING,N,,,,,,,,,,,,,,,,,,,,,,44,,,,,,,,,,5,1,0,0,0,1,0,0,0,,,,,,,,
17043139,2,1,N,N,43,1V2CR2CAXJC523205,2018,17,96,184,69,N,78758,1,2,6,2,6,,,,N,,,N,,,,,,,,,,,,,,,,,,,,,,0,,,,,,,,,,5,1,0,0,0,2,0,0,0,,,,,,,,
17043140,1,1,N,N,43,1GCHK23U73F236475,2003,21,107,2237,30,N,76520,1,2,1,1,1,,,,N,N/A,N/A,N,,,,,,,,,,,,,,,,,,,,,,0,,,,,,,,,,8,1,0,0,0,1,0,0,0,,,,,,,,
17043140,2,1,N,N,43,5GADS13S342315711,2004,17,105,34,104,N,78754,1,2,2,4,12,,,,Y,ARMADA TOWING,CALIBER COLLISION,N,,,,,,,,,,,,,,,,,,,,,,0,,,,,,,,,,4,1,0,0,0,1,0,0,0,,,,,,,,
17043141,1,1,N,N,43,JTDDY32T630065460,2003,2,91,172,100,N,78748,1,1,2,5,12,,,,Y,AUS-TEX AUTO ENTERPRISES LLC,AUS-TEX AUTO ENTERPRISES LLC,N,,,,,,,,,,,,,,,,,,,,,,68,,,,,,,,,,3,1,1,0,0,0,0,1,0,,,,,,,,
17043142,1,1,N,N,43,3N1AB7AP2FY300854,2015,16,71,341,104,N,78641,1,2,2,3,12,,,,N,620 LAKESIDE TOWING,620 LAKESIDE TOWING,N,,,,,,,,,,,,,,,,,,,,,,44,,,,,,,,,,4,1,0,0,1,0,0,1,0,,,,,,,,
17043142,2,1,N,N,43,5YFBURHE2JP781841,2018,17,91,173,104,N,78613,2,,6,3,6,,,,N,,,N,,,,,,,,,,,,,,,,,,,,,,0,,,,,,,,,,4,1,0,0,0,1,0,0,0,,,,,,,,
17043143,1,1,N,N,43,1FMCU0J92EUA92643,2014,,37,711,69,N,786748,1,2,2,6,12,,,,N,SPECIAL AUTOMOTIVE SERVICE INC,5700 BURLESON RD,N,,,,,,,,,,,,,,,,,,,,,,20,44,,,,,,,,,7,1,0,0,0,1,0,0,0,,,,,,,,
17043143,2,1,N,N,43,1N4AL11D02C286782,2002,2,71,69,104,N,78657,1,2,6,6,6,,,,N,HARPERS TOWING SERVICE INC,201 RALPH ABLANEDO,N,,,,,,,,,,,,,,,,,,,,,,0,,,,,,,,,,7,1,0,0,0,1,0,0,0,,,,,,,,
17043144,1,1,N,N,43,1HGCM66857A066051,2007,9,44,236,104,N,78727,1,1,3,6,11,,,,N,,,N,,,,,,,,,,,,,,,,,,,,,,44,,,,,,,,,,11,1,0,0,0,1,0,0,0,,,,,,,,
17043144,2,1,N,N,43,WD0PE745475144170,2007,21,109,1371,103,N,60901,1,1,7,3,7,,,,N,,,N,,,,,,,,,,,,,,,,,,,,,,0,,,,,,,,,,11,1,0,0,0,2,0,0,0,,,,,,,,
17043167,1,1,N,N,43,1G8ZK527X1Z222657,2001,8,81,746,104,N,78610,2,,2,2,12,,,,N,SPECIAL AUTOMOTIVE SERVICE INC,SPECIAL AUTOMOTIVE SERVICE INC,N,,,,,,,,,,,,,,,,,,,,,,44,,,,,,,,,,7,1,0,0,0,1,0,0,0,,,,,,,,
17043167,2,1,N,N,43,1GCGC13U46F107357,2006,21,107,2202,30,N,78745,1,1,6,1,6,,,,N,DRIVEN FROM SCENE,BY OWNER,N,,,,,,,,,,,,,,,,,,,,,,0,,,,,,,,,,7,1,0,0,0,2,0,0,0,,,,,,,,
17043168,1,1,N,N,43,5NPE24AF7GH412729,2016,2,45,462,104,N,78705,1,2,12,1,3,,,,N,,,N,,,,,,,,,,,,,,,,,,,,,,37,,,,,,,,,,1,1,0,0,0,1,0,0,0,,,,,,,,
17043168,2,3,,,,,,,,,,,,,,,,,,,,,,,,,,,,,,,,,,,,,,,,,,,,,0,,,,,,,,,,9,1,0,0,1,0,0,1,0,,,,,,,,
17043169,1,1,N,N,43,KNDJT2A60D7575237,2013,21,55,1357,104,N,78739,1,1,2,2,,,,,N,,,N,,,,,,,,,,,,,,,,,,,,,,74,,,,,,,,,,7,1,0,0,0,1,0,0,0,,,,,,,,
17043169,2,4,,,,,,,,,,,,,,,,,,,,,,,,,,,,,,,,,,,,,,,,,,,,,0,,,,,,,,,,9,1,0,0,1,0,0,1,0,,,,,,,,
17043170,1,1,N,N,43,1GKDS13S962219801,2006,11,39,660,69,N,78660,1,2,2,4,12,,,,,AUS-TEX AUTO ENTERPRISES LLC,AUS-TEX AUTO ENTERPRISES LLC,N,,,,,,,,,,,,,,,,,,,,,,15,41,61,4,,,,,,,1,1,0,1,0,0,0,1,0,,,,,,,,
17043171,1,1,N,N,43,3FADP4BJXCM185126,2012,17,37,229,104,N,78666,1,1,,,,,,,,NA,NA,N,,,,,,,,,,,,,,,,,,,,,,44,20,,,,,,,,,5,1,0,0,0,1,0,0,0,,,,,,,,
17043171,2,1,N,N,43,JF2GPBKC9EH279567,2014,10,85,2555,104,N,75703,1,1,,,,,,,,NA,NA,N,,,,,,,,,,,,,,,,,,,,,,0,,,,,,,,,,5,1,0,0,1,0,0,1,0,,,,,,,,
17043172,1,1,N,N,43,1XKDP4TX68R223393,2008,15,54,1533,87,N,,1,2,,,,,,,N,,,Y,Y,N,N,1,2,78045,9,80000,0,N,,,,,5,18,,,,,,52,,,,,,,,,,5,1,0,0,0,1,0,0,0,Y,0,,,,,N,
17043172,2,6,,,,,,,,,,,78045,,,,,,,,,,,,,,,,,,,,,,,,,,,,,,,,,,52,,,,,,,,,,9,2,0,0,0,0,0,0,0,,,100000,0,2,N,,
17043173,1,1,N,N,43,1C3CDFBA9DD702041,2013,9,109,78,104,N,77434,1,2,2,3,12,,,,N,DRIVEN AWAY,,N,,,,,,,,,,,,,,,,,,,,,,44,,,,,,,,,,1,1,0,0,0,1,0,0,0,,,,,,,,
17043173,2,1,N,N,43,2G1105SA5H9146315,2017,17,107,53,104,N,78754,1,2,,3,,6,3,6,Y,ATX VIP,ATX-VIP TOWING SERVICES,N,,,,,,,,,,,,,,,,,,,,,,0,,,,,,,,,,1,1,0,0,0,1,0,0,0,,,,,,,,
17043173,3,6,,,,,,,,,,,,,,,,,,,,,,,,,,,,,,,,,,,,,,,,,,,,,0,,,,,,,,,,9,2,0,0,0,0,0,0,0,,,,,,,,
17043173,4,1,N,N,113,UNKNOWN,,2,208,763,30,N,,2,,,,,,,,N,LTS VEHICLE,,N,,,,,,,,,,,,,,,,,,,,,,0,,,,,,,,,,1,2,0,0,0,0,1,0,0,,,,,,,,
17043174,1,1,N,N,43,1N4AZ0CP9FC317436,2015,2,71,2506,104,N,78745,1,2,12,3,3,,,,N,EZ AUTO AND TOWING SERVICE,EZ AUTO AND TOWING SERVICE,N,,,,,,,,,,,,,,,,,,,,,,35,,,,,,,,,,8,1,0,0,1,1,0,1,0,,,,,,,,
17043174,2,1,N,N,43,KNADE123776255068,2007,3,55,716,104,N,78612,1,2,2,2,12,,,,N,EZ AUTO AND TOWING SERVICE,EZ AUTO AND TOWING SERVICE,N,,,,,,,,,,,,,,,,,,,,,,0,,,,,,,,,,6,1,0,0,0,1,0,0,0,,,,,,,,
17043175,1,1,N,N,43,1HD1YNJ19JC082973,2018,2,42,1527,71,N,78745,1,2,10,1,3,,,,N,,,N,,,,,,,,,,,,,,,,,,,,,,74,,,,,,,,,,3,1,0,1,0,0,0,1,0,,,,,,,,
17043176,1,1,N,N,43,3N1CN7AP2FL845322,2015,21,71,1452,104,N,78758,1,1,2,3,12,,,,Y,EZ AUTO AND TOWING SERVICE,EZ AUTO AND TOWING SERVICE,N,,,,,,,,,,,,,,,,,,,,,,,,,44,,,,,,,5,1,0,0,0,2,0,0,0,,,,,,,,
17043176,2,1,N,N,43,5TDYKRFH4FS069021,2015,17,91,721,104,N,78726,1,1,6,2,6,2,1,12,N,,,N,,,,,,,,,,,,,,,,,,,,,,0,,,,,,,,,,5,1,0,0,0,1,0,0,0,,,,,,,,
17043176,3,1,N,N,43,KMHDH4AE9CU419100,2012,17,45,480,104,N,78750,1,1,6,2,6,,,,N,,,N,,,,,,,,,,,,,,,,,,,,,,0,,,,,,,,,,5,2,0,0,0,1,0,0,0,,,,,,,,
17043177,1,1,N,N,43,3KPFK4A73JE165315,2018,8,55,1093,104,N,,1,1,2,4,12,,,,N,ROCHAS,ROCHAS,N,,,,,,,,,,,,,,,,,,,,,,0,,,,,,,,,,5,1,0,0,1,0,0,1,0,,,,,,,,
17043177,2,1,N,N,43,1GNSCKE00ER110237,2014,1,107,547,104,N,78747,2,,,,,,,,N,,,N,,,,,,,,,,,,,,,,,,,,,,0,,,,,,,,,,5,1,0,0,0,1,0,0,0,,,,,,,,