Crash_ID,Unit_Nbr,Unit_Desc_ID,Veh_Parked_Fl,Veh_HNR_Fl,Veh_Lic_State_ID,VIN,Veh_Mod_Year,Veh_Color_ID,Veh_Make_ID,Veh_Mod_ID,Veh_Body_Styl_ID,Emer_Respndr_Fl,Ownr_Zip,Fin_Resp_Proof_ID,Fin_Resp_Type_ID,Veh_Dmag_Area_1_ID,Veh_Dmag_Scl_1_ID,Force_Dir_1_ID,Veh_Dmag_Area_2_ID,Veh_Dmag_Scl_2_ID,Force_Dir_2_ID,Veh_Inventoried_Fl,Veh_Transp_Name,Veh_Transp_Dest,Veh_Cmv_Fl,Cmv_Fiveton_Fl,Cmv_Hazmat_Fl,Cmv_Nine_Plus_Pass_Fl,Cmv_Veh_Oper_ID,Cmv_Carrier_ID_Type_ID,Cmv_Carrier_Zip,Cmv_Veh_Type_ID,Cmv_GVWR,Cmv_RGVW,Cmv_Hazmat_Rel_Fl,Hazmat_Cls_1_ID,Hazmat_IDNbr_1_ID,Hazmat_Cls_2_ID,Hazmat_IDNbr_2_ID,Cmv_Cargo_Body_ID,Cmv_Evnt1_ID,Cmv_Evnt2_ID,Cmv_Evnt3_ID,Cmv_Evnt4_ID,Cmv_Tot_Axle,Cmv_Tot_Tire,Contrib_Factr_1_ID,Contrib_Factr_2_ID,Contrib_Factr_3_ID,Contrib_Factr_P1_ID,Contrib_Factr_P2_ID,Veh_Dfct_1_ID,Veh_Dfct_2_ID,Veh_Dfct_3_ID,Veh_Dfct_P1_ID,Veh_Dfct_P2_ID,Veh_Trvl_Dir_ID,First_Harm_Evt_Inv_ID,Sus_Serious_Injry_Cnt,Nonincap_Injry_Cnt,Poss_Injry_Cnt,Non_Injry_Cnt,Unkn_Injry_Cnt,Tot_Injry_Cnt,Death_Cnt,Cmv_Disabling_Damage_Fl,Cmv_Bus_Type_ID,Trlr_GVWR,Trlr_RGVW,Trlr_Type_ID,Trlr_Disabling_Dmag_ID,Cmv_Intermodal_Container_Permit_Fl,CMV_Actual_Gross_Weight
17043178,1,1,N,N,43,5NPET46C39H407297,2009,21,45,462,104,N,78745,1,2,2,2,,2,1,12,Y,EZ AUTO AND TOWING SERVICE,EZ AUTO AND TOWING SERVICE,N,,,,,,,,,,,,,,,,,,,,,,0,,,,,,,,,,3,1,0,0,1,0,0,1,0,,,,,,,,
17043178,2,1,N,N,43,VNKKTUD37FA033406,2015,3,91,1477,104,N,75039,1,2,14,5,5,,,,Y,SPECIAL AUTOMOTIVE SERVICE INC,SPECIAL AUTOMOTIVE SERVICE INC,N,,,,,,,,,,,,,,,,,,,,,,0,,,,,,,,,,3,1,0,0,1,0,0,1,0,,,,,,,,
17043178,3,1,N,N,43,1NXBR32E37Z845898,2007,2,91,173,104,N,78745,1,2,6,1,6,,,,N,,,N,,,,,,,,,,,,,,,,,,,,,,0,,,,,,,,,,3,2,0,0,1,0,0,1,0,,,,,,,,
17043179,1,1,N,N,43,JHMGE8H46AC024968,2010,21,44,1083,104,N,78735,1,1,1,3,12,,,,Y,A-TEX TOWING,5526 1/2 W HWY 290,N,,,,,,,,,,,,,,,,,,,,,,,,,47,,,,,,,2,1,0,1,0,0,0,1,0,,,,,,,,
17043180,1,1,N,N,43,1N4BL11D03C182251,2003,1,71,500,104,N,78723,2,,10,4,3,,,,N,EZ AUTO AND TOWING SERVICE,EZ AUTO AND TOWING SERVICE,N,,,,,,,,,,,,,,,,,,,,,,37,,,,,,,,,,7,1,1,0,0,0,0,1,0,,,,,,,,
17043180,2,1,N,N,43,3VW2K7AJ1DM227068,2013,21,96,316,104,N,78725,1,2,2,4,12,,,,N,ROCHAS TOWING SERVICE,ROCHAS TOWING SERVICE,N,,,,,,,,,,,,,,,,,,,,,,0,,,,,,,,,,3,1,0,0,0,1,0,0,0,,,,,,,,
17043182,1,1,N,N,43,5NPEU46F37H188894,2007,17,45,462,104,N,78744,1,2,2,3,12,,,,Y,SPECIAL AUTOMOTIVE SERVICE INC,SPECIAL AUTOMOTIVE SERVICE INC,N,,,,,,,,,,,,,,,,,,,,,,44,,,,,,,,,,5,1,0,0,0,1,0,0,0,,,,,,,,
17043182,2,1,N,N,43,1HGCP26469A059531,2009,17,44,236,104,N,78745,1,2,6,3,6,,,,Y,ROCHAS TOWING SERVICE,ROCHAS TOWING SERVICE,N,,,,,,,,,,,,,,,,,,,,,,0,,,,,,,,,,5,1,0,0,1,1,0,1,0,,,,,,,,
17043183,1,1,N,N,43,2C3CDXBG3FH925823,2015,2,109,74,104,N,78723,1,2,4,1,2,14,1,5,N,,,N,,,,,,,,,,,,,,,,,,,,,,0,,,,,,,,,,6,1,0,0,0,2,1,0,0,,,,,,,,
17043184,1,1,N,N,43,1N4AA6AP0GC422560,2016,21,71,297,104,N,75039,1,2,4,3,12,,,,N,NOT TOWED,,N,,,,,,,,,,,,,,,,,,,,,,44,,,,,,,,,,1,1,0,0,0,1,0,0,0,,,,,,,,
17043184,2,1,N,N,43,JHLRE48389C004083,2009,3,44,605,69,N,78744,1,2,7,3,6,,,,Y,ROCHAS TOWING SERVICE,ROCHAS TOWING SERVICE,N,,,,,,,,,,,,,,,,,,,,,,4,,,,,,,,,,1,1,0,1,0,0,0,1,0,,,,,,,,
17043185,1,1,N,N,43,1C4AJWAG0HL723924,2017,18,429,1464,100,N,78413,1,2,2,1,12,,,,N,,,N,,,,,,,,,,,,,,,,,,,,,,0,,,,,,,,,,7,1,0,0,0,1,0,0,0,,,,,,,,
17043185,2,1,N,N,43,1HGCR2F30GA141169,2016,2,44,236,104,N,77004,1,2,2,2,12,,,,Y,ATX-VIP TOWING SERVICES,ATX-VIP TOWING SERVICES,N,,,,,,,,,,,,,,,,,,,,,,0,,,,,,,,,,3,1,0,0,0,1,0,0,0,,,,,,,,
17043186,1,1,N,N,43,JTEBU5JRXJ5535117,2018,17,91,395,69,N,78738,1,1,9,3,9,,,,N,ROCHAS TOWING SERVICE,5700 BURLESON RD,N,,,,,,,,,,,,,,,,,,,,,,15,,,77,,,,,,,7,1,0,0,0,1,0,0,0,,,,,,,,
17043186,2,1,N,N,43,1G1ZD5ST4KF106430,2019,17,107,56,104,N,74134,2,,2,3,10,,,,N,SPECIAL AUTOMOTIVE SERVICE INC,5700 BURLESON RD,N,,,,,,,,,,,,,,,,,,,,,,0,,,,,,,,,,1,1,0,0,0,1,0,0,0,,,,,,,,
17043187,1,1,N,N,43,JM1BL1SF3A1176477,2010,17,63,1210,104,N,78721,1,2,2,2,12,,,,N,SPECIAL AUTOMOTIVE SERVICE INC,SPECIAL AUTOMOTIVE SERVICE INC,N,,,,,,,,,,,,,,,,,,,,,,29,,,22,20,,,,,,1,1,0,0,0,1,0,0,0,,,,,,,,
17043187,2,1,N,N,43,1C6RR6FP1DS644533,2013,16,710,2522,30,N,78754,1,2,6,1,6,,,,N,,,N,,,,,,,,,,,,,,,,,,,,,,0,,,,,,,,,,1,1,0,0,0,3,0,0,0,,,,,,,,
17043188,1,1,N,N,43,JTKKU10478J016216,2008,9,91,2576,104,N,78744,1,2,10,4,3,,,,N,SPECIAL AUTOMOTIVE SERVICE INC,SPECIAL AUTOMOTIVE SERVICE INC,N,,,,,,,,,,,,,,,,,,,,,,0,,,,,,,,,,6,1,0,0,0,1,0,0,0,,,,,,,,
17043188,2,1,N,N,43,KNDJT2A69D7623947,2013,10,55,1357,104,N,78746,1,2,2,5,12,,,,N,SPECIAL AUTOMOTIVE SERVICE INC,SPECIAL AUTOMOTIVE SERVICE INC,N,,,,,,,,,,,,,,,,,,,,,,0,,,,,,,,,,2,1,0,0,0,1,0,0,0,,,,,,,,
17043189,1,1,N,Y,43,4T1BF3EK3AU043045,2010,2,91,380,104,N,78721,1,2,4,3,1,,,,Y,EZ AUTO AND TOWING SERVICE,EZ AUTO AND TOWING SERVICE,N,,,,,,,,,,,,,,,,,,,,,,15,20,19,,,,,,,,1,1,0,1,0,0,3,1,0,,,,,,,,
17043189,2,1,N,N,43,3GYEK63N23G250294,2003,3,106,657,69,N,78617,1,2,11,6,9,,,,Y,ROCHAS TOWING SERVICE,ROCHAS TOWING SERVICE,N,,,,,,,,,,,,,,,,,,,,,,0,,,,,,,,,,7,1,0,1,0,0,0,1,0,,,,,,,,
17043190,1,1,N,Y,43,1N4AL2AP8CN511777,2012,2,71,500,104,N,78681,2,,2,4,12,6,4,6,Y,620 LAKESIDE TOWING,620 LAKESIDE TOWING,N,,,,,,,,,,,,,,,,,,,,,,,,,67,,,,,,,6,1,0,0,0,0,1,0,0,,,,,,,,
17043191,1,1,N,N,43,1FMCU22X4TUB85024,2006,21,37,554,69,N,78721,2,,3,2,11,,,,Y,ROCHAS TOWING SERVICE,ROCHAS TOWING SERVICE,N,,,,,,,,,,,,,,,,,,,,,,23,70,67,20,,,,,,,1,1,0,1,0,0,0,1,0,,,,,,,,
17043192,1,1,N,N,43,2GNALBEK7F1156977,2015,2,107,1048,69,N,78725,1,1,2,3,12,,,,N,ATX-VIP TOWING SERVICES,ATX-VIP TOWING SERVICES,N,,,,,,,,,,,,,,,,,,,,,,0,,,,,,,,,,3,1,0,0,0,1,0,0,0,,,,,,,,
17043192,2,1,N,N,43,JM1GJ1U5XF1190836,2015,3,63,870,104,N,78660,1,1,6,3,6,,,,N,,,N,,,,,,,,,,,,,,,,,,,,,,0,,,,,,,,,,3,1,0,0,0,1,0,0,0,,,,,,,,
17043218,1,1,N,N,43,1FAHP35N59W127847,2009,17,37,101,104,N,78681,1,2,2,1,12,,,,N,,,N,,,,,,,,,,,,,,,,,,,,,,0,,,,,,,,,,3,1,0,0,0,1,0,0,0,,,,,,,,
17043218,2,1,N,N,43,2FMGK5CC8CBD06843,2012,9,37,101,104,N,78613,1,2,3,2,11,,,,N,LEANDER TOWING,LEANDER TOWING,N,,,,,,,,,,,,,,,,,,,,,,0,,,,,,,,,,3,1,0,0,1,0,0,1,0,,,,,,,,
17043311,1,1,N,N,43,1FTEW1CF2FKD50298,2015,2,37,2324,105,N,78752,4,,3,1,11,,,,N,,,N,,,,,,,,,,,,,,,,,,,,,,49,,,,,,,,,,1,1,0,0,0,1,0,0,0,,,,,,,,
17043311,2,1,N,N,43,3CZRM3H30GG708003,2016,9,44,605,69,N,78727,1,2,8,1,5,,,,N,,,N,,,,,,,,,,,,,,,,,,,,,,0,,,,,,,,,,1,1,0,0,0,1,0,0,0,,,,,,,,
17043482,1,1,N,Y,,,,18,37,554,69,N,,,,,,,,,,,,,N,,,,,,,,,,,,,,,,,,,,,,44,,,,,,,,,,3,1,0,0,0,0,1,0,0,,,,,,,,
17043482,2,1,N,N,43,JTDKN3DUXB1422251,2011,16,91,702,100,N,78731,1,1,,,,,,,N,N/A,N/A,N,,,,,,,,,,,,,,,,,,,,,,0,,,,,,,,,,3,1,0,0,1,0,0,1,0,,,,,,,,
17043521,1,1,N,Y,,,,2,208,763,30,N,,,,,,,,,,N,N/A,N/A,N,,,,,,,,,,,,,,,,,,,,,,0,,,,,,,,,,1,1,0,0,0,0,2,0,0,,,,,,,,
17043521,2,1,N,N,43,1GCGC13U82F209724,2002,16,107,60,30,N,76371,1,1,,,,,,,N,N/A,N/A,N,,,,,,,,,,,,,,,,,,,,,,0,,,,,,,,,,1,1,0,0,0,1,0,0,0,,,,,,,,
17043521,3,1,N,N,,,2012,18,107,2203,69,N,78610,1,1,,,,,,,N,N/A,N/A,N,,,,,,,,,,,,,,,,,,,,,,0,,,,,,,,,,1,2,0,0,1,0,0,1,0,,,,,,,,
17043911,1,1,N,Y,,,,21,107,53,104,N,,,,,,,,,,N,N/A,N/A,N,,,,,,,,,,,,,,,,,,,,,,0,,,,,,,,,,11,1,0,0,0,0,1,0,0,,,,,,,,
17043911,2,4,,,,,,,,,,,,,,,,,,,,,,,,,,,,,,,,,,,,,,,,,,,,,0,,,,,,,,,,9,1,0,0,0,1,0,0,0,,,,,,,,
17043911,3,4,,,,,,,,,,,,,,,,,,,,,,,,,,,,,,,,,,,,,,,,,,,,,0,,,,,,,,,,9,2,0,1,0,0,0,1,0,,,,,,,,
17044109,1,1,N,Y,43,1G4HR54C4LH411414,1990,11,105,34,104,N,78753,2,,11,1,10,,,,Y,,,N,,,,,,,,,,,,,,,,,,,,,,0,,,,,,,,,,8,1,0,0,0,0,1,0,0,,,,,,,,
17044109,2,1,N,N,43,2G1WB5EK4B1104938,2011,21,107,53,104,N,78744,2,,,,,,,,N,,,N,,,,,,,,,,,,,,,,,,,,,,0,,,,,,,,,,8,1,0,0,0,1,0,0,0,,,,,,,,
17045446,1,1,N,N,43,1C6RR6LTXFS639576,2015,3,109,2275,30,N,77506,1,1,,,,,,,N,N/A,N/A,N,,,,,,,,,,,,,,,,,,,,,,0,,,,,,,,,,1,1,0,0,0,0,1,0,0,,,,,,,,
17045446,2,1,N,N,43,WDDHF5GB3BA416553,2011,9,65,118,104,N,78753,1,1,6,1,,,,,N,N/A,N/A,N,,,,,,,,,,,,,,,,,,,,,,0,,,,,,,,,,1,1,0,0,0,0,2,0,0,,,,,,,,
17045447,1,1,N,N,76,3D7MU48C13G852343,2004,2,109,2281,30,N,73129,2,,11,5,10,,,,N,AVILES & GABES WRECKER SERVICE INC.,AVILES & GABES WRECKER SERVICE INC.,N,,,,,,,,,,,,,,,,,,,,,,0,,,,,,,,,,1,1,0,0,1,2,0,1,0,,,,,,,,
17045447,2,1,N,N,43,1GKKRSED3BJ361973,2011,2,39,105,69,N,77459,1,1,15,3,11,,,,N,STARS TOWING,STARS TOWING,N,,,,,,,,,,,,,,,,,,,,,,0,,,,,,,,,,1,1,0,4,0,2,0,4,0,,,,,,,,
17045448,1,1,N,N,43,5NPDH4AE1EH540110,2014,2,45,480,104,N,78748,1,1,2,5,1,,,,Y,SPECIAL AUTOMOTIVE SERVICE INC,SPECIAL AUTOMOTIVE SERVICE INC,N,,,,,,,,,,,,,,,,,,,,,,20,,,,,,,,,,5,1,0,0,0,1,0,0,0,,,,,,,,
17045448,2,1,Y,N,43,2GCEC19R0V1145975,1997,3,107,2202,30,N,78748,1,1,7,3,5,,,,Y,HARPERS TOWING SERVICE INC,HARPERS TOWING SERVICE INC,N,,,,,,,,,,,,,,,,,,,,,,0,,,,,,,,,,5,1,0,0,0,0,0,0,0,,,,,,,,
17045449,1,1,N,N,43,3D7JB1EP8BG559164,2011,21,109,2275,30,N,78758,2,,2,3,12,,,,Y,DENVERS TOWING,DENVERS TOWING,N,,,,,,,,,,,,,,,,,,,,,,67,,,,,,,,,,6,1,0,0,1,0,0,1,0,,,,,,,,
17045450,1,1,N,N,43,1HGCP2F41AA025212,2010,3,44,236,104,N,78731,1,2,1,4,12,,,,N,ROCHAS TOWING SERVICE,ROCHAS TOWING SERVICE,N,,,,,,,,,,,,,,,,,,,,,,44,,,,,,,,,,1,1,0,0,0,1,0,0,0,,,,,,,,
17045450,2,1,N,N,43,2T3WFREV9JW413758,2018,21,91,581,104,N,78734,1,2,5,2,6,,,,,,,N,,,,,,,,,,,,,,,,,,,,,,0,,,,,,,,,,1,1,0,0,0,1,0,0,0,,,,,,,,
17045451,1,1,N,N,43,JTDKDTB31F1087271,2015,2,91,4327,104,N,78745,1,1,4,2,12,,,,N,SOUTHSIDE WRECKER INC,8200 S. CONGRESS AVE,N,,,,,,,,,,,,,,,,,,,,,,20,,,,,,,,,,7,1,0,0,0,1,0,0,0,,,,,,,,
17045451,2,1,Y,N,43,KMHD84LF5HU334896,2017,2,45,480,104,N,78745,1,1,7,2,6,,,,N,,,N,,,,,,,,,,,,,,,,,,,,,,0,,,,,,,,,,7,1,0,0,0,0,0,0,0,,,,,,,,
17045452,1,1,N,N,43,5N1AN08U98C514772,2008,21,71,694,104,N,78732,1,1,11,2,9,,,,Y,ROCHAS TOWING SERVICE,ROCHAS TOWING SERVICE,N,,,,,,,,,,,,,,,,,,,,,,34,,,,,,,,,,3,1,0,0,0,1,0,0,0,,,,,,,,
17045452,2,1,N,N,43,2FABP7BV6AX102823,2010,3,37,995,104,N,78721,1,1,4,2,12,,,,N,,,N,,,,,,,,,,,,,,,,,,,,,,0,,,,,,,,,,5,1,0,0,0,1,0,0,0,,,,,,,,
17045453,1,1,N,N,43,5NPDH4AE2DH415096,2013,3,45,480,104,N,78724,1,2,14,3,4,,,,Y,,,N,,,,,,,,,,,,,,,,,,,,,,,,,37,15,,,,,,5,1,0,0,0,1,0,0,0,,,,,,,,
17045453,2,1,N,N,43,JN8AS5MTXDW002278,2013,2,71,1310,69,N,78724,1,2,12,2,2,,,,N,,,N,,,,,,,,,,,,,,,,,,,,,,,,,15,,,,,,,1,1,0,0,0,1,0,0,0,,,,,,,,
17045454,1,1,N,N,43,1G11E5SL5EF253693,2014,21,107,56,104,N,78753,1,1,2,4,12,,,,N,,,N,,,,,,,,,,,,,,,,,,,,,,20,,,,,,,,,,8,1,0,0,0,1,0,0,0,,,,,,,,
17045454,2,1,N,N,43,5TFRM5F12DX052896,2013,2,91,687,104,N,78634,1,1,7,2,5,,,,N,,,N,,,,,,,,,,,,,,,,,,,,,,0,,,,,,,,,,8,1,0,0,0,1,0,0,0,,,,,,,,
17045455,1,1,N,N,43,3C6UR5DL6GG287270,2016,11,710,4100,30,N,78724,1,2,2,1,10,,,,N,,,N,,,,,,,,,,,,,,,,,,,,,,35,,,,,,,,,,5,1,0,0,0,1,0,0,0,,,,,,,,
17045455,2,1,N,N,43,2G1WC5E30C1112820,2012,2,107,53,104,N,78724,2,,10,3,3,,,,N,,,N,,,,,,,,,,,,,,,,,,,,,,0,,,,,,,,,,7,1,0,0,0,1,0,0,0,,,,,,,,
17045456,1,1,N,N,43,WA1JCCFS2JR020117,2018,2,8,2671,69,N,78758,1,1,2,1,12,,,,N,NOT TOWED,DRIVEN FROM SCENE,N,,,,,,,,,,,,,,,,,,,,,,0,,,,,,,,,,7,1,0,0,0,1,0,0,0,,,,,,,,
17045456,2,1,N,N,43,19XFB2F58DE020738,2013,9,44,256,104,N,78731,1,1,10,4,3,,,,N,ROCHAS TOWING SERVICE,ROCHAS TOWING SERVICE,N,,,,,,,,,,,,,,,,,,,,,,0,,,,,,,,,,1,1,0,0,1,0,0,1,0,,,,,,,,
17045457,1,1,N,N,43,5NPDH4AEXBH075886,2011,,45,480,104,N,78745,1,2,11,3,9,,,,Y,HARPERS TOWING SERVICE INC,HARPERS TOWING SERVICE INC,N,,,,,,,,,,,,,,,,,,,,,,,,,34,,,,,,,5,1,0,0,0,1,0,0,0,,,,,,,,
17045457,2,1,N,N,43,19UUA662X4A058158,2004,9,1,564,104,N,78724,1,2,2,2,12,,,,N,NOT TOWED,NOT TOWED,N,,,,,,,,,,,,,,,,,,,,,,,,,74,,,,,,,7,1,0,0,0,1,0,0,0,,,,,,,,
17045458,1,1,N,N,43,1YVHP80A795M43102,2009,16,63,2476,104,N,78644,1,2,2,3,12,,,,N,AVILES & GABES WRECKER SERVICE INC.,AVILES & GABES WRECKER SERVICE INC.,N,,,,,,,,,,,,,,,,,,,,,,44,,,,,,,,,,8,1,0,0,0,1,0,0,0,,,,,,,,
17045458,2,1,N,N,43,1GCGSCEN8H1333051,2017,9,107,979,30,N,,4,,6,4,6,,,,N,,,N,,,,,,,,,,,,,,,,,,,,,,0,,,,,,,,,,8,1,0,3,0,0,0,3,0,,,,,,,,
17045459,1,1,N,N,43,KNDJF723677349250,2007,21,55,575,104,N,78610,1,2,2,3,,,,,Y,,,N,,,,,,,,,,,,,,,,,,,,,,44,,,,,,,,,,2,1,0,0,1,0,0,1,0,,,,,,,,
17045459,2,1,N,N,43,JTDKN3DU1B0259513,2011,2,91,702,104,N,78744,1,2,6,2,,2,1,,N,,,N,,,,,,,,,,,,,,,,,,,,,,0,,,,,,,,,,2,1,0,0,0,1,0,0,0,,,,,,,,
17045459,3,1,N,N,43,KNMAT2MT6JP515847,2018,2,71,1310,104,N,78640,1,2,6,1,,,,,N,,,N,,,,,,,,,,,,,,,,,,,,,,0,,,,,,,,,,2,2,0,0,0,1,0,0,0,,,,,,,,
17045460,1,1,N,N,43,5TDKA3DC7CS016564,2012,21,91,648,103,N,,1,2,11,3,9,,,,N,,,N,,,,,,,,,,,,,,,,,,,,,,34,,,,,,,,,,7,1,0,0,0,2,0,0,0,,,,,,,,
17045460,2,1,N,N,43,JN8AS5MV6EW703600,2014,2,71,1310,69,N,78660,1,1,4,3,1,,,,Y,PRONTO WRECKER SERVICE NORTH,PRONTO WRECKER SERVICE NORTH,N,,,,,,,,,,,,,,,,,,,,,,0,,,,,,,,,,1,1,0,0,0,1,0,0,0,,,,,,,,
17045462,1,1,N,N,43,1FMCU0E79AKC45730,2010,3,37,711,69,N,78666,1,2,14,2,3,,,,N,,,N,,,,,,,,,,,,,,,,,,,,,,0,,,,,8,,,,,1,1,0,0,0,2,0,0,0,,,,,,,,
17045462,2,1,N,N,43,JHMGK5H74GX036247,2016,21,44,1083,104,N,78745,1,2,2,4,10,,,,N,ROCHAS TOWING SERVICE,ROCHAS TOWING SERVICE,N,,,,,,,,,,,,,,,,,,,,,,0,,,,,,,,,,1,1,0,0,0,1,0,0,0,,,,,,,,
17045463,1,1,N,N,43,KM8JT3AF4FU087561,2015,9,45,1431,69,N,78741,1,1,13,2,7,,,,N,,,N,,,,,,,,,,,,,,,,,,,,,,20,,,,,,,,,,3,1,0,0,0,1,0,0,0,,,,,,,,
17045463,2,1,N,N,43,2FMDK38C47BB06029,2007,2,37,1035,104,N,78748,1,1,12,2,1,,,,N,620 LAKESIDE TOWING,620 LAKESIDE TOWING,N,,,,,,,,,,,,,,,,,,,,,,0,,,,,,,,,,5,1,0,0,0,1,0,0,0,,,,,,,,
17045464,1,1,N,N,43,1N4AL21E19N460940,2009,17,71,500,104,N,78752,1,2,2,3,,,,,N,,,N,,,,,,,,,,,,,,,,,,,,,,35,,,,,,,,,,5,1,0,0,0,1,0,0,0,,,,,,,,
17045464,2,1,N,N,43,3N1CE2CP3GL383158,2016,17,71,3996,104,N,78752,1,2,4,3,2,,,,N,,,N,,,,,,,,,,,,,,,,,,,,,,0,,,,,,,,,,7,1,0,0,0,1,0,0,0,,,,,,,,
17045466,1,1,N,N,43,3N1CE2CP5JL355577,2018,2,71,1452,104,N,75104,1,2,14,3,5,,,,N,,,N,,,,,,,,,,,,,,,,,,,,,,74,,,,,,,,,,5,1,0,0,0,1,0,0,0,,,,,,,,
17045466,2,1,N,N,43,5NPEB4AC7DH509009,2013,21,45,462,104,N,78610,1,2,11,3,11,,,,N,HARPERS TOWING SERVICE INC,HARPERS TOWING SERVICE INC,N,,,,,,,,,,,,,,,,,,,,,,0,,,,,,,,,,5,1,0,0,0,1,0,0,0,,,,,,,,
17045471,1,1,N,Y,43,3GNEC16R5TG124510,1996,21,107,2202,30,N,78723,1,1,2,3,12,,,,N,,,N,,,,,,,,,,,,,,,,,,,,,,,,,20,,,,,,,3,1,0,0,0,1,0,0,0,,,,,,,,
17045471,2,1,N,N,43,5YJ3E1EA3JF016220,2018,17,602,2562,104,N,78744,1,1,5,3,6,,,,N,EZ AUTO AND TOWING SERVICE,EZ AUTO AND TOWING SERVICE,N,,,,,,,,,,,,,,,,,,,,,,0,,,,,,,,,,3,1,0,0,0,1,0,0,0,,,,,,,,
17045476,1,1,N,N,43,5J6YH28604L000241,2004,13,44,760,69,N,78130,1,2,4,4,10,,,,N,SPECIAL AUTOMOTIVE SERVICE INC,5700 BURLESON RD,N,,,,,,,,,,,,,,,,,,,,,,20,,,,,,,,,,7,1,0,0,0,1,0,0,0,,,,,,,,
17045476,2,1,N,N,9,1FMFU19515LA12436,2005,1,37,601,69,N,33458,1,2,2,4,10,,,,N,NA,,N,,,,,,,,,,,,,,,,,,,,,,20,,,,,,,,,,3,1,0,0,0,1,0,0,0,,,,,,,,
17045489,1,1,N,N,43,1GCEK19K7SE267801,1995,21,107,2202,100,N,78744,1,2,4,3,1,,,,N,A & A WRECKER NORTH,A & A WRECKER NORTH,N,,,,,,,,,,,,,,,,,,,,,,0,,,,,,,,,,5,1,0,0,0,1,0,0,0,,,,,,,,
17045489,2,1,N,N,43,1D7HU18D64J260414,2004,17,109,2275,104,N,78617,1,2,4,3,1,,,,N,SPECIAL AUTOMOTIVE SERVICE INC,SPECIAL AUTOMOTIVE SERVICE INC,N,,,,,,,,,,,,,,,,,,,,,,0,,,,,,,,,,3,1,0,0,0,1,0,0,0,,,,,,,,
17045490,1,1,N,N,43,KNMAT2MT3GP656996,2016,16,71,1310,104,N,78748,1,1,12,2,3,4,2,3,N,A-TEX TOWING,5526 1/2 W HWY 290,N,,,,,,,,,,,,,,,,,,,,,,47,,,,,,,,,,5,1,0,0,1,0,0,1,0,,,,,,,,
17045490,2,1,N,N,43,1FMCU0D78CKC76228,2012,21,37,711,104,N,75204,1,1,11,2,9,,,,N,A-TEX TOWING,5526 1/2 W HWY 290,N,,,,,,,,,,,,,,,,,,,,,,4,,,,,,,,,,5,1,0,0,0,1,0,0,0,,,,,,,,
17045491,1,1,N,Y,43,1FTEX1E64AFD49598,2010,21,37,2324,30,N,78704,2,,2,3,12,,,,N,SOUTHSIDE WRECKER INC,8200 S. CONGRESS AVE,N,,,,,,,,,,,,,,,,,,,,,,0,,,,,,,,,,1,1,0,0,0,0,1,0,0,,,,,,,,
17045491,2,1,N,N,43,1GKEC13T5YJ142931,2000,21,39,479,104,N,78610,1,2,6,4,6,3,2,12,N,K&S TOWING,K&S TOWING,N,,,,,,,,,,,,,,,,,,,,,,0,,,,,,,,,,1,1,0,1,0,0,0,1,0,,,,,,,,
17045491,3,1,N,Y,113,,,99,,,0,N,,,,,,,,,,N,,,N,,,,,,,,,,,,,,,,,,,,,,0,,,,,,,,,,2,2,0,0,0,0,1,0,0,,,,,,,,
17045492,1,1,N,N,43,JN8AS58T48W001451,2008,17,71,1310,104,N,,1,2,2,3,12,,,,Y,SPECIAL AUTOMOTIVE SERVICE INC,SPECIAL AUTOMOTIVE SERVICE INC,N,,,,,,,,,,,,,,,,,,,,,,0,,,,,,,,,,1,1,0,1,0,2,0,1,0,,,,,,,,
17045492,2,1,N,N,43,3HGCM56417G706555,2007,17,44,236,104,N,78664,1,2,15,3,9,,,,Y,A-TEX TOWING,ATEX,N,,,,,,,,,,,,,,,,,,,,,,0,,,,,,,,,,7,1,0,1,0,0,0,1,0,,,,,,,,
17045494,1,1,N,N,43,2GNAXHEV6J6313220,2018,13,107,1048,69,N,78723,1,2,2,3,12,,,,N,STARS TOWING,STARS TOWING,N,,,,,,,,,,,,,,,,,,,,,,44,,,,,,,,,,1,2,0,0,0,1,0,0,0,,,,,,,,
17045494,2,1,N,N,43,2T1CE22P82C008019,2002,17,91,269,104,N,78753,1,2,6,2,6,2,2,12,N,,,N,,,,,,,,,,,,,,,,,,,,,,0,,,,,,,,,,1,1,0,0,0,1,0,0,0,,,,,,,,
17045494,3,1,N,N,43,1FTMF1C80GKD38262,2016,3,37,602,30,N,78753,1,2,5,1,6,,,,N,,,N,,,,,,,,,,,,,,,,,,,,,,0,,,,,,,,,,1,1,0,0,0,1,0,0,0,,,,,,,,
17045497,1,1,N,N,43,1FM5K8ARXEGB59078,2014,2,37,554,69,N,78701,4,7,10,1,3,,,,N,,,N,,,,,,,,,,,,,,,,,,,,,,20,,,,,,,,,,3,1,0,0,0,1,0,0,0,,,,,,,,
17045497,2,1,Y,N,43,1NXBU40E59Z107711,2009,8,91,173,104,N,78752,1,1,11,1,11,,,,N,,,N,,,,,,,,,,,,,,,,,,,,,,0,,,,,,,,,,3,1,0,0,0,0,0,0,0,,,,,,,,
17045498,1,1,N,N,43,3C7WRKBL5EG187387,2014,22,109,2873,9,N,78721,4,,4,0,2,,,,N,,,N,,,,,,,,,,,,,,,,,,,,,,,,,20,,,,,,,3,1,0,0,0,2,0,0,0,,,,,,,,