Crash_ID,Unit_Nbr,Unit_Desc_ID,Veh_Parked_Fl,Veh_HNR_Fl,Veh_Lic_State_ID,VIN,Veh_Mod_Year,Veh_Color_ID,Veh_Make_ID,Veh_Mod_ID,Veh_Body_Styl_ID,Emer_Respndr_Fl,Ownr_Zip,Fin_Resp_Proof_ID,Fin_Resp_Type_ID,Veh_Dmag_Area_1_ID,Veh_Dmag_Scl_1_ID,Force_Dir_1_ID,Veh_Dmag_Area_2_ID,Veh_Dmag_Scl_2_ID,Force_Dir_2_ID,Veh_Inventoried_Fl,Veh_Transp_Name,Veh_Transp_Dest,Veh_Cmv_Fl,Cmv_Fiveton_Fl,Cmv_Hazmat_Fl,Cmv_Nine_Plus_Pass_Fl,Cmv_Veh_Oper_ID,Cmv_Carrier_ID_Type_ID,Cmv_Carrier_Zip,Cmv_Veh_Type_ID,Cmv_GVWR,Cmv_RGVW,Cmv_Hazmat_Rel_Fl,Hazmat_Cls_1_ID,Hazmat_IDNbr_1_ID,Hazmat_Cls_2_ID,Hazmat_IDNbr_2_ID,Cmv_Cargo_Body_ID,Cmv_Evnt1_ID,Cmv_Evnt2_ID,Cmv_Evnt3_ID,Cmv_Evnt4_ID,Cmv_Tot_Axle,Cmv_Tot_Tire,Contrib_Factr_1_ID,Contrib_Factr_2_ID,Contrib_Factr_3_ID,Contrib_Factr_P1_ID,Contrib_Factr_P2_ID,Veh_Dfct_1_ID,Veh_Dfct_2_ID,Veh_Dfct_3_ID,Veh_Dfct_P1_ID,Veh_Dfct_P2_ID,Veh_Trvl_Dir_ID,First_Harm_Evt_Inv_ID,Sus_Serious_Injry_Cnt,Nonincap_Injry_Cnt,Poss_Injry_Cnt,Non_Injry_Cnt,Unkn_Injry_Cnt,Tot_Injry_Cnt,Death_Cnt,Cmv_Disabling_Damage_Fl,Cmv_Bus_Type_ID,Trlr_GVWR,Trlr_RGVW,Trlr_Type_ID,Trlr_Disabling_Dmag_ID,Cmv_Intermodal_Container_Permit_Fl,CMV_Actual_Gross_Weight
17052528,2,1,N,Y,113,,,99,,,0,N,,,,,,,,,,N,,,N,,,,,,,,,,,,,,,,,,,,,,0,,,,,,,,,,5,1,0,0,0,0,1,0,0,,,,,,,,
17052528,3,6,,,,,,,,,,,76224,,,,,,,,,,,,,,,,,,,,,,,,,,,,,,,,,,0,,,,,,,,,,9,2,0,1,0,0,0,1,0,,,,,,,,
17052529,1,1,N,N,43,5YFBURHE4EP082300,2014,2,91,173,104,N,78945,1,2,2,4,12,,,,Y,PRONTO WRECKER SERVICE NORTH,PRONTO WRECKER SERVICE NORTH,N,,,,,,,,,,,,,,,,,,,,,,20,,,,,,,,,,8,1,0,0,0,2,0,0,0,,,,,,,,
17052529,2,1,N,N,43,3VWDB7AJ6HM238579,2017,9,96,316,104,N,,1,2,10,3,3,,,,N,,,N,,,,,,,,,,,,,,,,,,,,,,0,,,,,,,,,,2,1,0,0,0,2,0,0,0,,,,,,,,
17052530,1,1,N,N,43,3B7HC13Z5YM243502,2000,21,109,2275,30,N,78744,1,2,2,3,12,,,,N,K & S TOWING,K & S TOWING,N,,,,,,,,,,,,,,,,,,,,,,,,,47,,,,,,,5,1,0,0,0,1,0,0,0,,,,,,,,
17052531,1,1,N,N,43,3GNCJLSBXKL263121,2019,21,107,2248,69,N,78957,1,2,2,1,12,,,,Y,,,N,,,,,,,,,,,,,,,,,,,,,,67,,,,,,,,,,7,1,0,0,0,2,0,0,0,,,,,,,,
17052532,1,1,N,N,43,1C6RR6LM1HS596726,2017,16,710,4100,30,N,78758,1,2,2,4,12,,,,Y,STARS TOWING,STARS TOWING,N,,,,,,,,,,,,,,,,,,,,,,,,,20,41,,,,,,5,1,0,0,0,1,0,0,0,,,,,,,,
17052534,1,1,N,N,18,1FTYR44UX5PA44924,2005,3,37,357,30,N,78704,1,1,,,,,,,N,SPECIAL,SPECIAL AUTOMOTIVE SERVICE INC,N,,,,,,,,,,,,,,,,,,,,,,0,,,,,,,,,,7,1,0,0,0,1,0,0,0,,,,,,,,
17052540,1,1,N,Y,43,2HGES16535H571771,2005,21,44,256,104,N,75208,,,5,1,12,,,,N,AUS-TEX AUTO ENTERPRISES LLC,AUS-TEX AUTO ENTERPRISES LLC,N,,,,,,,,,,,,,,,,,,,,,,0,,,,,,,,,,11,1,0,0,0,0,0,0,0,,,,,,,,
17052541,1,1,N,N,43,2GTEK69U211306891,2001,9,39,2340,30,N,78660,1,1,4,1,1,,,,Y,DENVERS TOWING,DENVERS TOWING,N,,,,,,,,,,,,,,,,,,,,,,0,,,,,,,,,,1,1,0,0,0,1,0,0,0,,,,,,,,
17052541,2,1,N,N,43,1FUPCSEB5YDF85847,2000,10,208,763,0,N,75181,2,,3,0,10,,,,,,,N,,,,,,,,,,,,,,,,,,,,,,0,,,,,,,,,,1,1,0,0,0,1,0,0,0,,,,,,,,
17052542,1,1,N,Y,43,1HGCG16511A009062,2001,8,44,236,104,N,,1,2,2,5,12,10,3,3,N,ARMADA TOWING,ARMADA TOWING,N,,,,,,,,,,,,,,,,,,,,,,0,,,,,,,,,,7,1,0,0,0,0,1,0,0,,,,,,,,
17052542,2,1,N,N,43,JNKCV51E94M112976,2004,2,47,764,104,N,78759,1,2,15,4,9,,,,N,ARMADA TOWING,ARMADA TOWING,N,,,,,,,,,,,,,,,,,,,,,,0,,,,,,,,,,5,1,0,0,1,0,0,1,0,,,,,,,,
17052543,1,1,N,Y,43,JN8AZ08T16W430381,2006,11,71,777,104,N,78752,1,2,3,6,11,,,,Y,ARMADA TOWING,ARMADA TOWING,N,,,,,,,,,,,,,,,,,,,,,,0,,,,,,,,,,11,1,0,0,0,0,0,0,0,,,,,,,,
17052543,2,1,N,Y,43,2GCEC19X131310721,2003,18,107,658,30,N,78745,2,,3,5,11,,,,Y,ARMADA TOWING,ARMADA TOWING,N,,,,,,,,,,,,,,,,,,,,,,0,,,,,,,,,,11,1,0,0,0,0,0,0,0,,,,,,,,
17052544,1,1,N,N,43,JF2GPAPC0F8311407,2015,21,85,2555,69,N,78723,1,2,16,1,3,,,,N,DRIVEN AWAY,BY DRIVER,N,,,,,,,,,,,,,,,,,,,,,,37,,,,,,,,,,1,1,0,0,0,1,0,0,0,,,,,,,,
17052544,2,3,,,,,,,,,,,,,,,,,,,,,,,,,,,,,,,,,,,,,,,,,,,,,0,,,,,,,,,,9,1,0,1,0,0,0,1,0,,,,,,,,
17052545,1,1,N,N,43,WBSKG9C51BE369304,2011,3,14,2178,100,N,78735,1,1,12,1,3,,,,,,,N,,,,,,,,,,,,,,,,,,,,,,0,,,,,,,,,,4,1,0,0,0,1,0,0,0,,,,,,,,
17052545,2,3,,,,,,,,,,,,,,,,,,,,,,,,,,,,,,,,,,,,,,,,,,,,,69,,,,,,,,,,9,1,0,1,0,0,0,1,0,,,,,,,,
17052571,1,1,N,N,43,3FA6P0HDXHR257651,2017,2,37,1097,104,N,78660,1,2,16,2,3,,,,N,,,N,,,,,,,,,,,,,,,,,,,,,,16,,,,,,,,,,4,1,0,0,1,2,0,1,0,,,,,,,,
17052571,2,1,N,N,43,1NXBU4EE5AZ306030,2010,2,91,173,104,N,78746,1,2,2,2,12,,,,N,EZ AUTO AND TOWING SERVICE,1830 OAK HILL,N,,,,,,,,,,,,,,,,,,,,,,0,,,,,,,,,,2,1,0,0,0,2,0,0,0,,,,,,,,
17052576,1,1,N,N,43,1N4AL21E67N436064,2007,11,71,500,104,N,78717,1,1,1,4,12,,,,N,AUS-TEX AUTO ENTERPRISES LLC,AUS-TEX AUTO ENTERPRISES LLC,N,,,,,,,,,,,,,,,,,,,,,,74,,,,,,,,,,5,1,1,0,0,0,0,1,0,,,,,,,,
17052576,2,1,N,N,43,3KPC24A37KE051920,2019,21,45,557,104,N,78628,1,1,,,,,,,N,AVILES & GABES WRECKER SERVICE INC.,AVILES & GABES WRECKER SERVICE INC.,N,,,,,,,,,,,,,,,,,,,,,,0,,,,,,,,,,5,1,1,0,0,0,0,1,0,,,,,,,,
17052578,1,1,N,N,43,1GCEC19X35Z212252,2005,21,107,658,30,N,78753,1,2,1,2,12,,,,N,,,N,,,,,,,,,,,,,,,,,,,,,,0,,,,,,,,,,3,1,0,0,0,1,0,0,0,,,,,,,,
17052578,2,1,N,N,111,2C4RDGBG4KR133690,2019,17,109,1115,103,N,78681,4,,10,3,3,,,,N,,,N,,,,,,,,,,,,,,,,,,,,,,0,,,,,,,,,,5,1,0,0,0,1,0,0,0,,,,,,,,
17052580,1,1,N,N,43,1HGCM55476A174551,2006,8,44,107,104,N,78747,1,1,3,2,11,,,,N,SPECIAL AUTOMOTIVE SERVICE INC,SPECIAL AUTOMOTIVE SERVICE INC,N,,,,,,,,,,,,,,,,,,,,,,20,,,,,,,,,,11,1,0,0,0,1,0,0,0,,,,,,,,
17052580,2,1,N,N,43,1FTEW1C50KKC39184,2019,11,37,2324,106,N,74134,1,1,4,3,1,10,2,3,N,ROCHAS TOWING SERVICE,ROCHAS TOWING SERVICE,N,,,,,,,,,,,,,,,,,,,,,,0,,,,,,,,,,11,1,0,1,0,0,0,1,0,,,,,,,,
17052581,1,1,N,N,43,JHLRD2846XC025141,1999,10,44,605,69,N,78641,1,2,2,3,12,,,,N,,,N,,,,,,,,,,,,,,,,,,,,,,44,,,,,,,,,,5,1,0,0,0,3,0,0,0,,,,,,,,
17052581,2,1,N,N,43,5J6RM3H38FL012734,2015,98,44,605,69,N,78641,1,2,6,2,6,2,2,12,N,,,N,,,,,,,,,,,,,,,,,,,,,,0,,,,,,,,,,5,1,0,0,0,1,0,0,0,,,,,,,,
17052581,3,1,N,N,43,2HNYD2H46CH533135,2012,2,1,705,69,N,78660,1,2,6,2,6,,,,N,,,N,,,,,,,,,,,,,,,,,,,,,,0,,,,,,,,,,5,2,0,0,0,1,0,0,0,,,,,,,,
17052582,1,1,N,N,43,JS1VP52A522106417,2002,3,88,626,71,N,78613,2,,2,1,12,,,,N,,,N,,,,,,,,,,,,,,,,,,,,,,,,,74,,,,,,,8,1,1,0,0,0,0,1,0,,,,,,,,
17052583,1,1,N,N,43,2GCEK19R7T1165396,1996,10,107,60,30,Y,78613,1,1,14,5,5,,,,N,A & A WRECKER SOUTH,A & A WRECKER SOUTH,N,,,,,,,,,,,,,,,,,,,,,,33,,,,,,,,,,5,1,0,0,0,1,0,0,0,,,,,,,,
17052583,2,1,N,N,43,15GGD221X11071568,2001,,40,3031,47,N,78702,4,,4,5,1,,,,N,,,N,,,,,,,,,,,,,,,,,,,,,,0,,,,,,,,,,1,1,0,1,1,2,0,2,0,,,,,,,,
17052584,1,1,N,N,43,3FADP4BJ2HM171664,2017,17,37,229,104,N,78747,2,,10,7,5,2,7,12,N,SOUTHSIDE WRECKER INC,8200 S. CONGRESS AVE,N,,,,,,,,,,,,,,,,,,,,,,16,,,,,,,,,,5,1,0,0,1,0,0,1,0,,,,,,,,
17052584,2,1,N,N,43,1FTRW07642KB59112,2002,2,37,101,30,N,78745,1,1,2,7,12,,,,N,EZ AUTO AND TOWING SERVICE,EZ AUTO AND TOWING SERVICE,N,,,,,,,,,,,,,,,,,,,,,,0,,,,,,,,,,3,1,0,0,0,1,0,0,0,,,,,,,,
17052585,1,1,N,N,43,5J6RM3H9XGL024485,2016,2,44,605,104,N,78704,1,2,2,4,12,,,,N,AVILES & GABES WRECKER SERVICE INC.,2311 W HOWARD LANE,N,,,,,,,,,,,,,,,,,,,,,,44,,,,,,,,,,5,2,0,0,0,3,0,0,0,,,,,,,,
17052585,2,1,N,N,43,2T3RWRFV8KW004244,2019,3,91,581,104,N,78746,1,2,6,3,6,2,3,6,N,A-TEX TOWING,5526 1/2 W HWY 290,N,,,,,,,,,,,,,,,,,,,,,,44,,,,,,,,,,5,2,0,0,0,1,0,0,0,,,,,,,,
17052585,3,1,N,N,43,2T1BU4EE3AC319845,2010,9,91,173,104,N,78731,1,2,6,3,6,2,3,12,N,ARMADA TOWING,9706 MIDDLE FISKVILLE RD,N,,,,,,,,,,,,,,,,,,,,,,44,,,,,,,,,,5,1,0,0,0,2,0,0,0,,,,,,,,
17052585,4,1,N,N,43,1D7RB1CT7BS599344,2011,10,109,2275,30,N,78404,1,2,6,1,6,,,,N,A & A WRECKER NORTH,2963 MANOR RD,N,,,,,,,,,,,,,,,,,,,,,,0,,,,,,,,,,5,1,0,0,1,0,0,1,0,,,,,,,,
17052586,1,1,N,Y,43,2FAFP74W1XX237983,1999,21,37,995,104,N,78741,2,,3,5,12,,,,Y,ROCHAS TOWING SERVICE,ROCHAS TOWING SERVICE,N,,,,,,,,,,,,,,,,,,,,,,22,,,,,,,,,,6,1,0,1,0,0,0,1,0,,,,,,,,
17052587,1,1,N,N,43,1HGCT2B86EA003278,2014,21,44,236,100,N,78739,1,2,11,3,3,,,,Y,A-TEX TOWING,A-TEX TOWING,N,,,,,,,,,,,,,,,,,,,,,,29,,,,,,,,,,5,1,0,1,0,1,0,1,0,,,,,,,,
17052587,2,1,N,N,43,5XYKT3A6XFG658111,2015,8,55,767,69,N,78745,1,2,2,3,12,,,,Y,HARPERS TOWING SERVICE INC,HARPERS TOWING SERVICE INC,N,,,,,,,,,,,,,,,,,,,,,,0,,,,,,,,,,7,1,1,0,0,0,0,1,0,,,,,,,,
17052588,1,1,N,N,43,ZAPM459L7E5902153,2014,8,95,1555,71,N,78701,1,2,2,1,12,,,,N,DRIVEN FROM SCENE,DRIVEN FROM SCENE,N,,,,,,,,,,,,,,,,,,,,,,0,,,,,,,,,,5,1,0,0,0,1,0,0,0,,,,,,,,
17052588,2,1,N,N,43,5J6RM3H51DL020088,2013,21,44,605,104,N,78701,1,2,8,2,5,,,,,DRIVEN FROM SCENE,DRIVEN FROM SCENE,N,,,,,,,,,,,,,,,,,,,,,,0,,,,,,,,,,5,1,0,0,0,1,0,0,0,,,,,,,,
17052589,1,1,N,N,43,5Y2SL62874Z437002,2004,3,118,778,104,N,78660,1,2,2,3,12,,,,Y,EZ AUTO AND TOWING SERVICE,EZ AUTO AND TOWING SERVICE,N,,,,,,,,,,,,,,,,,,,,,,37,,,,,,,,,,3,1,0,0,1,1,0,1,0,,,,,,,,
17052589,2,1,N,N,43,3FA6P0H74DR370077,2012,21,37,1097,104,N,78617,1,2,2,3,12,,,,Y,EZ AUTO AND TOWING SERVICE,EZ AUTO AND TOWING SERVICE,N,,,,,,,,,,,,,,,,,,,,,,0,,,,,,,,,,7,1,0,0,0,2,0,0,0,,,,,,,,
17052590,1,1,N,N,43,JTHBA30G655110368,2005,9,58,1051,30,N,95014,1,1,4,6,2,,,,N,EZ AUTO AND TOWING SERVICE,EZ AUTO AND TOWING SERVICE,N,,,,,,,,,,,,,,,,,,,,,,15,,,,,,,,,,5,1,0,0,0,1,0,0,0,,,,,,,,
17052590,2,1,N,N,43,1FTFW1ET8BFC64634,2011,3,37,2324,30,N,78726,1,1,2,4,12,,,,N,EZ AUTO AND TOWING SERVICE,EZ AUTO AND TOWING SERVICE,N,,,,,,,,,,,,,,,,,,,,,,0,,,,,,,,,,1,1,0,0,0,2,0,0,0,,,,,,,,
17052591,1,1,N,N,43,JTDBT923171063477,2007,21,91,1477,104,N,78704,1,1,16,3,3,,,,N,ROCHAS TOWING SERVICE,ROCHAS TOWING SERVICE,N,,,,,,,,,,,,,,,,,,,,,,20,,,,,,,,,,1,1,0,1,0,0,0,1,0,,,,,,,,
17052591,2,1,N,N,43,1N4AL3AP3JC264988,2018,9,71,500,104,N,74134,1,7,2,3,12,,,,N,BULLET TOWING,BULLET TOWING,N,,,,,,,,,,,,,,,,,,,,,,20,,,,,,,,,,7,1,0,0,0,2,0,0,0,,,,,,,,
17052592,1,1,N,N,43,1HGCR2F51EA002537,2014,3,44,236,104,N,78752,2,,16,3,3,,,,N,NA,NA,N,,,,,,,,,,,,,,,,,,,,,,20,35,,,,,,,,,3,1,0,0,1,1,0,1,0,,,,,,,,
17052592,2,1,N,N,43,JTEZU14R350057497,2005,10,91,395,69,N,78721,1,2,2,1,12,,,,N,NA,NA,N,,,,,,,,,,,,,,,,,,,,,,0,,,,,,,,,,1,1,0,0,1,1,0,1,0,,,,,,,,
17052593,1,1,N,N,1,1N4AA5AP7EC905809,2014,17,71,297,104,N,36081,2,,12,2,3,,,,Y,ROCHAS TOWING SERVICE,ROACHAS TOWING,N,,,,,,,,,,,,,,,,,,,,,,0,,,,,,,,,,7,1,0,0,0,1,0,0,0,,,,,,,,
17052594,1,1,N,N,43,WDBUF56X67B027525,2007,11,65,118,104,N,78653,2,,2,6,12,,,,Y,AUS-TEX AUTO ENTERPRISES LLC,AUS-TEX AUTO ENTERPRISES LLC,N,,,,,,,,,,,,,,,,,,,,,,74,,,,,,,,,,3,1,0,1,0,0,0,1,0,,,,,,,,
17052594,2,1,N,N,43,WBAPH7G54BNM57334,2011,2,14,21,104,N,78758,1,2,3,5,12,,,,N,PRONTO WRECKER SERVICE NORTH,PRONTO WRECKER SERVICE NORTH,N,,,,,,,,,,,,,,,,,,,,,,0,,,,,,,,,,7,1,0,1,0,0,0,1,0,,,,,,,,
17052595,1,1,N,N,43,1GKFC03259J102257,2009,8,39,479,69,N,78752,2,,3,1,11,,,,N,,,N,,,,,,,,,,,,,,,,,,,,,,20,,,,,,,,,,3,1,0,0,0,1,0,0,0,,,,,,,,
17052595,2,1,N,N,43,2HKRL1865YH599800,2000,3,44,571,103,N,78653,1,1,8,2,8,,,,N,,,N,,,,,,,,,,,,,,,,,,,,,,0,,,,,,,,,,3,1,0,1,2,2,0,3,0,,,,,,,,
17052596,1,1,N,N,43,1HD1GZM13EC322353,2014,2,42,3094,71,N,78729,1,2,1,2,12,,,,Y,ROCHAS TOWING SERVICE,ROCHAS TOWING SERVICE,N,,,,,,,,,,,,,,,,,,,,,,16,67,,,,,,,,,7,1,0,0,1,0,0,1,0,,,,,,,,
17052596,2,1,N,N,43,3FA6P0RU1FR264631,2015,11,37,1097,104,N,78640,1,2,14,1,4,,,,N,,,N,,,,,,,,,,,,,,,,,,,,,,0,,,,,,,,,,1,1,0,0,0,2,2,0,0,,,,,,,,
17052597,1,1,N,N,43,KMHTC6AD2HU310658,2017,21,45,2381,100,N,78702,1,2,2,1,12,,,,N,NOT TOWED,NOT TOWED,N,,,,,,,,,,,,,,,,,,,,,,0,,,,,,,,,,2,1,0,0,0,1,0,0,0,,,,,,,,
17052597,2,4,,,,,,,,,,,,,,,,,,,,,,,,,,,,,,,,,,,,,,,,,,,,,59,,,,,,,,,,9,1,0,0,1,0,0,1,0,,,,,,,,
17052598,1,1,N,N,43,1FM5K8F81FGB12734,2015,21,37,554,104,N,78732,1,1,2,3,12,,,,Y,FINGER TOWING SERVICE,FINGER TOWING SERVICE,N,,,,,,,,,,,,,,,,,,,,,,37,,,,,,,,,,1,1,0,2,0,0,0,2,0,,,,,,,,
17052598,2,1,N,N,43,5TFFY5F11EX161276,2014,9,91,687,30,N,78732,1,1,2,3,12,,,,Y,620 LAKESIDE TOWING,620 LAKESIDE TOWING,N,,,,,,,,,,,,,,,,,,,,,,0,,,,,,,,,,5,1,0,1,0,0,0,1,0,,,,,,,,
17052598,3,6,,,,,,,,,,,78732,,,,,,,,,,,,,,,,,,,,,,,,,,,,,,,,,,0,,,,,,,,,,9,2,0,0,0,0,0,0,0,,,,,,,,
17052599,1,1,N,N,43,1HGCG32422A014894,2002,17,44,236,104,N,78724,2,,2,3,12,,,,N,,,N,,,,,,,,,,,,,,,,,,,,,,,,,20,,,,,,,5,1,0,0,0,2,0,0,0,,,,,,,,
17052599,2,1,N,N,43,19XFC2F54HE053044,2017,9,44,256,104,N,78741,1,2,13,6,8,15,4,8,Y,A-TEX TOWING,A-TEX TOWING,N,,,,,,,,,,,,,,,,,,,,,,0,,,,,,,,,,5,1,0,0,0,1,0,0,0,,,,,,,,
17052600,1,1,N,Y,43,1HGEM22002L028595,2002,17,44,256,104,N,78934,3,2,8,6,6,1,1,12,N,SOUTHSIDE WRECKER INC,8200 S. CONGRESS AVE,N,,,,,,,,,,,,,,,,,,,,,,23,,,22,,,,,,,5,1,0,0,0,0,1,0,0,,,,,,,,
17052601,1,1,N,N,43,3VWLX7AJ6BM351792,2011,16,96,316,104,N,78758,1,2,2,3,12,,,,Y,HARPERS TOWING SERVICE INC,HARPERS TOWING SERVICE INC,N,,,,,,,,,,,,,,,,,,,,,,20,60,74,,,,,,,,7,1,0,0,0,2,0,0,0,,,,,,,,
17052626,1,1,N,N,43,1G1PF5SCXC7357904,2012,3,107,2209,104,N,78723,1,2,13,3,8,,,,N,EZ AUTO AND TOWING SERVICE,EZ AUTO AND TOWING SERVICE,N,,,,,,,,,,,,,,,,,,,,,,,,,20,,,,,,,1,1,0,0,0,2,0,0,0,,,,,,,,
17052626,2,1,N,N,43,1FTFW1CT5DFB82558,2013,21,37,2324,106,N,78741,1,2,4,2,1,,,,N,,,N,,,,,,,,,,,,,,,,,,,,,,0,,,,,,,,,,3,1,0,0,0,4,0,0,0,,,,,,,,
17052627,1,1,N,N,43,1G6DF577590135765,2009,2,106,728,104,N,78752,1,1,2,1,1,,,,N,EZ AUTO AND TOWING SERVICE,EZ AUTO AND TOWING SERVICE,N,,,,,,,,,,,,,,,,,,,,,,20,,,,,,,,,,5,1,0,0,0,1,0,0,0,,,,,,,,
17052627,2,1,N,N,43,WBAET37404NJ83803,2004,16,14,523,104,N,78734,1,1,4,2,2,,,,N,969 TOWING,969 TOWNING,N,,,,,,,,,,,,,,,,,,,,,,0,,,,,,,,,,1,1,0,0,0,2,0,0,0,,,,,,,,
17052628,1,1,N,N,43,2C3CCAEG0JH137098,2018,9,21,65,104,N,78717,1,2,15,5,10,4,5,2,N,PRONTO WRECKER SERVICE NORTH,PRONTO WRECKER SERVICE NORTH,N,,,,,,,,,,,,,,,,,,,,,,22,,,,,,,,,,6,1,0,0,0,1,0,0,0,,,,,,,,
17052628,2,1,N,N,43,3N1CE2CP7FL423448,2015,3,71,3996,104,N,78660,1,2,13,6,7,,,,N,DENVERS TOWING,DENVERS TOWING,N,,,,,,,,,,,,,,,,,,,,,,0,,,,,,,,,,6,1,0,0,0,1,0,0,0,,,,,,,,
17052628,3,1,N,N,43,2HKRM4H71EH664306,2014,9,44,605,104,N,77070,1,2,10,4,3,,,,N,A & A WRECKER NORTH,A & A WRECKER NORTH,N,,,,,,,,,,,,,,,,,,,,,,0,,,,,,,,,,6,2,0,0,0,1,0,0,0,,,,,,,,
17052628,4,1,N,N,43,4T4BF1FK2GR553596,2016,21,91,380,104,N,78741,1,2,6,2,6,,,,N,,,N,,,,,,,,,,,,,,,,,,,,,,0,,,,,,,,,,6,2,0,0,0,1,0,0,0,,,,,,,,
17052629,1,1,N,N,37,JTEBU5JR2J5609954,2018,2,91,395,69,N,97405,1,2,1,3,12,3,2,12,Y,SOUTHSIDE WRECKER INC,8200 S. CONGRESS AVE,N,,,,,,,,,,,,,,,,,,,,,,45,20,,,,,,,,,1,1,0,1,0,0,0,1,0,,,,,,,,
17052630,1,1,N,N,43,2HKYF18745H507843,2005,9,107,1048,69,N,21122,1,2,9,4,9,11,3,9,N,STARS TOWING,STARS TOWING,N,,,,,,,,,,,,,,,,,,,,,,37,,,20,,,,,,,5,1,0,1,3,1,0,4,0,,,,,,,,
17052630,2,1,N,N,43,2HKYF18745H507843,2005,21,44,761,69,N,78735,1,2,4,5,12,2,3,12,N,ROCHAS TOWING SERVICE,ROCHAS TOWING SERVICE,N,,,,,,,,,,,,,,,,,,,,,,0,,,,,,,,,,5,1,0,0,6,1,0,6,0,,,,,,,,
17052631,1,1,N,Y,,,,,,,0,N,,2,,,,,,,,N,,,N,,,,,,,,,,,,,,,,,,,,,,0,,,,,,,,,,1,1,0,0,0,0,1,0,0,,,,,,,,
17052631,2,4,,,,,,,,,,,,,,,,,,,,,,,,,,,,,,,,,,,,,,,,,,,,,67,,,,,,,,,,9,1,0,1,0,0,0,1,0,,,,,,,,
17052632,1,1,N,N,43,WUAAUAFG5CN001612,2012,21,8,1290,100,N,78727,1,2,3,3,11,,,,N,DENVERS TOWING,DENVERS TOWING,N,,,,,,,,,,,,,,,,,,,,,,22,,,,,,,,,,3,1,0,0,0,2,0,0,0,,,,,,,,
17052632,2,1,Y,N,43,1G1FB1RS9K0106280,2019,,107,46,100,N,78744,1,2,6,3,6,,,,N,DENVERS TOWING,DENVERS TOWING,N,,,,,,,,,,,,,,,,,,,,,,0,,,,,,,,,,3,1,0,0,0,0,0,0,0,,,,,,,,
17052632,3,1,Y,N,43,3GTEC23J99G207430,2009,2,39,2356,106,N,78727,1,2,6,1,6,2,1,12,N,,,N,,,,,,,,,,,,,,,,,,,,,,0,,,,,,,,,,3,2,0,0,0,0,0,0,0,,,,,,,,
17052633,1,1,N,N,43,1C6RR6LT9HS662494,2017,9,710,4100,30,N,78628,1,2,4,7,12,1,5,12,N,EZ AUTO AND TOWING SERVICE,EZ AUTO AND TOWING SERVICE,N,,,,,,,,,,,,,,,,,,,,,,19,23,20,60,,,,,,,1,1,0,1,0,0,0,1,0,,,,,,,,
17052634,1,1,N,N,43,JTDKN3DU7A0151105,2010,21,91,702,104,N,78602,1,2,10,2,1,,,,N,DRIVEN AWAY,BY DRIVER,N,,,,,,,,,,,,,,,,,,,,,,17,,,,,,,,,,7,1,0,0,0,1,0,0,0,,,,,,,,
17052634,2,1,N,N,43,15GGD221011071949,2001,3,40,3031,47,N,78702,1,2,3,1,11,,,,N,DRIVEN AWAY,BY DRIVER,Y,N,N,Y,3,5,78702,4,17963,0,N,,,,,2,13,,,,,,,,,17,,,,,,,7,1,0,0,1,1,0,1,0,N,2,,,,,N,
17052635,1,1,N,N,43,JT8BF28G9W0140009,1998,21,58,1050,104,N,75154,1,1,2,2,12,,,,N,ROCHAS TOWING SERVICE,5700 BURLESON ROAD,N,,,,,,,,,,,,,,,,,,,,,,44,19,,,,,,,,,5,1,0,1,0,0,0,1,0,,,,,,,,
17052635,2,1,N,N,43,3N1CN7AP2GL808983,2016,21,71,1452,104,N,78704,1,1,6,2,6,,,,,DRIVEN BY OWNER,1414 S LAMAR BLVD,N,,,,,,,,,,,,,,,,,,,,,,0,,,,,,,,,,5,1,0,1,0,0,0,1,0,,,,,,,,
17052636,1,1,N,N,43,3FA6P0G7XHR122147,2017,2,37,1097,104,N,78747,1,1,2,3,,,,,,KNS,KNS,N,,,,,,,,,,,,,,,,,,,,,,44,,,,,,,,,,5,1,0,0,0,1,0,0,0,,,,,,,,
17052636,2,1,N,N,43,1C3EL46J45N598628,2005,17,21,593,104,N,78747,1,1,6,3,6,2,3,12,,EZ AUTO AND TOWING SERVICE,EZ AUTO AND TOWING SERVICE,N,,,,,,,,,,,,,,,,,,,,,,0,,,,,,,,,,5,1,0,1,0,0,0,1,0,,,,,,,,
17052636,3,1,N,N,43,1FMRU15W13LC44060,2003,10,37,601,69,N,,1,1,6,2,6,,,,,,,N,,,,,,,,,,,,,,,,,,,,,,0,,,,,,,,,,5,2,0,0,0,1,0,0,0,,,,,,,,
17052637,1,1,N,N,43,1FT7W2BT5HEC41292,2017,2,37,2325,30,N,78541,1,2,2,1,12,,,,N,,,N,,,,,,,,,,,,,,,,,,,,,,0,,,,,,,,,,4,1,0,0,0,2,0,0,0,,,,,,,,
17052637,2,1,N,N,43,3GTU2VE23BG393381,2011,21,39,3080,30,N,78754,1,2,6,1,6,,,,N,,,N,,,,,,,,,,,,,,,,,,,,,,0,,,,,,,,,,4,1,0,0,1,2,0,1,0,,,,,,,,