Crash_ID,Unit_Nbr,Unit_Desc_ID,Veh_Parked_Fl,Veh_HNR_Fl,Veh_Lic_State_ID,VIN,Veh_Mod_Year,Veh_Color_ID,Veh_Make_ID,Veh_Mod_ID,Veh_Body_Styl_ID,Emer_Respndr_Fl,Ownr_Zip,Fin_Resp_Proof_ID,Fin_Resp_Type_ID,Veh_Dmag_Area_1_ID,Veh_Dmag_Scl_1_ID,Force_Dir_1_ID,Veh_Dmag_Area_2_ID,Veh_Dmag_Scl_2_ID,Force_Dir_2_ID,Veh_Inventoried_Fl,Veh_Transp_Name,Veh_Transp_Dest,Veh_Cmv_Fl,Cmv_Fiveton_Fl,Cmv_Hazmat_Fl,Cmv_Nine_Plus_Pass_Fl,Cmv_Veh_Oper_ID,Cmv_Carrier_ID_Type_ID,Cmv_Carrier_Zip,Cmv_Veh_Type_ID,Cmv_GVWR,Cmv_RGVW,Cmv_Hazmat_Rel_Fl,Hazmat_Cls_1_ID,Hazmat_IDNbr_1_ID,Hazmat_Cls_2_ID,Hazmat_IDNbr_2_ID,Cmv_Cargo_Body_ID,Cmv_Evnt1_ID,Cmv_Evnt2_ID,Cmv_Evnt3_ID,Cmv_Evnt4_ID,Cmv_Tot_Axle,Cmv_Tot_Tire,Contrib_Factr_1_ID,Contrib_Factr_2_ID,Contrib_Factr_3_ID,Contrib_Factr_P1_ID,Contrib_Factr_P2_ID,Veh_Dfct_1_ID,Veh_Dfct_2_ID,Veh_Dfct_3_ID,Veh_Dfct_P1_ID,Veh_Dfct_P2_ID,Veh_Trvl_Dir_ID,First_Harm_Evt_Inv_ID,Sus_Serious_Injry_Cnt,Nonincap_Injry_Cnt,Poss_Injry_Cnt,Non_Injry_Cnt,Unkn_Injry_Cnt,Tot_Injry_Cnt,Death_Cnt,Cmv_Disabling_Damage_Fl,Cmv_Bus_Type_ID,Trlr_GVWR,Trlr_RGVW,Trlr_Type_ID,Trlr_Disabling_Dmag_ID,Cmv_Intermodal_Container_Permit_Fl,CMV_Actual_Gross_Weight
17052638,1,1,N,N,43,JM3KE4DY6G0862724,2016,16,63,2471,69,N,,1,1,2,5,12,,,,N,ARMADA TOWING,ARMADA TOWING,N,,,,,,,,,,,,,,,,,,,,,,0,,,,,,,,,,11,1,0,0,0,1,0,0,0,,,,,,,,
17052639,1,1,N,N,43,4T1BG22K6XU536335,1999,10,91,380,104,N,78723,1,2,2,4,12,,,,N,A-TEX TOWING,A-TEX TOWING,N,,,,,,,,,,,,,,,,,,,,,,,,,16,,,,,,,7,1,0,2,0,1,0,2,0,,,,,,,,
17052639,2,1,N,N,43,1GCGSCEN4J1158741,2018,9,107,979,30,N,78752,1,2,10,3,3,2,3,3,N,AVILES & GABES WRECKER SERVICE INC.,AVILES & GABES WRECKER SERVICE INC.,N,,,,,,,,,,,,,,,,,,,,,,0,,,,,,,,,,1,1,0,1,0,0,0,1,0,,,,,,,,
17052640,1,1,N,N,43,1J4GK58K54W209307,2004,17,429,1181,69,N,78752,1,1,4,5,1,,,,N,AUS-TEX AUTO ENTERPRISES LLC,6811 BLESSING AVE (OWNERS HOUSE),N,,,,,,,,,,,,,,,,,,,,,,19,20,,,,,,,,,11,1,0,0,0,1,0,0,0,,,,,,,,
17052640,2,1,Y,N,43,JN8AZ08W75W408443,2005,11,71,1310,69,N,78734,2,,11,3,7,,,,N,LEFT ON SCENE,LEFT ON SCENE,N,,,,,,,,,,,,,,,,,,,,,,0,,,,,,,,,,11,1,0,0,0,0,0,0,0,,,,,,,,
17052641,1,1,N,N,43,1GNFC13J97R186954,2007,9,107,547,69,N,78744,1,1,15,5,9,12,5,3,Y,A-TEX TOWING,5526 1/2 W HWY 290,N,,,,,,,,,,,,,,,,,,,,,,,,,67,,,,,,,8,1,0,2,0,0,0,2,0,,,,,,,,
17052642,1,1,N,N,43,JT2BF22K6W0085980,1998,9,91,380,104,N,77030,1,1,2,3,12,10,2,3,N,969 TOWNING,969 TOWNING,N,,,,,,,,,,,,,,,,,,,,,,74,,,,,,,,,,1,1,0,0,0,1,0,0,0,,,,,,,,
17052642,2,1,N,N,43,JTHBF5C23B5153879,2011,21,58,429,104,N,78732,1,1,11,1,11,,,,N,,,N,,,,,,,,,,,,,,,,,,,,,,0,,,,,,,,,,1,2,0,0,0,1,0,0,0,,,,,,,,
17052643,1,1,N,N,43,JTDBE32K630230009,2003,1,91,380,104,N,78227,1,1,12,2,3,14,1,3,N,NOT TOWED,NOT TOWED,N,,,,,,,,,,,,,,,,,,,,,,0,,,,,,,,,,3,1,0,0,0,4,0,0,0,,,,,,,,
17052643,2,4,,,,,,,,,,,,,,,,,,,,,,,,,,,,,,,,,,,,,,,,,,,,,0,,,,,,,,,,9,1,1,0,0,0,0,1,0,,,,,,,,
17052644,1,1,N,Y,43,1FTEW1C54KKD14761,2019,17,37,2324,0,N,,2,,,,,,,,,,,N,,,,,,,,,,,,,,,,,,,,,,0,,,,,,,,,,1,1,0,0,0,0,1,0,0,,,,,,,,
17052644,2,1,N,N,43,2D8GV58255H177392,2005,2,109,225,0,N,78759,1,1,6,1,6,,,,N,,,N,,,,,,,,,,,,,,,,,,,,,,0,,,,,,,,,,1,1,0,0,1,0,0,1,0,,,,,,,,
17052647,1,1,N,N,43,2T3WFREV8HW386868,2017,9,91,581,69,N,78728,1,2,11,1,9,,,,Y,620 LAKESIDE TOWING,620 LAKESIDE TOWING,N,,,,,,,,,,,,,,,,,,,,,,45,,,,,,,,,,8,1,0,0,0,1,0,0,0,,,,,,,,
17052647,2,4,,,,,,,,,,,,,,,,,,,,,,,,,,,,,,,,,,,,,,,,,,,,,0,,,,,,,,,,9,1,0,1,0,0,0,1,0,,,,,,,,
17052658,1,1,N,N,43,SMT600FSX3J177304,2003,17,735,4357,71,N,78744,1,2,15,1,12,,,,N,NOT TOWED,NOT TOWED,N,,,,,,,,,,,,,,,,,,,,,,0,,,,,,,,,,3,1,0,1,0,0,0,1,0,,,,,,,,
17052658,2,1,N,Y,,,,21,241,,104,N,,2,,,,,,,,N,,,N,,,,,,,,,,,,,,,,,,,,,,20,4,34,,,,,,,,1,1,0,0,0,0,1,0,0,,,,,,,,
17052659,1,1,N,N,43,1GNKRFKD0HJ118791,2017,9,107,1414,104,N,78741,1,1,2,4,11,,,,Y,ROCHAS TOWING SERVICE,ROCHAS TOWING SERVICE,N,,,,,,,,,,,,,,,,,,,,,,67,60,,,,,,,,,4,1,0,1,0,0,0,1,0,,,,,,,,
17052659,2,1,N,N,43,KMHDN46D25U190657,2005,2,45,377,104,N,78725,2,,,,,,,,Y,AVILES & GABES WRECKER SERVICE INC.,AVILES & GABES WRECKER SERVICE INC.,N,,,,,,,,,,,,,,,,,,,,,,0,,,,,,,,,,4,1,0,0,0,1,0,0,0,,,,,,,,
17052660,1,1,N,N,43,1FTZX1727XKC10853,1999,16,37,2323,106,N,78741,1,2,23,,,,,,N,,,N,,,,,,,,,,,,,,,,,,,,,,50,,,,,,,,,,7,2,0,0,0,2,0,0,0,,,,,,,,
17052660,2,6,,,,,,,,,,,,,,,,,,,,,,,,,,,,,,,,,,,,,,,,,,,,,0,,,,,,,,,,9,2,0,0,0,0,0,0,0,,,,,,,,
17052660,3,1,N,N,43,1ZVBP8CF3E5332539,2014,2,37,96,100,N,78613,1,2,11,1,10,,,,N,STARS TOWING,STARS TOWING,N,,,,,,,,,,,,,,,,,,,,,,0,,,,,,,,,,7,1,0,0,0,1,0,0,0,,,,,,,,
17052661,1,1,N,N,43,1FMHK7F81BGA87268,2011,2,37,554,104,N,78641,1,1,2,3,12,,,,Y,ROCHAS TOWING SERVICE,ROCHAS TOWING SERVICE,N,,,,,,,,,,,,,,,,,,,,,,0,,,,,,,,,,2,1,0,0,0,1,0,0,0,,,,,,,,
17052661,2,1,N,N,43,1GNSCJE04BR144400,2011,17,107,2202,69,N,78130,1,1,10,5,3,,,,Y,LAMONT & SONS,LAMONT & SONS,N,,,,,,,,,,,,,,,,,,,,,,0,,,,,,,,,,4,1,0,0,0,1,0,0,0,,,,,,,,
17052690,1,1,N,N,43,3GCPCSE08BG288763,2011,2,107,658,30,N,,1,1,2,3,12,,,,N,,,N,,,,,,,,,,,,,,,,,,,,,,,,,20,,,,,,,7,1,0,0,0,3,0,0,0,,,,,,,,
17052690,2,1,N,N,43,SALFS24N28H023291,2008,21,57,787,69,N,,1,1,6,2,6,,,,N,,,N,,,,,,,,,,,,,,,,,,,,,,0,,,,,,,,,,7,1,0,0,0,1,0,0,0,,,,,,,,
17052692,1,1,N,N,43,1G11H5SL7EF295452,2014,21,107,56,104,N,78744,1,2,4,2,12,,,,N,NA,NA,N,,,,,,,,,,,,,,,,,,,,,,,,,22,58,,,,,,1,1,0,0,1,0,0,1,0,,,,,,,,
17052692,2,1,N,N,43,1FMZU62K34ZA32211,2004,11,37,554,69,N,78640,1,2,6,1,6,,,,N,NA,NA,N,,,,,,,,,,,,,,,,,,,,,,0,,,,,,,,,,1,1,0,0,1,0,0,1,0,,,,,,,,
17052693,1,1,N,N,43,4T1BK36B25U056434,2005,21,91,563,104,N,78723,1,2,15,6,9,10,4,3,N,AUS-TEX AUTO ENTERPRISES LLC,AUS-TEX AUTO ENTERPRISES LLC,N,,,,,,,,,,,,,,,,,,,,,,15,,,,,,,,,,3,1,0,1,0,0,0,1,0,,,,,,,,
17052693,2,1,N,N,43,1FTNE14W37DB40865,2007,21,37,2992,103,N,78612,1,2,3,3,12,,,,N,NA,DRIVEN BY OWNER,N,,,,,,,,,,,,,,,,,,,,,,0,,,,,,,,,,1,1,0,0,0,1,1,0,0,,,,,,,,
17052693,3,1,N,N,43,1HGCM56633A028885,2003,17,44,236,104,N,78753,1,2,2,4,12,,,,N,NA,DRIVEN BY OWNER,N,,,,,,,,,,,,,,,,,,,,,,0,,,,,,,,,,7,2,0,1,0,0,0,1,0,,,,,,,,
17052695,1,1,N,N,43,3GTU2VEC6EG376006,2014,9,39,2341,106,N,78748,1,1,4,2,1,,,,N,AUS-TEX AUTO ENTERPRISES LLC,AUS-TEX AUTO ENTERPRISES LLC,N,,,,,,,,,,,,,,,,,,,,,,0,,,,,,,,7,,5,1,0,0,0,1,0,0,0,,,,,,,,
17052695,2,1,Y,N,43,TCL448S519834,1978,9,39,2340,106,N,78666,1,1,11,2,10,,,,N,,,N,,,,,,,,,,,,,,,,,,,,,,0,,,,,,,,,,1,1,0,0,0,0,0,0,0,,,,,,,,
17052695,3,1,Y,N,43,1ZWFT61L325617890,2002,1,114,120,100,N,78577,2,,6,2,6,,,,N,,,N,,,,,,,,,,,,,,,,,,,,,,0,,,,,,,,,,1,2,0,0,0,0,0,0,0,,,,,,,,
17052696,1,1,N,N,43,2G1WT58N079306753,2007,8,107,53,104,N,78681,1,2,2,3,12,,,,N,,,N,,,,,,,,,,,,,,,,,,,,,,44,,,,,,,,,,1,1,0,0,0,1,0,0,0,,,,,,,,
17052696,2,1,N,N,43,1N4AZ0CP2FC307363,2015,16,71,2506,100,N,78723,1,2,6,4,6,,,,Y,EZ AUTO AND TOWING SERVICE,EZ AUTO AND TOWING SERVICE,N,,,,,,,,,,,,,,,,,,,,,,0,,,,,,,,,,1,1,0,1,0,0,0,1,0,,,,,,,,
17052697,1,1,N,N,43,1GKS1CE02BR329883,2011,5,39,479,69,N,78735,1,2,4,3,1,,,,N,EZ AUTO AND TOWING SERVICE,EZ AUTO AND TOWING SERVICE,N,,,,,,,,,,,,,,,,,,,,,,,,,47,,,,,,,3,1,0,0,1,0,0,1,0,,,,,,,,
17052698,1,1,N,N,43,JHMCP26418C029935,2008,9,44,236,104,N,78741,1,1,16,3,3,,,,N,OWNER,OWNER,N,,,,,,,,,,,,,,,,,,,,,,37,,,,,,,,,,7,1,0,0,0,1,0,0,0,,,,,,,,
17052698,2,1,N,N,43,WMWMS3C58ATZ85052,2010,9,115,742,100,N,78746,1,1,2,4,12,,,,Y,HARPERS TOWING SERVICE INC,HARPERS TOWING SERVICE INC,N,,,,,,,,,,,,,,,,,,,,,,58,,,,,,,,,,3,1,0,0,1,0,0,1,0,,,,,,,,
17052699,1,1,N,N,43,1FTCR10A7VTA80372,1997,21,37,357,106,N,78757,1,1,2,4,12,6,2,6,Y,ROCHAS TOWING SERVICE,ROCHAS TOWING SERVICE,N,,,,,,,,,,,,,,,,,,,,,,20,,,,,,,,,,5,1,0,0,2,0,0,2,0,,,,,,,,
17052699,2,1,N,N,43,SALWG2WF4EA502226,2014,2,57,613,69,N,78640,1,1,6,3,6,,,,N,DRIVABLE,DRIVABLE,N,,,,,,,,,,,,,,,,,,,,,,0,,,,,,,,,,1,2,0,0,0,1,0,0,0,,,,,,,,
17052700,1,1,N,N,43,5FNRL38287B096042,2007,9,44,107,104,N,78724,1,2,4,3,1,,,,N,,,N,,,,,,,,,,,,,,,,,,,,,,23,,,,,,,,,,5,1,0,0,1,0,0,1,0,,,,,,,,
17052700,2,1,N,Y,,,,,37,,104,N,,,,,,,,,,,,,N,,,,,,,,,,,,,,,,,,,,,,0,,,,,,,,,,5,1,0,0,0,0,0,0,0,,,,,,,,
17052701,1,1,N,N,43,3GCUKPEC5FG384935,2015,9,107,658,30,N,78748,4,,13,1,9,,,,N,,,N,,,,,,,,,,,,,,,,,,,,,,15,,,20,,,,,,,5,1,0,0,0,1,0,0,0,,,,,,,,
17052701,2,1,N,N,43,1FUYDSYB2TH786276,1996,9,38,3001,87,N,,1,1,3,1,12,,,,N,,,Y,Y,N,N,2,3,78747,9,16700,0,N,,,,,6,13,,,,,,0,,,,,,,,,,7,1,0,0,0,1,0,0,0,N,0,,,,,N,
17052701,3,6,,,,,,,,,,,78747,,,,,,,,,,,,,,,,,,,,,,,,,,,,,,,,,,0,,,,,,,,,,9,2,0,0,0,0,0,0,0,,,14000,0,1,N,,
17052702,1,1,N,N,43,KMHDU46D39U711183,2009,9,45,480,104,N,78750,1,2,2,3,12,,,,Y,EZ AUTO AND TOWING SERVICE,EZ AUTO AND TOWING SERVICE,N,,,,,,,,,,,,,,,,,,,,,,15,,,22,,,,,,,4,1,0,0,1,0,0,1,0,,,,,,,,
17052702,2,1,N,N,43,5UXWZ7C56G0R32051,2016,3,14,1466,69,N,78613,1,2,4,2,1,,,,Y,620 LAKESIDE TOWING,620 LAKESIDE TOWING,N,,,,,,,,,,,,,,,,,,,,,,0,,,,,,,,,,6,1,0,0,0,1,0,0,0,,,,,,,,
17053420,1,1,N,N,43,1HGCS2B84AA005804,2010,21,44,236,104,N,78613,1,2,2,3,12,,,,N,BABYLON TOWING (512-999-2253),"6303 WILCAB ROAD, AUSTIN, TX 78721",N,,,,,,,,,,,,,,,,,,,,,,40,,,,,,,,,,1,1,0,0,0,1,0,0,0,,,,,,,,
17053420,2,1,N,N,43,JM3ER2B50B0374778,2011,11,63,1008,69,N,78681,1,2,6,3,6,,,,N,DRIVEN FROM SCENE,"16815 TOMCAT DRIVE, ROUND ROCK, TX 78681",N,,,,,,,,,,,,,,,,,,,,,,0,,,,,,,,,,1,1,0,0,1,0,0,1,0,,,,,,,,
17053790,1,1,N,N,43,WDC0G4JB3GF064277,2016,2,65,4887,69,N,78733,1,2,12,2,5,,,,N,,,N,,,,,,,,,,,,,,,,,,,,,,37,20,,,,,,,,,1,1,0,0,0,1,0,0,0,,,,,,,,
17053790,2,1,N,N,43,JA32U2FU0GU012976,2016,2,68,775,104,N,78704,1,2,11,2,8,,,,,,,N,,,,,,,,,,,,,,,,,,,,,,0,,,,,,,,,,7,1,0,0,0,1,0,0,0,,,,,,,,
17054344,1,1,N,N,43,WDBSK71F88F140383,2008,17,65,677,100,N,78750,1,2,2,3,1,,,,N,ARMADA TOWING,ARMADA TOWING,N,,,,,,,,,,,,,,,,,,,,,,37,20,,,,,,,,,1,1,0,0,1,1,0,1,0,,,,,,,,
17054344,2,1,N,N,43,5XXGN4A71DG093506,2013,21,55,715,104,N,77423,1,2,2,3,11,,,,N,620 LAKESIDE TOWING,620 LAKESIDE TOWING,N,,,,,,,,,,,,,,,,,,,,,,0,,,,,,,,,,5,1,0,0,0,1,0,0,0,,,,,,,,
17054347,1,1,N,N,43,NM0LS6BNXDT151187,2013,3,37,101,103,N,,1,1,11,5,,,,,N,AVILES & GABES WRECKER SERVICE INC.,AVILES & GABES WRECKER SERVICE INC.,N,,,,,,,,,,,,,,,,,,,,,,,,,47,,,,,,,2,1,0,0,0,1,0,0,0,,,,,,,,
17054347,2,1,N,N,43,1FMCU02Z08KB66639,2008,16,37,711,69,N,78750,1,1,2,6,12,,,,N,AVILES & GABES WRECKER SERVICE INC.,AVILES & GABES WRECKER SERVICE INC.,N,,,,,,,,,,,,,,,,,,,,,,,,,47,,,,,,,4,1,0,0,0,1,0,0,0,,,,,,,,
17054349,1,1,N,Y,43,1HGEM21902L048586,2002,2,44,256,104,N,78729,2,1,2,3,1,,,,N,HARPERS TOWING SERVICE INC,HARPERS TOWING SERVICE INC,N,,,,,,,,,,,,,,,,,,,,,,35,,,,,,,,,,7,1,0,0,0,1,0,0,0,,,,,,,,
17054349,2,1,N,N,43,KNADM4A33G6540744,2016,2,55,716,104,N,78745,1,1,2,1,1,,,,Y,SPECIAL AUTOMOTIVE SERVICE INC,SPECIAL AUTOMOTIVE SERVICE INC,N,,,,,,,,,,,,,,,,,,,,,,0,,,,,,,,,,1,1,0,0,0,1,0,0,0,,,,,,,,
17054356,1,1,N,N,43,2GTEC13C871635555,2007,9,39,2340,30,N,78732,1,2,1,1,12,,,,N,N/A,N/A,N,,,,,,,,,,,,,,,,,,,,,,0,,,,,,,,,,7,1,0,0,0,1,0,0,0,,,,,,,,
17054356,2,3,,,,,,,,,,,,,,,,,,,,,,,,,,,,,,,,,,,,,,,,,,,,,0,,,,,,,,,,9,1,0,1,0,0,0,1,0,,,,,,,,
17054357,1,1,N,N,59,1FUJGLD51GLHM1589,2016,3,38,1524,106,N,,1,2,4,1,1,,,,N,SOUTHSIDE WRECKER INC,8200 S. CONGRESS AVE,Y,Y,N,N,1,2,,7,43000,0,N,,,,,3,13,,,,,,0,,,,,,,,,,1,1,0,0,0,2,0,0,0,Y,0,,,,,N,
17054357,2,1,N,N,43,2G11Z5SL2F9225638,2015,2,107,53,104,N,78748,1,2,2,7,12,6,7,6,N,SOUTHSIDE WRECKER INC,8200 S. CONGRESS AVE,N,,,,,,,,,,,,,,,,,,,,,,0,,,,,,,,,,1,1,0,0,1,0,0,1,0,,,,,,,,
17054357,3,1,N,N,43,1GNDX03E0YD181598,2000,21,107,60,106,N,78211,1,2,5,1,6,,,,N,,,N,,,,,,,,,,,,,,,,,,,,,,0,,,,,,,,,,1,2,0,0,0,1,0,0,0,,,,,,,,
17054358,1,1,N,N,43,SALME15446A215087,2006,9,57,1298,69,N,78703,1,2,,,,,,,N,DRIVEN FROM SCENE,DRIVEN FROM SCENE,N,,,,,,,,,,,,,,,,,,,,,,4,,,,,,,,,,6,1,0,0,0,1,0,0,0,,,,,,,,
17054358,2,1,N,N,43,1GB0CVCG1EF158885,2014,21,107,2237,30,N,76574,1,2,,,,,,,N,DRIVEN AWAY,DRIVEN AWAY,N,,,,,,,,,,,,,,,,,,,,,,0,,,,,,,,,,6,1,0,0,0,1,0,0,0,,,,,,,,
17054359,1,1,N,Y,43,1GNEC13ZX2R187699,2002,18,107,547,69,N,78748,2,,4,5,1,,,,Y,SOUTHSIDE WRECKER INC,8200 S. CONGRESS AVE,N,,,,,,,,,,,,,,,,,,,,,,20,4,,19,45,,,,,,6,1,0,1,0,0,1,1,0,,,,,,,,
17054359,2,1,N,N,43,KNDPM3ACXH7143215,2017,17,55,715,69,N,78748,1,1,3,2,11,,,,N,,,N,,,,,,,,,,,,,,,,,,,,,,0,,,,,,,,,,6,1,0,0,0,1,0,0,0,,,,,,,,
17054359,3,1,N,N,43,1N4AL3AP8HN316422,2017,17,71,500,104,N,78741,1,1,15,2,11,,,,N,,,N,,,,,,,,,,,,,,,,,,,,,,0,,,,,,,,,,6,2,0,0,0,1,0,0,0,,,,,,,,
17054360,1,1,N,N,43,2FTRX17W23CA95970,2003,21,37,2324,30,N,78701,1,1,2,3,12,,,,N,,,N,,,,,,,,,,,,,,,,,,,,,,15,,,,,,,,,,6,1,0,0,0,1,0,0,0,,,,,,,,
17054360,2,1,N,N,43,2G1WB5EK9A1213314,2010,17,107,53,104,N,77578,1,1,11,3,9,,,,Y,STARS TOWING,STARS TOWING,N,,,,,,,,,,,,,,,,,,,,,,0,,,,,,,,,,4,1,0,0,0,3,0,0,0,,,,,,,,
17054361,1,1,N,N,43,JF1ZNAA1XD1710616,2013,13,91,2570,100,Y,78752,1,1,1,3,12,11,3,10,N,,,N,,,,,,,,,,,,,,,,,,,,,,74,,,,,,,,,,5,1,0,0,1,0,0,1,0,,,,,,,,
17054362,1,1,N,N,43,2C4RC1BG6FR696411,2015,9,21,64,103,N,78653,1,2,16,2,3,,,,N,OWNER,DRIVEN AWAY,N,,,,,,,,,,,,,,,,,,,,,,0,,,,,,,,,,7,1,0,0,0,2,0,0,0,,,,,,,,
17054362,2,4,,,,,,,,,,,,,,,,,,,,,,,,,,,,,,,,,,,,,,,,,,,,,74,,,,,,,,,,9,1,0,1,0,0,0,1,0,,,,,,,,
17054363,1,1,N,N,43,3N1CN7AP0EL859086,2014,2,71,1452,104,N,78737,1,2,2,5,12,,,,Y,620 LAKESIDE TOWING,620 LAKESIDE TOWING,N,,,,,,,,,,,,,,,,,,,,,,44,,,,,,,,,,1,1,0,0,0,1,0,0,0,,,,,,,,
17054363,2,1,N,N,43,5J6RW1H95JL014551,2018,21,44,107,69,N,78727,1,2,6,2,6,,,,N,,,N,,,,,,,,,,,,,,,,,,,,,,0,,,,,,,,,,1,1,0,0,0,1,0,0,0,,,,,,,,
17054364,1,1,N,N,43,4RKYL82J4H9775772,2017,16,502,941,47,Y,78702,1,2,7,1,7,,,,N,,,N,,,,,,,,,,,,,,,,,,,,,,0,,,,,,,,,,1,1,0,0,0,1,0,0,0,,,,,,,,
17054364,2,1,N,N,43,WDDGF4HB5EG216232,2014,17,65,118,104,N,78744,1,1,,,,,,,Y,EZ AUTO AND TOWING SERVICE,EZ AUTO AND TOWING SERVICE,N,,,,,,,,,,,,,,,,,,,,,,44,26,,,,,,,,,1,1,0,0,1,0,0,1,0,,,,,,,,
17054366,1,1,N,Y,43,2G1WH52K139376899,2003,17,107,53,104,N,,2,,4,4,12,,,,,AVILES & GABES WRECKER SERVICE INC.,AVILES & GABES WRECKER SERVICE INC.,N,,,,,,,,,,,,,,,,,,,,,,0,,,,,,,,,,11,1,0,0,1,0,0,1,0,,,,,,,,
17054366,2,1,Y,N,43,1GNKRGKD3FJ242590,2015,2,107,1414,69,N,,1,1,7,6,6,,,,,,,N,,,,,,,,,,,,,,,,,,,,,,0,,,,,,,,,,11,1,0,0,0,0,0,0,0,,,,,,,,
17054366,3,1,Y,N,43,5LMFU27576LJ28862,2006,2,113,638,69,N,,1,1,,,,,,,,,,N,,,,,,,,,,,,,,,,,,,,,,0,,,,,,,,,,11,2,0,0,0,0,0,0,0,,,,,,,,
17054367,1,1,N,N,43,1ZVBP8AM6B5101227,2011,2,37,96,100,N,78702,1,1,3,6,,,,,N,AUS-TEX AUTO ENTERPRISES LLC,AUS-TEX AUTO ENTERPRISES LLC,N,,,,,,,,,,,,,,,,,,,,,,,,,74,,,,,,,8,1,0,0,0,1,0,0,0,,,,,,,,
17054367,2,1,Y,N,43,1HGCP26848A029963,2008,9,44,236,104,N,78702,1,1,3,6,10,,,,N,,,N,,,,,,,,,,,,,,,,,,,,,,0,,,,,,,,,,8,1,0,0,0,0,0,0,0,,,,,,,,
17054369,1,1,N,Y,,,,,,,0,N,,,,,,,,,,,,,N,,,,,,,,,,,,,,,,,,,,,,0,,,,,,,,,,11,1,0,0,0,0,0,0,0,,,,,,,,
17054369,2,1,Y,N,43,2G1WB57K391147044,2009,21,107,53,104,N,78717,1,2,7,1,7,,,,N,,,N,,,,,,,,,,,,,,,,,,,,,,74,,,47,,,,,,,11,1,0,0,0,1,0,0,0,,,,,,,,
17054370,1,1,N,N,28,1C4NJCBB6ED588036,2014,9,429,983,69,N,78731,1,1,2,4,12,,,,,,,N,,,,,,,,,,,,,,,,,,,,,,0,,,,,,,,,,7,1,0,0,0,1,0,0,0,,,,,,,,
17054371,1,1,N,N,43,ML32F3FJ1HH004485,2017,17,68,389,104,N,78744,1,2,12,3,4,,,,N,ROCHAS TOWING SERVICE,ROCHAS TOWING SERVICE,N,,,,,,,,,,,,,,,,,,,,,,34,,,,,,,,,,3,1,0,0,0,2,0,0,0,,,,,,,,
17054371,2,1,N,N,43,,2006,16,109,2276,30,N,78617,1,2,,,,,,,,,,N,,,,,,,,,,,,,,,,,,,,,,0,,,,,,,,,,1,1,0,0,0,1,0,0,0,,,,,,,,
17054371,3,1,N,N,15,JYARJ06E56A031976,2006,2,101,1558,71,N,78744,2,,11,1,9,,,,N,,,N,,,,,,,,,,,,,,,,,,,,,,0,,,,,,,,,,7,2,0,0,0,1,0,0,0,,,,,,,,
17054372,1,1,N,N,43,2HGFG12887H505290,2007,,44,256,100,N,78753,1,1,2,4,12,,,,N,,,N,,,,,,,,,,,,,,,,,,,,,,,,,20,,,,,,,7,1,0,0,0,1,0,0,0,,,,,,,,
17054372,2,1,N,N,43,3N1CB51D44L872439,2004,8,71,341,104,N,78725,1,1,11,3,9,,,,Y,ARMADA TOWING,ARMADA TOWING,N,,,,,,,,,,,,,,,,,,,,,,0,,,,,,,,,,3,1,0,1,0,0,0,1,0,,,,,,,,
17054373,1,1,N,Y,,,,16,429,1464,0,N,,,,,,,,,,,,,N,,,,,,,,,,,,,,,,,,,,,,0,,,,,,,,,,1,1,0,0,0,1,0,0,0,,,,,,,,
17054373,2,1,N,N,43,1YVHP80C855M71129,2005,9,63,2475,104,N,78741,1,2,8,1,5,8,1,6,N,,,N,,,,,,,,,,,,,,,,,,,,,,0,,,,,,,,,,1,1,0,0,0,1,0,0,0,,,,,,,,
17054374,1,1,N,N,43,2C3CDYAG5DH737096,2013,17,109,73,100,N,78739,1,1,2,5,12,,,,N,SPECIAL AUTOMOTIVE SERVICE INC,SPECIAL AUTOMOTIVE SERVICE INC,N,,,,,,,,,,,,,,,,,,,,,,44,,,,,,,,,,3,1,0,0,1,0,0,1,0,,,,,,,,
17054374,2,1,N,N,43,1A8HX58P87F585567,2007,17,21,915,104,N,78748,1,1,,,,,,,N,,,N,,,,,,,,,,,,,,,,,,,,,,0,,,,,,,,,,3,1,0,0,0,3,0,0,0,,,,,,,,
17054375,1,1,N,N,43,JM3TB28A690166267,2009,9,63,1009,69,N,78759,1,2,3,2,12,,,,N,NOT TOWED,,N,,,,,,,,,,,,,,,,,,,,,,0,,,,,,,,,,5,1,0,0,0,3,0,0,0,,,,,,,,
17054375,2,1,N,N,43,3VV3B7AX1JM154969,2018,21,96,1396,69,N,78731,1,2,16,3,3,,,,N,SPECIAL AUTOMOTIVE SERVICE INC,SPECIAL AUTOMOTIVE SERVICE INC,N,,,,,,,,,,,,,,,,,,,,,,0,,,,,,,,,,7,1,0,0,0,2,0,0,0,,,,,,,,
17054376,1,1,N,N,43,JA3AJ26E07U014580,2007,17,68,744,104,N,,1,2,14,2,4,,,,N,A-TEX TOWING,A-TEX TOWING,N,,,,,,,,,,,,,,,,,,,,,,33,,,,,,,,,,5,1,0,0,0,1,0,0,0,,,,,,,,
17054376,2,1,N,N,43,1HGEJ7226VL033411,1997,2,44,256,100,N,78741,1,2,4,1,1,,,,N,ROCHAS TOWING SERVICE,ROCHAS TOWING SERVICE,N,,,,,,,,,,,,,,,,,,,,,,0,,,,,,,,,,1,1,0,0,0,1,0,0,0,,,,,,,,
17054409,1,1,N,N,43,2G1WB58K589235589,2008,,107,53,104,N,77502,2,,4,2,1,12,2,1,N,ROCHAS TOWING SERVICE,ROCHAS TOWING SERVICE,N,,,,,,,,,,,,,,,,,,,,,,20,45,77,,,,,,,,7,1,0,0,0,1,0,0,0,,,,,,,,