Crash_ID,Unit_Nbr,Unit_Desc_ID,Veh_Parked_Fl,Veh_HNR_Fl,Veh_Lic_State_ID,VIN,Veh_Mod_Year,Veh_Color_ID,Veh_Make_ID,Veh_Mod_ID,Veh_Body_Styl_ID,Emer_Respndr_Fl,Ownr_Zip,Fin_Resp_Proof_ID,Fin_Resp_Type_ID,Veh_Dmag_Area_1_ID,Veh_Dmag_Scl_1_ID,Force_Dir_1_ID,Veh_Dmag_Area_2_ID,Veh_Dmag_Scl_2_ID,Force_Dir_2_ID,Veh_Inventoried_Fl,Veh_Transp_Name,Veh_Transp_Dest,Veh_Cmv_Fl,Cmv_Fiveton_Fl,Cmv_Hazmat_Fl,Cmv_Nine_Plus_Pass_Fl,Cmv_Veh_Oper_ID,Cmv_Carrier_ID_Type_ID,Cmv_Carrier_Zip,Cmv_Veh_Type_ID,Cmv_GVWR,Cmv_RGVW,Cmv_Hazmat_Rel_Fl,Hazmat_Cls_1_ID,Hazmat_IDNbr_1_ID,Hazmat_Cls_2_ID,Hazmat_IDNbr_2_ID,Cmv_Cargo_Body_ID,Cmv_Evnt1_ID,Cmv_Evnt2_ID,Cmv_Evnt3_ID,Cmv_Evnt4_ID,Cmv_Tot_Axle,Cmv_Tot_Tire,Contrib_Factr_1_ID,Contrib_Factr_2_ID,Contrib_Factr_3_ID,Contrib_Factr_P1_ID,Contrib_Factr_P2_ID,Veh_Dfct_1_ID,Veh_Dfct_2_ID,Veh_Dfct_3_ID,Veh_Dfct_P1_ID,Veh_Dfct_P2_ID,Veh_Trvl_Dir_ID,First_Harm_Evt_Inv_ID,Sus_Serious_Injry_Cnt,Nonincap_Injry_Cnt,Poss_Injry_Cnt,Non_Injry_Cnt,Unkn_Injry_Cnt,Tot_Injry_Cnt,Death_Cnt,Cmv_Disabling_Damage_Fl,Cmv_Bus_Type_ID,Trlr_GVWR,Trlr_RGVW,Trlr_Type_ID,Trlr_Disabling_Dmag_ID,Cmv_Intermodal_Container_Permit_Fl,CMV_Actual_Gross_Weight
17056446,2,4,,,,,,,,,,,,,,,,,,,,,,,,,,,,,,,,,,,,,,,,,,,,,0,,,,,,,,,,9,1,0,0,0,0,0,0,1,,,,,,,,
17056447,1,1,N,Y,43,5YFBURHE4FP217261,2015,21,91,173,104,N,78753,2,,2,5,12,,,,Y,AUS-TEX AUTO ENTERPRISES LLC,AUS-TEX AUTO ENTERPRISES LLC,N,,,,,,,,,,,,,,,,,,,,,,34,,,68,,,,,,,7,1,0,0,0,0,1,0,0,,,,,,,,
17056447,2,1,N,N,43,1HGCR2F57HA253843,2017,9,44,236,104,N,76574,1,1,15,3,9,,,,Y,969 TOWING,969 TOWING,N,,,,,,,,,,,,,,,,,,,,,,0,,,,,,,,,,5,1,0,0,1,0,0,1,0,,,,,,,,
17056448,1,1,N,N,43,1G1JE6SB1E4219081,2014,3,107,2243,104,N,78741,1,1,4,2,1,,,,N,,,N,,,,,,,,,,,,,,,,,,,,,,0,,,,,,,,,,3,1,0,0,1,0,0,1,0,,,,,,,,
17056448,2,1,N,N,43,JNKBV61E48M223474,2008,2,47,466,104,N,78702,1,1,,,,,,,,ROCHAS TOWING SERVICE,ROCHAS TOWING SERVICE,N,,,,,,,,,,,,,,,,,,,,,,0,,,,,,,,,,7,1,0,1,0,1,0,1,0,,,,,,,,
17056449,1,1,N,N,43,1GKFC13037R170916,2007,15,39,479,104,N,78613,2,,2,4,12,,,,N,620 LAKESIDE TOWING,620 LAKESIDE TOWING,N,,,,,,,,,,,,,,,,,,,,,,67,,,,,,,,,,8,1,0,0,0,1,0,0,0,,,,,,,,
17056449,2,1,N,N,43,1J4NT1FB9BD248586,2011,17,429,983,104,N,78701,1,2,10,4,3,,,,N,620 LAKESIDE TOWING,620 LAKESIDE TOWING,N,,,,,,,,,,,,,,,,,,,,,,0,,,,,,,,,,4,1,0,0,1,0,0,1,0,,,,,,,,
17056450,1,1,N,N,43,2HGFG12816H569100,2006,2,44,256,100,N,78753,1,1,2,5,12,15,4,10,N,STARS TOWING,STARS TOWING,N,,,,,,,,,,,,,,,,,,,,,,0,,,,,,,,,,5,1,0,1,0,0,0,1,0,,,,,,,,
17056450,2,1,N,N,43,1FTFW1ET5DKE94514,2013,21,37,101,30,N,78746,1,1,2,2,12,,,,N,,,N,,,,,,,,,,,,,,,,,,,,,,0,,,,,,,,,,7,1,0,0,0,1,0,0,0,,,,,,,,
17056455,1,1,N,Y,,,,,,,104,N,,,,,,,,,,,,,N,,,,,,,,,,,,,,,,,,,,,,73,,,,,,,,,,2,2,0,0,0,0,1,0,0,,,,,,,,
17056455,2,1,N,N,43,2G1FK1EJ3B9202537,2011,16,107,46,100,N,78745,1,2,1,6,12,,,,N,EZ AUTO AND TOWING SERVICE,EZ AUTO AND TOWING SERVICE,N,,,,,,,,,,,,,,,,,,,,,,0,,,,,,,,,,2,1,0,2,0,0,0,2,0,,,,,,,,
17056456,1,1,N,N,43,1FTZR45E92TA56111,2002,21,37,357,30,N,78728,1,2,1,5,12,,,,N,EZ AUTO AND TOWING SERVICE,EZ AUTO AND TOWING SERVICE,N,,,,,,,,,,,,,,,,,,,,,,22,,,,,,,,,,1,1,0,0,0,1,0,0,0,,,,,,,,
17056457,1,1,N,N,43,1G4GD5ER1CF170971,2012,2,105,1175,104,N,78702,1,2,10,4,3,,,,,ROCHAS TOWING SERVICE,ROCHAS TOWING SERVICE,N,,,,,,,,,,,,,,,,,,,,,,35,,,,,,,,,,5,1,0,1,0,0,0,1,0,,,,,,,,
17056457,2,1,N,N,43,1FMCU0GD5JUA84431,2018,9,37,711,69,N,78704,1,2,2,4,12,,,,,EZ AUTO AND TOWING SERVICE,EZ AUTO AND TOWING SERVICE,N,,,,,,,,,,,,,,,,,,,,,,0,,,,,,,,,,3,1,0,1,0,0,0,1,0,,,,,,,,
17056767,1,1,N,N,43,1GNKVJKD3FJ349972,2015,9,107,1414,69,N,76542,1,2,7,1,7,,,,N,DRIVEN OFF,N/A,N,,,,,,,,,,,,,,,,,,,,,,65,,,,,,,,,,1,1,0,0,0,1,0,0,0,,,,,,,,
17056767,2,1,N,N,43,1GDFG15T641122422,2004,16,39,570,69,N,78628,1,2,4,1,2,,,,N,DRIVEN OFF,N/A,N,,,,,,,,,,,,,,,,,,,,,,0,,,,,,,,,,1,1,0,0,0,2,0,0,0,,,,,,,,
17057159,1,1,N,N,43,1G4HR54K74U142924,2004,18,105,29,104,N,78753,2,,4,1,12,,,,Y,SOUTHSIDE WRECKER INC,8200 S. CONGRESS AVE,N,,,,,,,,,,,,,,,,,,,,,,65,36,,,,,,,,,3,1,0,0,0,3,0,0,0,,,,,,,,
17057159,2,4,,,,,,,,,,,,,,,,,,,,,,,,,,,,,,,,,,,,,,,,,,,,,0,,,,,,,,,,9,1,0,1,0,0,0,1,0,,,,,,,,
17057160,1,1,N,N,43,JTJHK31UX82041720,2008,17,58,1318,69,N,78753,1,2,4,1,10,,,,N,,,N,,,,,,,,,,,,,,,,,,,,,,34,,,48,,,,,,,4,1,0,0,0,1,0,0,0,,,,,,,,
17057160,2,1,N,N,43,2C3KA53G27H747332,2007,17,21,65,104,N,78724,1,2,16,1,3,,,,N,,,N,,,,,,,,,,,,,,,,,,,,,,0,,,,,,,,,,6,1,0,0,0,2,0,0,0,,,,,,,,
17057161,1,1,N,N,43,5LMFU27588LJ22541,2008,2,113,638,69,N,78724,1,2,4,0,1,,,,N,,,N,,,,,,,,,,,,,,,,,,,,,,20,36,,,,,,,,,7,1,0,0,0,0,1,0,0,,,,,,,,
17057161,2,4,,,,,,,,,,,,,,,,,,,,,,,,,,,,,,,,,,,,,,,,,,,,,0,,,,,,,,,,9,1,0,1,0,0,0,1,0,,,,,,,,
17057170,1,1,N,N,43,3C7WR9CL0HG678218,2017,22,710,4102,9,N,78702,1,7,3,1,12,,,,N,B. FITSPATRICK,UNKNOWN,N,,,,,,,,,,,,,,,,,,,,,,20,,,,,,,,,,4,1,0,0,0,1,0,0,0,,,,,,,,
17057170,2,1,N,N,43,5YFBURHE1HP602831,2017,3,91,173,104,N,78759,1,1,8,5,6,,,,N,OWNER,UNKNOWN,N,,,,,,,,,,,,,,,,,,,,,,0,,,,,,,,,,4,1,0,0,0,1,0,0,0,,,,,,,,
17057171,1,1,N,N,43,2HGFG12896H530309,2006,2,44,256,104,N,78752,1,1,2,2,12,13,1,7,N,DENVERS TOWING,DENVERS TOWING,N,,,,,,,,,,,,,,,,,,,,,,67,,,,,,,,,,11,1,0,0,0,1,0,0,0,,,,,,,,
17057171,2,1,N,N,43,5NPEB4AC5BH251053,2011,17,45,462,104,N,79928,1,1,6,1,6,,,,N,,,N,,,,,,,,,,,,,,,,,,,,,,0,,,,,,,,,,11,1,0,0,0,2,0,0,0,,,,,,,,
17057171,3,1,N,N,43,5LMFU27575LJ22218,2005,21,113,638,104,N,78758,1,1,4,2,1,,,,N,,,N,,,,,,,,,,,,,,,,,,,,,,0,,,,,,,,,,11,2,0,0,0,1,0,0,0,,,,,,,,
17057172,1,1,N,Y,43,2G1WF52EX59133675,2005,11,107,53,104,N,78230,2,,4,4,1,8,1,4,Y,ROCHAS TOWING SERVICE,ROCHAS TOWING SERVICE,N,,,,,,,,,,,,,,,,,,,,,,22,,,,,,,,,,3,1,0,0,0,0,1,0,0,,,,,,,,
17057172,2,1,Y,N,43,1N4AB7AP3DN901025,2013,2,71,341,104,N,78703,1,2,11,1,7,,,,Y,,,N,,,,,,,,,,,,,,,,,,,,,,0,,,,,,,,,,3,1,0,0,0,0,0,0,0,,,,,,,,
17057172,3,1,Y,N,43,3GTEK13J18G250672,2008,9,39,3080,30,N,78753,1,2,7,3,6,2,2,12,Y,ROCHAS TOWING SERVICE,ROCHAS TOWING SERVICE,N,,,,,,,,,,,,,,,,,,,,,,0,,,,,,,,,,3,2,0,0,0,0,0,0,0,,,,,,,,
17057173,1,1,N,N,43,2T2ZK1BA3DC131332,2013,21,58,1318,69,N,78708,1,1,3,3,11,,,,Y,DENVERS TOWING,DENVERS TOWING,N,,,,,,,,,,,,,,,,,,,,,,15,,,,,,,,,,2,1,0,0,0,1,0,0,0,,,,,,,,
17057173,2,1,N,N,43,1N4AL2AP8BC178264,2011,11,71,500,104,N,60620,2,,2,3,12,,,,Y,STARS TOWING,STARS TOWING,N,,,,,,,,,,,,,,,,,,,,,,0,,,,,,,,,,6,1,0,0,1,1,0,1,0,,,,,,,,
17057175,1,1,N,N,43,1J8GN58K18W251906,2008,17,429,1181,104,N,78730,1,2,2,2,,,,,N,,,N,,,,,,,,,,,,,,,,,,,,,,20,,,,,,,,,,4,1,0,0,0,1,0,0,0,,,,,,,,
17057175,2,1,N,N,43,1NXBU40E19Z154542,2009,9,91,173,104,N,78732,1,2,6,2,6,,,,N,,,N,,,,,,,,,,,,,,,,,,,,,,0,,,,,,,,,,4,1,0,0,0,1,0,0,0,,,,,,,,
17057176,1,1,N,N,43,2GTEC19T7X1547717,1999,21,39,2340,30,N,78602,1,2,8,3,4,,,,,,,N,,,,,,,,,,,,,,,,,,,,,,37,,,,,,,,,,7,1,0,0,0,2,0,0,0,,,,,,,,
17057176,2,6,,,,,,,,,,,,,,,,,,,,,,,,,,,,,,,,,,,,,,,,,,,,,0,,,,,,,,,,9,2,0,0,0,0,0,0,0,,,,,,,,
17057176,3,1,N,N,43,1MEFM55SXYA606044,2000,16,114,378,104,N,,1,2,2,5,12,,,,,EZ AUTO AND TOWING SERVICE,EZ AUTO AND TOWING SERVICE,N,,,,,,,,,,,,,,,,,,,,,,0,,,,,,,,,,3,1,0,1,0,1,0,1,0,,,,,,,,
17057177,1,1,N,N,43,1LNHM81WX3Y630327,2003,18,113,335,104,N,78130,1,2,2,7,12,,,,N,SPECIAL AUTOMOTIVE SERVICE INC,SPECIAL AUTOMOTIVE SERVICE INC,N,,,,,,,,,,,,,,,,,,,,,,44,,,20,,,,,,,1,1,0,0,0,1,0,0,0,,,,,,,,
17057177,2,1,N,N,43,4T1BD1EBXJU062928,2018,1,91,563,104,N,78739,1,2,6,3,6,2,2,12,N,,,N,,,,,,,,,,,,,,,,,,,,,,0,,,,,,,,,,1,1,0,0,0,1,0,0,0,,,,,,,,
17057177,3,1,N,N,43,5TDDK3EH4CS100082,2012,17,91,721,69,N,20136,1,2,6,2,6,,,,N,,,N,,,,,,,,,,,,,,,,,,,,,,0,,,,,,,,,,1,2,0,0,0,1,0,0,0,,,,,,,,
17057178,1,1,N,N,43,1VWBP7A37DC105741,2013,17,96,473,104,N,78735,1,2,15,5,8,,,,,ROCHAS TOWING SERVICE,ROCHAS TOWING SERVICE,N,,,,,,,,,,,,,,,,,,,,,,20,,,,,,,,,,1,1,0,0,1,0,0,1,0,,,,,,,,
17057178,2,1,N,N,43,2HNYD18915H508300,2005,2,1,705,69,N,78721,1,2,4,4,2,,,,,,,N,,,,,,,,,,,,,,,,,,,,,,0,,,,,,,,,,3,1,0,0,0,2,0,0,0,,,,,,,,
17057179,1,1,N,N,43,5TDKK3DCXDS356760,2013,9,91,178,103,N,78626,1,2,2,3,12,8,3,5,N,,,N,,,,,,,,,,,,,,,,,,,,,,22,,,,,,,,,,3,1,0,0,0,1,0,0,0,,,,,,,,
17057180,1,1,N,N,43,JT8BD69S710136386,2001,,58,1130,104,N,78617,2,,2,5,12,,,,N,AVILES & GABES WRECKER SERVICE INC.,AVILES & GABES WRECKER SERVICE INC.,N,,,,,,,,,,,,,,,,,,,,,,40,,,,,,,,,,2,1,0,1,0,0,0,1,0,,,,,,,,
17057181,1,1,N,N,43,5YFBURHE4KP889573,2019,9,91,173,104,N,78216,1,7,3,1,12,,,,N,,,N,,,,,,,,,,,,,,,,,,,,,,74,,,,,,,,,,1,1,0,0,0,2,0,0,0,,,,,,,,
17057181,2,1,N,N,43,1C6RR6KM8FS535193,2015,21,109,2275,30,N,78702,1,7,10,1,3,,,,N,,,N,,,,,,,,,,,,,,,,,,,,,,74,,,,,,,,,,3,1,0,0,0,1,0,0,0,,,,,,,,
17057182,1,1,N,N,43,1GNSKJKC7GR203531,2016,5,107,249,104,N,76567,1,1,2,2,12,,,,N,,,N,,,,,,,,,,,,,,,,,,,,,,37,,,,,,,,,,1,1,0,0,0,2,0,0,0,,,,,,,,
17057182,2,1,N,N,43,4T1BF1FK0DU641343,2013,16,91,380,104,N,78759,1,1,12,3,3,1,1,12,N,,,N,,,,,,,,,,,,,,,,,,,,,,0,,,,,,,,,,3,1,0,1,0,0,0,1,0,,,,,,,,
17057182,3,1,N,N,43,1HGCV1F11KA017439,2019,21,44,236,104,N,78757,1,1,5,1,6,,,,N,,,N,,,,,,,,,,,,,,,,,,,,,,0,,,,,,,,,,3,2,0,0,0,1,0,0,0,,,,,,,,
17057183,1,1,N,N,6,JN8AF5MR4GT605953,2016,21,71,2505,104,N,78660,1,2,,,,,,,Y,A-TEX TOWING,AUS-TEX AUTO ENTERPRISES LLC,N,,,,,,,,,,,,,,,,,,,,,,0,,,,,,,,,,6,1,0,0,0,1,0,0,0,,,,,,,,
17057183,2,1,N,N,43,5FNRL38736B123500,2006,9,44,571,103,N,78758,1,2,,,,,,,N,,,N,,,,,,,,,,,,,,,,,,,,,,0,,,,,,,,,,6,1,0,0,0,2,0,0,0,,,,,,,,
17057242,1,1,N,N,43,JT2SK12E9S0332872,1995,16,91,380,104,N,78744,2,,2,4,12,,,,N,,,N,,,,,,,,,,,,,,,,,,,,,,0,,,,,12,,,,,3,1,0,2,0,0,0,2,0,,,,,,,,
17057242,2,1,N,N,43,JN8AZ08T14W216181,2004,2,71,777,104,N,78744,1,2,4,2,11,,,,,,,N,,,,,,,,,,,,,,,,,,,,,,0,,,,,,,,,,7,1,0,0,0,2,0,0,0,,,,,,,,
17057830,1,1,N,N,43,1HGCR2F32GA003326,2016,9,44,236,104,N,77807,1,2,4,2,1,6,1,5,Y,DENVER'S TOWING (512) 990-2114,"200 FERGUSON LN, AUSTIN TX 78754",N,,,,,,,,,,,,,,,,,,,,,,60,,,,,,,,,,7,1,0,0,0,1,0,0,0,,,,,,,,
17058469,1,1,N,N,43,5TFMU4FN7CX004459,2012,21,91,629,30,N,78703,1,1,15,1,11,,,,N,,,N,,,,,,,,,,,,,,,,,,,,,,4,,,,,,,,,,1,1,0,0,0,1,0,0,0,,,,,,,,
17058469,2,1,N,N,43,1C3CCCAB2FN536941,2015,3,21,2258,104,N,78665,1,1,16,1,5,,,,N,,,N,,,,,,,,,,,,,,,,,,,,,,0,,,,,,,,,,1,1,0,0,0,1,0,0,0,,,,,,,,
17058818,1,1,N,N,4,4T1B11HK8JU111516,2018,2,91,380,104,N,72206,1,2,2,1,12,,,,N,NOT TOWED,NA,N,,,,,,,,,,,,,,,,,,,,,,20,22,,,,,,,,,1,1,0,0,0,1,0,0,0,,,,,,,,
17058818,2,1,N,N,14,2C3JA53G25H608018,2005,2,21,65,104,N,78753,1,2,6,1,6,,,,N,NOT TOWED,NA,N,,,,,,,,,,,,,,,,,,,,,,0,,,,,,,,,,1,1,1,0,0,1,0,1,0,,,,,,,,
17058819,1,1,N,N,43,JM1BC1414V0117371,1997,3,63,434,104,N,78957,1,2,13,4,8,14,2,4,Y,EZ AUTO AND TOWING SERVICE,EZ AUTO AND TOWING SERVICE,N,,,,,,,,,,,,,,,,,,,,,,22,,,,,,,,,,7,1,0,1,0,0,0,1,0,,,,,,,,
17058819,2,1,N,N,43,4T1BE32K32U068133,2002,11,91,380,104,N,78653,1,1,4,3,2,,,,Y,EZ AUTO AND TOWING SERVICE,EZ AUTO AND TOWING SERVICE,N,,,,,,,,,,,,,,,,,,,,,,0,,,,,,,,,,7,2,0,0,0,1,0,0,0,,,,,,,,
17058820,1,1,N,N,43,1GTCS19X938181330,2003,9,39,459,30,N,78754,1,2,15,3,9,,,,Y,ROCHAS TOWING SERVICE,ROCHAS TOWING SERVICE,N,,,,,,,,,,,,,,,,,,,,,,22,,,,,,,,,,8,1,0,0,1,0,0,1,0,,,,,,,,
17058821,1,1,N,Y,43,1C4PJLCB7JD572820,2018,2,429,970,69,N,77056,1,2,,,,,,,Y,AUSTEX,AUSTEX,N,,,,,,,,,,,,,,,,,,,,,,23,,,,,,,,,,3,1,0,0,0,0,1,0,0,,,,,,,,
17058822,1,1,N,N,43,1N4AL3AP1EN378918,2014,5,71,500,104,N,78704,1,1,10,5,3,,,,Y,ROCHAS TOWING SERVICE,ROCHAS TOWING SERVICE,N,,,,,,,,,,,,,,,,,,,,,,37,,,,,,,,,,3,1,1,0,0,0,0,1,0,,,,,,,,
17058822,2,1,N,N,43,1FA6P8TH5H5330131,2017,2,37,96,100,N,78741,1,1,2,5,12,,,,Y,ROCHAS TOWING SERVICE,ROCHAS TOWING SERVICE,N,,,,,,,,,,,,,,,,,,,,,,0,,,,,,,,,,7,1,1,0,0,0,0,1,0,,,,,,,,
17058823,1,1,N,N,43,1FMCU0J97HUE23415,2017,9,37,711,69,N,78750,1,2,10,3,10,,,,N,,,N,,,,,,,,,,,,,,,,,,,,,,4,,,,,,,,,,5,1,0,0,0,1,0,0,0,,,,,,,,
17058823,2,1,N,N,43,4T1BG22K71U867478,2001,17,91,173,104,N,78751,1,2,4,2,1,,,,N,,,N,,,,,,,,,,,,,,,,,,,,,,0,,,,,,,,,,5,1,0,0,0,1,0,0,0,,,,,,,,
17058824,1,1,N,N,43,1G11Z5S3XKU108631,2019,21,107,53,104,N,76043,3,5,2,3,12,,,,N,AUS-TEX AUTO ENTERPRISES LLC,"8131 N. LAMAR AUSTIN, TX",N,,,,,,,,,,,,,,,,,,,,,,0,,,,,,,,,,7,1,0,0,0,1,0,0,0,,,,,,,,
17058824,2,1,N,N,43,1GKFK16Z13J120392,2003,8,39,3093,104,N,78634,1,1,6,1,6,,,,N,,,N,,,,,,,,,,,,,,,,,,,,,,0,,,,,,,,,,7,1,0,0,0,1,0,0,0,,,,,,,,
17058824,3,1,N,N,43,5FNRL38749B027850,2009,17,44,571,104,N,78717,1,1,5,0,6,,,,N,,,N,,,,,,,,,,,,,,,,,,,,,,0,,,,,,,,,,7,2,0,0,0,1,0,0,0,,,,,,,,
17058825,1,1,N,N,43,4F4CR16U4RTM91940,1994,2,63,272,30,N,76542,1,1,16,2,3,,,,N,NOT TOWED,NOT TOWED,N,,,,,,,,,,,,,,,,,,,,,,20,37,,,,,,,,,1,1,0,0,0,1,0,0,0,,,,,,,,
17058825,2,1,N,N,43,3FA6P0LU1ER112422,2014,9,37,1097,104,N,78741,1,1,2,2,12,,,,N,STARS TOWING,STARS TOWING,N,,,,,,,,,,,,,,,,,,,,,,0,,,,,,,,,,5,1,0,0,0,1,0,0,0,,,,,,,,
17058826,1,1,N,N,43,JN8AS1MU2AM800735,2010,9,47,1099,69,N,78745,1,1,1,1,12,,,,N,,,N,,,,,,,,,,,,,,,,,,,,,,,,,20,,,,,,,1,1,0,0,0,2,0,0,0,,,,,,,,
17058826,2,1,N,N,43,KNDJT2A52D7625305,2013,9,55,1357,69,N,78745,1,1,6,3,6,2,3,12,Y,ATX-VIP TOWING SERVICES,ATX-VIP TOWING SERVICES,N,,,,,,,,,,,,,,,,,,,,,,0,,,,,,,,,,1,1,0,0,0,4,0,0,0,,,,,,,,
17058826,3,1,N,N,43,1FM5K8AR1HGB22845,2017,2,37,554,69,N,78721,4,,6,1,6,,,,N,,,N,,,,,,,,,,,,,,,,,,,,,,0,,,,,,,,,,1,2,0,2,0,0,0,2,0,,,,,,,,
17058827,1,1,N,N,43,4T1BE32K33U246978,2003,16,91,380,104,N,78744,1,2,10,3,3,,,,Y,EZ AUTO AND TOWING SERVICE,EZ AUTO AND TOWING SERVICE,N,,,,,,,,,,,,,,,,,,,,,,33,20,,,,,,,,,4,1,1,1,0,0,0,2,0,,,,,,,,
17058827,2,1,N,N,43,1G1JD5SH9J4103655,2018,21,107,2243,104,N,78745,1,2,2,3,12,,,,Y,HARPERS TOWING SERVICE INC,HARPERS TOWING SERVICE INC,N,,,,,,,,,,,,,,,,,,,,,,0,,,,,,,,,,2,1,0,0,0,1,0,0,0,,,,,,,,
17058828,1,1,N,Y,43,,,3,,,30,N,,,,,,,,,,,,,N,,,,,,,,,,,,,,,,,,,,,,,,,16,,,,,,,1,1,0,0,0,0,1,0,0,,,,,,,,
17058828,2,1,N,N,43,5TDKKRFHXFS075069,2015,11,91,721,69,N,78660,1,1,2,3,12,,,,,A-TEX TOWING,ATEX,N,,,,,,,,,,,,,,,,,,,,,,0,,,,,,,,,,3,1,0,1,0,0,0,1,0,,,,,,,,
17058829,1,1,N,N,43,1HGCR2F17HA225618,2017,9,44,236,104,N,78704,1,1,2,4,12,,,,N,620 LAKESIDE TOWING,620 LAKESIDE TOWING,N,,,,,,,,,,,,,,,,,,,,,,,,,60,4,,,,,,8,1,0,0,0,1,0,0,0,,,,,,,,
17058829,2,1,N,N,43,1NXBR32E74Z197557,2004,2,91,173,104,N,78729,1,1,2,4,12,,,,N,620 LAKESIDE TOWING,620 LAKESIDE TOWING,N,,,,,,,,,,,,,,,,,,,,,,0,,,,,,,,,,4,1,0,0,1,0,0,1,0,,,,,,,,
17058830,1,1,N,N,43,JHMGE8H37BS008180,2011,9,44,1083,104,N,78753,1,1,2,3,12,,,,N,OWNER,FROM SCENE,N,,,,,,,,,,,,,,,,,,,,,,44,,,,,,,,,,1,1,0,0,0,1,0,0,0,,,,,,,,
17058830,2,1,N,N,43,3N1AB6AP9BL729975,2011,16,71,341,104,N,78617,1,1,6,2,6,,,,N,,,N,,,,,,,,,,,,,,,,,,,,,,0,,,,,,,,,,1,1,0,0,0,1,0,0,0,,,,,,,,
17058831,1,1,N,Y,43,JTHBK262272045932,2007,21,58,1156,104,Y,78628,1,1,6,1,6,,,,N,,,N,,,,,,,,,,,,,,,,,,,,,,0,,,,,,,,,,5,1,0,0,0,1,0,0,0,,,,,,,,
17058831,2,1,N,Y,113,,,99,,,0,N,,,,,,,,,,N,,,N,,,,,,,,,,,,,,,,,,,,,,0,,,,,,,,,,5,1,0,0,0,0,1,0,0,,,,,,,,
17059195,1,1,N,Y,113,,2020,99,208,763,0,N,,2,,,,,,,,N,,,N,,,,,,,,,,,,,,,,,,,,,,0,,,,,,,,,,3,1,0,0,0,0,1,0,0,,,,,,,,
17059195,2,1,N,N,43,1G1FA1RX7J0188426,2018,17,107,46,100,N,78750,1,1,6,2,6,,,,N,,,N,,,,,,,,,,,,,,,,,,,,,,0,,,,,,,,,,3,1,0,0,0,1,0,0,0,,,,,,,,
17059196,1,1,N,N,43,2C4GP44R85R199483,2005,17,21,64,103,N,78753,1,1,1,2,12,,,,Y,ARMADA TOWING,ARMADA TOWING,N,,,,,,,,,,,,,,,,,,,,,,45,20,44,,,,,,,,5,1,0,0,0,1,0,0,0,,,,,,,,
17059196,2,1,N,N,43,3GNAXJEV9JS576410,2018,9,107,1048,104,N,unknown,1,1,6,1,6,,,,N,,,N,,,,,,,,,,,,,,,,,,,,,,0,,,,,,,,,,5,1,0,0,0,3,0,0,0,,,,,,,,
17059197,1,1,N,N,43,1FMFU19528LA17052,2008,21,37,601,69,N,78660,1,2,6,4,6,2,4,12,N,SPECIAL AUTOMOTIVE SERVICE INC,SPECIAL AUTOMOTIVE SERVICE INC,N,,,,,,,,,,,,,,,,,,,,,,20,,,,,,,,,,5,1,0,0,1,0,0,1,0,,,,,,,,
17059197,2,1,N,N,43,SADCJ2EV6JA240969,2018,3,51,2406,69,N,76101,1,2,6,3,6,2,3,12,N,A-TEX TOWING,5526 1/2 W HWY 290,N,,,,,,,,,,,,,,,,,,,,,,0,,,,,,,,,,5,1,0,0,0,1,0,0,0,,,,,,,,
17059197,3,1,N,N,43,3C7WRSBL5HG731634,2017,21,710,4102,30,N,77429,1,2,2,3,12,,,,N,EZ AUTO AND TOWING SERVICE,EZ AUTO AND TOWING SERVICE,N,,,,,,,,,,,,,,,,,,,,,,0,,,,,,,,,,5,2,0,0,0,1,0,0,0,,,,,,,,
17059197,4,1,N,N,43,2T2BGMCA2JC022164,2018,18,58,1320,69,N,78735,1,2,6,2,6,,,,N,,,N,,,,,,,,,,,,,,,,,,,,,,0,,,,,,,,,,5,2,0,0,0,1,0,0,0,,,,,,,,
17059198,1,1,N,N,43,19UUA66297A030310,2007,2,1,564,104,N,78660,1,2,4,3,1,,,,N,,,N,,,,,,,,,,,,,,,,,,,,,,0,,,,,,,,,,7,1,0,0,0,1,0,0,0,,,,,,,,
17059198,2,1,N,N,43,1FTSE34L26HA95302,2006,21,37,600,103,N,78741,1,2,7,3,9,4,3,2,N,EZ AUTO AND TOWING SERVICE,EZ AUTO AND TOWING SERVICE,N,,,,,,,,,,,,,,,,,,,,,,0,,,,,,,,,,5,1,0,1,0,0,0,1,0,,,,,,,,
17059198,3,1,N,N,43,ZFBCFACH0FZ036328,2015,10,35,2961,104,N,78741,1,2,7,6,,,,,N,SPECIAL AUTOMOTIVE SERVICE INC,SPECIAL AUTOMOTIVE SERVICE INC,N,,,,,,,,,,,,,,,,,,,,,,0,,,,,,,,,,1,2,0,0,0,1,0,0,0,,,,,,,,
17059198,4,1,N,N,43,3GYFK66N74G240961,2004,11,106,657,69,N,78741,1,2,3,3,11,7,3,7,N,,,N,,,,,,,,,,,,,,,,,,,,,,0,,,,,,,,,,1,2,0,1,0,2,0,1,0,,,,,,,,
17059198,5,1,N,N,43,JM1CW2BL9E0176034,2014,17,63,433,103,N,78757,1,2,2,5,12,,,,N,ROCHAS TOWING SERVICE,ROCHAS TOWING SERVICE,N,,,,,,,,,,,,,,,,,,,,,,0,,,,,,,,,,1,2,0,0,0,1,0,0,0,,,,,,,,