Crash_ID,Unit_Nbr,Unit_Desc_ID,Veh_Parked_Fl,Veh_HNR_Fl,Veh_Lic_State_ID,VIN,Veh_Mod_Year,Veh_Color_ID,Veh_Make_ID,Veh_Mod_ID,Veh_Body_Styl_ID,Emer_Respndr_Fl,Ownr_Zip,Fin_Resp_Proof_ID,Fin_Resp_Type_ID,Veh_Dmag_Area_1_ID,Veh_Dmag_Scl_1_ID,Force_Dir_1_ID,Veh_Dmag_Area_2_ID,Veh_Dmag_Scl_2_ID,Force_Dir_2_ID,Veh_Inventoried_Fl,Veh_Transp_Name,Veh_Transp_Dest,Veh_Cmv_Fl,Cmv_Fiveton_Fl,Cmv_Hazmat_Fl,Cmv_Nine_Plus_Pass_Fl,Cmv_Veh_Oper_ID,Cmv_Carrier_ID_Type_ID,Cmv_Carrier_Zip,Cmv_Veh_Type_ID,Cmv_GVWR,Cmv_RGVW,Cmv_Hazmat_Rel_Fl,Hazmat_Cls_1_ID,Hazmat_IDNbr_1_ID,Hazmat_Cls_2_ID,Hazmat_IDNbr_2_ID,Cmv_Cargo_Body_ID,Cmv_Evnt1_ID,Cmv_Evnt2_ID,Cmv_Evnt3_ID,Cmv_Evnt4_ID,Cmv_Tot_Axle,Cmv_Tot_Tire,Contrib_Factr_1_ID,Contrib_Factr_2_ID,Contrib_Factr_3_ID,Contrib_Factr_P1_ID,Contrib_Factr_P2_ID,Veh_Dfct_1_ID,Veh_Dfct_2_ID,Veh_Dfct_3_ID,Veh_Dfct_P1_ID,Veh_Dfct_P2_ID,Veh_Trvl_Dir_ID,First_Harm_Evt_Inv_ID,Sus_Serious_Injry_Cnt,Nonincap_Injry_Cnt,Poss_Injry_Cnt,Non_Injry_Cnt,Unkn_Injry_Cnt,Tot_Injry_Cnt,Death_Cnt,Cmv_Disabling_Damage_Fl,Cmv_Bus_Type_ID,Trlr_GVWR,Trlr_RGVW,Trlr_Type_ID,Trlr_Disabling_Dmag_ID,Cmv_Intermodal_Container_Permit_Fl,CMV_Actual_Gross_Weight
17061458,1,1,N,N,43,5J6YH28718L013336,2008,16,44,760,104,N,78660,1,2,3,3,1,,,,N,DENVERS TOWING,DENVERS TOWING,N,,,,,,,,,,,,,,,,,,,,,,37,,,,,,,,,,3,1,0,1,0,0,0,1,0,,,,,,,,
17061458,2,1,N,N,43,2HGFA1F5XAH305455,2010,3,44,256,104,N,78612,1,2,9,3,,,,,N,EZ AUTO AND TOWING SERVICE,EZ AUTO AND TOWING SERVICE,N,,,,,,,,,,,,,,,,,,,,,,0,,,,,,,,,,7,1,0,0,0,1,0,0,0,,,,,,,,
17061459,1,1,N,N,43,1C4PJLCB2JD605710,2018,11,429,970,69,N,78634,1,2,4,3,2,,,,N,ROCHAS TOWING SERVICE,ROCHAS TOWING SERVICE,N,,,,,,,,,,,,,,,,,,,,,,22,,,,,,,,,,6,1,0,0,1,0,0,1,0,,,,,,,,
17061460,1,1,N,N,43,1FTSE3EL7CDA47604,2012,,37,814,103,N,78745,1,1,2,4,,,,,N,AVILES & GABES WRECKER SERVICE INC.,AVILES & GABES WRECKER SERVICE INC.,N,,,,,,,,,,,,,,,,,,,,,,33,,,,,,,,,,3,1,0,0,0,1,0,0,0,,,,,,,,
17061460,2,1,N,N,43,KNDCE3LC8H5050875,2017,,55,611,104,N,78705,1,1,11,3,,,,,Y,EZ AUTO AND TOWING SERVICE,EZ AUTO AND TOWING SERVICE,N,,,,,,,,,,,,,,,,,,,,,,0,,,,,,,,,,1,1,0,1,0,0,0,1,0,,,,,,,,
17061465,1,1,N,N,43,1G1ZC5EU3CF266341,2012,17,107,56,104,N,,1,2,2,4,12,,,,N,ROCHAS TOWING SERVICE,5700 BURLESON RD,N,,,,,,,,,,,,,,,,,,,,,,20,22,,,,,,,,,1,1,0,0,0,2,0,0,0,,,,,,,,
17061465,2,1,N,N,43,1V2ER2CA1JC542590,2018,21,96,184,69,N,,1,2,6,2,6,,,,N,,,N,,,,,,,,,,,,,,,,,,,,,,0,,,,,,,,,,1,1,0,0,0,1,0,0,0,,,,,,,,
17061466,1,1,N,N,43,2T1BY32EX6C550574,2006,11,91,173,104,N,78748,1,1,9,3,9,,,,,A-TEX TOWING,5526 1/2 W HWY 290,N,,,,,,,,,,,,,,,,,,,,,,35,,,,,,,,,,1,1,0,1,0,0,0,1,0,,,,,,,,
17061466,2,1,N,N,43,1FAHP3GNXAW272741,2010,11,37,696,104,N,78749,1,1,3,3,11,,,,,SPECIAL AUTOMOTIVE SERVICE INC,SPECIAL AUTOMOTIVE SERVICE INC,N,,,,,,,,,,,,,,,,,,,,,,0,,,,,,,,,,3,1,0,0,0,1,0,0,0,,,,,,,,
17061467,1,1,N,N,43,19XFC1F71GE013093,2016,2,44,256,104,N,77510,1,2,2,4,12,,,,N,EZ AUTO AND TOWING SERVICE,EZ AUTO AND TOWING SERVICE,N,,,,,,,,,,,,,,,,,,,,,,44,,,,,,,,,,1,1,0,0,0,1,0,0,0,,,,,,,,
17061467,2,1,N,N,43,1N6AA1E56HN568728,2017,2,71,1397,30,N,78209,1,2,6,1,6,,,,N,,,N,,,,,,,,,,,,,,,,,,,,,,0,,,,,,,,,,1,1,0,0,0,1,0,0,0,,,,,,,,
17061468,1,1,N,N,43,2C3LA43R96H138060,2006,10,21,65,104,N,78752,1,2,2,7,12,,,,N,ROCHAS TOWING SERVICE,"5700 BURLESON RD., AUSTIN, TX 78744",N,,,,,,,,,,,,,,,,,,,,,,20,,,,,,,,,,1,1,0,0,1,0,0,1,0,,,,,,,,
17061468,2,1,N,N,43,1FAHP24W88G184167,2008,21,37,376,104,N,78758,2,,5,7,6,,,,N,A-TEX TOWING,"205 FARLEY DRIVE,AUSTIN, TX 78753",N,,,,,,,,,,,,,,,,,,,,,,0,,,,,,,,,,1,1,0,1,2,0,0,3,0,,,,,,,,
17061469,1,1,N,N,43,1G6KF579X5U147762,2005,17,106,36,104,N,78752,1,2,12,1,3,,,,N,,,N,,,,,,,,,,,,,,,,,,,,,,0,,,,,,,,,,3,1,0,0,0,1,0,0,0,,,,,,,,
17061469,2,3,,,,,,,,,,,,,,,,,,,,,,,,,,,,,,,,,,,,,,,,,,,,,69,,,,,,,,,,9,1,0,1,0,0,0,1,0,,,,,,,,
17061470,1,1,N,N,43,1MEFM53211A645663,2001,21,114,378,104,N,78724,1,2,3,1,11,,,,N,969 TOWING,969 TOWING,N,,,,,,,,,,,,,,,,,,,,,,0,,,,,,,,,,5,1,0,0,0,1,0,0,0,,,,,,,,
17061470,2,1,N,N,43,KL7CJLSB5JB677218,2018,9,107,1403,69,N,78724,1,2,2,2,12,,,,N,969 TOWING,969 TOWING,N,,,,,,,,,,,,,,,,,,,,,,0,,,,,,,,,,7,1,1,0,0,0,0,1,0,,,,,,,,
17061814,1,1,N,Y,43,1FAFP55U02A104523,2002,9,37,376,104,N,78741,2,,2,1,12,6,1,6,Y,SOUTHSIDE WRECKER INC,"8200 S. CONGRESS, AUSTIN, TX 78745",N,,,,,,,,,,,,,,,,,,,,,,67,,,,,,,,,,6,1,0,0,0,1,0,0,0,,,,,,,,
17061814,2,1,N,Y,113,UNKNOWN,,99,208,763,0,N,Unknwon,,,6,1,6,,,,N,,,N,,,,,,,,,,,,,,,,,,,,,,0,,,,,,,,,,6,1,0,0,0,0,1,0,0,,,,,,,,
17063835,1,1,N,N,43,5FNRL5H65BB054029,2011,9,44,571,103,N,78701,1,2,12,2,1,,,,N,,,N,,,,,,,,,,,,,,,,,,,,,,65,,,,,,,,,,7,1,0,0,0,1,0,0,0,,,,,,,,
17063835,2,1,N,N,43,JTMZD33V175057437,2007,3,91,581,69,N,78017,1,2,11,2,1,,,,N,LEFT AT SCENE,DRIVEN AWAY,N,,,,,,,,,,,,,,,,,,,,,,0,,,,,,,,,,7,1,0,0,0,2,0,0,0,,,,,,,,
17063934,1,1,N,N,43,1N4AL3AP2GC256745,2016,21,71,500,104,N,78727,1,1,2,7,12,,,,N,620-LAKESIDE: 512-266-8620,"12400 ANDERSON MILL, AUSTIN 78726",N,,,,,,,,,,,,,,,,,,,,,,39,,,,,,,,,,8,1,0,0,1,0,0,1,0,,,,,,,,
17063934,2,1,N,N,43,JHLRE38357C027800,2007,17,44,605,104,N,78664,1,1,11,5,9,,,,N,620-LAKESIDE: 512-266-8620,"12400 ANDERSON MILL, AUSTIN 78726",N,,,,,,,,,,,,,,,,,,,,,,0,,,,,,,,,,4,1,0,0,0,4,0,0,0,,,,,,,,
17064175,1,1,N,N,43,1J4PN2GK8AW179383,2010,3,429,1181,69,N,78612,1,2,11,4,10,,,,N,SUNRISE TOWING,3103 N IH 35 ROUND ROCK 78664,N,,,,,,,,,,,,,,,,,,,,,,22,,,,,,,,,,8,1,0,0,0,1,0,0,0,,,,,,,,
17064868,1,1,N,N,43,3MZBM1U73GM284755,2016,17,63,1210,104,N,78727,1,1,7,4,7,3,3,10,N,STARS TOWING,STARS TOWING,N,,,,,,,,,,,,,,,,,,,,,,,,,20,46,,,,,,4,1,0,0,0,1,0,0,0,,,,,,,,
17064868,2,1,Y,N,43,1N4AL2APXCN530511,2012,21,71,500,104,N,78723,2,,7,3,6,3,2,1,N,STARS TOWING,STARS TOWING,N,,,,,,,,,,,,,,,,,,,,,,0,,,,,,,,,,4,1,0,0,0,1,0,0,0,,,,,,,,
17064956,1,1,N,N,43,2C3CA5CG8BH535838,2011,2,21,65,92,N,78727,3,1,1,1,1,,,,Y,A-TEX TOWING,AUSTIN EXPRESS TOWING INC.,N,,,,,,,,,,,,,,,,,,,,,,73,,,,,,,,,,11,1,0,0,0,1,0,0,0,,,,,,,,
17064956,2,1,N,N,43,4T1CA38P06U088851,2006,2,91,172,92,N,78723,1,2,2,3,12,,,,N,,,N,,,,,,,,,,,,,,,,,,,,,,0,,,,,,,,,,11,1,0,0,0,1,0,0,0,,,,,,,,
17064957,1,1,N,N,43,3N1CE2CP3HL367706,2017,21,71,1452,104,N,77093,1,1,3,5,11,,,,N,A & A WRECKER SOUTH,A & A WRECKER SOUTH,N,,,,,,,,,,,,,,,,,,,,,,16,,,,,,,,,,1,1,0,0,0,1,0,0,0,,,,,,,,
17064957,2,1,N,N,43,JTKKU10499J039501,2009,2,91,2576,104,N,78739,1,1,8,4,1,,,,N,NOT TOWED,N/A,N,,,,,,,,,,,,,,,,,,,,,,0,,,,,,,,,,3,1,0,0,1,0,0,1,0,,,,,,,,
17064959,1,1,N,N,43,1GTCS19W218225012,2001,1,39,459,30,N,78660,2,,10,1,4,,,,N,,,N,,,,,,,,,,,,,,,,,,,,,,4,,,,,,,,,,2,1,0,0,0,1,0,0,0,,,,,,,,
17064959,2,1,N,N,43,KMHDH4AE5EU187842,2014,,45,480,104,N,78759,1,2,3,3,10,,,,Y,ARMADA TOWING,ARMADA TOWING,N,,,,,,,,,,,,,,,,,,,,,,0,,,,,,,,,,2,1,0,0,0,1,0,0,0,,,,,,,,
17064965,1,1,N,N,43,1J7FT26S4ML563558,1991,16,429,981,30,N,78634,1,2,4,3,2,,,,Y,620 LAKESIDE TOWING,620 LAKESIDE TOWING,N,,,,,,,,,,,,,,,,,,,,,,0,,,,,,,,,,2,1,0,0,0,1,0,0,0,,,,,,,,
17064968,1,1,N,N,43,5TEVL52N34Z375096,2004,21,91,629,30,N,78727,1,2,10,4,3,,,,N,EZ AUTO AND TOWING SERVICE,EZ AUTO AND TOWING SERVICE,N,,,,,,,,,,,,,,,,,,,,,,4,,,78,,,,,,,1,1,0,1,0,0,0,1,0,,,,,,,,
17064968,2,1,N,N,43,,2011,2,96,316,104,N,78754,1,2,15,3,9,,,,N,N/A,N/A,N,,,,,,,,,,,,,,,,,,,,,,0,,,,,,,,,,1,1,0,1,0,0,0,1,0,,,,,,,,
17064972,1,1,N,Y,43,WBAGH83421DP21903,2001,3,14,633,104,N,78628,1,2,2,3,12,,,,N,620 LAKESIDE TOWING,620 LAKESIDE TOWING,N,,,,,,,,,,,,,,,,,,,,,,0,,,,,,,,,,11,1,0,0,0,1,0,0,0,,,,,,,,
17064976,1,1,N,N,23,2G1125S36J9151301,2018,2,107,53,104,N,74134,2,,3,0,6,,,,N,PARKED,12345 ALAMEDA TRACE CIR BLD # 6,N,,,,,,,,,,,,,,,,,,,,,,68,,,,,,,,,,3,1,0,0,0,1,0,0,0,,,,,,,,
17064976,2,1,Y,N,43,1C6RR7LT5HS780242,2017,21,109,2275,30,N,78383,1,1,3,0,6,,,,N,PARKED,RESIDENCE,N,,,,,,,,,,,,,,,,,,,,,,0,,,,,,,,,,3,1,0,0,0,1,0,0,0,,,,,,,,
17064977,1,1,N,N,43,JM3KE2CY2G0804227,2016,3,63,2471,69,N,78741,1,2,8,2,4,,,,N,EZ AUTO AND TOWING SERVICE,OWNERS RESIDENCE/REQUEST,N,,,,,,,,,,,,,,,,,,,,,,37,,,,,,,,,,1,1,0,0,0,1,0,0,0,,,,,,,,
17064977,2,1,N,N,43,2G1105S37J9113081,2018,2,107,53,104,N,78728,2,,2,2,12,,,,N,,,N,,,,,,,,,,,,,,,,,,,,,,0,,,,,,,,,,5,1,0,0,1,0,0,1,0,,,,,,,,
17064978,1,1,N,N,43,1N4AL3APXEN223624,2014,17,71,500,104,N,78737,1,1,2,6,12,,,,N,DENVERS TOWING,DENVERS TOWING,N,,,,,,,,,,,,,,,,,,,,,,44,,,,,,,,,,2,1,0,0,0,1,0,0,0,,,,,,,,
17064978,2,1,N,N,43,KMHHT6KJ9FU130102,2015,3,45,3563,100,N,78737,1,1,3,5,11,8,2,5,N,AVILES & GABES WRECKER SERVICE INC.,AVILES & GABES WRECKER SERVICE INC.,N,,,,,,,,,,,,,,,,,,,,,,0,,,,,,,,,,2,1,0,0,0,1,0,0,0,,,,,,,,
17064978,3,1,N,N,43,1HGCR3F82HA034496,2017,17,44,236,104,N,78613,1,1,8,4,5,2,1,12,N,,,N,,,,,,,,,,,,,,,,,,,,,,0,,,,,,,,,,2,2,0,0,0,1,0,0,0,,,,,,,,
17064978,4,1,N,N,43,4T1BF1FK8DU251963,2013,9,91,380,104,N,78610,1,1,6,2,6,,,,N,,,N,,,,,,,,,,,,,,,,,,,,,,0,,,,,,,,,,2,2,0,0,0,1,0,0,0,,,,,,,,
17064979,1,1,N,N,43,3GNEC12037G162640,2007,16,107,730,30,N,78724,1,1,3,7,11,,,,N,A-TEX TOWING,5526 1/2 W HWY 290,N,,,,,,,,,,,,,,,,,,,,,,71,,,,,,,,,,4,1,0,0,1,0,0,1,0,,,,,,,,
17064979,2,1,N,N,43,5TFCZ5AN6HX077369,2017,16,91,629,30,N,78653,1,1,3,7,11,,,,N,STARS TOWING,STARS TOWING,N,,,,,,,,,,,,,,,,,,,,,,0,,,,,,,,,,8,1,0,1,0,0,0,1,0,,,,,,,,
17064980,1,1,N,N,43,2T1KU4EE4BC737865,2011,21,91,1208,69,N,78702,1,1,11,3,9,,,,Y,EZ AUTO AND TOWING SERVICE,EZ AUTO AND TOWING SERVICE,N,,,,,,,,,,,,,,,,,,,,,,35,,,,,,,,,,1,1,0,0,0,1,0,0,0,,,,,,,,
17064980,2,1,N,N,43,JA32U2FU6AU026677,2010,9,68,744,104,N,75110,1,1,2,4,12,,,,Y,ATX-VIP TOWING SERVICES,ATX-VIP TOWING SERVICES,N,,,,,,,,,,,,,,,,,,,,,,0,,,,,,,,,,7,1,0,1,0,1,0,1,0,,,,,,,,
17064981,1,1,N,Y,43,1FMFK15538LA81385,2008,17,37,601,69,Y,78727,3,2,3,7,11,,,,Y,620 LAKESIDE TOWING,620 LAKESIDE TOWING,N,,,,,,,,,,,,,,,,,,,,,,67,,,,,,,,,,2,1,0,0,0,1,0,0,0,,,,,,,,
17064981,2,1,Y,N,43,1FTZF1722XKA86378,1999,2,37,2324,30,Y,78721,1,2,15,4,11,,,,N,,,N,,,,,,,,,,,,,,,,,,,,,,0,,,,,,,,,,6,1,0,0,0,0,0,0,0,,,,,,,,
17064982,1,1,N,N,43,4TAWN72N6XZ541665,1999,10,91,629,100,N,78676,1,2,4,3,12,,,,N,EZ TOW,EZ TOW,N,,,,,,,,,,,,,,,,,,,,,,44,,,,,,,,,,1,1,0,0,0,1,0,0,0,,,,,,,,
17064982,2,1,N,N,43,1GT121EG3BF182206,2011,,39,3080,104,N,78750,1,2,6,2,6,,,,N,,,N,,,,,,,,,,,,,,,,,,,,,,0,,,,,,,,,,1,1,0,0,0,1,0,0,0,,,,,,,,
17064982,3,1,N,N,43,3GCPCTEC9HG468469,2017,21,107,2236,30,N,78626,1,2,5,1,6,,,,N,,,N,,,,,,,,,,,,,,,,,,,,,,0,,,,,,,,,,1,2,0,0,0,1,0,0,0,,,,,,,,
17064982,4,6,,,,,,,,,,,78726,,,,,,,,,,,,,,,,,,,,,,,,,,,,,,,,,,0,,,,,,,,,,9,2,0,0,0,1,0,0,0,,,,,,,,
17064983,1,1,N,N,43,JTDJTUD39CD537020,2012,16,91,1477,100,N,78704,1,2,8,1,6,,,,N,,,N,,,,,,,,,,,,,,,,,,,,,,1,4,,,,,,,,,2,1,0,0,0,2,0,0,0,,,,,,,,
17064983,2,1,N,N,43,JHLRD68505C003925,2005,21,44,605,104,N,78727,1,2,3,3,12,2,3,11,N,EZ AUTO AND TOWING SERVICE,8036 OAK HILL,N,,,,,,,,,,,,,,,,,,,,,,0,,,,,,,,,,2,1,0,0,0,1,0,0,0,,,,,,,,
17064983,3,1,N,N,43,3TMLU4EN9EM136872,2014,21,91,629,30,N,78704,1,2,8,1,5,,,,N,,,N,,,,,,,,,,,,,,,,,,,,,,0,,,,,,,,,,2,2,0,0,0,2,0,0,0,,,,,,,,
17064984,1,1,N,N,43,1GCFG15X571241347,2007,21,107,731,103,N,78753,1,1,15,3,8,,,,N,ROCHAS TOWING SERVICE,ROCHAS TOWING SERVICE,N,,,,,,,,,,,,,,,,,,,,,,74,,,,,,,,,,5,1,0,0,0,3,0,0,0,,,,,,,,
17064984,2,1,N,N,43,2T1BU4EE8DC005158,2013,17,91,173,104,N,78744,1,1,2,4,12,,,,N,ROCHAS TOWING SERVICE,ROCHAS TOWING SERVICE,N,,,,,,,,,,,,,,,,,,,,,,0,,,,,,,,,,7,1,0,0,0,1,0,0,0,,,,,,,,
17064985,1,1,N,N,43,1C4NJPBA7FD358442,2015,2,429,1273,69,N,,1,1,3,3,12,,,,N,SOUTHSIDE WRECKER INC,8200 S. CONGRESS AVE,N,,,,,,,,,,,,,,,,,,,,,,41,,,20,,,,,,,3,1,0,0,0,1,0,0,0,,,,,,,,
17064985,2,1,N,N,43,55SWF4KB4FU029914,2015,2,65,671,104,N,,1,1,8,3,6,,,,N,,,N,,,,,,,,,,,,,,,,,,,,,,0,,,,,,,,,,3,1,0,0,0,1,0,0,0,,,,,,,,
17064987,1,1,N,N,43,JF1VA2L65F9832569,2015,17,85,4156,104,N,78750,1,2,2,4,12,,,,N,AVILES & GABES WRECKER SERVICE INC.,AVILES & GABES WRECKER SERVICE INC.,N,,,,,,,,,,,,,,,,,,,,,,20,,,,,,,,,,1,1,0,0,0,1,0,0,0,,,,,,,,
17064987,2,1,N,N,43,JM3KFACLXH0208649,2017,21,63,2471,104,N,78745,1,2,6,3,6,2,3,12,N,,,N,,,,,,,,,,,,,,,,,,,,,,0,,,,,,,,,,1,1,0,0,0,2,0,0,0,,,,,,,,
17064987,3,1,N,N,43,1C4PJLCB2KD241077,2019,2,429,1181,104,N,76427,1,2,6,2,6,2,2,12,N,,,N,,,,,,,,,,,,,,,,,,,,,,0,,,,,,,,,,1,2,0,0,0,2,0,0,0,,,,,,,,
17064987,4,1,N,N,9,1G1ZD5ST8KF106351,2019,21,107,56,104,N,74134,1,2,6,2,6,,,,N,,,N,,,,,,,,,,,,,,,,,,,,,,0,,,,,,,,,,1,2,0,0,0,1,0,0,0,,,,,,,,
17064988,1,1,N,N,43,KM8JN12D16U307752,2006,2,45,1431,104,N,78621,1,1,1,4,12,,,,N,SPECIAL AUTOMOTIVE SERVICE INC,SPECIAL AUTOMOTIVE SERVICE INC,N,,,,,,,,,,,,,,,,,,,,,,0,,,,,,,,,,8,1,0,0,0,1,0,0,0,,,,,,,,
17064988,2,1,N,N,43,5J6RE48599L043676,2009,3,44,605,104,N,78640,1,1,5,4,6,,,,N,ROCHAS TOWING SERVICE,ROCHAS TOWING SERVICE,N,,,,,,,,,,,,,,,,,,,,,,0,,,,,,,,,,8,1,0,0,0,1,0,0,0,,,,,,,,
17064989,1,1,N,N,43,5YFBURHE6HP629264,2017,2,91,173,104,Y,78705,1,2,2,2,12,,,,N,,,N,,,,,,,,,,,,,,,,,,,,,,44,,,,,,,,,,7,1,0,0,0,1,0,0,0,,,,,,,,
17064989,2,1,N,N,43,5NPE24AF5HH505380,2017,2,45,462,104,Y,78741,1,2,8,2,4,,,,N,,,N,,,,,,,,,,,,,,,,,,,,,,0,,,,,,,,,,7,1,1,0,0,1,0,1,0,,,,,,,,
17064990,1,1,N,N,43,1FADP3F20EL351008,2014,2,37,696,104,N,78704,1,1,5,1,6,,,,N,NONE,NONE,N,,,,,,,,,,,,,,,,,,,,,,4,19,20,,,,,,,,3,1,0,0,0,2,0,0,0,,,,,,,,
17064990,2,1,N,N,43,1FMCU0GX8DUB63459,2013,2,37,711,69,N,78704,1,1,7,1,6,1,1,12,N,NONE,NONE,N,,,,,,,,,,,,,,,,,,,,,,0,,,,,,,,,,3,1,0,0,1,0,0,1,0,,,,,,,,
17064990,3,1,N,N,43,5Y2SR67049Z411207,2009,,118,778,104,N,78704,1,1,1,3,12,,,,N,EZ AUTO AND TOWING SERVICE,EZ AUTO AND TOWING SERVICE,N,,,,,,,,,,,,,,,,,,,,,,0,,,,,,,,,,3,2,0,0,0,1,0,0,0,,,,,,,,
17064991,1,1,N,N,43,JTMZF33V695007226,2009,2,91,581,104,N,78758,1,2,15,1,9,,,,N,DRIVEN FROM SCENE,DRIVEN FROM SCENE,N,,,,,,,,,,,,,,,,,,,,,,0,,,,,,,,,,1,1,0,0,0,1,0,0,0,,,,,,,,
17064991,2,1,N,N,43,JF1GE6A68BH520088,2011,21,85,516,104,N,78750,1,2,10,3,3,,,,N,ARMADA TOWING,ARMADA TOWING,N,,,,,,,,,,,,,,,,,,,,,,0,,,,,,,,,,1,1,0,0,0,1,0,0,0,,,,,,,,
17064992,1,1,N,N,43,3N1CN7AP7GL827836,2016,21,71,1452,104,N,78752,1,2,2,4,11,,,,N,AVILES & GABES WRECKER SERVICE INC.,AVILES & GABES WRECKER SERVICE INC.,N,,,,,,,,,,,,,,,,,,,,,,40,,,,,,,,,,1,1,0,1,0,0,0,1,0,,,,,,,,
17064992,2,1,N,N,43,3N1AB7AP0EY203912,2014,2,71,341,104,N,78722,1,2,8,3,5,4,1,1,N,EZ AUTO AND TOWING SERVICE,EZ AUTO AND TOWING SERVICE,N,,,,,,,,,,,,,,,,,,,,,,0,,,,,,,,,,1,1,0,0,1,0,0,1,0,,,,,,,,
17064992,3,1,N,N,43,4T1BF1FK8EU315971,2014,2,91,380,104,N,76537,1,2,7,1,7,,,,N,,,N,,,,,,,,,,,,,,,,,,,,,,0,,,,,,,,,,1,2,0,0,1,0,0,1,0,,,,,,,,
17064993,1,1,N,N,43,1NXBU4EE1AZ243301,2010,17,91,178,104,N,78753,1,2,4,0,11,,,,N,,,N,,,,,,,,,,,,,,,,,,,,,,0,,,,,,,,,,1,1,0,0,0,2,0,0,0,,,,,,,,
17064993,2,4,,,,,,,,,,,,,,,,,,,,,,,,,,,,,,,,,,,,,,,,,,,,,74,,,,,,,,,,9,1,0,1,0,0,0,1,0,,,,,,,,
17065061,1,1,N,N,43,1C4RDHAG8DC692695,2013,2,109,635,69,N,78734,1,1,14,3,3,,,,N,HARPERS TOWING SERVICE INC,HARPERS TOWING SERVICE INC,N,,,,,,,,,,,,,,,,,,,,,,,,,15,,,,,,,3,1,0,0,0,3,0,0,0,,,,,,,,
17065061,2,1,N,N,43,3GCUKSEC3FG190987,2015,17,107,658,30,N,78636,1,1,2,2,12,,,,N,NOT TOWED,NOT TOWED,N,,,,,,,,,,,,,,,,,,,,,,,,,15,,,,,,,1,1,0,0,0,1,0,0,0,,,,,,,,
17065062,1,1,N,N,43,1N4AL21E57N431423,2007,2,71,500,104,N,78754,2,,2,1,12,,,,N,,,N,,,,,,,,,,,,,,,,,,,,,,44,20,,,,,,,,,8,1,0,0,0,4,0,0,0,,,,,,,,
17065062,2,1,N,N,43,1HGCR2F84GA030314,2016,21,44,236,104,N,78645,1,2,6,1,6,,,,N,,,N,,,,,,,,,,,,,,,,,,,,,,0,,,,,,,,,,8,1,0,0,0,1,0,0,0,,,,,,,,
17065062,3,1,N,N,43,1ZVHT80N585171620,2008,16,37,96,100,N,76244,1,2,6,1,7,,,,N,,,N,,,,,,,,,,,,,,,,,,,,,,0,,,,,,,,,,8,2,0,0,0,1,0,0,0,,,,,,,,
17065062,4,1,N,N,43,1N4AA5AP0BC869201,2011,2,71,297,104,N,78613,1,2,6,1,6,2,1,12,N,,,N,,,,,,,,,,,,,,,,,,,,,,0,,,,,,,,,,8,2,0,0,1,0,0,1,0,,,,,,,,
17065062,5,1,N,N,43,ML32F3FJ6KHF02563,2019,9,68,389,104,N,78723,1,2,2,2,12,,,,Y,ATX-VIP TOWING SERVICES,ATX-VIP TOWING SERVICES,N,,,,,,,,,,,,,,,,,,,,,,44,20,,,,,,,,,8,2,0,1,0,0,0,1,0,,,,,,,,
17065063,1,1,N,N,43,2GKALUEK8C6135272,2012,3,39,1392,69,N,78748,2,,2,4,12,,,,Y,LAMONT & SONS,LAMONT & SONS,N,,,,,,,,,,,,,,,,,,,,,,22,,,,,,,,,,6,1,0,0,0,1,0,0,0,,,,,,,,
17065063,2,1,N,N,43,5J6RW2H5XKL002772,2019,3,44,107,69,N,78723,1,2,6,2,6,,,,N,DRIVEN FROM SCENE,DRIVEN FROM SCENE,N,,,,,,,,,,,,,,,,,,,,,,0,,,,,,,,,,6,1,0,0,0,1,0,0,0,,,,,,,,
17065065,1,1,N,N,43,1FTRX12W25FB13995,2005,21,37,2324,30,N,78860,1,2,14,2,3,,,,N,,,N,,,,,,,,,,,,,,,,,,,,,,0,,,,,,,,,,1,1,0,0,0,1,0,0,0,,,,,,,,
17065065,2,1,N,N,43,1ZVBP8AM4E5289735,2014,16,37,96,100,N,78748,1,2,2,4,12,,,,N,,,N,,,,,,,,,,,,,,,,,,,,,,0,,,,,,,,,,5,1,0,1,0,0,0,1,0,,,,,,,,
17065065,3,1,N,N,43,3VW2K7AJ3FM406313,2015,9,96,316,104,N,78747,1,2,3,1,11,,,,N,,,N,,,,,,,,,,,,,,,,,,,,,,0,,,,,,,,,,3,2,0,0,0,1,0,0,0,,,,,,,,
17065066,1,1,N,N,43,1FADP3K24GL284809,2016,2,37,696,104,N,78704,1,2,3,3,11,,,,N,ARMADA TOWING,ARMADA TOWING,N,,,,,,,,,,,,,,,,,,,,,,0,,,,,,,,,,2,1,0,1,0,0,0,1,0,,,,,,,,
17065066,2,1,N,N,43,15GGD271XH3190731,2017,3,40,3031,47,N,78702,1,2,4,1,2,,,,N,,,N,,,,,,,,,,,,,,,,,,,,,,0,,,,,,,,,,2,1,0,0,0,1,0,0,0,,,,,,,,
17065067,1,1,N,N,43,1GRAA14258J628392,2008,21,157,1600,106,N,19044,1,1,14,1,1,,,,N,,,N,,,,,,,,,,,,,,,,,,,,,,,,,4,23,,,,,,1,1,0,0,0,2,0,0,0,,,,,,,,