Crash_ID,Unit_Nbr,Unit_Desc_ID,Veh_Parked_Fl,Veh_HNR_Fl,Veh_Lic_State_ID,VIN,Veh_Mod_Year,Veh_Color_ID,Veh_Make_ID,Veh_Mod_ID,Veh_Body_Styl_ID,Emer_Respndr_Fl,Ownr_Zip,Fin_Resp_Proof_ID,Fin_Resp_Type_ID,Veh_Dmag_Area_1_ID,Veh_Dmag_Scl_1_ID,Force_Dir_1_ID,Veh_Dmag_Area_2_ID,Veh_Dmag_Scl_2_ID,Force_Dir_2_ID,Veh_Inventoried_Fl,Veh_Transp_Name,Veh_Transp_Dest,Veh_Cmv_Fl,Cmv_Fiveton_Fl,Cmv_Hazmat_Fl,Cmv_Nine_Plus_Pass_Fl,Cmv_Veh_Oper_ID,Cmv_Carrier_ID_Type_ID,Cmv_Carrier_Zip,Cmv_Veh_Type_ID,Cmv_GVWR,Cmv_RGVW,Cmv_Hazmat_Rel_Fl,Hazmat_Cls_1_ID,Hazmat_IDNbr_1_ID,Hazmat_Cls_2_ID,Hazmat_IDNbr_2_ID,Cmv_Cargo_Body_ID,Cmv_Evnt1_ID,Cmv_Evnt2_ID,Cmv_Evnt3_ID,Cmv_Evnt4_ID,Cmv_Tot_Axle,Cmv_Tot_Tire,Contrib_Factr_1_ID,Contrib_Factr_2_ID,Contrib_Factr_3_ID,Contrib_Factr_P1_ID,Contrib_Factr_P2_ID,Veh_Dfct_1_ID,Veh_Dfct_2_ID,Veh_Dfct_3_ID,Veh_Dfct_P1_ID,Veh_Dfct_P2_ID,Veh_Trvl_Dir_ID,First_Harm_Evt_Inv_ID,Sus_Serious_Injry_Cnt,Nonincap_Injry_Cnt,Poss_Injry_Cnt,Non_Injry_Cnt,Unkn_Injry_Cnt,Tot_Injry_Cnt,Death_Cnt,Cmv_Disabling_Damage_Fl,Cmv_Bus_Type_ID,Trlr_GVWR,Trlr_RGVW,Trlr_Type_ID,Trlr_Disabling_Dmag_ID,Cmv_Intermodal_Container_Permit_Fl,CMV_Actual_Gross_Weight
17065230,1,1,N,N,43,1FMRU17L43LA50884,2003,10,37,601,104,N,78660,1,2,13,3,9,,,,Y,620 LAKESIDE TOWING,620 LAKESIDE TOWING,N,,,,,,,,,,,,,,,,,,,,,,37,,,,,,,,,,3,1,1,0,0,0,0,1,0,,,,,,,,
17065230,2,1,N,N,43,1C4BJWCG9CL284720,2012,2,429,1464,104,N,78641,1,2,4,2,11,,,,Y,PRONTO WRECKER SERVICE NORTH,OWNERS RESIDENCE/REQUEST,N,,,,,,,,,,,,,,,,,,,,,,0,,,,,,,,,,5,1,0,0,0,1,0,0,0,,,,,,,,
17065231,1,1,N,Y,,,,,,,30,N,,,,,,,,,,,,,N,,,,,,,,,,,,,,,,,,,,,,20,,,,,,,,,,2,1,0,0,0,0,1,0,0,,,,,,,,
17065231,2,1,N,N,43,1G6DP1E37D0168202,2013,21,106,728,100,N,78653,1,2,6,2,6,,,,N,,,N,,,,,,,,,,,,,,,,,,,,,,0,,,,,,,,,,2,1,0,2,0,0,0,2,0,,,,,,,,
17065232,1,1,N,Y,43,5UXFE43538L008032,2008,2,14,632,69,N,78628,,,2,4,12,,,,N,620 LAKESIDE TOWING,620 LAKESIDE TOWING,N,,,,,,,,,,,,,,,,,,,,,,20,,,67,,,,,,,6,1,0,0,0,0,1,0,0,,,,,,,,
17065232,2,1,Y,N,43,1FMDK03W08GA07587,2008,3,37,2992,69,N,78750,1,1,6,5,6,,,,N,620 LAKESIDE TOWING,620 LAKESIDE TOWING,N,,,,,,,,,,,,,,,,,,,,,,0,,,,,,,,,,6,1,0,0,0,0,0,0,0,,,,,,,,
17065232,3,1,Y,N,43,5NPEU46F47H250321,2007,2,45,462,104,N,78750,1,1,2,2,12,,,,N,,,N,,,,,,,,,,,,,,,,,,,,,,0,,,,,,,,,,2,2,0,0,0,0,0,0,0,,,,,,,,
17065233,1,1,N,N,43,3MYDLBYV3JY316375,2018,3,91,1477,104,N,78704,1,1,14,1,4,,,,Y,A-TEX TOWING,5526 1/2 W HWY 290,N,,,,,,,,,,,,,,,,,,,,,,16,20,,,,,,,,,1,1,0,0,0,1,0,0,0,,,,,,,,
17065233,2,1,N,N,43,5XYKT4A11DG351949,2013,21,55,767,69,N,78725,1,1,4,1,1,,,,Y,STARS TOWING,STARS TOWING,N,,,,,,,,,,,,,,,,,,,,,,0,,,,,,,,,,7,1,0,0,1,1,0,1,0,,,,,,,,
17065236,1,1,N,Y,43,2G1WA5E31E1101009,2019,2,107,53,104,N,78660,2,,2,3,12,,,,N,ARMADA TOWING,ARMADA TOWING,N,,,,,,,,,,,,,,,,,,,,,,0,,,,,,,,,,6,1,0,0,0,0,1,0,0,,,,,,,,
17065240,1,1,N,N,43,1C4PJLCSXGW171856,2016,17,429,970,69,N,76502,1,2,10,2,3,,,,Y,620 LAKESIDE TOWING,620 LAKESIDE TOWING,N,,,,,,,,,,,,,,,,,,,,,,37,,,,,,,,,,3,1,0,0,1,0,0,1,0,,,,,,,,
17065240,2,1,N,N,43,5TDDK3EH0CS165057,2012,9,91,721,69,N,78748,1,2,2,2,12,,,,N,FINGER TOWING SERVICE,FINGER TOWING SERVICE,N,,,,,,,,,,,,,,,,,,,,,,0,,,,,,,,,,7,1,0,0,1,3,0,1,0,,,,,,,,
17065241,1,1,N,N,43,WBAYE8C50ED780671,2014,3,14,881,104,N,78641,1,1,11,1,10,,,,N,,,N,,,,,,,,,,,,,,,,,,,,,,45,,,37,,,,,,,8,1,0,0,0,2,0,0,0,,,,,,,,
17065241,2,1,N,N,43,2C3CCABG2JH227504,2018,21,21,65,104,N,75261,1,2,8,1,2,,,,N,,,N,,,,,,,,,,,,,,,,,,,,,,,,,57,,,,,,,8,1,0,0,0,3,0,0,0,,,,,,,,
17065242,1,1,N,N,43,1C4HJWEG1FL518098,2015,16,429,1464,69,N,78741,1,2,11,1,8,,,,N,,,N,,,,,,,,,,,,,,,,,,,,,,74,,,,,,,,,,5,1,0,0,1,0,0,1,0,,,,,,,,
17065242,2,1,N,N,43,1FMCU0F77DUD68188,2013,2,37,711,69,N,78701,2,,10,2,4,,,,N,,,N,,,,,,,,,,,,,,,,,,,,,,0,,,,,,,,,,5,1,0,0,0,1,0,0,0,,,,,,,,
17065243,1,1,N,N,43,2HGFG118X6H553583,2006,21,44,256,104,N,78718,1,1,2,4,2,,,,N,620 LAKESIDE TOWING,620 LAKESIDE TOWING,N,,,,,,,,,,,,,,,,,,,,,,0,,,,,,,,,,2,1,0,0,0,1,0,0,0,,,,,,,,
17065243,2,1,N,N,43,JN1BY1PP7GM630064,2016,3,47,3578,104,N,78717,1,1,2,3,10,,,,N,620 LAKESIDE TOWING,620 LAKESIDE TOWING,N,,,,,,,,,,,,,,,,,,,,,,0,,,,,,,,,,6,1,0,1,0,0,0,1,0,,,,,,,,
17065244,1,1,N,Y,43,2LMDU68C78BJ31623,2008,21,113,1203,104,N,78741,2,,12,5,2,,,,,ATX-VIP TOWING SERVICES,VIP,N,,,,,,,,,,,,,,,,,,,,,,20,,,,,,,,,,1,1,0,0,0,0,1,0,0,,,,,,,,
17065244,2,1,N,N,43,1C4NJCBA5JD705678,2016,9,429,981,104,N,78728,2,,15,6,9,,,,Y,STARS TOWING,STARS TOWING,N,,,,,,,,,,,,,,,,,,,,,,20,,,,,,,,,,1,1,0,3,0,0,0,3,0,,,,,,,,
17065250,1,1,N,N,43,1HGCT2A84EA002373,2014,2,44,236,104,N,78148,1,1,1,4,12,,,,N,ROCHAS TOWING SERVICE,ROCHAS TOWING SERVICE,N,,,,,,,,,,,,,,,,,,,,,,20,,,,,,,,,,5,1,0,0,0,1,0,0,0,,,,,,,,
17065250,2,1,N,N,43,5J8TB3H34GL003324,2016,21,1,1301,104,N,77493,1,1,5,4,6,,,,N,STARS TOWING,STARS TOWING,N,,,,,,,,,,,,,,,,,,,,,,0,,,,,,,,,,5,1,0,0,0,1,0,0,0,,,,,,,,
17065261,1,1,N,Y,,,,,,,104,N,,,,,,,,,,,,,N,,,,,,,,,,,,,,,,,,,,,,20,,,,,,,,,,6,1,0,0,0,0,1,0,0,,,,,,,,
17065261,2,4,,,,,,,,,,,,,,,,,,,,,,,,,,,,,,,,,,,,,,,,,,,,,0,,,,,,,,,,9,1,0,0,1,0,0,1,0,,,,,,,,
17065262,1,1,N,Y,5,JTHBA1D22H5061418,2017,21,58,2441,104,N,30348,2,,3,3,11,,,,Y,620 LAKESIDE TOWING,620 LAKESIDE TOWING,N,,,,,,,,,,,,,,,,,,,,,,0,,,,,,,,,,11,1,0,0,0,0,1,0,0,,,,,,,,
17065265,1,1,N,N,18,1GCWGGCG5F1200351,2015,21,107,731,103,N,,2,,8,2,3,,,,N,,,N,,,,,,,,,,,,,,,,,,,,,,74,,,,,,,,,,3,1,0,0,0,2,0,0,0,,,,,,,,
17065265,2,4,,,,,,,,,,,,,,,,,,,,,,,,,,,,,,,,,,,,,,,,,,,,,0,,,,,,,,,,9,2,0,0,0,1,0,0,0,,,,,,,,
17065266,1,1,N,N,43,5NPEC4AC8DH588641,2013,21,45,462,104,N,78613,1,1,2,0,12,,,,N,,,N,,,,,,,,,,,,,,,,,,,,,,,,,19,,,,,,,11,1,0,0,0,2,0,0,0,,,,,,,,
17065266,2,1,N,N,43,5TDKK3DC6CS194026,2012,18,91,648,103,N,78724,1,1,5,0,6,,,,N,,,N,,,,,,,,,,,,,,,,,,,,,,0,,,,,,,,,,11,1,0,1,0,2,0,1,0,,,,,,,,
17065267,1,1,N,N,43,1GCWGFCA5D1180296,2013,21,107,60,103,N,78752,1,2,2,3,12,,,,N,A & A WRECKER SOUTH,A & A WRECKER SOUTH,N,,,,,,,,,,,,,,,,,,,,,,0,,,,,,,,,,3,1,0,0,0,2,0,0,0,,,,,,,,
17065267,2,1,N,N,43,JH4KA766XMC024433,1991,9,1,449,104,N,78741,1,2,15,3,9,,,,N,AUSTIN EXPRESS TOWING INC.,AUSTIN EXPRESS TOWING INC.,N,,,,,,,,,,,,,,,,,,,,,,0,,,,,,,,,,7,1,0,0,0,1,0,0,0,,,,,,,,
17065269,1,1,N,N,43,1N4AL3AP8DN540235,2013,21,71,500,104,N,78613,1,1,2,5,12,,,,N,620 LAKESIDE TOWING,620 LAKESIDE TOWING,N,,,,,,,,,,,,,,,,,,,,,,0,,,,,,,,,,8,1,0,0,0,1,0,0,0,,,,,,,,
17065270,1,1,N,N,43,JHLRD1867WC058224,1998,17,44,605,104,N,78681,1,1,2,5,12,,,,Y,AUS-TEX AUTO ENTERPRISES LLC,AUS-TEX AUTO ENTERPRISES LLC,N,,,,,,,,,,,,,,,,,,,,,,0,,,,,,,,,,5,1,0,0,2,0,0,2,0,,,,,,,,
17065271,1,1,N,N,43,JTDBT903594059887,2009,17,91,1477,104,N,78756,1,2,16,3,3,,,,N,,,N,,,,,,,,,,,,,,,,,,,,,,37,,,,,,,,,,2,1,0,0,0,1,0,0,0,,,,,,,,
17065271,2,1,N,N,43,JTDKARFU9J3057088,2018,21,91,702,104,N,78704,1,2,2,4,12,,,,N,EZ AUTO AND TOWING SERVICE,EZ AUTO AND TOWING SERVICE,N,,,,,,,,,,,,,,,,,,,,,,0,,,,,,,,,,6,1,0,0,0,2,0,0,0,,,,,,,,
17065272,1,1,N,N,43,YV4952CY8E1686423,2014,21,98,781,69,N,78732,1,1,3,2,12,,,,N,,,N,,,,,,,,,,,,,,,,,,,,,,41,,,,,,,,,,1,1,0,0,0,4,0,0,0,,,,,,,,
17065272,2,1,N,N,43,1HD1GX41X8K308710,2008,2,42,1527,71,N,78726,1,1,9,1,10,16,1,1,N,,,N,,,,,,,,,,,,,,,,,,,,,,0,,,,,,,,,,5,1,0,1,0,0,0,1,0,,,,,,,,
17065273,1,1,N,N,43,1HGCS2B83AA001811,2010,21,44,236,104,N,78722,1,2,2,1,12,,,,N,AVILES & GABES WRECKER SERVICE INC.,AVILES & GABES WRECKER SERVICE INC.,N,,,,,,,,,,,,,,,,,,,,,,0,,,,,,,,,,5,1,0,0,0,1,0,0,0,,,,,,,,
17065273,2,1,N,N,43,3FAHP0JAXBR281819,2011,21,37,1097,104,N,78723,1,2,3,1,11,,,,N,EZ AUTO AND TOWING SERVICE,EZ AUTO AND TOWING SERVICE,N,,,,,,,,,,,,,,,,,,,,,,0,,,,,,,,,,1,1,0,0,0,1,0,0,0,,,,,,,,
17065274,1,1,N,N,43,4T1BG22K5XU561789,1999,18,91,380,104,N,78724,2,,17,7,9,,,,N,SOUTHSIDE WRECKER INC,8200 S. CONGRESS AVE,N,,,,,,,,,,,,,,,,,,,,,,74,,,,,,,,,,1,1,0,0,0,0,0,0,1,,,,,,,,
17065275,1,1,N,N,17,2FMPK4K89JBB80089,2018,,37,1035,104,N,32578,1,2,2,0,12,,,,N,,,N,,,,,,,,,,,,,,,,,,,,,,37,,,20,,,,,,,7,1,0,0,0,2,0,0,0,,,,,,,,
17065275,2,3,,,,,,,,,,,,,,,,,,,,,,,,,,,,,,,,,,,,,,,,,,,,,0,,,,,,,,,,9,1,0,0,1,0,0,1,0,,,,,,,,
17065276,1,1,N,N,43,JTHBJ46GX72008394,2007,2,58,1052,104,N,78704,1,2,3,4,10,,,,Y,ROCHAS TOWING SERVICE,ROCHAS TOWING SERVICE,N,,,,,,,,,,,,,,,,,,,,,,0,,,,,,,,,,3,1,0,1,0,0,0,1,0,,,,,,,,
17065276,2,1,N,N,43,JHLRD78876C058566,2006,21,44,605,69,N,78745,1,2,2,4,12,,,,Y,SPECIAL AUTOMOTIVE SERVICE INC,SPECIAL AUTOMOTIVE SERVICE INC,N,,,,,,,,,,,,,,,,,,,,,,0,,,,,,,,,,5,1,0,1,0,0,0,1,0,,,,,,,,
17065335,1,1,N,N,43,5N1DL0MN1KC500129,2019,11,47,3579,103,N,78723,1,2,10,2,3,,,,N,,,N,,,,,,,,,,,,,,,,,,,,,,0,,,,,,,,,,3,1,0,0,0,6,0,0,0,,,,,,,,
17065335,2,1,N,N,43,JHLRD68535C016264,2005,17,44,107,69,N,78621,1,2,11,2,10,2,2,12,Y,SPECIAL AUTOMOTIVE SERVICE INC,SPECIAL AUTOMOTIVE SERVICE INC,N,,,,,,,,,,,,,,,,,,,,,,0,,,,,,,,,,3,1,0,1,0,0,0,1,0,,,,,,,,
17065336,1,1,N,N,3,2FALP71W6VX118685,1996,2,37,995,104,N,78654,2,,2,2,12,,,,N,,,N,,,,,,,,,,,,,,,,,,,,,,,,,37,,,,,,,2,1,0,0,0,1,0,0,0,,,,,,,,
17065336,2,1,N,N,43,2FALP71W6VX11868,1976,3,107,50,100,N,78613,1,2,15,3,10,,,,Y,620 LAKESIDE TOWING,620 LAKESIDE TOWING,N,,,,,,,,,,,,,,,,,,,,,,0,,,,,,,,,,6,1,0,0,0,1,0,0,0,,,,,,,,
17065337,1,1,N,N,43,19XFC2F59JE015573,2018,21,44,256,104,N,78043,1,2,2,3,12,,,,N,HARPERS TOWING SERVICE INC,HARPERS TOWING SERVICE INC,N,,,,,,,,,,,,,,,,,,,,,,,,,20,,,,,,,5,1,0,0,0,1,0,0,0,,,,,,,,
17065337,2,1,N,N,43,4T4BF3EK0BR209416,2011,17,91,380,104,N,78748,1,2,6,2,6,,,,N,STARS TOWING,STARS TOWING,N,,,,,,,,,,,,,,,,,,,,,,0,,,,,,,,,,5,1,0,0,0,1,0,0,0,,,,,,,,
17065338,1,1,N,N,43,1HGCM71777A021858,2007,16,44,236,104,N,78756,1,2,3,3,12,,,,N,,,N,,,,,,,,,,,,,,,,,,,,,,0,,,,,,,,,,5,1,0,0,0,1,0,0,0,,,,,,,,
17065338,2,1,N,N,43,1FMYU03Z17KB60786,2007,10,37,711,104,N,78727,1,2,4,4,12,,,,N,AUS-TEX AUTO ENTERPRISES LLC,AUS-TEX AUTO ENTERPRISES LLC,N,,,,,,,,,,,,,,,,,,,,,,0,,,,,,,,,,5,1,0,0,0,1,0,0,0,,,,,,,,
17065339,1,1,N,N,43,1HGFA16576L044053,2006,8,44,256,104,N,78758,1,2,11,3,11,,,,N,NOT TOWED,,N,,,,,,,,,,,,,,,,,,,,,,0,,,,,,,,,,5,1,0,0,0,4,0,0,0,,,,,,,,
17065339,2,1,N,N,43,1FAHP2MK6JG141174,2018,12,37,376,104,Y,78701,4,,2,2,12,,,,N,NOT TOWED,,N,,,,,,,,,,,,,,,,,,,,,,74,,,,,,,,,,7,1,0,0,0,1,0,0,0,,,,,,,,
17065340,1,1,N,N,43,1FAHP2F86DG148406,2013,17,37,376,104,N,78741,1,1,15,3,7,,,,N,,,N,,,,,,,,,,,,,,,,,,,,,,20,,,,,,,,,,7,1,0,0,0,1,0,0,0,,,,,,,,
17065340,2,1,N,N,43,3AKJGBDV8FSGC4701,2012,21,38,1524,87,N,44720,1,1,10,1,2,,,,N,,,Y,Y,Y,N,2,2,44720,2,14000,0,N,2,175,,,4,13,,,,,,0,,,,,,,,,,7,1,0,0,0,1,0,0,0,N,0,,,,,N,
17065340,3,6,,,,,,,,,,,44720,,,,,,,,,,,,,,,,,,,,,,,,,,,,,,,,,,0,,,,,,,,,,9,2,0,0,0,0,0,0,0,,,0,66000,1,N,,
17065341,1,1,N,Y,43,1C6RR6FG9FS658814,2015,5,109,2275,30,N,78724,1,2,12,4,2,,,,N,,,N,,,,,,,,,,,,,,,,,,,,,,0,,,,,,,,,,1,1,0,0,0,0,1,0,0,,,,,,,,
17065341,2,1,Y,N,46,2T1BU4EE1DC073706,2013,17,91,1449,104,N,234512414,2,,4,5,12,,,,N,,,N,,,,,,,,,,,,,,,,,,,,,,0,,,,,,,,,,1,1,0,0,0,0,1,0,0,,,,,,,,
17065341,3,1,Y,N,43,1N4BL11E15C182917,2005,2,71,500,104,N,78703,1,2,9,1,9,,,,N,,,N,,,,,,,,,,,,,,,,,,,,,,0,,,,,,,,,,5,2,0,0,0,0,1,0,0,,,,,,,,
17065342,1,1,N,N,43,2GNALAEK7F6385687,2015,21,107,1048,104,N,78520,1,2,1,1,12,,,,N,,,N,,,,,,,,,,,,,,,,,,,,,,44,,,20,,,,,,,1,1,0,0,0,1,0,0,0,,,,,,,,
17065342,2,1,N,N,43,19XFB2F59EE254694,2014,9,44,256,104,N,75035,1,2,5,1,6,,,,N,,,N,,,,,,,,,,,,,,,,,,,,,,0,,,,,,,,,,1,1,0,0,1,1,0,1,0,,,,,,,,
17065343,1,1,N,N,43,4M2DU86W85ZJ08945,2005,17,114,618,69,N,78744,1,2,2,7,11,18,7,3,N,A-TEX TOWING,5526 1/2 W HWY 290,N,,,,,,,,,,,,,,,,,,,,,,41,,,19,,,,,,,1,1,0,2,0,0,0,2,0,,,,,,,,
17065345,1,1,N,N,43,KNDPM3AC8H7187231,2017,9,55,767,104,N,78759,1,1,9,1,9,2,1,12,Y,ROCHAS TOWING SERVICE,ROCHAS TOWING SERVICE,N,,,,,,,,,,,,,,,,,,,,,,20,,,,,,,,,,2,1,0,0,1,0,0,1,0,,,,,,,,
17065345,2,1,N,Y,43,2G1FC1ED0B9164188,2011,16,107,,104,N,77437,2,,,,,,,,,,,N,,,,,,,,,,,,,,,,,,,,,,0,,,,,,,,,,3,1,0,0,0,0,1,0,0,,,,,,,,
17065347,1,1,N,N,43,3FA6P0HR1DR253770,2013,21,37,1097,104,N,78759,1,1,15,3,9,,,,N,NOT TOWED,NOT TOWED,N,,,,,,,,,,,,,,,,,,,,,,0,,,,,,,,,,7,1,0,0,0,3,0,0,0,,,,,,,,
17065347,2,1,N,N,43,KNMAT2MT5HP508253,2017,2,71,1310,69,N,78750,1,1,4,2,11,,,,N,NOT TOWED,NOT TOWED,N,,,,,,,,,,,,,,,,,,,,,,0,,,,,,,,,,1,1,0,0,1,0,0,1,0,,,,,,,,
17065349,1,1,N,Y,43,1GCEC14K9SZ107464,1995,16,107,,30,N,78744,2,,2,5,12,,,,Y,SOUTHSIDE WRECKER INC,8200 S. CONGRESS AVE,N,,,,,,,,,,,,,,,,,,,,,,22,,,,,,,,,,7,1,0,0,0,0,1,0,0,,,,,,,,
17065349,2,1,Y,N,43,1GTEC29J39Z178286,2009,3,39,3080,30,N,78744,1,1,7,3,6,4,3,12,N,,,N,,,,,,,,,,,,,,,,,,,,,,0,,,,,,,,,,7,1,0,0,0,0,0,0,0,,,,,,,,
17065349,3,1,Y,N,43,2T1BR18E1WC057763,1998,2,91,178,104,N,78744,2,,8,3,6,,,,N,,,N,,,,,,,,,,,,,,,,,,,,,,0,,,,,,,,,,7,2,0,0,0,0,0,0,0,,,,,,,,
17065350,1,1,N,N,43,1XPFDR9X1YN523074,2000,13,74,4058,87,N,78723,1,1,12,1,2,,,,N,,,Y,Y,N,N,2,2,78723,8,0,64000,N,,,,,6,13,,,,,,0,,,,,,,,,,5,1,0,0,0,1,0,0,0,N,0,,,,,N,
17065350,2,1,N,N,43,JM1BJ225830116173,2003,3,63,434,104,N,78729,1,1,13,4,9,3,4,10,N,AVILES & GABES WRECKER SERVICE INC.,AVILES & GABES WRECKER SERVICE INC.,N,,,,,,,,,,,,,,,,,,,,,,0,,,,,,,,,,5,1,0,0,0,1,0,0,0,,,,,,,,
17065351,1,1,N,N,43,JT8BF28G8X0149902,1999,17,58,1050,104,N,78744,1,1,13,3,5,,,,N,AUS-TEX AUTO ENTERPRISES LLC,OWNER'S REQUEST,N,,,,,,,,,,,,,,,,,,,,,,37,,,,,,,,,,1,1,0,1,0,0,0,1,0,,,,,,,,
17065351,2,1,N,N,43,2LMDU68C47BJ40083,2007,21,113,1203,104,N,78748,1,1,4,3,12,,,,N,,,N,,,,,,,,,,,,,,,,,,,,,,0,,,,,,,,,,3,1,0,0,0,1,0,0,0,,,,,,,,
17065352,1,1,N,N,43,1G1ZJ57B09F136642,2009,18,107,56,104,N,78702,2,,3,5,10,,,,N,,,N,,,,,,,,,,,,,,,,,,,,,,37,,,,,,,,,,1,1,0,0,0,1,0,0,0,,,,,,,,
17065352,2,1,N,N,43,1FAHP3M29CL453604,2012,17,37,696,104,N,77095,1,2,4,6,2,,,,,ROCHAS TOWING SERVICE,ROCHAS TOWING SERVICE,N,,,,,,,,,,,,,,,,,,,,,,0,,,,,,,,,,3,1,0,0,0,1,0,0,0,,,,,,,,
17066494,1,1,N,Y,113,,,21,208,763,30,N,,2,,2,1,12,,,,N,,,N,,,,,,,,,,,,,,,,,,,,,,22,,,,,,,,,,3,1,0,0,0,0,1,0,0,,,,,,,,
17066494,2,1,N,N,43,2T2ZK1BA2DC113212,2013,21,58,1318,69,N,78731,1,2,6,1,6,,,,N,,,N,,,,,,,,,,,,,,,,,,,,,,0,,,,,,,,,,3,1,0,0,0,1,0,0,0,,,,,,,,
17067023,1,1,N,N,43,2HKRW1H83JH518694,2018,21,44,236,104,N,78209,1,1,2,4,1,,,,N,,,N,,,,,,,,,,,,,,,,,,,,,,0,,,,,,,,,,1,1,0,0,3,0,0,3,0,,,,,,,,
17067023,2,1,N,N,43,1FADP3M20HL232009,2017,16,37,696,104,N,77032,1,7,9,4,9,,,,Y,K&S TOWING,FM 1626 MANCHACA ROAD AUSTIN TEXAS,N,,,,,,,,,,,,,,,,,,,,,,15,20,,,,,,,,,7,1,0,0,0,1,0,0,0,,,,,,,,
17067342,1,1,N,N,43,3VW2B7AJ3JM226693,2018,16,96,316,104,N,78735,1,1,2,2,12,6,2,6,N,DRIVEN AWAY,DRIVER,N,,,,,,,,,,,,,,,,,,,,,,22,20,,,,,,,,,2,1,0,0,0,1,0,0,0,,,,,,,,
17067342,2,1,N,N,43,SHSRD78873U105180,2003,21,44,605,69,N,78735,1,2,2,3,12,,,,N,DRIVEN AWAY,BY DRIVER,N,,,,,,,,,,,,,,,,,,,,,,22,20,,,,,,,,,2,2,0,0,0,1,0,0,0,,,,,,,,
17067342,3,1,N,N,43,4T1BF1FK6FU039095,2015,9,91,380,104,N,78749,1,2,6,3,6,,,,N,DRIVEN AWAY,BY DRIVER,N,,,,,,,,,,,,,,,,,,,,,,0,,,,,,,,,,2,1,0,0,0,1,0,0,0,,,,,,,,
17067623,1,1,N,N,43,YV1622FS7C2131924,2012,21,98,723,104,N,77381,1,2,10,3,3,,,,N,SOUTHSIDE WRECKER INC,"8200 SOUTH CONGRESS, AUSTIN, TX 78745",N,,,,,,,,,,,,,,,,,,,,,,0,,,,,,,,,,1,1,0,0,0,1,0,0,0,,,,,,,,
17067623,2,1,N,N,43,3MZBN1V30JM208541,2018,17,63,3917,104,N,78704,1,2,2,4,12,,,,N,SOUTHSIDE WRECKER INC,"8200 SOUTH CONGRESS, AUSTIN, TX, 78745",N,,,,,,,,,,,,,,,,,,,,,,15,,,,,,,,,,7,1,0,0,0,1,0,0,0,,,,,,,,
17067851,1,1,N,N,43,1C3CDZAB1EN200373,2014,16,109,549,104,N,78744,2,,2,3,12,,,,N,SPECIAL AUTOMOTIVE SERVICE INC,SPECIAL AUTOMOTIVE SERVICE INC,N,,,,,,,,,,,,,,,,,,,,,,45,,,,,,,,,,2,1,0,0,0,1,0,0,0,,,,,,,,
17067851,2,1,N,N,43,1FMRU17W64LA21334,2004,10,37,101,69,N,78616,2,,6,2,6,,,,N,,,N,,,,,,,,,,,,,,,,,,,,,,0,,,,,,,,,,2,1,0,0,0,1,0,0,0,,,,,,,,
17067852,1,1,N,Y,43,JTLZE4FE5B1128237,2011,15,91,4331,69,N,78750,1,1,,,,,,,,,,N,,,,,,,,,,,,,,,,,,,,,,44,,,,,,,,,,1,1,0,0,0,0,1,0,0,,,,,,,,
17067852,2,1,N,N,43,1HGCV1F35JA195273,2018,9,44,236,104,N,78681,1,1,6,2,6,,,,N,,,N,,,,,,,,,,,,,,,,,,,,,,0,,,,,,,,,,1,1,0,0,1,0,0,1,0,,,,,,,,
17067853,1,1,N,N,43,1GKFC13J27R133199,2007,2,39,479,69,N,78704,1,1,10,7,3,,,,N,SOUTHSIDE WRECKER INC,8200 S. CONGRESS AVE,N,,,,,,,,,,,,,,,,,,,,,,20,,,,,,,,,,5,1,0,0,0,1,0,0,0,,,,,,,,
17067853,2,1,N,N,43,3VW5P7ATXDM803627,2013,4,96,181,104,N,78702,1,1,1,7,12,,,,N,HARPERS TOWING SERVICE INC,HARPERS TOWING SERVICE INC,N,,,,,,,,,,,,,,,,,,,,,,0,,,,,,,,,,1,1,0,0,0,1,0,0,0,,,,,,,,
17067854,1,1,N,Y,43,1GNSKJKC8GR389404,2016,2,107,249,69,N,,2,,2,2,12,,,,N,,,N,,,,,,,,,,,,,,,,,,,,,,44,,,,,,,,,,1,1,0,0,0,0,1,0,0,,,,,,,,
17067854,2,1,N,N,43,,2016,2,14,2165,104,N,78745,2,,6,2,6,,,,N,,,N,,,,,,,,,,,,,,,,,,,,,,0,,,,,,,,,,1,1,0,0,0,0,1,0,0,,,,,,,,
17067855,1,1,N,Y,,,,3,171,,0,N,,2,,,,,,,,N,,,N,,,,,,,,,,,,,,,,,,,,,,,,,36,,,,,,,11,1,0,0,0,0,1,0,0,,,,,,,,
17067855,2,3,,,,,,,,,,,,,,,,,,,,,,,,,,,,,,,,,,,,,,,,,,,,,0,,,,,,,,,,9,1,0,0,1,0,0,1,0,,,,,,,,
17067856,1,1,N,Y,,,,,,,0,N,,2,,2,2,12,,,,N,,,N,,,,,,,,,,,,,,,,,,,,,,,,,44,,,,,,,3,1,0,0,0,0,1,0,0,,,,,,,,
17067856,2,1,N,N,43,,2015,16,91,380,104,N,78664,2,,6,2,6,,,,N,,,N,,,,,,,,,,,,,,,,,,,,,,0,,,,,,,,,,3,1,0,0,1,0,0,1,0,,,,,,,,
17067858,1,1,N,N,43,5J6RM4H55GL131804,2016,21,44,605,104,N,,1,2,2,3,,,,,N,620 LAKESIDE TOWING,620 LAKESIDE TOWING,N,,,,,,,,,,,,,,,,,,,,,,0,,,,,,,,,,1,1,0,1,0,0,0,1,0,,,,,,,,