Crash_ID,Unit_Nbr,Unit_Desc_ID,Veh_Parked_Fl,Veh_HNR_Fl,Veh_Lic_State_ID,VIN,Veh_Mod_Year,Veh_Color_ID,Veh_Make_ID,Veh_Mod_ID,Veh_Body_Styl_ID,Emer_Respndr_Fl,Ownr_Zip,Fin_Resp_Proof_ID,Fin_Resp_Type_ID,Veh_Dmag_Area_1_ID,Veh_Dmag_Scl_1_ID,Force_Dir_1_ID,Veh_Dmag_Area_2_ID,Veh_Dmag_Scl_2_ID,Force_Dir_2_ID,Veh_Inventoried_Fl,Veh_Transp_Name,Veh_Transp_Dest,Veh_Cmv_Fl,Cmv_Fiveton_Fl,Cmv_Hazmat_Fl,Cmv_Nine_Plus_Pass_Fl,Cmv_Veh_Oper_ID,Cmv_Carrier_ID_Type_ID,Cmv_Carrier_Zip,Cmv_Veh_Type_ID,Cmv_GVWR,Cmv_RGVW,Cmv_Hazmat_Rel_Fl,Hazmat_Cls_1_ID,Hazmat_IDNbr_1_ID,Hazmat_Cls_2_ID,Hazmat_IDNbr_2_ID,Cmv_Cargo_Body_ID,Cmv_Evnt1_ID,Cmv_Evnt2_ID,Cmv_Evnt3_ID,Cmv_Evnt4_ID,Cmv_Tot_Axle,Cmv_Tot_Tire,Contrib_Factr_1_ID,Contrib_Factr_2_ID,Contrib_Factr_3_ID,Contrib_Factr_P1_ID,Contrib_Factr_P2_ID,Veh_Dfct_1_ID,Veh_Dfct_2_ID,Veh_Dfct_3_ID,Veh_Dfct_P1_ID,Veh_Dfct_P2_ID,Veh_Trvl_Dir_ID,First_Harm_Evt_Inv_ID,Sus_Serious_Injry_Cnt,Nonincap_Injry_Cnt,Poss_Injry_Cnt,Non_Injry_Cnt,Unkn_Injry_Cnt,Tot_Injry_Cnt,Death_Cnt,Cmv_Disabling_Damage_Fl,Cmv_Bus_Type_ID,Trlr_GVWR,Trlr_RGVW,Trlr_Type_ID,Trlr_Disabling_Dmag_ID,Cmv_Intermodal_Container_Permit_Fl,CMV_Actual_Gross_Weight
17067985,2,1,N,N,43,1HGCR2F33GA118677,2016,3,44,236,104,N,78727,1,2,2,2,12,,,,N,620 LAKESIDE TOWING,620 LAKESIDE TOWING,N,,,,,,,,,,,,,,,,,,,,,,0,,,,,,,,,,11,1,0,0,0,1,0,0,0,,,,,,,,
17067986,1,1,N,N,43,1NXBR12E82Z636802,2002,,91,173,104,N,78758,1,1,15,3,,4,2,10,N,ARMADA TOWING SOUTH,ARMADA TOWING SOUTH,N,,,,,,,,,,,,,,,,,,,,,,16,,,,,,,,,,5,1,0,0,0,1,0,0,0,,,,,,,,
17067986,2,1,N,N,43,5NPEB4AC2EH838153,2014,,45,462,104,N,78759,1,1,15,3,11,,,,N,,,N,,,,,,,,,,,,,,,,,,,,,,0,,,,,,,,,,3,1,0,0,0,1,0,0,0,,,,,,,,
17067986,3,1,N,N,43,JTDZN3EU3D3246454,2013,,91,4329,104,N,78757,1,1,15,3,7,,,,N,,,N,,,,,,,,,,,,,,,,,,,,,,0,,,,,,,,,,7,2,0,0,0,2,0,0,0,,,,,,,,
17067986,4,1,N,N,43,WDC0G4JB5HF187435,2017,,65,3930,104,N,78757,1,1,3,3,11,,,,N,620 LAKESIDE TOWING,620 LAKESIDE TOWING,N,,,,,,,,,,,,,,,,,,,,,,0,,,,,,,,,,7,2,0,0,0,1,0,0,0,,,,,,,,
17067987,1,1,N,N,43,1HGCR2F17HA176310,2017,21,44,236,104,N,78717,1,2,2,3,12,,,,Y,ATX-VIP TOWING SERVICES,ATX-VIP TOWING SERVICES,N,,,,,,,,,,,,,,,,,,,,,,20,,,,,,,,,,1,1,0,1,1,0,0,2,0,,,,,,,,
17067987,2,1,N,N,43,4T1BE46K39U318769,2009,17,91,380,104,N,78744,1,2,6,2,6,,,,N,,,N,,,,,,,,,,,,,,,,,,,,,,0,,,,,,,,,,1,1,0,0,0,2,0,0,0,,,,,,,,
17067988,1,1,N,N,43,1G2JB12F847359314,2004,17,118,561,100,N,78741,1,1,2,1,12,,,,N,,,N,,,,,,,,,,,,,,,,,,,,,,44,,,,,,,,,,7,1,0,0,0,1,0,0,0,,,,,,,,
17067988,2,1,N,N,43,JF1VA1L63H9830638,2017,17,85,4156,104,N,78745,1,1,6,1,6,,,,N,,,N,,,,,,,,,,,,,,,,,,,,,,0,,,,,,,,,,7,1,0,0,0,1,0,0,0,,,,,,,,
17067989,1,1,N,N,43,5J6RE3H79BL004300,2011,9,44,605,69,N,78749,1,1,3,3,11,,,,N,ATX-VIP TOWING SERVICES,ATX-VIP TOWING SERVICES,N,,,,,,,,,,,,,,,,,,,,,,35,,,,,,,,,,7,1,0,0,0,1,0,0,0,,,,,,,,
17067989,2,1,N,N,43,3VW2B7AJ2HM259498,2017,9,96,316,104,N,78745,1,1,16,3,3,,,,N,ROCHAS TOWING SERVICE,OWNERS RESIDENCE/REQUEST,N,,,,,,,,,,,,,,,,,,,,,,0,,,,,,,,,,1,1,0,0,1,0,0,1,0,,,,,,,,
17069322,1,1,N,N,43,2G1FC1E31D9149502,2013,9,107,46,100,N,78741,3,1,4,2,10,,,,N,DRIVER,DRIVEN AWAY,N,,,,,,,,,,,,,,,,,,,,,,17,,,65,,,,,,,5,1,0,0,0,1,0,0,0,,,,,,,,
17069322,2,1,N,N,43,JM1BL1U77D1831928,2013,17,63,1210,104,N,78701,1,2,9,3,8,,,,N,DRIVER,DRIVEN AWAY,N,,,,,,,,,,,,,,,,,,,,,,0,,,,,,,,,,3,1,0,0,0,1,0,0,0,,,,,,,,
17069384,1,1,N,N,43,3GNFK12307G193779,2007,3,107,730,106,N,78757,1,2,2,5,12,,,,Y,STARS TOWING,STARS TOWING,N,,,,,,,,,,,,,,,,,,,,,,0,,,,,,,,,,2,1,0,0,0,1,0,0,0,,,,,,,,
17069384,2,1,N,N,43,3N1BC1CP3CK252758,2012,2,71,1452,104,N,TX,1,2,2,7,12,,,,Y,STARS TOWING,STARS TOWING,N,,,,,,,,,,,,,,,,,,,,,,0,,,,,,,,,,6,1,0,1,0,0,0,1,0,,,,,,,,
17070095,1,1,N,N,43,1GNLC2EC4FR546458,2015,2,107,547,105,Y,78626,1,7,11,3,7,,,,N,CENTEX WRECKER,"3101 SE INNER LOOP, GEORGETOWN TX. 78626",N,,,,,,,,,,,,,,,,,,,,,,65,,,,,,,,,,7,1,0,0,0,1,0,0,0,,,,,,,,
17070095,2,1,N,N,43,1GNFC13047R320289,2007,3,107,547,69,N,78664,1,2,16,3,1,,,,N,LAKESIDE WRECKER,12400 ANDERSON MILL RD. AUSTIN TX 78726,N,,,,,,,,,,,,,,,,,,,,,,0,,,,,,,,,,7,1,0,0,0,1,0,0,0,,,,,,,,
17070161,1,1,N,N,43,JM1DKDD74J0309689,2018,21,63,2471,104,N,78744,1,2,4,3,12,,,,N,,,N,,,,,,,,,,,,,,,,,,,,,,0,,,,,,,,,,1,1,0,0,0,1,0,0,0,,,,,,,,
17070163,1,1,N,N,43,1FTZX1723XKB43491,1999,21,37,602,30,N,78724,1,2,2,2,12,,,,N,EZ AUTO AND TOWING SERVICE,EZ AUTO AND TOWING SERVICE,N,,,,,,,,,,,,,,,,,,,,,,20,,,,,,,,,,5,2,0,0,0,1,0,0,0,,,,,,,,
17070163,2,1,N,N,43,1FM5K7D8XDGC05682,2013,21,37,711,104,N,77063,1,2,1,2,12,6,1,6,,,,N,,,,,,,,,,,,,,,,,,,,,,20,,,,,,,,,,5,1,0,0,0,1,0,0,0,,,,,,,,
17070163,3,1,N,N,43,1FMFU19507LA57483,2007,9,37,695,104,N,78726,1,2,,,,,,,N,,,N,,,,,,,,,,,,,,,,,,,,,,0,,,,,,,,,,5,1,0,0,0,1,0,0,0,,,,,,,,
17070164,1,1,N,N,43,1HGCR3F8XDA041853,2013,2,44,236,104,N,78681,1,2,3,3,11,,,,N,RTX TOWING,RTX TOWING,N,,,,,,,,,,,,,,,,,,,,,,34,,,,,,,,,,8,1,0,0,0,1,0,0,0,,,,,,,,
17070164,2,1,N,N,43,5YFBU4EE6CP038237,2012,21,91,173,104,N,78660,1,2,4,2,1,,,,N,,,N,,,,,,,,,,,,,,,,,,,,,,0,,,,,,,,,,2,1,0,0,0,1,0,0,0,,,,,,,,
17070165,1,1,N,N,43,5N1AR18W25C782120,2005,9,71,531,69,N,78702,1,1,2,5,12,,,,N,A & A WRECKER NORTH,A & A WRECKER NORTH,N,,,,,,,,,,,,,,,,,,,,,,19,20,,,,,,,,,2,1,0,0,0,1,0,0,0,,,,,,,,
17070165,2,1,N,N,43,5NPEC4AB5CH481777,2012,2,45,557,104,N,78741,1,1,6,6,6,,,,N,STARS TOWING,STARS TOWING,N,,,,,,,,,,,,,,,,,,,,,,0,,,,,,,,,,2,1,0,1,0,0,0,1,0,,,,,,,,
17070166,1,1,N,N,43,2GNALAEK9F1138698,2015,8,107,1048,69,N,78726,1,1,2,3,12,,,,N,620 LAKESIDE TOWING,620 LAKESIDE TOWING,N,,,,,,,,,,,,,,,,,,,,,,20,,,,,,,,,,3,1,0,0,0,2,0,0,0,,,,,,,,
17070166,2,1,N,N,43,JT3GM84R9X0045222,1999,2,91,395,69,N,78727,1,1,6,3,6,,,,N,NA,NA,N,,,,,,,,,,,,,,,,,,,,,,0,,,,,,,,,,3,1,0,0,0,1,0,0,0,,,,,,,,
17070167,1,1,N,N,43,KM8JN12D55U204610,2005,9,45,1431,69,N,78735,1,2,10,3,9,,,,Y,A-TEX TOWING,5526 1/2 W HWY 290,N,,,,,,,,,,,,,,,,,,,,,,37,,,,,,,,,,3,1,0,0,0,1,0,0,0,,,,,,,,
17070167,2,1,N,N,43,KNAFX4A87E5160627,2014,17,55,1093,104,N,78735,1,2,2,2,12,,,,N,,,N,,,,,,,,,,,,,,,,,,,,,,0,,,,,,,,,,7,1,0,0,0,1,0,0,0,,,,,,,,
17070169,1,1,N,N,43,4T1BG22K1YU987626,2000,21,91,178,104,N,78745,1,2,1,3,12,,,,N,,,N,,,,,,,,,,,,,,,,,,,,,,74,,,,,,,,,,1,1,0,0,1,0,0,1,0,,,,,,,,
17070169,2,1,N,N,43,1N4BL21E07N495681,2007,2,71,500,104,N,78744,1,2,4,3,12,,,,N,,,N,,,,,,,,,,,,,,,,,,,,,,0,,,,,,,,,,5,1,0,0,1,0,0,1,0,,,,,,,,
17070170,1,1,N,N,43,3GNFK16Z53G177120,2003,4,107,2203,69,N,78744,1,2,3,5,12,9,2,10,N,SPECIAL AUTOMOTIVE SERVICE INC,SPECIAL AUTOMOTIVE SERVICE INC,N,,,,,,,,,,,,,,,,,,,,,,74,,,,,,,,,,2,1,0,1,0,0,0,1,0,,,,,,,,
17070170,2,1,N,N,43,1G1ZG5E77CF171599,2012,18,107,56,104,N,78745,1,2,12,5,3,,,,N,ROCHAS TOWING SERVICE,ROCHAS TOWING SERVICE,N,,,,,,,,,,,,,,,,,,,,,,74,,,,,,,,,,4,1,0,2,0,0,0,2,0,,,,,,,,
17070171,1,1,N,N,43,1GNSCBE05CR264696,2012,2,107,547,69,N,78745,1,2,11,4,10,,,,N,ROCHAS TOWING SERVICE,ROCHAS TOWING SERVICE,N,,,,,,,,,,,,,,,,,,,,,,66,,,19,,,,,,,2,1,0,0,0,1,0,0,0,,,,,,,,
17070171,2,1,N,N,43,1FAHP34NX7W245889,2007,17,37,696,104,N,78758,2,,12,4,2,,,,N,A-TEX TOWING,5526 1/2 W HWY 290,N,,,,,,,,,,,,,,,,,,,,,,0,,,,,,,,,,2,1,0,0,0,1,0,0,0,,,,,,,,
17070172,1,1,N,N,43,1FTEW1C85AFC23175,2010,9,37,602,30,N,78734,1,2,29,0,,,,,Y,LAMONT & SONS,LAMONT & SONS,N,,,,,,,,,,,,,,,,,,,,,,67,68,,,,,,,,,11,1,0,0,0,2,0,0,0,,,,,,,,
17070173,1,1,N,N,43,3C6TR4HT8HG763245,2017,21,710,4101,30,N,60143,1,1,3,1,12,,,,N,,,N,,,,,,,,,,,,,,,,,,,,,,74,,,,,,,,,,1,1,0,0,1,0,0,1,0,,,,,,,,
17070175,1,1,N,N,43,WA1CFAFP5BA042015,2011,2,8,453,69,N,78721,2,,2,5,12,,,,Y,ROCHAS TOWING SERVICE,ROCHAS TOWING SERVICE,N,,,,,,,,,,,,,,,,,,,,,,20,74,,,,,,,,,3,1,0,2,0,0,0,2,0,,,,,,,,
17070175,2,1,N,N,43,2B3LA33V99H540346,2009,21,109,74,104,N,78721,1,1,6,4,6,,,,Y,ROCHAS TOWING SERVICE,ROCHAS TOWING SERVICE,N,,,,,,,,,,,,,,,,,,,,,,0,,,,,,,,,,3,1,0,1,0,0,0,1,0,,,,,,,,
17070175,3,1,Y,N,43,ZFBCFYCB5HP576471,2017,2,35,2314,69,N,78721,1,1,11,1,9,,,,N,,,N,,,,,,,,,,,,,,,,,,,,,,0,,,,,,,,,,3,2,0,0,0,0,1,0,0,,,,,,,,
17070176,1,1,N,N,43,3GYFNAE34CS532041,2012,3,106,1373,69,N,78662,1,1,2,4,12,,,,N,HARPERS TOWING SERVICE INC,HARPERS TOWING SERVICE INC,N,,,,,,,,,,,,,,,,,,,,,,,,,4,,,,,,,11,1,0,1,0,0,0,1,0,,,,,,,,
17070176,2,1,N,N,43,JTDZN3EU1FJ039107,2015,5,91,702,69,N,78602,1,1,3,3,11,,,,N,HARPERS TOWING SERVICE INC,HARPERS TOWING SERVICE INC,N,,,,,,,,,,,,,,,,,,,,,,0,,,,,,,,,,11,1,0,0,2,0,0,2,0,,,,,,,,
17070178,1,1,N,N,43,1C4RJFAG4HC721628,2017,2,429,1116,69,N,78703,1,2,2,3,12,,,,N,,,N,,,,,,,,,,,,,,,,,,,,,,22,,,,,,,,,,5,1,0,0,0,1,0,0,0,,,,,,,,
17070178,2,1,N,N,43,2FMDK3KC7BBB54688,2011,21,37,1035,104,N,78660,1,2,2,6,12,6,1,6,N,A-TEX TOWING,5526 1/2 W HWY 290,N,,,,,,,,,,,,,,,,,,,,,,0,,,,,,,,,,5,1,0,0,0,1,0,0,0,,,,,,,,
17070178,3,1,N,N,43,JM3KE2CY8G0691903,2016,9,63,2471,104,N,78613,1,2,6,4,6,1,3,12,N,SPECIAL AUTOMOTIVE SERVICE INC,5700 BURLESON RD,N,,,,,,,,,,,,,,,,,,,,,,0,,,,,,,,,,5,2,0,0,0,1,0,0,0,,,,,,,,
17070178,4,1,N,N,43,1FTNR1YG1FKA84023,2015,21,37,375,103,Y,78664,1,2,6,2,6,,,,N,,,N,,,,,,,,,,,,,,,,,,,,,,0,,,,,,,,,,5,2,0,0,0,1,0,0,0,,,,,,,,
17070179,1,1,N,N,43,1D7RB1GP6AS237890,2010,12,109,2275,30,N,78720,1,2,3,4,11,,,,N,,,N,,,,,,,,,,,,,,,,,,,,,,20,22,23,,,,,,,,7,1,0,0,0,1,0,0,0,,,,,,,,
17070179,2,1,N,N,43,3N1AB6AP3CL690771,2012,2,71,341,104,N,76548,1,2,2,7,12,,,,N,A & A WRECKER SOUTH,IMPOUND,N,,,,,,,,,,,,,,,,,,,,,,0,,,,,,,,,,3,1,0,0,0,1,0,0,0,,,,,,,,
17070182,1,1,N,N,43,1FADP3H25HL257868,2017,16,37,696,104,N,78753,1,2,6,2,6,,,,N,,,N,,,,,,,,,,,,,,,,,,,,,,0,,,,,,,,,,8,1,0,0,0,1,0,0,0,,,,,,,,
17070182,2,1,N,N,43,3GCPWBEF4KG129525,2019,3,107,2236,30,N,,1,2,2,2,,,,,N,,,N,,,,,,,,,,,,,,,,,,,,,,20,,,,,,,,,,8,1,0,0,0,1,0,0,0,,,,,,,,
17070190,1,1,N,N,43,WBANU53578CT13262,2008,8,14,632,104,N,78613,1,2,2,1,12,,,,N,ATX-VIP TOWING SERVICES,ATX-VIP TOWING SERVICES,N,,,,,,,,,,,,,,,,,,,,,,44,,,,,,,,,,8,1,0,0,0,1,0,0,0,,,,,,,,
17070190,2,1,N,N,43,JTDKN3DU3E1835343,2014,17,91,702,104,N,78759,1,2,6,2,6,2,1,12,N,DRIVEN BY OWNER,,N,,,,,,,,,,,,,,,,,,,,,,0,,,,,,,,,,8,1,0,1,0,0,0,1,0,,,,,,,,
17070190,3,1,N,N,43,WA1BNAFY4J2150013,2018,9,8,1284,69,N,78731,3,2,6,1,6,,,,N,DRIVEN BY DRIVER,,N,,,,,,,,,,,,,,,,,,,,,,0,,,,,,,,,,8,2,0,1,0,0,0,1,0,,,,,,,,
17070195,1,1,N,N,43,3CZRM3H3XDG710773,2013,1,44,605,69,N,78733,1,2,2,1,12,,,,N,,,N,,,,,,,,,,,,,,,,,,,,,,20,,,,,,,,,,2,1,0,0,0,1,0,0,0,,,,,,,,
17070195,2,4,,,,,,,,,,,,,,,,,,,,,,,,,,,,,,,,,,,,,,,,,,,,,0,,,,,,,,,,9,1,0,1,0,0,0,1,0,,,,,,,,
17070196,1,1,N,N,43,1GCDC14K0NZ205606,1992,3,107,2236,30,N,78664,1,2,2,6,12,,,,N,A & A WRECKER SOUTH,A & A WRECKER SOUTH,N,,,,,,,,,,,,,,,,,,,,,,44,,,20,,,,,,,1,1,0,0,0,2,0,0,0,,,,,,,,
17070196,2,1,N,N,43,1FTRF12276NA35933,2006,2,37,2324,30,N,78640,1,2,6,3,6,,,,N,,,N,,,,,,,,,,,,,,,,,,,,,,0,,,,,,,,,,1,1,0,0,0,1,0,0,0,,,,,,,,
17070198,1,1,N,N,27,3CZRU6H71HM705439,2017,2,44,107,104,N,68105,1,2,11,4,10,,,,N,EZ AUTO AND TOWING SERVICE,EZ AUTO AND TOWING SERVICE,N,,,,,,,,,,,,,,,,,,,,,,35,,,,,,,,,,2,1,0,0,0,2,0,0,0,,,,,,,,
17070198,2,1,N,N,4,2C4RC1CG0HR744132,2017,7,21,1270,103,N,72834,1,2,12,2,2,,,,N,,,N,,,,,,,,,,,,,,,,,,,,,,0,,,,,,,,,,4,1,0,0,1,2,0,1,0,,,,,,,,
17070199,1,1,N,N,43,1LNHM81W03Y700580,2003,17,113,114,104,N,,1,1,10,4,3,,,,N,,,N,,,,,,,,,,,,,,,,,,,,,,0,,,,,,,,,,3,1,0,0,0,1,0,0,0,,,,,,,,
17070199,2,1,N,N,43,1FTRW076X2KD44801,2002,21,37,101,30,N,78752,2,,2,1,12,,,,N,MUSTANG,UNKNOWN,N,,,,,,,,,,,,,,,,,,,,,,0,,,,,,,,,,1,1,0,0,0,1,0,0,0,,,,,,,,
17070201,1,1,N,N,43,2C4RDGBG1FR537070,2011,10,109,550,103,N,78754,1,1,2,4,12,8,2,5,,TOW AND GO,TOW AND GO,N,,,,,,,,,,,,,,,,,,,,,,44,,,,,,,,,,6,1,0,2,0,0,0,2,0,,,,,,,,
17070201,2,1,N,N,43,4S4WX96D184406406,2008,,85,1415,69,N,78724,1,2,3,2,11,,,,N,,,N,,,,,,,,,,,,,,,,,,,,,,44,,,,,,,,,,6,1,0,0,0,2,0,0,0,,,,,,,,
17070201,3,1,N,N,43,2LMHJ5FK9DBL51905,2013,2,113,1202,69,N,77642,1,2,6,4,6,1,1,12,,SOUTHSIDE WRECKER INC,5800 COLTON RD,N,,,,,,,,,,,,,,,,,,,,,,0,,,,,,,,,,6,2,0,2,0,0,0,2,0,,,,,,,,
17070201,4,1,N,N,43,2FABP7BV0BX119148,2011,10,37,995,104,N,78753,1,2,6,1,6,,,,,,,N,,,,,,,,,,,,,,,,,,,,,,0,,,,,,,,,,6,2,0,1,0,1,0,1,0,,,,,,,,
17070203,1,1,N,N,43,1HGCM72616A012948,2006,2,44,236,100,N,78748,1,1,3,3,11,,,,N,ROCHAS TOWING SERVICE,ROCHAS TOWING SERVICE,N,,,,,,,,,,,,,,,,,,,,,,,,,44,,,,,,,5,1,0,0,0,1,0,0,0,,,,,,,,
17070203,2,1,N,N,43,3GNAXHEV5KL203918,2019,2,107,1048,69,N,78759,1,1,8,3,5,,,,N,NOT TOWED,NOT TOWED,N,,,,,,,,,,,,,,,,,,,,,,0,,,,,,,,,,5,1,0,0,0,1,0,0,0,,,,,,,,
17070266,1,1,N,N,43,3GNAL2EK1ES522287,2014,1,107,2208,103,N,78744,1,2,2,1,12,,,,N,NOT TOWED,NOT TOWED,N,,,,,,,,,,,,,,,,,,,,,,0,,,,,,,,,,6,1,0,0,0,1,0,0,0,,,,,,,,
17070266,2,1,N,N,43,4T4BF1FK6CR185479,2012,3,91,380,104,N,78753,1,2,6,0,6,,,,N,NOT TOWED,NOT TOWED,N,,,,,,,,,,,,,,,,,,,,,,0,,,,,,,,,,6,1,0,0,1,2,0,1,0,,,,,,,,
17070268,1,1,N,N,43,1FM5K7B83JGB19435,2018,21,37,554,104,N,78666,4,,4,1,12,,,,N,,,N,,,,,,,,,,,,,,,,,,,,,,,,,20,,,,,,,4,1,0,0,0,1,0,0,0,,,,,,,,
17070268,2,1,N,N,43,JT3GN86R120241223,2002,18,91,395,104,N,76712,1,1,7,1,6,,,,N,,,N,,,,,,,,,,,,,,,,,,,,,,0,,,,,,,,,,4,1,0,0,0,1,0,0,0,,,,,,,,
17070269,1,1,N,N,43,4S3BE686447201662,2004,11,85,1268,104,N,78753,3,2,1,5,12,,,,N,EZ TOW,"1830 OAK HILL LANE, AUSTIN, TX, 78744",N,,,,,,,,,,,,,,,,,,,,,,15,20,,,,,,,,,6,1,0,0,0,1,0,0,0,,,,,,,,
17070269,2,1,N,N,43,1N4BL4BV8KN322347,2019,3,71,500,104,N,74134,1,2,10,5,3,,,,N,ROCHA'S TOWING SERVICE,"5700 BURLESON ROAD, AUSTIN, TEXAS, 78744",N,,,,,,,,,,,,,,,,,,,,,,0,,,,,,,,,,8,1,0,1,0,0,0,1,0,,,,,,,,
17070270,1,1,N,N,43,1C3CCCAB6FN720487,2015,17,21,2258,104,N,78653,1,2,2,4,12,,,,Y,EZ AUTO AND TOWING SERVICE,EZ AUTO AND TOWING SERVICE,N,,,,,,,,,,,,,,,,,,,,,,20,,,,,,,,,,6,1,0,1,0,0,0,1,0,,,,,,,,
17070270,2,1,N,N,43,KMHDC8AE8CU137682,2012,9,45,3562,104,N,78754,2,,2,4,12,,,,Y,ARMADA TOWING,ARMADA TOWING,N,,,,,,,,,,,,,,,,,,,,,,0,,,,,,,,,,1,1,0,1,0,1,0,1,0,,,,,,,,
17070271,1,1,N,N,43,3N1CB51D85L484602,2005,2,71,341,104,N,78660,1,2,3,2,11,,,,,ROCHAS TOWING SERVICE,ROCHAS TOWING SERVICE,N,,,,,,,,,,,,,,,,,,,,,,0,,,,,,,,,,3,1,0,1,0,0,0,1,0,,,,,,,,
17070271,2,1,N,N,43,5NMSG3AB3AH379468,2010,3,45,713,104,N,78664,1,2,6,7,6,,,,,,,N,,,,,,,,,,,,,,,,,,,,,,0,,,,,,,,,,3,1,0,0,0,1,0,0,0,,,,,,,,
17070272,1,1,N,N,43,1C6RR7NTXHS634349,2017,16,109,2275,30,N,73344,1,2,6,2,6,,,,N,DRIVEN AWAY,DRIVEN AWAY,N,,,,,,,,,,,,,,,,,,,,,,4,,,,,,,,,,4,1,0,0,0,1,0,0,0,,,,,,,,
17070272,2,1,N,N,43,1NXBU40E39Z072408,2009,10,91,173,104,N,78753,1,2,2,2,12,,,,N,DRIVEN AWAY,DRIVEN AWAY,N,,,,,,,,,,,,,,,,,,,,,,0,,,,,,,,,,4,1,0,0,0,1,0,0,0,,,,,,,,
17070273,1,1,N,N,43,JTDKDTB35D1040452,2013,13,91,4327,104,N,76537,1,1,2,2,12,,,,N,,,N,,,,,,,,,,,,,,,,,,,,,,22,,,,,,,,,,6,1,0,0,0,1,0,0,0,,,,,,,,
17070273,2,1,N,N,43,1C4PJLLX0KD145055,2019,2,429,970,104,N,78717,1,1,6,2,6,,,,N,,,N,,,,,,,,,,,,,,,,,,,,,,0,,,,,,,,,,6,1,0,0,0,1,0,0,0,,,,,,,,
17070273,3,1,N,N,43,2C3CDZBT4JH305726,2018,22,109,73,100,N,78634,1,1,5,1,6,,,,N,,,N,,,,,,,,,,,,,,,,,,,,,,0,,,,,,,,,,6,2,0,0,0,1,0,0,0,,,,,,,,
17070274,1,1,N,N,43,3D4PG4FB7AT158515,2010,21,109,1166,69,N,78653,1,2,2,5,12,,,,N,AVILES & GABES WRECKER SERVICE INC.,AVILES & GABES WRECKER SERVICE INC.,N,,,,,,,,,,,,,,,,,,,,,,74,,,,,,,,,,3,1,0,0,0,1,0,0,0,,,,,,,,
17070276,1,1,N,N,43,5YFBURHE1FP287414,2015,17,91,173,104,N,78758,1,2,5,1,6,,,,N,,,N,,,,,,,,,,,,,,,,,,,,,,3,20,,,,,,,,,5,1,0,0,0,1,0,0,0,,,,,,,,
17070276,2,1,N,N,43,JYARJ10E36A000319,2006,3,101,4660,71,N,78726,1,2,1,2,12,13,1,9,N,,,N,,,,,,,,,,,,,,,,,,,,,,0,,,,,,,,,,1,1,0,0,0,1,0,0,0,,,,,,,,
17070277,1,1,N,N,43,1XP5DR9X0SN381240,2009,21,535,1966,106,N,78653,1,2,,,,,,,,,,N,,,,,,,,,,,,,,,,,,,,,,68,,,,,,,,,,3,1,0,0,0,1,0,0,0,,,,,,,,
17070277,2,6,,,,,,,,,,,78653,,,,,,,,,,,,,,,,,,,,,,,,,,,,,,,,,,0,,,,,,,,,,9,2,0,0,0,1,0,0,0,,,,,,,,
17070277,3,1,N,N,1,1GKFK13087J167737,2007,,39,479,69,N,,1,1,10,4,2,,,,,,,N,,,,,,,,,,,,,,,,,,,,,,0,,,,,,,,,,3,1,0,0,0,1,0,0,0,,,,,,,,
17070278,1,1,N,N,43,5YFBURHE5HP641535,2017,15,91,173,104,N,78653,1,2,3,3,11,,,,N,,,N,,,,,,,,,,,,,,,,,,,,,,20,,,,,,,,,,1,1,0,0,0,1,0,0,0,,,,,,,,
17070278,2,3,,,,,,,,,,,,,,,,,,,,,,,,,,,,,,,,,,,,,,,,,,,,,0,,,,,,,,,,9,1,0,0,1,0,0,1,0,,,,,,,,
17070279,1,1,N,N,43,JM1BL1VF3B1478574,2011,9,63,1210,104,N,78613,1,2,2,4,,,,,N,620 LAKESIDE TOWING,620 LAKESIDE TOWING,N,,,,,,,,,,,,,,,,,,,,,,20,,,19,,,,,,,5,1,0,0,0,1,0,0,0,,,,,,,,
17070279,2,1,N,N,43,1FTVW1ET3CKD61292,2012,5,37,2324,30,N,78613,1,2,6,3,6,,,,N,,,N,,,,,,,,,,,,,,,,,,,,,,0,,,,,,,,,,5,1,0,0,0,1,0,0,0,,,,,,,,
17070280,1,1,N,N,43,3C6TRVCG7JE138742,2018,21,710,4101,103,N,78750,1,2,4,2,1,,,,N,,,N,,,,,,,,,,,,,,,,,,,,,,20,,,19,,,,,,,6,1,0,0,0,1,0,0,0,,,,,,,,
17070280,2,1,N,N,43,5N1AA0NC3EN604121,2014,17,71,784,69,N,78664,1,2,7,2,7,,,,N,,,N,,,,,,,,,,,,,,,,,,,,,,0,,,,,,,,,,6,1,0,0,0,1,0,0,0,,,,,,,,
17070281,1,1,N,N,43,1FTFW1CF6BKD68477,2011,17,37,2324,30,N,76542,1,1,2,4,12,,,,N,,,N,,,,,,,,,,,,,,,,,,,,,,22,,,,,,,,,,6,1,0,0,1,0,0,1,0,,,,,,,,
17070281,2,1,N,N,43,1D7RB1CP4AS180014,2010,17,109,2275,30,N,78745,1,1,6,2,6,2,2,12,N,,,N,,,,,,,,,,,,,,,,,,,,,,0,,,,,,,,,,6,1,0,0,0,1,0,0,0,,,,,,,,
17070281,3,1,N,N,43,3GNBABFW2BS505330,2011,21,107,1142,104,N,78681,1,1,5,1,6,,,,N,,,N,,,,,,,,,,,,,,,,,,,,,,0,,,,,,,,,,6,2,0,0,0,1,0,0,0,,,,,,,,