Crash_ID,Unit_Nbr,Unit_Desc_ID,Veh_Parked_Fl,Veh_HNR_Fl,Veh_Lic_State_ID,VIN,Veh_Mod_Year,Veh_Color_ID,Veh_Make_ID,Veh_Mod_ID,Veh_Body_Styl_ID,Emer_Respndr_Fl,Ownr_Zip,Fin_Resp_Proof_ID,Fin_Resp_Type_ID,Veh_Dmag_Area_1_ID,Veh_Dmag_Scl_1_ID,Force_Dir_1_ID,Veh_Dmag_Area_2_ID,Veh_Dmag_Scl_2_ID,Force_Dir_2_ID,Veh_Inventoried_Fl,Veh_Transp_Name,Veh_Transp_Dest,Veh_Cmv_Fl,Cmv_Fiveton_Fl,Cmv_Hazmat_Fl,Cmv_Nine_Plus_Pass_Fl,Cmv_Veh_Oper_ID,Cmv_Carrier_ID_Type_ID,Cmv_Carrier_Zip,Cmv_Veh_Type_ID,Cmv_GVWR,Cmv_RGVW,Cmv_Hazmat_Rel_Fl,Hazmat_Cls_1_ID,Hazmat_IDNbr_1_ID,Hazmat_Cls_2_ID,Hazmat_IDNbr_2_ID,Cmv_Cargo_Body_ID,Cmv_Evnt1_ID,Cmv_Evnt2_ID,Cmv_Evnt3_ID,Cmv_Evnt4_ID,Cmv_Tot_Axle,Cmv_Tot_Tire,Contrib_Factr_1_ID,Contrib_Factr_2_ID,Contrib_Factr_3_ID,Contrib_Factr_P1_ID,Contrib_Factr_P2_ID,Veh_Dfct_1_ID,Veh_Dfct_2_ID,Veh_Dfct_3_ID,Veh_Dfct_P1_ID,Veh_Dfct_P2_ID,Veh_Trvl_Dir_ID,First_Harm_Evt_Inv_ID,Sus_Serious_Injry_Cnt,Nonincap_Injry_Cnt,Poss_Injry_Cnt,Non_Injry_Cnt,Unkn_Injry_Cnt,Tot_Injry_Cnt,Death_Cnt,Cmv_Disabling_Damage_Fl,Cmv_Bus_Type_ID,Trlr_GVWR,Trlr_RGVW,Trlr_Type_ID,Trlr_Disabling_Dmag_ID,Cmv_Intermodal_Container_Permit_Fl,CMV_Actual_Gross_Weight
17070282,1,1,N,N,43,3VWD67AJ4GM249339,2016,3,96,316,104,N,,1,1,18,4,1,,,,,HARPERS TOWING SERVICE INC,HARPERS TOWING SERVICE INC,N,,,,,,,,,,,,,,,,,,,,,,23,47,,,,,,,,,5,1,0,0,0,1,0,0,0,,,,,,,,
17070283,1,1,N,N,43,3HGCM56406G701846,2006,21,44,236,104,N,78612,2,,4,4,1,,,,N,STARS TOWING,STARS TOWING,N,,,,,,,,,,,,,,,,,,,,,,37,,,,,,,,,,8,1,0,0,0,1,0,0,0,,,,,,,,
17070283,2,1,N,N,43,5YFBU4EE0DP195506,2013,2,91,173,104,N,78751,1,1,2,5,12,,,,N,EZ AUTO AND TOWING SERVICE,EZ AUTO AND TOWING SERVICE,N,,,,,,,,,,,,,,,,,,,,,,0,,,,,,,,,,4,1,0,0,0,1,0,0,0,,,,,,,,
17070284,1,1,N,N,43,1HGEJ8247VL115218,1997,22,44,256,100,N,78602,2,,2,2,12,,,,N,EZ AUTO AND TOWING SERVICE,EZ AUTO AND TOWING SERVICE,N,,,,,,,,,,,,,,,,,,,,,,20,,,,,,,,,,8,1,0,0,0,1,0,0,0,,,,,,,,
17070284,2,1,N,N,43,3D7KS29A48G170952,2008,21,109,2276,30,N,76513,1,2,6,1,6,,,,N,,,N,,,,,,,,,,,,,,,,,,,,,,0,,,,,,,,,,8,1,0,0,0,1,0,0,0,,,,,,,,
17071482,1,1,N,N,43,JTEDS42A892081478,2009,17,91,721,69,N,76901,1,2,10,3,3,14,3,5,N,,,N,,,,,,,,,,,,,,,,,,,,,,65,20,,,,,,,,,1,1,0,0,0,2,0,0,0,,,,,,,,
17071482,2,1,N,N,43,4RKYS92J6H9775765,2017,9,502,941,47,N,78702,1,2,11,2,11,,,,N,,,Y,N,N,Y,4,5,78702,4,59200,0,N,,,,,2,13,,,,,,0,,,,,,,,,,1,1,0,3,0,4,0,3,0,N,2,,,,,N,
17071676,1,1,N,N,43,2C3JA53G75H574366,2005,3,21,65,104,N,78753,1,2,3,4,10,,,,N,ARMADA TOWING,ARMADA TOWING,N,,,,,,,,,,,,,,,,,,,,,,74,,,15,,,,,,,7,1,0,0,0,1,0,0,0,,,,,,,,
17071676,2,1,N,N,43,1GCGC29U8XE198542,1999,21,107,2237,30,N,78753,1,2,2,2,12,,,,N,,,N,,,,,,,,,,,,,,,,,,,,,,74,,,,,,,,,,3,1,0,0,0,1,0,0,0,,,,,,,,
17071677,1,1,N,N,43,1VWBH7A33CC053164,2012,17,96,473,104,N,78664,1,1,2,2,3,,,,N,,,N,,,,,,,,,,,,,,,,,,,,,,47,,,,,,,,,,1,1,0,0,0,1,0,0,0,,,,,,,,
17071677,2,1,N,N,43,1FTRX18L3YKA03126,2000,18,37,2324,30,N,78744,1,1,6,1,12,,,,N,,,N,,,,,,,,,,,,,,,,,,,,,,0,,,,,,,,,,1,1,1,0,0,0,0,1,0,,,,,,,,
17071682,1,1,N,N,43,WDDGF4HB4ER301891,2014,2,65,837,104,N,78726,1,2,13,3,,,,,N,FINGER TOWING SERVICE,FINGER TOWING SERVICE,N,,,,,,,,,,,,,,,,,,,,,,37,,,,,,,,,,5,1,0,0,1,0,0,1,0,,,,,,,,
17071682,2,1,N,N,43,5FNRL5H69GB115342,2016,9,44,571,103,N,78726,1,2,2,4,,,,,N,,,N,,,,,,,,,,,,,,,,,,,,,,0,,,,,,,,,,6,1,0,0,0,1,0,0,0,,,,,,,,
17071700,1,1,N,N,43,1N4AL2AP5AN513600,2010,17,71,500,104,N,78728,1,1,14,5,3,6,4,3,N,ATX-VIP TOWING SERVICES,,N,,,,,,,,,,,,,,,,,,,,,,20,,,,,,,,,,5,1,0,1,0,2,0,1,0,,,,,,,,
17071700,2,1,N,N,43,2CNDL13F066058099,2006,21,107,1048,104,N,78717,1,1,2,6,12,,,,N,STARS TOWING,,N,,,,,,,,,,,,,,,,,,,,,,0,,,,,,,,,,3,1,0,0,0,2,0,0,0,,,,,,,,
17071701,1,1,N,N,43,JTMWFREVXHJ714810,2017,21,91,581,104,N,78758,1,1,2,3,12,,,,N,,,N,,,,,,,,,,,,,,,,,,,,,,34,,,,,,,,,,1,1,0,0,0,1,0,0,0,,,,,,,,
17071701,2,1,N,N,43,JF2SJAMC0EH488067,2014,3,85,646,104,N,77024,1,1,12,3,2,,,,Y,A-TEX TOWING,A TEX TOWING,N,,,,,,,,,,,,,,,,,,,,,,0,,,,,,,,,,3,1,0,0,0,1,0,0,0,,,,,,,,
17071705,1,1,N,N,43,1FAFP56UX7A156229,2007,4,37,376,104,N,78660,1,2,2,5,12,,,,N,STARS TOWING,STARS TOWING,N,,,,,,,,,,,,,,,,,,,,,,44,,,,,,,,,,4,1,0,0,0,1,0,0,0,,,,,,,,
17071705,2,1,N,N,43,1GCGC13U63F146835,2003,2,107,2202,30,N,78753,1,2,6,3,6,,,,N,NA,DRIVEN BY OWNER,N,,,,,,,,,,,,,,,,,,,,,,0,,,,,,,,,,4,1,0,0,0,1,0,0,0,,,,,,,,
17071706,1,1,N,Y,43,2G1WT58K389144575,2008,9,107,53,104,N,78758,1,1,,,,,,,N,,,N,,,,,,,,,,,,,,,,,,,,,,67,,,20,,,,,,,1,1,0,0,0,0,1,0,0,,,,,,,,
17071706,2,1,N,N,43,1N6AD07U75C452970,2005,18,71,634,30,N,78702,1,1,9,2,9,,,,Y,ROCHAS TOWING SERVICE,ROCHAS TOWING SERVICE,N,,,,,,,,,,,,,,,,,,,,,,0,,,,,,,,,,1,1,0,0,0,1,0,0,0,,,,,,,,
17071707,1,1,N,N,43,3HCMKAANXBL423690,2011,21,48,3586,106,N,,1,1,9,2,9,,,,N,,,N,,,,,,,,,,,,,,,,,,,,,,0,,,,,,,,,,11,1,0,0,0,1,0,0,0,,,,,,,,
17071707,2,1,Y,N,43,5PVNJ8JV7F4S58836,2015,3,43,2782,106,N,,1,1,4,2,2,,,,,,,N,,,,,,,,,,,,,,,,,,,,,,0,,,,,,,,,,11,1,0,0,0,0,0,0,0,,,,,,,,
17071710,1,1,N,Y,113,,2000,11,208,763,30,N,78701,,,4,0,1,,,,N,NA,NA,N,,,,,,,,,,,,,,,,,,,,,,20,,,,,,,,,,7,1,0,0,0,0,1,0,0,,,,,,,,
17071710,2,4,,,,,,,,,,,,,,,,,,,,,,,,,,,,,,,,,,,,,,,,,,,,,0,,,,,,,,,,9,1,0,0,1,0,0,1,0,,,,,,,,
17071711,1,1,N,Y,43,1FALP52U1SG321115,1995,16,37,376,104,N,78741,1,1,4,4,12,,,,Y,AUS-TEX AUTO ENTERPRISES LLC,AUS-TEX AUTO ENTERPRISES LLC,N,,,,,,,,,,,,,,,,,,,,,,0,,,,,,,,,,1,1,0,0,0,0,1,0,0,,,,,,,,
17071711,2,1,Y,N,43,TRURD38J581021240,2008,21,8,2157,100,N,78741,1,1,3,2,12,,,,N,,,N,,,,,,,,,,,,,,,,,,,,,,0,,,,,,,,,,7,1,0,0,0,0,1,0,0,,,,,,,,
17071711,3,1,Y,N,43,WDCGG5GB2CF764782,2012,9,65,1113,104,N,78758,1,1,8,3,6,,,,N,,,N,,,,,,,,,,,,,,,,,,,,,,0,,,,,,,,,,3,2,0,0,0,0,1,0,0,,,,,,,,
17071711,4,1,Y,N,43,JHMZE13711T001714,2001,9,44,697,100,N,78665,1,1,14,4,3,,,,N,,,N,,,,,,,,,,,,,,,,,,,,,,0,,,,,,,,,,3,2,0,0,0,0,1,0,0,,,,,,,,
17071712,1,1,N,N,43,KNAFE121165343948,2006,17,55,611,104,N,78723,1,1,2,3,12,,,,N,ROCHAS TOWING SERVICE,ROCHAS TOWING SERVICE,N,,,,,,,,,,,,,,,,,,,,,,,,,20,,,,,,,2,1,0,0,0,1,0,0,0,,,,,,,,
17071712,2,1,N,N,43,1C3CCCAB7FN722894,2015,17,21,2258,104,N,78721,1,1,6,1,12,2,1,6,N,,,N,,,,,,,,,,,,,,,,,,,,,,0,,,,,,,,,,2,1,0,0,0,1,0,0,0,,,,,,,,
17071712,3,1,N,N,43,WBAVA33588KX84730,2008,21,14,21,104,N,78724,2,,6,1,6,,,,N,,,N,,,,,,,,,,,,,,,,,,,,,,0,,,,,,,,,,2,2,0,0,0,1,0,0,0,,,,,,,,
17071714,1,1,N,N,43,1GCNCPEX6DZ348642,2013,18,107,658,104,N,78751,1,1,2,1,12,,,,N,,,N,,,,,,,,,,,,,,,,,,,,,,20,,,,,,,,,,5,1,0,0,0,1,0,0,0,,,,,,,,
17071714,2,1,N,N,43,1N4BL3AP0GC199028,2016,2,71,500,104,N,78644,1,1,6,3,6,,,,Y,BULLET TOWING,OWNERS HOME,N,,,,,,,,,,,,,,,,,,,,,,0,,,,,,,,,,5,1,0,0,0,1,0,0,0,,,,,,,,
17071714,3,1,N,N,43,5J6YH18718L009894,2008,16,44,760,104,N,78724,1,1,2,1,6,,,,N,,,N,,,,,,,,,,,,,,,,,,,,,,0,,,,,,,,,,5,2,0,0,0,1,0,0,0,,,,,,,,
17071719,1,1,N,N,43,1J4FA39S22P774025,2002,3,429,970,100,N,78612,1,2,4,2,1,,,,N,ROCHAS,ROCHAS,N,,,,,,,,,,,,,,,,,,,,,,,,,37,,,,,,,3,1,0,0,0,1,0,0,0,,,,,,,,
17071719,2,1,N,N,43,5TDDW5G18AS036285,2010,1,91,722,104,N,78617,1,2,3,2,10,,,,N,ROCHAS,ROCHAS,N,,,,,,,,,,,,,,,,,,,,,,,,,61,,,,,,,7,1,0,0,0,1,0,0,0,,,,,,,,
17071719,3,1,N,N,43,5PVNJ8JT3G4S56579,2016,16,43,1528,0,N,78746,1,2,8,1,4,,,,N,N/A,N/A,N,,,,,,,,,,,,,,,,,,,,,,0,,,,,,,,,,1,2,0,0,0,1,0,0,0,,,,,,,,
17071723,1,1,N,N,43,3N1BC1CP8AL352376,2010,2,71,1452,104,N,78616,1,1,10,1,3,,,,N,NONE,NONE,N,,,,,,,,,,,,,,,,,,,,,,34,,,,,,,,,,7,1,0,0,1,0,0,1,0,,,,,,,,
17071723,2,1,N,N,43,JF1ZNAA15G9701957,2016,2,91,4331,100,N,78754,1,1,1,3,12,,,,N,NONE,NONE,N,,,,,,,,,,,,,,,,,,,,,,0,,,,,,,,,,3,1,0,0,0,1,0,0,0,,,,,,,,
17071724,1,1,N,Y,43,19UUA66216A018845,2006,17,1,,0,N,78665,1,1,2,6,12,,,,Y,SOUTHSIDE WRECKER INC,SOUTHSIDE WRECKER INC,N,,,,,,,,,,,,,,,,,,,,,,0,,,,,,,,,,1,1,0,0,0,0,0,0,0,,,,,,,,
17071724,2,1,N,N,43,1GCNCNEHXGZ315743,2016,21,107,658,0,N,78681,1,1,6,2,6,,,,N,ROCHAS TOWING SERVICE,ROCHAS TOWING SERVICE,N,,,,,,,,,,,,,,,,,,,,,,0,,,,,,,,,,5,2,0,0,0,1,0,0,0,,,,,,,,
17071724,3,1,N,N,43,1GCGSCEN4J1329178,2018,17,107,979,0,N,78747,1,1,15,3,10,,,,N,ROCHAS TOWING SERVICE,ROCHAS TOWING SERVICE,N,,,,,,,,,,,,,,,,,,,,,,4,,,,,,,,,,5,2,0,0,1,0,0,1,0,,,,,,,,
17071724,4,1,N,N,43,5TFCZ5AN7GX027188,2016,16,91,629,104,N,78640,1,1,2,3,12,,,,N,NA,NA,N,,,,,,,,,,,,,,,,,,,,,,0,,,,,,,,,,5,1,0,0,0,1,0,0,0,,,,,,,,
17071725,1,1,N,Y,43,JN1BV7AP3FM356929,2015,17,47,2393,104,N,,3,2,2,3,12,,,,Y,A-TEX TOWING,5526 1/2 W HWY 290,N,,,,,,,,,,,,,,,,,,,,,,0,,,,,,,,,,3,1,0,0,0,0,1,0,0,,,,,,,,
17071725,2,1,N,N,43,JHMGE8G52CC008568,2012,3,44,1083,104,N,78748,1,2,16,3,3,12,3,1,Y,SPECIAL AUTOMOTIVE SERVICE INC,5526 1/2 W HWY 290,N,,,,,,,,,,,,,,,,,,,,,,0,,,,,,,,,,5,1,0,0,1,0,0,1,0,,,,,,,,
17071726,1,1,N,N,43,ZFBHRFBB2K6M23630,2019,21,109,568,103,N,60016,1,1,2,4,12,,,,Y,EZ AUTO AND TOWING SERVICE,EZ AUTO AND TOWING SERVICE,N,,,,,,,,,,,,,,,,,,,,,,4,20,,19,,,,,,,7,1,0,0,0,1,0,0,0,,,,,,,,
17071726,2,1,N,N,43,1N6AD0ER7AC410419,2010,21,71,634,104,N,78754,1,1,13,2,9,,,,N,,,N,,,,,,,,,,,,,,,,,,,,,,0,,,,,,,,,,7,1,0,0,0,1,0,0,0,,,,,,,,
17071727,1,1,N,N,43,1N4AA5AP6AC856113,2010,2,71,297,104,N,78752,1,2,2,5,12,13,3,8,Y,EZ AUTO AND TOWING SERVICE,EZ AUTO AND TOWING SERVICE,N,,,,,,,,,,,,,,,,,,,,,,0,,,,,,,,,,7,1,0,1,0,0,0,1,0,,,,,,,,
17071727,2,1,N,N,43,JT3GN87R6Y0143585,2000,21,91,395,104,N,78664,1,2,4,4,1,,,,Y,ROCHAS TOWING SERVICE,ROCHAS TOWING SERVICE,N,,,,,,,,,,,,,,,,,,,,,,0,,,,,,,,,,1,1,0,1,0,0,0,1,0,,,,,,,,
17071728,1,1,N,Y,43,1FAHP3K23CL149994,2012,21,37,696,104,N,76051,1,1,2,3,,,,,N,EZ AUTO AND TOWING SERVICE,IMPOUND,N,,,,,,,,,,,,,,,,,,,,,,0,,,,,,,,,,1,1,0,0,0,2,0,0,0,,,,,,,,
17071728,2,1,N,Y,113,,,99,,,0,N,,,,,,,,,,N,,,N,,,,,,,,,,,,,,,,,,,,,,0,,,,,,,,,,3,1,0,0,0,0,1,0,0,,,,,,,,
17071729,1,1,N,Y,43,,,2,,,104,N,,,,,,,,,,,,,N,,,,,,,,,,,,,,,,,,,,,,16,,,20,,,,,,,5,1,0,0,0,0,1,0,0,,,,,,,,
17071729,2,3,,,,,,,,,,,,,,,,,,,,,,,,,,,,,,,,,,,,,,,,,,,,,0,,,,,,,,,,9,1,0,1,0,0,0,1,0,,,,,,,,
17071730,1,1,N,N,43,4T4BF1FK3GR525824,2016,17,91,380,104,N,78730,1,2,2,4,12,,,,Y,ROCHAS TOWING SERVICE,ROCHAS TOWING SERVICE,N,,,,,,,,,,,,,,,,,,,,,,,,,74,,,,,,,6,1,0,0,1,0,0,1,0,,,,,,,,
17071731,1,1,N,N,43,1FTEW1CM7CFC96788,2012,21,37,2324,30,N,78702,1,2,4,6,12,,,,Y,ROCHAS TOWING SERVICE,ROCHAS TOWING SERVICE,N,,,,,,,,,,,,,,,,,,,,,,0,,,,,,,,,,4,1,0,0,0,1,0,0,0,,,,,,,,
17071731,2,1,N,N,43,5TBRN34161S214169,2001,16,91,687,30,N,78640,1,2,7,6,6,,,,Y,AUS-TEX AUTO ENTERPRISES LLC,AUS-TEX AUTO ENTERPRISES LLC,N,,,,,,,,,,,,,,,,,,,,,,0,,,,,,,,,,4,1,0,0,1,2,0,1,0,,,,,,,,
17071731,3,1,N,N,43,5FNRL38655B051530,2005,,44,571,103,N,78724,1,2,6,4,6,,,,Y,SPECIAL AUTOMOTIVE SERVICE INC,SPECIAL AUTOMOTIVE SERVICE INC,N,,,,,,,,,,,,,,,,,,,,,,0,,,,,,,,,,4,2,0,0,2,1,0,2,0,,,,,,,,
17071754,1,1,N,N,43,3GCUKTEC4GG314515,2016,21,107,2202,30,N,78702,1,1,3,2,9,,,,N,EZ AUTO AND TOWING SERVICE,EZ AUTO AND TOWING SERVICE,N,,,,,,,,,,,,,,,,,,,,,,16,,,,,,,,,,5,1,0,0,0,2,0,0,0,,,,,,,,
17071754,2,1,N,N,43,JN8AZ2NF9C9517434,2012,9,47,2393,104,N,78730,1,1,1,3,12,,,,N,NONE,NONE,N,,,,,,,,,,,,,,,,,,,,,,0,,,,,,,,,,7,1,0,0,0,1,0,0,0,,,,,,,,
17071755,1,1,N,N,43,KNADN4A3XE6333147,2014,,55,716,104,N,78744,1,1,2,2,12,,,,N,,,N,,,,,,,,,,,,,,,,,,,,,,20,,,,,,,,,,8,1,0,0,0,1,0,0,0,,,,,,,,
17071755,2,1,N,N,43,5NPDH4AE7GH747541,2016,17,45,480,104,N,78721,1,1,6,3,6,2,2,12,Y,ROCHAS TOWING SERVICE,ROCHAS TOWING SERVICE,N,,,,,,,,,,,,,,,,,,,,,,0,,,,,,,,,,8,1,0,0,0,1,0,0,0,,,,,,,,
17071755,3,1,N,N,43,1FADP3K24JL252157,2018,17,37,696,104,N,23462,1,1,6,1,6,,,,N,,,N,,,,,,,,,,,,,,,,,,,,,,0,,,,,,,,,,8,2,0,0,0,2,0,0,0,,,,,,,,
17071758,1,1,N,N,43,4T1BB46KX7U030673,2007,16,91,380,104,N,,1,2,6,3,,,,,N,,,N,,,,,,,,,,,,,,,,,,,,,,0,,,,,,,,,,6,1,0,0,0,1,0,0,0,,,,,,,,
17071758,2,1,N,N,43,1FTRX17212NA29738,2002,3,37,2324,30,N,78721,1,2,2,2,12,,,,N,,,N,,,,,,,,,,,,,,,,,,,,,,20,,,,,,,,,,6,1,0,0,0,1,0,0,0,,,,,,,,
17071764,1,1,N,N,43,1C3CDFBA0DD288518,2013,17,109,78,104,N,,1,2,2,6,12,16,6,3,Y,SPECIAL AUTOMOTIVE SERVICE INC,SPECIAL AUTOMOTIVE SERVICE INC,N,,,,,,,,,,,,,,,,,,,,,,67,40,,,,,,,,,5,1,0,0,1,0,0,1,0,,,,,,,,
17071764,2,1,Y,N,43,1FUJGLDR9CLBR7095,2012,21,38,1524,87,N,78748,1,2,,,,,,,N,,,Y,Y,N,N,1,2,78748,7,80000,0,N,,,,,98,13,,,,,,0,,,,,,,,,,5,1,0,0,0,0,0,0,0,N,0,,,,,N,
17071764,3,6,,,,,,,,,,,78109,,,,,,,,,,,,,,,,,,,,,,,,,,,,,,,,,,0,,,,,,,,,,9,2,0,0,0,0,0,0,0,,,14200,0,2,Y,,
17071765,1,1,N,N,43,3N1AB7APXKY220499,2019,21,71,341,104,N,78233,1,2,10,0,3,,,,N,,,N,,,,,,,,,,,,,,,,,,,,,,0,,,,,,,,,,11,1,0,0,0,1,0,0,0,,,,,,,,
17071765,2,1,Y,N,43,4P1CJ01A9BA011875,2011,16,181,1079,23,Y,78720,4,,11,0,8,,,,N,,,N,,,,,,,,,,,,,,,,,,,,,,0,,,,,,,,,,11,1,0,0,0,0,0,0,0,,,,,,,,
17071766,1,1,N,N,43,1N4AA6AP4GC411058,2016,5,71,297,104,N,78664,1,2,3,1,11,,,,Y,620 LAKESIDE TOWING,620 LAKESIDE TOWING,N,,,,,,,,,,,,,,,,,,,,,,20,,,,,,,,,,3,1,0,0,0,1,0,0,0,,,,,,,,
17071768,1,1,N,N,9,1C3CCCABXFN599043,2015,9,21,2258,104,N,78729,1,1,3,2,11,,,,N,FINGER TOWING SERVICE,FINGER TOWING SERVICE,N,,,,,,,,,,,,,,,,,,,,,,20,,,,,,,,,,4,1,0,0,0,2,0,0,0,,,,,,,,
17071769,1,1,N,N,43,3N1CB51D56L642752,2006,3,71,341,104,N,78753,3,2,1,4,12,,,,N,DENVERS TOWING,DENVERS TOWING,N,,,,,,,,,,,,,,,,,,,,,,0,,,,,,,,,,5,1,0,0,1,0,0,1,0,,,,,,,,
17071769,2,1,N,N,43,2GTEC19JX81339685,2008,2,39,3080,30,N,78641,1,2,5,2,6,1,2,12,N,OWNER,OWNER,N,,,,,,,,,,,,,,,,,,,,,,0,,,,,,,,,,5,1,0,0,0,1,0,0,0,,,,,,,,
17071769,3,1,N,N,43,1B3LC56R28N685819,2008,2,109,549,104,N,78759,1,2,5,1,6,,,,N,OWNER,OWNER,N,,,,,,,,,,,,,,,,,,,,,,44,,,,,,,,,,5,2,0,0,0,1,0,0,0,,,,,,,,
17071770,1,1,N,Y,43,,,2,58,,104,N,,,,,,,,,,,,,N,,,,,,,,,,,,,,,,,,,,,,4,,,,,,,,,,7,1,0,0,0,0,1,0,0,,,,,,,,
17071770,2,1,N,N,43,1GNERFKW9KJ113160,2019,21,107,1414,69,N,78613,1,1,10,3,3,15,2,9,N,ROCHAS TOWING SERVICE,ROCHAS TOWING SERVICE,N,,,,,,,,,,,,,,,,,,,,,,0,,,,,,,,,,7,1,0,0,1,5,0,1,0,,,,,,,,
17071771,1,1,N,N,43,1FADP3E28HL347522,2017,,37,696,104,N,78741,1,1,3,4,10,,,,N,ROCHAS TOWING SERVICE,"5700 BURLESON RD, AUSTIN TX 78744",N,,,,,,,,,,,,,,,,,,,,,,0,,,,,,,,,,3,1,0,0,0,3,0,0,0,,,,,,,,
17071771,2,1,N,N,43,5N1ED28T32C570852,2002,10,71,694,69,N,78621,3,1,2,3,12,,,,N,EZ AUTO AND TOWING SERVICE,"1830 OAK HILL LN, AUSTIN TX 78744",N,,,,,,,,,,,,,,,,,,,,,,0,,,,,,,,,,7,1,0,0,0,2,0,0,0,,,,,,,,
17071772,1,1,N,N,43,JH4CU2F60AC031045,2010,9,1,1430,104,N,78744,1,1,1,2,12,,,,,,,N,,,,,,,,,,,,,,,,,,,,,,0,,,,,,,,,,3,1,0,0,1,0,0,1,0,,,,,,,,
17071772,2,1,N,N,43,JTMZD33V585091205,2008,21,91,581,69,N,78723,1,1,1,2,12,,,,N,,,N,,,,,,,,,,,,,,,,,,,,,,0,,,,,,,,,,1,1,0,0,1,0,0,1,0,,,,,,,,
17071773,1,1,N,N,43,3FA6P0LU3HR386614,2017,17,37,1097,104,N,78216,1,7,2,3,1,,,,N,ARMADA TOWING,"RENTAL CAR LANE, AUSTIN, TEXAS",N,,,,,,,,,,,,,,,,,,,,,,44,,,,,,,,,,7,1,0,0,0,1,0,0,0,,,,,,,,
17071773,2,1,N,N,43,1FT8W3BT7FEB30511,2015,10,37,2969,30,N,78748,1,2,6,1,6,,,,N,DRIVEN BY DRIVER,,N,,,,,,,,,,,,,,,,,,,,,,0,,,,,,,,,,7,1,0,0,0,1,0,0,0,,,,,,,,
17071774,1,1,N,N,43,1G2ZH528354174200,2005,17,118,1104,104,N,78721,1,2,2,3,12,,,,Y,AUS-TEX AUTO ENTERPRISES LLC,AUS-TEX AUTO ENTERPRISES LLC,N,,,,,,,,,,,,,,,,,,,,,,44,,,,,,,,,,2,1,0,0,0,1,0,0,0,,,,,,,,
17071774,2,1,N,N,43,3GSCL93ZX9S556278,2009,16,81,747,69,N,78748,1,2,6,2,6,,,,Y,CLARK AUTO CARE,CLARK AUTO CARE,N,,,,,,,,,,,,,,,,,,,,,,0,,,,,,,,,,2,1,0,1,0,0,0,1,0,,,,,,,,
17071775,1,1,N,N,43,5NPEU46F97H181867,2007,2,45,462,104,N,78652,1,2,2,1,12,,,,N,ATX-VIP TOWING SERVICES,ATX-VIP TOWING SERVICES,N,,,,,,,,,,,,,,,,,,,,,,0,,,,,6,,,,,1,1,0,0,0,1,0,0,0,,,,,,,,
17071775,2,1,N,N,43,1C4PJLAB3HW602946,2017,9,429,970,69,N,78640,1,2,5,1,6,,,,N,,,N,,,,,,,,,,,,,,,,,,,,,,0,,,,,,,,,,1,1,0,0,0,1,0,0,0,,,,,,,,
17071777,1,1,N,N,43,1N6BA06A25N554847,2005,8,71,1397,30,N,78617,2,,,,,,,,,,,N,,,,,,,,,,,,,,,,,,,,,,0,,,,,,,,,,2,1,0,0,0,1,0,0,0,,,,,,,,
17071777,2,4,,,,,,,,,,,,,,,,,,,,,,,,,,,,,,,,,,,,,,,,,,,,,0,,,,,,,,,,9,1,1,0,0,0,0,1,0,,,,,,,,
17072355,1,1,N,N,43,JHMCP26798C048601,2008,2,44,236,104,N,78721,1,2,2,2,12,,,,N,,,N,,,,,,,,,,,,,,,,,,,,,,22,,,,,,,,,,3,1,0,0,0,1,0,0,0,,,,,,,,
17072355,2,1,N,N,43,1C6RD6KP4CS279140,2012,9,109,2275,30,N,78773,4,,6,1,6,,,,N,,,N,,,,,,,,,,,,,,,,,,,,,,0,,,,,,,,,,3,1,0,0,0,1,0,0,0,,,,,,,,
17072779,1,1,N,N,43,KNMAT2MT9GP614171,2016,9,71,1310,69,N,78747,1,1,3,3,11,,,,N,TRI-CITY TOWING: 512-800-3018,"1415  CENTRAL COMMERCE CT,  ROUND ROCK 7",N,,,,,,,,,,,,,,,,,,,,,,0,,,,,,,,,,5,1,0,0,0,1,0,0,0,,,,,,,,
17072779,2,1,N,N,43,JTHBL46F685083112,2008,2,58,1190,104,N,78761,1,1,13,3,9,,,,N,MDA TOWING,"1900 REDOVA LANE, PFLUGERVILLE, TX 78660",N,,,,,,,,,,,,,,,,,,,,,,0,,,,,,,,,,1,1,0,0,0,4,0,0,0,,,,,,,,
17072804,1,1,N,N,43,1FAHP3F20CL249965,2012,9,37,1097,104,N,78660,1,2,2,2,12,,,,N,TRI-CITY TOWING: 512-800-3018,"1415  CENTRAL COMMERCE CT,  ROUND ROCK 7",N,,,,,,,,,,,,,,,,,,,,,,44,,,,,,,,,,7,1,0,0,0,1,0,0,0,,,,,,,,
17072804,2,1,N,N,43,JTEZU11F270011995,2007,2,91,1085,104,N,78660,1,2,8,1,5,,,,N,,,N,,,,,,,,,,,,,,,,,,,,,,0,,,,,,,,,,7,1,0,0,0,1,0,0,0,,,,,,,,
17073279,1,1,N,N,43,1FMRU17W42LA89502,2002,2,37,601,69,N,78617,1,2,4,4,1,2,4,12,Y,SOUTHSIDE TOWING,8200 S. CONGRESS,N,,,,,,,,,,,,,,,,,,,,,,33,,,,,,,,,,1,1,0,0,0,1,0,0,0,,,,,,,,
17073279,2,1,N,N,43,1FTSX20588EE58833,2008,21,37,2325,106,N,78744,1,1,3,1,11,,,,N,NONE,NONE,N,,,,,,,,,,,,,,,,,,,,,,0,,,,,,,,,,7,1,0,0,0,2,0,0,0,,,,,,,,