Crash_ID,Unit_Nbr,Unit_Desc_ID,Veh_Parked_Fl,Veh_HNR_Fl,Veh_Lic_State_ID,VIN,Veh_Mod_Year,Veh_Color_ID,Veh_Make_ID,Veh_Mod_ID,Veh_Body_Styl_ID,Emer_Respndr_Fl,Ownr_Zip,Fin_Resp_Proof_ID,Fin_Resp_Type_ID,Veh_Dmag_Area_1_ID,Veh_Dmag_Scl_1_ID,Force_Dir_1_ID,Veh_Dmag_Area_2_ID,Veh_Dmag_Scl_2_ID,Force_Dir_2_ID,Veh_Inventoried_Fl,Veh_Transp_Name,Veh_Transp_Dest,Veh_Cmv_Fl,Cmv_Fiveton_Fl,Cmv_Hazmat_Fl,Cmv_Nine_Plus_Pass_Fl,Cmv_Veh_Oper_ID,Cmv_Carrier_ID_Type_ID,Cmv_Carrier_Zip,Cmv_Veh_Type_ID,Cmv_GVWR,Cmv_RGVW,Cmv_Hazmat_Rel_Fl,Hazmat_Cls_1_ID,Hazmat_IDNbr_1_ID,Hazmat_Cls_2_ID,Hazmat_IDNbr_2_ID,Cmv_Cargo_Body_ID,Cmv_Evnt1_ID,Cmv_Evnt2_ID,Cmv_Evnt3_ID,Cmv_Evnt4_ID,Cmv_Tot_Axle,Cmv_Tot_Tire,Contrib_Factr_1_ID,Contrib_Factr_2_ID,Contrib_Factr_3_ID,Contrib_Factr_P1_ID,Contrib_Factr_P2_ID,Veh_Dfct_1_ID,Veh_Dfct_2_ID,Veh_Dfct_3_ID,Veh_Dfct_P1_ID,Veh_Dfct_P2_ID,Veh_Trvl_Dir_ID,First_Harm_Evt_Inv_ID,Sus_Serious_Injry_Cnt,Nonincap_Injry_Cnt,Poss_Injry_Cnt,Non_Injry_Cnt,Unkn_Injry_Cnt,Tot_Injry_Cnt,Death_Cnt,Cmv_Disabling_Damage_Fl,Cmv_Bus_Type_ID,Trlr_GVWR,Trlr_RGVW,Trlr_Type_ID,Trlr_Disabling_Dmag_ID,Cmv_Intermodal_Container_Permit_Fl,CMV_Actual_Gross_Weight
17077566,2,1,N,N,32,JN8AS58V58W147679,2008,17,71,1310,104,N,78664,1,2,7,3,,15,3,10,N,,,N,,,,,,,,,,,,,,,,,,,,,,0,,,,,,,,,,6,1,0,0,0,3,0,0,0,,,,,,,,
17077567,1,1,N,N,43,2GTEK19B961282551,2006,21,39,2356,30,N,78753,1,2,3,2,12,,,,Y,ROCHAS TOWING SERVICE,ROCHAS TOWING SERVICE,N,,,,,,,,,,,,,,,,,,,,,,15,,,19,20,,,,,,1,1,0,0,0,1,0,0,0,,,,,,,,
17077567,2,1,N,N,43,1N4AL3APXEN363818,2014,21,71,500,104,N,78754,1,2,9,5,9,,,,Y,969 TOWING,969 TOWING,N,,,,,,,,,,,,,,,,,,,,,,0,,,,,,,,,,8,1,0,0,2,0,0,2,0,,,,,,,,
17077568,1,1,N,N,43,2T3ZFREV4HW332559,2017,16,91,581,69,N,78745,1,2,3,6,2,,,,N,HARPERS TOWING SERVICE INC,HARPERS TOWING SERVICE INC,N,,,,,,,,,,,,,,,,,,,,,,35,20,,,,,,,1,,3,1,0,1,0,0,0,1,0,,,,,,,,
17077568,2,1,N,N,43,JF2SKAGC7KH418246,2019,10,85,646,69,N,78748,1,2,4,6,2,,,,N,SOUTHSIDE WRECKER INC,8200 S. CONGRESS AVE,N,,,,,,,,,,,,,,,,,,,,,,0,,,,,,,,,,5,1,0,0,2,0,0,2,0,,,,,,,,
17077569,1,1,N,N,43,JTDBT1233Y0068981,2000,21,91,701,104,N,78722,1,2,4,2,1,,,,N,EZ AUTO AND TOWING SERVICE,EZ AUTO AND TOWING SERVICE,N,,,,,,,,,,,,,,,,,,,,,,20,,,,,,,,,,1,1,0,0,0,1,0,0,0,,,,,,,,
17077570,1,1,N,N,43,5NPEB4AC3EH914298,2014,17,45,462,104,N,78621,1,1,4,5,12,17,3,3,N,ROCHAS TOWING SERVICE,FROM SCENE,N,,,,,,,,,,,,,,,,,,,,,,23,,,22,20,,,,,,8,1,0,0,1,0,0,1,0,,,,,,,,
17077571,1,1,N,N,43,1C4GP45R05B230948,2005,3,21,959,103,N,78612,1,1,3,4,10,,,,Y,ARMADA TOWING,ARMADA TOWING,N,,,,,,,,,,,,,,,,,,,,,,22,,,,,,,,,,11,1,0,0,0,1,0,0,0,,,,,,,,
17077572,1,1,N,N,43,1FA6P8TH4J5144831,2018,2,37,96,100,N,78721,1,2,2,6,,,,,N,AVILES & GABES WRECKER SERVICE INC.,AVILES & GABES WRECKER SERVICE INC.,N,,,,,,,,,,,,,,,,,,,,,,34,20,,,,,,,,,5,1,0,0,1,1,0,1,0,,,,,,,,
17077572,2,1,N,N,43,2G4WS52J451117367,2005,17,105,25,104,N,78723,1,2,3,4,12,,,,N,,,N,,,,,,,,,,,,,,,,,,,,,,20,,,,,,,,,,3,1,0,0,0,2,0,0,0,,,,,,,,
17077573,1,1,N,N,43,JM1BM1U71G1317431,2016,3,63,3917,104,N,,1,2,15,3,10,10,3,3,Y,AUS-TEX AUTO ENTERPRISES LLC,AUS-TEX AUTO ENTERPRISES LLC,N,,,,,,,,,,,,,,,,,,,,,,19,,,,,,,,,,1,1,0,1,0,1,0,1,0,,,,,,,,
17077574,1,1,N,N,43,1HGCP2F44CA234429,2012,2,44,236,104,N,78729,1,1,3,4,10,,,,N,,,N,,,,,,,,,,,,,,,,,,,,,,0,,,,,,,,,,8,1,0,0,0,1,0,0,0,,,,,,,,
17077574,2,1,N,N,43,JM3ER2W54A0342098,2010,21,63,1008,104,N,78729,1,1,2,3,12,,,,N,,,N,,,,,,,,,,,,,,,,,,,,,,0,,,,,,,,,,2,1,0,0,0,1,0,0,0,,,,,,,,
17077575,1,1,N,N,43,1N4AL21E57C164005,2007,9,71,500,104,N,78645,1,2,3,3,12,,,,N,ROCHAS TOWING SERVICE,ROCHAS TOWING SERVICE,N,,,,,,,,,,,,,,,,,,,,,,41,20,,,,,,,,,1,1,0,1,0,0,0,1,0,,,,,,,,
17077575,2,1,N,N,43,5NPE34AB5HH564570,2017,2,45,462,104,N,78703,1,2,6,2,6,2,1,12,N,EZ AUTO AND TOWING SERVICE,EZ AUTO AND TOWING SERVICE,N,,,,,,,,,,,,,,,,,,,,,,0,,,,,,,,,,1,1,0,0,0,1,0,0,0,,,,,,,,
17077575,3,1,N,N,43,3FADP4EJ3KM102291,2019,9,37,229,100,N,63132,1,2,6,1,6,,,,,,,N,,,,,,,,,,,,,,,,,,,,,,0,,,,,,,,,,1,2,0,0,0,2,0,0,0,,,,,,,,
17077602,1,1,N,N,43,1C4NJPBA9GD562287,2016,9,429,1273,104,N,78745,1,1,2,6,12,,,,N,,,N,,,,,,,,,,,,,,,,,,,,,,37,,,,,,,,,,3,1,0,0,0,1,0,0,0,,,,,,,,
17077602,2,1,N,N,43,15GGB2718K3193284,2019,3,40,3029,92,N,78702,1,7,8,3,5,,,,N,,,N,,,,,,,,,,,,,,,,,,,,,,0,,,,,,,,,,5,1,0,0,0,1,0,0,0,,,,,,,,
17077603,1,1,N,Y,43,KMHDN45D41U081581,2001,10,45,480,104,N,,2,,6,2,6,,,,,AVILES & GABES WRECKER SERVICE INC.,AVILES & GABES WRECKER SERVICE INC.,N,,,,,,,,,,,,,,,,,,,,,,0,,,,,,,,,,1,1,0,0,0,1,0,0,0,,,,,,,,
17077603,2,1,N,Y,113,,,99,,,0,N,,,,,,,,,,N,,,N,,,,,,,,,,,,,,,,,,,,,,0,,,,,,,,,,1,1,0,0,0,0,1,0,0,,,,,,,,
17077604,1,1,N,Y,43,1FMDU32X0SZB64828,1995,10,37,554,69,N,78741,2,,17,7,12,,,,N,620 LAKESIDE TOWING,620 LAKESIDE TOWING,N,,,,,,,,,,,,,,,,,,,,,,20,,,,,,,,,,1,1,0,0,1,0,0,1,0,,,,,,,,
17077605,1,1,N,N,43,JF2SH6AC9AH709804,2010,2,85,646,104,N,78681,1,2,2,1,12,,,,N,,,N,,,,,,,,,,,,,,,,,,,,,,0,,,,,,,,,,2,1,0,0,0,1,0,0,0,,,,,,,,
17077605,2,1,N,N,43,3N1CN7APXKL851850,2019,2,71,1452,104,N,78729,1,2,6,1,6,,,,N,,,N,,,,,,,,,,,,,,,,,,,,,,0,,,,,,,,,,2,1,0,0,1,0,0,1,0,,,,,,,,
17077607,1,1,N,Y,43,UNKNOWN,,,,,0,N,,,,,,,,,,,,,N,,,,,,,,,,,,,,,,,,,,,,0,,,,,,,,,,5,1,0,0,0,0,1,0,0,,,,,,,,
17077607,2,1,N,N,43,4T1BF3EK3AU509637,2010,3,91,380,104,N,78753,1,1,7,2,4,,,,N,EZ AUTO AND TOWING SERVICE,EZ AUTO AND TOWING SERVICE,N,,,,,,,,,,,,,,,,,,,,,,0,,,,,,,,,,5,1,0,0,0,1,0,0,0,,,,,,,,
17077607,3,1,N,N,43,5YFBU4EE3CP062768,2012,2,91,173,104,N,78704,1,2,5,0,6,,,,N,,,N,,,,,,,,,,,,,,,,,,,,,,0,,,,,,,,,,5,2,0,0,0,3,0,0,0,,,,,,,,
17077608,1,1,N,N,43,JTEBU11F270033545,2007,17,91,1085,104,Y,78750,1,2,7,3,6,,,,N,NOT TOWED,NOT TOWED,N,,,,,,,,,,,,,,,,,,,,,,0,,,,,,,,,,3,1,0,0,0,1,0,0,0,,,,,,,,
17077608,2,1,N,N,43,1C4PJLLB3KD154238,2019,17,429,970,104,Y,,2,,2,6,12,,,,Y,ROCHAS TOWING SERVICE,5526 1/2 W HWY 290,N,,,,,,,,,,,,,,,,,,,,,,22,44,,19,73,,,,,,3,1,0,0,0,1,0,0,0,,,,,,,,
17077614,1,1,N,Y,43,2B3KA53HX7H833994,2007,2,109,74,104,N,78728,1,2,,,,,,,Y,SOUTHSIDE WRECKER INC,8200 S. CONGRESS AVE,N,,,,,,,,,,,,,,,,,,,,,,0,,,,,,,,,,5,1,0,1,0,0,0,1,0,,,,,,,,
17077614,2,1,Y,N,43,5TFAX5GN7HX100372,2017,2,91,687,30,N,78745,1,2,,,,,,,N,,,N,,,,,,,,,,,,,,,,,,,,,,0,,,,,,,,,,5,1,0,0,0,0,0,0,0,,,,,,,,
17077618,1,1,N,N,43,1G6KD54Y24U223412,2004,2,106,36,104,N,78752,1,1,3,2,11,,,,N,,,N,,,,,,,,,,,,,,,,,,,,,,37,,,,,,,,,,7,1,0,0,0,1,0,0,0,,,,,,,,
17077618,2,1,N,N,43,JHLRD68596C026914,2006,21,44,605,69,N,75002,1,1,13,3,7,,,,N,,,N,,,,,,,,,,,,,,,,,,,,,,0,,,,,,,,,,3,1,0,0,1,2,0,1,0,,,,,,,,
17077619,1,1,N,N,43,2GNALBEK8G1132463,2016,17,107,1048,69,N,78660,1,1,7,6,7,,,,N,STARS TOWING,STARS TOWING,N,,,,,,,,,,,,,,,,,,,,,,34,,,,,,,,,,7,1,0,0,0,2,0,0,0,,,,,,,,
17077619,2,1,N,N,43,4T1BF1FK3HU663679,2017,2,91,380,104,N,,1,1,4,6,1,,,,,STARS TOWING,STARS TOWING,N,,,,,,,,,,,,,,,,,,,,,,0,,,,,,,,,,1,1,0,0,0,3,0,0,0,,,,,,,,
17077620,1,1,N,N,43,JT3GN86RX10218926,2001,2,91,395,104,N,78258,1,1,11,1,10,,,,N,,,N,,,,,,,,,,,,,,,,,,,,,,0,,,,,,,,,,7,1,0,0,0,1,0,0,0,,,,,,,,
17077620,2,1,N,N,43,1C3CCBAB1CN184330,2012,2,21,2258,104,N,78744,1,1,12,2,4,,,,,,,N,,,,,,,,,,,,,,,,,,,,,,0,,,,,,,,,,7,1,0,0,3,1,0,3,0,,,,,,,,
17077621,1,1,N,N,43,2G1WF55E1Y9121897,2000,3,107,53,104,N,78724,1,2,2,0,12,,,,Y,SOUTHSIDE WRECKER INC,8200 S. CONGRESS AVE,N,,,,,,,,,,,,,,,,,,,,,,0,,,,,,,,,,1,1,0,0,0,2,0,0,0,,,,,,,,
17077621,2,1,N,N,43,3N1AB7AP7JY241535,2018,17,71,341,104,N,08054,1,7,6,0,6,,,,N,NOT TOWED,N/A,N,,,,,,,,,,,,,,,,,,,,,,0,,,,,,,,,,1,1,0,0,0,4,0,0,0,,,,,,,,
17077623,1,1,N,N,43,JM1BK123741141731,2004,9,63,3917,104,N,78240,2,,3,3,11,,,,N,A & A WRECKER NORTH,,N,,,,,,,,,,,,,,,,,,,,,,71,23,,,,,,,,,3,1,0,1,0,0,0,1,0,,,,,,,,
17077623,2,1,Y,N,43,3N1BC13E57L458999,2007,17,71,1452,104,N,78758,1,1,1,4,1,,,,N,EZ AUTO AND TOWING SERVICE,,N,,,,,,,,,,,,,,,,,,,,,,0,,,,,,,,,,3,1,0,0,0,0,0,0,0,,,,,,,,
17077623,3,1,Y,N,40,JHLRE38798C050212,2008,3,44,605,69,N,78613,4,,1,3,12,,,,N,STARS TOWING,,N,,,,,,,,,,,,,,,,,,,,,,0,,,,,,,,,,3,2,0,0,0,0,0,0,0,,,,,,,,
17077624,1,1,N,Y,43,1B7FL26X6TW706537,1996,10,109,567,30,N,78749,1,1,2,6,12,,,,Y,EZ AUTO AND TOWING SERVICE,EZ AUTO AND TOWING SERVICE,N,,,,,,,,,,,,,,,,,,,,,,67,74,,,,,,,,,7,1,0,0,0,1,0,0,0,,,,,,,,
17077624,2,1,N,N,43,JN8AS5MT6CW279346,2012,9,71,1310,69,N,,1,1,3,6,9,,,,Y,SOUTHSIDE WRECKER INC,8200 S. CONGRESS AVE,N,,,,,,,,,,,,,,,,,,,,,,0,,,,,,,,,,5,1,0,1,0,0,0,1,0,,,,,,,,
17077626,1,1,N,N,43,3N1AB6AP1BL731574,2011,16,71,341,104,N,78664,2,,2,5,12,,,,Y,STARS TOWING,STARS TOWING,N,,,,,,,,,,,,,,,,,,,,,,0,,,,,,,,,,1,1,0,0,0,1,0,0,0,,,,,,,,
17077626,2,1,N,N,43,JT3GN86R7Y0162468,2000,2,91,395,69,N,78758,1,2,13,3,9,15,3,7,N,,,N,,,,,,,,,,,,,,,,,,,,,,0,,,,,,,,,,7,1,0,0,1,0,0,1,0,,,,,,,,
17077627,1,1,N,N,43,JTHBJ46GX82264049,2008,17,58,1050,104,N,78404,2,,2,4,12,,,,N,A-TEX TOWING,A-TEX TOWING,N,,,,,,,,,,,,,,,,,,,,,,44,,,20,,,,,,,7,1,0,0,0,2,0,0,0,,,,,,,,
17077627,2,1,N,N,43,JTMC1RFV5KD511636,2019,16,91,581,69,N,78957,1,2,6,3,6,,,,N,DRIVEN AWAY,DRIVEN AWAY,N,,,,,,,,,,,,,,,,,,,,,,0,,,,,,,,,,7,1,0,0,0,1,0,0,0,,,,,,,,
17077659,1,1,N,N,43,1FVACXDT4GHHE6457,2016,21,38,1524,106,N,78665,1,1,12,1,3,,,,N,NONE,,N,,,,,,,,,,,,,,,,,,,,,,4,,,,,,,,,,3,1,0,0,0,1,0,0,0,,,,,,,,
17077659,2,1,N,N,43,ZARBAAA45HM218460,2017,9,104,2612,100,N,78701,1,1,13,5,9,,,,N,NONE,,N,,,,,,,,,,,,,,,,,,,,,,0,,,,,,,,,,3,1,0,0,0,1,0,0,0,,,,,,,,
17077660,1,1,N,N,6,3N1AB7APXJY252884,2018,2,71,341,104,N,,1,1,12,1,3,,,,N,,,N,,,,,,,,,,,,,,,,,,,,,,37,,,,,,,,,,7,1,0,0,0,2,0,0,0,,,,,,,,
17077660,2,5,N,N,,,,,,,,N,,,,,,,,,,,,,N,,,,,,,,,,,,,,,,,,,,,,0,,,,,,,,,,3,1,0,0,1,0,0,1,0,,,,,,,,
17077661,1,1,N,N,43,1FTYR1YM5GKA76687,2016,21,37,2992,103,N,78710,4,7,2,1,12,7,1,5,N,,,N,,,,,,,,,,,,,,,,,,,,,,22,,,44,,,,,,,8,1,0,0,0,1,0,0,0,,,,,,,,
17077661,2,1,N,N,43,ZACCJBCT4GPD11091,2016,9,429,4686,69,N,78617,1,2,6,1,6,,,,N,,,N,,,,,,,,,,,,,,,,,,,,,,0,,,,,,,,,,8,1,0,0,0,1,0,0,0,,,,,,,,
17077661,3,1,N,N,43,5N1BA0ND8AN610603,2010,21,71,784,69,N,78612,1,2,4,2,11,,,,N,,,N,,,,,,,,,,,,,,,,,,,,,,0,,,,,,,,,,8,2,0,0,0,1,0,0,0,,,,,,,,
17078872,1,1,N,N,43,KNMAT2MV4FP527987,2015,2,71,1310,69,N,78732,1,2,3,4,11,4,4,1,N,OWNER REQUESTED,AWAY FROM SCENE,N,,,,,,,,,,,,,,,,,,,,,,0,,,,,,,,,,6,1,0,0,0,2,0,0,0,,,,,,,,
17078872,2,1,N,N,43,1HGCP3F8XCA039329,2012,9,44,236,104,N,78726,1,2,7,3,7,,,,N,DRIVER,AWAY FROM SCENE,N,,,,,,,,,,,,,,,,,,,,,,0,,,,,,,,,,4,1,0,0,0,1,0,0,0,,,,,,,,
17078940,1,1,N,N,43,3N1CB51DX6L603770,2006,1,71,341,104,N,78744,2,,2,3,12,,,,N,SPECIAL AUTOMOTIVE SERVICE INC,SPECIAL AUTOMOTIVE SERVICE INC,N,,,,,,,,,,,,,,,,,,,,,,44,,,,,,,,,,1,1,0,0,0,1,0,0,0,,,,,,,,
17078940,2,1,N,N,43,2T2HK31U18C076985,2008,9,58,666,69,N,78741,1,1,6,1,6,,,,N,N/A,N/A,N,,,,,,,,,,,,,,,,,,,,,,0,,,,,,,,,,1,1,0,0,0,1,0,0,0,,,,,,,,
17079104,1,1,N,N,43,1HGCM82603A013462,2003,9,44,236,100,N,78753,1,2,1,0,12,,,,Y,,,N,,,,,,,,,,,,,,,,,,,,,,36,19,,,,,,,,,8,1,0,0,0,2,0,0,0,,,,,,,,
17079104,2,4,,,,,,,,,,,,,,,,,,,,,,,,,,,,,,,,,,,,,,,,,,,,,0,,,,,,,,,,9,1,0,1,0,0,0,1,0,,,,,,,,
17079142,1,1,N,N,43,4T1BF1FK8EU789967,2014,21,91,380,104,N,78738,1,2,4,3,2,,,,N,DRIVEN FROM SCENE BY OWNER,DRIVEN FROM SCENE BY OWNER,N,,,,,,,,,,,,,,,,,,,,,,0,,,,,,,,,,7,1,0,0,0,1,0,0,0,,,,,,,,
17079142,2,3,,,,,,,,,,,,,,,,,,,,,,,,,,,,,,,,,,,,,,,,,,,,,0,,,,,,,,,,9,1,0,0,1,0,0,1,0,,,,,,,,
17079143,1,1,N,N,43,WBAPM5G57BNN00838,2011,2,14,846,104,N,75230,1,2,2,3,12,,,,Y,STARS TOWING,STARS TOWING,N,,,,,,,,,,,,,,,,,,,,,,15,,,,,,,,,,3,1,0,0,0,1,0,0,0,,,,,,,,
17079143,2,1,N,N,43,JTDKB20U193496228,2009,9,91,702,104,N,78748,1,2,4,3,1,,,,N,PRONTO WRECKER SERVICE NORTH,PRONTO WRECKER SERVICE NORTH,N,,,,,,,,,,,,,,,,,,,,,,0,,,,,,,,,,5,1,0,0,0,4,0,0,0,,,,,,,,
17079143,3,1,N,N,43,JHMZE2H34CS003882,2012,8,44,697,104,N,77429,1,2,4,1,1,,,,N,DRIVEN FROM SCENE,DRIVEN FROM SCENE,N,,,,,,,,,,,,,,,,,,,,,,0,,,,,,,,,,5,2,0,0,0,2,0,0,0,,,,,,,,
17079173,1,1,N,N,43,2GCEC19T811218354,2001,3,107,658,30,N,78751,1,2,2,2,12,,,,Y,A-TEX TOWING,A-TEX TOWING YARD,N,,,,,,,,,,,,,,,,,,,,,,22,,,,,,,,,,5,1,0,2,0,0,0,2,0,,,,,,,,
17079192,1,1,N,N,43,3N1BC13E19L489010,2009,17,71,1452,104,N,78745,1,2,2,3,12,,,,N,NOT TOWED,DRIVEN FROM SCENE,N,,,,,,,,,,,,,,,,,,,,,,0,,,,,,,,,,5,1,0,0,0,1,0,0,0,,,,,,,,
17079192,2,1,N,N,43,1FAHP35N29W124470,2009,2,37,696,104,N,78704,1,2,6,2,6,,,,N,NOT TOWED,DRIVEN FRON SCENE.,N,,,,,,,,,,,,,,,,,,,,,,0,,,,,,,,,,5,1,0,0,0,1,0,0,0,,,,,,,,
17079192,3,1,N,N,43,1GNSCAE01CR304007,2012,2,107,547,69,N,78758,1,2,1,3,5,,,,N,NOT TOWED,DRIVEN FROM SCENE,N,,,,,,,,,,,,,,,,,,,,,,0,,,,,,,,,,5,2,0,0,0,4,0,0,0,,,,,,,,
17079192,4,1,N,N,43,1HD1MAM19AB851333,2010,2,44,107,71,N,78744,1,2,1,4,,5,4,6,Y,SPECIAL 76,SPECIAL AUTOMOTIVE SERVICE INC,N,,,,,,,,,,,,,,,,,,,,,,0,,,,,,,,,,5,2,1,0,0,0,0,1,0,,,,,,,,
17079192,5,1,N,N,43,1GTEC14V63Z259908,2003,3,39,2340,30,N,78751,1,2,3,3,6,6,2,12,N,NOT TOWED,DRIVEN FRON SCENE,N,,,,,,,,,,,,,,,,,,,,,,0,,,,,,,,,,5,2,0,0,0,1,0,0,0,,,,,,,,
17079192,6,1,N,N,43,2HKRM3H76EH520941,2014,17,44,605,69,N,78664,1,2,2,4,12,6,2,6,N,EZ AUTO AND TOWING SERVICE,EZ AUTO AND TOWING SERVICE,N,,,,,,,,,,,,,,,,,,,,,,0,,,,,,,,,,5,2,0,0,0,1,0,0,0,,,,,,,,
17079192,7,1,N,N,43,3C4PDCBG4DT642793,2013,3,109,1166,69,N,78617,1,2,2,5,12,6,4,6,N,EZ AUTO AND TOWING SERVICE,EZ AUTO AND TOWING SERVICE,N,,,,,,,,,,,,,,,,,,,,,,0,,,,,,,,,,5,2,0,0,0,1,0,0,0,,,,,,,,
17079192,8,1,N,N,43,1N6AF0LY9GN814078,2016,21,71,69,103,N,78745,1,2,2,5,12,,,,N,ROCHAS TOWING SERVICE,ROCHAS TOWING SERVICE,N,,,,,,,,,,,,,,,,,,,,,,0,,,,,,,,,,5,2,0,0,0,1,0,0,0,,,,,,,,
17079242,1,1,N,N,43,JHMCD5531RC042432,1994,8,44,236,104,N,78610,1,2,3,2,11,,,,N,,,N,,,,,,,,,,,,,,,,,,,,,,0,,,,,,,,,,11,1,0,0,0,1,0,0,0,,,,,,,,
17079242,2,1,N,N,43,4T1BK1EB3JU287682,2018,9,91,563,104,N,78617,1,1,8,4,3,,,,N,,,N,,,,,,,,,,,,,,,,,,,,,,0,,,,,,,,,,11,1,0,0,0,1,0,0,0,,,,,,,,
17079243,1,1,N,N,43,1C3CDFEB1ED791447,2014,16,109,78,104,N,78610,1,1,3,3,11,,,,N,SOUTHSIDE WRECKER INC,8200 S. CONGRESS AVE,N,,,,,,,,,,,,,,,,,,,,,,0,,,,,,,,,,3,1,0,0,0,1,0,0,0,,,,,,,,
17079244,1,1,N,N,43,JTHBK262382071442,2008,2,58,429,104,N,78752,1,1,2,7,1,,,,N,EZ AUTO AND TOWING SERVICE,EZ AUTO AND TOWING SERVICE,N,,,,,,,,,,,,,,,,,,,,,,22,45,,,,,,,,,2,1,0,0,3,0,0,3,0,,,,,,,,
17079245,1,1,N,N,43,1FTFX1CT6CFB32716,2012,17,37,602,106,N,78644,1,2,4,3,2,,,,Y,PRONTO WRECKER SERVICE NORTH,PRONTO WRECKER SERVICE NORTH,N,,,,,,,,,,,,,,,,,,,,,,20,15,,,,,,,,,3,1,1,1,0,0,0,2,0,,,,,,,,
17079245,2,1,N,N,43,1C6RR6LT0HS662769,2017,17,710,4100,106,N,78729,1,2,2,3,12,,,,Y,STARS TOWING,STARS TOWING,N,,,,,,,,,,,,,,,,,,,,,,0,,,,,,,,,,1,1,0,1,0,0,0,1,0,,,,,,,,
17079246,1,1,N,N,43,1YVHP82D155M38124,2005,3,63,870,104,N,78613,1,1,11,4,9,,,,N,FINGER TOWING SERVICE,FINGER TOWING SERVICE,N,,,,,,,,,,,,,,,,,,,,,,35,,,,,,,,,,11,1,0,0,0,1,0,0,0,,,,,,,,
17079246,2,1,N,N,43,1NXBR12E71Z540125,2001,,91,173,104,N,78750,1,1,2,4,12,,,,N,,,N,,,,,,,,,,,,,,,,,,,,,,0,,,,,,,,,,11,1,0,0,0,1,0,0,0,,,,,,,,
17079247,1,1,N,N,43,1C6RR7TT9KS552980,2019,17,109,2275,30,N,,1,1,13,3,9,,,,N,,,N,,,,,,,,,,,,,,,,,,,,,,55,,,,,,,,,,6,1,0,0,0,1,0,0,0,,,,,,,,
17079247,2,1,N,N,43,WAUGMAF49HN044318,2017,3,8,2148,104,N,78739,1,1,3,4,11,,,,N,A TEX,CALIBER COLLISION,N,,,,,,,,,,,,,,,,,,,,,,0,,,,,,,,,,8,1,0,0,0,1,0,0,0,,,,,,,,
17079248,1,1,N,N,43,JTHHE5BC7F5003450,2015,2,58,1318,104,N,78748,1,2,1,2,12,,,,N,,,N,,,,,,,,,,,,,,,,,,,,,,35,,,,,,,,,,3,1,0,0,0,1,0,0,0,,,,,,,,
17079248,2,1,N,N,43,1N4AL3AP5DN495299,2013,2,71,500,104,N,78744,1,2,4,2,3,,,,Y,FIVE STARE,5526 1/2 W HWY 290,N,,,,,,,,,,,,,,,,,,,,,,0,,,,,,,,,,1,1,0,0,1,0,0,1,0,,,,,,,,
17079250,1,1,N,N,43,5XXGN4A74DG103641,2013,5,55,715,104,N,78758,1,2,3,3,12,,,,N,,,N,,,,,,,,,,,,,,,,,,,,,,34,20,,,,,,,,,8,1,0,0,0,1,0,0,0,,,,,,,,
17079250,2,1,N,N,43,1G1ZA5EU2CF389473,2012,17,107,56,104,N,78734,1,2,14,3,1,,,,N,,,N,,,,,,,,,,,,,,,,,,,,,,0,,,,,,,,,,2,1,0,0,0,2,0,0,0,,,,,,,,
17079251,1,1,N,N,43,1G1JC5SB4E4107021,2014,3,107,2243,104,N,78717,1,1,11,3,,,,,N,FINGER TOWING SERVICE,FINGER TOWING SERVICE,N,,,,,,,,,,,,,,,,,,,,,,20,,,,,,,,,,8,1,0,0,1,0,0,1,0,,,,,,,,
17079251,2,1,N,N,43,4DRBUC8N5HB283439,2017,22,48,940,47,N,77856,1,1,10,1,5,,,,N,,,N,,,,,,,,,,,,,,,,,,,,,,0,,,,,,,,,,8,1,0,0,0,1,0,0,0,,,,,,,,
17079252,1,1,N,N,43,1G2JB5245Y7420341,2000,21,118,159,104,N,78130,3,1,2,1,12,,,,N,,,N,,,,,,,,,,,,,,,,,,,,,,,,,20,,,,,,,4,1,0,0,0,1,0,0,0,,,,,,,,
17079252,2,1,N,N,43,LPRSA20A68A813868,2008,2,101,1558,71,N,78741,1,2,6,3,6,,,,N,EZ AUTO AND TOWING SERVICE,EZ AUTO AND TOWING SERVICE,N,,,,,,,,,,,,,,,,,,,,,,0,,,,,,,,,,4,1,0,0,1,0,0,1,0,,,,,,,,
17079253,1,1,N,Y,43,2GCEC19W911199937,2001,2,107,658,30,N,78741,1,2,2,2,12,,,,Y,STARS TOWING,STARS TOWING,N,,,,,,,,,,,,,,,,,,,,,,44,20,,,,,,,,,8,1,0,0,0,0,1,0,0,,,,,,,,
17079253,2,1,N,N,43,5Y2SL658X8Z402469,2008,17,118,778,104,N,84302,1,2,6,2,5,3,1,11,Y,STARS TOWING,STARS TOWING,N,,,,,,,,,,,,,,,,,,,,,,0,,,,,,,,,,8,1,0,1,1,1,0,2,0,,,,,,,,
17079254,1,1,N,N,43,2CNDL13F276008757,2007,21,107,1048,69,N,78660,1,3,4,2,1,,,,N,SOUTHSIDE WRECKER INC,SOUTHSIDE,N,,,,,,,,,,,,,,,,,,,,,,74,,,,,,,,,,3,1,0,0,0,1,0,0,0,,,,,,,,
17079254,2,1,Y,N,43,1GKKNKLA2JZ220848,2018,21,39,1392,69,N,78747,1,1,4,1,1,5,0,6,N,ROCHAS TOWING SERVICE,ROCHAS TOWING SERVICE,N,,,,,,,,,,,,,,,,,,,,,,0,,,,,,,,,,7,1,0,0,0,0,0,0,0,,,,,,,,