Crash_ID,Unit_Nbr,Unit_Desc_ID,Veh_Parked_Fl,Veh_HNR_Fl,Veh_Lic_State_ID,VIN,Veh_Mod_Year,Veh_Color_ID,Veh_Make_ID,Veh_Mod_ID,Veh_Body_Styl_ID,Emer_Respndr_Fl,Ownr_Zip,Fin_Resp_Proof_ID,Fin_Resp_Type_ID,Veh_Dmag_Area_1_ID,Veh_Dmag_Scl_1_ID,Force_Dir_1_ID,Veh_Dmag_Area_2_ID,Veh_Dmag_Scl_2_ID,Force_Dir_2_ID,Veh_Inventoried_Fl,Veh_Transp_Name,Veh_Transp_Dest,Veh_Cmv_Fl,Cmv_Fiveton_Fl,Cmv_Hazmat_Fl,Cmv_Nine_Plus_Pass_Fl,Cmv_Veh_Oper_ID,Cmv_Carrier_ID_Type_ID,Cmv_Carrier_Zip,Cmv_Veh_Type_ID,Cmv_GVWR,Cmv_RGVW,Cmv_Hazmat_Rel_Fl,Hazmat_Cls_1_ID,Hazmat_IDNbr_1_ID,Hazmat_Cls_2_ID,Hazmat_IDNbr_2_ID,Cmv_Cargo_Body_ID,Cmv_Evnt1_ID,Cmv_Evnt2_ID,Cmv_Evnt3_ID,Cmv_Evnt4_ID,Cmv_Tot_Axle,Cmv_Tot_Tire,Contrib_Factr_1_ID,Contrib_Factr_2_ID,Contrib_Factr_3_ID,Contrib_Factr_P1_ID,Contrib_Factr_P2_ID,Veh_Dfct_1_ID,Veh_Dfct_2_ID,Veh_Dfct_3_ID,Veh_Dfct_P1_ID,Veh_Dfct_P2_ID,Veh_Trvl_Dir_ID,First_Harm_Evt_Inv_ID,Sus_Serious_Injry_Cnt,Nonincap_Injry_Cnt,Poss_Injry_Cnt,Non_Injry_Cnt,Unkn_Injry_Cnt,Tot_Injry_Cnt,Death_Cnt,Cmv_Disabling_Damage_Fl,Cmv_Bus_Type_ID,Trlr_GVWR,Trlr_RGVW,Trlr_Type_ID,Trlr_Disabling_Dmag_ID,Cmv_Intermodal_Container_Permit_Fl,CMV_Actual_Gross_Weight
17079255,1,1,N,N,43,2FABP7BVXAX140071,2010,22,37,995,104,N,78727,1,7,15,5,9,,,,Y,620 LAKESIDE TOWING,620 LAKESIDE TOWING,N,,,,,,,,,,,,,,,,,,,,,,35,,,,,,,,,,5,1,0,1,0,0,0,1,0,,,,,,,,
17079255,2,1,N,N,43,JNKCV54E95M404589,2005,3,47,764,100,N,78753,2,,,,,,,,Y,STARS TOWING,STARS TOWING,N,,,,,,,,,,,,,,,,,,,,,,0,,,,,,,,,,8,1,0,1,0,0,0,1,0,,,,,,,,
17079261,1,1,N,N,43,3VW2K7AJXEM223022,2014,17,96,316,104,N,78653,1,2,11,1,10,,,,N,,,N,,,,,,,,,,,,,,,,,,,,,,37,20,,,,,,,,,8,1,0,0,0,2,0,0,0,,,,,,,,
17079261,2,1,N,N,43,1G2NF52E93M741100,2003,21,118,153,104,N,78731,1,2,11,1,10,,,,Y,AVILES & GABES WRECKER SERVICE INC.,AVILES & GABES WRECKER SERVICE INC.,N,,,,,,,,,,,,,,,,,,,,,,0,,,,,,,,,,4,1,0,0,0,1,0,0,0,,,,,,,,
17079262,1,1,N,N,43,JM1BPACL6K1112220,2019,21,63,3917,104,N,78729,1,2,12,1,1,4,1,1,Y,AUS-TEX AUTO ENTERPRISES LLC,AUS-TEX AUTO ENTERPRISES LLC,N,,,,,,,,,,,,,,,,,,,,,,20,,,,,,,,,,1,1,0,0,0,1,0,0,0,,,,,,,,
17079262,2,1,N,N,43,2C3CDXCT0EH360098,2014,16,109,82,104,N,78752,1,2,2,5,2,,,,Y,AUS-TEX AUTO ENTERPRISES LLC,AUS-TEX AUTO ENTERPRISES LLC,N,,,,,,,,,,,,,,,,,,,,,,0,,,,,,,,,,7,1,0,0,0,2,0,0,0,,,,,,,,
17079262,3,1,Y,N,43,1FT7W2A6XHEF20085,2017,21,37,101,30,N,63132,1,2,3,1,10,,,,N,,,N,,,,,,,,,,,,,,,,,,,,,,0,,,,,,,,,,3,2,0,0,0,0,0,0,0,,,,,,,,
17079263,1,1,N,N,43,4T1B11HK7JU550285,2018,11,91,380,104,N,78758,1,2,2,5,12,17,5,12,N,ROCHAS TOWING SERVICE,ROCHAS TOWING SERVICE,N,,,,,,,,,,,,,,,,,,,,,,40,46,,,,,,,,,7,1,0,1,0,0,0,1,0,,,,,,,,
17079263,2,1,N,N,43,JF1VA1N68G8812489,2016,3,85,4156,104,N,78747,1,2,6,4,6,,,,N,,,N,,,,,,,,,,,,,,,,,,,,,,0,,,,,,,,,,7,1,0,1,0,0,0,1,0,,,,,,,,
17079264,1,1,N,N,43,1FTSW21P57EA68144,2007,,37,101,30,N,77072,2,,6,3,6,,,,,,,N,,,,,,,,,,,,,,,,,,,,,,0,,,,,,,,,,1,1,0,0,0,1,0,0,0,,,,,,,,
17079264,2,1,N,N,43,1HGCP2F47BA088851,2011,,44,236,104,N,78758,2,2,3,3,10,,,,N,,,N,,,,,,,,,,,,,,,,,,,,,,0,,,,,,,,,,7,1,0,0,1,1,0,1,0,,,,,,,,
17079265,1,1,N,Y,43,3N1CB51D55L549938,2005,21,71,500,104,N,78744,2,,4,4,2,,,,Y,EZ AUTO AND TOWING SERVICE,EZ AUTO AND TOWING SERVICE,N,,,,,,,,,,,,,,,,,,,,,,22,,,,,,,,,,4,1,0,0,0,0,1,0,0,,,,,,,,
17079265,2,1,Y,N,43,1N4AL3AP6EN368398,2014,2,71,500,104,N,78744,1,1,13,4,7,,,,N,K & S TOWING,K & S TOWING,N,,,,,,,,,,,,,,,,,,,,,,0,,,,,,,,,,4,1,0,0,0,0,0,0,0,,,,,,,,
17079266,1,1,N,N,43,1HGCD5698TA272171,1996,17,44,236,104,N,78721,2,,1,4,12,,,,N,SOUTHSIDE WRECKER INC,8200 S. CONGRESS AVE,N,,,,,,,,,,,,,,,,,,,,,,44,,,,,,,,,,2,1,0,0,0,1,0,0,0,,,,,,,,
17079266,2,1,N,N,43,4T1BF32K23U551093,2003,17,91,380,104,N,78744,1,2,5,3,6,,,,N,FINGER TOWING SERVICE,FINGER TOWING SERVICE,N,,,,,,,,,,,,,,,,,,,,,,0,,,,,,,,,,2,1,0,0,1,0,0,1,0,,,,,,,,
17079267,1,1,N,N,43,WBAPH7G59BNM54400,2011,2,14,652,104,N,77365,1,2,4,4,12,,,,N,620 LAKESIDE TOWING,620 LAKESIDE TOWING,N,,,,,,,,,,,,,,,,,,,,,,20,22,,,,,,,,,1,1,0,1,0,0,0,1,0,,,,,,,,
17079267,2,1,N,N,43,1G11B5SL1EF252615,2014,17,107,56,104,N,78749,1,2,7,5,6,,,,N,ARMADA TOWING,ARMADA TOWING,N,,,,,,,,,,,,,,,,,,,,,,0,,,,,,,,,,1,1,0,0,0,2,0,0,0,,,,,,,,
17079268,1,1,N,N,43,1GNEC13R6XJ517778,1999,16,107,547,69,N,78757,1,1,3,4,11,,,,Y,LAMONT & SONS,LAMONT & SONS,N,,,,,,,,,,,,,,,,,,,,,,37,,,,,,,,,,7,1,0,0,0,1,0,0,0,,,,,,,,
17079268,2,1,N,N,43,ZACCJABH2FPB89000,2015,21,429,4686,69,N,78761,1,1,2,5,2,8,3,5,Y,SPECIAL AUTOMOTIVE SERVICE INC,SPECIAL AUTOMOTIVE SERVICE INC,N,,,,,,,,,,,,,,,,,,,,,,0,,,,,,,,,,3,1,0,0,1,1,0,1,0,,,,,,,,
17079269,1,1,N,N,43,1FAHP2MK3EG153515,2014,17,37,376,104,N,78702,1,7,8,1,6,,,,N,,,N,,,,,,,,,,,,,,,,,,,,,,3,,,,,,,,,,2,1,0,0,0,2,0,0,0,,,,,,,,
17079269,2,1,N,N,43,1GBCS10A9N2908145,1992,21,207,9998,92,N,78758,1,7,15,1,9,,,,N,,,N,,,,,,,,,,,,,,,,,,,,,,0,,,,,,,,,,4,1,0,0,0,1,0,0,0,,,,,,,,
17079270,1,1,N,N,43,5NPD84LF6HH171951,2017,2,45,480,104,N,78572,1,1,2,0,12,,,,N,DRIVER,DRIVER,N,,,,,,,,,,,,,,,,,,,,,,44,,,,,,,,,,3,1,0,0,0,1,0,0,0,,,,,,,,
17079270,2,1,N,N,43,4T1B11HK9JU043565,2018,21,91,380,104,N,78644,1,1,6,1,6,,,,N,DRIVER,DRIVER,N,,,,,,,,,,,,,,,,,,,,,,0,,,,,,,,,,3,1,0,0,1,0,0,1,0,,,,,,,,
17079271,1,1,N,N,43,KNDJN2A26G7836530,2016,2,55,1357,69,N,78744,1,2,4,5,1,,,,N,,,N,,,,,,,,,,,,,,,,,,,,,,,,,19,20,,,,,,6,1,0,0,1,1,0,1,0,,,,,,,,
17079271,2,1,N,N,43,5FNYF5H85GB045181,2016,21,44,761,69,N,78641,1,2,7,2,5,,,,N,,,N,,,,,,,,,,,,,,,,,,,,,,0,,,,,,,,,,6,1,0,0,0,1,0,0,0,,,,,,,,
17079272,1,1,N,Y,76,,,21,37,,30,N,,,,,,,,,,,,,N,,,,,,,,,,,,,,,,,,,,,,0,,,,,,,,,,3,1,0,0,0,0,0,0,0,,,,,,,,
17079272,2,1,N,N,43,2HGEJ6679WH609636,1998,10,44,256,104,N,78681,1,2,9,3,9,,,,Y,ATX-VIP TOWING SERVICES,ATX-VIP TOWING SERVICES,N,,,,,,,,,,,,,,,,,,,,,,0,,,,,,,,,,1,1,0,1,0,0,0,1,0,,,,,,,,
17079299,1,1,N,N,43,1FTFW1CF0EKD00387,2014,21,37,2324,104,N,77399,1,2,3,3,11,,,,N,620 LAKESIDE TOWING,620 LAKESIDE TOWING,N,,,,,,,,,,,,,,,,,,,,,,4,,,,,,,,,,1,1,0,0,0,2,0,0,0,,,,,,,,
17079299,2,1,N,N,43,1GCZGTCF9F1136635,2015,3,107,2821,103,N,78611,1,2,16,2,2,9,2,9,N,AVILES & GABES WRECKER SERVICE INC.,AVILES & GABES WRECKER SERVICE INC.,N,,,,,,,,,,,,,,,,,,,,,,0,,,,,,,,,,1,1,0,0,0,1,0,0,0,,,,,,,,
17079300,1,1,N,N,43,3FA6P0G78GR354244,2016,2,37,1097,104,N,78752,1,2,2,2,12,,,,Y,EZ AUTO AND TOWING SERVICE,EZ AUTO AND TOWING SERVICE,N,,,,,,,,,,,,,,,,,,,,,,0,,,,,,,,,,5,1,0,0,3,0,0,3,0,,,,,,,,
17079300,2,1,N,N,43,3GNEC12T54G241880,2004,2,107,730,30,N,78758,1,2,9,2,9,,,,Y,ARMADA TOWING,ARMADA TOWING,N,,,,,,,,,,,,,,,,,,,,,,0,,,,,,,,,,3,1,0,0,1,0,0,1,0,,,,,,,,
17079301,1,1,N,N,43,2GKALMEK2D6121336,2013,21,39,1392,104,N,78753,1,2,3,2,9,,,,N,,,N,,,,,,,,,,,,,,,,,,,,,,34,,,,,,,,,,3,1,0,1,0,0,1,1,0,,,,,,,,
17079301,2,1,N,N,43,3FAHP0HA9AR127526,2010,17,37,1097,104,N,78753,2,,2,2,11,,,,N,,,N,,,,,,,,,,,,,,,,,,,,,,0,,,,,,,,,,5,1,0,2,0,1,0,2,0,,,,,,,,
17079302,1,1,N,N,43,3N1CN7AP2HL904839,2017,1,71,1452,92,N,78754,1,1,12,4,3,2,4,12,Y,ARMADA TOWING,ARMADA TOWING,N,,,,,,,,,,,,,,,,,,,,,,20,37,,,,,,,,,5,1,0,0,0,1,0,0,0,,,,,,,,
17079302,2,1,N,N,43,4T1BF1FK4CU591951,2012,2,91,380,92,N,78660,1,1,2,3,12,,,,Y,BULLET TOWING,BULLET TOWING,N,,,,,,,,,,,,,,,,,,,,,,20,,,,,,,,,,1,1,0,0,0,3,0,0,0,,,,,,,,
17079303,1,1,N,N,43,3C4PDCAB7FT573641,2015,9,109,1166,104,N,78640,1,2,12,2,2,,,,Y,SPECIAL AUTOMOTIVE SERVICE INC,SPECIAL AUTOMOTIVE SERVICE INC,N,,,,,,,,,,,,,,,,,,,,,,19,,,,,,,,,,7,1,0,0,0,2,0,0,0,,,,,,,,
17079303,2,1,Y,N,43,2HGFB2F54CH312813,2012,2,44,256,104,N,78702,1,2,4,2,1,,,,Y,ROCHAS TOWING SERVICE,ROCHAS TOWING SERVICE,N,,,,,,,,,,,,,,,,,,,,,,0,,,,,,,,,,3,1,0,0,0,0,0,0,0,,,,,,,,
17079304,1,1,N,Y,43,KL7CJKSB9FB249508,2015,3,107,2248,104,N,78753,1,2,7,3,7,,,,N,,,N,,,,,,,,,,,,,,,,,,,,,,37,,,,,,,,,,11,1,0,0,1,0,0,1,0,,,,,,,,
17079304,2,1,N,Y,113,,,99,,,0,N,,,,,,,,,,N,,,N,,,,,,,,,,,,,,,,,,,,,,0,,,,,,,,,,11,1,0,0,0,0,1,0,0,,,,,,,,
17079304,3,6,,,,,,,,,,,,,,,,,,,,,,,,,,,,,,,,,,,,,,,,,,,,,0,,,,,,,,,,9,2,0,0,0,0,0,0,0,,,,,,,,
17079305,1,1,N,N,43,YV1SW612862543579,2006,21,98,1440,104,N,78753,1,2,2,3,12,,,,N,620 LAKESIDE TOWING,620 LAKESIDE TOWING,N,,,,,,,,,,,,,,,,,,,,,,40,,,19,,,,,,,1,1,0,0,0,3,0,0,0,,,,,,,,
17079305,2,1,N,N,43,1GTN1TEC2FZ906890,2015,21,39,105,30,N,78660,1,2,6,3,,,,,N,STARS TOWING,STARS TOWING,N,,,,,,,,,,,,,,,,,,,,,,0,,,,,,,,,,1,1,0,1,0,0,0,1,0,,,,,,,,
17079306,1,1,N,Y,43,1FAFP55S8YA150673,2000,8,37,376,104,N,78744,1,2,9,1,9,,,,Y,SOUTHSIDE WRECKER INC,8200 S. CONGRESS AVE,N,,,,,,,,,,,,,,,,,,,,,,4,,,,,,,,,,5,1,0,0,0,0,1,0,0,,,,,,,,
17079306,2,1,N,N,43,2HGFA1F98AH564688,2010,2,44,256,104,N,78741,1,2,16,1,5,,,,N,NOT TOWED,NOT TOWED,N,,,,,,,,,,,,,,,,,,,,,,0,,,,,,,,,,5,1,0,0,0,2,0,0,0,,,,,,,,
17079307,1,1,N,N,43,19XFC2F53HE218212,2017,2,44,256,104,N,78741,1,2,16,4,3,,,,Y,ROCHAS TOWING SERVICE,ROCHAS TOWING SERVICE,N,,,,,,,,,,,,,,,,,,,,,,19,20,,,,,,,,,7,1,0,0,0,1,0,0,0,,,,,,,,
17079307,2,1,N,N,43,1FTEX14H0TKA35542,1996,21,37,2324,30,N,79036,2,,1,4,12,,,,,EZ AUTO AND TOWING SERVICE,EZ AUTO AND TOWING SERVICE,N,,,,,,,,,,,,,,,,,,,,,,19,,,,,,,,,,3,1,0,1,0,1,0,1,0,,,,,,,,
17079308,1,1,N,N,43,4T4BE46K29R116334,2009,17,91,380,104,N,78612,1,1,1,5,12,3,3,10,,ARMADA TOWING,ARMADA TOWING,N,,,,,,,,,,,,,,,,,,,,,,,,,15,,,,,,,1,1,0,0,1,0,0,1,0,,,,,,,,
17079308,2,1,N,N,43,JM3KFADM7J0331032,2018,3,63,2471,104,N,78660,1,1,3,5,12,,,,N,969 TOWING,,N,,,,,,,,,,,,,,,,,,,,,,0,,,,,,,,,,5,1,0,0,0,1,0,0,0,,,,,,,,
17079309,1,1,N,N,43,2FAFP71W3YX111517,2000,21,37,995,104,N,78606,1,2,2,1,12,,,,N,,,N,,,,,,,,,,,,,,,,,,,,,,44,,,,,,,,,,1,1,0,0,1,0,0,1,0,,,,,,,,
17079309,2,1,N,N,43,JTEZU5JR2E5069963,2014,21,91,395,69,N,76520,1,2,6,1,6,,,,N,,,N,,,,,,,,,,,,,,,,,,,,,,0,,,,,,,,,,1,1,0,0,1,1,0,1,0,,,,,,,,
17079311,1,1,N,N,43,5TFRT54157X004951,2007,21,91,687,30,N,78640,2,,1,6,12,,,,N,ROCHAS TOWING SERVICE,ROCHAS TOWING SERVICE,N,,,,,,,,,,,,,,,,,,,,,,22,,,23,,6,,,,,1,1,0,1,0,0,0,1,0,,,,,,,,
17079312,1,1,N,N,43,1C3LC46K08N122168,2008,1,21,593,104,N,76528,1,1,2,1,12,,,,N,STARS TOWING,STARS TOWING,N,,,,,,,,,,,,,,,,,,,,,,74,,,,,,,,,,1,1,0,0,0,1,0,0,0,,,,,,,,
17079312,2,1,N,N,43,5PVNJ8JN4K4S53720,2019,21,43,2872,106,N,78747,1,1,6,1,6,,,,N,,,N,,,,,,,,,,,,,,,,,,,,,,0,,,,,,,,,,1,1,0,0,0,2,0,0,0,,,,,,,,
17079313,1,1,N,Y,43,5NPE34AF5GH422530,2016,2,45,462,104,N,78729,1,1,12,2,2,,,,N,,,N,,,,,,,,,,,,,,,,,,,,,,4,73,,,,,,,,,4,1,0,0,0,0,1,0,0,,,,,,,,
17079313,2,1,N,N,43,NM0LS6F73E1136457,2014,21,37,2992,103,N,78626,1,1,9,3,8,,,,N,,,N,,,,,,,,,,,,,,,,,,,,,,0,,,,,,,,,,4,1,0,0,0,1,0,0,0,,,,,,,,
17079314,1,1,N,N,43,1C3CCCBG5GN178584,2016,2,21,2258,104,N,78641,1,2,3,4,12,13,3,11,N,620 LAKESIDE TOWING,620 LAKESIDE TOWING,N,,,,,,,,,,,,,,,,,,,,,,74,,,,,,,,,,5,1,0,0,0,1,0,0,0,,,,,,,,
17079314,2,1,N,N,43,1C6RR6LT9JS105770,2018,2,109,2275,30,N,78642,2,,4,2,2,13,1,8,N,620 LAKESIDE TOWING,620 LAKESIDE TOWING,N,,,,,,,,,,,,,,,,,,,,,,0,,,,,,,,,,5,1,0,0,0,1,0,0,0,,,,,,,,
17079315,1,1,N,N,43,1G1ZH57B48F258091,2008,2,107,56,104,N,78723,2,,15,1,11,,,,N,,,N,,,,,,,,,,,,,,,,,,,,,,4,,,,,,,,,,6,1,0,0,0,1,0,0,0,,,,,,,,
17079315,2,1,N,N,43,WDYPE8DC4E5861120,2014,12,38,1524,103,N,77043,1,2,4,1,6,,,,N,,,N,,,,,,,,,,,,,,,,,,,,,,0,,,,,,,,,,6,1,0,0,0,1,0,0,0,,,,,,,,
17081163,1,1,N,N,43,3FAHP06Z98R267868,2008,2,37,1097,104,N,78617,1,1,2,4,12,,,,N,EZ AUTO AND TOWING SERVICE,EZ AUTO AND TOWING SERVICE,N,,,,,,,,,,,,,,,,,,,,,,44,20,,,,,,,,,7,1,0,0,0,4,0,0,0,,,,,,,,
17081163,2,1,N,N,43,1G1ZT62895F249902,2005,17,107,56,104,N,78602,1,1,2,3,6,6,2,12,N,SPECIAL AUTOMOTIVE SERVICE INC,SPECIAL AUTOMOTIVE SERVICE INC,N,,,,,,,,,,,,,,,,,,,,,,0,,,,,,,,,,7,1,0,0,0,1,0,0,0,,,,,,,,
17081163,3,1,N,N,43,1FMCU0F71JUA91260,2018,17,37,711,69,N,78602,1,1,6,1,6,,,,N,N/A,N/A,N,,,,,,,,,,,,,,,,,,,,,,0,,,,,,,,,,7,2,0,0,0,1,0,0,0,,,,,,,,
17081757,1,1,N,N,43,WAUBFGFF5F1083520,2015,21,8,892,104,N,78611,2,,2,6,1,,,,Y,AVILES & GABES WRECKER SERVICE INC.,AVILES & GABES WRECKER SERVICE INC.,N,,,,,,,,,,,,,,,,,,,,,,37,20,,,,,,,,,4,1,1,0,0,0,0,1,0,,,,,,,,
17081757,2,1,N,N,31,JTKJF5C71D3053005,2020,9,91,2573,104,N,87031,2,,2,6,12,,,,Y,STARS TOWING,STARS TOWING,N,,,,,,,,,,,,,,,,,,,,,,0,,,,,,,,,,8,1,1,0,0,1,0,1,0,,,,,,,,
17081871,1,1,N,N,43,1HGCP36808A036303,2008,11,44,236,104,N,78744,1,2,14,2,1,,,,N,,,N,,,,,,,,,,,,,,,,,,,,,,0,,,,,,,,,,5,1,0,0,0,1,0,0,0,,,,,,,,
17081871,2,4,,,,,,,,,,,,,,,,,,,,,,,,,,,,,,,,,,,,,,,,,,,,,0,,,,,,,,,,9,1,0,1,0,0,0,1,0,,,,,,,,
17081950,1,1,N,N,43,WBXHU7C56K3H44507,2019,2,14,2181,104,N,78653,1,2,2,7,12,,,,Y,SPECIAL AUTOMOTIVE SERVICE INC,SPECIAL AUTOMOTIVE SERVICE INC,N,,,,,,,,,,,,,,,,,,,,,,48,44,,20,,,,,,,3,1,0,1,0,0,0,1,0,,,,,,,,
17081950,2,1,N,N,43,1ZVFT85H755160849,2005,16,37,96,100,N,78612,1,2,10,7,3,,,,Y,EZ AUTO AND TOWING SERVICE,EZ AUTO AND TOWING SERVICE,N,,,,,,,,,,,,,,,,,,,,,,,,,20,,,,,,,5,1,0,0,1,0,0,1,0,,,,,,,,
17081951,1,1,N,N,43,2FMGK5D8XKBA05936,2019,9,37,101,104,N,,4,,2,2,12,,,,Y,STARS TOWING,STARS TOWING,N,,,,,,,,,,,,,,,,,,,,,,0,,,,,,,,,,5,1,0,0,0,1,0,0,0,,,,,,,,
17081951,2,1,N,N,43,3D7ML48A57G822852,2007,17,109,2275,106,N,77803,1,1,6,1,6,,,,N,,,N,,,,,,,,,,,,,,,,,,,,,,0,,,,,,,,,,5,1,0,0,0,1,0,0,0,,,,,,,,
17081952,1,1,N,N,43,KNMAT2MT5HP547537,2017,9,71,1310,69,N,,1,2,1,3,12,,,,Y,HARPERS TOWING SERVICE INC,HARPERS TOWING SERVICE INC,N,,,,,,,,,,,,,,,,,,,,,,23,,,,,,,,,,1,1,0,0,0,1,0,0,0,,,,,,,,
17081952,2,1,N,N,43,5TFEY5F18AX089157,2010,3,91,687,30,N,78749,1,1,16,3,3,,,,N,,,N,,,,,,,,,,,,,,,,,,,,,,0,,,,,,,,,,5,1,0,0,0,1,0,0,0,,,,,,,,
17081955,1,1,N,N,35,KMHD35LE9DU079840,2013,2,45,462,104,N,78745,1,2,2,3,12,,,,Y,SPECIAL AUTOMOTIVE SERVICE INC,SPECIAL AUTOMOTIVE SERVICE INC,N,,,,,,,,,,,,,,,,,,,,,,44,67,,20,,,,,,,11,1,0,0,0,1,0,0,0,,,,,,,,
17081955,2,1,N,N,43,4A3AA56H91E158608,2001,21,68,392,104,N,78741,1,2,6,2,6,2,2,12,N,,,N,,,,,,,,,,,,,,,,,,,,,,0,,,,,,,,,,11,1,0,0,0,1,0,0,0,,,,,,,,
17081955,3,1,N,N,43,4T1FA38P67U118790,2007,3,91,686,100,N,76244,1,1,6,2,6,,,,N,,,N,,,,,,,,,,,,,,,,,,,,,,0,,,,,,,,,,11,2,0,0,0,2,0,0,0,,,,,,,,
17081956,1,1,N,N,43,3FAHP08178R200290,2008,21,37,1097,104,N,78744,2,,3,1,11,,,,,,,N,,,,,,,,,,,,,,,,,,,,,,15,,,,,,,,,,1,1,0,0,0,0,1,0,0,,,,,,,,
17081956,2,4,,,,,,,,,,,,,,,,,,,,,,,,,,,,,,,,,,,,,,,,,,,,,0,,,,,,,,,,9,1,0,1,0,0,0,1,0,,,,,,,,
17081957,1,1,N,N,43,5FYD5KV09CB040917,2012,3,498,1410,47,N,78723,1,2,2,0,12,,,,N,,,N,,,,,,,,,,,,,,,,,,,,,,0,,,,,,,,,,3,1,0,0,1,1,0,1,0,,,,,,,,
17081957,2,1,N,N,43,3VWDB7AJXJM210046,2019,21,96,316,104,N,,1,2,6,0,6,,,,N,,,N,,,,,,,,,,,,,,,,,,,,,,73,4,,,,,,,,,3,1,0,0,0,1,0,0,0,,,,,,,,
17081958,1,1,N,N,43,3C6TRVBG8JE139058,2018,21,710,4100,103,N,73134,1,2,4,4,1,,,,N,,,N,,,,,,,,,,,,,,,,,,,,,,66,,,20,,,,,,,4,1,0,0,0,1,0,0,0,,,,,,,,
17081958,2,1,N,N,43,JRJYARBZ5K2125337,2019,17,58,429,69,N,78759,1,2,7,3,6,,,,N,,,N,,,,,,,,,,,,,,,,,,,,,,0,,,,,,,,,,4,1,0,0,0,1,0,0,0,,,,,,,,
17081959,1,1,N,N,43,JKAEXMJ138DA07445,2008,2,53,3675,71,N,73301,1,1,15,6,9,,,,N,A-TEX TOWING,5526 1/2 W HWY 290,N,,,,,,,,,,,,,,,,,,,,,,20,,,,,,,,,,7,1,0,0,1,0,0,1,0,,,,,,,,
17081959,2,7,N,N,,UNKNOWN,,99,208,763,0,N,,2,,,,,,,,,,,N,,,,,,,,,,,,,,,,,,,,,,0,,,,,,,,,,7,2,0,0,0,0,1,0,0,,,,,,,,
17081960,1,1,N,N,43,5N1ED28Y01C550004,2001,2,71,694,69,N,78745,2,,4,3,12,,,,N,PRONTO WRECKER SERVICE NORTH,OWNERS HOUSE,N,,,,,,,,,,,,,,,,,,,,,,74,,,,,,,,,,4,1,0,0,0,1,0,0,0,,,,,,,,
17081961,1,1,N,N,43,1FT7W2BT9DEB85965,2013,21,37,2325,30,N,78612,1,2,4,2,1,,,,Y,,,N,,,,,,,,,,,,,,,,,,,,,,17,,,,,,,,,,7,1,0,0,0,1,0,0,0,,,,,,,,
17081961,2,1,N,N,43,15GGD2710G1187511,2016,3,40,3031,47,N,78702,1,2,3,1,2,,,,N,SOUTHSIDE WRECKER INC,OWNERS RESIDENCE/REQUEST,N,,,,,,,,,,,,,,,,,,,,,,0,,,,,,,,,,7,1,0,0,0,2,0,0,0,,,,,,,,
17081962,1,1,N,N,43,1NXBR12E1XZ172260,1999,11,91,173,104,N,78748,1,1,2,4,12,,,,N,HARPERS TOWING SERVICE INC,HARPERS TOWING SERVICE INC,N,,,,,,,,,,,,,,,,,,,,,,22,,,,,,,,,,1,1,0,0,0,1,0,0,0,,,,,,,,
17081962,2,1,N,N,43,KNDJT2A50D7772447,2013,21,55,1357,69,N,78748,1,1,6,3,6,,,,N,,,N,,,,,,,,,,,,,,,,,,,,,,0,,,,,,,,,,1,1,0,0,0,1,0,0,0,,,,,,,,
17081963,1,1,N,N,43,5NPDH4AE1DH311604,2013,21,45,480,104,N,78741,2,,8,1,6,,,,N,,,N,,,,,,,,,,,,,,,,,,,,,,,,,4,,,,,,,7,1,0,2,0,2,0,2,0,,,,,,,,
17081963,2,1,N,N,43,KMHDU4ADXAU990238,2010,2,45,480,104,N,75019,1,1,2,1,12,,,,N,,,N,,,,,,,,,,,,,,,,,,,,,,,,,22,,,,,,,7,1,0,0,0,1,0,0,0,,,,,,,,
17081964,1,1,N,N,43,1FTEW1EG6FKE61992,2015,9,37,2324,30,N,78621,1,1,2,3,12,,,,N,,,N,,,,,,,,,,,,,,,,,,,,,,20,44,,,,,,,,,11,1,0,0,0,1,0,0,0,,,,,,,,
17081964,2,1,N,N,43,5TFRM5F17GX103877,2016,9,91,687,30,N,77835,1,1,6,4,12,2,3,12,N,SPECIAL AUTOMOTIVE SERVICE INC,SPECIAL AUTOMOTIVE SERVICE INC,N,,,,,,,,,,,,,,,,,,,,,,0,,,,,,,,,,11,1,0,1,0,0,0,1,0,,,,,,,,
17081964,3,1,N,N,43,JM1BL1TF8D1810367,2013,9,63,3917,104,N,78953,1,1,6,3,12,2,2,12,N,A-TEX TOWING,ATX-VIP TOWING SERVICES,N,,,,,,,,,,,,,,,,,,,,,,0,,,,,,,,,,11,2,0,0,0,1,0,0,0,,,,,,,,
17081964,4,1,N,N,43,2GCEC19T541130642,2004,5,107,2236,30,N,78628,1,1,6,1,12,,,,N,,,N,,,,,,,,,,,,,,,,,,,,,,0,,,,,,,,,,11,2,0,0,0,1,0,0,0,,,,,,,,
17081965,1,1,N,N,43,KL8CD6S95EC574933,2014,21,107,2244,104,N,78681,1,2,4,5,12,,,,N,EZ AUTO AND TOWING SERVICE,EZ AUTO AND TOWING SERVICE,N,,,,,,,,,,,,,,,,,,,,,,22,,,,,,,,,,3,1,0,0,0,1,0,0,0,,,,,,,,
17081965,2,1,N,N,43,1FTRW07693KC39359,2003,9,37,2324,106,N,78753,1,2,7,4,6,,,,N,,,N,,,,,,,,,,,,,,,,,,,,,,74,,,,,,,,,,3,1,0,0,1,0,0,1,0,,,,,,,,