Crash_ID,Unit_Nbr,Unit_Desc_ID,Veh_Parked_Fl,Veh_HNR_Fl,Veh_Lic_State_ID,VIN,Veh_Mod_Year,Veh_Color_ID,Veh_Make_ID,Veh_Mod_ID,Veh_Body_Styl_ID,Emer_Respndr_Fl,Ownr_Zip,Fin_Resp_Proof_ID,Fin_Resp_Type_ID,Veh_Dmag_Area_1_ID,Veh_Dmag_Scl_1_ID,Force_Dir_1_ID,Veh_Dmag_Area_2_ID,Veh_Dmag_Scl_2_ID,Force_Dir_2_ID,Veh_Inventoried_Fl,Veh_Transp_Name,Veh_Transp_Dest,Veh_Cmv_Fl,Cmv_Fiveton_Fl,Cmv_Hazmat_Fl,Cmv_Nine_Plus_Pass_Fl,Cmv_Veh_Oper_ID,Cmv_Carrier_ID_Type_ID,Cmv_Carrier_Zip,Cmv_Veh_Type_ID,Cmv_GVWR,Cmv_RGVW,Cmv_Hazmat_Rel_Fl,Hazmat_Cls_1_ID,Hazmat_IDNbr_1_ID,Hazmat_Cls_2_ID,Hazmat_IDNbr_2_ID,Cmv_Cargo_Body_ID,Cmv_Evnt1_ID,Cmv_Evnt2_ID,Cmv_Evnt3_ID,Cmv_Evnt4_ID,Cmv_Tot_Axle,Cmv_Tot_Tire,Contrib_Factr_1_ID,Contrib_Factr_2_ID,Contrib_Factr_3_ID,Contrib_Factr_P1_ID,Contrib_Factr_P2_ID,Veh_Dfct_1_ID,Veh_Dfct_2_ID,Veh_Dfct_3_ID,Veh_Dfct_P1_ID,Veh_Dfct_P2_ID,Veh_Trvl_Dir_ID,First_Harm_Evt_Inv_ID,Sus_Serious_Injry_Cnt,Nonincap_Injry_Cnt,Poss_Injry_Cnt,Non_Injry_Cnt,Unkn_Injry_Cnt,Tot_Injry_Cnt,Death_Cnt,Cmv_Disabling_Damage_Fl,Cmv_Bus_Type_ID,Trlr_GVWR,Trlr_RGVW,Trlr_Type_ID,Trlr_Disabling_Dmag_ID,Cmv_Intermodal_Container_Permit_Fl,CMV_Actual_Gross_Weight
17081966,1,1,N,N,43,JTEZU14R478078203,2007,17,91,395,104,N,78747,1,1,4,2,1,2,1,12,N,EZ AUTO AND TOWING SERVICE,EZ AUTO AND TOWING SERVICE,N,,,,,,,,,,,,,,,,,,,,,,,,,22,44,,,,,,6,1,0,0,0,1,0,0,0,,,,,,,,
17081966,2,1,N,N,43,1GT12TEY2JF100579,2018,21,39,2356,30,N,78612,1,1,6,1,6,,,,N,,,N,,,,,,,,,,,,,,,,,,,,,,0,,,,,,,,,,6,1,0,0,0,1,0,0,0,,,,,,,,
17081967,1,1,N,N,43,1HGCR2F15HA027362,2017,9,44,236,104,N,78660,1,2,1,0,12,,,,Y,620 LAKESIDE TOWING,620 LAKESIDE TOWING,N,,,,,,,,,,,,,,,,,,,,,,,,,67,,,,,,,6,1,0,0,0,1,0,0,0,,,,,,,,
17081967,2,1,N,N,43,KNMAT2MV1GP606504,2016,3,71,1310,104,N,78415,1,2,5,0,6,,,,N,,,N,,,,,,,,,,,,,,,,,,,,,,0,,,,,,,,,,6,1,0,0,0,2,0,0,0,,,,,,,,
17081968,1,1,N,N,43,3FAHP0JA4CR218071,2012,9,37,1097,104,N,78758,1,2,3,3,11,,,,N,ROCHAS TOWING SERVICE,IMPOUND,N,,,,,,,,,,,,,,,,,,,,,,,,,41,,,,,,,8,1,0,0,0,1,0,0,0,,,,,,,,
17081969,1,1,N,N,43,5XXGM4A72EG313479,2014,9,55,715,104,N,,1,2,2,4,12,,,,N,SPECIAL AUTOMOTIVE SERVICE INC,SPECIAL AUTOMOTIVE SERVICE INC,N,,,,,,,,,,,,,,,,,,,,,,22,,,,,,,,,,5,1,0,0,1,0,0,1,0,,,,,,,,
17081969,2,1,N,N,43,1D8HR58N63F506621,2003,,109,635,104,N,78617,1,2,16,4,3,,,,N,EZ AUTO AND TOWING SERVICE,EZ AUTO AND TOWING SERVICE,N,,,,,,,,,,,,,,,,,,,,,,0,,,,,,,,,,7,1,0,0,1,0,0,1,0,,,,,,,,
17081969,3,1,Y,N,43,1FTYR10D04PA18593,2004,9,37,357,30,N,78744,1,2,7,1,5,,,,N,,,N,,,,,,,,,,,,,,,,,,,,,,0,,,,,,,,,,5,2,0,0,0,0,0,0,0,,,,,,,,
17081970,1,1,N,N,43,JTDBT123110126723,2001,3,91,701,104,N,78725,1,1,2,2,12,15,2,9,Y,EZ AUTO AND TOWING SERVICE,EZ AUTO AND TOWING SERVICE,N,,,,,,,,,,,,,,,,,,,,,,0,,,,,,,,,,5,1,0,0,0,1,0,0,0,,,,,,,,
17081971,1,1,N,N,43,1GNEC13T21R115289,2001,,107,547,104,N,78621,1,1,1,7,12,,,,N,LAMONT & SONS,LAMONT & SONS,N,,,,,,,,,,,,,,,,,,,,,,0,,,,,,,,,,7,1,0,0,0,1,0,0,0,,,,,,,,
17081971,2,1,N,N,43,1FTEW1CFXGKD37879,2016,,37,2324,30,N,77493,1,1,5,2,6,,,,N,,,N,,,,,,,,,,,,,,,,,,,,,,0,,,,,,,,,,7,1,0,0,0,1,0,0,0,,,,,,,,
17083214,1,1,N,N,43,3GCRKTE24AG241943,2010,2,107,658,30,N,78748,1,2,3,4,11,,,,Y,HARPERS TOWING SERVICE INC,HARPERS TOWING SERVICE INC,N,,,,,,,,,,,,,,,,,,,,,,0,,,,,,,,,,3,1,0,0,1,0,0,1,0,,,,,,,,
17083214,2,1,Y,N,43,19UUA66268A049351,2008,2,1,564,100,N,,1,2,,,,,,,,,,N,,,,,,,,,,,,,,,,,,,,,,0,,,,,,,,,,3,1,0,0,0,0,0,0,0,,,,,,,,
17083215,1,1,N,N,43,JF4GG22655G053548,2005,2,80,2535,104,N,78727,1,2,4,5,2,,,,N,620 LAKESIDE TOWING,620 LAKESIDE TOWING,N,,,,,,,,,,,,,,,,,,,,,,33,,,,,,,,,,11,1,0,0,0,1,0,0,0,,,,,,,,
17083215,2,1,N,N,43,4USCH7321TLB76129,1996,2,14,565,100,N,78717,1,2,3,4,11,,,,N,ARMADA TOWING,ARMADA TOWING,N,,,,,,,,,,,,,,,,,,,,,,21,,,,,,,,,,11,1,0,0,0,1,0,0,0,,,,,,,,
17083216,1,1,N,N,43,2C3CCAAG9DH507944,2013,21,21,65,104,N,78681,2,,4,1,2,,,,N,,,N,,,,,,,,,,,,,,,,,,,,,,0,,,,,,,,,,11,1,0,0,0,1,0,0,0,,,,,,,,
17083216,2,1,N,N,43,JHMGK5H73GX031539,2016,3,44,1083,104,N,78758,1,2,7,3,7,,,,N,EZ AUTO AND TOWING SERVICE,EZ AUTO AND TOWING SERVICE,N,,,,,,,,,,,,,,,,,,,,,,0,,,,,,,,,,11,1,0,0,0,1,0,0,0,,,,,,,,
17083217,1,1,N,N,43,KMHCU5AE2HU360362,2017,17,45,557,69,N,76504,1,2,2,3,11,,,,N,,,N,,,,,,,,,,,,,,,,,,,,,,0,,,,,,,,,,5,1,0,0,0,1,0,0,0,,,,,,,,
17083217,2,1,N,Y,43,,,2,14,,104,N,,,,,,,,,,,,,N,,,,,,,,,,,,,,,,,,,,,,0,,,,,,,,,,1,1,0,0,0,0,0,0,0,,,,,,,,
17083218,1,1,N,N,43,WMEEJ3BA6AK373173,2010,21,570,2544,100,N,78750,1,2,3,3,11,,,,N,,,N,,,,,,,,,,,,,,,,,,,,,,20,,,,,,,,,,5,1,0,0,0,1,0,0,0,,,,,,,,
17083218,2,1,N,N,43,WA1BNAFY2J2218051,2018,3,8,1284,69,N,78717,1,2,4,3,1,,,,N,,,N,,,,,,,,,,,,,,,,,,,,,,0,,,,,,,,,,1,1,0,0,0,1,0,0,0,,,,,,,,
17083219,1,1,N,N,43,1VWBP7A36DC014007,2013,17,96,473,104,N,78750,1,2,3,1,,,,,N,,,N,,,,,,,,,,,,,,,,,,,,,,20,,,,,,,,,,11,1,0,0,0,1,0,0,0,,,,,,,,
17083219,2,3,,,,,,,,,,,,,,,,,,,,,,,,,,,,,,,,,,,,,,,,,,,,,0,,,,,,,,,,9,1,0,1,0,0,0,1,0,,,,,,,,
17083220,1,1,N,N,43,1HGCP3F85CA023166,2012,2,44,236,104,N,78749,1,1,15,1,4,,,,N,,,N,,,,,,,,,,,,,,,,,,,,,,4,,,20,,,,,,,6,1,0,0,0,1,0,0,0,,,,,,,,
17083220,2,1,N,N,43,JNKBV61E87M728447,2007,17,47,764,104,N,78610,1,2,3,2,11,,,,Y,EZ AUTO AND TOWING SERVICE,EZ AUTO AND TOWING SERVICE,N,,,,,,,,,,,,,,,,,,,,,,0,,,,,,,,,,6,1,0,0,0,2,0,0,0,,,,,,,,
17083221,1,1,N,N,43,3FAHP0HA4CR301389,2012,17,37,1097,104,N,78731,1,2,2,3,12,,,,N,620 LAKESIDE TOWING,620 LAKESIDE TOWING,N,,,,,,,,,,,,,,,,,,,,,,20,,,,,,,,,,11,1,0,0,0,1,0,0,0,,,,,,,,
17083221,2,1,N,N,43,2G1WA5E32G1102186,2016,17,107,2830,104,N,78613,1,2,6,2,6,,,,N,,,N,,,,,,,,,,,,,,,,,,,,,,0,,,,,,,,,,11,1,0,0,0,3,0,0,0,,,,,,,,
17083222,1,1,N,N,43,ZARFAEDN5J7590043,2018,2,104,1561,104,N,78756,1,2,16,2,3,,,,N,,,N,,,,,,,,,,,,,,,,,,,,,,15,,,,,,,,,,1,1,0,0,0,1,0,0,0,,,,,,,,
17083222,2,1,N,N,43,JHMGD38618S051177,2008,13,44,1083,104,N,78703,1,2,3,2,11,,,,N,,,N,,,,,,,,,,,,,,,,,,,,,,0,,,,,,,,,,7,1,0,1,0,0,0,1,0,,,,,,,,
17083223,1,1,N,N,43,JTHBF1D20F5055972,2015,9,58,1156,104,N,78744,1,2,2,2,,,,,N,,,N,,,,,,,,,,,,,,,,,,,,,,44,,,,,,,,,,1,1,0,0,0,1,0,0,0,,,,,,,,
17083223,2,1,N,N,43,WBXYJ3C38JEJ84750,2018,13,14,21,69,N,78750,1,2,6,2,6,,,,N,AVILES & GABES WRECKER SERVICE INC.,AVILES & GABES WRECKER SERVICE INC.,N,,,,,,,,,,,,,,,,,,,,,,0,,,,,,,,,,1,1,0,1,0,0,0,1,0,,,,,,,,
17083224,1,1,N,N,43,1N4AA51E19C830562,2009,21,71,297,104,N,78665,1,2,,,,,,,N,,,N,,,,,,,,,,,,,,,,,,,,,,34,,,,,,,,,,1,1,0,0,0,2,0,0,0,,,,,,,,
17083224,2,4,,,,,,,,,,,,,,,,,,,,,,,,,,,,,,,,,,,,,,,,,,,,,0,,,,,,,,,,9,1,0,0,1,0,0,1,0,,,,,,,,
17083225,1,1,N,N,43,KMHDH4AE1DU965844,2013,2,45,480,104,N,78714,1,2,1,1,12,,,,N,,,N,,,,,,,,,,,,,,,,,,,,,,44,20,,,,,,,,,5,1,0,0,0,1,0,0,0,,,,,,,,
17083225,2,1,N,N,43,3C4PDCAB8HT602048,2017,16,109,1166,69,N,78660,1,2,6,1,6,,,,N,,,N,,,,,,,,,,,,,,,,,,,,,,0,,,,,,,,,,5,1,0,0,1,0,0,1,0,,,,,,,,
17083226,1,1,N,N,43,1HGCG6653YA001729,2000,3,44,236,104,N,78617,1,2,3,4,11,,,,N,EZ AUTO AND TOWING SERVICE,EZ AUTO AND TOWING SERVICE,N,,,,,,,,,,,,,,,,,,,,,,22,,,,,,,,,,2,1,0,0,0,1,0,0,0,,,,,,,,
17083227,1,1,N,N,43,5YFBURHEXEP082114,2014,2,91,173,104,N,78753,2,,2,3,1,,,,Y,AUS-TEX AUTO ENTERPRISES LLC,AUS-TEX AUTO ENTERPRISES LLC,N,,,,,,,,,,,,,,,,,,,,,,0,,,,,,,,,,6,1,0,0,0,1,0,0,0,,,,,,,,
17083227,2,1,Y,N,43,1GCEC19X26Z272525,2006,1,107,658,30,N,78753,2,,6,2,7,,,,N,,,N,,,,,,,,,,,,,,,,,,,,,,0,,,,,,,,,,6,1,0,0,0,0,0,0,0,,,,,,,,
17083227,3,1,Y,N,43,3VWVA81H6VM120778,1997,21,96,316,104,N,78652,2,,6,0,6,,,,N,,,N,,,,,,,,,,,,,,,,,,,,,,0,,,,,,,,,,6,2,0,0,0,0,0,0,0,,,,,,,,
17083228,1,1,N,N,43,JYARJ06E23A001670,2003,11,101,1558,71,N,78759,2,,,,,,,,N,A-TEX TOWING,5526 1/2 W HWY 290,N,,,,,,,,,,,,,,,,,,,,,,22,44,,,,,,,,,5,1,0,1,0,0,0,1,0,,,,,,,,
17083228,2,1,N,N,43,1N4AL3AP9HN352541,2017,9,71,500,104,N,78641,1,2,5,2,6,,,,N,,,N,,,,,,,,,,,,,,,,,,,,,,0,,,,,,,,,,5,1,0,0,0,1,0,0,0,,,,,,,,
17083229,1,1,N,N,43,JM3TB2BA5F0448131,2015,9,63,1009,104,N,78641,1,1,4,4,2,,,,N,620 LAKESIDE TOWING,620 LAKESIDE TOWING,N,,,,,,,,,,,,,,,,,,,,,,74,,,,,,,,,,5,1,0,0,0,1,0,0,0,,,,,,,,
17083229,2,1,N,N,43,3KPFN5A31HE091770,2017,16,55,1093,104,N,78729,1,1,11,6,,,,,N,,,N,,,,,,,,,,,,,,,,,,,,,,74,,,,,,,,,,3,1,0,0,0,3,0,0,0,,,,,,,,
17083230,1,1,N,N,43,1C4RJEAG0JC493837,2018,17,429,970,69,N,,1,1,2,2,10,,,,N,,,N,,,,,,,,,,,,,,,,,,,,,,35,,,20,,,,,,,5,1,0,0,0,1,0,0,0,,,,,,,,
17083230,2,1,N,N,43,2G1WS583781255429,2008,17,107,53,104,N,,1,1,14,3,3,13,3,9,N,EZ AUTO AND TOWING SERVICE,EZ AUTO AND TOWING SERVICE,N,,,,,,,,,,,,,,,,,,,,,,0,,,,,,,,,,7,1,0,0,1,0,0,1,0,,,,,,,,
17083234,1,1,N,N,43,1G8ZR12712Z156408,2002,2,81,515,100,N,78130,1,2,2,4,12,,,,N,,,N,,,,,,,,,,,,,,,,,,,,,,,,,45,,,,,,,7,1,0,0,0,1,0,0,0,,,,,,,,
17083234,2,1,N,N,43,1N6BD0CT4EN726003,2014,,71,634,30,N,78756,1,1,6,1,6,,,,,,,N,,,,,,,,,,,,,,,,,,,,,,0,,,,,,,,,,7,1,0,0,0,1,0,0,0,,,,,,,,
17083236,1,1,N,N,43,1N6AD0ER3CC409674,2012,21,71,634,30,N,78704,1,2,3,4,11,,,,N,ROCHAS TOWING SERVICE,ROCHAS TOWING SERVICE,N,,,,,,,,,,,,,,,,,,,,,,45,,,,,,,,,,4,1,0,0,1,0,0,1,0,,,,,,,,
17083239,1,1,N,N,43,YV1MK672892137625,2009,3,98,949,100,N,78748,1,1,2,3,12,,,,Y,ROCHAS TOWING SERVICE,ROCHAS TOWING SERVICE,N,,,,,,,,,,,,,,,,,,,,,,44,,,,,,,,,,3,1,0,0,0,1,0,0,0,,,,,,,,
17083239,2,1,N,N,43,JN1CV6AP7DM304005,2013,9,47,1102,104,N,78746,1,1,6,3,6,3,3,12,Y,A-TEX TOWING,5526 1/2 W HWY 290,N,,,,,,,,,,,,,,,,,,,,,,0,,,,,,,,,,3,1,0,2,0,0,0,2,0,,,,,,,,
17083239,3,1,N,N,43,1C4RDHDG5EC561169,2014,2,109,635,104,N,79705,1,1,6,2,6,,,,Y,STARS TOWING,STARS TOWING,N,,,,,,,,,,,,,,,,,,,,,,0,,,,,,,,,,3,2,0,0,0,4,0,0,0,,,,,,,,
17083240,1,1,N,N,43,2T3YK4DV5CW015040,2012,16,91,581,104,N,78681,1,1,2,2,12,,,,N,SOUTHSIDE WRECKER INC,8200 S. CONGRESS AVE,N,,,,,,,,,,,,,,,,,,,,,,0,,,,,,,,,,1,1,0,0,0,0,1,0,0,,,,,,,,
17083240,2,1,N,N,43,1J4PP2GK0BW586772,2011,21,429,1181,104,N,78942,3,1,6,3,6,2,2,12,N,STARS TOWING,STARS TOWING,N,,,,,,,,,,,,,,,,,,,,,,0,,,,,,,,,,1,1,0,0,0,0,1,0,0,,,,,,,,
17083241,1,1,N,N,43,19XFB2F52EE062713,2014,16,44,107,104,N,78640,1,1,2,3,12,,,,Y,AUS-TEX AUTO ENTERPRISES LLC,AUS-TEX AUTO ENTERPRISES LLC,N,,,,,,,,,,,,,,,,,,,,,,0,,,,,,,,,,1,1,0,1,0,0,0,1,0,,,,,,,,
17083241,2,4,,,,,,,,,,,,,,,,,,,,,,,,,,,,,,,,,,,,,,,,,,,,,59,,,,,,,,,,9,1,0,0,0,0,0,0,1,,,,,,,,
17083242,1,1,N,N,43,2HGFA55538H700225,2008,16,44,256,104,N,78721,1,2,2,5,12,,,,Y,SOUTHSIDE WRECKER INC,SOUTHSIDE WRECKER INC,N,,,,,,,,,,,,,,,,,,,,,,67,,,,,,,,,,5,1,0,0,0,1,0,0,0,,,,,,,,
17083242,2,1,N,N,43,2GTEC13T061123660,2006,9,39,3080,30,N,78617,1,2,7,4,7,,,,N,DRIVEN AWAY,DRIVEN AWAY,N,,,,,,,,,,,,,,,,,,,,,,0,,,,,,,,,,5,1,0,0,0,2,0,0,0,,,,,,,,
17083242,3,1,Y,N,43,1GKFC13038R256096,2008,10,39,479,69,N,78703,2,,14,2,3,,,,N,DRIVEN AWAY,DRIVEN AWAY,N,,,,,,,,,,,,,,,,,,,,,,0,,,,,,,,,,5,2,0,0,0,0,0,0,0,,,,,,,,
17083242,4,1,N,N,43,5NPEB4AC8CH403165,2012,21,45,462,104,N,77521,1,2,13,1,9,,,,N,DRIVEN AWAY,DRIVEN AWAY,N,,,,,,,,,,,,,,,,,,,,,,0,,,,,,,,,,5,2,0,0,0,1,0,0,0,,,,,,,,
17083264,1,1,N,N,43,2T3ZFREV0HW342117,2017,15,91,581,69,N,78717,1,2,8,3,4,10,3,3,N,FINGER TOWING SERVICE,FINGER TOWING SERVICE,N,,,,,,,,,,,,,,,,,,,,,,35,,,,,,,,,,11,1,0,0,0,1,0,0,0,,,,,,,,
17083264,2,1,N,N,43,4JGDA5JB8HA928300,2017,3,65,1113,69,N,78613,1,2,2,5,12,,,,N,FINGER TOWING SERVICE,FINGER TOWING SERVICE,N,,,,,,,,,,,,,,,,,,,,,,0,,,,,,,,,,2,1,0,0,0,1,0,0,0,,,,,,,,
17083271,1,1,N,N,43,3GSCL33P79S520043,2009,16,81,747,104,N,78745,1,2,11,4,9,,,,Y,ROCHAS TOWING SERVICE,ROCHAS TOWING SERVICE,N,,,,,,,,,,,,,,,,,,,,,,0,,,,,,,,,,7,1,0,0,0,1,0,0,0,,,,,,,,
17083271,2,1,N,Y,43,2T1BU4EE3CC761415,2012,21,91,173,104,N,78745,1,2,2,3,12,,,,N,,,N,,,,,,,,,,,,,,,,,,,,,,16,,,,,,,,,,1,1,0,0,0,0,1,0,0,,,,,,,,
17083275,1,1,N,N,43,1FADP3F24GL263727,2016,16,37,696,104,N,78660,1,2,2,3,12,,,,N,,,N,,,,,,,,,,,,,,,,,,,,,,0,,,,,,,,,,7,1,0,0,0,2,0,0,0,,,,,,,,
17083275,2,1,N,N,43,1GCEC14T34Z175366,2004,21,107,60,30,N,78660,1,2,9,3,9,,,,N,,,N,,,,,,,,,,,,,,,,,,,,,,0,,,,,,,,,,3,1,0,2,0,0,0,2,0,,,,,,,,
17083275,3,1,N,N,43,5UXWX9C5XF0D48349,2015,21,14,1466,69,N,78754,1,2,14,2,3,,,,N,,,N,,,,,,,,,,,,,,,,,,,,,,0,,,,,,,,,,3,2,0,0,0,1,0,0,0,,,,,,,,
17083278,1,1,N,N,43,JTMWFREV0GJ082589,2016,9,91,581,104,N,78704,1,1,2,3,12,,,,N,SPECIAL AUTOMOTIVE SERVICE INC,SPECIAL AUTOMOTIVE SERVICE INC,N,,,,,,,,,,,,,,,,,,,,,,37,,,,,,,,,,5,1,0,0,0,1,0,0,0,,,,,,,,
17083278,2,1,N,N,43,4S4BL86C764203089,2006,17,85,443,104,N,78745,1,1,2,2,12,,,,N,ARMADA TOWING,ARMADA TOWING,N,,,,,,,,,,,,,,,,,,,,,,0,,,,,,,,,,1,1,0,0,1,0,0,1,0,,,,,,,,
17083280,1,1,N,N,43,JM1CW2BL7C0144440,2012,21,63,2482,103,N,78752,1,1,4,5,1,,,,N,ARMADA TOWING,ARMADA TOWING,N,,,,,,,,,,,,,,,,,,,,,,37,,,,,,,,,,5,1,0,1,0,0,0,1,0,,,,,,,,
17083280,2,1,N,N,43,1FTPW12VX9FA29110,2009,21,37,2324,30,N,78758,1,2,2,6,12,,,,N,EZ AUTO AND TOWING SERVICE,EZ AUTO AND TOWING SERVICE,N,,,,,,,,,,,,,,,,,,,,,,0,,,,,,,,,,1,1,1,0,0,0,0,1,0,,,,,,,,
17083281,1,1,N,N,43,YV1MS382892461915,2009,2,98,1323,104,N,78753,1,1,15,3,8,,,,N,ROCHAS TOWING SERVICE,ROCHAS TOWING SERVICE,N,,,,,,,,,,,,,,,,,,,,,,65,,,,,,,,,,3,1,0,1,0,1,0,1,0,,,,,,,,
17083281,2,1,N,N,43,WAUANAF41HN018153,2017,2,8,2148,104,N,,1,1,2,3,,,,,N,ATX-VIP TOWING SERVICES,ATX-VIP TOWING SERVICES,N,,,,,,,,,,,,,,,,,,,,,,0,,,,,,,,,,3,1,0,1,0,0,0,1,0,,,,,,,,
17083282,1,1,N,N,43,4T1BE46KX7U630634,2007,5,91,380,104,N,78753,1,2,9,3,9,,,,N,,,N,,,,,,,,,,,,,,,,,,,,,,66,,,20,,,,,,,4,1,0,0,0,1,0,0,0,,,,,,,,
17083282,2,1,N,N,43,5N1AA08B75N723437,2005,10,71,784,69,N,78750,1,2,10,2,,,,,N,,,N,,,,,,,,,,,,,,,,,,,,,,0,,,,,,,,,,4,1,0,0,0,2,0,0,0,,,,,,,,
17083283,1,1,N,N,43,5NPEC4AC6EH850402,2014,3,45,462,104,N,78626,1,2,3,2,12,12,2,2,N,STARZ TOWING,15500 CONNIE ST AXT,N,,,,,,,,,,,,,,,,,,,,,,74,,,4,,,,,,,6,1,0,0,0,1,0,0,0,,,,,,,,
17083283,2,1,N,N,43,5J6RW1H52JA011664,2018,9,44,605,104,N,78665,1,2,8,2,5,,,,N,STARS TOWING,15500 CONNIE ST AXT,N,,,,,,,,,,,,,,,,,,,,,,0,,,,,,,,,,6,2,0,0,0,1,0,0,0,,,,,,,,
17083283,3,1,N,Y,113,,,99,,,0,N,,,,,,,,,,N,,,N,,,,,,,,,,,,,,,,,,,,,,0,,,,,,,,,,6,1,0,0,0,0,1,0,0,,,,,,,,
17083283,4,6,,,,,,,,,,,,,,,,,,,,,,,,,,,,,,,,,,,,,,,,,,,,,0,,,,,,,,,,9,2,0,0,0,0,0,0,0,,,,,,,,
17083284,1,1,N,N,43,JTDKN3DU7C5439065,2012,21,91,702,104,N,78731,1,2,2,3,12,,,,N,NA,NA,N,,,,,,,,,,,,,,,,,,,,,,0,,,,,,,,,,3,1,0,0,0,1,0,0,0,,,,,,,,
17083284,2,1,N,N,43,JTEES41A782040215,2008,21,91,721,69,N,78746,1,2,6,3,6,,,,N,NA,NA,N,,,,,,,,,,,,,,,,,,,,,,0,,,,,,,,,,3,1,0,0,1,0,0,1,0,,,,,,,,
17083285,1,1,N,N,43,5NPD84LFXJH240727,2018,21,45,480,104,N,78666,1,1,12,2,,,,,N,DRIVER TOO CUSTODY OF VEH,N/A,N,,,,,,,,,,,,,,,,,,,,,,34,,,,,,,,,,7,1,0,0,0,1,0,0,0,,,,,,,,
17083285,2,1,N,N,43,JHMGE8G51BC007832,2011,2,44,1083,104,N,78748,1,1,2,1,12,,,,N,ROCHAS TOWING SERVICE,ROCHAS TOWING SERVICE,N,,,,,,,,,,,,,,,,,,,,,,0,,,,,,,,,,5,1,0,0,0,1,0,0,0,,,,,,,,
17083286,1,1,N,N,43,1C4RDHDG6KC743717,2019,2,109,635,104,N,78726,1,1,4,5,1,,,,N,ROCHAS TOWING SERVICE,ROCHAS TOWING SERVICE,N,,,,,,,,,,,,,,,,,,,,,,19,20,,,,,,,,,1,1,0,0,0,1,0,0,0,,,,,,,,
17083286,2,1,N,N,43,JF1SF65501H734192,2001,8,85,646,104,N,78741,1,1,3,3,11,,,,N,A-TEX TOWING,5526 1/2 W HWY 290,N,,,,,,,,,,,,,,,,,,,,,,0,,,,,,,,,,5,1,0,0,2,0,0,2,0,,,,,,,,
17083287,1,1,N,N,43,JH4CL96835C028322,2005,21,1,1430,104,N,78744,1,1,2,3,12,,,,N,STARS TOWING,STARS TOWING,N,,,,,,,,,,,,,,,,,,,,,,74,,,,,,,,,,3,1,0,0,1,0,0,1,0,,,,,,,,
17083287,2,1,N,N,43,4T1BF3EK4BU756411,2011,9,91,380,104,N,76209,1,1,6,2,6,,,,N,,,N,,,,,,,,,,,,,,,,,,,,,,0,,,,,,,,,,3,1,0,0,0,1,0,0,0,,,,,,,,
17083288,1,1,N,N,43,3GTRCVE00AG203777,2010,2,39,3080,30,N,78724,1,2,2,3,10,,,,Y,AVILES & GABES WRECKER SERVICE INC.,AVILES & GABES WRECKER SERVICE INC.,N,,,,,,,,,,,,,,,,,,,,,,35,,,,,,,,,,8,1,0,1,0,1,0,1,0,,,,,,,,
17083288,2,1,N,N,43,3FA6P0H7XGR194334,2016,8,37,1097,104,N,78721,1,2,4,3,12,,,,Y,SPECIAL AUTOMOTIVE SERVICE INC,SPECIAL AUTOMOTIVE SERVICE INC,N,,,,,,,,,,,,,,,,,,,,,,0,,,,,,,,,,2,1,0,0,1,0,0,1,0,,,,,,,,
17083289,1,1,N,N,43,5FNRL38627B099327,2007,3,44,571,103,N,78735,1,1,2,3,12,,,,,,,N,,,,,,,,,,,,,,,,,,,,,,,,,20,,,,,,,1,1,0,0,0,1,0,0,0,,,,,,,,
17083289,2,1,N,N,43,JH4CL95806C030628,2006,9,1,1430,104,N,78735,1,1,,,,,,,,HARPERS TOWING SERVICE INC,HARPERS TOWING SERVICE INC,N,,,,,,,,,,,,,,,,,,,,,,0,,,,,,,,,,7,1,0,0,1,0,0,1,0,,,,,,,,
17083290,1,1,N,N,43,3FA6P0HD9GR301749,2016,9,37,1097,104,N,78725,1,1,3,1,11,,,,N,,,N,,,,,,,,,,,,,,,,,,,,,,44,,,,,,,,,,7,1,0,0,0,1,0,0,0,,,,,,,,
17083290,2,1,N,N,43,SALSK25439A197269,2009,9,57,1299,69,N,78702,1,1,6,1,6,,,,N,,,N,,,,,,,,,,,,,,,,,,,,,,0,,,,,,,,,,7,1,0,0,1,0,0,1,0,,,,,,,,
17083291,1,1,N,N,43,1FAFP36361W270850,2001,16,37,696,104,N,78662,1,2,9,4,8,,,,Y,ATX-VIP TOWING SERVICES,ATX-VIP TOWING SERVICES,N,,,,,,,,,,,,,,,,,,,,,,0,,,,,,,,,,2,1,0,0,0,1,0,0,0,,,,,,,,
17083291,2,1,N,N,43,1C4RJEBG3DC520578,2013,2,429,1116,69,N,78748,1,2,2,2,12,,,,N,,,N,,,,,,,,,,,,,,,,,,,,,,0,,,,,,,,,,4,1,0,0,0,1,0,0,0,,,,,,,,
17083292,1,1,N,N,113,3C6TRVCG6GE113047,2016,21,710,2522,100,N,,4,,9,5,7,,,,N,,,N,,,,,,,,,,,,,,,,,,,,,,64,4,,20,,,,,,,4,1,0,0,0,1,0,0,0,,,,,,,,
17083292,2,1,N,N,43,1XKAD69X8SJ656251,1995,16,119,1565,87,N,78621,1,1,2,3,1,,,,N,,,Y,Y,N,N,1,2,78621,9,12000,0,N,,,,,3,13,13,,,5,,74,,,,,,,,,,4,1,0,1,0,0,0,1,0,N,0,,,,,Y,12000
17083292,3,6,,,,,,,,,,,,,,,,,,,,,,,,,,,,,,,,,,,,,,,,,,,,,0,,,,,,,,,,9,2,0,0,0,0,0,0,0,,,0,0,1,N,,