Crash_ID,Unit_Nbr,Unit_Desc_ID,Veh_Parked_Fl,Veh_HNR_Fl,Veh_Lic_State_ID,VIN,Veh_Mod_Year,Veh_Color_ID,Veh_Make_ID,Veh_Mod_ID,Veh_Body_Styl_ID,Emer_Respndr_Fl,Ownr_Zip,Fin_Resp_Proof_ID,Fin_Resp_Type_ID,Veh_Dmag_Area_1_ID,Veh_Dmag_Scl_1_ID,Force_Dir_1_ID,Veh_Dmag_Area_2_ID,Veh_Dmag_Scl_2_ID,Force_Dir_2_ID,Veh_Inventoried_Fl,Veh_Transp_Name,Veh_Transp_Dest,Veh_Cmv_Fl,Cmv_Fiveton_Fl,Cmv_Hazmat_Fl,Cmv_Nine_Plus_Pass_Fl,Cmv_Veh_Oper_ID,Cmv_Carrier_ID_Type_ID,Cmv_Carrier_Zip,Cmv_Veh_Type_ID,Cmv_GVWR,Cmv_RGVW,Cmv_Hazmat_Rel_Fl,Hazmat_Cls_1_ID,Hazmat_IDNbr_1_ID,Hazmat_Cls_2_ID,Hazmat_IDNbr_2_ID,Cmv_Cargo_Body_ID,Cmv_Evnt1_ID,Cmv_Evnt2_ID,Cmv_Evnt3_ID,Cmv_Evnt4_ID,Cmv_Tot_Axle,Cmv_Tot_Tire,Contrib_Factr_1_ID,Contrib_Factr_2_ID,Contrib_Factr_3_ID,Contrib_Factr_P1_ID,Contrib_Factr_P2_ID,Veh_Dfct_1_ID,Veh_Dfct_2_ID,Veh_Dfct_3_ID,Veh_Dfct_P1_ID,Veh_Dfct_P2_ID,Veh_Trvl_Dir_ID,First_Harm_Evt_Inv_ID,Sus_Serious_Injry_Cnt,Nonincap_Injry_Cnt,Poss_Injry_Cnt,Non_Injry_Cnt,Unkn_Injry_Cnt,Tot_Injry_Cnt,Death_Cnt,Cmv_Disabling_Damage_Fl,Cmv_Bus_Type_ID,Trlr_GVWR,Trlr_RGVW,Trlr_Type_ID,Trlr_Disabling_Dmag_ID,Cmv_Intermodal_Container_Permit_Fl,CMV_Actual_Gross_Weight
17083292,4,1,N,N,43,1FTSW31F42EC67823,2002,9,37,2326,30,N,78602,1,1,11,3,11,,,,N,,,N,,,,,,,,,,,,,,,,,,,,,,0,,,,,,,,,,4,2,0,0,0,1,0,0,0,,,,,,,,
17083293,1,1,N,N,43,4T1BD1EB9HU057634,2017,15,91,563,104,N,78681,1,2,4,4,1,,,,N,HARPERS TOWING SERVICE INC,HARPERS TOWING SERVICE INC,N,,,,,,,,,,,,,,,,,,,,,,35,,,,,,,,,,3,1,0,0,0,1,0,0,0,,,,,,,,
17083293,2,1,N,N,43,KNDJF724497590459,2009,5,55,575,69,N,78734,1,2,10,5,3,,,,N,EZ AUTO AND TOWING SERVICE,EZ AUTO AND TOWING SERVICE,N,,,,,,,,,,,,,,,,,,,,,,0,,,,,,,,,,5,1,0,0,0,1,0,0,0,,,,,,,,
17083294,1,1,N,N,43,JM1BM1U79F1223425,2015,5,63,3917,104,N,78704,1,1,16,3,3,,,,N,A-TEX TOWING,5526 1/2 W HWY 290,N,,,,,,,,,,,,,,,,,,,,,,37,,,,,,,,,,5,1,0,0,1,0,0,1,0,,,,,,,,
17083294,2,1,N,N,43,3FAHP0JG9AR264724,2010,9,37,696,104,N,78640,1,1,2,3,12,,,,N,SOUTHSIDE WRECKER INC,8200 S. CONGRESS AVE,N,,,,,,,,,,,,,,,,,,,,,,0,,,,,,,,,,1,1,0,0,1,0,0,1,0,,,,,,,,
17083295,1,1,N,N,43,1G6DU57V490148060,2009,17,106,728,104,N,78723,1,2,3,3,10,,,,N,620 LAKESIDE TOWING,620 LAKESIDE TOWING,N,,,,,,,,,,,,,,,,,,,,,,66,,,,,,,,,,7,1,0,0,0,1,0,0,0,,,,,,,,
17083295,2,1,N,N,43,5J6RM4H94GL113233,2016,4,44,605,69,N,78641,1,2,7,2,5,,,,N,,,N,,,,,,,,,,,,,,,,,,,,,,0,,,,,,,,,,3,1,0,0,0,1,0,0,0,,,,,,,,
17083296,1,1,N,N,43,2HKYF18554H509114,2004,21,44,761,104,N,78758,1,1,2,1,12,,,,N,,,N,,,,,,,,,,,,,,,,,,,,,,37,,,,,,,,,,8,1,0,0,0,1,0,0,0,,,,,,,,
17083296,2,1,N,N,43,JH4DC4466TS018170,1996,10,1,393,100,N,78758,1,1,15,4,11,,,,N,STARS TOWING,STARS TOWING,N,,,,,,,,,,,,,,,,,,,,,,0,,,,,,,,,,4,1,0,1,0,0,0,1,0,,,,,,,,
17083297,1,1,N,Y,,,,,,,0,N,,,,,,,,,,,,,N,,,,,,,,,,,,,,,,,,,,,,0,,,,,,,,,,1,1,0,0,0,0,0,0,0,,,,,,,,
17083297,2,1,Y,N,43,1FTFX1CF1CKD06712,2012,21,37,2324,30,N,78721,1,7,11,1,7,,,,N,,,N,,,,,,,,,,,,,,,,,,,,,,0,,,,,,,,,,1,1,0,0,0,1,0,0,0,,,,,,,,
17083298,1,1,N,N,43,1FTRW12W77KC24488,2007,11,37,2324,30,N,78735,1,1,10,4,1,3,4,12,N,SPECIAL AUTOMOTIVE SERVICE INC,5702 BURLESON RD,N,,,,,,,,,,,,,,,,,,,,,,,,,20,24,,,,,,4,1,0,0,0,1,0,0,0,,,,,,,,
17083298,2,1,N,N,43,5NPD84LF9JH244056,2018,16,45,480,104,N,78731,1,1,15,4,11,,,,N,HARPERS TOWING SERVICE INC,201 RALPH ABLANADO DR,N,,,,,,,,,,,,,,,,,,,,,,0,,,,,,,,,,8,1,0,0,0,1,0,0,0,,,,,,,,
17083299,1,1,N,N,43,KMHHT6KD7DU102967,2013,21,45,3563,100,N,78751,1,2,2,2,,,,,Y,SOUTHSIDE WRECKER INC,8200 S. CONGRESS AVE,N,,,,,,,,,,,,,,,,,,,,,,20,67,,,,,,,,,11,1,0,0,0,1,0,0,0,,,,,,,,
17083299,2,1,N,N,43,3FADP4BJ6DM172245,2013,21,37,229,104,N,78722,1,2,6,2,6,,,,N,,,N,,,,,,,,,,,,,,,,,,,,,,0,,,,,,,,,,11,1,0,0,1,0,0,1,0,,,,,,,,
17083350,1,1,N,N,43,1HGCR2F38DA250894,2013,17,44,236,104,N,78745,1,1,2,3,12,,,,N,ROCHAS TOWING SERVICE,ROCHAS TOWING SERVICE,N,,,,,,,,,,,,,,,,,,,,,,16,,,,,,,,,,3,1,0,1,0,1,0,1,0,,,,,,,,
17083350,2,1,N,N,43,4T1BF1FK8HU762305,2017,3,91,380,104,N,78746,1,1,2,3,12,,,,N,A-TEX TOWING,A-TEX TOWING,N,,,,,,,,,,,,,,,,,,,,,,0,,,,,,,,,,7,1,0,1,0,0,0,1,0,,,,,,,,
17083351,1,1,N,Y,43,WMWRF33526TG14375,2006,3,115,742,0,N,78739,1,1,,,,,,,,,,N,,,,,,,,,,,,,,,,,,,,,,44,,,,,,,,,,8,1,0,0,0,0,1,0,0,,,,,,,,
17083351,2,1,N,N,43,1N4AL3APXFC198012,2015,2,71,500,104,N,78725,1,1,6,3,6,,,,N,,,N,,,,,,,,,,,,,,,,,,,,,,0,,,,,,,,,,8,1,0,1,0,0,0,1,0,,,,,,,,
17083352,1,1,N,N,43,2HJYK164X6H542770,2006,21,44,1306,30,N,78727,1,2,2,4,12,,,,Y,620 LAKESIDE TOWING,620 LAKESIDE TOWING,N,,,,,,,,,,,,,,,,,,,,,,22,,,44,,,,,,,8,1,0,0,1,0,0,1,0,,,,,,,,
17083352,2,1,N,N,43,1FTFX1EF9FKE89844,2015,21,37,602,30,N,76063,1,2,6,2,6,,,,N,,,N,,,,,,,,,,,,,,,,,,,,,,0,,,,,,,,,,8,1,0,0,2,0,0,2,0,,,,,,,,
17083353,1,1,N,Y,43,3VWDX7AJ0CM311147,2019,21,96,316,104,N,78704,1,1,2,4,12,,,,Y,SPECIAL AUTOMOTIVE SERVICE INC,SPECIAL AUTOMOTIVE SERVICE INC,N,,,,,,,,,,,,,,,,,,,,,,0,,,,,,,,,,1,1,0,0,0,0,0,0,0,,,,,,,,
17083354,1,1,N,Y,43,JN1AZ4EH0JM572358,2018,2,71,840,100,N,78703,1,1,10,6,3,,,,,,,N,,,,,,,,,,,,,,,,,,,,,,60,,,,,,,,,,1,1,0,0,0,1,0,0,0,,,,,,,,
17083354,2,1,Y,N,43,4T4BF1FK2DR308017,2013,3,91,380,104,N,78701,1,1,14,7,5,,,,N,USAA,5526 1/2 W HWY 290,N,,,,,,,,,,,,,,,,,,,,,,0,,,,,,,,,,1,1,0,0,0,0,0,0,0,,,,,,,,
17083354,3,1,Y,N,43,1N4AL2AP3CC219787,2012,16,71,500,104,N,42123,1,1,14,4,5,,,,,,,N,,,,,,,,,,,,,,,,,,,,,,0,,,,,,,,,,1,2,0,0,0,0,0,0,0,,,,,,,,
17083355,1,1,N,Y,43,2B3KA43G66H491962,2006,17,109,74,104,N,76578,1,2,1,2,12,,,,Y,A-TEX TOWING,AUS-TEX AUTO ENTERPRISES LLC,N,,,,,,,,,,,,,,,,,,,,,,18,20,,,,,,,,,11,1,0,0,0,0,1,0,0,,,,,,,,
17083356,1,1,N,N,43,ML32A3HJ3HH002281,2017,3,68,389,104,N,78617,1,1,4,1,2,,,,Y,ROCHAS TOWING SERVICE,ROCHAS TOWING SERVICE,N,,,,,,,,,,,,,,,,,,,,,,20,,,,,,,,,,7,1,0,0,0,1,0,0,0,,,,,,,,
17083357,1,1,N,N,43,1HGCV1F39JA236181,2018,16,44,236,104,N,78745,1,2,12,4,1,,,,N,,,N,,,,,,,,,,,,,,,,,,,,,,3,,,,,,,,,,7,1,0,0,0,1,0,0,0,,,,,,,,
17083357,2,1,N,N,43,1FTZR45E35PA77131,2005,2,37,357,30,N,78748,1,2,7,6,7,,,,N,SOUTHSIDE WRECKER INC,OWNERS RESIDENCE/REQUEST,N,,,,,,,,,,,,,,,,,,,,,,0,,,,,,,,,,1,1,0,0,0,1,0,0,0,,,,,,,,
17083358,1,1,N,N,43,5N1AA08A96N705613,2006,18,71,784,104,N,,2,,2,2,12,,,,N,SOUTHSIDE WRECKER INC,8200 S. CONGRESS AVE,N,,,,,,,,,,,,,,,,,,,,,,20,74,,,,,,,,,1,1,0,0,1,0,0,1,0,,,,,,,,
17083358,2,1,N,N,43,5N1AT2MT8GC807270,2016,2,71,1310,104,N,78741,1,2,2,2,10,,,,N,SOUTHSIDE WRECKER INC,8200 S. CONGRESS AVE,N,,,,,,,,,,,,,,,,,,,,,,0,,,,,,,,,,7,1,0,0,0,1,0,0,0,,,,,,,,
17083359,1,1,N,Y,113,,,,208,763,0,N,,2,,1,3,12,,,,,,,N,,,,,,,,,,,,,,,,,,,,,,70,,,,,,,,,,1,1,0,0,0,0,1,0,0,,,,,,,,
17083359,2,1,Y,N,43,1J4GL48K34W248131,2004,2,429,1181,104,N,,1,2,1,5,12,5,2,6,N,,,N,,,,,,,,,,,,,,,,,,,,,,0,,,,,,,,,,5,1,0,0,0,0,0,0,0,,,,,,,,
17083359,3,1,Y,N,43,1FAFP44432F140544,2002,22,37,96,100,N,78758,1,2,1,3,12,,,,N,,,N,,,,,,,,,,,,,,,,,,,,,,0,,,,,,,,,,5,2,0,0,0,0,0,0,0,,,,,,,,
17083360,1,1,N,N,43,1C4NJPFB1GD536785,2016,9,429,1273,104,N,78735,1,1,15,7,9,,,,,LAMONT & SONS,LAMONT & SONS,N,,,,,,,,,,,,,,,,,,,,,,33,,,,,,,,,,5,1,0,0,1,0,0,1,0,,,,,,,,
17083360,2,1,N,N,26,5XXGM4A76DG215019,2013,2,55,715,104,N,78758,1,1,2,6,11,,,,Y,EZ AUTO AND TOWING SERVICE,EZ AUTO AND TOWING SERVICE,N,,,,,,,,,,,,,,,,,,,,,,0,,,,,,,,,,6,1,0,0,1,0,0,1,0,,,,,,,,
17083361,1,1,N,N,43,1FADP3F27FL262411,2015,21,37,696,104,N,78154,1,2,3,2,11,,,,N,,,N,,,,,,,,,,,,,,,,,,,,,,22,,,,,,,,,,1,1,0,0,0,1,0,0,0,,,,,,,,
17083361,2,1,N,N,43,1FTYR14V72PB66661,2002,11,37,101,30,N,78617,1,2,8,2,5,,,,N,A-TEX TOWING,5526 1/2 W HWY 290,N,,,,,,,,,,,,,,,,,,,,,,0,,,,,,,,,,1,1,0,1,0,1,0,1,0,,,,,,,,
17083362,1,1,N,N,43,1J4GS48K45C682807,2005,5,429,1116,69,N,78660,1,2,2,2,12,,,,N,,,N,,,,,,,,,,,,,,,,,,,,,,44,,,,,,,,,,5,1,0,0,0,1,0,0,0,,,,,,,,
17083362,2,1,N,N,43,2D4RN5D19AR209594,2010,17,109,1115,103,N,78641,1,2,7,3,6,,,,N,ATX-VIP TOWING SERVICES,ATX-VIP TOWING SERVICES,N,,,,,,,,,,,,,,,,,,,,,,0,,,,,,,,,,5,1,0,0,0,1,0,0,0,,,,,,,,
17083363,1,1,N,N,43,2C4GP44R55R597542,2017,21,109,1115,103,N,78726,1,1,4,4,3,6,4,6,N,ROCHAS TOWING SERVICE,ROCHAS TOWING SERVICE,N,,,,,,,,,,,,,,,,,,,,,,44,41,,,,,,,,,4,1,0,0,1,0,0,1,0,,,,,,,,
17083363,2,1,N,N,43,2T3WFREV7JW430512,2018,9,91,581,69,N,78759,1,1,7,3,7,,,,N,,,N,,,,,,,,,,,,,,,,,,,,,,0,,,,,,,,,,4,1,0,0,0,1,0,0,0,,,,,,,,
17083363,3,1,N,N,43,1GYS3JKJ4KR2627C5,2019,2,106,657,69,N,78617,1,1,2,6,12,,,,N,ROCHAS TOWING SERVICE,ROCHAS TOWING SERVICE,N,,,,,,,,,,,,,,,,,,,,,,0,,,,,,,,,,4,2,0,0,2,1,0,2,0,,,,,,,,
17083364,1,1,N,N,43,2FMZA53401BA34807,2001,3,37,555,103,N,78745,1,2,4,1,1,7,1,7,,,,N,,,,,,,,,,,,,,,,,,,,,,0,,,,,,,,,,11,1,0,0,0,1,0,0,0,,,,,,,,
17083364,2,1,Y,N,43,1G1JG5SB0F4138028,2015,16,107,2243,104,N,78653,1,2,13,1,7,,,,,,,N,,,,,,,,,,,,,,,,,,,,,,0,,,,,,,,,,11,1,0,0,0,0,0,0,0,,,,,,,,
17083364,3,1,Y,N,43,5N1BV28U84N304906,2004,9,71,501,103,N,78612,1,2,13,1,7,,,,,,,N,,,,,,,,,,,,,,,,,,,,,,3,,,,,,,,,,11,2,0,0,0,0,0,0,0,,,,,,,,
17083364,4,1,N,N,13,4F2CZ02Z88KM21978,2008,,63,719,69,N,62467,2,,13,1,7,,,,,,,N,,,,,,,,,,,,,,,,,,,,,,0,,,,,,,,,,11,2,0,0,0,0,0,0,0,,,,,,,,
17083366,1,1,N,N,43,JM1BK323191190863,2009,2,63,3917,104,N,78756,1,1,10,3,3,,,,N,AVILES & GABES WRECKER SERVICE INC.,AVILES & GABES WRECKER SERVICE INC.,N,,,,,,,,,,,,,,,,,,,,,,,,,47,,,,,,,3,1,0,0,0,1,0,0,0,,,,,,,,
17083367,1,1,N,N,43,5GZDV03L85D196289,2005,3,81,1304,103,N,78704,1,2,16,2,3,,,,N,NA,NA,N,,,,,,,,,,,,,,,,,,,,,,,,,20,,,,,,,6,1,0,0,0,1,0,0,0,,,,,,,,
17083367,2,1,N,N,43,1FTFW1EF2CKD98574,2012,21,37,2324,30,N,78701,1,7,4,2,12,,,,N,NA,NA,N,,,,,,,,,,,,,,,,,,,,,,0,,,,,,,,,,2,1,0,0,0,1,0,0,0,,,,,,,,
17083371,1,1,N,N,43,4S4BSANC8H3290084,2017,21,85,1268,69,N,78704,1,2,,,,,,,N,,,N,,,,,,,,,,,,,,,,,,,,,,74,,,,,,,,,,11,1,0,0,0,1,0,0,0,,,,,,,,
17083371,2,4,,,,,,,,,,,,,,,,,,,,,,,,,,,,,,,,,,,,,,,,,,,,,0,,,,,,,,,,9,1,0,0,1,0,0,1,0,,,,,,,,
17083374,1,1,N,N,43,JN1AZ34D16M307707,2006,21,71,776,100,N,78704,1,2,,,,,,,N,,,N,,,,,,,,,,,,,,,,,,,,,,36,,,,,,,,,,2,1,0,0,0,1,0,0,0,,,,,,,,
17083374,2,4,,,,,,,,,,,,,,,,,,,,,,,,,,,,,,,,,,,,,,,,,,,,,0,,,,,,,,,,9,1,0,0,1,0,0,1,0,,,,,,,,
17083379,1,1,N,N,42,3HSDZAPR6JN497945,2018,11,48,110,87,N,38456,1,2,3,1,11,,,,N,,,Y,Y,N,N,1,2,38464,6,0,80000,N,,,,,12,13,,,,,,37,,,,,,,,,,3,1,0,1,0,0,0,1,0,N,0,,,,,N,
17083379,2,6,,,,,,,,,,,38456,,,,,,,,,,,,,,,,,,,,,,,,,,,,,,,,,,0,,,,,,,,,,9,2,0,0,0,0,0,0,0,,,0,80000,1,N,,
17083379,3,1,N,N,43,1GBFG15R811226404,2001,21,107,731,103,N,78744,2,,8,3,4,,,,N,ROCHAS TOWING SERVICE,ROCHAS TOWING SERVICE,N,,,,,,,,,,,,,,,,,,,,,,0,,,,,,,,,,3,1,0,1,0,0,0,1,0,,,,,,,,
17083381,1,1,N,N,43,2HSCNAXR03C064780,2003,16,48,3598,87,N,78653,1,1,4,0,1,,,,N,,,Y,Y,N,N,1,2,78653,9,80000,0,N,,,,,5,13,,,,,,4,,,,,,,,,,6,1,0,0,0,1,0,0,0,N,0,,,,,N,
17083381,2,6,,,,,,,,,,,78653,,,,,,,,,,,,,,,,,,,,,,,,,,,,,,,,,,0,,,,,,,,,,9,2,0,0,0,0,0,0,0,,,80000,0,2,N,,
17083381,3,1,N,N,43,2HGES16324H643959,2004,21,44,256,104,N,78753,1,1,9,3,9,,,,N,A-TEX TOWING,5526 1/2 W HWY 290,N,,,,,,,,,,,,,,,,,,,,,,4,,,,,,,,,,6,1,0,0,0,2,0,0,0,,,,,,,,
17083385,1,1,N,N,43,4T1BE46KX7U035346,2007,17,91,380,104,N,78665,1,2,4,3,12,,,,N,DRIVEN FROM SCENE,DRIVEN FROM SCENE,N,,,,,,,,,,,,,,,,,,,,,,22,,,,,,,,,,6,1,0,0,0,1,0,0,0,,,,,,,,
17083385,2,1,N,N,43,4JGDF6EE9FA499824,2015,2,65,1110,104,N,78660,1,2,8,3,6,,,,N,DRIVEN AWAY,DRIVEN AWAY,N,,,,,,,,,,,,,,,,,,,,,,0,,,,,,,,,,6,1,0,0,0,1,0,0,0,,,,,,,,
17083386,1,1,N,N,43,3MZBM1J74GM298541,2016,3,63,1210,104,N,78752,1,1,2,7,12,,,,N,ARMADA TOWING,ARMADA TOWING,N,,,,,,,,,,,,,,,,,,,,,,44,,,,,,,,,,4,1,0,0,0,1,0,0,0,,,,,,,,
17083386,2,1,N,N,43,5TDZT34A42S064030,2002,16,91,722,69,N,78759,1,1,5,1,6,,,,N,,,N,,,,,,,,,,,,,,,,,,,,,,0,,,,,,,,,,4,1,0,0,0,1,0,0,0,,,,,,,,
17083387,1,1,N,N,43,JM3ER2A57C0420903,2012,2,63,1008,69,N,78613,1,2,2,2,12,,,,N,A-TEX TOWING,5526 1/2 W HWY 290,N,,,,,,,,,,,,,,,,,,,,,,,,,16,,,,,,,7,1,0,0,0,1,0,0,0,,,,,,,,
17083387,2,1,N,N,43,KNAFE221095634547,2009,21,55,717,104,N,78702,1,2,10,1,3,,,,N,A-TEX TOWING,5526 1/2 W HWY 290,N,,,,,,,,,,,,,,,,,,,,,,,,,16,,,,,,,1,1,0,0,1,0,0,1,0,,,,,,,,
17083388,1,1,N,N,43,1HTMMAAN88J679711,2008,16,48,110,106,N,,1,1,14,1,3,,,,N,,,N,,,,,,,,,,,,,,,,,,,,,,0,,,,,,,,,,1,1,0,0,0,2,0,0,0,,,,,,,,
17083388,2,1,N,N,43,4F4CR16X6TTM29389,1998,11,63,272,30,N,78753,1,1,11,2,9,,,,N,,,N,,,,,,,,,,,,,,,,,,,,,,0,,,,,,,,,,1,1,0,0,1,0,0,1,0,,,,,,,,
17083437,1,1,N,N,43,1C6RR6KG3JS285798,2018,21,109,2275,30,N,78612,1,2,2,4,12,,,,N,NOT TOWED,NOT TOWED,N,,,,,,,,,,,,,,,,,,,,,,44,,,,,,,,,,3,1,0,0,0,1,0,0,0,,,,,,,,
17083437,2,1,N,N,43,4T1BF1FK0HU454867,2017,9,91,380,104,N,78653,1,2,6,6,6,2,6,12,N,EZ AUTO AND TOWING SERVICE,EZ AUTO AND TOWING SERVICE,N,,,,,,,,,,,,,,,,,,,,,,0,,,,,,,,,,3,1,0,0,1,0,0,1,0,,,,,,,,
17083437,3,1,N,N,43,1G11C5SL4EF154207,2014,21,107,56,104,N,,1,2,6,3,6,2,2,12,N,NOT TOWED,NOT TOWED,N,,,,,,,,,,,,,,,,,,,,,,0,,,,,,,,,,3,2,0,0,0,1,0,0,0,,,,,,,,
17083437,4,1,N,N,43,JHMCP26328C068055,2008,8,44,236,104,N,78724,1,2,6,3,6,,,,N,NOT TOWED,NOT TOWED,N,,,,,,,,,,,,,,,,,,,,,,0,,,,,,,,,,3,2,0,0,1,2,0,1,0,,,,,,,,
17083438,1,1,N,N,43,1FTFX1CV8AFC79098,2010,21,37,2324,30,N,,4,,8,0,6,,,,N,REMOVED BY OWNER,REMOVED BY OWNER,N,,,,,,,,,,,,,,,,,,,,,,0,,,,,,,,,,7,1,0,0,0,1,0,0,0,,,,,,,,
17083438,2,1,Y,N,43,JTDEPRAE6LJ022504,2020,2,91,581,104,N,78741,1,2,3,1,9,,,,N,REMOVED BY OWNER,N/A,N,,,,,,,,,,,,,,,,,,,,,,0,,,,,,,,,,5,1,0,0,0,0,0,0,0,,,,,,,,
17083440,1,1,N,N,43,1FAFP40453F376359,2003,21,37,96,100,N,76544,1,2,1,3,12,,,,N,620 LAKESIDE TOWING,620 LAKESIDE TOWING,N,,,,,,,,,,,,,,,,,,,,,,44,,,,,,,,,,8,1,0,0,0,1,0,0,0,,,,,,,,
17083440,2,1,N,N,43,WBA3B1G51FNT63317,2015,21,14,652,104,N,78613,1,2,5,2,6,,,,N,,,N,,,,,,,,,,,,,,,,,,,,,,0,,,,,,,,,,8,1,0,0,0,1,0,0,0,,,,,,,,
17083441,1,1,N,N,43,WDDGF5EB7BR181364,2011,,65,3930,104,N,77586,1,2,15,2,9,,,,Y,ARMADA TOWING,ARMADA TOWING,N,,,,,,,,,,,,,,,,,,,,,,16,,,,,,,,,,1,1,0,0,0,1,0,0,0,,,,,,,,
17083441,2,1,N,N,43,2C3CDZAG5GH153551,2016,9,109,73,100,N,78725,1,2,2,4,12,,,,Y,ROCHAS TOWING SERVICE,ROCHAS TOWING SERVICE,N,,,,,,,,,,,,,,,,,,,,,,0,,,,,,,,,,3,1,0,0,1,0,0,1,0,,,,,,,,
17083442,1,1,N,Y,43,1FTFX1CF4EFB29276,2014,21,37,2324,30,N,78123,1,1,,,,,,,N,,,N,,,,,,,,,,,,,,,,,,,,,,0,,,,,,,,,,7,1,0,0,0,0,1,0,0,,,,,,,,
17083442,2,1,N,N,43,5NPE34AB3HH583490,2017,2,45,462,104,N,78617,1,1,2,4,12,6,1,6,,SPECIAL AUTOMOTIVE SERVICE INC,SPECIAL AUTOMOTIVE SERVICE INC,N,,,,,,,,,,,,,,,,,,,,,,0,,,,,,,,,,7,1,0,0,0,2,0,0,0,,,,,,,,
17083443,1,1,N,N,43,KMHDU46D59U636261,2009,17,45,480,104,N,77536,1,2,3,3,11,,,,N,,,N,,,,,,,,,,,,,,,,,,,,,,0,,,,,,,,,,5,1,0,0,0,1,0,0,0,,,,,,,,
17083443,2,1,N,N,43,1FMCU0G91HUF07396,2017,9,37,711,69,N,78634,1,2,4,6,2,18,6,3,N,ROCHAS TOWING SERVICE,ROCHAS TOWING SERVICE,N,,,,,,,,,,,,,,,,,,,,,,0,,,,,,,,,,7,1,0,0,1,0,0,1,0,,,,,,,,
17083444,1,1,N,N,43,1C3CCBCB7CN307593,2012,16,21,2258,104,N,78641,1,2,8,1,6,,,,N,620 LAKESIDE TOWING,620 LAKESIDE TOWING,N,,,,,,,,,,,,,,,,,,,,,,0,,,,,,,,,,5,1,0,0,0,1,0,0,0,,,,,,,,
17083444,2,1,N,Y,43,1GNERKKW5KJ225253,2019,2,107,1414,69,N,78759,1,2,2,2,12,,,,N,,,N,,,,,,,,,,,,,,,,,,,,,,0,,,,,,,,,,1,1,0,0,0,3,0,0,0,,,,,,,,
17083445,1,1,N,N,43,3N1AB7APXHY302001,2017,17,71,341,104,N,,1,1,2,5,12,15,4,9,Y,LAMONT & SONS,LAMONT & SONS,N,,,,,,,,,,,,,,,,,,,,,,74,,,,,,,,,,3,1,0,0,1,0,0,1,0,,,,,,,,
17083446,1,1,N,N,43,2FAFP71W53X102505,2003,2,37,995,104,N,,1,2,2,2,12,,,,,,,N,,,,,,,,,,,,,,,,,,,,,,0,,,,,,,,,,8,1,0,0,0,1,0,0,0,,,,,,,,
17083446,2,1,N,N,43,5N1AR2MN8FC608492,2015,,71,531,104,N,45840,1,2,3,3,,,,,N,,,N,,,,,,,,,,,,,,,,,,,,,,0,,,,,,,,,,6,1,0,0,1,1,0,1,0,,,,,,,,
17083450,1,1,N,N,43,1N4AA5AP1EC487666,2014,2,71,297,104,N,78753,1,2,2,4,12,,,,N,SPECIAL AUTOMOTIVE SERVICE INC,SPECIAL AUTOMOTIVE SERVICE INC,N,,,,,,,,,,,,,,,,,,,,,,20,44,,,,,,,,,1,1,0,0,0,1,0,0,0,,,,,,,,
17083450,2,1,N,N,43,JTMBD33V686066292,2008,2,91,581,69,N,78759,1,2,2,1,12,5,1,6,N,STARS TOWING,STARS TOWING,N,,,,,,,,,,,,,,,,,,,,,,0,,,,,,,,,,1,1,0,1,0,0,0,1,0,,,,,,,,
17083450,3,1,N,N,43,1FTEW1EP5GKF80053,2016,21,37,2324,30,N,76504,1,2,2,1,12,5,1,6,N,,,N,,,,,,,,,,,,,,,,,,,,,,0,,,,,,,,,,1,2,0,0,1,1,0,1,0,,,,,,,,
17083450,4,1,N,N,43,2T1BURHE6FC458352,2015,3,91,173,104,N,76549,1,2,2,3,12,5,1,6,N,SPECIAL AUTOMOTIVE SERVICE INC,SPECIAL AUTOMOTIVE SERVICE INC,N,,,,,,,,,,,,,,,,,,,,,,0,,,,,,,,,,1,2,0,0,1,1,0,1,0,,,,,,,,
17083450,5,1,N,N,36,KM8J3CA48JU615657,2018,3,45,1431,104,N,74134,1,2,5,1,6,,,,,,,N,,,,,,,,,,,,,,,,,,,,,,0,,,,,,,,,,1,2,0,0,0,1,0,0,0,,,,,,,,
17083458,1,1,N,N,43,KM8J33A43GU232329,2016,2,45,1431,104,N,78728,1,2,10,5,3,,,,N,HARPERS TOWING SERVICE INC,HARPERS TOWING SERVICE INC,N,,,,,,,,,,,,,,,,,,,,,,4,,,,,,,,,,4,1,0,0,0,1,0,0,0,,,,,,,,
17083458,2,1,N,N,43,1GKKRTED2CJ310309,2012,17,39,894,104,N,78759,1,2,11,4,9,,,,N,ATX-VIP TOWING SERVICES,ATX-VIP TOWING SERVICES,N,,,,,,,,,,,,,,,,,,,,,,0,,,,,,,,,,4,1,0,0,0,1,0,0,0,,,,,,,,
17083461,1,1,N,N,43,WVWFV7AJ6BW054902,2011,9,96,519,100,N,78741,1,2,4,2,1,3,1,2,N,SPECIAL AUTOMOTIVE SERVICE INC,5700 BURLESON RD,N,,,,,,,,,,,,,,,,,,,,,,0,,,,,,,,,,5,1,0,0,0,1,0,0,0,,,,,,,,
17083463,1,1,N,N,43,1YVHP81A095M20629,2009,17,63,3917,104,N,78729,1,1,4,4,2,,,,Y,620 LAKESIDE TOWING,620 LAKESIDE TOWING,N,,,,,,,,,,,,,,,,,,,,,,0,,,,,,,,,,5,1,0,0,1,0,0,1,0,,,,,,,,
17083464,1,1,N,Y,,,,3,63,,104,N,,,,,,,,,,,,,N,,,,,,,,,,,,,,,,,,,,,,,,,28,,,,,,,6,1,0,0,0,0,2,0,0,,,,,,,,