Crash_ID,Unit_Nbr,Unit_Desc_ID,Veh_Parked_Fl,Veh_HNR_Fl,Veh_Lic_State_ID,VIN,Veh_Mod_Year,Veh_Color_ID,Veh_Make_ID,Veh_Mod_ID,Veh_Body_Styl_ID,Emer_Respndr_Fl,Ownr_Zip,Fin_Resp_Proof_ID,Fin_Resp_Type_ID,Veh_Dmag_Area_1_ID,Veh_Dmag_Scl_1_ID,Force_Dir_1_ID,Veh_Dmag_Area_2_ID,Veh_Dmag_Scl_2_ID,Force_Dir_2_ID,Veh_Inventoried_Fl,Veh_Transp_Name,Veh_Transp_Dest,Veh_Cmv_Fl,Cmv_Fiveton_Fl,Cmv_Hazmat_Fl,Cmv_Nine_Plus_Pass_Fl,Cmv_Veh_Oper_ID,Cmv_Carrier_ID_Type_ID,Cmv_Carrier_Zip,Cmv_Veh_Type_ID,Cmv_GVWR,Cmv_RGVW,Cmv_Hazmat_Rel_Fl,Hazmat_Cls_1_ID,Hazmat_IDNbr_1_ID,Hazmat_Cls_2_ID,Hazmat_IDNbr_2_ID,Cmv_Cargo_Body_ID,Cmv_Evnt1_ID,Cmv_Evnt2_ID,Cmv_Evnt3_ID,Cmv_Evnt4_ID,Cmv_Tot_Axle,Cmv_Tot_Tire,Contrib_Factr_1_ID,Contrib_Factr_2_ID,Contrib_Factr_3_ID,Contrib_Factr_P1_ID,Contrib_Factr_P2_ID,Veh_Dfct_1_ID,Veh_Dfct_2_ID,Veh_Dfct_3_ID,Veh_Dfct_P1_ID,Veh_Dfct_P2_ID,Veh_Trvl_Dir_ID,First_Harm_Evt_Inv_ID,Sus_Serious_Injry_Cnt,Nonincap_Injry_Cnt,Poss_Injry_Cnt,Non_Injry_Cnt,Unkn_Injry_Cnt,Tot_Injry_Cnt,Death_Cnt,Cmv_Disabling_Damage_Fl,Cmv_Bus_Type_ID,Trlr_GVWR,Trlr_RGVW,Trlr_Type_ID,Trlr_Disabling_Dmag_ID,Cmv_Intermodal_Container_Permit_Fl,CMV_Actual_Gross_Weight
17083464,2,1,N,N,43,1G1AK18F087255028,2008,16,107,978,100,N,78717,1,2,9,1,10,,,,N,AUS-TEX AUTO ENTERPRISES LLC,AUS-TEX AUTO ENTERPRISES LLC,N,,,,,,,,,,,,,,,,,,,,,,,,,34,,,,,,,4,1,0,0,1,0,0,1,0,,,,,,,,
17083465,1,1,N,N,43,4T1BE30K64U302738,2004,18,91,380,104,N,75063,1,2,2,4,12,,,,N,,,N,,,,,,,,,,,,,,,,,,,,,,0,,,,,,,,,,8,1,0,0,0,1,0,0,0,,,,,,,,
17083465,2,1,N,N,43,1FTRF12208KD03659,2008,21,37,2324,30,N,77346,1,2,3,2,11,,,,N,,,N,,,,,,,,,,,,,,,,,,,,,,0,,,,,,,,,,4,1,0,0,0,1,0,0,0,,,,,,,,
17083466,1,1,N,N,43,5NPDH4AE7GH662912,2016,9,45,480,104,N,78741,1,2,2,5,12,,,,Y,SPECIAL AUTOMOTIVE SERVICE INC,SPECIAL AUTOMOTIVE SERVICE INC,N,,,,,,,,,,,,,,,,,,,,,,15,,,,,,,,,,1,1,0,0,0,1,0,0,0,,,,,,,,
17083466,2,1,N,N,43,YV4SZ592661209999,2006,21,98,1469,104,N,78748,1,2,10,4,,,,,Y,ROCHAS TOWING SERVICE,ROCHAS TOWING SERVICE,N,,,,,,,,,,,,,,,,,,,,,,0,,,,,,,,,,3,1,0,0,1,1,0,1,0,,,,,,,,
17083467,1,1,N,N,43,5YFBURHE1GP458129,2016,3,91,173,104,N,78726,1,2,2,3,12,,,,N,620 LAKESIDE TOWING,620 LAKESIDE TOWING,N,,,,,,,,,,,,,,,,,,,,,,20,,,,,,,,,,4,1,0,0,0,2,0,0,0,,,,,,,,
17083469,1,1,N,N,43,1G1BC5SM1J7217913,2018,17,107,2209,104,N,78749,1,2,2,4,12,,,,Y,STARS TOWING,STARS TOWING,N,,,,,,,,,,,,,,,,,,,,,,20,,,,,,,,,,3,1,0,2,0,0,0,2,0,,,,,,,,
17083503,1,1,N,N,9,3N1CN7AP8JL858780,2018,16,71,1452,104,N,,2,,8,7,6,,,,Y,620 LAKESIDE TOWING,620 LAKESIDE TOWING,N,,,,,,,,,,,,,,,,,,,,,,37,20,,,,,,,,,1,1,0,1,0,2,0,1,0,,,,,,,,
17083503,2,1,N,N,43,JTJGF10U310083301,2001,8,58,1316,69,N,78703,1,2,3,3,1,,,,N,NA,NA,N,,,,,,,,,,,,,,,,,,,,,,0,,,,,,,,,,5,1,0,0,0,2,0,0,0,,,,,,,,
17083599,1,1,N,N,43,1N4AL3AP2FN897137,2015,2,71,500,104,N,07740,1,2,16,3,3,9,3,9,,EZ AUTO AND TOWING SERVICE,EZ AUTO AND TOWING SERVICE,N,,,,,,,,,,,,,,,,,,,,,,4,,,,,,,,,,5,1,0,0,0,1,0,0,0,,,,,,,,
17083599,2,1,N,N,43,JN8AZ08W47W606397,2007,18,71,777,69,N,78704,1,2,11,2,9,,,,Y,ARMADA TOWING SOUTH,ARMADA TOWING SOUTH,N,,,,,,,,,,,,,,,,,,,,,,0,,,,,,,,,,5,1,0,0,0,1,0,0,0,,,,,,,,
17083600,1,1,N,N,43,1GCEC19X95Z258023,2005,18,107,658,30,N,78741,2,,3,3,12,,,,N,SPECIAL AUTOMOTIVE SERVICE INC,SPECIAL AUTOMOTIVE SERVICE INC,N,,,,,,,,,,,,,,,,,,,,,,39,,,,,,,,,,4,1,0,0,0,3,0,0,0,,,,,,,,
17083600,2,1,N,N,43,KMHCT4AE0DU407901,2013,21,45,557,104,N,78749,1,2,3,3,12,,,,N,,,N,,,,,,,,,,,,,,,,,,,,,,0,,,,,,,,,,8,1,0,0,1,0,0,1,0,,,,,,,,
17083883,1,1,N,N,43,4T1BK36B36U132146,2006,19,91,563,104,N,78613,1,2,4,3,1,8,2,5,Y,620 LAKESIDE TOWING,620 LAKESIDE TOWING,N,,,,,,,,,,,,,,,,,,,,,,0,,,,,,,,,,11,1,0,0,0,2,0,0,0,,,,,,,,
17083884,1,1,N,N,43,3GKALTEX1JL292477,2018,2,39,1392,69,N,78745,1,2,8,4,5,,,,N,620 LAKESIDE TOWING,620 LAKESIDE TOWING,N,,,,,,,,,,,,,,,,,,,,,,0,,,,,,,,,,7,1,0,0,0,1,0,0,0,,,,,,,,
17083884,2,1,N,N,43,YV4A22PK6K1439148,2019,9,98,781,69,N,78730,1,2,3,3,4,,,,N,620 LAKESIDE TOWING,620 LAKESIDE TOWING,N,,,,,,,,,,,,,,,,,,,,,,0,,,,,,,,,,3,1,0,0,0,1,0,0,0,,,,,,,,
17083885,1,1,N,Y,43,JN1AZ0CP5CT019913,2012,16,71,,104,N,78681,1,1,,,,,,,N,N/A,N/A,N,,,,,,,,,,,,,,,,,,,,,,23,3,,,,,,,,,5,1,0,0,0,0,1,0,0,,,,,,,,
17083885,2,1,N,N,43,2G1WG5E39C1151989,2012,8,107,53,104,N,77489,1,1,4,2,10,,,,N,N/A,N/A,N,,,,,,,,,,,,,,,,,,,,,,0,,,,,,,,,,7,1,0,1,0,0,1,1,0,,,,,,,,
17083888,1,1,N,N,43,KMHDH4AE7CU464407,2012,3,45,480,104,N,78753,1,2,2,2,12,,,,N,620 LAKESIDE TOWING,620 LAKESIDE TOWING,N,,,,,,,,,,,,,,,,,,,,,,0,,,,,,,,,,11,1,0,0,1,0,0,1,0,,,,,,,,
17083888,2,1,N,N,43,3VWDF71K45M600885,2005,17,96,316,104,N,78727,1,2,6,2,6,2,2,12,N,,,N,,,,,,,,,,,,,,,,,,,,,,0,,,,,,,,,,11,1,0,0,0,1,0,0,0,,,,,,,,
17083888,3,1,N,N,43,3C6UR5CJ4HG732784,2017,11,710,4100,30,N,78644,1,2,6,2,6,,,,N,,,N,,,,,,,,,,,,,,,,,,,,,,0,,,,,,,,,,11,2,0,0,0,1,0,0,0,,,,,,,,
17083891,1,1,N,N,43,5N1BA0ND5CN600260,2012,17,71,784,104,N,78732,1,1,3,1,12,,,,N,,,N,,,,,,,,,,,,,,,,,,,,,,20,,,,,,,,,,8,1,0,0,0,1,0,0,0,,,,,,,,
17083891,2,1,N,N,43,ZFBCFXATXGP359468,2016,2,35,2956,104,N,78732,1,1,6,1,6,,,,Y,EZ AUTO AND TOWING SERVICE,EZ AUTO AND TOWING SERVICE,N,,,,,,,,,,,,,,,,,,,,,,0,,,,,,,,,,8,1,0,0,1,0,0,1,0,,,,,,,,
17083897,1,1,N,N,13,1FAHP3FN0AW212520,2010,16,37,696,104,N,61101,1,1,8,3,3,,,,N,ARMADA TOWING,ARMADA TOWING,N,,,,,,,,,,,,,,,,,,,,,,41,,,,,,,,,,5,1,0,0,0,1,0,0,0,,,,,,,,
17083897,2,1,N,N,43,1G6KD57Y26U126757,2006,18,106,2190,104,N,78723,1,1,3,3,9,,,,N,DRIVEN BY OWNER,DRIVEN BY OWNER,N,,,,,,,,,,,,,,,,,,,,,,0,,,,,,,,,,5,1,0,0,0,1,0,0,0,,,,,,,,
17083902,1,1,N,Y,43,KNDJP3A53F7154522,2015,21,55,1357,0,N,78745,1,1,4,0,12,,,,Y,AUSTEX,AUSTEX,N,,,,,,,,,,,,,,,,,,,,,,20,,,,,,,,,,3,1,0,0,0,1,0,0,0,,,,,,,,
17083902,2,4,,,,,,,,,,,,,,,,,,,,,,,,,,,,,,,,,,,,,,,,,,,,,0,,,,,,,,,,9,1,0,1,0,0,0,1,0,,,,,,,,
17083904,1,1,N,N,43,KNDJT2A51D7613534,2013,16,55,1357,104,N,78640,2,,10,4,3,,,,N,AUS-TEX AUTO ENTERPRISES LLC,AUS-TEX AUTO ENTERPRISES LLC,N,,,,,,,,,,,,,,,,,,,,,,37,,,48,,,,,,,4,1,0,0,0,0,0,0,1,,,,,,,,
17083904,2,1,N,N,43,2T1BU4EE2BC564511,2011,9,91,173,104,N,78957,2,,2,5,12,,,,N,AUS-TEX AUTO ENTERPRISES LLC,AUS TEX,N,,,,,,,,,,,,,,,,,,,,,,0,,,,,,,,,,8,1,0,0,2,0,0,2,0,,,,,,,,
17083906,1,1,N,N,43,1G6KD57Y23U157955,2003,21,106,36,104,N,78704,2,,4,1,2,,,,N,,,N,,,,,,,,,,,,,,,,,,,,,,44,,,,,,,,,,1,1,0,0,0,4,0,0,0,,,,,,,,
17083906,2,1,N,N,43,5YFBURHE3KP914303,2019,21,91,173,104,N,78749,1,1,7,3,6,,,,,EZ AUTO AND TOWING SERVICE,EZ AUTO AND TOWING SERVICE,N,,,,,,,,,,,,,,,,,,,,,,0,,,,,,,,,,1,1,0,0,0,1,0,0,0,,,,,,,,
17083907,1,1,N,Y,43,3CZRU5H54GM752309,2016,2,44,,69,N,78729,1,2,,,,,,,,,,N,,,,,,,,,,,,,,,,,,,,,,0,,,,,,,,,,4,1,0,0,0,0,0,0,0,,,,,,,,
17083907,2,1,N,N,43,1GDFH15T431203298,2003,2,39,570,103,N,78613,1,2,4,4,12,,,,N,620 LAKESIDE TOWING,620 LAKESIDE TOWING,N,,,,,,,,,,,,,,,,,,,,,,0,,,,,,,,,,4,1,0,0,0,4,0,0,0,,,,,,,,
17083908,1,1,N,N,43,KNDPBCA24D7441315,2013,9,55,767,69,N,78759,1,2,11,3,10,,,,Y,NOT TOWED,,N,,,,,,,,,,,,,,,,,,,,,,67,,,,,,,,,,4,1,0,0,0,2,0,0,0,,,,,,,,
17083908,2,1,Y,N,43,1HGFA16887L002096,2007,9,44,256,104,N,78759,1,2,6,2,8,,,,N,NOT TOWED,,N,,,,,,,,,,,,,,,,,,,,,,0,,,,,,,,,,3,1,0,0,0,0,0,0,0,,,,,,,,
17083908,3,1,N,N,43,1G1PC5SH3C7380042,2012,2,107,2209,104,N,78759,1,2,7,2,8,14,2,3,N,NOT TOWED,,N,,,,,,,,,,,,,,,,,,,,,,0,,,,,,,,,,3,2,0,0,0,0,0,0,0,,,,,,,,
17083908,4,1,N,N,43,4T1BF1FK6EU745904,2014,16,91,380,104,N,78759,1,2,13,3,9,,,,N,NOT TOWED,,N,,,,,,,,,,,,,,,,,,,,,,0,,,,,,,,,,3,2,0,0,0,0,0,0,0,,,,,,,,
17083909,1,1,N,N,43,JN8AF5MR9CT108293,2012,9,71,777,104,N,77642,1,2,9,3,9,,,,N,,,N,,,,,,,,,,,,,,,,,,,,,,4,,,,,,,,,,2,1,0,0,0,1,0,0,0,,,,,,,,
17083909,2,1,N,N,43,SAJHX1242WC845378,1998,10,51,2412,100,N,,2,,12,4,4,,,,N,STARS TOWING,,N,,,,,,,,,,,,,,,,,,,,,,0,,,,,,,,,,2,1,0,0,0,1,0,0,0,,,,,,,,
17083910,1,1,N,N,43,1FTFW1CF6EKF05471,2014,2,37,2324,30,N,78724,1,1,12,3,2,,,,Y,A-TEX TOWING,5526 1/2 W HWY 290,N,,,,,,,,,,,,,,,,,,,,,,67,,,,,,,,,,2,1,0,0,0,1,0,0,0,,,,,,,,
17083910,2,1,Y,N,43,1GNEK13Z13R161416,2003,11,107,2215,69,N,78724,1,1,15,1,8,,,,N,,,N,,,,,,,,,,,,,,,,,,,,,,0,,,,,,,,,,2,1,0,0,0,0,0,0,0,,,,,,,,
17083910,3,1,Y,N,43,1C3CDZAG8EN155234,2014,2,109,549,104,N,78723,1,1,6,2,6,15,2,7,N,,,N,,,,,,,,,,,,,,,,,,,,,,0,,,,,,,,,,2,2,0,0,0,0,0,0,0,,,,,,,,
17083911,1,1,N,N,43,4S3BE635517206945,2001,3,85,168,104,N,78745,1,2,15,7,9,,,,N,SOUTHSIDE WRECKER INC,8200 S. CONGRESS AVE,N,,,,,,,,,,,,,,,,,,,,,,41,,,,,,,,,,1,1,1,0,0,0,0,1,0,,,,,,,,
17083912,1,1,N,N,43,1NXBR12E3XZ140314,1999,10,91,173,104,N,78758,1,1,3,4,11,,,,N,AVILES & GABES WRECKER SERVICE INC.,AVILES & GABES WRECKER SERVICE INC.,N,,,,,,,,,,,,,,,,,,,,,,4,22,,,,,,,,,5,1,0,0,0,2,0,0,0,,,,,,,,
17083912,2,1,N,N,43,1C3CDFBB3FD420716,2015,21,109,78,104,N,78758,1,1,7,2,7,,,,N,,,N,,,,,,,,,,,,,,,,,,,,,,0,,,,,,,,,,5,1,0,0,0,2,0,0,0,,,,,,,,
17083913,1,1,N,N,43,1C3CDFAA7FD364207,2015,3,109,78,104,N,76549,1,1,6,6,6,,,,Y,620 LAKESIDE TOWING,620 LAKESIDE TOWING,N,,,,,,,,,,,,,,,,,,,,,,0,,,,,12,,,,,1,1,0,1,0,0,3,1,0,,,,,,,,
17083913,2,1,N,N,43,WAUHGAFC2CN137337,2012,2,8,2149,104,N,78664,1,1,3,6,12,,,,Y,DENVERS TOWING,DENVERS TOWING,N,,,,,,,,,,,,,,,,,,,,,,4,,,,,,,,,,1,1,0,0,0,2,0,0,0,,,,,,,,
17083914,1,1,N,N,43,1FTNS2EW1EDA71071,2014,21,37,814,103,N,78754,1,1,2,4,12,,,,Y,ARMADA TOWING,ARMADA TOWING,N,,,,,,,,,,,,,,,,,,,,,,20,,,,,,,,,,1,1,0,1,0,1,0,1,0,,,,,,,,
17083914,2,1,N,N,43,2GTEC13C971544861,2007,18,39,2340,30,N,78634,1,1,6,2,6,,,,N,,,N,,,,,,,,,,,,,,,,,,,,,,0,,,,,,,,,,1,1,0,0,0,1,0,0,0,,,,,,,,
17083916,1,1,N,N,43,3ALHC5DV6JDJL8345,2018,,38,1524,92,N,76177,1,2,12,1,2,,,,N,,,N,,,,,,,,,,,,,,,,,,,,,,4,,,,,,,,,,7,1,0,0,0,1,0,0,0,,,,,,,,
17083916,2,1,N,N,43,1N4AL24E28C106933,2008,9,71,500,100,N,78666,1,2,7,2,8,,,,N,EZ AUTO AND TOWING SERVICE,EZ AUTO AND TOWING SERVICE,N,,,,,,,,,,,,,,,,,,,,,,0,,,,,,,,,,7,1,0,0,0,1,0,0,0,,,,,,,,
17083917,1,1,N,N,43,JN8AT2MT2HW392584,2017,16,71,1310,104,N,95865,1,2,2,4,,16,2,,Y,STARS TOWING,STARS TOWING,N,,,,,,,,,,,,,,,,,,,,,,41,,,,,,,,,,2,1,0,0,0,1,0,0,0,,,,,,,,
17083917,2,1,N,N,43,3FTSW30F9YMA68044,2000,21,37,2326,30,N,78704,1,2,6,2,,,,,N,,,N,,,,,,,,,,,,,,,,,,,,,,0,,,,,,,,,,2,2,0,0,0,1,0,0,0,,,,,,,,
17083917,3,1,N,Y,,,,21,208,763,104,N,,2,,,,,,,,N,,,N,,,,,,,,,,,,,,,,,,,,,,4,,,,,,,,,,2,1,0,0,0,0,1,0,0,,,,,,,,
17083950,1,1,N,N,43,3VW2K7AJ7DM270944,2013,9,96,316,104,N,78610,1,2,3,6,11,,,,,SPECIAL AUTOMOTIVE SERVICE INC,SPECIAL AUTOMOTIVE SERVICE INC,N,,,,,,,,,,,,,,,,,,,,,,35,,,20,,,,,,,5,1,0,0,0,1,0,0,0,,,,,,,,
17083950,2,1,N,N,43,1GC4KVCY3KF196574,2019,21,107,2205,30,N,78232,1,2,1,4,12,,,,,,,N,,,,,,,,,,,,,,,,,,,,,,0,,,,,,,,,,7,1,0,0,0,2,0,0,0,,,,,,,,
17083951,1,1,N,N,43,3C4PDCBG8FT631198,2015,3,109,1166,104,N,78748,1,2,14,5,4,,,,N,EZ AUTO AND TOWING SERVICE,EZ AUTO AND TOWING SERVICE,N,,,,,,,,,,,,,,,,,,,,,,34,,,,,,,,,,5,1,0,1,0,0,0,1,0,,,,,,,,
17083951,2,1,N,N,43,1FMJK2AT8JEA66816,2018,9,37,601,69,N,78747,1,2,4,4,10,,,,N,,,N,,,,,,,,,,,,,,,,,,,,,,0,,,,,,,,,,3,1,0,0,0,2,0,0,0,,,,,,,,
17084593,1,1,N,N,43,5NPE24AF5GH346309,2016,21,45,462,104,N,78724,1,2,1,3,12,,,,N,AAA,8105 VALLEY FIELD DR,N,,,,,,,,,,,,,,,,,,,,,,22,,,,,,,,,,5,1,0,0,1,0,0,1,0,,,,,,,,
17084593,2,1,N,N,43,4T4BF1FK9FR508718,2015,9,91,380,104,N,78653,1,2,6,2,6,,,,N,,,N,,,,,,,,,,,,,,,,,,,,,,0,,,,,,,,,,5,1,0,0,1,0,0,1,0,,,,,,,,
17085414,1,1,N,N,43,5TFRM5F14BX027513,2011,2,91,687,30,N,78666,1,2,6,1,6,,,,N,,,N,,,,,,,,,,,,,,,,,,,,,,0,,,,,,,,,,1,1,0,0,0,1,0,0,0,,,,,,,,
17085414,2,1,N,N,43,1FAFP40463F448525,2003,3,37,96,100,N,78752,1,2,2,4,12,,,,N,TRI-CITY TOWING OF PFLUGERVILLE,"1501 REAGAN HILL DRIVE, AUSTIN, 78752",N,,,,,,,,,,,,,,,,,,,,,,22,,,20,,,,,8,,1,1,0,0,0,1,0,0,0,,,,,,,,
17085754,1,1,N,N,43,JTMZD33V766014682,2006,3,91,581,69,N,78130,1,2,4,4,1,,,,N,620 LAKESIDE TOWING,620 LAKESIDE TOWING,N,,,,,,,,,,,,,,,,,,,,,,0,,,,,,,,,,6,1,0,0,0,1,0,0,0,,,,,,,,
17085755,1,1,N,N,43,3FADP4BJ5JM123615,2018,99,37,229,104,N,78759,1,2,1,3,12,,,,N,,,N,,,,,,,,,,,,,,,,,,,,,,20,,,,,,,,,,3,1,0,0,0,1,0,0,0,,,,,,,,
17085755,2,1,N,N,43,5TDKZ3DC5JS960708,2018,17,91,648,104,N,78660,1,2,2,3,12,,,,N,ATX-VIP TOWING SERVICES,ATX-VIP,N,,,,,,,,,,,,,,,,,,,,,,0,,,,,,,,,,7,1,0,0,0,2,0,0,0,,,,,,,,
17085756,1,1,N,Y,,,,,,,104,N,,,,,,,,,,,,,N,,,,,,,,,,,,,,,,,,,,,,44,,,,,,,,,,1,1,0,0,0,0,1,0,0,,,,,,,,
17085756,2,1,N,N,43,KNDPB3AC2F7678249,2015,17,55,575,69,N,78610,1,1,8,2,6,,,,N,,,N,,,,,,,,,,,,,,,,,,,,,,0,,,,,,,,,,1,1,0,0,1,0,0,1,0,,,,,,,,
17085757,1,1,N,N,43,1HGCP26378A160325,2008,9,44,236,104,Y,78634,1,1,2,3,12,,,,N,620 LAKESIDE TOWING,LAKESIDE,N,,,,,,,,,,,,,,,,,,,,,,19,20,,,,,,,,,3,1,0,0,0,3,0,0,0,,,,,,,,
17085757,2,1,N,N,43,2FMDK3GC2BBA23189,2011,,37,1035,69,Y,78731,1,1,6,3,6,,,,N,AUSTEX,AUSTEX,N,,,,,,,,,,,,,,,,,,,,,,0,,,,,,,,,,3,1,0,0,0,1,0,0,0,,,,,,,,
17085758,1,1,N,Y,43,3GCPKTE33BG143262,2011,17,107,658,30,N,78703,1,2,,,,,,,N,,,N,,,,,,,,,,,,,,,,,,,,,,3,,,,,,,,,,5,1,0,0,0,0,1,0,0,,,,,,,,
17085758,2,1,N,N,43,JTDKN3DU1D5655799,2013,21,91,702,104,N,78720,1,7,12,1,3,,,,N,,,N,,,,,,,,,,,,,,,,,,,,,,0,,,,,,,,,,6,1,0,0,0,1,0,0,0,,,,,,,,
17085759,1,1,N,N,43,2FTRX17W1YCA09894,2000,8,37,2324,30,N,78728,2,,2,3,12,,,,N,EZ AUTO AND TOWING SERVICE,EZ AUTO AND TOWING SERVICE,N,,,,,,,,,,,,,,,,,,,,,,44,,,,,,,,6,,5,1,0,0,0,1,0,0,0,,,,,,,,
17085759,2,1,N,N,43,KMHTC6AD3EU205798,2014,2,45,377,104,N,30144,1,2,6,4,6,2,3,12,N,ROCHAS TOWING SERVICE,ROCHAS TOWING SERVICE,N,,,,,,,,,,,,,,,,,,,,,,0,,,,,,,,,,5,1,0,0,1,0,0,1,0,,,,,,,,
17085759,3,1,N,N,43,1C6SRFKT7KN688066,2019,21,710,4100,30,N,78131,1,2,6,2,6,2,1,12,N,,,N,,,,,,,,,,,,,,,,,,,,,,0,,,,,,,,,,5,2,0,0,0,1,0,0,0,,,,,,,,
17085759,4,1,N,N,5,5YJSA1E16FF109621,2015,21,602,2562,104,N,88888,2,,6,1,6,,,,N,,,N,,,,,,,,,,,,,,,,,,,,,,0,,,,,,,,,,5,2,0,0,0,1,0,0,0,,,,,,,,
17085760,1,1,N,N,43,1HGCT1B80GA007968,2016,9,44,236,104,N,78681,1,2,14,4,3,6,1,6,Y,EZ AUTO AND TOWING SERVICE,EZ AUTO AND TOWING SERVICE,N,,,,,,,,,,,,,,,,,,,,,,29,,,,,,,,,,7,1,0,0,0,2,0,0,0,,,,,,,,
17085760,2,1,N,N,43,JF2GPABCXHH243000,2017,9,85,168,104,N,76101,1,2,2,4,12,,,,Y,EZ AUTO AND TOWING SERVICE,EZ AUTO AND TOWING SERVICE,N,,,,,,,,,,,,,,,,,,,,,,0,,,,,,,,,,5,1,0,0,0,1,0,0,0,,,,,,,,
17085761,1,1,N,N,43,1D7HU18D74J258509,2004,21,109,2275,30,N,78616,1,1,6,2,6,,,,N,,,N,,,,,,,,,,,,,,,,,,,,,,0,,,,,,,,,,7,1,0,0,0,2,0,0,0,,,,,,,,
17085761,2,1,N,N,43,NM0LS6E79E1139848,2014,21,37,101,103,N,78640,1,1,2,5,12,,,,N,SPECIAL AUTOMOTIVE SERVICE INC,SPECIAL AUTOMOTIVE SERVICE INC,N,,,,,,,,,,,,,,,,,,,,,,44,,,,,,,,,,7,1,0,0,0,2,0,0,0,,,,,,,,
17085762,1,1,N,N,43,1FTEW1CP0HKC95992,2017,16,37,2324,30,N,78727,1,2,3,5,11,,,,N,LAMONT & SONS,LAMONT & SONS,N,,,,,,,,,,,,,,,,,,,,,,35,,,,,,,,,,8,1,0,0,0,1,0,0,0,,,,,,,,
17085762,2,1,N,N,43,JN1CV6EK9DM921436,2013,2,47,1102,100,N,78727,1,2,2,4,12,,,,N,AVILES & GABES WRECKER SERVICE INC.,AVILES & GABES WRECKER SERVICE INC.,N,,,,,,,,,,,,,,,,,,,,,,0,,,,,,,,,,6,1,0,0,0,1,0,0,0,,,,,,,,
17085763,1,1,N,N,43,JM1CR2W3XA0383740,2010,16,63,272,104,N,78681,1,2,7,1,7,,,,N,,,N,,,,,,,,,,,,,,,,,,,,,,23,,,,,,,,,,2,1,0,0,0,1,0,0,0,,,,,,,,
17085763,2,1,N,N,43,4P1BAAGF7HA017087,2017,16,181,1079,23,Y,78701,4,,16,1,3,,,,N,,,N,,,,,,,,,,,,,,,,,,,,,,0,,,,,,,,,,2,1,0,0,0,4,0,0,0,,,,,,,,
17085764,1,1,N,N,43,KNAFX4A61E5218004,2014,3,55,1093,104,N,78747,1,1,2,2,12,11,2,11,Y,SOUTHSIDE WRECKER INC,8200 S. CONGRESS AVE,N,,,,,,,,,,,,,,,,,,,,,,40,,,,,,,,,,5,1,0,0,0,1,0,0,0,,,,,,,,
17085764,2,1,Y,N,43,1FTFX1CF2BKE00371,2011,21,37,2324,30,N,78747,2,,11,2,11,,,,N,,,N,,,,,,,,,,,,,,,,,,,,,,0,,,,,,,,,,3,1,0,0,0,0,0,0,0,,,,,,,,
17085764,3,1,Y,N,43,1FTFX1CF2BKE00371,2004,18,107,249,104,N,78747,2,,14,1,3,,,,N,,,N,,,,,,,,,,,,,,,,,,,,,,0,,,,,,,,,,5,2,0,0,0,0,0,0,0,,,,,,,,
17085765,1,1,N,N,43,1FMZU62K65ZA38490,2005,4,37,554,69,N,,1,1,10,4,4,,,,N,,,N,,,,,,,,,,,,,,,,,,,,,,15,,,,,,,,,,4,1,0,1,0,2,0,1,0,,,,,,,,
17085765,2,1,N,N,43,5FRYD4H82HB036034,2017,9,1,705,69,N,78723,1,1,3,5,12,,,,Y,SPECIAL AUTOMOTIVE SERVICE INC,SPECIAL AUTOMOTIVE SERVICE INC,N,,,,,,,,,,,,,,,,,,,,,,0,,,,,,,,,,2,1,0,0,0,1,0,0,0,,,,,,,,
17085766,1,1,N,N,43,JN8AE2KP9E9108281,2014,21,71,501,103,N,78613,1,2,2,7,12,,,,N,620 LAKESIDE TOWING,620 LAKESIDE TOWING,N,,,,,,,,,,,,,,,,,,,,,,44,,,20,,,,,,,5,1,0,0,0,3,0,0,0,,,,,,,,
17085766,2,1,N,N,43,2T3YFREV4DW070550,2013,21,91,581,69,N,78611,1,2,6,3,6,2,3,12,N,,,N,,,,,,,,,,,,,,,,,,,,,,0,,,,,,,,,,5,1,0,0,0,4,0,0,0,,,,,,,,
17085766,3,1,N,N,43,1G1ZE5ST3GF217961,2016,2,107,56,104,N,78613,1,2,6,3,6,,,,N,,,N,,,,,,,,,,,,,,,,,,,,,,0,,,,,,,,,,5,2,0,0,0,2,0,0,0,,,,,,,,
17085767,1,1,N,N,43,4T1BK36B15U021254,2005,11,91,563,104,N,78660,2,,2,6,12,,,,N,LAMONT & SONS,,N,,,,,,,,,,,,,,,,,,,,,,,,,44,,,,,,,5,1,0,0,0,1,0,0,0,,,,,,,,
17085767,2,1,N,N,43,5NPEB4AC8EH827674,2014,3,45,462,104,N,78660,1,1,8,6,6,,,,N,EZ AUTO AND TOWING SERVICE,,N,,,,,,,,,,,,,,,,,,,,,,,,,4,,,,,,,5,1,0,0,0,2,0,0,0,,,,,,,,
17085768,1,1,N,N,43,JM3KFACM6J1443154,2018,3,63,2471,69,N,78704,1,2,2,5,12,,,,Y,A-TEX TOWING,5526 1/2 W HWY 290,N,,,,,,,,,,,,,,,,,,,,,,15,,,,,,,,,,4,1,0,0,1,0,0,1,0,,,,,,,,
17085768,2,1,N,N,43,JM1GJ1T53G1469693,2016,17,63,870,104,N,78070,1,2,15,4,10,,,,Y,EZ AUTO AND TOWING SERVICE,EZ AUTO AND TOWING SERVICE,N,,,,,,,,,,,,,,,,,,,,,,0,,,,,,,,,,2,1,0,0,1,0,0,1,0,,,,,,,,