Crash_ID,Unit_Nbr,Unit_Desc_ID,Veh_Parked_Fl,Veh_HNR_Fl,Veh_Lic_State_ID,VIN,Veh_Mod_Year,Veh_Color_ID,Veh_Make_ID,Veh_Mod_ID,Veh_Body_Styl_ID,Emer_Respndr_Fl,Ownr_Zip,Fin_Resp_Proof_ID,Fin_Resp_Type_ID,Veh_Dmag_Area_1_ID,Veh_Dmag_Scl_1_ID,Force_Dir_1_ID,Veh_Dmag_Area_2_ID,Veh_Dmag_Scl_2_ID,Force_Dir_2_ID,Veh_Inventoried_Fl,Veh_Transp_Name,Veh_Transp_Dest,Veh_Cmv_Fl,Cmv_Fiveton_Fl,Cmv_Hazmat_Fl,Cmv_Nine_Plus_Pass_Fl,Cmv_Veh_Oper_ID,Cmv_Carrier_ID_Type_ID,Cmv_Carrier_Zip,Cmv_Veh_Type_ID,Cmv_GVWR,Cmv_RGVW,Cmv_Hazmat_Rel_Fl,Hazmat_Cls_1_ID,Hazmat_IDNbr_1_ID,Hazmat_Cls_2_ID,Hazmat_IDNbr_2_ID,Cmv_Cargo_Body_ID,Cmv_Evnt1_ID,Cmv_Evnt2_ID,Cmv_Evnt3_ID,Cmv_Evnt4_ID,Cmv_Tot_Axle,Cmv_Tot_Tire,Contrib_Factr_1_ID,Contrib_Factr_2_ID,Contrib_Factr_3_ID,Contrib_Factr_P1_ID,Contrib_Factr_P2_ID,Veh_Dfct_1_ID,Veh_Dfct_2_ID,Veh_Dfct_3_ID,Veh_Dfct_P1_ID,Veh_Dfct_P2_ID,Veh_Trvl_Dir_ID,First_Harm_Evt_Inv_ID,Sus_Serious_Injry_Cnt,Nonincap_Injry_Cnt,Poss_Injry_Cnt,Non_Injry_Cnt,Unkn_Injry_Cnt,Tot_Injry_Cnt,Death_Cnt,Cmv_Disabling_Damage_Fl,Cmv_Bus_Type_ID,Trlr_GVWR,Trlr_RGVW,Trlr_Type_ID,Trlr_Disabling_Dmag_ID,Cmv_Intermodal_Container_Permit_Fl,CMV_Actual_Gross_Weight
17090683,1,1,N,N,43,1C4SDHCT4HC724494,2017,9,109,635,104,N,,1,2,6,3,6,,,,,,,N,,,,,,,,,,,,,,,,,,,,,,0,,,,,,,,,,6,1,0,0,1,2,0,1,0,,,,,,,,
17090683,2,1,N,N,43,5GTDN13E878175598,2007,13,112,2373,104,N,,1,2,1,3,12,,,,N,AUS-TEX AUTO ENTERPRISES LLC,AUS-TEX AUTO ENTERPRISES LLC,N,,,,,,,,,,,,,,,,,,,,,,0,,,,,,,,,,6,1,0,0,0,1,0,0,0,,,,,,,,
17090683,3,1,N,N,43,5NPEC4AB6BH296376,2011,9,45,462,104,N,,1,2,8,2,5,,,,N,,,N,,,,,,,,,,,,,,,,,,,,,,0,,,,,,,,,,6,2,0,0,1,0,0,1,0,,,,,,,,
17090683,4,1,N,N,14,3HSDZAPR8KN707799,2020,21,48,110,106,N,,1,2,3,2,,,,,N,,,N,,,,,,,,,,,,,,,,,,,,,,0,,,,,,,,,,6,2,0,0,0,1,0,0,0,,,,,,,,
17090719,1,1,N,N,43,1FTNF1CF6BKD84240,2011,21,37,2324,30,N,,1,2,11,1,5,,,,N,NOT TOWED,NOT TOWED,N,,,,,,,,,,,,,,,,,,,,,,37,,,,,,,,,,7,1,0,0,0,1,0,0,0,,,,,,,,
17090719,2,3,,,,,,,,,,,,,,,,,,,,,,,,,,,,,,,,,,,,,,,,,,,,,0,,,,,,,,,,9,1,0,1,0,0,0,1,0,,,,,,,,
17090876,1,1,N,N,43,0R30F164154,1970,2,37,101,100,N,78739,1,2,9,2,3,,,,N,TEXAS PRIDE,"10309 VAN WINKLE CT, AUSTIN, TX 78739",N,,,,,,,,,,,,,,,,,,,,,,60,,,,,,,,,,4,1,0,0,0,2,0,0,0,,,,,,,,
17091479,1,1,N,N,43,KMHD35LH8HU351584,2017,21,45,480,104,N,78745,1,1,3,7,11,13,2,8,Y,ROCHAS TOWING,"5700 BURLESON RD. AUSTIN,TX 78744",N,,,,,,,,,,,,,,,,,,,,,,16,,,,,,,,,,5,1,0,1,0,0,0,1,0,,,,,,,,
17091479,2,1,N,N,43,2G1WB5E37D1161548,2013,17,107,53,104,N,78617,1,1,2,7,12,14,2,4,Y,ROCHA'S TOWING,"5700 BURLESON RD. AUSTIN, TX 78744",N,,,,,,,,,,,,,,,,,,,,,,0,,,,,,,,,,3,1,2,0,1,0,0,3,0,,,,,,,,
17091479,3,1,N,N,43,3GCPCREC4JG517246,2018,11,107,2236,30,N,78617,1,1,2,6,12,,,,Y,ROCHA'S TOWING,"5700 BURLESON RD. AUSTIN,TX 78744",N,,,,,,,,,,,,,,,,,,,,,,0,,,,,,,,,,3,2,0,3,0,1,0,3,0,,,,,,,,
17091588,1,1,N,N,43,KMHDU4AD6AU008415,2010,17,45,480,104,N,78750,1,1,1,1,12,,,,N,NONE,,N,,,,,,,,,,,,,,,,,,,,,,20,,,,,,,,,,4,1,0,0,0,1,0,0,0,,,,,,,,
17091588,2,1,N,N,43,1FMRU17LX2LA85234,2002,1,37,601,69,N,78681,1,1,5,1,6,,,,N,NONE,,N,,,,,,,,,,,,,,,,,,,,,,0,,,,,,,,,,4,1,0,0,0,2,0,0,0,,,,,,,,
17091609,1,1,N,Y,43,1GNDS13SX42109761,2004,17,107,732,104,N,77023,2,,2,5,12,,,,Y,EZ AUTO AND TOWING SERVICE,EZ AUTO AND TOWING SERVICE,N,,,,,,,,,,,,,,,,,,,,,,,,,45,,,,,,,1,1,1,0,0,0,3,1,0,,,,,,,,
17091609,2,1,N,N,43,2T3WFREV1FW152407,2015,9,91,581,104,N,78758,1,2,14,5,5,,,,Y,EZ AUTO AND TOWING SERVICE,EZ AUTO AND TOWING SERVICE,N,,,,,,,,,,,,,,,,,,,,,,0,,,,,,,,,,3,1,0,1,0,0,0,1,0,,,,,,,,
17091609,3,1,N,N,43,1FTRW12W95FA65432,2005,9,37,2324,30,N,78724,1,2,4,1,1,,,,N,,,N,,,,,,,,,,,,,,,,,,,,,,0,,,,,,,,,,1,2,0,0,0,1,0,0,0,,,,,,,,
17091658,1,1,N,N,43,JTEZU5JR4F5109123,2015,2,91,395,104,N,78739,1,2,2,1,12,,,,N,,,N,,,,,,,,,,,,,,,,,,,,,,22,,,20,,,,,,,3,1,0,0,0,1,0,0,0,,,,,,,,
17091658,2,1,N,N,43,JTDBR32E060070664,2006,21,91,173,104,N,78610,1,2,7,2,8,,,,N,SPECIAL AUTOMOTIVE SERVICE INC,SPECIAL AUTOMOTIVE SERVICE INC,N,,,,,,,,,,,,,,,,,,,,,,0,,,,,,,,,,3,1,0,0,1,0,0,1,0,,,,,,,,
17091813,1,1,N,N,43,5FNYF28596B031920,2006,9,44,761,104,N,77450,1,1,4,1,1,,,,N,,,N,,,,,,,,,,,,,,,,,,,,,,0,,,,,,,,,,6,1,0,0,0,1,0,0,0,,,,,,,,
17091813,2,4,,,,,,,,,,,,,,,,,,,,,,,,,,,,,,,,,,,,,,,,,,,,,59,,,,,,,,,,9,1,1,0,0,0,0,1,0,,,,,,,,
17092239,1,1,N,N,43,2HGEJ6617XH566895,1999,17,44,256,104,N,78751,1,1,3,2,10,,,,N,,,N,,,,,,,,,,,,,,,,,,,,,,23,,,,,,,,,,2,1,0,0,0,1,0,0,0,,,,,,,,
17092240,1,1,N,N,43,JH4CU4F62AC000150,2010,2,1,1430,104,N,78753,1,1,14,3,3,,,,N,,,N,,,,,,,,,,,,,,,,,,,,,,0,,,,,,,,,,7,1,0,0,0,1,0,0,0,,,,,,,,
17092240,2,1,N,N,43,JT3GN86R6V0047565,1997,17,91,395,104,N,78617,1,1,1,3,12,,,,N,A TEX,A TEX,N,,,,,,,,,,,,,,,,,,,,,,0,,,,,,,,,,7,1,0,0,0,1,0,0,0,,,,,,,,
17092241,1,1,N,N,43,1C4PJMCX8JD570995,2018,10,429,970,69,N,78660,1,1,3,4,10,13,4,9,N,ATX-VIP TOWING SERVICES,ATX-VIP TOWING SERVICES,N,,,,,,,,,,,,,,,,,,,,,,41,22,,20,,,,,,,1,1,0,0,0,1,0,0,0,,,,,,,,
17092242,1,1,N,N,43,1FTFW1ET9DFB73729,2013,2,37,2324,30,N,78254,1,2,2,1,12,,,,N,A-TEX TOWING,5526 1/2 W HWY 290,N,,,,,,,,,,,,,,,,,,,,,,20,15,,29,,,,,,,4,1,0,0,0,3,0,0,0,,,,,,,,
17092242,2,1,N,N,43,JTHBJ46G072103417,2007,21,58,1052,104,N,78746,1,2,1,2,12,9,2,9,N,SPECIAL AUTOMOTIVE SERVICE INC,SPECIAL AUTOMOTIVE SERVICE INC,N,,,,,,,,,,,,,,,,,,,,,,0,,,,,,,,,,2,1,0,0,2,0,0,2,0,,,,,,,,
17092243,1,1,N,N,43,1ZVHT84N785193564,2008,16,37,96,100,N,78744,1,1,2,3,11,,,,,EZ AUTO AND TOWING SERVICE,EZ AUTO AND TOWING SERVICE,N,,,,,,,,,,,,,,,,,,,,,,0,,,,,,,,,,5,1,0,0,0,2,0,0,0,,,,,,,,
17092243,2,1,N,N,43,KMHCT4AE4HU187149,2017,17,45,557,104,N,78749,1,1,4,3,1,,,,Y,ROCHAS TOWING SERVICE,ROCHAS TOWING SERVICE,N,,,,,,,,,,,,,,,,,,,,,,0,,,,,,,,,,7,1,0,0,0,1,0,0,0,,,,,,,,
17092244,1,1,N,Y,43,JF2SJAAC4EH552468,2014,8,85,646,69,N,78735,1,2,,,,,,,N,,,N,,,,,,,,,,,,,,,,,,,,,,0,,,,,,,,,,3,1,0,0,0,0,1,0,0,,,,,,,,
17092244,2,1,N,N,27,3FA6POSU5DR373584,2013,11,37,1097,104,N,68506,1,2,6,2,6,,,,N,,,N,,,,,,,,,,,,,,,,,,,,,,0,,,,,,,,,,3,1,0,0,0,1,0,0,0,,,,,,,,
17092244,3,1,N,N,43,2FMZA5144YBC22419,2000,5,37,555,103,N,78749,1,2,6,2,6,2,2,12,Y,HARPERS TOWING SERVICE INC,OWNERS RESIDENCE/REQUEST,N,,,,,,,,,,,,,,,,,,,,,,0,,,,,,,,,,3,2,0,0,1,0,0,1,0,,,,,,,,
17092245,1,1,N,N,43,JN1AZ34D84T162782,2004,17,71,776,100,N,78617,1,2,2,5,12,,,,Y,ROCHAS TOWING SERVICE,ROCHAS TOWING SERVICE,N,,,,,,,,,,,,,,,,,,,,,,0,,,,,,,,,,5,1,0,0,0,1,0,0,0,,,,,,,,
17092246,1,1,N,Y,,,,21,55,767,69,N,,2,,,,,,,,N,,,N,,,,,,,,,,,,,,,,,,,,,,0,,,,,,,,,,5,1,0,0,0,0,1,0,0,,,,,,,,
17092246,2,1,Y,N,43,1HGCP2F82BA001375,2011,2,44,236,104,N,77388,1,2,7,1,6,,,,N,,,N,,,,,,,,,,,,,,,,,,,,,,0,,,,,,,,,,1,1,0,0,0,1,0,0,0,,,,,,,,
17092247,1,1,N,N,43,1N4AL3AP7DC120168,2013,21,71,500,104,N,78640,1,2,7,1,5,,,,N,,,N,,,,,,,,,,,,,,,,,,,,,,0,,,,,,,,,,1,1,0,0,0,1,0,0,0,,,,,,,,
17092247,2,1,N,N,43,,2020,21,74,4068,87,N,78045,1,2,12,1,3,,,,N,,,Y,Y,N,N,2,2,78945,9,60000,0,N,,,,,3,13,,,,,,0,,,,,,,,,,1,1,0,0,0,1,0,0,0,N,0,,,,,N,
17092247,3,6,,,,,,,,,,,,,,,,,,,,,,,,,,,,,,,,,,,,,,,,,,,,,0,,,,,,,,,,9,2,0,0,0,0,0,0,0,,,0,0,1,N,,
17092248,1,1,N,N,43,JM3ER4WL1A0342909,2010,15,63,1008,104,N,78726,1,1,1,3,12,,,,N,OWNER,UNKNOWN,N,,,,,,,,,,,,,,,,,,,,,,19,20,,,,,,,,,3,1,0,0,0,1,0,0,0,,,,,,,,
17092248,2,1,N,N,43,1HD1KRC19HB607648,2017,2,42,1527,71,N,78734,1,1,5,6,6,,,,N,STARS TOWING,STARS TOWING,N,,,,,,,,,,,,,,,,,,,,,,0,,,,,,,,,,3,1,0,0,1,0,0,1,0,,,,,,,,
17092249,1,1,N,N,43,5FNRL18063B131075,2003,16,44,571,104,N,78745,1,1,1,0,12,,,,N,NA,NA,N,,,,,,,,,,,,,,,,,,,,,,20,,,,,,,,,,1,1,0,0,0,5,0,0,0,,,,,,,,
17092249,2,4,,,,,,,,,,,,,,,,,,,,,,,,,,,,,,,,,,,,,,,,,,,,,0,,,,,,,,,,9,1,1,0,0,0,0,1,0,,,,,,,,
17092250,1,1,N,Y,43,5NPDH4AE7EH529676,2014,5,45,480,104,N,78653,1,1,,,,,,,N,,,N,,,,,,,,,,,,,,,,,,,,,,66,,,,,,,,,,6,1,0,0,0,0,1,0,0,,,,,,,,
17092250,2,1,N,N,43,JTHBJ46G882243412,2008,21,58,1052,104,N,78721,1,1,16,3,5,,,,N,,,N,,,,,,,,,,,,,,,,,,,,,,0,,,,,,,,,,8,1,0,2,0,1,0,2,0,,,,,,,,
17092251,1,1,N,N,43,1GTW7FCA3E1905797,2014,21,39,105,69,N,78759,1,1,2,3,12,,,,N,,,N,,,,,,,,,,,,,,,,,,,,,,0,,,,,,,,,,6,1,0,0,0,1,0,0,0,,,,,,,,
17092251,2,1,N,N,43,JNKBV61E48M201104,2008,3,47,764,104,N,78610,1,1,6,4,6,2,3,12,N,,,N,,,,,,,,,,,,,,,,,,,,,,0,,,,,,,,,,6,1,0,0,0,1,0,0,0,,,,,,,,
17092251,3,1,N,N,43,1GKER23777J155637,2007,16,39,894,69,N,78753,1,1,6,3,6,,,,N,,,N,,,,,,,,,,,,,,,,,,,,,,0,,,,,,,,,,6,2,0,1,0,1,0,1,0,,,,,,,,
17092252,1,1,N,N,43,1FVACWFC9KHKJ6986,2019,16,38,1524,92,N,78660,1,2,3,1,12,,,,Y,AUS-TEX AUTO ENTERPRISES LLC,AUS-TEX AUTO ENTERPRISES LLC,N,,,,,,,,,,,,,,,,,,,,,,0,,,,,,,,,,5,1,0,0,0,1,0,0,0,,,,,,,,
17092254,1,1,N,N,49,1C3CCBCG6DN523920,2013,21,21,2258,104,N,,1,1,12,4,3,,,,,,,N,,,,,,,,,,,,,,,,,,,,,,0,,,,,,,,,,11,1,0,0,0,1,0,0,0,,,,,,,,
17092254,2,1,N,N,43,1G1ZT53876F169136,2006,2,107,56,104,N,,2,,2,5,12,,,,N,SPECIAL AUTOMOTIVE SERVICE INC,SPECIAL AUTOMOTIVE SERVICE INC,N,,,,,,,,,,,,,,,,,,,,,,0,,,,,,,,,,11,1,0,0,1,0,0,1,0,,,,,,,,
17092255,1,1,N,Y,113,UNKNOWN,,17,208,763,30,N,,2,,6,1,6,,,,N,DRIVEN AWAY,DRIVEN AWAY,N,,,,,,,,,,,,,,,,,,,,,,73,,,,,,,,,,7,1,0,0,0,0,1,0,0,,,,,,,,
17092255,2,1,N,N,43,3GNCA53V49S628459,2009,21,107,1142,104,N,78745,1,2,2,3,12,,,,N,SOUTHSIDE WRECKER INC,8200 S. CONGRESS AVE,N,,,,,,,,,,,,,,,,,,,,,,0,,,,,,,,,,7,1,0,0,0,1,0,0,0,,,,,,,,
17092257,1,1,N,N,43,4T4BF1FK9CR227532,2012,17,91,380,104,N,77382,1,2,12,4,3,,,,Y,STARS TOWING,STARS TOWING,N,,,,,,,,,,,,,,,,,,,,,,35,,,,,,,,,,8,1,0,0,0,1,0,0,0,,,,,,,,
17092257,2,1,N,N,9,4T1BF22K41U962762,2001,11,91,380,104,N,78753,2,,11,4,10,,,,Y,STARS TOWING,STARS TOWING,N,,,,,,,,,,,,,,,,,,,,,,0,,,,,,,,,,6,1,0,0,1,0,0,1,0,,,,,,,,
17092264,1,1,N,N,43,3GTP1UEC6EG343016,2014,2,39,3080,30,N,78724,1,2,4,4,1,,,,Y,A-TEX TOWING,A-TEX,N,,,,,,,,,,,,,,,,,,,,,,0,,,,,,,,,,5,1,0,0,0,1,0,0,0,,,,,,,,
17092264,2,1,N,N,43,2FAFP71W35X123498,2005,2,37,995,104,N,78723,2,,3,5,11,,,,Y,LAMONT & SONS,LAMONT & SONS,N,,,,,,,,,,,,,,,,,,,,,,0,,,,,,,,,,3,1,0,0,0,1,0,0,0,,,,,,,,
17092264,3,1,N,N,43,1FTZF17261KF06652,2001,21,37,2324,30,N,78753,1,2,2,2,12,,,,N,,,N,,,,,,,,,,,,,,,,,,,,,,0,,,,,,,,,,7,2,0,0,0,1,0,0,0,,,,,,,,
17092266,1,1,N,N,43,1NPCL70X0KD606820,2019,99,74,1545,106,N,,2,,,,,,,,,NOT TOWED,NOT TOWED,N,,,,,,,,,,,,,,,,,,,,,,50,,,,,,,,,,11,1,0,0,0,1,0,0,0,,,,,,,,
17092266,2,1,N,N,43,JTDKN3DU6D5587001,2013,21,91,702,104,N,78739,1,2,2,3,12,,,,N,ROCHAS TOWING SERVICE,ROCHAS TOWING SERVICE,N,,,,,,,,,,,,,,,,,,,,,,0,,,,,,,,,,11,1,0,0,0,1,0,0,0,,,,,,,,
17092267,1,1,N,N,43,1FTFX1CF1DKE03197,2013,3,37,2324,30,N,78640,1,1,3,2,11,,,,N,,,N,,,,,,,,,,,,,,,,,,,,,,22,,,,,,,,,,6,1,0,0,0,3,0,0,0,,,,,,,,
17092267,2,1,N,N,43,JTDKBRFU2H3554698,2017,2,91,702,104,N,78749,1,1,8,2,5,1,1,12,N,,,N,,,,,,,,,,,,,,,,,,,,,,0,,,,,,,,,,6,1,0,0,0,1,0,0,0,,,,,,,,
17092267,3,1,N,N,43,1C4BJWDG3GL150208,2016,16,429,3662,104,N,78070,1,1,5,1,6,,,,,,,N,,,,,,,,,,,,,,,,,,,,,,0,,,,,,,,,,6,2,0,0,0,1,0,0,0,,,,,,,,
17092268,1,1,N,N,43,1NXBR32E14Z336274,2004,21,91,173,100,N,78745,2,,2,3,12,,,,N,EZ AUTO AND TOWING SERVICE,EZ AUTO AND TOWING SERVICE,N,,,,,,,,,,,,,,,,,,,,,,44,20,,,,,,,,,1,1,0,0,0,1,0,0,0,,,,,,,,
17092268,2,1,N,N,43,1FMCU0F7XHUE07863,2017,3,37,711,69,N,78266,1,2,6,2,6,,,,N,,,N,,,,,,,,,,,,,,,,,,,,,,0,,,,,,,,,,1,1,0,0,0,1,0,0,0,,,,,,,,
17092269,1,1,N,Y,43,JKABRRJ1XJDA12920,2018,16,53,3673,71,N,78681,1,1,2,5,12,,,,N,,,N,,,,,,,,,,,,,,,,,,,,,,0,,,,,,,,,,1,1,0,1,0,0,0,1,0,,,,,,,,
17092269,2,1,N,Y,113,,,99,,,0,N,,,,,,,,,,N,,,N,,,,,,,,,,,,,,,,,,,,,,0,,,,,,,,,,5,1,0,0,0,0,1,0,0,,,,,,,,
17092287,1,1,N,N,43,1N4AL21E39N449812,2009,2,71,500,104,N,78617,2,,7,2,7,,,,N,AVILES & GABES WRECKER SERVICE INC.,AVILES & GABES WRECKER SERVICE INC.,N,,,,,,,,,,,,,,,,,,,,,,20,,,,,,,,,,1,1,0,0,0,1,0,0,0,,,,,,,,
17092287,2,1,N,N,43,2T1KR32E64C241260,2004,16,91,1208,104,N,78722,2,,4,3,2,,,,Y,AVILES & GABES WRECKER SERVICE INC.,AVILES & GABES WRECKER SERVICE INC.,N,,,,,,,,,,,,,,,,,,,,,,20,,,,,,,,,,1,1,0,0,0,1,0,0,0,,,,,,,,
17092288,1,1,N,N,43,JM1BJ225920503801,2002,21,63,434,104,N,78617,1,2,2,4,12,,,,Y,SPECIAL AUTOMOTIVE SERVICE INC,SPECIAL AUTOMOTIVE SERVICE INC,N,,,,,,,,,,,,,,,,,,,,,,44,,,,,,,,,,7,1,0,0,0,1,0,0,0,,,,,,,,
17092288,2,1,N,N,43,2T3WFREV0EW081179,2014,3,91,581,69,N,78610,1,2,6,2,6,,,,N,,,N,,,,,,,,,,,,,,,,,,,,,,0,,,,,,,,,,7,1,0,0,0,2,0,0,0,,,,,,,,
17092289,1,1,N,N,43,WDBRF61JX3F388807,2003,18,65,118,104,N,78754,2,,2,7,12,,,,Y,DENVERS TOWING,DENVERS TOWING,N,,,,,,,,,,,,,,,,,,,,,,74,,,,,,,,,,11,1,0,1,2,0,0,3,0,,,,,,,,
17092289,2,1,N,N,43,1G4CW54K244115830,2004,18,105,1271,104,N,78702,2,,2,4,12,6,4,6,Y,STARS TOWING,STARS TOWING,N,,,,,,,,,,,,,,,,,,,,,,74,,,,,,,,,,11,1,0,0,0,1,0,0,0,,,,,,,,
17092289,3,1,N,Y,,,,,,,0,N,,,,,,,,,,,,,N,,,,,,,,,,,,,,,,,,,,,,0,,,,,,,,,,11,2,0,0,0,0,0,0,0,,,,,,,,
17092290,1,1,N,N,43,2G1FB1E36D9228988,2013,13,107,46,100,N,78660,1,2,17,5,9,2,3,1,Y,AVILES & GABES WRECKER SERVICE INC.,AVILES & GABES WRECKER SERVICE INC.,N,,,,,,,,,,,,,,,,,,,,,,41,,,60,,,,,,,4,1,0,0,0,1,0,0,0,,,,,,,,
17092291,1,1,N,Y,43,1C3CDFAA4GD767448,2016,16,109,78,104,N,78728,1,2,10,5,3,4,5,1,Y,AUS-TEX AUTO ENTERPRISES LLC,IMPOUND,N,,,,,,,,,,,,,,,,,,,,,,,,,20,,,,,,,11,1,0,0,0,0,1,0,0,,,,,,,,
17092291,2,1,Y,N,43,JM3KE2CY6G0759065,2016,9,63,2471,104,N,,2,,6,2,6,,,,N,,,N,,,,,,,,,,,,,,,,,,,,,,0,,,,,,,,,,11,1,0,0,0,0,0,0,0,,,,,,,,
17092291,3,1,Y,N,43,5TETX22N78Z567539,2008,21,91,2569,30,N,76179,1,2,13,1,7,,,,N,,,N,,,,,,,,,,,,,,,,,,,,,,0,,,,,,,,,,11,2,0,0,0,0,0,0,0,,,,,,,,
17092291,4,1,Y,N,43,JHLRE38758C052068,2008,3,44,605,104,N,,1,2,14,1,5,,,,N,,,N,,,,,,,,,,,,,,,,,,,,,,0,,,,,,,,,,11,2,0,0,0,0,0,0,0,,,,,,,,
17092292,1,1,N,N,43,4T1BE46K39U876508,2009,17,91,380,104,N,78728,2,,2,4,12,,,,Y,DENVERS TOWING,DENVERS TOWING,N,,,,,,,,,,,,,,,,,,,,,,67,,,,,,,,,,6,1,0,0,0,2,0,0,0,,,,,,,,
17092293,1,1,N,N,43,3N1AB7AP1EL641576,2014,21,71,341,104,N,78745,1,2,2,2,2,,,,Y,ROCHAS TOWING SERVICE,ROCHAS TOWING SERVICE,N,,,,,,,,,,,,,,,,,,,,,,74,,,,,,,,,,3,1,0,0,0,1,0,0,0,,,,,,,,
17092293,2,1,N,N,43,4T1BK3EK6AU112516,2010,17,91,380,104,N,78744,1,2,14,3,4,,,,Y,SOUTHSIDE WRECKER INC,SOUTHSIDE TOWING,N,,,,,,,,,,,,,,,,,,,,,,0,,,,,,,,,,5,1,0,0,0,1,0,0,0,,,,,,,,
17092294,1,1,N,Y,43,1GCEC19T64Z319940,2004,2,107,2202,30,N,78644,,,2,4,11,,,,N,AUS-TEX AUTO ENTERPRISES LLC,AUS-TEX AUTO ENTERPRISES LLC,N,,,,,,,,,,,,,,,,,,,,,,22,,,,,,,,,,7,1,0,0,0,0,1,0,0,,,,,,,,
17092294,2,1,N,N,43,JTHBJ46G272080965,2007,2,58,1050,104,N,78717,2,,13,3,10,,,,N,,,N,,,,,,,,,,,,,,,,,,,,,,0,,,,,,,,,,3,1,0,0,0,1,0,0,0,,,,,,,,
17092294,3,1,N,N,43,1C6RD6GP9CS233103,2012,21,109,2270,30,N,78744,2,,15,4,10,,,,N,,,N,,,,,,,,,,,,,,,,,,,,,,0,,,,,,,,,,3,2,0,0,0,1,0,0,0,,,,,,,,
17092295,1,1,N,N,43,1G2ZF57B684249647,2008,3,118,1104,104,N,78702,1,2,4,5,1,,,,N,SOUTHSIDE WRECKER INC,8200 S. CONGRESS AVE,N,,,,,,,,,,,,,,,,,,,,,,20,,,40,,,,,,,6,1,0,0,0,1,0,0,0,,,,,,,,
17092295,2,1,Y,N,43,WDBEA30D9KA827255,1989,2,65,839,104,N,78741,1,2,7,4,8,,,,N,,,N,,,,,,,,,,,,,,,,,,,,,,0,,,,,,,,,,6,1,0,0,0,0,0,0,0,,,,,,,,
17092296,1,1,N,N,43,JTNBE46K673041456,2014,17,91,380,104,N,78753,1,2,4,3,2,,,,Y,SOUTHSIDE WRECKER INC,8200 S. CONGRESS AVE,N,,,,,,,,,,,,,,,,,,,,,,35,,,48,,,,,,,3,1,0,0,0,2,0,0,0,,,,,,,,
17092296,2,1,N,N,43,JTEBU4BF4EK208041,2014,21,91,1085,104,N,78725,1,2,3,2,10,,,,N,,,N,,,,,,,,,,,,,,,,,,,,,,,,,48,,,,,,,1,1,0,0,0,5,0,0,0,,,,,,,,
17092297,1,1,N,N,43,1FMZU62KX4ZA25787,2004,21,37,554,104,N,78741,1,2,1,2,12,,,,N,,,N,,,,,,,,,,,,,,,,,,,,,,37,,,,,,,,,,7,1,0,0,0,3,0,0,0,,,,,,,,
17092297,2,1,N,N,43,4T3ZF13C61U332071,2001,18,91,648,104,N,78612,1,2,15,2,10,14,1,3,N,,,N,,,,,,,,,,,,,,,,,,,,,,0,,,,,,,,,,3,1,0,0,0,4,0,0,0,,,,,,,,
17092297,3,1,N,N,43,19UUA8F50CA002265,2012,2,1,564,104,N,94577,1,2,11,4,10,,,,Y,969 TOWING,10101 FM 969,N,,,,,,,,,,,,,,,,,,,,,,0,,,,,,,,,,3,2,0,0,0,2,0,0,0,,,,,,,,
17092298,1,1,N,N,43,1G1ZC5EU8CF170785,2012,21,107,56,104,N,78735,2,,2,1,12,,,,N,,,N,,,,,,,,,,,,,,,,,,,,,,,,,20,,,,,,,8,1,0,0,0,1,0,0,0,,,,,,,,
17092298,2,1,N,N,43,3N1AB7AP8FY357527,2015,16,71,341,104,N,78626,1,1,6,1,6,,,,N,,,N,,,,,,,,,,,,,,,,,,,,,,0,,,,,,,,,,1,1,0,1,0,1,0,1,0,,,,,,,,
17092299,1,1,N,N,43,19UUA66206A049519,2006,2,1,393,104,N,78665,2,,2,4,12,16,1,3,N,EZ AUTO AND TOWING SERVICE,EZ AUTO AND TOWING SERVICE,N,,,,,,,,,,,,,,,,,,,,,,44,,,20,4,,,,,,5,1,0,0,0,1,0,0,0,,,,,,,,
17092299,2,1,N,N,43,1FTRF07L02KB69111,2002,22,37,2324,30,N,78616,1,1,6,2,6,9,2,9,N,SPECIAL AUTOMOTIVE SERVICE INC,SPECIAL AUTOMOTIVE SERVICE INC,N,,,,,,,,,,,,,,,,,,,,,,0,,,,,,,,,,5,1,0,0,0,2,0,0,0,,,,,,,,
17092300,1,1,N,N,43,1FTNE24L22HB75023,2002,21,37,600,103,N,78729,1,1,10,3,3,,,,N,,,N,,,,,,,,,,,,,,,,,,,,,,20,,,,,,,,,,7,1,0,0,0,1,0,0,0,,,,,,,,
17092300,2,1,N,N,43,2T3YFREV2FW152361,2015,21,91,581,69,N,78717,1,1,2,5,12,,,,N,FINGER TOWING SERVICE,FINGER TOWING SERVICE,N,,,,,,,,,,,,,,,,,,,,,,0,,,,,,,,,,5,1,0,0,0,2,0,0,0,,,,,,,,
17092300,3,1,N,N,43,3VWL07AJ2FM405714,2015,17,96,316,104,N,78750,1,1,15,4,8,,,,N,,,N,,,,,,,,,,,,,,,,,,,,,,0,,,,,,,,,,5,2,0,0,0,3,0,0,0,,,,,,,,
17092301,1,1,N,N,43,KMHDU46D18U368839,2008,21,45,557,104,N,,2,,4,1,11,,,,,,,N,,,,,,,,,,,,,,,,,,,,,,0,,,,,,,,,,11,1,0,0,0,1,0,0,0,,,,,,,,
17092301,2,4,,,,,,,,,,,,,,,,,,,,,,,,,,,,,,,,,,,,,,,,,,,,,0,,,,,,,,,,9,1,0,0,1,0,0,1,0,,,,,,,,