Crash_ID,Unit_Nbr,Unit_Desc_ID,Veh_Parked_Fl,Veh_HNR_Fl,Veh_Lic_State_ID,VIN,Veh_Mod_Year,Veh_Color_ID,Veh_Make_ID,Veh_Mod_ID,Veh_Body_Styl_ID,Emer_Respndr_Fl,Ownr_Zip,Fin_Resp_Proof_ID,Fin_Resp_Type_ID,Veh_Dmag_Area_1_ID,Veh_Dmag_Scl_1_ID,Force_Dir_1_ID,Veh_Dmag_Area_2_ID,Veh_Dmag_Scl_2_ID,Force_Dir_2_ID,Veh_Inventoried_Fl,Veh_Transp_Name,Veh_Transp_Dest,Veh_Cmv_Fl,Cmv_Fiveton_Fl,Cmv_Hazmat_Fl,Cmv_Nine_Plus_Pass_Fl,Cmv_Veh_Oper_ID,Cmv_Carrier_ID_Type_ID,Cmv_Carrier_Zip,Cmv_Veh_Type_ID,Cmv_GVWR,Cmv_RGVW,Cmv_Hazmat_Rel_Fl,Hazmat_Cls_1_ID,Hazmat_IDNbr_1_ID,Hazmat_Cls_2_ID,Hazmat_IDNbr_2_ID,Cmv_Cargo_Body_ID,Cmv_Evnt1_ID,Cmv_Evnt2_ID,Cmv_Evnt3_ID,Cmv_Evnt4_ID,Cmv_Tot_Axle,Cmv_Tot_Tire,Contrib_Factr_1_ID,Contrib_Factr_2_ID,Contrib_Factr_3_ID,Contrib_Factr_P1_ID,Contrib_Factr_P2_ID,Veh_Dfct_1_ID,Veh_Dfct_2_ID,Veh_Dfct_3_ID,Veh_Dfct_P1_ID,Veh_Dfct_P2_ID,Veh_Trvl_Dir_ID,First_Harm_Evt_Inv_ID,Sus_Serious_Injry_Cnt,Nonincap_Injry_Cnt,Poss_Injry_Cnt,Non_Injry_Cnt,Unkn_Injry_Cnt,Tot_Injry_Cnt,Death_Cnt,Cmv_Disabling_Damage_Fl,Cmv_Bus_Type_ID,Trlr_GVWR,Trlr_RGVW,Trlr_Type_ID,Trlr_Disabling_Dmag_ID,Cmv_Intermodal_Container_Permit_Fl,CMV_Actual_Gross_Weight
17092302,1,1,N,N,43,3N1AB7AP5EL685418,2014,17,71,341,104,N,78702,1,2,3,3,9,,,,Y,ROCHAS TOWING SERVICE,ROCHAS TOWING SERVICE,N,,,,,,,,,,,,,,,,,,,,,,74,,,,,,,,,,6,1,0,0,1,0,0,1,0,,,,,,,,
17092302,2,1,N,N,43,3ALSG3CY4HDHY2742,2017,21,38,2994,92,N,78642,1,2,4,1,3,,,,N,,,Y,Y,N,N,2,2,78745,6,0,41080,N,,,,,7,13,,,,,,0,,,,,,,,,,6,1,0,0,0,0,1,0,0,N,0,,,,,N,
17092303,1,1,N,N,43,1FAHP34N47W352954,2007,16,37,696,104,N,78758,1,2,2,3,12,,,,N,EZ AUTO AND TOWING SERVICE,EZ AUTO AND TOWING SERVICE,N,,,,,,,,,,,,,,,,,,,,,,0,,,,,,,,,,5,1,0,1,0,1,0,1,0,,,,,,,,
17092303,2,1,N,N,43,4S4BRCAC7C3262217,2012,3,85,1268,104,N,78620,1,2,10,4,3,,,,N,SPECIAL AUTOMOTIVE SERVICE INC,OWNERS RESIDENCE/REQUEST,N,,,,,,,,,,,,,,,,,,,,,,0,,,,,,,,,,7,1,0,0,0,1,0,0,0,,,,,,,,
17092303,3,1,N,N,43,JN8AT2MT2HW141192,2017,21,71,1310,104,N,78626,1,2,3,3,10,,,,N,STARS TOWING,STARS TOWING,N,,,,,,,,,,,,,,,,,,,,,,0,,,,,,,,,,7,2,0,0,0,1,0,0,0,,,,,,,,
17092304,1,1,N,N,43,1HGCV1F56JA217024,2018,17,44,236,104,N,78839,1,2,13,4,9,,,,N,,,N,,,,,,,,,,,,,,,,,,,,,,34,,,,,,,,,,1,1,0,0,0,2,0,0,0,,,,,,,,
17092304,2,1,N,N,43,5J8TB1H51BA000956,2011,9,1,1301,69,N,78704,1,2,2,3,12,6,3,6,N,,,N,,,,,,,,,,,,,,,,,,,,,,0,,,,,,,,,,1,1,0,0,0,1,0,0,0,,,,,,,,
17092304,3,1,N,N,43,WDCGG5HB9FG376574,2015,21,65,1113,69,N,78704,1,2,2,4,12,,,,N,SPECIAL AUTOMOTIVE SERVICE INC,SPECIAL AUTOMOTIVE SERVICE INC,N,,,,,,,,,,,,,,,,,,,,,,0,,,,,,,,,,1,2,0,0,0,1,0,0,0,,,,,,,,
17092305,1,1,N,N,43,WB10398097ZS25293,2007,2,14,2173,71,N,78753,1,2,26,1,,,,,N,EZ AUTO AND TOWING SERVICE,EZ AUTO AND TOWING SERVICE,N,,,,,,,,,,,,,,,,,,,,,,20,22,,,,,,,,,5,1,0,0,1,0,0,1,0,,,,,,,,
17092305,2,1,N,N,43,1FTEX1CM7DFE09315,2013,21,37,2324,30,N,,2,,13,1,9,,,,N,,,N,,,,,,,,,,,,,,,,,,,,,,0,,,,,,,,,,5,1,0,0,0,1,0,0,0,,,,,,,,
17092306,1,1,N,N,43,JTHBJ46G072126924,2007,16,58,1052,104,N,78382,1,2,2,2,11,9,1,10,N,ROCHAS TOWING SERVICE,ROCHAS TOWING SERVICE,N,,,,,,,,,,,,,,,,,,,,,,74,,,,,,,,,,11,1,0,0,0,1,0,0,0,,,,,,,,
17092306,2,1,Y,N,43,KM8JU3AC2BU125964,2011,10,45,1431,69,N,78745,1,2,8,1,7,,,,N,,,N,,,,,,,,,,,,,,,,,,,,,,0,,,,,,,,,,11,1,0,0,0,0,0,0,0,,,,,,,,
17092307,1,1,N,N,43,1HGCM66875A026177,2005,10,44,236,104,N,78724,1,2,4,5,3,,,,N,EZ AUTO AND TOWING SERVICE,EZ AUTO AND TOWING SERVICE,N,,,,,,,,,,,,,,,,,,,,,,0,,,,,,,,,,3,1,0,0,0,1,0,0,0,,,,,,,,
17092307,2,1,N,N,43,JTHBA30G865160125,2006,2,58,1051,104,N,78621,1,2,2,4,12,,,,N,969 TOWING,969 TOWING,N,,,,,,,,,,,,,,,,,,,,,,0,,,,,,,,,,7,1,0,1,0,2,0,1,0,,,,,,,,
17092308,1,1,N,N,43,JTHBA30G645021995,2004,3,58,1051,104,N,78724,2,,2,3,12,,,,N,,,N,,,,,,,,,,,,,,,,,,,,,,20,,,,,,,,,,1,1,0,0,0,2,0,0,0,,,,,,,,
17092308,2,1,N,N,43,2GNALDEK7D6149426,2013,17,107,1048,104,N,37130,1,1,6,2,6,,,,N,,,N,,,,,,,,,,,,,,,,,,,,,,0,,,,,,,,,,1,1,0,0,1,2,0,1,0,,,,,,,,
17092309,1,1,N,Y,43,1G11C5SL0FF276502,2015,11,107,56,104,N,78610,1,1,2,3,12,,,,Y,EZ AUTO AND TOWING SERVICE,EZ AUTO AND TOWING SERVICE,N,,,,,,,,,,,,,,,,,,,,,,67,,,68,,,,,,,5,1,0,0,1,0,0,1,0,,,,,,,,
17092309,2,1,N,Y,113,,,99,,,0,N,,,,,,,,,,N,,,N,,,,,,,,,,,,,,,,,,,,,,0,,,,,,,,,,5,1,0,0,0,0,1,0,0,,,,,,,,
17092310,1,1,N,N,43,JN8AS5MT7DW014274,2013,,71,1310,104,N,78721,2,,2,5,12,,,,Y,AUS-TEX AUTO ENTERPRISES LLC,AUS-TEX AUTO ENTERPRISES LLC,N,,,,,,,,,,,,,,,,,,,,,,0,,,,,,,,,,5,1,0,0,0,1,0,0,0,,,,,,,,
17092310,2,1,N,N,43,5TDZK22C88S126166,2008,8,71,69,103,N,78753,1,2,3,3,12,,,,N,,,N,,,,,,,,,,,,,,,,,,,,,,0,,,,,,,,,,5,1,0,0,0,1,0,0,0,,,,,,,,
17092325,1,1,N,N,43,1B7HC13Y61J286790,2001,21,109,2275,30,N,78744,1,1,16,5,3,,,,,EZ AUTO AND TOWING SERVICE,EZ AUTO AND TOWING SERVICE,N,,,,,,,,,,,,,,,,,,,,,,37,,,,,,,,,,7,1,0,0,0,1,0,0,0,,,,,,,,
17092325,2,1,N,N,43,1FTNX20P34EC57849,2004,21,37,2325,30,N,78640,2,,1,2,12,,,,,SOUTHSIDE WRECKER INC,8200 S. CONGRESS AVE,N,,,,,,,,,,,,,,,,,,,,,,0,,,,,,,,,,3,1,0,0,0,3,0,0,0,,,,,,,,
17092326,1,1,N,N,43,1FT8W3CT6BEC35324,2011,21,37,2326,30,N,78617,2,,3,4,1,4,3,2,N,EZ AUTO AND TOWING SERVICE,EZ AUTO AND TOWING SERVICE,N,,,,,,,,,,,,,,,,,,,,,,23,45,,20,,,,,,,3,1,1,0,0,0,0,1,0,,,,,,,,
17092332,1,1,N,N,43,JNKCV61E09M308608,2009,21,47,764,104,N,78665,2,,10,2,3,2,1,11,Y,SOUTHSIDE WRECKER INC,8200 S. CONGRESS AVE,N,,,,,,,,,,,,,,,,,,,,,,45,22,,,,,,,,,7,1,0,0,0,1,0,0,0,,,,,,,,
17092332,2,1,Y,N,43,1GNFC360X9R299894,2009,21,107,2215,69,N,76537,1,1,10,2,6,,,,N,NOT TOWED,NOT TOWED,N,,,,,,,,,,,,,,,,,,,,,,0,,,,,,,,,,11,1,0,0,0,0,0,0,0,,,,,,,,
17092332,3,1,Y,N,43,3GCPWAEHXKG173234,2019,21,107,2202,30,N,78741,2,,10,1,6,,,,N,NOT TOWED,NOT TOWED,N,,,,,,,,,,,,,,,,,,,,,,0,,,,,,,,,,11,2,0,0,0,2,0,0,0,,,,,,,,
17092332,4,1,Y,N,43,2GTEC13J971635935,2007,21,39,2340,30,N,78744,1,1,10,1,5,,,,N,NOT TOWED,NOT TOWED,N,,,,,,,,,,,,,,,,,,,,,,0,,,,,,,,,,11,2,0,0,0,0,0,0,0,,,,,,,,
17092332,5,4,,,,,,,,,,,,,,,,,,,,,,,,,,,,,,,,,,,,,,,,,,,,,0,,,,,,,,,,9,2,0,0,1,0,0,1,0,,,,,,,,
17092332,6,4,,,,,,,,,,,,,,,,,,,,,,,,,,,,,,,,,,,,,,,,,,,,,0,,,,,,,,,,9,2,0,0,1,0,0,1,0,,,,,,,,
17092337,1,1,N,N,43,JTEZU5JR2J5165179,2018,2,91,395,104,N,78660,2,,17,7,12,18,7,6,Y,STARS TOWING,STARS TOWING,N,,,,,,,,,,,,,,,,,,,,,,0,,,,,,,,,,1,1,0,1,0,0,0,1,0,,,,,,,,
17092337,2,1,N,N,43,5GTDN136468310602,2006,2,112,1563,104,N,78753,1,1,3,2,11,,,,N,,,N,,,,,,,,,,,,,,,,,,,,,,,,,16,,,,,,,7,1,0,0,0,1,0,0,0,,,,,,,,
17092340,1,1,N,N,43,1XP5DB9X05D875678,2005,21,74,1545,87,N,77833,1,1,12,2,3,,,,N,NA,NA,Y,Y,N,N,1,2,78627,7,80000,0,N,,,,,6,13,,,,,,20,,,,,,,,,,11,1,0,0,0,1,0,0,0,N,0,,,,,N,
17092340,2,6,,,,,,,,,,,76537,,,,,,,,,,,,,,,,,,,,,,,,,,,,,,,,,,0,,,,,,,,,,9,2,0,0,0,0,0,0,0,,,17000,0,2,N,,
17092340,3,1,N,N,43,JN1FV7EK8JM530356,2018,21,47,2394,100,N,78750,1,1,11,4,9,,,,N,STARS TOWING,STARS TOWING,N,,,,,,,,,,,,,,,,,,,,,,0,,,,,,,,,,11,1,0,1,0,0,0,1,0,,,,,,,,
17092342,1,1,N,N,43,JS1GX72A1B2103048,2011,2,88,4213,71,N,78745,2,,1,3,12,,,,N,AUSTIN EXPRESS TOWING INC.,AUSTIN EXPRESS TOWING INC.,N,,,,,,,,,,,,,,,,,,,,,,22,,,,,,,,,,5,1,1,0,0,0,0,1,0,,,,,,,,
17092343,1,1,N,N,43,1FADP3K20JL242208,2018,17,37,696,104,N,,1,2,4,4,2,,,,N,ARMADA TOWING,9706 MIDDLE FISKVILLE RD,N,,,,,,,,,,,,,,,,,,,,,,20,,,,,,,,,,3,1,0,0,0,1,0,0,0,,,,,,,,
17092344,1,1,N,N,6,YV4SZ592061210436,2006,17,98,543,104,N,80012,1,1,,,,,,,N,SPECIAL AUTOMOTIVE SERVICE INC,SPECIAL AUTOMOTIVE SERVICE INC,N,,,,,,,,,,,,,,,,,,,,,,1,15,,60,,,,,,,7,1,0,0,0,1,0,0,0,,,,,,,,
17092344,2,1,N,N,43,JHMFA36206S012310,2006,17,44,256,104,N,78705,1,1,,,,,,,N,ROCHAS TOWING SERVICE,ROCHAS TOWING SERVICE,N,,,,,,,,,,,,,,,,,,,,,,0,,,,,,,,,,5,1,0,0,0,1,0,0,0,,,,,,,,
17092345,1,1,N,N,43,3VW3L7AJ6CM004217,2012,21,96,316,104,N,75211,1,2,1,2,12,,,,N,,,N,,,,,,,,,,,,,,,,,,,,,,44,,,,,,,,,,5,1,0,0,0,3,0,0,0,,,,,,,,
17092345,2,1,N,N,43,JA4AD3A33JZ064432,2018,3,68,775,69,N,76010,1,2,5,2,6,,,,N,,,N,,,,,,,,,,,,,,,,,,,,,,0,,,,,,,,,,5,1,0,0,1,1,0,1,0,,,,,,,,
17092346,1,1,N,N,5,JM3KFACL1H0194740,2017,21,63,3917,69,N,76101,1,1,2,4,12,,,,Y,ROCHAS TOWING SERVICE,ROCHAS TOWING SERVICE,N,,,,,,,,,,,,,,,,,,,,,,16,,,,,,,,,,1,1,0,0,0,1,0,0,0,,,,,,,,
17092346,2,1,N,N,43,1FT8W3DT7HEB36924,2017,21,37,2326,30,N,46624,1,1,2,0,6,,,,N,,,N,,,,,,,,,,,,,,,,,,,,,,16,,,,,,,,,,5,1,0,0,0,2,0,0,0,,,,,,,,
17092346,3,6,,,,,,,,,,,78758,,,,,,,,,,,,,,,,,,,,,,,,,,,,,,,,,,0,,,,,,,,,,9,2,0,0,0,1,0,0,0,,,,,,,,
17092347,1,1,N,N,43,1HD1JD5109Y020417,2009,16,42,1527,71,N,78681,1,2,2,1,12,,,,N,DRIVEN AWAY,DRIVEN AWAY,N,,,,,,,,,,,,,,,,,,,,,,22,,,,,,,,,,5,1,1,0,0,0,0,1,0,,,,,,,,
17092347,2,1,N,N,43,5VPYW36NXG3049450,2016,2,42,1527,71,N,78681,1,2,6,1,6,,,,N,DRIVEN AWAY,DRIVEN AWAY,N,,,,,,,,,,,,,,,,,,,,,,0,,,,,,,,,,5,1,0,0,0,1,0,0,0,,,,,,,,
17092348,1,1,N,N,43,1G1PC5SH7B7233687,2011,2,107,2209,104,N,79701,1,2,15,3,9,,,,N,VEH NOT TOWED,VEH NOT TOWED,N,,,,,,,,,,,,,,,,,,,,,,66,,,,,,,,,,1,1,0,0,0,2,0,0,0,,,,,,,,
17092348,2,1,N,N,43,4M2CU571X6KJ15337,2006,2,114,123,104,N,78616,1,2,4,3,12,,,,N,ARMADA TOWING,ARMADA TOWING,N,,,,,,,,,,,,,,,,,,,,,,0,,,,,,,,,,1,1,0,0,1,2,0,1,0,,,,,,,,
17092349,1,1,N,N,43,2HNYD28407H526459,2007,2,1,705,69,N,78753,1,1,3,6,11,,,,,EZ AUTO AND TOWING SERVICE,EZ AUTO AND TOWING SERVICE,N,,,,,,,,,,,,,,,,,,,,,,0,,,,,8,,,,,8,1,0,0,0,1,0,0,0,,,,,,,,
17092350,1,1,N,N,43,JTDKB20U583364748,2008,10,91,702,100,N,78754,1,2,7,1,7,,,,N,,,N,,,,,,,,,,,,,,,,,,,,,,4,,,,,,,,,,4,1,0,0,0,4,0,0,0,,,,,,,,
17092350,2,1,N,N,43,5N1AR1NN8CC633168,2012,17,71,531,104,N,78726,1,2,6,5,7,4,1,1,N,CLARKS,IMPOUND,N,,,,,,,,,,,,,,,,,,,,,,0,,,,,,,,,,4,1,0,0,1,0,0,1,0,,,,,,,,
17092350,3,1,N,N,43,1G8ZS57NX7F204709,2007,3,81,919,104,N,78748,1,2,3,6,1,2,5,12,N,ARMADA TOWING,ARMADA TOWING,N,,,,,,,,,,,,,,,,,,,,,,,,,19,,,,,,,4,2,0,1,0,0,0,1,0,,,,,,,,
17092351,1,1,N,N,43,19XFB2F95CE055724,2012,21,44,256,104,N,78750,1,2,2,3,12,,,,Y,HARPERS TOWING SERVICE INC,HARPERS TOWING SERVICE INC,N,,,,,,,,,,,,,,,,,,,,,,40,22,,,,,,,,,5,1,0,0,0,2,0,0,0,,,,,,,,
17092351,2,1,N,N,43,2HKRW1H84HH510260,2017,11,44,605,69,N,78723,1,2,6,2,6,,,,N,,,N,,,,,,,,,,,,,,,,,,,,,,0,,,,,,,,,,5,1,0,1,0,1,0,1,0,,,,,,,,
17092352,1,1,N,Y,43,4T1BF22K3VU003407,1997,11,91,380,104,N,78753,1,2,11,3,11,,,,Y,STARS TOWING,STARS TOWING,N,,,,,,,,,,,,,,,,,,,,,,0,,,,,,,,,,4,1,0,0,0,0,1,0,0,,,,,,,,
17092353,1,1,N,Y,,UNKNOWN,,17,91,178,104,N,,,,,,,,,,,,,N,,,,,,,,,,,,,,,,,,,,,,0,,,,,,,,,,1,1,0,0,0,0,1,0,0,,,,,,,,
17092353,2,1,N,N,43,JHMCP26399C002331,2009,3,44,107,104,N,77059,1,2,12,4,2,11,1,10,Y,J & J TOWING,J & J TOWING,N,,,,,,,,,,,,,,,,,,,,,,0,,,,,,,,,,1,1,0,1,0,0,0,1,0,,,,,,,,
17092354,1,1,N,Y,43,1HGCP2F37CA016752,2012,21,44,,104,N,78741,1,2,2,4,12,,,,Y,SPECIAL AUTOMOTIVE SERVICE INC,SPECIAL AUTOMOTIVE SERVICE INC,N,,,,,,,,,,,,,,,,,,,,,,20,,,67,,,,,,,1,1,0,0,0,0,1,0,0,,,,,,,,
17092354,2,1,N,N,43,5FYD5KV00CB040918,2012,3,498,1410,47,N,78702,1,2,15,1,8,,,,N,,,N,,,,,,,,,,,,,,,,,,,,,,0,,,,,,,,,,1,1,0,3,0,0,0,3,0,,,,,,,,
17092355,1,1,N,N,43,3N1CN7APXDL869364,2013,9,71,1452,104,N,78666,1,1,2,3,12,,,,Y,EZ AUTO AND TOWING SERVICE,EZ AUTO AND TOWING SERVICE,N,,,,,,,,,,,,,,,,,,,,,,0,,,,,,,,,,3,1,0,1,0,0,0,1,0,,,,,,,,
17092355,2,1,N,N,43,1GCCS14Z2SK262857,1995,17,107,2233,30,N,78747,1,2,6,1,6,,,,N,,,N,,,,,,,,,,,,,,,,,,,,,,0,,,,,,,,,,3,1,0,0,0,1,0,0,0,,,,,,,,
17092355,3,1,N,N,43,JN8AS5MT6DW516418,2013,21,71,1310,69,N,78744,1,1,5,1,6,,,,N,,,N,,,,,,,,,,,,,,,,,,,,,,0,,,,,,,,,,3,2,0,0,0,1,0,0,0,,,,,,,,
17092356,1,1,N,N,22,1FTEW1E51KKC40079,2019,17,37,2324,30,N,39759,1,7,2,2,,,,,N,,,N,,,,,,,,,,,,,,,,,,,,,,0,,,,,,,,,,5,1,0,0,0,1,0,0,0,,,,,,,,
17092356,2,1,N,N,43,1C6RR6TT0KS603020,2019,2,710,2522,30,N,74134,1,7,6,1,6,,,,N,,,N,,,,,,,,,,,,,,,,,,,,,,0,,,,,,,,,,5,1,0,0,0,2,0,0,0,,,,,,,,
17092356,3,1,N,N,43,1HGCP26899A020970,2009,17,44,236,104,N,78704,1,2,6,0,6,,,,N,,,N,,,,,,,,,,,,,,,,,,,,,,0,,,,,,,,,,5,2,0,0,0,1,0,0,0,,,,,,,,
17092356,4,1,N,N,43,1G1PF5S91B7270038,2011,17,107,2209,104,N,78735,1,2,6,0,6,,,,N,,,N,,,,,,,,,,,,,,,,,,,,,,0,,,,,,,,,,5,2,0,0,0,2,0,0,0,,,,,,,,
17092357,1,1,N,N,43,3MZBM1W78EM110111,2014,9,63,1210,104,N,78745,2,,10,4,,,,,N,,,N,,,,,,,,,,,,,,,,,,,,,,37,,,,,,,,,,5,1,1,1,0,0,0,2,0,,,,,,,,
17092357,2,1,N,N,43,4T1BF1FK1CU117939,2012,2,91,380,104,N,78744,1,2,4,3,,,,,N,HARPERS TOWING SERVICE INC,OWNERS RESIDENCE/REQUEST,N,,,,,,,,,,,,,,,,,,,,,,0,,,,,,,,,,1,1,0,1,0,1,0,1,0,,,,,,,,
17092358,1,1,N,N,43,2T3BF4DV4CW265637,2012,9,91,581,69,N,78738,1,1,12,3,3,,,,N,EZ AUTO AND TOWING SERVICE,EZ AUTO AND TOWING SERVICE,N,,,,,,,,,,,,,,,,,,,,,,65,,,,,,,,,,1,1,0,0,0,3,0,0,0,,,,,,,,
17092358,2,1,N,N,43,2C3KA53G37H803407,2007,9,21,65,104,N,76520,1,1,11,3,9,,,,Y,EZ AUTO AND TOWING SERVICE,EZ AUTO AND TOWING SERVICE,N,,,,,,,,,,,,,,,,,,,,,,0,,,,,,,,,,1,1,0,0,0,4,0,0,0,,,,,,,,
17092359,1,1,N,N,43,5YFBURHE3KP924880,2019,21,91,173,104,N,78758,1,2,3,3,12,,,,Y,ATX-VIP TOWING SERVICES,ATX-VIP TOWING SERVICES,N,,,,,,,,,,,,,,,,,,,,,,37,,,,,,,,,,6,1,0,0,0,1,0,0,0,,,,,,,,
17092359,2,1,N,N,43,1FM5K8AR4FGB91848,2015,2,37,554,69,N,78702,1,7,4,3,12,,,,N,AUS-TEX AUTO ENTERPRISES LLC,"708 E 8TH ST, AUSTIN TX 78702",N,,,,,,,,,,,,,,,,,,,,,,0,,,,,,,,,,2,1,0,0,0,1,0,0,0,,,,,,,,
17092360,1,1,N,N,43,1C4RJEAG7KC544073,2019,17,429,1116,104,N,77801,1,2,7,3,7,,,,N,,,N,,,,,,,,,,,,,,,,,,,,,,,,,74,,,,,,,1,1,0,1,0,0,0,1,0,,,,,,,,
17092360,2,1,N,N,43,JM3ER293480191266,2008,17,63,1009,104,N,77845,1,2,3,5,11,,,,N,STARS TOWING,STARS TOWING,N,,,,,,,,,,,,,,,,,,,,,,0,,,,,,,,,,5,1,0,0,0,4,0,0,0,,,,,,,,
17092361,1,1,N,N,43,1FTFW1CF8DKD08638,2013,21,37,2324,30,N,76008,1,2,2,2,12,,,,N,,,N,,,,,,,,,,,,,,,,,,,,,,44,,,,,,,,,,5,1,0,0,0,4,0,0,0,,,,,,,,
17092361,2,1,N,N,43,3C7WRKCL6HG727946,2017,22,710,2522,9,N,78702,1,7,7,2,6,,,,N,,,N,,,,,,,,,,,,,,,,,,,,,,0,,,,,,,,,,5,1,0,0,0,2,0,0,0,,,,,,,,
17092380,1,1,N,N,43,1GTDC14K9MZ535453,1991,1,39,105,30,N,78744,1,1,16,1,1,,,,N,,,N,,,,,,,,,,,,,,,,,,,,,,,,,74,,,,,,,7,1,0,0,0,3,0,0,0,,,,,,,,
17092380,2,3,,,,,,,,,,,,,,,,,,,,,,,,,,,,,,,,,,,,,,,,,,,,,0,,,,,,,,,,9,1,0,1,0,0,0,1,0,,,,,,,,
17092381,1,1,N,N,43,3GYFNAE37ES564226,2014,17,106,1373,104,N,78041,1,1,2,4,12,,,,N,ROCHAS TOWING SERVICE,1901 RIO GRANDE ST,N,,,,,,,,,,,,,,,,,,,,,,37,,,,,,,,,,3,1,0,0,0,1,0,0,0,,,,,,,,
17092381,2,1,N,N,43,1D7HA18D45S257225,2005,9,109,82,30,N,78744,1,1,11,3,10,,,,N,,,N,,,,,,,,,,,,,,,,,,,,,,0,,,,,,,,,,7,1,0,0,0,1,0,0,0,,,,,,,,
17092382,1,1,N,N,43,JM1BL1SG7A1206699,2010,9,63,1210,104,N,78613,1,2,3,2,11,,,,N,,,N,,,,,,,,,,,,,,,,,,,,,,,,,44,,,,,,,8,1,0,0,0,1,0,0,0,,,,,,,,
17092382,2,1,N,N,43,1FMCU0F72DUA71667,2013,21,37,711,104,N,78641,1,2,6,2,6,,,,N,,,N,,,,,,,,,,,,,,,,,,,,,,0,,,,,,,,,,8,1,0,0,1,0,0,1,0,,,,,,,,
17092383,1,1,N,N,43,3GKEC16R9XG552146,1999,3,39,604,69,N,,1,2,14,3,3,,,,Y,ROCHAS TOWING SERVICE,ROCHAS TOWING SERVICE,N,,,,,,,,,,,,,,,,,,,,,,45,,,,,,,,,,3,1,0,0,0,0,1,0,0,,,,,,,,
17092383,2,1,N,N,43,2G1WG5E31D1240571,2013,21,107,53,104,N,78741,1,2,3,3,12,,,,Y,SOUTHSIDE WRECKER INC,SOUTHSIDE,N,,,,,,,,,,,,,,,,,,,,,,0,,,,,,,,,,8,1,0,0,0,0,1,0,0,,,,,,,,
17092383,3,1,N,N,43,1ZVFT84N875290455,2007,17,37,96,100,N,78741,1,2,11,2,12,,,,N,,,N,,,,,,,,,,,,,,,,,,,,,,0,,,,,,,,,,8,2,0,0,0,0,1,0,0,,,,,,,,
17092384,1,1,N,N,43,JTEBU4BF8EK192488,2014,10,91,1085,100,N,78731,1,2,2,2,2,,,,Y,,,N,,,,,,,,,,,,,,,,,,,,,,,,,60,,,,,,,7,1,0,0,0,1,0,0,0,,,,,,,,
17092385,1,1,N,N,43,1FM5K7B84FGA64520,2015,2,37,554,104,N,78753,1,1,4,4,3,,,,Y,ARMADA,ARMADA,N,,,,,,,,,,,,,,,,,,,,,,0,,,,,,,,,,1,1,0,0,0,4,0,0,0,,,,,,,,
17092385,2,1,N,N,43,1D8GT58K48W165651,2008,16,109,1260,104,N,78753,1,1,2,3,12,,,,N,,,N,,,,,,,,,,,,,,,,,,,,,,34,,,,,,,,,,7,1,0,0,0,1,0,0,0,,,,,,,,
17092386,1,1,N,Y,43,,,16,107,,104,N,,,,,,,,,,,,,N,,,,,,,,,,,,,,,,,,,,,,0,,,,,,,,,,1,1,0,0,0,0,0,0,0,,,,,,,,
17092386,2,1,N,N,43,3VW567AJ8CM066492,2012,9,96,316,104,N,,1,2,6,2,6,2,2,12,N,ROCHAS TOWING SERVICE,ROCHAS TOWING SERVICE,N,,,,,,,,,,,,,,,,,,,,,,0,,,,,,,,,,1,1,0,0,0,3,0,0,0,,,,,,,,
17092386,3,1,N,N,43,5YFBURHE4EP097752,2014,2,91,173,104,N,78731,1,2,6,5,6,,,,Y,EZ AUTO AND TOWING SERVICE,EZ AUTO AND TOWING SERVICE,N,,,,,,,,,,,,,,,,,,,,,,0,,,,,,,,,,1,2,0,0,0,4,0,0,0,,,,,,,,
17092387,1,1,N,N,43,5TFRM5F1XJX127257,2018,9,91,687,30,N,78620,1,2,,,,,,,N,,,N,,,,,,,,,,,,,,,,,,,,,,0,,,,,,,,,,5,1,0,0,0,1,0,0,0,,,,,,,,
17092387,2,3,,,,,,,,,,,,,,,,,,,,,,,,,,,,,,,,,,,,,,,,,,,,,0,,,,,,,,,,9,1,0,0,1,0,0,1,0,,,,,,,,
17092388,1,1,N,N,43,1N4BU31D7VC211305,1997,21,71,500,104,N,78751,2,,29,0,,,,,N,EZ AUTO AND TOWING SERVICE,EZ AUTO AND TOWING SERVICE,N,,,,,,,,,,,,,,,,,,,,,,41,,,,,,,,,,1,1,0,0,0,2,0,0,0,,,,,,,,
17092389,1,1,N,N,43,1FMNU42F41EA20237,2001,16,37,695,69,Y,78758,1,1,6,3,6,4,3,12,N,DRIVEN FROM SCENE BY OWNER,DRIVEN FROM SCENE BY OWNER,N,,,,,,,,,,,,,,,,,,,,,,20,37,,,,,,,,,3,1,0,0,0,2,0,0,0,,,,,,,,
17092389,2,1,N,N,43,4A31K5DF4CE004745,2012,9,68,435,100,Y,78626,1,1,2,3,12,,,,N,FINGER TOWING SERVICE,FINGER TOWING SERVICE,N,,,,,,,,,,,,,,,,,,,,,,0,,,,,,,,,,7,1,0,0,1,1,0,1,0,,,,,,,,
17092390,1,1,N,N,43,1NXBR32E14Z251077,2004,11,91,173,104,N,76520,1,2,1,1,12,,,,N,,,N,,,,,,,,,,,,,,,,,,,,,,20,,,,,,,,,,7,1,0,0,0,1,0,0,0,,,,,,,,
17092390,2,1,N,N,43,1G11C5SL6FF327999,2015,17,107,56,104,N,78741,1,2,5,2,6,,,,N,,,N,,,,,,,,,,,,,,,,,,,,,,0,,,,,,,,,,7,1,0,2,0,1,0,2,0,,,,,,,,