Crash_ID,Unit_Nbr,Unit_Desc_ID,Veh_Parked_Fl,Veh_HNR_Fl,Veh_Lic_State_ID,VIN,Veh_Mod_Year,Veh_Color_ID,Veh_Make_ID,Veh_Mod_ID,Veh_Body_Styl_ID,Emer_Respndr_Fl,Ownr_Zip,Fin_Resp_Proof_ID,Fin_Resp_Type_ID,Veh_Dmag_Area_1_ID,Veh_Dmag_Scl_1_ID,Force_Dir_1_ID,Veh_Dmag_Area_2_ID,Veh_Dmag_Scl_2_ID,Force_Dir_2_ID,Veh_Inventoried_Fl,Veh_Transp_Name,Veh_Transp_Dest,Veh_Cmv_Fl,Cmv_Fiveton_Fl,Cmv_Hazmat_Fl,Cmv_Nine_Plus_Pass_Fl,Cmv_Veh_Oper_ID,Cmv_Carrier_ID_Type_ID,Cmv_Carrier_Zip,Cmv_Veh_Type_ID,Cmv_GVWR,Cmv_RGVW,Cmv_Hazmat_Rel_Fl,Hazmat_Cls_1_ID,Hazmat_IDNbr_1_ID,Hazmat_Cls_2_ID,Hazmat_IDNbr_2_ID,Cmv_Cargo_Body_ID,Cmv_Evnt1_ID,Cmv_Evnt2_ID,Cmv_Evnt3_ID,Cmv_Evnt4_ID,Cmv_Tot_Axle,Cmv_Tot_Tire,Contrib_Factr_1_ID,Contrib_Factr_2_ID,Contrib_Factr_3_ID,Contrib_Factr_P1_ID,Contrib_Factr_P2_ID,Veh_Dfct_1_ID,Veh_Dfct_2_ID,Veh_Dfct_3_ID,Veh_Dfct_P1_ID,Veh_Dfct_P2_ID,Veh_Trvl_Dir_ID,First_Harm_Evt_Inv_ID,Sus_Serious_Injry_Cnt,Nonincap_Injry_Cnt,Poss_Injry_Cnt,Non_Injry_Cnt,Unkn_Injry_Cnt,Tot_Injry_Cnt,Death_Cnt,Cmv_Disabling_Damage_Fl,Cmv_Bus_Type_ID,Trlr_GVWR,Trlr_RGVW,Trlr_Type_ID,Trlr_Disabling_Dmag_ID,Cmv_Intermodal_Container_Permit_Fl,CMV_Actual_Gross_Weight
17092473,1,1,N,N,43,2GCEC19T631207999,2003,21,107,2236,30,N,78745,1,2,18,5,3,,,,N,EZ AUTO AND TOWING SERVICE,EZ AUTO AND TOWING SERVICE,N,,,,,,,,,,,,,,,,,,,,,,22,,,,,,,,,,6,1,0,0,0,1,0,0,0,,,,,,,,
17092474,1,1,N,N,43,1GCPKSE76CF199356,2012,18,107,2236,30,N,77995,1,2,4,4,1,,,,,ROCHAS TOWING SERVICE,ROCHAS TOWING SERVICE,N,,,,,,,,,,,,,,,,,,,,,,20,,,,,,,,,,5,1,0,0,0,1,0,0,0,,,,,,,,
17092475,1,1,N,Y,,,,,,,69,N,,,,,,,,,,,,,N,,,,,,,,,,,,,,,,,,,,,,16,,,,,,,,,,1,1,0,0,0,0,1,0,0,,,,,,,,
17092475,2,1,N,N,43,1N4AL3APXFC152292,2015,2,71,500,104,N,78754,1,1,13,6,8,,,,N,PRONTO WRECKER SERVICE NORTH,PRONTO WRECKER SERVICE NORTH,N,,,,,,,,,,,,,,,,,,,,,,0,,,,,,,,,,7,1,0,0,0,1,0,0,0,,,,,,,,
17092476,1,1,N,N,43,3C4PDCBBXDT555761,2013,16,109,1166,104,N,78748,2,,2,4,10,,,,Y,ROCHAS TOWING SERVICE,ROCHAS TOWING SERVICE,N,,,,,,,,,,,,,,,,,,,,,,,,,35,,,,,,,3,1,0,0,1,1,0,1,0,,,,,,,,
17092476,2,1,N,Y,,,,21,91,,0,N,,,,,,,,,,,,,N,,,,,,,,,,,,,,,,,,,,,,0,,,,,,,,,,5,1,0,0,0,0,0,0,0,,,,,,,,
17092477,1,1,N,N,43,2G1WC581569245461,2006,17,107,53,104,N,78724,1,1,12,6,3,14,5,3,Y,620 LAKESIDE TOWING,620 LAKESIDE TOWING,N,,,,,,,,,,,,,,,,,,,,,,45,,,,,,,,,,7,1,0,0,0,0,1,0,0,,,,,,,,
17092478,1,1,N,N,43,5FNYF5H52GB005100,2016,17,44,761,104,N,78728,1,1,14,4,3,,,,Y,620 LAKESIDE TOWING,620 LAKESIDE TOWING,N,,,,,,,,,,,,,,,,,,,,,,0,,,,,,,,,,6,1,0,0,0,1,0,0,0,,,,,,,,
17092478,2,1,N,N,43,1HGCR3F81DA018364,2013,9,44,236,104,N,78613,1,1,2,3,12,,,,Y,FINGER TOWING SERVICE,FINGER TOWING SERVICE,N,,,,,,,,,,,,,,,,,,,,,,0,,,,,,,,,,2,1,0,0,1,0,0,1,0,,,,,,,,
17092479,1,1,N,N,43,1GNEC13T31R139469,2001,9,107,547,69,N,78702,1,1,2,2,12,,,,N,,,N,,,,,,,,,,,,,,,,,,,,,,20,,,34,,,,,,,2,1,0,0,0,1,0,0,0,,,,,,,,
17092479,2,1,N,N,43,5XXGM4A70DG163631,2013,17,55,715,104,N,78724,1,1,8,4,4,,,,N,,,N,,,,,,,,,,,,,,,,,,,,,,0,,,,,,,,,,4,1,0,0,0,1,0,0,0,,,,,,,,
17092480,1,1,N,Y,,,,2,55,1357,104,N,,2,,3,1,12,,,,N,,,N,,,,,,,,,,,,,,,,,,,,,,34,,,,,,,,,,7,1,0,0,0,0,2,0,0,,,,,,,,
17092480,2,1,N,N,43,1G1ZB5ST9HF235567,2017,3,107,56,104,N,78721,1,1,12,3,3,,,,N,SPECIAL AUTOMOTIVE SERVICE INC,SPECIAL AUTOMOTIVE SERVICE INC,N,,,,,,,,,,,,,,,,,,,,,,0,,,,,,,,,,1,1,0,0,1,0,0,1,0,,,,,,,,
17092481,1,1,N,N,43,1FTYR2CM1KKB07925,2019,21,37,2992,103,N,75261,1,7,12,3,3,,,,N,969 TOWING,969 TOWING,N,,,,,,,,,,,,,,,,,,,,,,40,,,,,,,,,,7,1,0,0,0,1,0,0,0,,,,,,,,
17092481,2,1,N,N,43,3FA6P0H75GR192779,2016,5,37,1097,104,N,78660,1,2,2,4,12,,,,,STARS TOWING,STARS TOWING,N,,,,,,,,,,,,,,,,,,,,,,0,,,,,,,,,,3,1,0,0,2,0,0,2,0,,,,,,,,
17092482,1,1,N,N,43,WBAVL1C50FVY35745,2015,2,14,2181,104,N,78757,1,2,2,4,12,,,,Y,FINGER TOWING SERVICE,907 MCPHAUL ST,N,,,,,,,,,,,,,,,,,,,,,,44,,,,,,,,,,1,1,0,0,0,2,0,0,0,,,,,,,,
17092482,2,1,N,N,43,1LNHM81W24Y638939,2004,10,113,114,104,N,78752,1,2,6,4,6,,,,Y,STARS TOWING,15500 CONNIE ST,N,,,,,,,,,,,,,,,,,,,,,,0,,,,,,,,,,1,1,0,1,0,0,0,1,0,,,,,,,,
17092485,1,1,N,N,43,2T1BU40E69C189899,2009,16,91,380,104,N,,1,2,1,4,12,,,,Y,A-TEX TOWING,AUS-TEX AUTO ENTERPRISES LLC,N,,,,,,,,,,,,,,,,,,,,,,67,,,61,,,,,,,4,1,0,1,0,0,0,1,0,,,,,,,,
17092486,1,1,N,N,43,4TAWN72N0XZ506040,1999,21,91,629,30,N,78660,1,1,11,2,10,,,,N,NOT TOWED,NOT TOWED,N,,,,,,,,,,,,,,,,,,,,,,15,,,48,,,,,,,4,1,0,0,0,1,0,0,0,,,,,,,,
17092486,2,1,N,N,43,WAUKMAF43HN055891,2017,2,8,2148,104,N,78744,1,1,2,3,2,,,,N,ROCHAS TOWING SERVICE,ROCHAS TOWING SERVICE,N,,,,,,,,,,,,,,,,,,,,,,0,,,,,,,,,,8,1,0,0,0,1,0,0,0,,,,,,,,
17092487,1,1,N,N,43,1GKFC13018R176814,2008,21,39,479,104,N,75104,1,2,2,1,12,,,,N,,,N,,,,,,,,,,,,,,,,,,,,,,0,,,,,,,,,,1,1,0,0,0,5,0,0,0,,,,,,,,
17092487,2,1,N,N,43,5TDXK3DC0GS737608,2016,9,91,648,104,N,76513,1,2,7,5,6,2,2,12,N,ATX-VIP TOWING SERVICES,ATX-VIP TOWING SERVICES,N,,,,,,,,,,,,,,,,,,,,,,0,,,,,,,,,,1,1,0,0,0,5,0,0,0,,,,,,,,
17092487,3,1,N,N,76,2GCEC19R8T1234254,1996,3,91,178,100,N,78744,2,,6,2,6,,,,N,,,N,,,,,,,,,,,,,,,,,,,,,,0,,,,,,,,,,1,2,0,0,0,1,0,0,0,,,,,,,,
17092488,1,1,N,N,43,1N4AL3AP6HN314393,2017,9,71,500,104,N,78701,1,1,2,1,12,,,,Y,EZ AUTO AND TOWING SERVICE,EZ AUTO AND TOWING SERVICE,N,,,,,,,,,,,,,,,,,,,,,,0,,,,,,,,,,11,1,0,0,0,1,0,0,0,,,,,,,,
17092489,1,1,N,N,43,1HGEJ6670WL041294,1998,10,44,256,104,N,78653,1,2,1,7,12,,,,Y,STARS TOWING,STARS TOWING,N,,,,,,,,,,,,,,,,,,,,,,0,,,,,,,,,,7,1,0,0,0,1,0,0,0,,,,,,,,
17092491,1,1,N,Y,43,3GCPCREC9JG534852,2018,17,107,658,30,N,78729,2,,7,1,6,,,,N,NOT,NOT,N,,,,,,,,,,,,,,,,,,,,,,,,,45,,,,,,,8,1,0,0,0,0,2,0,0,,,,,,,,
17092491,2,1,Y,N,43,1FTEX1CM2EFC92907,2014,17,37,2324,30,N,78642,1,2,5,1,6,,,,N,NOT,NOT,N,,,,,,,,,,,,,,,,,,,,,,0,,,,,,,,,,5,1,0,0,0,0,0,0,0,,,,,,,,
17092492,1,1,N,Y,,,,3,,,104,N,,,,,,,,,,,,,N,,,,,,,,,,,,,,,,,,,,,,0,,,,,,,,,,1,1,0,0,0,0,0,0,0,,,,,,,,
17092492,2,1,N,N,43,1N4BL4CV1KC143027,2019,2,71,500,104,N,74134,1,2,13,3,8,,,,N,EZ AUTO AND TOWING SERVICE,EZ AUTO AND TOWING SERVICE,N,,,,,,,,,,,,,,,,,,,,,,0,,,,,,,,,,1,1,0,0,0,1,0,0,0,,,,,,,,
17092493,1,1,N,N,43,1FTRX12W37NA55436,2007,21,37,2324,30,N,78758,1,1,2,5,1,15,4,9,Y,STARS TOWING,STARS TOWING,N,,,,,,,,,,,,,,,,,,,,,,67,,,,,,,,,,6,1,1,1,0,0,3,2,0,,,,,,,,
17092510,1,1,N,N,43,3GSDL63778S647315,2008,9,81,745,69,N,78752,1,1,10,1,3,,,,N,,,N,,,,,,,,,,,,,,,,,,,,,,33,,,,,,,,,,5,1,0,0,0,1,0,0,0,,,,,,,,
17092510,2,1,N,N,43,3FADP4EJ3CM128942,2012,21,37,229,104,N,79938,1,1,2,2,12,,,,N,ROCHAS TOWING SERVICE,ROCHAS TOWING SERVICE,N,,,,,,,,,,,,,,,,,,,,,,0,,,,,,,,,,1,1,0,0,0,1,0,0,0,,,,,,,,
17092511,1,1,N,N,43,2GCEC13C771709452,2007,16,107,2236,30,N,78753,1,1,4,1,1,,,,N,AUS-TEX AUTO ENTERPRISES LLC,AUS-TEX AUTO ENTERPRISES LLC,N,,,,,,,,,,,,,,,,,,,,,,0,,,,,,,,,,11,1,0,0,0,1,0,0,0,,,,,,,,
17092511,2,1,Y,N,43,3FA6P0H72DR203507,2013,9,37,1097,104,N,78758,2,,7,2,7,13,2,8,N,,,N,,,,,,,,,,,,,,,,,,,,,,0,,,,,,,,,,11,1,0,0,0,1,0,0,0,,,,,,,,
17092512,1,1,N,N,43,1GCDT13W61K246197,2001,21,107,2233,30,N,78719,1,2,8,5,4,,,,,AUS-TEX AUTO ENTERPRISES LLC,AUS-TEX AUTO ENTERPRISES LLC,N,,,,,,,,,,,,,,,,,,,,,,37,,,,,,,,,,3,1,0,0,1,0,0,1,0,,,,,,,,
17092512,2,1,N,N,43,4T1CE38P44U781150,2004,,91,686,100,N,78753,1,2,2,5,12,,,,,ARMADA TOWING,,N,,,,,,,,,,,,,,,,,,,,,,0,,,,,,,,,,7,1,0,0,0,1,0,0,0,,,,,,,,
17092513,1,1,N,N,43,2T3YFREV4FW182137,2015,9,91,581,69,N,78745,1,1,,,,,,,,EZ AUTO AND TOWING SERVICE,EZ AUTO AND TOWING SERVICE,N,,,,,,,,,,,,,,,,,,,,,,,,,47,,,,,,,1,1,0,1,0,0,0,1,0,,,,,,,,
17092514,1,1,N,N,43,2HNYD28417H520198,2007,2,1,705,69,N,78702,1,2,4,7,12,,,,N,ROCHAS TOWING SERVICE,ROCHAS TOWING SERVICE,N,,,,,,,,,,,,,,,,,,,,,,44,,,20,,,,,,,8,1,0,0,1,0,0,1,0,,,,,,,,
17092514,2,1,N,N,43,1G4PR5SK0H4112846,2017,21,105,2187,104,N,78721,1,2,7,7,6,4,3,11,N,STARS TOWING,STARS TOWING,N,,,,,,,,,,,,,,,,,,,,,,0,,,,,,,,,,8,1,0,0,1,0,0,1,0,,,,,,,,
17092514,3,1,N,N,43,3CZRM3H57EG702312,2014,5,44,605,69,N,78702,1,2,9,2,8,,,,N,,,N,,,,,,,,,,,,,,,,,,,,,,0,,,,,,,,,,8,2,0,0,0,1,0,0,0,,,,,,,,
17092515,1,1,N,N,43,1GCWGAFF9G1220636,2016,21,107,2849,103,N,77034,1,1,2,4,12,,,,N,AVILES & GABES WRECKER SERVICE INC.,LEIF JOHNSON FORD,N,,,,,,,,,,,,,,,,,,,,,,0,,,,,,,,,,5,1,0,0,0,1,0,0,0,,,,,,,,
17092515,2,1,N,N,43,1N6AD07U28C403082,2008,17,71,634,30,N,78634,1,1,6,3,6,,,,N,,,N,,,,,,,,,,,,,,,,,,,,,,0,,,,,,,,,,5,1,0,0,0,0,1,0,0,,,,,,,,
17092516,1,1,N,Y,43,1FTPW12525FB13495,2005,3,37,2324,30,N,78758,2,,4,6,11,2,1,12,,,,N,,,,,,,,,,,,,,,,,,,,,,60,,,,,,,,,,1,1,0,0,0,1,0,0,0,,,,,,,,
17092516,2,1,N,N,43,JN8AE2KP9F9123929,2015,18,71,501,103,N,78748,1,2,6,1,6,,,,,,,N,,,,,,,,,,,,,,,,,,,,,,0,,,,,,,,,,1,1,0,1,0,0,0,1,0,,,,,,,,
17092516,3,1,Y,N,43,1FADP3K22EL392763,2014,21,37,696,104,N,78750,1,2,7,5,7,,,,,,,N,,,,,,,,,,,,,,,,,,,,,,0,,,,,,,,,,3,2,0,0,0,0,0,0,0,,,,,,,,
17092517,1,1,N,N,43,JA4MT31X27Z001897,2007,17,68,775,104,N,78750,1,1,3,5,10,15,4,9,Y,EZ AUTO AND TOWING SERVICE,EZ AUTO AND TOWING SERVICE,N,,,,,,,,,,,,,,,,,,,,,,0,,,,,,,,,,1,1,0,0,1,0,0,1,0,,,,,,,,
17092517,2,1,N,N,43,1FTMF1CP6JKD80207,2018,3,37,2324,30,N,78754,1,1,2,4,12,,,,N,EZ AUTO AND TOWING SERVICE,EZ AUTO AND TOWING SERVICE,N,,,,,,,,,,,,,,,,,,,,,,0,,,,,,,,,,7,1,0,0,0,1,0,0,0,,,,,,,,
17092518,1,1,N,N,43,5TDZK23C78S191881,2008,3,91,648,103,N,78744,1,2,16,4,1,,,,N,,,N,,,,,,,,,,,,,,,,,,,,,,37,,,,,,,,,,5,1,0,0,0,1,0,0,0,,,,,,,,
17092518,2,1,N,N,43,1NXBR32E37Z893319,2007,1,91,173,104,N,78741,2,,4,5,12,,,,N,EZ AUTO AND TOWING SERVICE,EZ AUTO AND TOWING SERVICE,N,,,,,,,,,,,,,,,,,,,,,,0,,,,,,,,,,1,1,0,0,0,1,0,0,0,,,,,,,,
17092519,1,1,N,N,43,1FMCU03759KD13701,2009,16,37,711,104,N,78626,1,2,2,3,12,,,,N,ROCHAS TOWING SERVICE,ROCHAS TOWING SERVICE,N,,,,,,,,,,,,,,,,,,,,,,0,,,,,,,,,,1,1,0,0,0,1,0,0,0,,,,,,,,
17092519,2,1,N,N,43,2HGFB2F56DH300549,2013,9,44,256,104,N,77515,1,2,6,3,6,,,,N,SOUTHSIDE WRECKER INC,8200 S. CONGRESS AVE,N,,,,,,,,,,,,,,,,,,,,,,0,,,,,,,,,,1,1,0,0,1,1,0,1,0,,,,,,,,
17092519,3,1,N,N,43,WAUMF78PX6A168111,2006,16,8,892,104,N,78744,1,2,6,1,6,,,,N,,,N,,,,,,,,,,,,,,,,,,,,,,0,,,,,,,,,,1,2,0,0,0,1,0,0,0,,,,,,,,
17092520,1,1,N,N,43,1HGCT1B32DA008300,2013,3,44,236,100,N,,1,2,3,3,11,,,,N,,,N,,,,,,,,,,,,,,,,,,,,,,0,,,,,,,,,,1,1,0,0,1,0,0,1,0,,,,,,,,
17092520,2,1,N,N,43,5N1AL0MM2FC528859,2015,2,47,3579,104,N,78734,1,2,5,2,6,,,,N,,,N,,,,,,,,,,,,,,,,,,,,,,0,,,,,,,,,,1,1,0,0,0,1,0,0,0,,,,,,,,
17092521,1,1,N,N,43,1HGCR2F51EA297932,2014,2,44,236,104,N,78745,1,2,2,2,12,6,1,6,N,,,N,,,,,,,,,,,,,,,,,,,,,,44,,,,,,,,,,4,1,0,0,0,1,0,0,0,,,,,,,,
17092521,2,1,N,N,43,KNDMB5C15H6226475,2017,11,55,739,104,N,78729,1,2,6,6,1,2,5,2,N,SPECIAL AUTOMOTIVE SERVICE INC,SPECIAL AUTOMOTIVE SERVICE INC,N,,,,,,,,,,,,,,,,,,,,,,0,,,,,,,,,,4,1,0,0,0,4,0,0,0,,,,,,,,
17092521,3,1,N,N,43,1FMCU0HXXDUC73332,2013,21,37,711,69,N,78732,1,2,6,1,6,,,,N,,,N,,,,,,,,,,,,,,,,,,,,,,0,,,,,,,,,,4,2,0,0,0,1,0,0,0,,,,,,,,
17092521,4,1,N,N,43,19XFB2F59EE061557,2014,17,44,256,104,N,78749,1,2,2,1,1,,,,N,,,N,,,,,,,,,,,,,,,,,,,,,,0,,,,,,,,,,4,2,0,0,0,1,0,0,0,,,,,,,,
17092522,1,1,N,N,43,1FAFP42XXWF226145,1998,2,37,96,100,N,78741,1,1,1,1,1,,,,N,NOT TOWED,NOT TOWED,N,,,,,,,,,,,,,,,,,,,,,,20,,,,,,,,,,1,1,0,0,0,1,0,0,0,,,,,,,,
17092522,2,1,N,N,43,1HGCV1F19JA204281,2018,21,44,236,104,N,78714,1,1,6,1,1,,,,N,NOT TOWED,NOT TOWED,N,,,,,,,,,,,,,,,,,,,,,,0,,,,,,,,,,1,1,0,0,0,1,0,0,0,,,,,,,,
17092523,1,1,N,N,43,4T1BF3EK2BU231928,2011,2,91,380,104,N,76571,1,1,2,1,12,,,,N,DRIVEN BY OWNER,RESIDENCE,N,,,,,,,,,,,,,,,,,,,,,,20,,,,,,,,,,1,1,0,0,0,1,0,0,0,,,,,,,,
17092523,2,1,N,N,43,1C4RDHAG0JC186158,2018,17,109,635,69,N,78728,1,1,6,1,6,,,,,DRIVEN BY OWNER,RESIDENCE,N,,,,,,,,,,,,,,,,,,,,,,0,,,,,,,,,,1,1,0,0,1,1,0,1,0,,,,,,,,
17092524,1,1,N,N,43,JHLRD68592C004809,2002,17,44,605,104,N,78758,1,2,11,2,2,,,,N,EZ AUTO AND TOWING SERVICE,EZ AUTO AND TOWING SERVICE,N,,,,,,,,,,,,,,,,,,,,,,23,,,,,,,,,,11,1,0,0,0,1,0,0,0,,,,,,,,
17092524,2,1,N,N,43,1GC1KWE85FF630151,2015,5,107,658,30,N,78705,1,2,11,2,10,,,,N,,,N,,,,,,,,,,,,,,,,,,,,,,0,,,,,,,,,,11,1,0,0,0,1,0,0,0,,,,,,,,
17092525,1,1,N,N,43,JTEGW21A470016854,2007,2,91,721,104,N,78753,1,1,1,2,12,,,,N,ROCHAS TOWING SERVICE,ROCHAS TOWING SERVICE,N,,,,,,,,,,,,,,,,,,,,,,44,,,,,,,,,,1,1,0,0,0,1,0,0,0,,,,,,,,
17092525,2,1,N,N,43,2C4RDGBG6GR336430,2016,17,109,1115,103,N,21152,1,1,6,2,6,,,,N,DRIVER,DRIVER,N,,,,,,,,,,,,,,,,,,,,,,0,,,,,,,,,,1,1,0,0,0,1,0,0,0,,,,,,,,
17092526,1,1,N,N,43,JTDKTUD34CD510070,2012,10,91,1477,104,N,79761,1,2,2,1,12,,,,N,DRIVEN AWAY,DRIVEN AWAY,N,,,,,,,,,,,,,,,,,,,,,,44,,,,,,,,,,3,1,0,0,0,1,0,0,0,,,,,,,,
17092526,2,1,N,N,43,5FNYF28608B028576,2008,9,44,761,69,N,78617,1,2,6,1,6,,,,N,DRIVEN AWAY,DRIVEN AWAY,N,,,,,,,,,,,,,,,,,,,,,,0,,,,,,,,,,3,1,0,1,0,0,0,1,0,,,,,,,,
17093826,1,1,N,N,43,1C4HJWDG6DL560300,2013,10,429,1464,69,N,78641,1,2,6,1,6,,,,N,,,N,,,,,,,,,,,,,,,,,,,,,,0,,,,,,,,,,4,2,0,0,0,1,0,0,0,,,,,,,,
17093826,2,1,N,N,43,WMEEJ3BA6DK622236,2013,17,570,2001,100,N,77901,1,2,2,2,12,6,1,6,N,LAKESIDE TOWING,"2315 S BELL CEDAR PARK, TX 78613",N,,,,,,,,,,,,,,,,,,,,,,0,,,,,,,,,,4,1,0,1,0,0,0,1,0,,,,,,,,
17093826,3,1,N,N,43,1FTEW1EF8GKE99216,2016,2,37,2324,105,N,78752,4,,2,1,12,,,,N,,,N,,,,,,,,,,,,,,,,,,,,,,22,,,,,,,,,,4,1,0,0,0,1,0,0,0,,,,,,,,
17093956,1,1,N,N,43,WBADX7C53BE580330,2011,2,14,846,100,N,78738,1,2,12,3,2,,,,Y,SPECIAL AUTOMOTIVE SERVICE,5700 BURLESON RD AUSTIN TEXAS 78744,N,,,,,,,,,,,,,,,,,,,,,,37,,,,,,,,,,1,1,0,0,0,1,0,0,0,,,,,,,,
17093956,2,1,N,N,43,1GNEK13R3XJ335684,1999,3,107,547,69,N,,1,2,4,4,12,,,,Y,SPECIAL AUTOMOTIVE SERVICE,5700 BURLESON RD AUSTIN TEXAS,N,,,,,,,,,,,,,,,,,,,,,,0,,,,,,,,,,5,1,0,0,0,1,0,0,0,,,,,,,,
17094778,1,1,N,Y,43,1GCHK23DX6F149030,2006,21,107,658,30,N,78744,1,,1,1,12,,,,,FLED SCENE,,N,,,,,,,,,,,,,,,,,,,,,,22,,,,,6,,,,,2,1,0,0,0,0,1,0,0,,,,,,,,
17094778,2,1,N,N,43,WDDUG8CB1FA069250,2015,2,65,858,104,N,78701,1,2,5,2,6,,,,N,DRIVEN BY OWNER,,N,,,,,,,,,,,,,,,,,,,,,,0,,,,,,,,,,2,1,0,0,0,1,0,0,0,,,,,,,,
17096212,1,1,N,N,43,KNADM4A33E6396237,2014,16,55,716,104,N,78663,1,2,11,1,10,,,,N,,,N,,,,,,,,,,,,,,,,,,,,,,66,,,,,,,,,,7,1,0,0,0,1,0,0,0,,,,,,,,
17096212,2,1,N,N,43,3N1CE2CPXFL430457,2015,3,71,1452,104,N,78660,1,2,12,1,2,,,,N,,,N,,,,,,,,,,,,,,,,,,,,,,0,,,,,,,,,,7,1,0,0,0,1,0,0,0,,,,,,,,
17096422,1,1,N,N,43,1GNLCDECXKR240113,2019,12,107,2246,105,N,78752,4,,4,1,2,,,,N,,,N,,,,,,,,,,,,,,,,,,,,,,3,,,,,,,,,,3,1,0,0,0,1,0,0,0,,,,,,,,
17096422,2,1,Y,N,43,JM1NDAM7XK0302129,2019,16,63,2482,100,N,78726,1,1,9,1,10,,,,N,,,N,,,,,,,,,,,,,,,,,,,,,,0,,,,,,,,,,7,1,0,0,0,0,0,0,0,,,,,,,,
17096482,1,1,N,N,43,1N4AL3AP8DC211711,2013,17,71,500,104,N,78621,1,1,11,3,11,,,,N,SPECIAL AUTOMOTIVE SERVICE INC,SPECIAL AUTOMOTIVE SERVICE INC,N,,,,,,,,,,,,,,,,,,,,,,20,,,,,,,,,,3,1,0,0,0,1,0,0,0,,,,,,,,
17096482,2,1,N,N,43,1GCGSCE31F1176197,2015,10,107,979,30,N,78620,1,1,4,3,12,,,,N,,,N,,,,,,,,,,,,,,,,,,,,,,0,,,,,,,,,,7,1,0,0,0,1,0,0,0,,,,,,,,
17096514,1,1,N,N,43,WBALM7C5XBE383045,2011,3,14,756,104,N,78750,1,2,2,1,1,,,,N,,,N,,,,,,,,,,,,,,,,,,,,,,20,,,,,,,,,,5,1,0,0,0,1,0,0,0,,,,,,,,
17096514,2,3,,,,,,,,,,,,,,,,,,,,,,,,,,,,,,,,,,,,,,,,,,,,,0,,,,,,,,,,9,1,0,1,0,0,0,1,0,,,,,,,,
17096515,1,1,N,N,43,1FM5K7F88HGD40288,2017,21,37,554,104,N,76571,1,1,4,2,12,,,,N,SELF,HOME,N,,,,,,,,,,,,,,,,,,,,,,,,,74,,,,,,,7,1,0,0,0,1,0,0,0,,,,,,,,
17096515,2,1,N,N,43,1G6AR5SX2J0185657,2018,16,106,728,104,N,78722,1,1,7,1,6,,,,N,HOME,SELF,N,,,,,,,,,,,,,,,,,,,,,,0,,,,,,,,,,7,1,0,0,0,1,0,0,0,,,,,,,,
17096516,1,1,N,Y,43,2HGFB2F5XDH562302,2013,17,44,256,104,N,,2,,10,6,1,,,,Y,620 LAKESIDE TOWING,620 LAKESIDE TOWING,N,,,,,,,,,,,,,,,,,,,,,,60,,,,,,,,,,1,1,0,0,0,0,1,0,0,,,,,,,,
17096516,2,1,Y,N,43,3GNEC16Z43G196556,2003,17,107,249,104,N,78727,1,2,13,6,7,11,1,7,N,,,N,,,,,,,,,,,,,,,,,,,,,,0,,,,,,,,,,1,1,0,0,0,1,0,0,0,,,,,,,,
17096517,1,1,N,N,43,YV1MW682462161726,2006,21,98,185,104,N,78704,1,2,2,2,12,,,,N,,,N,,,,,,,,,,,,,,,,,,,,,,,,,20,22,,,,,,3,1,0,0,0,2,0,0,0,,,,,,,,
17096517,2,1,N,N,43,2T1BU4EE6BC724387,2011,9,91,173,104,N,78741,1,2,3,5,10,7,2,6,N,,,N,,,,,,,,,,,,,,,,,,,,,,0,,,,,,,,,,3,1,0,0,0,2,0,0,0,,,,,,,,
17096517,3,1,N,N,43,5NPEB4AC8EH855698,2014,9,45,462,104,N,78729,1,2,8,4,6,,,,N,,,N,,,,,,,,,,,,,,,,,,,,,,0,,,,,,,,,,3,2,0,0,0,1,0,0,0,,,,,,,,
17096519,1,1,N,N,43,KNAFU4A29C5644817,2012,17,55,1093,104,N,78640,2,,2,4,12,,,,Y,ATX-VIP TOWING SERVICES,ATX-VIP TOWING SERVICES,N,,,,,,,,,,,,,,,,,,,,,,0,,,,,,,,,,7,1,0,0,0,1,0,0,0,,,,,,,,
17096520,1,1,N,Y,,,,,,,92,N,,,,,,,,,,,,,N,,,,,,,,,,,,,,,,,,,,,,0,,,,,,,,,,1,1,0,0,0,0,0,0,0,,,,,,,,
17096520,2,3,,,,,,,,,,,,,,,,,,,,,,,,,,,,,,,,,,,,,,,,,,,,,0,,,,,,,,,,9,1,0,0,1,0,0,1,0,,,,,,,,
17096521,1,1,N,N,43,1FMYU02Z16KA47890,2006,10,37,711,69,N,78749,1,2,2,5,12,,,,Y,ROCHAS TOWING SERVICE,ROCHAS TOWING SERVICE,N,,,,,,,,,,,,,,,,,,,,,,20,,,,,,,,,,3,1,0,1,0,0,0,1,0,,,,,,,,
17096521,2,1,N,N,43,2G1WB57K591144517,2009,17,107,53,104,N,78754,1,2,10,4,3,,,,Y,ARMADA TOWING SOUTH,ARMADA TOWING SOUTH,N,,,,,,,,,,,,,,,,,,,,,,20,,,,,,,,,,5,1,0,0,1,0,0,1,0,,,,,,,,
17096521,3,1,N,N,43,JM3ER2B59C0414633,2012,11,63,1008,69,N,78744,1,2,3,3,11,,,,Y,HARPERS TOWING SERVICE INC,HARPERS TOWING SERVICE INC,N,,,,,,,,,,,,,,,,,,,,,,74,,,,,,,,,,1,2,0,0,1,0,0,1,0,,,,,,,,