Crash_ID,Unit_Nbr,Unit_Desc_ID,Veh_Parked_Fl,Veh_HNR_Fl,Veh_Lic_State_ID,VIN,Veh_Mod_Year,Veh_Color_ID,Veh_Make_ID,Veh_Mod_ID,Veh_Body_Styl_ID,Emer_Respndr_Fl,Ownr_Zip,Fin_Resp_Proof_ID,Fin_Resp_Type_ID,Veh_Dmag_Area_1_ID,Veh_Dmag_Scl_1_ID,Force_Dir_1_ID,Veh_Dmag_Area_2_ID,Veh_Dmag_Scl_2_ID,Force_Dir_2_ID,Veh_Inventoried_Fl,Veh_Transp_Name,Veh_Transp_Dest,Veh_Cmv_Fl,Cmv_Fiveton_Fl,Cmv_Hazmat_Fl,Cmv_Nine_Plus_Pass_Fl,Cmv_Veh_Oper_ID,Cmv_Carrier_ID_Type_ID,Cmv_Carrier_Zip,Cmv_Veh_Type_ID,Cmv_GVWR,Cmv_RGVW,Cmv_Hazmat_Rel_Fl,Hazmat_Cls_1_ID,Hazmat_IDNbr_1_ID,Hazmat_Cls_2_ID,Hazmat_IDNbr_2_ID,Cmv_Cargo_Body_ID,Cmv_Evnt1_ID,Cmv_Evnt2_ID,Cmv_Evnt3_ID,Cmv_Evnt4_ID,Cmv_Tot_Axle,Cmv_Tot_Tire,Contrib_Factr_1_ID,Contrib_Factr_2_ID,Contrib_Factr_3_ID,Contrib_Factr_P1_ID,Contrib_Factr_P2_ID,Veh_Dfct_1_ID,Veh_Dfct_2_ID,Veh_Dfct_3_ID,Veh_Dfct_P1_ID,Veh_Dfct_P2_ID,Veh_Trvl_Dir_ID,First_Harm_Evt_Inv_ID,Sus_Serious_Injry_Cnt,Nonincap_Injry_Cnt,Poss_Injry_Cnt,Non_Injry_Cnt,Unkn_Injry_Cnt,Tot_Injry_Cnt,Death_Cnt,Cmv_Disabling_Damage_Fl,Cmv_Bus_Type_ID,Trlr_GVWR,Trlr_RGVW,Trlr_Type_ID,Trlr_Disabling_Dmag_ID,Cmv_Intermodal_Container_Permit_Fl,CMV_Actual_Gross_Weight
17096523,1,1,N,N,43,1G3NL52F44C194239,2004,17,116,680,104,N,78616,1,1,,,,,,,,SELF,HOME,N,,,,,,,,,,,,,,,,,,,,,,20,,,,,,,,,,5,1,0,0,0,1,0,0,0,,,,,,,,
17096523,2,1,N,N,43,1G1ZE5SX7KF173930,2019,,107,53,104,N,,1,2,7,3,6,,,,N,SPECIAL AUTOMOTIVE SERVICE INC,10462 FM 812,N,,,,,,,,,,,,,,,,,,,,,,0,,,,,,,,,,5,1,0,0,0,0,1,0,0,,,,,,,,
17096524,1,1,N,N,43,1FTZX0723YKB49688,2000,2,37,2324,30,N,78753,1,1,3,3,11,,,,Y,AUS-TEX AUTO ENTERPRISES LLC,5526 1/2 W HWY 290,N,,,,,,,,,,,,,,,,,,,,,,4,,,,,,,,,,5,1,0,0,0,1,0,0,0,,,,,,,,
17096524,2,6,,,,,,,,,,,78753,,,,,,,,,,,,,,,,,,,,,,,,,,,,,,,,,,0,,,,,,,,,,9,2,0,0,0,1,0,0,0,,,,,,,,
17096524,3,1,N,Y,113,,,99,,,0,N,,,,,,,,,,N,,,N,,,,,,,,,,,,,,,,,,,,,,0,,,,,,,,,,5,1,0,0,0,0,1,0,0,,,,,,,,
17096526,1,1,N,N,43,3GCPCREC4JG348426,2018,16,107,658,30,N,78613,1,2,2,4,12,,,,N,620 LAKESIDE TOWING,620 LAKESIDE TOWING,N,,,,,,,,,,,,,,,,,,,,,,45,,,,,,,,,,1,1,0,0,0,1,0,0,0,,,,,,,,
17096526,2,1,N,N,43,1NXBR32E65Z393507,2005,17,91,173,104,N,78641,1,2,28,7,,,,,N,FINGER TOWING SERVICE,FINGER TOWING SERVICE,N,,,,,,,,,,,,,,,,,,,,,,0,,,,,,,,,,1,1,0,2,0,0,0,2,0,,,,,,,,
17096526,3,1,N,N,43,2HNYD28619H514096,2009,17,1,705,104,N,78645,1,2,6,3,6,2,1,12,N,,,N,,,,,,,,,,,,,,,,,,,,,,0,,,,,,,,,,1,2,0,0,2,3,0,2,0,,,,,,,,
17096526,4,1,N,N,43,5J6RM4H7XDL039889,2013,21,44,605,69,N,78613,1,2,6,1,6,,,,N,,,N,,,,,,,,,,,,,,,,,,,,,,0,,,,,,,,,,1,2,0,0,0,1,0,0,0,,,,,,,,
17096528,1,1,N,N,43,19XFA16549E040635,2009,2,44,256,104,N,78665,1,1,7,4,7,,,,N,620 LAKESIDE TOWING,620 LAKESIDE TOWING,N,,,,,,,,,,,,,,,,,,,,,,0,,,,,,,,,,6,1,0,1,0,1,0,1,0,,,,,,,,
17096528,2,1,N,Y,43,5NPEC4AB2BH263696,2011,16,45,462,104,N,78752,1,1,3,4,12,,,,N,,,N,,,,,,,,,,,,,,,,,,,,,,,,,16,,,,,,,8,1,0,0,0,1,0,0,0,,,,,,,,
17096529,1,1,N,N,43,3VWDB7AJ8HM248840,2017,9,96,316,104,N,78537,1,1,11,6,9,,,,Y,SOUTHSIDE WRECKER INC,8200 S. CONGRESS AVE,N,,,,,,,,,,,,,,,,,,,,,,0,,,,,,,,,,1,1,0,0,1,0,0,1,0,,,,,,,,
17096529,2,1,N,N,43,3FA6P0LU9JR138275,2018,2,37,1097,104,N,78703,1,1,4,6,12,,,,Y,SOUTHSIDE WRECKER INC,8200 S. CONGRESS AVE,N,,,,,,,,,,,,,,,,,,,,,,0,,,,,,,,,,3,1,0,0,0,5,0,0,0,,,,,,,,
17096531,1,1,N,N,43,JTKDE167680267774,2008,,91,4331,100,N,78227,1,2,2,4,12,,,,Y,SOUTHSIDE WRECKER INC,8200 S. CONGRESS AVE,N,,,,,,,,,,,,,,,,,,,,,,45,,,,,,,,,,7,1,0,0,0,1,0,0,0,,,,,,,,
17096531,2,1,Y,N,43,JTHBF30G920079479,2003,17,58,2437,104,N,78702,1,2,3,1,,,,,N,,,N,,,,,,,,,,,,,,,,,,,,,,0,,,,,,,,,,11,1,0,0,0,0,0,0,0,,,,,,,,
17096531,3,1,Y,N,43,JTEZU14R38K022533,2008,2,91,2565,104,N,78626,1,2,6,4,6,,,,Y,SOUTHSIDE WRECKER INC,8200 S. CONGRESS AVE,N,,,,,,,,,,,,,,,,,,,,,,0,,,,,,,,,,11,2,0,0,0,0,0,0,0,,,,,,,,
17096533,1,1,N,N,43,5TFUW5F18BX181078,2011,21,91,687,30,N,77612,2,,15,0,9,,,,,620 LAKESIDE TOWING,620 LAKESIDE TOWING,N,,,,,,,,,,,,,,,,,,,,,,68,,,,,,,,,,2,1,0,0,0,1,0,0,0,,,,,,,,
17096534,1,1,N,N,43,5TFDW5F18BX173322,2011,17,91,687,30,N,78726,1,2,2,3,12,,,,N,,,N,,,,,,,,,,,,,,,,,,,,,,44,,,,,,,,,,8,1,0,0,0,1,0,0,0,,,,,,,,
17096534,2,1,N,N,43,1FTNE24273HA48499,2003,21,37,101,103,N,78648,1,2,7,4,6,,,,N,,,N,,,,,,,,,,,,,,,,,,,,,,0,,,,,,,,,,8,1,0,1,0,0,0,1,0,,,,,,,,
17096535,1,1,N,N,43,1HGCM66535A019281,2005,21,44,236,104,N,78759,1,2,,,,,,,,ROCHAS TOWING SERVICE,3201 DUVALL RD,N,,,,,,,,,,,,,,,,,,,,,,4,,,,,,,,,,5,1,0,0,0,2,0,0,0,,,,,,,,
17096535,2,1,N,N,43,1FDXF47R18EB68586,2008,21,37,2327,30,N,78721,4,,,,,,,,,,,N,,,,,,,,,,,,,,,,,,,,,,0,,,,,,,,,,5,1,0,0,0,1,0,0,0,,,,,,,,
17096536,1,1,N,N,43,19XFA16809E023308,2009,5,44,256,104,N,76554,1,2,2,3,12,10,3,5,N,ROCHAS TOWING SERVICE,ROCHAS TOWING SERVICE,N,,,,,,,,,,,,,,,,,,,,,,35,,,,,,,,,,7,1,0,0,1,0,0,1,0,,,,,,,,
17096536,2,1,N,N,43,1N4AL21E08N455792,2008,10,71,500,104,N,78745,1,2,11,3,9,12,3,2,N,HARPERS TOWING SERVICE INC,HARPERS TOWING SERVICE INC,N,,,,,,,,,,,,,,,,,,,,,,0,,,,,,,,,,5,1,0,0,0,1,0,0,0,,,,,,,,
17096537,1,1,N,N,43,2GCEC19W1T1161976,1996,16,107,658,30,N,78724,1,1,2,4,12,,,,,SPECIAL AUTOMOTIVE SERVICE INC,SPECIAL AUTOMOTIVE SERVICE INC,N,,,,,,,,,,,,,,,,,,,,,,,,,22,,,,,,,2,1,0,0,0,1,0,0,0,,,,,,,,
17096537,2,1,N,N,43,5TEVL52N34Z421266,2004,21,91,629,30,N,78653,1,1,2,4,12,6,4,6,,ROCHAS TOWING SERVICE,ROCHAS TOWING SERVICE,N,,,,,,,,,,,,,,,,,,,,,,0,,,,,,,,,,2,1,0,0,0,1,0,0,0,,,,,,,,
17096537,3,1,N,N,43,5TFRM5F16BX034107,2011,2,91,687,30,N,78612,1,1,6,3,6,,,,,,,N,,,,,,,,,,,,,,,,,,,,,,0,,,,,,,,,,2,2,0,0,0,1,0,0,0,,,,,,,,
17096538,1,1,N,N,43,5TFEM5F15HX121973,2017,2,91,687,104,N,78613,1,1,3,7,11,,,,N,,,N,,,,,,,,,,,,,,,,,,,,,,0,,,,,,,,,,4,1,0,0,0,1,0,0,0,,,,,,,,
17096538,2,1,N,N,43,3C3CFFBR4FT733436,2015,2,35,2956,100,N,78753,1,1,8,5,5,,,,N,AVILES & GABES WRECKER SERVICE INC.,AVILES & GABES WRECKER SERVICE INC.,N,,,,,,,,,,,,,,,,,,,,,,0,,,,,,,,,,4,1,0,0,0,1,0,0,0,,,,,,,,
17096538,3,1,N,N,43,1FAHP3K27CL239360,2012,9,37,696,104,N,78660,1,1,14,6,5,,,,N,BULLET TOWING,BULLET TOWING,N,,,,,,,,,,,,,,,,,,,,,,0,,,,,,,,,,4,2,0,0,0,1,0,0,0,,,,,,,,
17096538,4,1,N,N,43,1NXBR32E87Z840356,2007,21,91,173,104,N,78744,1,1,7,2,6,,,,N,,,N,,,,,,,,,,,,,,,,,,,,,,0,,,,,,,,,,4,2,0,0,0,1,0,0,0,,,,,,,,
17096539,1,1,N,N,43,3TMKU72N05M001166,2005,21,91,629,30,N,78753,1,2,2,2,12,,,,N,,,N,,,,,,,,,,,,,,,,,,,,,,22,,,,,,,,,,7,1,0,0,0,1,0,0,0,,,,,,,,
17096539,2,1,N,N,43,3VWPG81K56M659459,2006,8,96,316,104,N,78664,1,2,6,3,6,,,,N,,,N,,,,,,,,,,,,,,,,,,,,,,0,,,,,,,,,,7,1,0,0,0,1,0,0,0,,,,,,,,
17096540,1,1,N,N,43,2T1CF28P82C596508,2002,18,91,686,104,N,78664,2,,3,3,11,,,,Y,A-TEX TOWING,ATX-VIP TOWING SERVICES,N,,,,,,,,,,,,,,,,,,,,,,65,,,20,,,,,,,6,1,0,0,0,1,0,0,0,,,,,,,,
17096540,2,1,N,N,43,5TDZA23C56S555294,2006,21,91,648,104,N,78753,1,2,3,3,11,,,,Y,ROCHAS TOWING SERVICE,ROCHAS TOWING SERVICE,N,,,,,,,,,,,,,,,,,,,,,,0,,,,,,,,,,8,1,0,0,0,2,0,0,0,,,,,,,,
17096541,1,1,N,N,43,1FMFU17LX4LA67449,2004,21,37,601,104,N,78758,1,2,3,2,11,,,,Y,,,N,,,,,,,,,,,,,,,,,,,,,,,,,20,78,,,,,,1,1,0,0,0,1,0,0,0,,,,,,,,
17096619,1,1,N,N,43,1HGCD5637TA126050,1996,9,44,236,104,N,78745,2,,2,4,12,,,,N,EZ AUTO AND TOWING SERVICE,7201 S CONGRESS AVE,N,,,,,,,,,,,,,,,,,,,,,,44,,,,,,,,,,5,1,0,0,0,1,0,0,0,,,,,,,,
17096619,2,1,N,N,43,KMHCN46C67U127549,2007,21,45,557,104,N,78741,1,1,8,2,6,,,,N,,,N,,,,,,,,,,,,,,,,,,,,,,0,,,,,,,,,,5,1,0,0,0,2,0,0,0,,,,,,,,
17096620,1,1,N,N,43,1G3NL52E44C206543,2004,16,116,680,104,N,78634,1,2,16,5,3,,,,N,EZ AUTO AND TOWING SERVICE,EZ AUTO AND TOWING SERVICE,N,,,,,,,,,,,,,,,,,,,,,,20,,,,,,,,12,,1,1,0,0,0,1,0,0,0,,,,,,,,
17096620,2,1,N,N,43,5N1AT2MT7GC750138,2016,17,71,1310,69,N,78752,2,,,,,,,,,N/A,N/A,N,,,,,,,,,,,,,,,,,,,,,,0,,,,,,,,,,1,1,0,0,3,0,0,3,0,,,,,,,,
17096621,1,1,N,N,43,KMHDU4AD5AU199177,2010,8,45,480,104,N,78753,2,,2,5,12,,,,Y,PRONTO WRECKER SERVICE NORTH,PRONTO WRECKER SERVICE NORTH,N,,,,,,,,,,,,,,,,,,,,,,22,,,,,,,,,,8,1,0,0,0,2,0,0,0,,,,,,,,
17096621,2,1,N,N,43,1GNEC13ZX2R169932,2002,2,107,547,69,N,78727,1,2,6,2,6,2,2,12,N,,,N,,,,,,,,,,,,,,,,,,,,,,0,,,,,,,,,,8,1,0,0,0,1,0,0,0,,,,,,,,
17096621,3,1,N,N,43,4M2YU56185DJ15184,2005,2,114,1198,69,N,78753,1,2,6,2,6,,,,N,,,N,,,,,,,,,,,,,,,,,,,,,,0,,,,,,,,,,8,2,0,0,0,1,0,0,0,,,,,,,,
17096622,1,1,N,N,43,1HGCR2F73EA245736,2014,3,44,236,104,N,75019,1,2,7,2,8,,,,N,LAMONT & SONS,LAMONT & SONS,N,,,,,,,,,,,,,,,,,,,,,,34,,,,,,,,,,7,1,0,0,0,2,0,0,0,,,,,,,,
17096622,2,1,N,Y,43,,,99,208,763,0,N,,,,,,,,,,,,,N,,,,,,,,,,,,,,,,,,,,,,0,,,,,,,,,,1,1,0,0,0,0,1,0,0,,,,,,,,
17096623,1,1,N,N,43,1HGCM56493A048878,2003,18,44,236,104,N,76542,1,1,2,4,12,,,,Y,EZ AUTO AND TOWING SERVICE,EZ AUTO AND TOWING SERVICE,N,,,,,,,,,,,,,,,,,,,,,,41,,,,,,,,,,3,1,0,0,1,0,0,1,0,,,,,,,,
17096624,1,1,N,N,43,1N4AL2AP3BN448697,2011,17,71,500,104,N,78753,1,2,11,2,10,,,,N,620 LAKESIDE TOWING,620 LAKESIDE TOWING,N,,,,,,,,,,,,,,,,,,,,,,34,,,,,,,,,,2,1,0,0,0,1,0,0,0,,,,,,,,
17096624,2,1,N,N,43,4T1BK36B56U136442,2006,2,91,563,104,N,78753,2,,2,3,12,,,,N,969 TOWING,10109 FM 969,N,,,,,,,,,,,,,,,,,,,,,,0,,,,,,,,,,4,1,0,0,2,0,0,2,0,,,,,,,,
17096625,1,1,N,N,43,1G11B5SA2DF282977,2013,21,107,56,104,N,78742,1,1,4,3,2,,,,N,SPECIAL AUTOMOTIVE SERVICE INC,SPECIAL AUTOMOTIVE SERVICE INC,N,,,,,,,,,,,,,,,,,,,,,,0,,,,,,,,,,7,1,0,0,0,1,0,0,0,,,,,,,,
17096625,2,1,Y,N,43,KNAFK4A64G5571368,2016,17,55,1093,104,N,78739,1,1,7,3,5,,,,N,HARPERS TOWING SERVICE INC,HARPERS TOWING SERVICE INC,N,,,,,,,,,,,,,,,,,,,,,,0,,,,,,,,,,7,1,0,0,0,1,0,0,0,,,,,,,,
17096626,1,1,N,N,43,1GNERGKW3KJ208982,2019,2,107,1414,69,N,78641,1,1,11,3,9,,,,,EZ AUTO AND TOWING SERVICE,EZ AUTO AND TOWING SERVICE,N,,,,,,,,,,,,,,,,,,,,,,34,,,,,,,,,,1,1,0,0,0,1,0,0,0,,,,,,,,
17096626,2,1,N,N,43,1ZVBP8CF1E5320776,2014,2,37,96,104,N,78757,1,1,2,3,12,,,,Y,LAMONT & SONS,LAMONT & SONS,N,,,,,,,,,,,,,,,,,,,,,,0,,,,,,,,,,3,1,0,1,0,0,0,1,0,,,,,,,,
17096627,1,1,N,N,30,3GNFK16ZX5G205089,2005,21,107,249,69,N,78723,1,1,4,5,1,,,,N,,,N,,,,,,,,,,,,,,,,,,,,,,19,20,,,,,,,,,2,1,0,0,0,1,0,0,0,,,,,,,,
17096627,2,1,N,N,43,JF2GPALC2GH285397,2016,2,85,2555,104,N,78728,1,1,3,5,11,,,,N,EZ AUTO AND TOWING SERVICE,EZ AUTO AND TOWING SERVICE,N,,,,,,,,,,,,,,,,,,,,,,0,,,,,,,,,,1,1,0,0,1,0,0,1,0,,,,,,,,
17096628,1,1,N,N,43,KL8CB6SA3GC565702,2016,16,107,2244,104,N,78727,1,2,2,4,11,,,,,PRONTO WRECKER SERVICE NORTH,PRONTO WRECKER SERVICE NORTH,N,,,,,,,,,,,,,,,,,,,,,,45,,,,,,,,,,7,1,0,0,0,1,0,0,0,,,,,,,,
17096628,2,1,N,N,43,19XFC2F51HE036508,2017,9,44,256,104,N,75253,1,2,7,3,5,,,,,ROCHAS TOWING SERVICE,ROCHAS TOWING SERVICE,N,,,,,,,,,,,,,,,,,,,,,,0,,,,,,,,,,3,1,0,0,0,3,0,0,0,,,,,,,,
17096629,1,1,N,N,43,1D7HA16P27J621874,2007,3,109,82,30,N,78704,3,2,2,1,12,,,,Y,SOUTHSIDE WRECKER INC,8200 S. CONGRESS AVE,N,,,,,,,,,,,,,,,,,,,,,,67,,,,,,,,,,11,1,0,0,0,1,0,0,0,,,,,,,,
17096629,2,1,N,N,43,4T1BK3DB5BU429335,2011,17,91,563,104,N,78747,2,,10,1,6,,,,N,,,N,,,,,,,,,,,,,,,,,,,,,,0,,,,,,,,,,11,1,0,0,0,1,0,0,0,,,,,,,,
17096630,1,1,N,N,43,1FTEW1C84AFC56460,2010,3,37,2324,30,N,78723,1,2,2,5,12,,,,,ARMADA TOWING,ARMADA TOWING,N,,,,,,,,,,,,,,,,,,,,,,15,,,,,,,,,,3,1,0,0,0,1,0,0,0,,,,,,,,
17096630,2,1,N,N,43,1C6RR6FG5KS529818,2020,16,109,2275,30,N,78269,1,2,15,5,9,,,,,AVILES & GABES WRECKER SERVICE INC.,AVILES & GABES WRECKER SERVICE INC.,N,,,,,,,,,,,,,,,,,,,,,,0,,,,,,,,,,1,1,0,1,0,0,0,1,0,,,,,,,,
17096631,1,1,N,N,5,5TESM92N51Z848046,2001,2,91,629,30,N,78729,1,2,13,5,7,,,,,,,N,,,,,,,,,,,,,,,,,,,,,,20,22,,,,8,,,,,5,1,0,0,0,1,0,0,0,,,,,,,,
17096631,2,1,N,N,43,1HGEJ6671WL033639,1998,17,44,256,104,N,78721,1,2,13,6,7,,,,,ROCHAS TOWING SERVICE,ROCHAS TOWING SERVICE,N,,,,,,,,,,,,,,,,,,,,,,0,,,,,,,,,,1,1,0,0,0,1,0,0,0,,,,,,,,
17096632,1,1,N,N,43,1D7RB1CT1AS190125,2010,17,109,2275,30,N,78702,2,2,2,2,10,,,,N,,,N,,,,,,,,,,,,,,,,,,,,,,34,,,,,,,,,,4,1,0,1,0,1,0,1,0,,,,,,,,
17096632,2,1,N,N,43,1N4BA41E28C837081,2008,17,71,297,104,N,78702,1,2,10,2,1,,,,Y,ROCHAS TOWING SERVICE,ROCHAS TOWING SERVICE,N,,,,,,,,,,,,,,,,,,,,,,0,,,,,,,,,,6,1,0,1,0,0,0,1,0,,,,,,,,
17096633,1,1,N,N,43,1N6AD0ER0GN734938,2016,21,71,634,30,N,78741,1,2,4,2,12,,,,N,,,N,,,,,,,,,,,,,,,,,,,,,,20,,,,,,,,,,1,1,0,0,0,1,0,0,0,,,,,,,,
17096633,2,1,N,N,43,2HKRL186XXH526971,1999,17,44,571,103,N,78744,1,2,7,2,6,,,,Y,ATX-VIP TOWING SERVICES,ATX-VIP TOWING SERVICES,N,,,,,,,,,,,,,,,,,,,,,,0,,,,,,,,,,1,1,0,1,0,0,0,1,0,,,,,,,,
17096634,1,1,N,N,43,KMHCU4AE9CU057857,2012,16,45,557,104,N,78758,1,1,8,3,5,,,,,,,N,,,,,,,,,,,,,,,,,,,,,,,,,20,,,,,,,7,1,0,0,0,0,1,0,0,,,,,,,,
17096634,2,1,N,N,43,1G1ZT62865F253096,2005,11,107,53,104,N,78704,1,1,2,3,12,,,,N,ROCHAS TOWING SERVICE,ROCHAS TOWING SERVICE,N,,,,,,,,,,,,,,,,,,,,,,0,,,,,,,,,,7,1,0,0,0,1,0,0,0,,,,,,,,
17096635,1,1,N,N,43,JHMCP267X8C002890,2008,9,44,236,104,N,78744,1,1,6,3,6,,,,,,,N,,,,,,,,,,,,,,,,,,,,,,0,,,,,,,,,,1,1,0,0,1,0,0,1,0,,,,,,,,
17096635,2,1,N,N,43,1FMEU6EE9AUA64593,2010,21,37,554,69,N,,1,2,1,2,12,,,,,,,N,,,,,,,,,,,,,,,,,,,,,,0,,,,,,,,,,1,1,0,0,1,0,0,1,0,,,,,,,,
17096636,1,1,N,N,43,2T2ZK1BA8FC194638,2015,8,58,429,104,N,78737,1,1,10,5,6,,,,Y,SPECIAL AUTOMOTIVE SERVICE INC,SPECIAL AUTOMOTIVE SERVICE INC,N,,,,,,,,,,,,,,,,,,,,,,37,,,,,,,,,,7,1,0,0,1,0,0,1,0,,,,,,,,
17096636,2,1,N,N,43,5N1AZ2MG8GN127715,2016,9,71,69,104,N,78737,1,1,2,5,12,,,,Y,EZ AUTO AND TOWING SERVICE,EZ AUTO AND TOWING SERVICE,N,,,,,,,,,,,,,,,,,,,,,,0,,,,,,,,,,3,1,0,0,1,0,0,1,0,,,,,,,,
17096637,1,1,N,Y,43,,,8,,,92,N,,,,,,,,,,,,,N,,,,,,,,,,,,,,,,,,,,,,74,,,66,20,,,,,,1,1,0,0,0,1,0,0,0,,,,,,,,
17096637,2,1,N,N,43,1G1BC5SMXJ7215769,2018,2,107,2209,104,N,78660,1,2,11,4,9,,,,Y,STARS TOWING,STARS TOWING,N,,,,,,,,,,,,,,,,,,,,,,0,,,,,,,,,,1,1,0,0,1,0,1,1,0,,,,,,,,
17096638,1,1,N,N,43,3GCEC23049G134507,2009,17,107,658,30,N,78653,1,2,2,4,12,,,,N,EZ AUTO AND TOWING SERVICE,EZ AUTO AND TOWING SERVICE,N,,,,,,,,,,,,,,,,,,,,,,0,,,,,,,,,,7,1,0,0,1,0,0,1,0,,,,,,,,
17096638,2,1,N,N,43,SHHFK7H28HU222574,2017,21,44,256,104,N,78640,1,2,16,4,3,,,,N,ROCHAS TOWING SERVICE,ROCHAS TOWING SERVICE,N,,,,,,,,,,,,,,,,,,,,,,0,,,,,,,,,,1,1,0,0,1,0,0,1,0,,,,,,,,
17096639,1,1,N,N,43,1HGCM66833A045516,2003,3,44,236,104,N,78621,1,2,1,1,12,,,,N,,,N,,,,,,,,,,,,,,,,,,,,,,22,,,,,,,,,,7,1,0,0,0,1,0,0,0,,,,,,,,
17096639,2,1,N,N,43,1HGCR2F53EA304704,2014,9,44,236,104,N,78758,1,2,5,1,6,,,,N,,,N,,,,,,,,,,,,,,,,,,,,,,0,,,,,,,,,,7,1,0,0,0,1,0,0,0,,,,,,,,
17096640,1,1,N,N,43,1FBNE31L6WHA86334,1998,21,37,600,103,N,,4,,6,2,6,,,,N,,,N,,,,,,,,,,,,,,,,,,,,,,0,,,,,,,,,,11,1,0,0,0,2,0,0,0,,,,,,,,
17096640,2,1,N,N,43,1FAHP2EW7BG172744,2011,11,37,376,104,N,78612,1,2,2,3,12,,,,,ROCHAS TOWING SERVICE,ROCHAS TOWING SERVICE,N,,,,,,,,,,,,,,,,,,,,,,0,,,,,,,,,,11,1,0,0,0,1,0,0,0,,,,,,,,
17096641,1,1,N,N,43,3GNFK16348G301333,2008,2,107,2203,69,N,78758,1,1,2,0,12,,,,N,,,N,,,,,,,,,,,,,,,,,,,,,,0,,,,,,,,12,,7,1,0,0,0,1,0,0,0,,,,,,,,
17096641,2,3,,,,,,,,,,,,,,,,,,,,,,,,,,,,,,,,,,,,,,,,,,,,,0,,,,,,,,,,9,1,0,1,0,0,0,1,0,,,,,,,,
17096642,1,1,N,N,43,4T1BF1FKXDU231102,2013,17,91,380,104,N,78640,2,,15,2,9,,,,N,,,N,,,,,,,,,,,,,,,,,,,,,,34,,,,,,,,,,4,1,0,0,0,2,0,0,0,,,,,,,,
17096642,2,1,N,N,43,JM1CR293690327883,2009,21,63,1211,103,N,78745,1,1,2,2,12,,,,N,A-TEX TOWING,5526 1/2 W HWY 290,N,,,,,,,,,,,,,,,,,,,,,,0,,,,,,,,,,6,1,0,1,0,0,0,1,0,,,,,,,,
17096643,1,1,N,N,43,1N6ED27Y13C470507,2003,17,71,634,30,N,78613,1,2,3,5,12,,,,N,STARS TOWING,"15500 CONNIE ST, AUSTIN, TX, 78728",N,,,,,,,,,,,,,,,,,,,,,,44,,,,,,,,,,1,1,0,0,0,1,0,0,0,,,,,,,,
17096643,2,1,N,N,43,1D7RW3GP2BS649130,2011,21,109,567,30,N,78660,1,2,8,3,6,,,,N,DRIVEN,RESIDENCE,N,,,,,,,,,,,,,,,,,,,,,,0,,,,,,,,,,1,1,0,0,0,1,0,0,0,,,,,,,,
17096685,1,1,N,N,43,4T1BF28B83U308115,2003,8,91,563,104,N,79707,1,2,1,4,12,,,,N,A & A WRECKER AND RCOVERY LLC,"9804 PARLIAMENT HOUSE RD # B, 78729",N,,,,,,,,,,,,,,,,,,,,,,22,,,,,,,,,,4,1,0,0,0,1,0,0,0,,,,,,,,
17096685,2,1,N,N,9,KNMAT2MT1HP601643,2017,9,71,1310,69,N,33169,1,2,5,2,6,1,2,12,N,,,N,,,,,,,,,,,,,,,,,,,,,,0,,,,,,,,,,4,1,0,0,2,0,0,2,0,,,,,,,,
17096687,1,1,N,N,43,KMHDH4AH8FU391479,2015,2,45,480,0,N,78704,1,1,1,4,12,,,,N,K & S TOWING,UNKNOWN,N,,,,,,,,,,,,,,,,,,,,,,0,,,,,,,,,,11,1,0,0,0,1,0,0,0,,,,,,,,
17096687,2,1,N,N,43,3C6JR6AT7EG177287,2014,21,109,2275,0,N,78613,1,1,5,1,6,,,,,,,N,,,,,,,,,,,,,,,,,,,,,,0,,,,,,,,,,11,1,0,0,0,1,0,0,0,,,,,,,,
17096688,1,1,N,N,43,JA32W5FVXEU014929,2014,21,68,744,104,N,78758,1,2,2,3,12,,,,N,ROCHAS TOWING SERVICE,ROCHAS TOWING SERVICE,N,,,,,,,,,,,,,,,,,,,,,,,,,20,,,,,,,7,1,0,0,0,1,0,0,0,,,,,,,,
17096688,2,1,N,N,43,1G4HP54K1Y4111535,2000,1,105,29,104,N,78753,1,2,13,2,9,,,,N,HARPERS TOWING SERVICE INC,HARPERS TOWING SERVICE INC,N,,,,,,,,,,,,,,,,,,,,,,0,,,,,,,,,,5,1,0,0,0,1,0,0,0,,,,,,,,
17096689,1,1,N,N,43,1HGCG22581A018790,2001,,44,236,104,N,78759,1,1,2,3,12,,,,N,620 LAKESIDE TOWING,620 LAKESIDE TOWING,N,,,,,,,,,,,,,,,,,,,,,,44,,,,,,,,,,1,1,0,1,0,0,0,1,0,,,,,,,,
17096689,2,1,N,N,43,JTMRK4DV7B5098724,2011,,91,581,104,N,78750,1,1,6,3,,,,,N,,,N,,,,,,,,,,,,,,,,,,,,,,0,,,,,,,,,,1,1,0,0,0,1,0,0,0,,,,,,,,
17096690,1,1,N,N,43,1FAHP25157G140533,2007,2,37,1084,104,N,78723,2,,4,1,1,,,,N,,,N,,,,,,,,,,,,,,,,,,,,,,67,,,,,,,,,,7,1,0,0,0,3,0,0,0,,,,,,,,
17096690,2,1,N,N,43,WDBWK54F39F209385,2009,2,65,678,100,N,78704,1,1,3,1,11,,,,N,,,N,,,,,,,,,,,,,,,,,,,,,,0,,,,,,,,,,7,1,0,0,0,2,0,0,0,,,,,,,,