Crash_ID,Unit_Nbr,Unit_Desc_ID,Veh_Parked_Fl,Veh_HNR_Fl,Veh_Lic_State_ID,VIN,Veh_Mod_Year,Veh_Color_ID,Veh_Make_ID,Veh_Mod_ID,Veh_Body_Styl_ID,Emer_Respndr_Fl,Ownr_Zip,Fin_Resp_Proof_ID,Fin_Resp_Type_ID,Veh_Dmag_Area_1_ID,Veh_Dmag_Scl_1_ID,Force_Dir_1_ID,Veh_Dmag_Area_2_ID,Veh_Dmag_Scl_2_ID,Force_Dir_2_ID,Veh_Inventoried_Fl,Veh_Transp_Name,Veh_Transp_Dest,Veh_Cmv_Fl,Cmv_Fiveton_Fl,Cmv_Hazmat_Fl,Cmv_Nine_Plus_Pass_Fl,Cmv_Veh_Oper_ID,Cmv_Carrier_ID_Type_ID,Cmv_Carrier_Zip,Cmv_Veh_Type_ID,Cmv_GVWR,Cmv_RGVW,Cmv_Hazmat_Rel_Fl,Hazmat_Cls_1_ID,Hazmat_IDNbr_1_ID,Hazmat_Cls_2_ID,Hazmat_IDNbr_2_ID,Cmv_Cargo_Body_ID,Cmv_Evnt1_ID,Cmv_Evnt2_ID,Cmv_Evnt3_ID,Cmv_Evnt4_ID,Cmv_Tot_Axle,Cmv_Tot_Tire,Contrib_Factr_1_ID,Contrib_Factr_2_ID,Contrib_Factr_3_ID,Contrib_Factr_P1_ID,Contrib_Factr_P2_ID,Veh_Dfct_1_ID,Veh_Dfct_2_ID,Veh_Dfct_3_ID,Veh_Dfct_P1_ID,Veh_Dfct_P2_ID,Veh_Trvl_Dir_ID,First_Harm_Evt_Inv_ID,Sus_Serious_Injry_Cnt,Nonincap_Injry_Cnt,Poss_Injry_Cnt,Non_Injry_Cnt,Unkn_Injry_Cnt,Tot_Injry_Cnt,Death_Cnt,Cmv_Disabling_Damage_Fl,Cmv_Bus_Type_ID,Trlr_GVWR,Trlr_RGVW,Trlr_Type_ID,Trlr_Disabling_Dmag_ID,Cmv_Intermodal_Container_Permit_Fl,CMV_Actual_Gross_Weight
17096691,1,1,N,Y,113,,,17,37,1097,104,N,,,,,,,,,,,,,N,,,,,,,,,,,,,,,,,,,,,,24,,,67,,,,,,,2,1,0,0,0,0,1,0,0,,,,,,,,
17096691,2,1,N,N,36,1N4AL3APXJC207199,2018,17,71,500,104,N,74134,2,,11,2,11,4,1,1,N,HARPERS TOWING SERVICE INC,HARPERS TOWING SERVICE INC,N,,,,,,,,,,,,,,,,,,,,,,0,,,,,,,,,,6,1,0,0,0,2,0,0,0,,,,,,,,
17096691,3,1,Y,N,43,JHMGE8H36DC058369,2013,9,44,1083,104,N,78744,1,1,7,2,7,,,,N,,,N,,,,,,,,,,,,,,,,,,,,,,0,,,,,,,,,,6,2,0,0,0,0,0,0,0,,,,,,,,
17096691,4,1,Y,N,43,2G1WX15K619227070,2001,17,107,57,100,N,78613,,,,,,,,,N,,,N,,,,,,,,,,,,,,,,,,,,,,0,,,,,,,,,,2,2,0,0,0,0,0,0,0,,,,,,,,
17096692,1,1,N,N,43,JM3KE2BE1D0166720,2013,3,63,2471,104,N,78705,1,2,2,2,12,,,,N,,,N,,,,,,,,,,,,,,,,,,,,,,44,,,,,,,,,,5,1,0,0,0,1,0,0,0,,,,,,,,
17096692,2,1,N,N,43,1N4AL2AP7BC160936,2011,9,71,500,104,N,78641,1,2,6,4,6,1,1,12,N,SPECIAL AUTOMOTIVE SERVICE INC,SPECIAL AUTOMOTIVE SERVICE INC,N,,,,,,,,,,,,,,,,,,,,,,0,,,,,,,,,,5,1,0,0,0,1,0,0,0,,,,,,,,
17096692,3,1,N,N,43,1NXBU40E69Z085105,2009,3,91,173,104,N,75050,1,2,5,1,6,,,,N,,,N,,,,,,,,,,,,,,,,,,,,,,0,,,,,,,,,,5,2,0,0,0,1,0,0,0,,,,,,,,
17096693,1,1,N,Y,43,,,18,91,380,104,N,,,,,,,,,,,,,N,,,,,,,,,,,,,,,,,,,,,,4,,,,,,,,,,8,1,0,0,0,0,1,0,0,,,,,,,,
17096693,2,1,N,N,43,JF2GTALC6JH207577,2018,13,85,2555,69,N,78660,1,2,10,1,3,,,,N,,,N,,,,,,,,,,,,,,,,,,,,,,0,,,,,,,,,,8,1,0,1,0,0,0,1,0,,,,,,,,
17096694,1,1,N,N,43,1HGCF86692A114888,2002,17,44,236,104,N,78741,2,,2,4,12,,,,N,,,N,,,,,,,,,,,,,,,,,,,,,,16,,,20,,,,,,,1,1,0,0,0,1,0,0,0,,,,,,,,
17096694,2,1,N,N,43,3C6MR4AL6GG155687,2016,21,710,2522,30,N,78702,1,1,15,3,9,,,,N,,,N,,,,,,,,,,,,,,,,,,,,,,0,,,,,,,,,,7,1,0,1,0,0,0,1,0,,,,,,,,
17096695,1,1,N,N,43,1D7HA18D25J565077,2005,2,109,2275,106,N,78729,1,2,8,2,7,,,,N,,,N,,,,,,,,,,,,,,,,,,,,,,3,,,,,,,,,,6,1,0,0,0,1,0,0,0,,,,,,,,
17096695,2,1,Y,N,43,5TDKKRFHXES019762,2014,9,91,721,69,N,78759,1,2,4,1,2,,,,N,,,N,,,,,,,,,,,,,,,,,,,,,,0,,,,,,,,,,1,1,0,0,0,0,0,0,0,,,,,,,,
17096695,3,1,Y,N,43,WAUDF78E67A170924,2007,3,8,2148,104,N,78759,1,2,15,1,9,,,,N,,,N,,,,,,,,,,,,,,,,,,,,,,0,,,,,,,,,,5,2,0,0,0,0,0,0,0,,,,,,,,
17096696,1,1,N,N,43,JTDKN3DU2D5632449,2013,2,91,702,104,N,78732,1,2,2,5,12,,,,N,HARPERS TOWING SERVICE INC,HARPERS TOWING SERVICE INC,N,,,,,,,,,,,,,,,,,,,,,,15,,,20,,,,,,,7,1,0,0,0,2,0,0,0,,,,,,,,
17096696,2,1,N,N,43,1FM5K7F86GGB64517,2016,17,37,554,104,N,78750,1,2,13,5,11,,,,N,620 LAKESIDE TOWING,620 LAKESIDE TOWING,N,,,,,,,,,,,,,,,,,,,,,,0,,,,,,,,,,5,1,0,1,0,0,0,1,0,,,,,,,,
17096697,1,1,N,Y,,,,,,,104,N,,,,,,,,,,,,,N,,,,,,,,,,,,,,,,,,,,,,44,,,,,,,,,,8,1,0,0,0,0,1,0,0,,,,,,,,
17096697,2,3,,,,,,,,,,,,,,,,,,,,,,,,,,,,,,,,,,,,,,,,,,,,,20,,,,,,,,,,9,1,0,1,0,0,0,1,0,,,,,,,,
17096698,1,1,N,N,43,3GNAL2EK8ES549812,2014,3,107,2208,69,N,78747,2,,2,5,12,12,4,2,Y,SOUTHSIDE WRECKER INC,8200 S. CONGRESS AVE,N,,,,,,,,,,,,,,,,,,,,,,45,60,,,,,,,,,3,1,1,0,0,0,1,1,0,,,,,,,,
17096699,1,1,N,N,43,1D8HD38P49F706443,2009,,109,2269,69,N,78640,2,,2,4,12,,,,N,ROCHAS,ROCHAS,N,,,,,,,,,,,,,,,,,,,,,,74,,,,,,,,,,5,1,0,0,0,2,0,0,0,,,,,,,,
17096700,1,1,N,N,43,1N4AL3AP0HC253084,2017,2,71,500,104,N,78758,1,2,3,2,12,4,1,1,Y,SOUTHSIDE WRECKER INC,8200 S. CONGRESS AVE,N,,,,,,,,,,,,,,,,,,,,,,22,,,41,,,,,,,7,1,0,0,0,1,0,0,0,,,,,,,,
17096703,1,1,N,N,43,JM1BK123441132369,2004,9,63,272,104,N,76060,1,1,1,4,12,,,,N,AVILES & GABES WRECKER SERVICE INC.,AVILES & GABES WRECKER SERVICE INC.,N,,,,,,,,,,,,,,,,,,,,,,74,,,,,,,,,,2,1,0,0,0,1,0,0,0,,,,,,,,
17096707,1,1,N,N,43,SAJWA51A07WJ25018,2007,9,51,1476,104,N,78664,1,1,3,1,11,,,,Y,FINGER TOWING SERVICE,FINGER TOWING SERVICE,N,,,,,,,,,,,,,,,,,,,,,,0,,,,,,,,,,2,1,0,0,0,1,0,0,0,,,,,,,,
17096709,1,1,N,N,43,1YVHP80C755M10841,2005,17,63,3917,104,N,,1,1,1,2,12,,,,,SOUTHSIDE WRECKER INC,8200 S. CONGRESS AVE,N,,,,,,,,,,,,,,,,,,,,,,22,,,,,,,,,,3,1,0,0,0,2,0,0,0,,,,,,,,
17096710,1,1,N,N,22,1FUJGLDR0CLBJ7604,2012,21,38,3001,87,N,48126,1,2,2,2,6,,,,N,AUS-TEX AUTO ENTERPRISES LLC,300 FARLEY,Y,Y,N,N,2,2,48126,9,80000,0,N,,,,,3,13,13,,,,,29,20,,,,,,,,,5,1,0,0,0,1,0,0,0,Y,0,,,,,N,
17096710,2,6,,,,,,,,,,,48126,,,,,,,,,,,,,,,,,,,,,,,,,,,,,,,,,,0,,,,,,,,,,9,2,0,0,0,0,0,0,0,,,62000,0,1,N,,
17096710,3,1,N,N,43,5TFNX4CN6DX028320,2013,2,91,629,30,N,78613,1,2,6,3,6,,,,N,,,N,,,,,,,,,,,,,,,,,,,,,,0,,,,,,,,,,5,1,0,0,1,0,0,1,0,,,,,,,,
17096710,4,1,N,N,43,3C6UR5NL1FG632377,2015,2,109,2276,30,N,78628,1,2,6,3,6,,,,N,,,N,,,,,,,,,,,,,,,,,,,,,,0,,,,,,,,,,5,2,0,0,0,1,0,0,0,,,,,,,,
17096711,1,1,N,N,44,4F2CZ49H28KM30583,2008,9,63,719,104,N,84106,1,2,12,6,2,13,5,8,N,ROCHAS TOWING SERVICE,ROCHAS TOWING SERVICE,N,,,,,,,,,,,,,,,,,,,,,,23,,,22,74,,,,,,3,1,0,2,0,0,0,2,0,,,,,,,,
17096711,2,1,N,N,43,5PVNE8JT2D4S55228,2013,21,43,1528,106,N,32114,1,2,11,3,10,,,,N,SOUTHSIDE WRECKER INC,8200 S. CONGRESS AVE,N,,,,,,,,,,,,,,,,,,,,,,0,,,,,,,,,,7,1,0,0,0,2,0,0,0,,,,,,,,
17096711,3,1,N,N,43,5FNRL6H75JB099582,2018,9,44,571,103,N,78612,1,2,11,4,10,12,3,2,N,SPECIAL AUTOMOTIVE SERVICE INC,SPECIAL AUTOMOTIVE SERVICE INC,N,,,,,,,,,,,,,,,,,,,,,,0,,,,,,,,,,7,2,0,0,1,0,0,1,0,,,,,,,,
17096711,4,1,N,N,43,3C6UR5MLXJG409460,2018,21,710,4101,30,N,78634,1,2,9,2,9,,,,N,,,N,,,,,,,,,,,,,,,,,,,,,,0,,,,,,,,,,7,2,0,0,0,1,0,0,0,,,,,,,,
17096712,1,1,N,N,43,1D7RB1GP3BS520247,2011,16,710,2522,30,N,78641,1,2,2,4,12,,,,N,SPECIAL AUTOMOTIVE SERVICE INC,SPECIAL AUTOMOTIVE SERVICE INC,N,,,,,,,,,,,,,,,,,,,,,,0,,,,,,,,,,1,1,0,0,1,1,0,1,0,,,,,,,,
17096712,2,1,N,N,43,JTMZK33V295024455,2009,17,91,581,100,N,78748,1,2,6,3,6,,,,N,A-TEX TOWING,ATX-VIP TOWING SERVICES,N,,,,,,,,,,,,,,,,,,,,,,0,,,,,,,,,,1,1,0,0,0,1,0,0,0,,,,,,,,
17096713,1,1,N,Y,,,,,,,104,N,,,,,,,,,,,,,N,,,,,,,,,,,,,,,,,,,,,,4,22,,,,,,,,,5,1,0,0,0,0,1,0,0,,,,,,,,
17096713,2,1,N,Y,43,3N1AB7AP5FL653165,2015,21,71,341,104,N,,1,2,3,3,10,,,,N,,,N,,,,,,,,,,,,,,,,,,,,,,0,,,,,,,,,,5,1,0,1,0,0,0,1,0,,,,,,,,
17096714,1,1,N,N,43,JTDKN3DU6F0394881,2015,21,91,702,104,N,78726,1,2,4,5,12,,,,N,,,N,,,,,,,,,,,,,,,,,,,,,,37,,,,,,,,,,1,1,0,0,0,1,0,0,0,,,,,,,,
17096714,2,1,N,N,2,5XYZTDLB3JG567611,2018,9,45,3564,104,N,72206,1,2,17,5,9,,,,N,ATX-VIP TOWING SERVICES,ATX-VIP TOWING SERVICES,N,,,,,,,,,,,,,,,,,,,,,,0,,,,,,,,,,3,1,0,1,0,0,0,1,0,,,,,,,,
17096773,1,1,N,N,43,JN8AS5MT1FW667637,2015,2,71,1310,69,N,78744,1,2,3,3,11,,,,N,K&S TOWING,BODY SHOP,N,,,,,,,,,,,,,,,,,,,,,,22,20,,,,,,,,,1,1,0,0,0,1,0,0,0,,,,,,,,
17096773,2,1,N,N,43,1GCGTCE32F1215960,2015,17,107,979,30,N,78642,1,2,8,1,5,,,,,DRIVER,DRIVEN AWAY,N,,,,,,,,,,,,,,,,,,,,,,0,,,,,,,,,,1,1,0,0,0,1,0,0,0,,,,,,,,
17096889,1,1,N,N,43,JTEZU14R78K013446,2008,2,91,395,104,N,78724,2,,2,7,12,9,2,10,N,SOUTHSIDE WRECKER INC,5526 1/2 W HWY 290,N,,,,,,,,,,,,,,,,,,,,,,67,,,73,,,,,,,6,1,0,0,1,1,0,1,0,,,,,,,,
17096889,2,1,Y,N,43,1C3CDFBB0GD565438,2018,21,109,78,104,N,78745,4,,13,4,7,,,,N,,,N,,,,,,,,,,,,,,,,,,,,,,0,,,,,,,,,,6,2,0,0,0,0,0,0,0,,,,,,,,
17096889,3,1,N,N,50,1G1Z95ST1JF206677,2018,17,107,56,104,N,,4,,16,1,4,,,,N,,,N,,,,,,,,,,,,,,,,,,,,,,0,,,,,,,,,,6,2,0,0,0,2,0,0,0,,,,,,,,
17096889,4,1,Y,N,33,1G4HR52K0VH527304,1997,1,105,29,104,N,28604,2,,14,2,3,,,,N,,,N,,,,,,,,,,,,,,,,,,,,,,0,,,,,,,,,,6,2,0,0,0,0,0,0,0,,,,,,,,
17098389,1,1,N,N,43,1C3EL46J45N598628,2008,21,23,1515,30,N,,1,3,,,,,,,,,,N,,,,,,,,,,,,,,,,,,,,,,23,,,,,,,,,,11,1,0,0,0,0,0,0,0,,,,,,,,
17098389,2,1,Y,N,43,5TEJN32112S329330,2002,21,91,687,30,N,,2,,7,2,7,,,,N,,,N,,,,,,,,,,,,,,,,,,,,,,0,,,,,,,,,,11,1,0,0,0,0,0,0,0,,,,,,,,
17098390,1,1,N,N,43,1FTZX072XYKB19961,2000,16,37,2324,30,N,78752,1,2,2,0,12,,,,N,NOT TOWED,,N,,,,,,,,,,,,,,,,,,,,,,,,,36,,,,,,,5,1,0,0,0,1,0,0,0,,,,,,,,
17098390,2,4,,,,,,,,,,,,,,,,,,,,,,,,,,,,,,,,,,,,,,,,,,,,,0,,,,,,,,,,9,1,0,1,0,0,0,1,0,,,,,,,,
17098810,1,1,N,N,43,JF2SKAWC5KH449206,2019,2,85,646,104,N,78750,1,2,10,4,2,,,,N,620 LAKESIDE TOWING,620 LAKESIDE TOWING,N,,,,,,,,,,,,,,,,,,,,,,36,,,,,,,,,,6,1,0,0,0,1,0,0,0,,,,,,,,
17098810,2,1,N,N,43,3C6TRVAG9KE516502,2019,21,710,4100,103,N,74134,2,,3,3,11,3,2,11,N,EZ AUTO AND TOWING SERVICE,EZ AUTO AND TOWING SERVICE,N,,,,,,,,,,,,,,,,,,,,,,0,,,,,,,,,,2,1,0,0,1,1,0,1,0,,,,,,,,
17098810,3,1,N,N,43,2HKRW5H35JH423064,2018,2,44,605,104,N,78729,1,2,11,2,,,,,N,,,N,,,,,,,,,,,,,,,,,,,,,,0,,,,,,,,,,8,2,0,0,0,1,0,0,0,,,,,,,,
17098886,1,1,N,N,43,1FTPX14546FA14303,2006,,37,2324,30,N,78745,1,1,11,1,12,,,,N,,,N,,,,,,,,,,,,,,,,,,,,,,0,,,,,,,,,,7,1,0,0,0,1,0,0,0,,,,,,,,
17098886,2,1,N,N,43,5GAER23748J307288,2008,,105,1041,69,N,78745,1,1,16,0,2,,,,N,SOUTHSIDE WRECKER INC,8200 S. CONGRESS AVE,N,,,,,,,,,,,,,,,,,,,,,,0,,,,,,,,,,1,1,0,1,0,0,0,1,0,,,,,,,,
17098891,1,1,N,N,5,VNKKTUD36HA085600,2017,21,91,1477,104,N,33928,1,7,2,4,12,11,3,11,Y,SOUTHSIDE WRECKER INC,,N,,,,,,,,,,,,,,,,,,,,,,4,29,,,,,,,,,7,1,0,0,0,1,0,0,0,,,,,,,,
17098891,2,1,N,N,43,1C4NJRFB0ED809675,2014,2,429,1273,69,N,77302,1,1,12,4,3,,,,N,,,N,,,,,,,,,,,,,,,,,,,,,,0,,,,,,,,,,7,1,0,0,0,1,0,0,0,,,,,,,,
17098891,3,1,N,N,43,5UXKR0C50G0P33020,2016,9,14,689,69,N,78746,1,1,6,3,6,,,,N,,,N,,,,,,,,,,,,,,,,,,,,,,0,,,,,,,,,,7,2,0,0,0,1,0,0,0,,,,,,,,
17098892,1,1,N,N,43,1FTPW12536KB69406,2018,2,37,602,30,N,78641,1,2,29,0,,,,,Y,AUS-TEX AUTO ENTERPRISES LLC,AUS-TEX AUTO ENTERPRISES LLC,N,,,,,,,,,,,,,,,,,,,,,,67,,,22,,,,,,,4,1,0,0,0,1,0,0,0,,,,,,,,
17098893,1,1,N,N,43,KNDPM3AC6K7516970,2019,17,55,611,69,N,78216,1,7,15,4,11,,,,N,,,N,,,,,,,,,,,,,,,,,,,,,,,,,4,,,,,,,1,1,0,1,0,1,0,1,0,,,,,,,,
17098893,2,1,N,N,43,1FTFW1EFXBFA60377,2011,2,37,2324,30,N,78653,1,1,12,2,2,,,,Y,EZ AUTO AND TOWING SERVICE,12613 WILLIAM HARRISON ST,N,,,,,,,,,,,,,,,,,,,,,,0,,,,,,,,,,1,1,0,0,0,1,0,0,0,,,,,,,,
17098894,1,1,N,N,43,1FTZF17261NA86633,2001,21,37,2324,30,N,78747,1,2,16,3,3,,,,Y,EZ AUTO AND TOWING SERVICE,EZ AUTO AND TOWING SERVICE,N,,,,,,,,,,,,,,,,,,,,,,67,,,,,,,,,,3,1,0,0,0,1,0,0,0,,,,,,,,
17098895,1,1,N,N,43,WBA3A9C5XFKW74589,2015,3,14,21,104,N,78703,1,1,1,3,12,,,,,ROCHAS TOWING SERVICE,ROCHAS TOWING SERVICE,N,,,,,,,,,,,,,,,,,,,,,,,,,20,,,,,,,7,1,0,0,0,1,0,0,0,,,,,,,,
17098895,2,1,N,N,43,1FMCU0HX3DUA58813,2013,9,37,711,69,N,78725,1,1,2,3,12,6,3,6,,ROCHAS TOWING SERVICE,ROCHAS TOWING SERVICE,N,,,,,,,,,,,,,,,,,,,,,,0,,,,,,,,,,7,1,0,0,2,0,0,2,0,,,,,,,,
17098895,3,1,N,N,43,5TDZA23C75S324430,2005,8,91,648,103,N,78741,1,1,6,3,6,,,,,,,N,,,,,,,,,,,,,,,,,,,,,,0,,,,,,,,,,7,2,0,0,0,1,0,0,0,,,,,,,,
17098898,1,1,N,N,43,1NXBR32E76Z644598,2006,17,91,173,104,N,78744,1,1,4,1,12,,,,N,,,N,,,,,,,,,,,,,,,,,,,,,,22,,,,,,,,,,3,1,0,0,0,1,0,0,0,,,,,,,,
17098898,2,3,,,,,,,,,,,,,,,,,,,,,,,,,,,,,,,,,,,,,,,,,,,,,0,,,,,,,,,,9,1,0,1,0,3,0,1,0,,,,,,,,
17098899,1,1,N,Y,43,5NPEB4AC3EH906492,2014,17,45,462,104,N,78602,2,,4,4,2,,,,N,,,N,,,,,,,,,,,,,,,,,,,,,,,,,19,,,,,,,1,1,0,0,0,0,1,0,0,,,,,,,,
17098899,2,1,Y,N,43,1N6AD0ER9GN737482,2016,,71,634,30,N,78758,1,1,13,3,7,,,,N,,,N,,,,,,,,,,,,,,,,,,,,,,0,,,,,,,,,,11,1,0,0,0,0,0,0,0,,,,,,,,
17098899,3,1,Y,N,43,4S2CK58W814337110,2001,,49,536,69,N,78653,2,,6,2,6,2,2,12,N,,,N,,,,,,,,,,,,,,,,,,,,,,0,,,,,,,,,,11,2,0,0,0,0,0,0,0,,,,,,,,
17098899,4,1,Y,N,43,4T1BF22K01U961589,2001,3,91,380,104,N,78723,2,,6,0,6,,,,N,,,N,,,,,,,,,,,,,,,,,,,,,,0,,,,,,,,,,11,2,0,0,0,0,0,0,0,,,,,,,,
17098900,1,1,N,N,43,5TDKKRFHXES010950,2014,17,91,721,104,N,78681,1,1,2,4,12,,,,Y,SPECIAL AUTOMOTIVE SERVICE INC,SPECIAL AUTOMOTIVE SERVICE INC,N,,,,,,,,,,,,,,,,,,,,,,45,20,,,,,,,,,1,1,0,0,0,0,1,0,0,,,,,,,,
17098900,2,1,N,N,43,1FUJBBAV87LV91877,2007,16,38,3001,87,N,78045,2,,6,2,6,,,,N,,,Y,Y,N,N,1,5,78045,7,74260,0,N,,,,,3,13,,,,,,0,,,,,,,,,,1,1,0,0,0,2,0,0,0,N,0,,,,,N,
17098900,3,6,,,,,,,,,,,,,,,,,,,,,,,,,,,,,,,,,,,,,,,,,,,,,0,,,,,,,,,,9,2,0,0,0,0,0,0,0,,,0,0,1,N,,
17098901,1,1,N,N,43,5TDZARFH6GS021142,2016,21,91,721,69,N,78660,1,2,12,6,1,,,,N,AVILES & GABES WRECKER SERVICE INC.,AVILES & GABES WRECKER SERVICE INC.,N,,,,,,,,,,,,,,,,,,,,,,15,,,,,,,,,,1,1,0,0,4,0,0,4,0,,,,,,,,
17098901,2,1,N,N,43,5FNYF28627B025757,2007,16,44,761,69,N,78660,1,2,11,6,11,,,,,969 TOWING,969 TOWING,N,,,,,,,,,,,,,,,,,,,,,,0,,,,,,,,,,7,1,1,0,2,0,1,3,0,,,,,,,,
17098902,1,1,N,N,43,4T1BF1FK8HU725609,2017,16,91,380,104,N,78653,1,1,11,3,7,,,,N,,,N,,,,,,,,,,,,,,,,,,,,,,15,,,19,,,,,,,7,1,0,0,0,2,0,0,0,,,,,,,,
17098902,2,1,N,N,43,5NPE34AF3FH172476,2015,21,45,462,104,N,77573,1,1,2,4,12,,,,N,BULLET TOWING,BULLET TOWING,N,,,,,,,,,,,,,,,,,,,,,,0,,,,,,,,,,1,1,0,0,0,1,0,0,0,,,,,,,,
17098903,1,1,N,N,43,WVGAV75NX9W544692,2009,,96,1396,104,N,78741,1,1,1,2,12,,,,,,,N,,,,,,,,,,,,,,,,,,,,,,20,,,,,,,,,,1,1,0,0,0,1,0,0,0,,,,,,,,
17098903,2,1,N,N,43,JN8AS5MT9FW665568,2015,,71,3988,69,N,78753,1,1,5,3,6,,,,,,,N,,,,,,,,,,,,,,,,,,,,,,0,,,,,,,,,,1,1,0,0,1,0,0,1,0,,,,,,,,
17098905,1,1,N,N,43,3C7WRTCL6EG120852,2014,21,710,4102,30,N,78613,1,2,,,,,,,N,,,N,,,,,,,,,,,,,,,,,,,,,,66,,,,,,,,,,6,1,0,0,0,1,0,0,0,,,,,,,,
17098905,2,6,,,,,,,,,,,78613,,,,,,,,,,,,,,,,,,,,,,,,,,,,,,,,,,0,,,,,,,,,,9,2,0,0,0,0,0,0,0,,,,,,,,
17098905,3,1,Y,N,43,4S9ADEUB6KB419338,2018,16,575,1360,23,Y,78702,4,7,7,1,5,,,,N,,,Y,Y,N,N,4,5,78702,98,48800,0,N,,,,,98,14,,,,,,0,,,,,,,,,,8,1,0,0,0,0,0,0,0,N,0,,,,,N,
17098906,1,1,N,N,43,3N1AB61E08L659144,2008,21,71,341,104,N,78644,1,1,11,2,10,,,,Y,HARPERS TOWING,HARPERS TOWING SERVICE INC,N,,,,,,,,,,,,,,,,,,,,,,16,,,,,,,,,,1,1,0,0,0,2,0,0,0,,,,,,,,
17098906,2,1,N,N,33,1FUJGLDR2HLHD2299,2017,21,38,2997,87,N,27409,1,3,12,2,,,,,N,,,Y,Y,N,N,1,2,27409,9,80000,0,N,,,,,3,13,,,,,,0,,,,,,,,,,3,1,0,0,0,1,0,0,0,N,0,,,,,N,
17098906,3,6,,,,,,,,,,,,,,,,,,,,,,,,,,,,,,,,,,,,,,,,,,,,,0,,,,,,,,,,9,2,0,0,0,0,0,0,0,,,0,0,1,N,,
17098907,1,1,N,N,43,YV440MDMXF2687262,2015,21,98,1468,104,N,78731,1,2,6,2,6,,,,N,,,N,,,,,,,,,,,,,,,,,,,,,,0,,,,,,,,,,7,1,0,0,0,1,0,0,0,,,,,,,,
17098907,2,1,N,N,43,1G1BE5SM0J7204211,2018,3,107,2209,104,N,78660,1,2,2,5,12,,,,N,,,N,,,,,,,,,,,,,,,,,,,,,,0,,,,,,,,,,1,1,0,0,0,1,0,0,0,,,,,,,,
17098908,1,1,N,N,43,1C6RR6FT5ES384295,2014,2,710,4100,30,N,78704,1,2,4,2,2,,,,N,,,N,,,,,,,,,,,,,,,,,,,,,,17,65,,,,,,,,,1,1,0,0,0,1,0,0,0,,,,,,,,
17098908,2,1,N,N,43,5XXGM4A77CG063542,2012,11,55,715,104,N,78744,1,2,3,4,10,10,2,1,N,SPECIAL AUTOMOTIVE SERVICE INC,SPECIAL AUTOMOTIVE SERVICE INC,N,,,,,,,,,,,,,,,,,,,,,,0,,,,,,,,,,1,1,0,0,0,1,0,0,0,,,,,,,,
17098909,1,1,N,N,43,1FTRW07W91KD59580,2001,10,37,2324,30,N,78758,1,1,4,5,1,,,,N,SPECIAL AUTOMOTIVE SERVICE INC,SPECIAL AUTOMOTIVE SERVICE INC,N,,,,,,,,,,,,,,,,,,,,,,0,,,,,,,,,,7,1,0,0,0,1,0,0,0,,,,,,,,
17098909,2,1,N,N,43,5XXGU4L30GG101192,2016,2,55,715,104,N,78249,1,1,3,6,11,,,,N,A-TEX TOWING,5526 1/2 W HWY 290,N,,,,,,,,,,,,,,,,,,,,,,0,,,,,,,,,,5,1,0,1,0,0,0,1,0,,,,,,,,
17098910,1,1,N,N,43,2FAFP71W37X111595,2007,21,37,995,104,N,78621,1,2,6,6,6,15,2,11,N,ROCHAS TOWING SERVICE,ROCHAS TOWING SERVICE,N,,,,,,,,,,,,,,,,,,,,,,22,,,,,,,,,,5,1,0,0,0,1,0,0,0,,,,,,,,
17098912,1,1,N,N,43,KMHGC46E59U026496,2009,3,45,1107,104,N,78723,1,1,2,3,12,,,,,DRIVER,DRIVER,N,,,,,,,,,,,,,,,,,,,,,,44,,,,,,,,,,7,1,0,0,0,1,0,0,0,,,,,,,,
17098912,2,1,N,N,43,2T2ZK1BA6BC042769,2011,,58,1318,104,N,78750,1,1,6,2,6,,,,N,PARKED,PARKED,N,,,,,,,,,,,,,,,,,,,,,,0,,,,,,,,,,7,1,0,0,1,0,0,1,0,,,,,,,,
17098913,1,1,N,N,43,4T1BF3EK8BU777584,2011,17,91,380,104,N,78729,2,,2,4,12,,,,N,AVILES & GABES WRECKER SERVICE INC.,AVILES & GABES WRECKER SERVICE INC.,N,,,,,,,,,,,,,,,,,,,,,,,,,44,,,,,,,6,1,0,0,0,1,0,0,0,,,,,,,,
17098913,2,1,N,N,43,3MZBM1M72GM321911,2016,2,63,1210,104,N,76513,1,2,6,3,6,,,,N,,,N,,,,,,,,,,,,,,,,,,,,,,0,,,,,,,,,,6,1,0,0,0,1,0,0,0,,,,,,,,
17098914,1,1,N,N,43,3VW2K7AJ4FM217931,2015,4,96,316,104,N,78613,1,1,2,4,12,,,,N,620 LAKESIDE TOWING,620 LAKESIDE TOWING,N,,,,,,,,,,,,,,,,,,,,,,,,,44,,,,,,,1,1,0,0,0,1,0,0,0,,,,,,,,
17098914,2,1,N,N,43,JTEGD20VX50094692,2005,21,91,581,69,N,78613,1,1,6,3,6,,,,N,,,N,,,,,,,,,,,,,,,,,,,,,,0,,,,,,,,,,1,1,0,0,0,1,0,0,0,,,,,,,,
17098914,3,1,N,N,43,5N1AT2MV3EC814299,2014,9,71,1310,69,N,78641,1,2,2,0,12,,,,N,,,N,,,,,,,,,,,,,,,,,,,,,,0,,,,,,,,,,1,2,0,0,0,1,0,0,0,,,,,,,,
17098942,1,1,N,N,43,1G1ZD5E10BF257257,2011,21,107,56,104,N,78041,1,1,2,4,12,,,,Y,A-TEX TOWING,5526 1/2 W HWY 290,N,,,,,,,,,,,,,,,,,,,,,,44,,,,,,,,,,3,1,0,0,0,1,0,0,0,,,,,,,,