Crash_ID,Unit_Nbr,Unit_Desc_ID,Veh_Parked_Fl,Veh_HNR_Fl,Veh_Lic_State_ID,VIN,Veh_Mod_Year,Veh_Color_ID,Veh_Make_ID,Veh_Mod_ID,Veh_Body_Styl_ID,Emer_Respndr_Fl,Ownr_Zip,Fin_Resp_Proof_ID,Fin_Resp_Type_ID,Veh_Dmag_Area_1_ID,Veh_Dmag_Scl_1_ID,Force_Dir_1_ID,Veh_Dmag_Area_2_ID,Veh_Dmag_Scl_2_ID,Force_Dir_2_ID,Veh_Inventoried_Fl,Veh_Transp_Name,Veh_Transp_Dest,Veh_Cmv_Fl,Cmv_Fiveton_Fl,Cmv_Hazmat_Fl,Cmv_Nine_Plus_Pass_Fl,Cmv_Veh_Oper_ID,Cmv_Carrier_ID_Type_ID,Cmv_Carrier_Zip,Cmv_Veh_Type_ID,Cmv_GVWR,Cmv_RGVW,Cmv_Hazmat_Rel_Fl,Hazmat_Cls_1_ID,Hazmat_IDNbr_1_ID,Hazmat_Cls_2_ID,Hazmat_IDNbr_2_ID,Cmv_Cargo_Body_ID,Cmv_Evnt1_ID,Cmv_Evnt2_ID,Cmv_Evnt3_ID,Cmv_Evnt4_ID,Cmv_Tot_Axle,Cmv_Tot_Tire,Contrib_Factr_1_ID,Contrib_Factr_2_ID,Contrib_Factr_3_ID,Contrib_Factr_P1_ID,Contrib_Factr_P2_ID,Veh_Dfct_1_ID,Veh_Dfct_2_ID,Veh_Dfct_3_ID,Veh_Dfct_P1_ID,Veh_Dfct_P2_ID,Veh_Trvl_Dir_ID,First_Harm_Evt_Inv_ID,Sus_Serious_Injry_Cnt,Nonincap_Injry_Cnt,Poss_Injry_Cnt,Non_Injry_Cnt,Unkn_Injry_Cnt,Tot_Injry_Cnt,Death_Cnt,Cmv_Disabling_Damage_Fl,Cmv_Bus_Type_ID,Trlr_GVWR,Trlr_RGVW,Trlr_Type_ID,Trlr_Disabling_Dmag_ID,Cmv_Intermodal_Container_Permit_Fl,CMV_Actual_Gross_Weight
17103956,1,1,N,N,43,1G8ZG1272WZ122568,1998,17,81,1335,100,N,78753,2,,4,6,2,,,,N,EZ AUTO AND TOWING SERVICE,EZ AUTO AND TOWING SERVICE,N,,,,,,,,,,,,,,,,,,,,,,67,22,,,,,,,,,4,1,0,1,0,0,0,1,0,,,,,,,,
17103957,1,1,N,N,43,2FMDK39C97BA48577,2007,1,37,1035,69,N,78744,1,2,3,2,12,,,,Y,ARMADA TOWING,ARMADA TOWING,N,,,,,,,,,,,,,,,,,,,,,,0,,,,,,,,,,3,1,0,0,0,3,0,0,0,,,,,,,,
17103957,2,1,N,N,43,1C3CC5FB7AN228404,2010,3,21,593,104,N,78227,1,2,3,3,12,,,,N,,,N,,,,,,,,,,,,,,,,,,,,,,0,,,,,,,,,,7,1,0,0,1,1,0,1,0,,,,,,,,
17103958,1,1,N,N,43,KL4CJDSB7GB572496,2016,16,105,2184,69,N,78757,1,1,10,3,3,,,,N,EZ AUTO AND TOWING SERVICE,EZ AUTO AND TOWING SERVICE,N,,,,,,,,,,,,,,,,,,,,,,,,,16,,,,,,,2,1,0,0,1,0,0,1,0,,,,,,,,
17103958,2,1,N,N,43,1GTG6FEN1K1240319,2019,21,39,958,30,N,48201,1,1,2,3,12,,,,N,,,N,,,,,,,,,,,,,,,,,,,,,,0,,,,,,,,,,8,1,0,0,0,2,0,0,0,,,,,,,,
17103959,1,1,N,N,43,2C3JA53G65H539673,2005,21,21,65,104,N,78735,1,2,3,4,12,,,,Y,SOUTHSIDE WRECKER INC,SOUTHSIDE WRECKER INC,N,,,,,,,,,,,,,,,,,,,,,,45,,,,,,,,,,2,1,0,0,0,1,0,0,0,,,,,,,,
17103960,1,1,N,N,43,YV1MW382562206980,2006,2,98,1438,104,N,78749,1,2,3,2,10,,,,N,SPECIAL AUTOMOTIVE SERVICE INC,SPECIAL AUTOMOTIVE SERVICE INC,N,,,,,,,,,,,,,,,,,,,,,,15,,,,,,,,,,7,1,0,0,0,1,0,0,0,,,,,,,,
17103960,2,1,N,N,43,3VW267AJ4GM310616,2016,17,96,316,104,N,78749,1,2,4,2,2,,,,N,,,N,,,,,,,,,,,,,,,,,,,,,,0,,,,,,,,,,3,1,0,1,0,0,0,1,0,,,,,,,,
17103961,1,1,N,N,43,JT8BF22G8V0031368,1997,8,58,1052,104,N,78753,2,,,,,,,,,EZ AUTO AND TOWING SERVICE,EZ AUTO AND TOWING SERVICE,N,,,,,,,,,,,,,,,,,,,,,,0,,,,,,,,,,2,1,0,0,0,1,0,0,0,,,,,,,,
17103961,2,1,N,N,43,1J4GS48K45C605550,2005,10,429,1163,104,N,78731,1,1,,,,,,,N,,,N,,,,,,,,,,,,,,,,,,,,,,0,,,,,,,,,,2,1,0,0,0,2,0,0,0,,,,,,,,
17103961,3,6,,,,,,,,,,,,,,,,,,,,,,,,,,,,,,,,,,,,,,,,,,,,,0,,,,,,,,,,9,2,0,0,0,0,0,0,0,,,0,80000,1,N,,
17103961,4,1,N,N,24,3AKGGLDR5HSGC5584,2017,,38,1524,87,N,39218,1,1,,,,,,,,,,Y,Y,N,N,2,2,39218,98,80000,0,N,,,,,98,98,,,,,,0,,,,,,,,,,2,2,0,0,0,1,0,0,0,N,0,,,,,N,
17103962,1,1,N,N,44,KMHDH4AE3FU438259,2015,2,45,480,104,N,84790,1,2,3,7,11,,,,Y,620 LAKESIDE TOWING,620 LAKESIDE TOWING,N,,,,,,,,,,,,,,,,,,,,,,22,,,,,,,,,,1,1,0,0,0,5,0,0,0,,,,,,,,
17103963,1,1,N,N,43,SALVR2RX0KH348966,2019,21,57,3882,104,N,78724,1,1,1,1,12,,,,Y,AUS-TEX AUTO ENTERPRISES LLC,AUS-TEX AUTO ENTERPRISES LLC,N,,,,,,,,,,,,,,,,,,,,,,45,,,,,,,,,,5,1,0,0,0,1,0,0,0,,,,,,,,
17103963,2,1,N,N,43,1J8GR48KX5C610469,2005,16,429,970,104,N,78665,1,1,5,1,6,,,,N,,,N,,,,,,,,,,,,,,,,,,,,,,0,,,,,,,,,,5,1,0,0,4,1,0,4,0,,,,,,,,
17103964,1,1,N,N,43,1FAFP35Z94W202746,2004,17,37,977,104,N,78721,1,1,2,2,12,,,,Y,AVILES & GABES WRECKER SERVICE INC.,5526 1/2 W HWY 290,N,,,,,,,,,,,,,,,,,,,,,,40,,,,,,,,,,1,1,0,0,1,0,0,1,0,,,,,,,,
17103964,2,1,N,N,43,5TDYK3DCXFS631685,2015,17,91,687,30,N,78750,1,1,6,1,6,,,,N,,,N,,,,,,,,,,,,,,,,,,,,,,0,,,,,,,,,,1,1,0,0,0,1,0,0,0,,,,,,,,
17103965,1,1,N,N,43,1LNLM83W1VY755470,1997,18,113,335,104,N,78753,2,,4,2,1,,,,N,AUS-TEX AUTO ENTERPRISES LLC,AUS-TEX AUTO ENTERPRISES LLC,N,,,,,,,,,,,,,,,,,,,,,,23,,,,,,,,,,4,1,0,0,0,1,0,0,0,,,,,,,,
17103965,2,1,Y,N,43,1G2NG52E14M506317,2004,21,118,153,104,N,78653,1,2,7,3,8,,,,N,,,N,,,,,,,,,,,,,,,,,,,,,,0,,,,,,,,,,4,1,0,0,0,0,0,0,0,,,,,,,,
17103966,1,1,N,N,43,YV4SZ592571285389,2007,21,98,1469,104,N,78741,1,1,2,2,12,,,,N,ROCHAS,ROCHAS,N,,,,,,,,,,,,,,,,,,,,,,40,44,,,,,,,,,1,1,0,0,0,1,0,0,0,,,,,,,,
17103966,2,1,N,N,43,2FMDK38C58BB44354,2008,2,37,1035,104,N,78744,1,1,6,2,6,,,,N,ROCHAS,ROCHAS,N,,,,,,,,,,,,,,,,,,,,,,0,,,,,,,,,,1,1,0,0,0,2,0,0,0,,,,,,,,
17103968,1,1,N,N,43,JN8AZ2KR0ET352829,2014,17,71,998,104,N,78745,1,2,13,4,,,,,Y,SPECIAL AUTOMOTIVE SERVICE INC,SPECIAL AUTOMOTIVE SERVICE INC,N,,,,,,,,,,,,,,,,,,,,,,35,,,,,,,,,,2,1,1,0,1,0,0,2,0,,,,,,,,
17103968,2,1,N,N,43,1J4FT28B59D178120,2009,2,429,1273,104,N,78739,1,2,3,4,,,,,Y,,,N,,,,,,,,,,,,,,,,,,,,,,0,,,,,,,,,,4,1,0,0,0,1,0,0,0,,,,,,,,
17104038,1,1,N,N,43,JTDJT923X85201068,2008,2,91,1477,104,N,77069,1,2,15,2,10,,,,N,,,N,,,,,,,,,,,,,,,,,,,,,,0,,,,,,,,,,4,1,0,0,0,2,0,0,0,,,,,,,,
17104038,2,1,N,N,43,5TDZM5G1XBS002815,2011,21,91,722,69,N,78602,1,2,10,2,4,,,,N,,,N,,,,,,,,,,,,,,,,,,,,,,4,,,,,,,,,,4,1,0,0,0,4,0,0,0,,,,,,,,
17104038,3,6,,,,,,,,,,,78602,,,,,,,,,,,,,,,,,,,,,,,,,,,,,,,,,,0,,,,,,,,,,9,2,0,0,0,0,0,0,0,,,,,,,,
17104344,1,1,N,N,43,JTDKN3DU5A0159476,2010,17,91,702,104,N,78732,1,1,1,2,12,,,,N,INSURANCE,,N,,,,,,,,,,,,,,,,,,,,,,20,22,,,,,,,,,5,1,0,0,0,1,0,0,0,,,,,,,,
17104344,2,1,N,N,43,5YJ3E1EA6JF169612,2018,21,602,4947,104,N,78734,1,1,5,2,6,,,,N,HARPERS TOWING: 512-443-1000,"201 RALPH ABLANEDO DR, AUSTIN 78748",N,,,,,,,,,,,,,,,,,,,,,,,,,20,,,,,,,5,1,0,0,0,1,0,0,0,,,,,,,,
17106145,1,1,N,N,43,3CZRE3H33AG701518,2010,3,44,107,104,N,79707,1,2,14,7,4,3,3,10,N,,,N,,,,,,,,,,,,,,,,,,,,,,,,,22,,,,,,,2,1,0,0,1,0,0,1,1,,,,,,,,
17106145,2,1,N,N,43,4P1CU01H88A008463,2008,16,181,1623,23,Y,78720,1,2,8,4,5,,,,N,DRIVEABLE,DRIVEABLE,N,,,,,,,,,,,,,,,,,,,,,,0,,,,,,,,,,2,2,0,0,0,4,0,0,0,,,,,,,,
17106146,1,1,N,N,43,2GNALCEK1G1130317,2016,17,107,1048,104,N,78633,1,2,4,3,12,,,,N,,,N,,,,,,,,,,,,,,,,,,,,,,0,,,,,,,,,,5,1,0,0,0,2,0,0,0,,,,,,,,
17106146,2,4,,,,,,,,,,,,,,,,,,,,,,,,,,,,,,,,,,,,,,,,,,,,,59,,,,,,,,,,9,1,0,0,0,0,0,0,1,,,,,,,,
17106147,1,1,N,N,43,2HGEJ8645WH510331,1998,17,44,236,104,N,78741,1,1,29,0,,,,,N,,,N,,,,,,,,,,,,,,,,,,,,,,74,,,,,,,,,,11,1,0,0,0,1,0,0,0,,,,,,,,
17106148,1,1,N,Y,,,,,,,0,N,,,,,,,,,,,,,N,,,,,,,,,,,,,,,,,,,,,,0,,,,,,,,,,1,1,0,0,0,0,1,0,0,,,,,,,,
17106148,2,4,,,,,,,,,,,,,,,,,,,,,,,,,,,,,,,,,,,,,,,,,,,,,0,,,,,,,,,,9,1,0,0,0,0,0,0,1,,,,,,,,
17106150,1,1,N,N,43,1N4AL3AP7DN553753,2013,9,71,500,104,N,78704,1,1,4,4,1,1,3,12,N,,,N,,,,,,,,,,,,,,,,,,,,,,37,,,74,,,,,,,1,1,0,0,0,4,0,0,0,,,,,,,,
17106150,2,1,N,N,43,JS1GR7KA872107471,2007,9,88,626,71,N,78758,1,1,26,1,,,,,N,SPECIAL AUTOMOTIVE SERVICE INC,SPECIAL AUTOMOTIVE SERVICE INC,N,,,,,,,,,,,,,,,,,,,,,,0,,,,,,,,,,5,1,0,2,0,0,0,2,0,,,,,,,,
17106152,1,1,N,Y,43,1G1AL58FX87309522,2008,16,107,978,104,N,78744,1,1,5,1,6,,,,N,,,N,,,,,,,,,,,,,,,,,,,,,,0,,,,,,,,,,5,1,0,0,1,2,0,1,0,,,,,,,,
17106152,2,1,N,Y,113,,,99,,,0,N,,,,,,,,,,N,,,N,,,,,,,,,,,,,,,,,,,,,,0,,,,,,,,,,5,1,0,0,0,0,1,0,0,,,,,,,,
17106154,1,1,N,N,43,2HGFA16888H507442,2008,9,44,107,104,N,78758,1,1,7,1,6,,,,Y,AUSTEX,AUSTEX TOWYARD,N,,,,,,,,,,,,,,,,,,,,,,67,,,,,,,,,,3,1,0,0,0,1,0,0,0,,,,,,,,
17106154,2,1,N,N,43,1HGCM55356A083964,2006,17,44,107,104,N,78758,1,1,3,1,11,,,,N,N/A,,N,,,,,,,,,,,,,,,,,,,,,,0,,,,,,,,,,1,1,0,0,0,1,0,0,0,,,,,,,,
17106156,1,1,N,N,43,2G4WC582971150378,2007,2,105,34,104,N,78744,2,,4,6,12,,,,Y,SPECIAL AUTOMOTIVE SERVICE INC,SPECIAL AUTOMOTIVE SERVICE INC,N,,,,,,,,,,,,,,,,,,,,,,0,,,,,,,,,,2,1,0,1,0,0,0,1,0,,,,,,,,
17106161,1,1,N,N,43,1G1ZD5ST6JF194069,2018,2,107,56,104,N,77879,1,1,1,4,12,,,,Y,EZ AUTO AND TOWING SERVICE,"8917 CIRCLE DRIVE AUSTIN, TX 78739",N,,,,,,,,,,,,,,,,,,,,,,19,,,,,,,,,,5,1,0,0,0,1,0,0,0,,,,,,,,
17106161,2,1,N,N,43,4T1BG22KXYU730982,2000,5,91,380,104,N,78757,1,1,6,5,6,,,,Y,EZ AUTO AND TOWING SERVICE,8917 CIRCLE DRIVE,N,,,,,,,,,,,,,,,,,,,,,,0,,,,,,,,,,5,1,0,0,1,1,0,1,0,,,,,,,,
17106161,3,1,N,N,43,1FAHP3H28CL423021,2012,2,37,696,104,N,,1,1,7,1,7,,,,N,,,N,,,,,,,,,,,,,,,,,,,,,,0,,,,,,,,,,5,2,0,0,0,1,0,0,0,,,,,,,,
17106161,4,1,N,N,43,KNAFU6A20B5318902,2011,17,55,1093,104,N,,1,1,5,1,6,,,,N,,,N,,,,,,,,,,,,,,,,,,,,,,0,,,,,,,,,,5,2,0,0,0,1,0,0,0,,,,,,,,
17106163,1,1,N,N,43,JHMGK5H52GS015246,2016,17,44,1083,104,N,,1,2,,,,,,,Y,FINGER TOWING SERVICE,FINGER TOWING SERVICE,N,,,,,,,,,,,,,,,,,,,,,,20,,,19,,,,,,,6,1,0,0,0,1,0,0,0,,,,,,,,
17106163,2,1,N,N,43,1FTFW1R65DFB59461,2013,2,37,2324,30,N,78613,1,2,7,1,7,,,,N,,,N,,,,,,,,,,,,,,,,,,,,,,0,,,,,,,,,,2,1,0,0,0,1,0,0,0,,,,,,,,
17106166,1,1,N,N,43,5YFBURHE2GP393470,2016,17,91,173,104,N,78660,1,2,2,3,12,,,,N,A-TEX TOWING,ATX-VIP TOWING SERVICES,N,,,,,,,,,,,,,,,,,,,,,,15,,,,,,,,,,7,1,0,0,0,1,0,0,0,,,,,,,,
17106166,2,1,N,N,43,1N6AD0CU9CC481762,2012,21,71,634,30,N,78758,1,2,12,2,3,,,,N,,,N,,,,,,,,,,,,,,,,,,,,,,0,,,,,,,,,,1,1,0,0,0,1,0,0,0,,,,,,,,
17106167,1,1,N,N,43,1GKER137X8J268882,2008,17,39,894,69,N,78753,1,1,15,3,7,,,,,,,N,,,,,,,,,,,,,,,,,,,,,,0,,,,,,,,,,11,1,0,1,0,0,0,1,0,,,,,,,,
17106167,2,1,N,N,43,3HGCM56447G700071,2007,17,44,236,104,N,78724,1,1,10,3,5,,,,,,,N,,,,,,,,,,,,,,,,,,,,,,0,,,,,,,,,,11,1,0,1,0,0,0,1,0,,,,,,,,
17106168,1,1,N,N,43,2FAFP74W7WX118026,1998,18,37,101,104,N,78724,2,,1,2,12,,,,N,ARMADA TOWING,ARMADA TOWING,N,,,,,,,,,,,,,,,,,,,,,,20,,,,,,,,,,1,1,0,1,0,3,0,1,0,,,,,,,,
17106168,2,1,N,N,43,5FNYF3H90DB014770,2013,3,44,761,104,N,78724,1,1,3,2,10,,,,N,SOUTHSIDE WRECKER INC,SOUTHSIDE TOW YARD,N,,,,,,,,,,,,,,,,,,,,,,0,,,,,,,,,,7,1,0,0,0,1,0,0,0,,,,,,,,
17106170,1,1,N,N,43,1HGES16511L026276,2001,17,44,256,104,N,78744,1,2,2,0,12,,,,N,,,N,,,,,,,,,,,,,,,,,,,,,,44,,,20,,,,,,,6,1,0,0,0,2,0,0,0,,,,,,,,
17106170,2,1,N,N,43,KNAFE121275387443,2007,3,55,717,104,N,78702,1,2,7,1,6,2,1,12,N,,,N,,,,,,,,,,,,,,,,,,,,,,0,,,,,,,,,,6,1,0,1,0,0,0,1,0,,,,,,,,
17106171,1,1,N,N,43,1C3CCCAB1GN113124,2016,2,21,2258,104,N,78728,1,1,1,1,12,,,,N,,,N,,,,,,,,,,,,,,,,,,,,,,20,,,,,,,,,,4,1,0,0,0,2,0,0,0,,,,,,,,
17106171,2,1,N,N,43,JH2RC50496M202472,2006,11,44,107,71,N,78723,1,1,2,1,12,,,,N,,,N,,,,,,,,,,,,,,,,,,,,,,0,,,,,,,,,,2,1,0,0,1,0,0,1,0,,,,,,,,
17106172,1,1,N,N,43,KMHHN66F47U255302,2007,9,45,636,100,N,78704,1,1,14,3,3,,,,Y,A-TEX TOWING,5526 1/2 W HWY 290,N,,,,,,,,,,,,,,,,,,,,,,20,,,,,,,,,,3,1,0,0,0,1,0,0,0,,,,,,,,
17106172,2,1,N,N,43,2GNAXJEV7J6128522,2018,13,107,1048,104,N,77632,1,1,2,2,12,,,,Y,HARPERS TOWING SERVICE INC,HARPERS TOWING SERVICE INC,N,,,,,,,,,,,,,,,,,,,,,,0,,,,,,,,,,7,1,0,0,0,2,0,0,0,,,,,,,,
17106173,1,1,N,N,43,1C4NJPBA8FD386671,2015,21,429,1181,104,N,77318,1,1,3,2,12,,,,Y,SOUTHSIDE WRECKER INC,8200 S. CONGRESS AVE,N,,,,,,,,,,,,,,,,,,,,,,,,,67,,,,,,,3,1,0,0,0,2,0,0,0,,,,,,,,
17106173,2,1,N,N,43,JN1CV6EK4AM103740,2010,2,47,1102,100,N,78748,1,1,8,3,12,,,,N,SOUTHSIDE WRECKER INC,8200 S. CONGRESS AVE,N,,,,,,,,,,,,,,,,,,,,,,0,,,,,,,,,,5,1,0,0,0,1,0,0,0,,,,,,,,
17106174,1,1,N,N,43,JTHBJ46G472095497,2007,21,58,429,104,N,78758,2,,7,5,7,4,4,2,Y,EZ AUTO AND TOWING SERVICE,EZ AUTO AND TOWING SERVICE,N,,,,,,,,,,,,,,,,,,,,,,,,,20,22,,,,,,7,1,0,0,1,0,0,1,0,,,,,,,,
17106175,1,1,N,N,43,2C4RDGCG9KR662617,2019,9,109,1115,103,N,74134,1,7,4,2,11,,,,N,SOUTHSIDE WRECKER INC,8200 S. CONGRESS AVE,N,,,,,,,,,,,,,,,,,,,,,,64,,,68,,,,,,,11,1,0,0,0,1,0,0,0,,,,,,,,
17106175,2,1,N,N,43,1D3HU18Z92J229362,2002,3,109,2275,30,N,78744,1,2,13,1,10,,,,N,,,N,,,,,,,,,,,,,,,,,,,,,,0,,,,,,,,,,11,1,0,0,0,1,0,0,0,,,,,,,,
17106176,1,1,N,N,43,5N1AR1NN1CC629625,2012,2,71,531,69,N,78758,2,,4,5,12,2,5,12,N,620 LAKESIDE TOWING,620 LAKESIDE TOWING,N,,,,,,,,,,,,,,,,,,,,,,44,,,,,,,,,,5,1,0,0,1,0,0,1,0,,,,,,,,
17106176,2,1,N,N,43,2FMDK3KC6CBA30929,2012,21,37,1035,69,N,78759,1,1,7,3,6,,,,N,,,N,,,,,,,,,,,,,,,,,,,,,,0,,,,,,,,,,5,1,0,0,0,2,0,0,0,,,,,,,,
17106176,3,1,N,N,43,JM1NC2LF8B0213595,2011,17,63,431,100,N,78750,1,1,6,4,6,4,2,12,,AVILES & GABES WRECKER SERVICE INC.,AVILES & GABES WRECKER SERVICE INC.,N,,,,,,,,,,,,,,,,,,,,,,0,,,,,,,,,,5,2,0,0,0,1,0,0,0,,,,,,,,
17106176,4,1,N,N,43,KM8SC13E93U542588,2003,17,45,713,69,N,78750,1,1,7,1,6,,,,N,,,N,,,,,,,,,,,,,,,,,,,,,,0,,,,,,,,,,5,2,0,0,0,1,0,0,0,,,,,,,,
17106177,1,1,N,N,43,WDDGF5EB9BR161777,2011,2,65,3930,104,N,78634,1,1,2,4,12,,,,N,EZ AUTO AND TOWING SERVICE,EZ AUTO AND TOWING SERVICE,N,,,,,,,,,,,,,,,,,,,,,,20,,,,,,,,,,5,1,0,0,0,1,0,0,0,,,,,,,,
17106177,2,1,N,N,43,5UXWX7C38H0W39824,2017,2,14,1466,69,N,78628,1,2,6,3,6,,,,N,ROCHAS TOWING SERVICE,ROCHAS TOWING SERVICE,N,,,,,,,,,,,,,,,,,,,,,,0,,,,,,,,,,5,1,0,0,1,0,0,1,0,,,,,,,,
17106178,1,1,N,N,43,KNDJT2A27B7234928,2011,5,55,1357,104,N,43545,1,1,1,6,12,,,,N,A & A WRECKER NORTH,A & A WRECKER NORTH,N,,,,,,,,,,,,,,,,,,,,,,19,20,,,,,,,,,5,1,0,0,0,1,0,0,0,,,,,,,,
17106178,2,1,N,N,43,JN8AS5MV1DW659956,2013,9,71,1310,104,N,78758,1,1,5,6,6,,,,N,OWNER,UNKNOWN,N,,,,,,,,,,,,,,,,,,,,,,0,,,,,,,,,,5,1,0,0,0,1,0,0,0,,,,,,,,
17106179,1,1,N,Y,,,,,,,104,N,,,,,,,,,,,,,N,,,,,,,,,,,,,,,,,,,,,,20,,,,,,,,,,6,1,0,0,0,0,1,0,0,,,,,,,,
17106179,2,1,N,N,43,1ZVFT82H055141483,2005,9,37,96,100,N,78739,1,2,11,2,9,10,1,4,N,A-TEX TOWING,OWNERS RESIDENCE/REQUEST,N,,,,,,,,,,,,,,,,,,,,,,0,,,,,,,,,,6,1,0,0,0,1,0,0,0,,,,,,,,
17106180,1,1,N,N,43,JHMZE2H53AS029811,2010,16,44,107,104,Y,78748,1,2,2,5,12,,,,Y,HARPERS TOWING SERVICE INC,HARPERS TOWING SERVICE INC,N,,,,,,,,,,,,,,,,,,,,,,0,,,,,,,,,,1,1,0,1,0,0,0,1,0,,,,,,,,
17106203,1,1,N,N,43,JM3TB28Y670100120,2007,11,63,1009,69,N,78753,2,,11,3,11,12,3,1,,EZ AUTO AND TOWING SERVICE,EZ AUTO AND TOWING SERVICE,N,,,,,,,,,,,,,,,,,,,,,,23,,,,,,,,,,7,1,0,0,0,1,0,0,0,,,,,,,,
17106203,2,1,N,N,43,5J6RE48598L005864,2008,16,44,605,69,N,78704,1,2,13,2,7,,,,N,,,N,,,,,,,,,,,,,,,,,,,,,,0,,,,,,,,,,7,1,0,0,0,1,0,0,0,,,,,,,,
17106203,3,1,N,N,43,WP1AB29P46LA65840,2006,,76,962,69,N,78724,1,2,14,2,5,16,2,5,N,,,N,,,,,,,,,,,,,,,,,,,,,,0,,,,,,,,,,7,2,0,0,0,2,0,0,0,,,,,,,,
17106204,1,1,N,N,43,JT2BG22KXW0173234,1998,21,91,380,104,N,78726,1,2,1,4,12,,,,N,FINGER TOWING SERVICE,FINGER TOWING SERVICE,N,,,,,,,,,,,,,,,,,,,,,,16,,,,,,,,,,2,1,0,0,1,0,0,1,0,,,,,,,,
17106204,2,1,N,N,43,1N4AL2AP9CC162138,2012,17,71,500,104,N,78758,1,2,8,4,4,,,,N,620 LAKESIDE TOWING,620 LAKESIDE TOWING,N,,,,,,,,,,,,,,,,,,,,,,0,,,,,,,,,,4,1,0,0,0,1,0,0,0,,,,,,,,
17106205,1,1,N,N,43,1XPFDB9X76D646758,2006,21,74,4057,87,N,78759,1,1,5,1,6,,,,N,,,Y,Y,N,N,4,5,78759,5,0,18000,N,,,,,98,13,,,,,,0,,,,,,,,,,3,1,0,0,0,1,0,0,0,N,0,,,,,N,
17106205,2,1,N,N,43,KNAFX4A6XG5500970,2016,17,55,1093,104,N,78747,1,1,4,3,12,,,,N,EZ AUTO AND TOWING SERVICE,EZ AUTO AND TOWING SERVICE,N,,,,,,,,,,,,,,,,,,,,,,20,,,,,,,,,,3,1,0,0,0,3,0,0,0,,,,,,,,
17106206,1,1,N,N,43,JHLRE38377C020783,2007,3,44,605,69,N,78753,1,2,2,2,,,,,N,ATX-VIP TOWING SERVICES,"12609 WAYNESPUR LN, ELGIN, TX 78621",N,,,,,,,,,,,,,,,,,,,,,,44,,,20,22,,,,,,3,1,0,0,0,1,0,0,0,,,,,,,,
17106206,2,1,N,N,43,KL4CJASB4FB186972,2015,17,105,2184,69,N,78660,1,2,6,1,6,,,,N,,,N,,,,,,,,,,,,,,,,,,,,,,0,,,,,,,,,,3,1,0,0,0,1,0,0,0,,,,,,,,
17106207,1,1,N,N,43,3FADP4AJ9CM128899,2012,21,37,229,104,N,78612,1,2,4,4,3,,,,N,SPECIAL AUTOMOTIVE SERVICE INC,SPECIAL AUTOMOTIVE SERVICE INC,N,,,,,,,,,,,,,,,,,,,,,,37,,,,,,,,,,1,1,0,0,0,1,0,0,0,,,,,,,,
17106207,2,1,N,Y,43,YV1CZ852351195275,2005,16,98,781,69,N,78744,2,,2,2,12,,,,N,,,N,,,,,,,,,,,,,,,,,,,,,,0,,,,,,,,,,5,1,0,0,0,0,1,0,0,,,,,,,,
17106208,1,1,N,N,43,JTKKU10418J032038,2008,17,91,2576,104,N,78752,1,2,3,3,10,,,,N,NA,NA,N,,,,,,,,,,,,,,,,,,,,,,60,74,,,,,,,,,6,1,0,1,0,0,0,1,0,,,,,,,,
17106208,2,1,N,N,43,3FAHP06Z78R235761,2008,17,37,696,104,N,78132,1,2,4,3,2,,,,N,NA,NA,N,,,,,,,,,,,,,,,,,,,,,,60,,,,,,,,,,8,1,0,1,0,1,0,1,0,,,,,,,,
17106209,1,1,N,N,43,1N4AA5AP3CC821693,2012,3,71,297,104,N,78653,1,2,1,3,12,,,,N,,,N,,,,,,,,,,,,,,,,,,,,,,44,,,,,,,,,,3,1,0,1,0,0,0,1,0,,,,,,,,
17106209,2,1,N,N,43,3GNGC26U35G287985,2005,21,107,249,104,N,,1,2,5,2,6,,,,N,,,N,,,,,,,,,,,,,,,,,,,,,,0,,,,,,,,,,3,1,0,1,0,1,0,1,0,,,,,,,,
17106210,1,1,N,Y,43,1FTNX20S11EA38629,2001,8,37,2325,30,N,78640,1,2,4,1,2,2,1,1,Y,ROCHAS TOWING SERVICE,ROCHAS TOWING SERVICE,N,,,,,,,,,,,,,,,,,,,,,,69,41,22,,,,,,,,6,1,0,0,0,1,1,0,0,,,,,,,,
17106210,2,1,N,N,43,KNDJP3A56J7583923,2018,13,55,1357,104,N,78758,1,2,11,1,8,,,,N,,,N,,,,,,,,,,,,,,,,,,,,,,0,,,,,,,,,,6,1,0,0,0,1,0,0,0,,,,,,,,
17106211,1,1,N,N,43,19XFB2F52FE049221,2015,17,44,256,104,N,78628,1,2,1,4,12,,,,Y,,,N,,,,,,,,,,,,,,,,,,,,,,0,,,,,,,,,,1,1,0,0,1,0,0,1,0,,,,,,,,
17106211,2,1,N,N,43,3CZRE38538G705886,2008,3,44,107,69,N,78753,1,2,6,3,6,,,,N,,,N,,,,,,,,,,,,,,,,,,,,,,0,,,,,,,,,,1,1,0,0,1,0,0,1,0,,,,,,,,
17106212,1,1,N,N,43,1FMCU0GD4JUD51784,2018,17,37,711,69,N,78613,1,2,1,2,12,,,,Y,A-TEX TOWING,AUS-TEX AUTO ENTERPRISES LLC,N,,,,,,,,,,,,,,,,,,,,,,0,,,,,6,,,,,1,1,0,1,0,0,0,1,0,,,,,,,,