Crash_ID,Unit_Nbr,Unit_Desc_ID,Veh_Parked_Fl,Veh_HNR_Fl,Veh_Lic_State_ID,VIN,Veh_Mod_Year,Veh_Color_ID,Veh_Make_ID,Veh_Mod_ID,Veh_Body_Styl_ID,Emer_Respndr_Fl,Ownr_Zip,Fin_Resp_Proof_ID,Fin_Resp_Type_ID,Veh_Dmag_Area_1_ID,Veh_Dmag_Scl_1_ID,Force_Dir_1_ID,Veh_Dmag_Area_2_ID,Veh_Dmag_Scl_2_ID,Force_Dir_2_ID,Veh_Inventoried_Fl,Veh_Transp_Name,Veh_Transp_Dest,Veh_Cmv_Fl,Cmv_Fiveton_Fl,Cmv_Hazmat_Fl,Cmv_Nine_Plus_Pass_Fl,Cmv_Veh_Oper_ID,Cmv_Carrier_ID_Type_ID,Cmv_Carrier_Zip,Cmv_Veh_Type_ID,Cmv_GVWR,Cmv_RGVW,Cmv_Hazmat_Rel_Fl,Hazmat_Cls_1_ID,Hazmat_IDNbr_1_ID,Hazmat_Cls_2_ID,Hazmat_IDNbr_2_ID,Cmv_Cargo_Body_ID,Cmv_Evnt1_ID,Cmv_Evnt2_ID,Cmv_Evnt3_ID,Cmv_Evnt4_ID,Cmv_Tot_Axle,Cmv_Tot_Tire,Contrib_Factr_1_ID,Contrib_Factr_2_ID,Contrib_Factr_3_ID,Contrib_Factr_P1_ID,Contrib_Factr_P2_ID,Veh_Dfct_1_ID,Veh_Dfct_2_ID,Veh_Dfct_3_ID,Veh_Dfct_P1_ID,Veh_Dfct_P2_ID,Veh_Trvl_Dir_ID,First_Harm_Evt_Inv_ID,Sus_Serious_Injry_Cnt,Nonincap_Injry_Cnt,Poss_Injry_Cnt,Non_Injry_Cnt,Unkn_Injry_Cnt,Tot_Injry_Cnt,Death_Cnt,Cmv_Disabling_Damage_Fl,Cmv_Bus_Type_ID,Trlr_GVWR,Trlr_RGVW,Trlr_Type_ID,Trlr_Disabling_Dmag_ID,Cmv_Intermodal_Container_Permit_Fl,CMV_Actual_Gross_Weight
17111399,1,1,N,N,43,1FADP3L91JL235960,2018,9,37,696,104,N,78727,1,2,4,1,1,,,,N,,,N,,,,,,,,,,,,,,,,,,,,,,,,,41,,,,,,,6,1,0,0,0,1,0,0,0,,,,,,,,
17111399,2,1,N,N,43,5N1AR1NN5CC602721,2012,17,71,531,69,N,78717,1,2,7,2,5,,,,N,,,N,,,,,,,,,,,,,,,,,,,,,,0,,,,,,,,,,6,1,0,0,0,1,0,0,0,,,,,,,,
17111399,3,1,N,N,43,4T1BF1FK3HU369585,2017,9,91,380,104,N,78753,1,2,2,3,12,,,,N,,,N,,,,,,,,,,,,,,,,,,,,,,,,,44,,,,,,,6,2,0,0,0,1,0,0,0,,,,,,,,
17111399,4,1,N,N,43,1FMFK18597LA24151,2007,21,37,695,69,N,78660,1,2,5,1,6,1,1,12,N,,,N,,,,,,,,,,,,,,,,,,,,,,,,,44,,,,,,,6,2,0,0,0,1,0,0,0,,,,,,,,
17111399,5,1,N,N,43,3C4NJCBB3JT194868,2018,2,429,983,69,N,78717,1,2,5,1,6,,,,N,,,N,,,,,,,,,,,,,,,,,,,,,,0,,,,,,,,,,6,2,0,0,0,1,0,0,0,,,,,,,,
17111400,1,1,N,N,43,1FTEX15N8MKA06828,1991,21,37,2324,30,N,78702,1,2,4,4,2,,,,N,HARPERS TOWING SERVICE INC,3405 LYONS RD,N,,,,,,,,,,,,,,,,,,,,,,44,,,,,,,,,,3,1,0,0,0,1,0,0,0,,,,,,,,
17111400,2,1,N,N,43,2T3ZF33V89W004773,2009,16,91,581,104,N,78724,1,2,7,2,7,,,,N,,,N,,,,,,,,,,,,,,,,,,,,,,0,,,,,,,,,,3,1,0,0,0,1,0,0,0,,,,,,,,
17111401,1,1,N,N,43,4T1BE30K53U735451,2003,10,91,380,104,N,78717,1,1,2,2,12,,,,N,,,N,,,,,,,,,,,,,,,,,,,,,,37,,,,,,,,,,1,1,0,0,0,1,0,0,0,,,,,,,,
17111401,2,1,N,N,43,3GCRCSE08AG104638,2010,3,107,658,30,N,78744,2,,9,3,9,,,,,EZ AUTO AND TOWING SERVICE,EZ AUTO AND TOWING SERVICE,N,,,,,,,,,,,,,,,,,,,,,,0,,,,,,,,,,5,1,0,0,2,0,0,2,0,,,,,,,,
17111403,1,1,N,N,43,WD0PD444665949546,2006,10,109,550,103,N,78745,1,2,2,2,12,,,,N,DRIVEN AWAY,DRIVEN AWAY,N,,,,,,,,,,,,,,,,,,,,,,35,,,,,,,,,,3,1,0,0,0,1,0,0,0,,,,,,,,
17111403,2,1,N,N,43,1J4PN2GK7BW575810,2011,17,429,1181,104,N,78745,1,2,9,3,10,,,,N,DRIVEN AWAY,TIRE SHOP,N,,,,,,,,,,,,,,,,,,,,,,0,,,,,,,,,,1,1,0,0,0,3,0,0,0,,,,,,,,
17111404,1,1,N,Y,,,,,71,,30,N,,,,,,,,,,,,,N,,,,,,,,,,,,,,,,,,,,,,0,,,,,,,,,,5,1,0,0,0,0,0,0,0,,,,,,,,
17111404,2,1,N,N,43,5YFBU4EE6DP173445,2013,21,91,173,104,N,77954,1,2,,4,,,,,Y,EZ AUTO AND TOWING SERVICE,EZ AUTO AND TOWING SERVICE,N,,,,,,,,,,,,,,,,,,,,,,0,,,,,,,,,,5,1,0,0,0,1,0,0,0,,,,,,,,
17111404,3,1,N,N,43,1N6AD0CU9CC406205,2012,21,71,634,104,N,78602,1,2,5,1,6,,,,N,,,N,,,,,,,,,,,,,,,,,,,,,,60,20,,,,,,,,,5,2,0,0,0,1,0,0,0,,,,,,,,
17111406,1,1,N,N,43,3N1CE2CP1FL417158,2015,2,71,1452,104,N,78652,1,1,3,0,12,,,,,,,N,,,,,,,,,,,,,,,,,,,,,,0,,,,,,,,,,8,1,0,0,0,1,0,0,0,,,,,,,,
17111406,2,3,,,,,,,,,,,,,,,,,,,,,,,,,,,,,,,,,,,,,,,,,,,,,20,,,,,,,,,,9,1,0,1,0,0,0,1,0,,,,,,,,
17111413,1,1,N,N,43,3VWD17AJ9FM354231,2015,2,96,316,104,N,78749,1,1,10,4,2,,,,N,SOUTHSIDE WRECKER INC,8200 S. CONGRESS AVE,N,,,,,,,,,,,,,,,,,,,,,,20,,,,,,,,,,1,1,0,0,0,1,0,0,0,,,,,,,,
17111413,2,1,N,N,43,3GCUKREC5FG522114,2015,3,107,658,30,N,78704,1,1,2,1,12,,,,N,NOT TOWED,NOT TOWED,N,,,,,,,,,,,,,,,,,,,,,,0,,,,,,,,,,7,1,0,0,0,1,0,0,0,,,,,,,,
17111420,1,1,N,N,43,JYAVN05E2EA004883,2014,10,101,4600,71,N,78750,1,2,10,2,3,15,1,9,N,ATX-VIP TOWING SERVICES,ATX-VIP TOWING SERVICES,N,,,,,,,,,,,,,,,,,,,,,,0,,,,,,,,,,7,1,0,1,0,0,0,1,0,,,,,,,,
17111420,2,1,N,N,43,1G1ZE5ST4HF112640,2017,2,107,56,104,N,78726,1,2,10,2,3,,,,N,,,N,,,,,,,,,,,,,,,,,,,,,,0,,,,,,,,,,7,1,0,0,0,2,0,0,0,,,,,,,,
17111422,1,1,N,N,43,4A4AP3AU5FE018713,2015,,68,2497,104,N,78758,1,1,2,3,1,,,,N,,,N,,,,,,,,,,,,,,,,,,,,,,37,,,,,,,,,,5,1,0,0,0,1,0,0,0,,,,,,,,
17111422,2,1,N,N,43,JTEBU11F670073823,2007,2,91,395,69,N,78634,1,1,7,2,9,,,,N,,,N,,,,,,,,,,,,,,,,,,,,,,0,,,,,,,,,,3,1,0,0,0,1,0,0,0,,,,,,,,
17111422,3,6,,,,,,,,,,,78676,,,,,,,,,,,,,,,,,,,,,,,,,,,,,,,,,,0,,,,,,,,,,9,2,0,0,0,0,0,0,0,,,,,,,,
17111457,1,1,N,N,43,5LMFU27597LJ18481,2007,21,113,638,69,N,78744,1,2,1,3,12,,,,Y,620 LAKESIDE TOWING,620 LAKESIDE TOWING,N,,,,,,,,,,,,,,,,,,,,,,74,,,,,,,,,,1,1,0,0,0,1,0,0,0,,,,,,,,
17111457,2,1,N,N,43,2D8HN54PX8R750095,2008,8,109,550,103,N,78726,1,2,8,3,6,4,2,3,N,620 LAKESIDE TOWING,620 LAKESIDE TOWING,N,,,,,,,,,,,,,,,,,,,,,,0,,,,,,,,,,1,1,0,0,0,2,0,0,0,,,,,,,,
17111458,1,1,N,Y,43,1G1ZS52F15F122590,2005,9,107,56,104,N,77532,2,,6,4,6,,,,Y,620 LAKESIDE TOWING,620 LAKESIDE TOWING,N,,,,,,,,,,,,,,,,,,,,,,41,44,74,,,,,,,,11,1,0,0,0,2,1,0,0,,,,,,,,
17111459,1,1,N,N,43,3C4PDCBB2GT148425,2016,2,109,1166,69,N,78750,1,2,4,4,2,,,,N,EZ TOWING,"1830 OAK HILL LANE, AUSTIN, TEXAS, 78744",N,,,,,,,,,,,,,,,,,,,,,,44,,,,,,,,,,6,1,0,1,0,0,0,1,0,,,,,,,,
17111459,2,1,N,N,43,5TBET34154S457707,2004,3,91,687,30,N,78681,1,2,8,2,4,,,,N,NA,NA,N,,,,,,,,,,,,,,,,,,,,,,0,,,,,,,,,,6,1,0,2,0,0,0,2,0,,,,,,,,
17111460,1,1,N,N,43,WVWBP7AN5DE537706,2013,17,96,473,104,N,78723,2,,2,1,12,,,,,NOT TOWED,NOT TOWED,N,,,,,,,,,,,,,,,,,,,,,,,,,20,29,,,,,,8,1,0,0,0,1,0,0,0,,,,,,,,
17111460,2,3,,,,,,,,,,,,,,,,,,,,,,,,,,,,,,,,,,,,,,,,,,,,,0,,,,,,,,,,9,1,0,0,1,0,0,1,0,,,,,,,,
17111461,1,1,N,N,43,4T1BF32K52U016547,2002,21,91,380,104,N,78714,2,,2,5,12,,,,Y,EZ AUTO AND TOWING SERVICE,EZ AUTO AND TOWING SERVICE,N,,,,,,,,,,,,,,,,,,,,,,20,,,,,,,,,,1,1,0,1,0,0,0,1,0,,,,,,,,
17111461,2,1,N,N,43,KNDJN2A29K7916607,2019,10,55,767,69,N,78751,1,2,6,6,6,2,6,12,Y,ROCHAS TOWING SERVICE,ROCHAS TOWING SERVICE,N,,,,,,,,,,,,,,,,,,,,,,0,,,,,,,,,,1,1,0,1,0,1,0,1,0,,,,,,,,
17111461,3,1,Y,N,43,9BWGL61J164002377,2006,17,96,381,104,N,76542,2,,6,5,6,,,,Y,HARPERS TOWING SERVICE INC,HARPERS TOWING SERVICE INC,N,,,,,,,,,,,,,,,,,,,,,,0,,,,,,,,,,1,2,0,0,0,0,0,0,0,,,,,,,,
17111462,1,1,N,N,43,55SWF4JB1FU094835,2015,17,65,118,104,N,78753,1,2,2,2,1,,,,N,AUS-TEX AUTO ENTERPRISES LLC,AUS-TEX AUTO ENTERPRISES LLC,N,,,,,,,,,,,,,,,,,,,,,,37,,,20,,,,,,,7,1,0,0,0,1,0,0,0,,,,,,,,
17111462,2,1,N,N,43,WBY2Z2C51GV675935,2016,21,14,2747,100,N,78754,1,2,11,2,,3,2,10,N,LAMONT & SONS,LAMONT & SONS,N,,,,,,,,,,,,,,,,,,,,,,0,,,,,,,,,,3,1,0,0,1,0,0,1,0,,,,,,,,
17111463,1,1,N,N,43,3GCEC13C57G550650,2007,8,107,658,30,N,78761,1,2,2,1,12,,,,N,,,N,,,,,,,,,,,,,,,,,,,,,,22,44,,,,,,,,,4,1,0,0,0,1,0,0,0,,,,,,,,
17111463,2,1,N,N,43,3FA6P0H76ER198491,2014,17,37,1097,104,N,78754,1,2,6,3,6,4,1,1,N,EZ AUTO AND TOWING SERVICE,EZ AUTO AND TOWING SERVICE,N,,,,,,,,,,,,,,,,,,,,,,0,,,,,,,,,,4,1,0,0,0,2,0,0,0,,,,,,,,
17111463,3,1,N,N,43,1N4AL3AP6DN547524,2013,21,71,500,104,N,78758,1,2,7,1,5,,,,N,,,N,,,,,,,,,,,,,,,,,,,,,,74,,,,,,,,,,4,2,0,0,0,1,0,0,0,,,,,,,,
17111464,1,1,N,N,43,YV1RS61T632260578,2003,21,98,723,104,N,77979,1,1,2,4,12,,,,N,FINGER TOWING SERVICE,FINGER TOWING SERVICE,N,,,,,,,,,,,,,,,,,,,,,,44,,,,,,,,,,3,1,0,0,0,1,0,0,0,,,,,,,,
17111464,2,1,N,N,43,1G1JC5SH0E4108123,2014,16,107,2243,104,N,78759,1,1,6,3,6,,,,N,,,N,,,,,,,,,,,,,,,,,,,,,,0,,,,,,,,,,3,1,0,0,0,2,0,0,0,,,,,,,,
17111465,1,1,N,N,43,1GT42YE80GF209612,2016,2,39,2342,30,N,78732,1,1,2,5,12,,,,,A-TEX TOWING,AUS-TEX AUTO ENTERPRISES LLC,N,,,,,,,,,,,,,,,,,,,,,,,,,45,22,,,,,,7,1,0,0,0,0,1,0,0,,,,,,,,
17111466,1,1,N,N,43,3HGCM56475G710512,2005,2,44,236,104,N,78611,1,2,11,1,,,,,N,,,N,,,,,,,,,,,,,,,,,,,,,,0,,,,,,,,,,8,1,0,0,0,1,0,0,0,,,,,,,,
17111466,2,1,N,N,43,1G1ZB5E05CF311148,2012,1,107,56,104,N,78660,1,2,12,2,,,,,N,,,N,,,,,,,,,,,,,,,,,,,,,,0,,,,,,,,,,2,1,0,0,0,2,0,0,0,,,,,,,,
17111467,1,1,N,Y,43,1FAFP40423F354139,2003,16,37,96,100,N,,1,2,2,3,12,,,,N,ARMADA TOWING,ARMADA TOWING,N,,,,,,,,,,,,,,,,,,,,,,0,,,,,,,,,,11,1,0,0,0,0,0,0,0,,,,,,,,
17111467,2,1,N,N,43,2G4WC582181287381,2008,17,105,1175,104,N,,2,,4,1,3,,,,N,,,N,,,,,,,,,,,,,,,,,,,,,,0,,,,,,,,,,11,2,0,0,0,1,0,0,0,,,,,,,,
17111470,1,1,N,N,43,1GKLRLED7AJ110737,2010,17,39,894,69,N,78617,3,2,2,3,,,,,Y,ROCHAS TOWING SERVICE,ROCHAS TOWING SERVICE,N,,,,,,,,,,,,,,,,,,,,,,44,19,,,,,,,,,1,1,0,0,1,1,0,1,0,,,,,,,,
17111470,2,1,N,N,43,1GCCS1442WK237046,1998,3,107,2233,30,N,78602,2,,6,4,,,,,Y,ATX-VIP TOWING SERVICES,ATX-VIP TOWING SERVICES,N,,,,,,,,,,,,,,,,,,,,,,0,,,,,,,,,,1,1,1,0,0,0,0,1,0,,,,,,,,
17111473,1,1,N,N,43,1GCGG25V271119277,2007,21,107,731,103,N,78753,1,2,3,4,1,,,,,AUS-TEX AUTO ENTERPRISES LLC,AUS-TEX AUTO ENTERPRISES LLC,N,,,,,,,,,,,,,,,,,,,,,,23,,,,,,,,,,2,1,0,0,0,1,0,0,0,,,,,,,,
17111479,1,1,N,N,43,3N1CE2CP4FL441129,2015,17,71,3996,104,N,78741,1,1,14,4,4,,,,N,,,N,,,,,,,,,,,,,,,,,,,,,,0,,,,,,,,,,1,1,0,0,3,2,0,3,0,,,,,,,,
17111479,2,1,N,N,43,,2005,16,74,4058,87,N,76527,1,1,,,,,,,N,,,Y,Y,N,N,3,3,,8,0,80000,N,,,,,5,13,,,,,,0,,,,,,,,,,1,1,0,0,0,1,0,0,0,N,0,,,,,N,
17111479,3,6,,,,,,,,,,,,,,,,,,,,,,,,,,,,,,,,,,,,,,,,,,,,,0,,,,,,,,,,9,2,0,0,0,0,0,0,0,,,80000,0,2,N,,
17111481,1,1,N,N,43,1FTYR10DX8PB10610,2008,21,37,357,30,N,,1,1,2,3,12,,,,N,620 LAKESIDE TOWING,620 LAKESIDE TOWING,N,,,,,,,,,,,,,,,,,,,,,,20,,,,,,,,,,2,1,0,0,0,2,0,0,0,,,,,,,,
17111481,2,1,N,N,43,1FTCF15N1GPB02947,1986,1,37,2324,30,N,78613,1,1,6,1,6,,,,N,,,N,,,,,,,,,,,,,,,,,,,,,,0,,,,,,,,,,2,1,0,1,0,0,0,1,0,,,,,,,,
17111483,1,1,N,N,76,3LNHL2GC9CR833690,2012,21,113,2452,104,N,66450,1,2,2,4,,,,,N,,,N,,,,,,,,,,,,,,,,,,,,,,44,,,,,,,,,,2,1,0,0,0,1,0,0,0,,,,,,,,
17111483,2,1,N,N,43,1GNEC13T15R182732,2005,19,107,547,69,N,78209,1,2,6,2,,2,1,,N,,,N,,,,,,,,,,,,,,,,,,,,,,0,,,,,,,,,,2,1,0,0,0,1,0,0,0,,,,,,,,
17111483,3,1,N,N,43,JN8DR07X61W512102,2001,16,71,531,69,N,78212,1,2,6,2,,,,,N,,,N,,,,,,,,,,,,,,,,,,,,,,0,,,,,,,,,,2,2,0,0,0,1,0,0,0,,,,,,,,
17111484,1,1,N,N,43,1J4FA59S01P304280,2001,21,429,1464,100,N,78701,1,1,2,4,12,,,,N,HARPERS TOWING SERVICE INC,HARPERS TOWING SERVICE INC,N,,,,,,,,,,,,,,,,,,,,,,20,,,,,,,,,,7,1,0,0,0,1,0,0,0,,,,,,,,
17111484,2,1,N,N,43,3MZBN1W31JM179985,2018,3,63,3917,104,N,78741,1,1,6,4,6,2,2,12,N,,,N,,,,,,,,,,,,,,,,,,,,,,0,,,,,,,,,,7,1,0,0,0,1,0,0,0,,,,,,,,
17111484,3,1,N,N,43,1C6RR6LM9FS677034,2015,3,710,4100,30,N,78734,1,1,6,1,6,,,,N,,,N,,,,,,,,,,,,,,,,,,,,,,0,,,,,,,,,,7,2,0,0,0,1,0,0,0,,,,,,,,
17111487,1,1,N,N,43,1CYCLL58XDT050833,2013,10,207,9998,92,N,78744,1,7,3,4,10,,,,,,,N,,,,,,,,,,,,,,,,,,,,,,20,,,,,,,,,,6,1,0,0,0,2,0,0,0,,,,,,,,
17111487,2,1,N,N,43,2D8HN54P88R831421,2008,16,109,1115,103,N,78721,1,2,10,5,3,,,,,EZ AUTO AND TOWING SERVICE,IMPOUND,N,,,,,,,,,,,,,,,,,,,,,,0,,,,,,,,,,6,1,0,0,1,2,0,1,0,,,,,,,,
17111491,1,1,N,N,3,1GCNCNEC9JZ904634,2018,21,107,2236,30,N,85036,2,,1,3,12,,,,Y,SPECIAL AUTOMOTIVE SERVICE INC,SPECIAL AUTOMOTIVE SERVICE INC,N,,,,,,,,,,,,,,,,,,,,,,40,,,,,,,,,,1,1,0,0,1,0,0,1,0,,,,,,,,
17111491,2,1,N,N,43,1C4NJRBBXHD142303,2017,9,429,1273,104,N,78741,1,2,10,3,5,7,3,5,Y,ROCHAS TOWING SERVICE,ROCHAS TOWING SERVICE,N,,,,,,,,,,,,,,,,,,,,,,0,,,,,,,,,,11,1,0,1,0,0,0,1,0,,,,,,,,
17111491,3,1,Y,N,46,JH4CL96837C011362,2007,17,1,1430,104,N,22205,1,2,,,,,,,Y,ROCHAS TOWING SERVICE,ROCHAS TOWING SERVICE,N,,,,,,,,,,,,,,,,,,,,,,0,,,,,,,,,,11,2,0,0,0,0,0,0,0,,,,,,,,
17111491,4,1,Y,N,43,1C6RD6NT9CS280762,2012,18,710,4100,30,N,78704,1,2,3,1,1,,,,N,,,N,,,,,,,,,,,,,,,,,,,,,,0,,,,,,,,,,11,2,0,0,0,0,0,0,0,,,,,,,,
17111493,1,1,N,N,43,WA1DGAFE1ED010388,2014,21,8,1285,69,N,78745,1,2,11,4,9,,,,N,ATX-VIP TOWING SERVICES,ATX-VIP TOWING SERVICES,N,,,,,,,,,,,,,,,,,,,,,,65,,,,,,,,,,4,1,0,1,0,1,0,1,0,,,,,,,,
17111493,2,1,N,N,43,5YFBU4EE5CP032896,2012,2,91,173,104,N,78731,1,2,4,5,1,18,4,3,N,EZ AUTO AND TOWING SERVICE,EZ AUTO AND TOWING SERVICE,N,,,,,,,,,,,,,,,,,,,,,,0,,,,,,,,,,4,1,0,1,0,0,0,1,0,,,,,,,,
17111495,1,1,N,N,43,1C4PJLCBXFW711611,2015,17,429,970,69,N,78645,1,1,3,6,12,,,,N,ARMADA TOWING,ARMADA TOWING,N,,,,,,,,,,,,,,,,,,,,,,44,,,,,,,,,,5,1,0,0,0,1,0,0,0,,,,,,,,
17111495,2,1,N,N,43,JN8AY2ND2H9007872,2017,2,71,784,69,N,78628,1,1,8,4,4,,,,N,AUS-TEX AUTO ENTERPRISES LLC,AUS-TEX AUTO ENTERPRISES LLC,N,,,,,,,,,,,,,,,,,,,,,,0,,,,,,,,,,5,1,0,0,0,1,0,0,0,,,,,,,,
17111497,1,1,N,N,43,1GCWGAFF9G1310563,2016,21,107,195,103,N,78664,1,2,11,4,9,,,,N,SPECIAL AUTOMOTIVE SERVICE INC,SPECIAL AUTOMOTIVE SERVICE INC,N,,,,,,,,,,,,,,,,,,,,,,37,,,,,,,,,,6,1,0,0,1,0,0,1,0,,,,,,,,
17111497,2,1,N,N,43,5TFEV58108X064818,2008,9,91,687,30,N,78748,1,2,4,4,2,,,,N,A-TEX TOWING,5526 1/2 W HWY 290,N,,,,,,,,,,,,,,,,,,,,,,0,,,,,,,,,,8,1,0,0,1,0,0,1,0,,,,,,,,
17111498,1,1,N,N,43,2GCEC19V111178913,2001,21,107,2202,30,N,78628,1,2,2,1,12,,,,N,,,N,,,,,,,,,,,,,,,,,,,,,,44,,,20,,,,,,,6,1,0,0,0,1,0,0,0,,,,,,,,
17111498,2,1,N,N,43,5FNYF3H51BB049537,2011,5,44,761,69,N,78660,1,2,6,1,6,,,,N,,,N,,,,,,,,,,,,,,,,,,,,,,0,,,,,,,,,,6,1,0,0,0,1,0,0,0,,,,,,,,
17111498,3,1,N,N,43,1C4RJEAG9GC394183,2016,2,429,1116,69,N,77096,1,2,6,1,,2,1,12,N,,,N,,,,,,,,,,,,,,,,,,,,,,0,,,,,,,,,,6,2,0,0,0,1,0,0,0,,,,,,,,
17111498,4,1,N,N,43,1G6AB5RA1D0177771,2013,2,106,2190,104,N,78660,1,2,6,1,,,,,N,,,N,,,,,,,,,,,,,,,,,,,,,,0,,,,,,,,,,6,2,0,0,0,1,0,0,0,,,,,,,,
17111500,1,1,N,N,43,1C4NJRFB0FD117966,2015,17,429,1273,104,N,78734,1,2,2,3,12,,,,N,,,N,,,,,,,,,,,,,,,,,,,,,,20,,,,,,,,,,3,1,0,0,0,1,0,0,0,,,,,,,,
17111500,2,1,N,N,43,WA1C2AFP2HA091872,2017,2,8,1284,104,N,78737,1,2,6,2,6,,,,N,SPECIAL AUTOMOTIVE SERVICE INC,SPECIAL AUTOMOTIVE SERVICE INC,N,,,,,,,,,,,,,,,,,,,,,,0,,,,,,,,,,3,1,0,0,0,4,0,0,0,,,,,,,,
17111501,1,1,N,N,43,1N4AL3APXEN342256,2014,21,71,500,104,N,78745,1,2,11,4,,,,,Y,HARPERS TOWING SERVICE INC,HARPERS TOWING SERVICE INC,N,,,,,,,,,,,,,,,,,,,,,,23,20,,,,,,,,,6,1,0,0,0,1,0,0,0,,,,,,,,
17111501,2,1,N,N,43,1C6RR6FT4FS613695,2015,21,710,4100,30,N,63132,1,2,13,5,,15,2,,Y,SOUTHSIDE WRECKER INC,8200 S. CONGRESS AVE,N,,,,,,,,,,,,,,,,,,,,,,0,,,,,,,,,,2,1,0,0,1,0,0,1,0,,,,,,,,
17111501,3,1,N,N,43,1FTEW1C82AKA27458,2010,2,37,2324,30,N,78666,1,2,3,3,,,,,Y,SOUTHSIDE WRECKER INC,8200 S. CONGRESS AVE,N,,,,,,,,,,,,,,,,,,,,,,0,,,,,,,,,,6,2,0,1,0,1,0,1,0,,,,,,,,
17113218,1,1,N,N,43,1N4DL01D21C169811,2001,2,71,437,104,N,78702,1,2,2,3,3,,,,N,INTERSTATE TOWING,"2213 SANTA ROSA STREET, AUSTIN TX 78702",N,,,,,,,,,,,,,,,,,,,,,,35,,,,,,,,,,8,1,0,1,0,1,0,1,0,,,,,,,,
17113218,2,1,N,N,43,1GC4KYCY9JF137643,2018,21,107,658,30,N,78634,1,2,9,2,9,,,,N,LAKESIDE TOWING,"427 LITTLE LAKE ROAD, HUTTO TX 78634",N,,,,,,,,,,,,,,,,,,,,,,0,,,,,,,,,,6,1,0,0,0,1,0,0,0,,,,,,,,
17113398,1,1,N,N,43,1XKADB9X38J208582,2008,3,54,5521,87,N,78617,1,2,,,,,,,N,VEHICLE NOT TOWED,,Y,Y,N,N,1,3,78617,5,80000,0,N,,,,,6,20,,,,,,23,,,,,,,,,,1,1,0,0,0,1,0,0,0,N,0,,,,,N,
17113398,2,6,,,,,,,,,,,78617,,,,,,,,,,,,,,,,,,,,,,,,,,,,,,,,,,0,,,,,,,,,,9,2,0,0,0,0,0,0,0,,,12800,0,2,N,,
17113398,3,1,N,N,43,3N1CB51D44L903401,2004,16,71,341,104,N,78617,1,2,8,3,6,2,2,2,,A-TEX TOWING: 512-383-5900,"5526-1/2 W US 290, AUSTIN 78735",N,,,,,,,,,,,,,,,,,,,,,,0,,,,,,,,,,1,1,0,0,1,1,0,1,0,,,,,,,,
17115873,1,1,N,Y,43,WBAKF3C51CE974428,2012,9,14,588,100,N,78640,1,2,2,3,12,,,,Y,EZ TOWING,"1830 OAK HILL LN, AUSTIN TX 78744",N,,,,,,,,,,,,,,,,,,,,,,0,,,,,,,,,,7,1,0,0,0,0,1,0,0,,,,,,,,
17117986,1,1,N,N,43,KMHWF35H84A006553,2004,17,45,377,104,N,78723,1,1,13,3,10,,,,Y,ARMADA TOWING,ARMADA TOWING,N,,,,,,,,,,,,,,,,,,,,,,0,,,,,,,,,,3,1,0,0,1,0,0,1,0,,,,,,,,
17117986,2,1,N,N,43,KMHDU4ADXAU108999,2010,8,45,480,104,N,78681,1,1,3,3,11,,,,Y,SPECIAL AUTOMOTIVE SERVICE INC,SPECIAL AUTOMOTIVE SERVICE INC,N,,,,,,,,,,,,,,,,,,,,,,0,,,,,,,,,,7,1,0,0,0,1,0,0,0,,,,,,,,
17118173,1,1,N,N,43,2GCEC130391104093,2009,21,107,2236,30,N,78701,1,1,8,0,5,,,,N,DRIVER,DRIVEN FROM SCENE,N,,,,,,,,,,,,,,,,,,,,,,20,,,,,,,,,,5,1,0,0,0,1,0,0,0,,,,,,,,
17118173,2,1,Y,N,43,JH4CU26659C032865,2009,2,1,1430,100,N,77004,,,10,1,4,,,,N,,,N,,,,,,,,,,,,,,,,,,,,,,0,,,,,,,,,,3,1,0,0,0,0,0,0,0,,,,,,,,
17118279,1,1,N,N,43,3N1AB7AP2JY240860,2018,21,71,341,104,N,,1,1,4,4,2,2,3,1,N,DRIVER,DRIVEN FROM SCENE,N,,,,,,,,,,,,,,,,,,,,,,37,,,,,,,,,,7,1,0,0,0,1,0,0,0,,,,,,,,
17118279,2,1,N,N,43,JN8AZ08T17W526402,2007,9,71,777,104,N,77065,1,1,4,3,2,,,,,,,N,,,,,,,,,,,,,,,,,,,,,,0,,,,,,,,,,3,1,0,0,0,1,0,0,0,,,,,,,,
17118280,1,1,N,N,43,1G1ZU54874F195440,2004,10,107,56,104,N,77065,3,1,4,1,2,,,,N,DRIVER,DRIVEN FROM SCENE,N,,,,,,,,,,,,,,,,,,,,,,19,,,,,,,,,,7,1,0,0,0,1,0,0,0,,,,,,,,
17118280,2,1,N,N,43,1C6RR7YTXFS751406,2015,16,109,2275,30,N,78626,1,2,14,2,4,,,,N,DRIVER,DRIVEN FROM SCENE,N,,,,,,,,,,,,,,,,,,,,,,0,,,,,,,,,,7,1,0,0,0,1,0,0,0,,,,,,,,
17118914,1,1,N,N,43,1FT8W3DT9CEC45071,2012,2,37,2326,30,N,78640,1,2,1,2,12,,,,N,STARS TOWING,STARS TOWING,N,,,,,,,,,,,,,,,,,,,,,,16,,,,,,,,,,11,1,0,0,0,1,0,0,0,,,,,,,,