Crash_ID,Unit_Nbr,Unit_Desc_ID,Veh_Parked_Fl,Veh_HNR_Fl,Veh_Lic_State_ID,VIN,Veh_Mod_Year,Veh_Color_ID,Veh_Make_ID,Veh_Mod_ID,Veh_Body_Styl_ID,Emer_Respndr_Fl,Ownr_Zip,Fin_Resp_Proof_ID,Fin_Resp_Type_ID,Veh_Dmag_Area_1_ID,Veh_Dmag_Scl_1_ID,Force_Dir_1_ID,Veh_Dmag_Area_2_ID,Veh_Dmag_Scl_2_ID,Force_Dir_2_ID,Veh_Inventoried_Fl,Veh_Transp_Name,Veh_Transp_Dest,Veh_Cmv_Fl,Cmv_Fiveton_Fl,Cmv_Hazmat_Fl,Cmv_Nine_Plus_Pass_Fl,Cmv_Veh_Oper_ID,Cmv_Carrier_ID_Type_ID,Cmv_Carrier_Zip,Cmv_Veh_Type_ID,Cmv_GVWR,Cmv_RGVW,Cmv_Hazmat_Rel_Fl,Hazmat_Cls_1_ID,Hazmat_IDNbr_1_ID,Hazmat_Cls_2_ID,Hazmat_IDNbr_2_ID,Cmv_Cargo_Body_ID,Cmv_Evnt1_ID,Cmv_Evnt2_ID,Cmv_Evnt3_ID,Cmv_Evnt4_ID,Cmv_Tot_Axle,Cmv_Tot_Tire,Contrib_Factr_1_ID,Contrib_Factr_2_ID,Contrib_Factr_3_ID,Contrib_Factr_P1_ID,Contrib_Factr_P2_ID,Veh_Dfct_1_ID,Veh_Dfct_2_ID,Veh_Dfct_3_ID,Veh_Dfct_P1_ID,Veh_Dfct_P2_ID,Veh_Trvl_Dir_ID,First_Harm_Evt_Inv_ID,Sus_Serious_Injry_Cnt,Nonincap_Injry_Cnt,Poss_Injry_Cnt,Non_Injry_Cnt,Unkn_Injry_Cnt,Tot_Injry_Cnt,Death_Cnt,Cmv_Disabling_Damage_Fl,Cmv_Bus_Type_ID,Trlr_GVWR,Trlr_RGVW,Trlr_Type_ID,Trlr_Disabling_Dmag_ID,Cmv_Intermodal_Container_Permit_Fl,CMV_Actual_Gross_Weight
17118914,2,1,N,N,24,5N1AA0ND8CN611572,2012,2,71,784,69,N,39114,1,2,15,4,,,,,Y,SPECIAL AUTOMOTIVE SERVICE INC,SPECIAL AUTOMOTIVE SERVICE INC,N,,,,,,,,,,,,,,,,,,,,,,0,,,,,,,,,,11,1,0,0,0,1,0,0,0,,,,,,,,
17118915,1,1,N,N,43,2C4RC1BG8ER169226,2014,16,21,64,103,N,78681,1,2,15,1,6,,,,N,N/A,N/A,N,,,,,,,,,,,,,,,,,,,,,,37,4,,,,,,,,,1,1,0,0,0,4,0,0,0,,,,,,,,
17118915,2,1,N,N,43,1C4NJPFA3GD726823,2016,2,429,1273,69,N,78626,1,2,10,0,12,,,,N,N/A,N/A,N,,,,,,,,,,,,,,,,,,,,,,0,,,,,,,,,,1,1,0,0,0,1,0,0,0,,,,,,,,
17118916,1,1,N,N,43,3GCPCREC3JG388626,2018,2,107,2236,30,N,78758,1,2,2,1,12,,,,N,N/A,N/A,N,,,,,,,,,,,,,,,,,,,,,,29,,,,,,,,,,6,1,0,0,0,1,0,0,0,,,,,,,,
17118916,2,1,N,N,43,2GNFLDE30E6224080,2014,16,107,1048,69,N,78758,1,2,6,2,6,,,,N,N/A,N/A,N,,,,,,,,,,,,,,,,,,,,,,0,,,,,,,,,,6,1,0,0,0,1,0,0,0,,,,,,,,
17118917,1,1,N,N,43,5YFBU4EE7CP003464,2012,9,91,173,104,N,78758,1,1,2,7,12,,,,Y,ATX-VIP TOWING SERVICES,ATX-VIP TOWING SERVICES,N,,,,,,,,,,,,,,,,,,,,,,68,,,,,,,,,,4,1,0,0,0,1,0,0,0,,,,,,,,
17118917,2,1,N,N,43,1C6RR6LT9ES455180,2014,2,710,4100,30,N,78758,1,1,2,5,10,,,,N,STARS TOWING,STARS TOWING,N,,,,,,,,,,,,,,,,,,,,,,0,,,,,,,,,,2,1,0,0,0,1,0,0,0,,,,,,,,
17118918,1,1,N,N,43,1G1PE5SB9E7179108,2014,2,107,2209,104,N,75033,1,2,2,4,12,,,,N,SOUTHSIDE WRECKER INC,8200 S. CONGRESS AVE,N,,,,,,,,,,,,,,,,,,,,,,22,,,,,,,,,,1,1,0,0,0,1,0,0,0,,,,,,,,
17118918,2,1,N,N,43,1C6RR7YT5HS784767,2017,2,109,2275,30,N,78747,1,2,6,2,6,,,,N,,,N,,,,,,,,,,,,,,,,,,,,,,0,,,,,,,,,,1,1,0,0,0,1,0,0,0,,,,,,,,
17118919,1,1,N,N,33,1GCEC14X93Z213250,2003,21,107,658,30,N,78758,2,,15,2,9,,,,Y,SOUTHSIDE WRECKER INC,8200 S. CONGRESS AVE,N,,,,,,,,,,,,,,,,,,,,,,45,,,,,,,,,,3,1,0,0,0,1,0,0,0,,,,,,,,
17118919,2,1,N,N,43,3N1AB7AP5HY266881,2017,2,71,341,104,N,78216,1,7,10,2,3,,,,,EZ AUTO AND TOWING SERVICE,EZ AUTO AND TOWING SERVICE,N,,,,,,,,,,,,,,,,,,,,,,0,,,,,,,,,,3,1,0,0,0,1,0,0,0,,,,,,,,
17118920,1,1,N,N,43,1NXBR12E6XZ210730,1999,21,91,173,104,N,78759,1,2,2,3,12,,,,N,620 LAKESIDE TOWING,620 LAKESIDE TOWING,N,,,,,,,,,,,,,,,,,,,,,,,,,37,,,,,,,5,1,0,0,0,1,0,0,0,,,,,,,,
17118920,2,1,N,N,43,ZACCJAAT9FPC11452,2015,2,429,4686,69,N,78730,1,2,2,3,12,,,,N,STARS TOWING,STARS TOWING,N,,,,,,,,,,,,,,,,,,,,,,,,,16,,,,,,,1,1,0,0,0,1,0,0,0,,,,,,,,
17118922,1,1,N,N,43,1GTEC19M4WE540326,1998,3,39,3036,30,N,78744,1,2,4,4,12,,,,N,A-TEX TOWING,5526 1/2 W HWY 290,N,,,,,,,,,,,,,,,,,,,,,,74,,,19,,,,,,,5,1,0,0,0,1,0,0,0,,,,,,,,
17118922,2,1,N,N,43,1HGCR3F01HA018705,2017,21,44,236,104,N,78744,1,2,14,4,2,2,2,11,N,STARS TOWING,STARS TOWING,N,,,,,,,,,,,,,,,,,,,,,,0,,,,,,,,,,5,1,0,0,0,1,0,0,0,,,,,,,,
17118922,3,1,N,N,43,1GCEC19V4YE331020,2000,21,107,2202,30,N,78617,1,2,3,3,11,,,,N,EZ AUTO AND TOWING SERVICE,EZ AUTO AND TOWING SERVICE,N,,,,,,,,,,,,,,,,,,,,,,0,,,,,,,,,,3,2,0,0,0,1,0,0,0,,,,,,,,
17118923,1,1,N,N,43,1B7HC16Y3RS523401,1994,16,109,2275,30,N,,1,1,2,2,12,,,,N,,,N,,,,,,,,,,,,,,,,,,,,,,0,,,,,,,,,,1,1,0,0,0,1,0,0,0,,,,,,,,
17118923,2,1,N,N,43,1FAHP34NX8W294589,2008,3,37,696,104,N,78748,1,1,6,3,6,,,,N,,,N,,,,,,,,,,,,,,,,,,,,,,0,,,,,,,,,,1,1,0,0,2,1,0,2,0,,,,,,,,
17118926,1,1,N,N,43,2C4RDGBG6DR571180,2013,10,109,1115,103,N,78753,1,7,4,2,1,,,,Y,ROCHAS TOWING SERVICE,OWNERS RESIDENCE/REQUEST,N,,,,,,,,,,,,,,,,,,,,,,19,,,20,,,,,,,6,1,0,0,0,1,0,0,0,,,,,,,,
17118932,1,1,N,N,43,5XYPG4A55JG355771,2018,21,55,767,104,N,78731,1,1,1,3,12,,,,Y,AUS-TEX AUTO ENTERPRISES LLC,AUS-TEX AUTO ENTERPRISES LLC,N,,,,,,,,,,,,,,,,,,,,,,45,,,,,,,,,,7,1,0,0,0,1,0,0,0,,,,,,,,
17118938,1,1,N,N,43,1GCHC29U15E135168,2005,21,107,658,30,N,78602,1,7,2,1,12,,,,N,,,N,,,,,,,,,,,,,,,,,,,,,,20,,,,,,,,,,5,1,0,0,0,1,0,0,0,,,,,,,,
17118938,2,1,N,N,43,WAUTPBFF0GA109530,2016,2,8,708,104,N,78640,1,2,6,2,6,,,,Y,SPECIAL AUTOMOTIVE SERVICE INC,SPECIAL AUTOMOTIVE SERVICE INC,N,,,,,,,,,,,,,,,,,,,,,,0,,,,,,,,,,5,1,0,0,0,1,0,0,0,,,,,,,,
17118943,1,1,N,N,43,1FTNW20L0YEB31812,2000,8,37,101,106,N,78741,1,2,1,1,12,,,,N,NOT TOWED,NOT TOWED,N,,,,,,,,,,,,,,,,,,,,,,44,,,,,,,,,,1,1,0,0,0,1,0,0,0,,,,,,,,
17118943,2,1,N,N,43,JN8AF5MR6BT002768,2011,3,71,2505,104,N,78749,1,2,6,3,6,2,2,12,Y,STARS TOWING,STARS TOWING,N,,,,,,,,,,,,,,,,,,,,,,0,,,,,,,,,,1,1,0,0,1,0,0,1,0,,,,,,,,
17118943,3,1,N,N,43,55SWF4JB7HU230226,2017,21,65,671,104,N,78704,1,2,7,1,6,,,,Y,SPECIAL AUTOMOTIVE SERVICE INC,SPECIAL AUTOMOTIVE SERVICE INC,N,,,,,,,,,,,,,,,,,,,,,,0,,,,,,,,,,1,2,0,0,0,1,0,0,0,,,,,,,,
17118943,4,1,N,N,43,19XFB2F59CE086133,2012,9,44,256,104,N,78751,1,2,6,1,6,,,,N,NOT TOWED,NOT TOWED,N,,,,,,,,,,,,,,,,,,,,,,0,,,,,,,,,,1,2,0,0,1,1,0,1,0,,,,,,,,
17118947,1,1,N,N,43,1FUJA6CG63LK23796,2003,3,38,1524,106,N,78801,1,7,9,0,9,,,,Y,AUS-TEX AUTO ENTERPRISES LLC,AUS-TEX AUTO ENTERPRISES LLC,Y,Y,N,N,2,2,78802,7,80000,0,N,,,,,6,13,,,,,,,,,19,,,,,,,4,1,0,1,0,0,0,1,0,N,0,,,,,N,
17118947,2,6,,,,,,,,,,,78801,,,,,,,,,,,,,,,,,,,,,,,,,,,,,,,,,,0,,,,,,,,,,9,2,0,0,0,0,0,0,0,,,10300,0,1,Y,,
17118947,3,1,N,N,43,5NPET46C09H478036,2009,10,45,462,104,N,78747,2,,2,2,12,,,,Y,STARS TOWING,STARS TOWING,N,,,,,,,,,,,,,,,,,,,,,,,,,20,,,,,,,6,1,0,1,0,1,0,1,0,,,,,,,,
17118955,1,1,N,N,43,5TDZK3EHXBS028888,2011,2,91,721,104,N,,1,1,14,3,5,,,,Y,620 LAKESIDE TOWING,620 LAKESIDE TOWING,N,,,,,,,,,,,,,,,,,,,,,,,,,16,,,,,,,7,1,0,1,0,0,0,1,0,,,,,,,,
17118955,2,1,N,N,43,2FMDK3J99DBB14300,2013,2,37,1035,104,N,78613,1,1,4,3,11,,,,Y,620 LAKESIDE TOWING,620 LAKESIDE TOWING,N,,,,,,,,,,,,,,,,,,,,,,0,,,,,,,,,,5,1,0,0,0,1,0,0,0,,,,,,,,
17118959,1,1,N,N,43,4S3BMCJ62D3040439,2013,3,85,443,104,N,77098,1,2,9,3,11,,,,N,DRIVEN FRM SCENE,DRIVEN FRM SCENE,N,,,,,,,,,,,,,,,,,,,,,,33,,,,,,,,,,4,1,0,0,0,1,0,0,0,,,,,,,,
17118959,2,1,N,N,43,3HGGK5H56FM711232,2015,16,44,1083,100,N,78660,1,2,3,3,12,,,,N,AVILES & GABES WRECKER SERVICE INC.,AVILES & GABES WRECKER SERVICE INC.,N,,,,,,,,,,,,,,,,,,,,,,0,,,,,,,,,,6,1,0,1,0,0,0,1,0,,,,,,,,
17118960,1,1,N,N,43,JM1GJ1T65E1156926,2014,21,63,272,104,N,78644,1,1,2,3,12,,,,Y,BULLET TOWING,BULLET TOWING,N,,,,,,,,,,,,,,,,,,,,,,60,,,,,,,,,,4,1,0,0,1,0,0,1,0,,,,,,,,
17118961,1,1,N,N,43,JM1CR293590337031,2009,17,63,1211,104,N,78745,1,1,2,2,12,,,,N,SPECIAL AUTOMOTIVE SERVICE INC,SPECIAL AUTOMOTIVE SERVICE INC,N,,,,,,,,,,,,,,,,,,,,,,20,,,,,,,,,,5,1,0,0,0,1,0,0,0,,,,,,,,
17118961,2,1,N,N,36,3FADP4BJ4CM105447,2012,3,37,229,104,N,37043,1,1,2,3,12,6,0,6,N,A-TEX TOWING,A-TEX,N,,,,,,,,,,,,,,,,,,,,,,0,,,,,,,,,,5,1,0,0,0,1,0,0,0,,,,,,,,
17118961,3,1,N,N,43,JN8AZ1MU1CW100417,2012,9,71,777,104,N,78745,1,1,6,1,6,,,,N,,,N,,,,,,,,,,,,,,,,,,,,,,0,,,,,,,,,,5,2,0,0,1,0,0,1,0,,,,,,,,
17118962,1,1,N,N,43,2HGFG12618H514641,2008,2,44,256,100,N,78750,1,2,4,4,2,,,,N,STARS TOWING,STARS TOWING,N,,,,,,,,,,,,,,,,,,,,,,22,,,,,,,,,,3,1,0,0,0,1,0,0,0,,,,,,,,
17118963,1,1,N,N,43,JHMFC1F72JX007874,2018,2,44,256,104,N,75002,1,1,1,4,12,,,,N,TEXAN TOWING,TEXAN TOWING,N,,,,,,,,,,,,,,,,,,,,,,22,,,,,,,,,,3,1,0,0,0,1,0,0,0,,,,,,,,
17118963,2,1,N,N,43,1FADP3K20DL345066,2013,17,37,696,104,N,78610,1,1,5,5,6,,,,N,,,N,,,,,,,,,,,,,,,,,,,,,,0,,,,,,,,,,3,1,0,0,0,1,0,0,0,,,,,,,,
17118963,3,1,N,N,43,1NXBU40E29Z021112,2009,21,91,173,104,N,78723,1,1,5,1,6,,,,N,,,N,,,,,,,,,,,,,,,,,,,,,,0,,,,,,,,,,3,2,0,0,0,1,0,0,0,,,,,,,,
17118964,1,1,N,N,43,1FTEW1CP7GKF03350,2016,5,37,2324,30,N,78660,1,2,4,2,1,,,,N,EZ AUTO AND TOWING SERVICE,EZ AUTO AND TOWING SERVICE,N,,,,,,,,,,,,,,,,,,,,,,19,,,,,,,,,,6,1,0,0,0,1,0,0,0,,,,,,,,
17118964,2,1,N,N,43,2MEFM75W2XX603854,1999,16,114,1114,104,N,78665,1,2,7,2,7,,,,N,,,N,,,,,,,,,,,,,,,,,,,,,,0,,,,,,,,,,6,1,0,1,0,0,0,1,0,,,,,,,,
17118965,1,1,N,N,43,7F01C164684,1967,16,37,96,100,N,78704,1,1,2,6,12,,,,Y,PRONTO WRECKER SERVICE NORTH,PRONTO WRECKER SERVICE NORTH,N,,,,,,,,,,,,,,,,,,,,,,57,,,,,,,,,,5,1,0,1,0,0,0,1,0,,,,,,,,
17118965,2,1,N,N,43,5FNRL5H6XGB099166,2016,9,44,571,104,N,78752,1,1,2,5,12,,,,Y,EZ AUTO AND TOWING SERVICE,EZ AUTO AND TOWING SERVICE,N,,,,,,,,,,,,,,,,,,,,,,0,,,,,,,,,,1,1,0,0,1,0,1,1,0,,,,,,,,
17118965,3,1,N,N,43,1HGCP2F82CA210942,2012,2,44,236,104,N,78747,2,,,,,,,,N,,,N,,,,,,,,,,,,,,,,,,,,,,0,,,,,,,,,,5,2,0,0,0,1,0,0,0,,,,,,,,
17119008,1,1,N,N,43,1N6BA07D98N344310,2008,11,71,1397,30,N,78723,1,1,2,6,12,3,6,11,Y,BULLET TOWING,BULLET TOWING,N,,,,,,,,,,,,,,,,,,,,,,60,20,,,,,,,,,7,1,0,0,0,1,0,0,0,,,,,,,,
17119008,2,1,Y,N,43,1N4AL3AP0FC463469,2015,16,71,500,104,N,78724,1,1,8,5,5,10,4,4,N,,,N,,,,,,,,,,,,,,,,,,,,,,0,,,,,,,,,,3,2,0,0,0,1,0,0,0,,,,,,,,
17119009,1,1,N,N,43,1FM5K7FH7HGC46872,2017,2,37,554,104,N,78701,1,2,3,0,11,,,,N,,,N,,,,,,,,,,,,,,,,,,,,,,0,,,,,,,,,,11,1,0,0,0,1,0,0,0,,,,,,,,
17119009,2,3,,,,,,,,,,,,,,,,,,,,,,,,,,,,,,,,,,,,,,,,,,,,,0,,,,,,,,,,9,1,0,0,1,0,0,1,0,,,,,,,,
17119010,1,1,N,N,43,2T2ZK1BAXAC010034,2010,2,58,429,104,N,78739,1,1,13,3,9,,,,N,,,N,,,,,,,,,,,,,,,,,,,,,,0,,,,,,,,,,7,1,0,0,0,1,0,0,0,,,,,,,,
17119010,2,1,N,N,43,4T4BF3EKXBR118055,2011,16,91,380,104,N,78703,1,1,2,4,12,,,,N,HARPERS TOWING SERVICE INC,HARPERS TOWING SERVICE INC,N,,,,,,,,,,,,,,,,,,,,,,0,,,,,,,,,,1,1,0,0,0,1,0,0,0,,,,,,,,
17119011,1,1,N,Y,113,,,2,8,,0,N,,,,,,,,,,,,,N,,,,,,,,,,,,,,,,,,,,,,0,,,,,,,,,,1,1,0,0,0,0,1,0,0,,,,,,,,
17119011,2,1,Y,N,43,1FADP3K21EL270542,2014,21,37,101,104,N,78753,1,2,3,5,11,,,,N,,,N,,,,,,,,,,,,,,,,,,,,,,0,,,,,,,,,,1,1,0,0,0,1,0,0,0,,,,,,,,
17119019,1,1,N,N,43,1FT7W2B64BEC29202,2011,2,37,2325,30,N,78640,1,2,16,3,3,,,,N,,,N,,,,,,,,,,,,,,,,,,,,,,37,,,,,,,,,,5,1,0,1,0,0,0,1,0,,,,,,,,
17119019,2,1,N,N,43,2GCEC19T911275680,2001,21,107,2236,30,N,78641,1,2,3,3,11,,,,Y,SPECIAL AUTOMOTIVE SERVICE INC,SPECIAL AUTOMOTIVE SERVICE INC,N,,,,,,,,,,,,,,,,,,,,,,0,,,,,,,,,,3,1,0,0,0,1,0,0,0,,,,,,,,
17119022,1,1,N,N,43,1C4BJWDG4HL665834,2017,3,429,3662,104,N,78757,1,1,4,2,2,,,,,,,N,,,,,,,,,,,,,,,,,,,,,,0,,,,,,,,,,3,1,0,0,0,1,0,0,0,,,,,,,,
17119022,2,4,,,,,,,,,,,,,,,,,,,,,,,,,,,,,,,,,,,,,,,,,,,,,0,,,,,,,,,,9,1,1,0,0,0,0,1,0,,,,,,,,
17119023,1,1,N,N,43,1FTEW1EG6JKC13654,2018,16,37,2324,106,N,78619,1,2,2,1,12,,,,N,,,N,,,,,,,,,,,,,,,,,,,,,,0,,,,,,,,,,5,1,0,0,0,1,0,0,0,,,,,,,,
17119023,2,1,N,N,43,3FADP4AJXEM203029,2014,21,37,229,0,N,78617,1,1,6,1,6,,,,Y,STARS TOWING,STARS TOWING,N,,,,,,,,,,,,,,,,,,,,,,0,,,,,,,,,,5,1,0,0,0,1,0,0,0,,,,,,,,
17119024,1,1,N,N,43,JTDKB20U957008128,2005,9,91,702,104,N,78745,1,1,3,3,11,,,,N,SPECIAL AUTOMOTIVE SERVICE INC,5700 BURLESON RD,N,,,,,,,,,,,,,,,,,,,,,,20,,,,,,,,,,3,1,0,0,0,1,0,0,0,,,,,,,,
17119024,2,1,N,N,43,1NXBR12E32Z574208,2002,9,91,173,104,N,78758,1,1,13,3,9,,,,N,HARPERS TOWING SERVICE INC,201 RALPH ABLENADO,N,,,,,,,,,,,,,,,,,,,,,,0,,,,,,,,,,1,1,0,0,0,1,0,0,0,,,,,,,,
17119025,1,1,N,N,43,3D7MX49C06G233579,2006,11,109,82,30,N,78617,1,1,15,3,11,,,,N,N/A,N/A,N,,,,,,,,,,,,,,,,,,,,,,0,,,,,,,,,,7,1,0,0,0,1,0,0,0,,,,,,,,
17119025,2,1,N,N,43,1FTEW1CM3CKD42897,2012,5,37,2324,30,N,78617,1,1,10,3,2,,,,N,N/A,N/A,N,,,,,,,,,,,,,,,,,,,,,,0,,,,,,,,,,7,1,0,0,1,0,0,1,0,,,,,,,,
17119026,1,1,N,N,43,1FT7W2B60EEB01852,2014,21,37,2325,30,N,75643,1,2,3,1,11,,,,N,DRIVEN AWAY,DRIVEN AWAY,N,,,,,,,,,,,,,,,,,,,,,,44,,,,,,,,,,1,1,0,0,0,3,0,0,0,,,,,,,,
17119026,2,1,N,N,43,JHMGE8G52CC026097,2012,21,44,1083,104,N,78666,1,2,8,2,5,2,1,12,N,A-TEX TOWING,5526 1/2 W HWY 290,N,,,,,,,,,,,,,,,,,,,,,,0,,,,,,,,,,1,1,0,0,0,1,0,0,0,,,,,,,,
17119026,3,1,N,N,43,WBA6D6C56HG745523,2017,3,14,653,104,N,78703,1,2,6,2,6,,,,N,EZ AUTO AND TOWING SERVICE,EZ AUTO AND TOWING SERVICE,N,,,,,,,,,,,,,,,,,,,,,,0,,,,,,,,,,1,2,0,0,0,1,0,0,0,,,,,,,,
17119027,1,1,N,N,43,JN8AS5MT3EW613044,2014,2,71,3988,69,N,78758,1,1,2,4,12,,,,N,AVILES & GABES WRECKER SERVICE INC.,AVILES & GABES WRECKER SERVICE INC.,N,,,,,,,,,,,,,,,,,,,,,,20,74,,,,,,,,,3,1,0,1,0,0,0,1,0,,,,,,,,
17119027,2,1,N,N,43,JTDBT4K34CL032712,2013,21,91,380,104,N,78757,1,1,10,4,3,,,,N,,,N,,,,,,,,,,,,,,,,,,,,,,0,,,,,,,,,,5,1,0,1,0,0,0,1,0,,,,,,,,
17119028,1,1,N,N,43,YV1RH592362544372,2006,17,98,723,104,N,78758,1,1,3,1,12,,,,,,,N,,,,,,,,,,,,,,,,,,,,,,66,,,,,,,,,,7,1,0,0,0,3,0,0,0,,,,,,,,
17119028,2,1,N,N,43,1VWCN7A3XDC053791,2013,17,96,473,104,N,76502,1,1,14,3,3,,,,N,ROCHAS TOWING SERVICE,1915 WELLS BRANCH PKWY,N,,,,,,,,,,,,,,,,,,,,,,0,,,,,,,,,,7,1,0,0,1,0,0,1,0,,,,,,,,
17119029,1,1,N,N,43,4T4BF3EK6AR005377,2010,21,91,380,104,N,78736,1,2,2,2,2,,,,N,,,N,,,,,,,,,,,,,,,,,,,,,,0,,,,,,,,,,2,1,0,0,1,0,0,1,0,,,,,,,,
17119029,2,1,N,N,43,1D7RB1CTXBS538375,2011,16,710,4100,30,N,78662,1,2,4,2,2,,,,N,,,N,,,,,,,,,,,,,,,,,,,,,,0,,,,,,,,,,4,1,0,0,1,0,0,1,0,,,,,,,,
17119030,1,1,N,N,43,WAUU2AF20KN024523,2019,21,8,2150,100,N,78745,1,1,10,4,4,,,,Y,EZ AUTO AND TOWING SERVICE,EZ AUTO AND TOWING SERVICE,N,,,,,,,,,,,,,,,,,,,,,,33,,,,,,,,,,7,1,0,1,0,0,0,1,0,,,,,,,,
17119030,2,1,N,N,43,1FTPX12555FA14554,2005,11,37,2324,30,N,78702,1,1,2,3,12,,,,Y,ROCHAS TOWING SERVICE,ROCHAS TOWING SERVICE,N,,,,,,,,,,,,,,,,,,,,,,0,,,,,,,,,,5,1,0,0,0,1,0,0,0,,,,,,,,
17119031,1,1,N,N,43,3FA6P0HD7GR361559,2016,9,37,1097,104,N,78728,1,1,3,3,11,2,2,12,N,,,N,,,,,,,,,,,,,,,,,,,,,,37,20,,,,,,,,,7,1,0,0,0,1,0,0,0,,,,,,,,
17119031,2,1,N,N,43,JTMWFREVXJJ203152,2018,17,91,581,69,N,77480,1,1,4,4,1,2,2,12,Y,BULLET TOWING,BULLET TOWING,N,,,,,,,,,,,,,,,,,,,,,,0,,,,,,,,,,1,1,0,0,0,1,0,0,0,,,,,,,,
17119032,1,1,N,N,43,5TDKKRFH1GS179161,2016,17,91,721,104,N,78641,1,1,2,1,12,6,1,6,N,,,N,,,,,,,,,,,,,,,,,,,,,,,,,20,44,,,,,,8,1,0,0,0,1,0,0,0,,,,,,,,
17119032,2,1,N,N,43,ZFBCFABH3EZ013836,2014,17,35,2961,104,N,78717,1,1,6,2,12,,,,N,,,N,,,,,,,,,,,,,,,,,,,,,,,,,20,44,,,,,,8,1,0,0,0,1,0,0,0,,,,,,,,
17119032,3,1,N,N,43,1GCRKSE76DZ139117,2013,5,107,2236,30,N,78750,1,1,2,1,12,,,,N,,,N,,,,,,,,,,,,,,,,,,,,,,,,,20,44,,,,,,8,2,0,0,0,2,0,0,0,,,,,,,,
17119033,1,1,N,N,43,3C4PDCBG7DT592956,2013,21,109,82,103,N,78645,1,2,1,4,12,,,,N,620 LAKESIDE TOWING,620 LAKESIDE TOWING,N,,,,,,,,,,,,,,,,,,,,,,20,44,,,,,,,,,1,1,0,0,0,1,0,0,0,,,,,,,,
17119033,2,1,N,N,43,1GKKRRKD4GJ206529,2016,2,39,894,104,N,78717,1,2,5,1,6,,,,N,,,N,,,,,,,,,,,,,,,,,,,,,,0,,,,,,,,,,1,1,0,0,0,1,0,0,0,,,,,,,,
17119034,1,1,N,N,43,5TFMU4FN6CX008969,2012,2,91,629,30,N,78750,1,2,7,2,6,,,,N,,,N,,,,,,,,,,,,,,,,,,,,,,35,,,,,,,,,,3,1,0,0,0,4,0,0,0,,,,,,,,
17119034,2,1,N,N,43,1FMCU0C73AKD10977,2010,3,37,711,104,N,78666,1,2,2,3,12,,,,N,620 LAKESIDE TOWING,620 LAKESIDE TOWING,N,,,,,,,,,,,,,,,,,,,,,,0,,,,,,,,,,5,1,0,0,1,0,0,1,0,,,,,,,,
17119035,1,1,N,N,43,JH4KA9664YC006074,2000,1,1,2609,104,N,75019,1,2,2,2,12,,,,Y,ARMADA TOWING,ARMADA TOWING,N,,,,,,,,,,,,,,,,,,,,,,67,,,,,,,,,,5,1,0,0,0,1,0,0,0,,,,,,,,
17119035,2,1,N,N,43,1G1ZE5EB6AF319958,2010,2,107,56,104,N,78753,1,2,15,2,9,,,,Y,STARS TOWING,STARS TOWING,N,,,,,,,,,,,,,,,,,,,,,,0,,,,,,,,,,3,1,0,1,0,1,0,1,0,,,,,,,,
17119036,1,1,N,N,43,1D8HB48P77F570432,2007,17,109,635,69,N,78666,1,2,4,3,2,,,,,,,N,,,,,,,,,,,,,,,,,,,,,,4,,,,,,,,,,1,1,0,0,0,1,0,0,0,,,,,,,,
17119036,2,1,N,N,43,2C3CCABT6GH170648,2016,9,21,65,104,N,78621,1,2,3,4,10,,,,N,EZ AUTO AND TOWING SERVICE,EZ AUTO AND TOWING SERVICE,N,,,,,,,,,,,,,,,,,,,,,,0,,,,,,,,,,1,1,0,0,0,3,0,0,0,,,,,,,,
17119037,1,1,N,N,43,SJKCH5CP8HA034010,2017,3,47,466,69,N,78745,1,2,4,1,2,,,,N,DRIVEN AWAY,DRIVEN AWAY,N,,,,,,,,,,,,,,,,,,,,,,37,,,,,,,,,,7,1,0,0,0,1,0,0,0,,,,,,,,
17119037,2,1,N,N,43,1N4AA5AP8DC841097,2013,17,71,297,104,N,78744,1,2,3,2,10,,,,N,DRIVEN AWAY,DRIVEN AWAY,N,,,,,,,,,,,,,,,,,,,,,,0,,,,,,,,,,3,1,0,0,2,0,0,2,0,,,,,,,,
17119038,1,1,N,N,43,1C4NJPBB9FD120245,2015,16,429,1273,69,N,78723,1,2,4,0,1,,,,N,UNIT 2 DRIVER,DRIVEN AWAY,N,,,,,,,,,,,,,,,,,,,,,,0,,,,,,,,,,1,1,0,0,0,3,0,0,0,,,,,,,,
17119038,2,4,,,,,,,,,,,,,,,,,,,,,,,,,,,,,,,,,,,,,,,,,,,,,59,74,,45,,,,,,,9,1,0,0,1,0,0,1,0,,,,,,,,
17119039,1,1,N,N,43,3FAHP07146R195368,2006,16,37,1097,104,N,78742,1,1,3,3,11,,,,N,A-TEX TOWING,IMPOUND,N,,,,,,,,,,,,,,,,,,,,,,0,,,,,,,,,,3,1,0,0,0,1,0,0,0,,,,,,,,
17119039,2,1,N,N,43,JN8AZ18U09W008167,2009,4,71,777,104,N,78723,1,1,4,3,1,,,,N,620 LAKESIDE TOWING,OWNERS RESIDENCE/REQUEST,N,,,,,,,,,,,,,,,,,,,,,,0,,,,,,,,,,7,1,0,0,0,5,0,0,0,,,,,,,,
17119040,1,1,N,N,43,1FDSX20P26ED89437,2006,21,37,2325,30,N,78613,1,2,10,3,3,,,,N,,,N,,,,,,,,,,,,,,,,,,,,,,0,,,,,,,,,,4,1,0,0,0,2,0,0,0,,,,,,,,
17119040,2,6,,,,,,,,,,,,,,,,,,,,,,,,,,,,,,,,,,,,,,,,,,,,,0,,,,,,,,,,9,2,0,0,0,0,0,0,0,,,,,,,,