Crash_ID,Unit_Nbr,Unit_Desc_ID,Veh_Parked_Fl,Veh_HNR_Fl,Veh_Lic_State_ID,VIN,Veh_Mod_Year,Veh_Color_ID,Veh_Make_ID,Veh_Mod_ID,Veh_Body_Styl_ID,Emer_Respndr_Fl,Ownr_Zip,Fin_Resp_Proof_ID,Fin_Resp_Type_ID,Veh_Dmag_Area_1_ID,Veh_Dmag_Scl_1_ID,Force_Dir_1_ID,Veh_Dmag_Area_2_ID,Veh_Dmag_Scl_2_ID,Force_Dir_2_ID,Veh_Inventoried_Fl,Veh_Transp_Name,Veh_Transp_Dest,Veh_Cmv_Fl,Cmv_Fiveton_Fl,Cmv_Hazmat_Fl,Cmv_Nine_Plus_Pass_Fl,Cmv_Veh_Oper_ID,Cmv_Carrier_ID_Type_ID,Cmv_Carrier_Zip,Cmv_Veh_Type_ID,Cmv_GVWR,Cmv_RGVW,Cmv_Hazmat_Rel_Fl,Hazmat_Cls_1_ID,Hazmat_IDNbr_1_ID,Hazmat_Cls_2_ID,Hazmat_IDNbr_2_ID,Cmv_Cargo_Body_ID,Cmv_Evnt1_ID,Cmv_Evnt2_ID,Cmv_Evnt3_ID,Cmv_Evnt4_ID,Cmv_Tot_Axle,Cmv_Tot_Tire,Contrib_Factr_1_ID,Contrib_Factr_2_ID,Contrib_Factr_3_ID,Contrib_Factr_P1_ID,Contrib_Factr_P2_ID,Veh_Dfct_1_ID,Veh_Dfct_2_ID,Veh_Dfct_3_ID,Veh_Dfct_P1_ID,Veh_Dfct_P2_ID,Veh_Trvl_Dir_ID,First_Harm_Evt_Inv_ID,Sus_Serious_Injry_Cnt,Nonincap_Injry_Cnt,Poss_Injry_Cnt,Non_Injry_Cnt,Unkn_Injry_Cnt,Tot_Injry_Cnt,Death_Cnt,Cmv_Disabling_Damage_Fl,Cmv_Bus_Type_ID,Trlr_GVWR,Trlr_RGVW,Trlr_Type_ID,Trlr_Disabling_Dmag_ID,Cmv_Intermodal_Container_Permit_Fl,CMV_Actual_Gross_Weight
17119194,4,1,N,N,43,1N4AL3AP3FC233893,2015,2,71,500,104,N,78660,1,1,6,1,6,,,,,,,N,,,,,,,,,,,,,,,,,,,,,,0,,,,,,,,,,7,2,0,0,0,1,0,0,0,,,,,,,,
17119195,1,1,N,N,43,WAUACGFF3F1009579,2015,2,8,892,104,N,78752,1,1,2,5,12,,,,Y,PRONTO WRECKER SERVICE NORTH,PRONTO WRECKER SERVICE NORTH,N,,,,,,,,,,,,,,,,,,,,,,,,,45,,,,,,,1,1,0,0,0,1,0,0,0,,,,,,,,
17119196,1,1,N,N,43,2G1WT58N881318634,2008,8,107,53,104,N,78676,1,2,2,3,12,,,,N,,,N,,,,,,,,,,,,,,,,,,,,,,62,,,,,,,,,,1,1,0,0,0,1,0,0,0,,,,,,,,
17119196,2,1,N,N,43,1N4AL3AP8GN309243,2016,9,71,500,104,N,77379,1,2,14,2,4,,,,N,,,N,,,,,,,,,,,,,,,,,,,,,,0,,,,,,,,,,5,1,0,0,0,2,0,0,0,,,,,,,,
17119197,1,1,N,Y,43,JTEDP21A650080391,2005,2,91,721,69,N,78753,1,1,3,4,,,,,Y,A-TEX TOWING,IMPOUND,N,,,,,,,,,,,,,,,,,,,,,,0,,,,,,,,,,2,1,0,0,0,0,0,0,0,,,,,,,,
17119197,2,1,N,N,43,1N4AB7AP6DN905442,2013,17,71,341,104,N,78521,2,,4,5,,,,,Y,620 LAKESIDE TOWING,620 LAKESIDE TOWING,N,,,,,,,,,,,,,,,,,,,,,,0,,,,,,,,,,2,1,0,1,0,0,0,1,0,,,,,,,,
17119198,1,1,N,N,43,1N4AL11DX5N928501,2005,1,71,500,104,N,78702,1,2,2,3,12,12,1,3,N,,,N,,,,,,,,,,,,,,,,,,,,,,4,27,66,20,,,,,,,1,1,0,0,0,1,0,0,0,,,,,,,,
17119198,2,1,N,N,43,1GNFC13038R276626,2008,2,107,547,69,N,78741,1,2,3,1,10,,,,N,,,N,,,,,,,,,,,,,,,,,,,,,,0,,,,,,,,,,1,1,0,0,0,1,0,0,0,,,,,,,,
17119199,1,1,N,Y,43,1HGCP3F89CA016737,2012,17,44,236,104,N,78747,1,2,1,3,12,,,,N,ATX-VIP TOWING SERVICES,ATX-VIP TOWING SERVICES,N,,,,,,,,,,,,,,,,,,,,,,0,,,,,,,,,,7,1,0,0,0,1,0,0,0,,,,,,,,
17119199,2,1,N,Y,43,4A4AP3AU5FE061366,2015,2,68,775,69,N,78235,1,2,14,2,3,,,,N,,,N,,,,,,,,,,,,,,,,,,,,,,19,,,,,,,,,,1,1,0,0,0,0,1,0,0,,,,,,,,
17119200,1,1,N,N,43,WDCGG8JB8FG363522,2015,9,65,848,69,N,78660,1,1,3,3,11,,,,,SPECIAL AUTOMOTIVE SERVICE INC,OWNERS RESIDENCE/REQUEST,N,,,,,,,,,,,,,,,,,,,,,,35,,,,,,,,,,1,1,0,0,0,1,0,0,0,,,,,,,,
17119200,2,1,N,N,43,3B7MC33612M225523,2002,9,109,2281,30,N,78744,1,1,13,1,7,,,,,SPECIAL AUTOMOTIVE SERVICE INC,OWNERS RESIDENCE/REQUEST,N,,,,,,,,,,,,,,,,,,,,,,0,,,,,,,,,,7,1,0,0,0,1,0,0,0,,,,,,,,
17119229,1,1,N,N,43,5XYKT3A65FG560474,2015,17,55,767,69,N,77006,1,2,4,3,12,,,,Y,SOUTHSIDE WRECKER INC,"4970 US 290 AUSTIN, TX",N,,,,,,,,,,,,,,,,,,,,,,23,,,,,,,,,,8,1,0,0,0,1,0,0,0,,,,,,,,
17119229,2,1,Y,N,49,1FTRX17L3WNB46039,1998,16,37,2324,30,N,54304,2,,7,3,6,,,,N,PRONTO WRECKER SERVICE NORTH,PRONTO WRECKER SERVICE NORTH,N,,,,,,,,,,,,,,,,,,,,,,0,,,,,,,,,,8,1,0,0,0,0,0,0,0,,,,,,,,
17119230,1,1,N,N,43,3FA6P0H78ER376935,2014,17,37,1097,104,N,78744,1,1,1,0,12,,,,N,,,N,,,,,,,,,,,,,,,,,,,,,,0,,,,,,,,,,3,1,0,0,0,2,0,0,0,,,,,,,,
17119230,2,4,,,,,,,,,,,,,,,,,,,,,,,,,,,,,,,,,,,,,,,,,,,,,59,,,,,,,,,,9,1,1,0,0,0,0,1,0,,,,,,,,
17119231,1,1,N,N,43,1FMCU0G94FUC45094,2015,21,37,711,69,N,78676,1,1,2,3,12,,,,N,EZ AUTO AND TOWING SERVICE,EZ AUTO AND TOWING SERVICE,N,,,,,,,,,,,,,,,,,,,,,,0,,,,,,,,,,7,1,0,0,0,1,0,0,0,,,,,,,,
17119232,1,1,N,N,43,JH4CL96868C003242,2008,21,1,1430,104,N,78628,1,1,,,,,,,N,SOUTHSIDE WRECKER INC,SOUTHSIDE WRECKER INC,N,,,,,,,,,,,,,,,,,,,,,,15,20,,,,,,,,,3,1,0,0,0,1,0,0,0,,,,,,,,
17119232,2,1,N,N,43,5J6RM3H35EL004444,2014,11,44,605,104,N,78751,1,1,,,,,,,N,HARPERS TOWING SERVICE INC,HARPERS TOWING SERVICE INC,N,,,,,,,,,,,,,,,,,,,,,,0,,,,,,,,,,5,1,0,0,0,1,0,0,0,,,,,,,,
17119233,1,1,N,N,43,1C4BJWFG1HL543008,2017,2,429,1464,104,N,78130,1,2,1,2,12,,,,,,,N,,,,,,,,,,,,,,,,,,,,,,44,,,,,,,,,,5,1,0,0,0,1,0,0,0,,,,,,,,
17119233,2,1,N,N,43,3D4PG1FG7BT554343,2011,3,109,1166,103,N,75110,1,2,5,3,6,1,3,12,N,AVILES & GABES WRECKER SERVICE INC.,AVILES & GABES WRECKER SERVICE INC.,N,,,,,,,,,,,,,,,,,,,,,,0,,,,,,,,,,5,1,0,1,0,1,0,1,0,,,,,,,,
17119233,3,1,N,N,43,1C6RD6GP0CS219767,2012,21,109,2275,30,N,75935,1,2,7,1,6,,,,N,,,N,,,,,,,,,,,,,,,,,,,,,,0,,,,,,,,,,5,2,0,0,0,5,0,0,0,,,,,,,,
17119234,1,1,N,N,43,1HGFA168X7L095056,2007,1,44,107,104,N,78753,1,2,6,2,6,,,,N,,,N,,,,,,,,,,,,,,,,,,,,,,74,,,,,,,,,,5,1,0,0,0,1,0,0,0,,,,,,,,
17119234,2,1,N,N,43,JTEGD20V850072609,2005,1,91,581,104,N,78722,1,2,2,3,12,,,,Y,EZ AUTO AND TOWING SERVICE,EZ AUTO AND TOWING SERVICE,N,,,,,,,,,,,,,,,,,,,,,,0,,,,,,,,,,5,1,0,0,0,2,0,0,0,,,,,,,,
17119235,1,1,N,N,43,JN8AF5MRXHT701538,2017,9,71,2505,104,N,76501,1,2,2,3,12,,,,N,CLARK AUTO CARE,CLARK AUTO CARE,N,,,,,,,,,,,,,,,,,,,,,,44,,,,,,,,,,1,1,0,0,0,4,0,0,0,,,,,,,,
17119235,2,1,N,N,43,1LN6L9RP7H5632011,2017,3,113,669,104,N,75039,1,2,6,3,6,,,,N,,,N,,,,,,,,,,,,,,,,,,,,,,0,,,,,,,,,,1,1,0,0,0,1,0,0,0,,,,,,,,
17119236,1,1,N,N,43,1GCCS19Z5S8229972,1995,21,107,2233,104,N,78727,1,1,2,2,12,,,,N,,,N,,,,,,,,,,,,,,,,,,,,,,29,,,,,,,,6,,5,1,0,0,0,1,0,0,0,,,,,,,,
17119236,2,1,N,N,23,KNAFX4A62E5147492,2014,2,55,1093,104,N,55347,1,1,6,2,6,2,1,12,N,,,N,,,,,,,,,,,,,,,,,,,,,,0,,,,,,,,,,5,1,0,0,0,2,0,0,0,,,,,,,,
17119236,3,1,N,N,43,3VV3B7AX0KM075214,2019,2,96,1396,104,N,74134,1,1,6,1,6,,,,N,,,N,,,,,,,,,,,,,,,,,,,,,,0,,,,,,,,,,5,2,0,0,0,3,0,0,0,,,,,,,,
17119237,1,1,N,N,43,JM1BK323X61517255,2006,17,63,3917,104,N,78660,1,1,2,2,12,,,,N,,,N,,,,,,,,,,,,,,,,,,,,,,67,44,47,,,,,,,,8,1,0,0,0,1,0,0,0,,,,,,,,
17119237,2,1,N,N,43,2C3CDYAG1EH270387,2014,2,109,74,104,N,78664,1,1,6,2,6,,,,N,,,N,,,,,,,,,,,,,,,,,,,,,,0,,,,,,,,,,8,1,0,0,0,1,0,0,0,,,,,,,,
17119238,1,1,N,N,43,KNAFE121965355765,2006,3,55,717,104,N,,1,1,15,3,11,,,,N,REMOVED BY DRIVER,,N,,,,,,,,,,,,,,,,,,,,,,34,,,,,,,,,,5,1,0,0,0,1,0,0,0,,,,,,,,
17119238,2,1,N,N,43,ZACCJAAB5HPF49201,2017,16,429,1163,69,N,,1,1,3,3,10,4,3,2,N,SOUTHSIDE WRECKER INC,8200 S. CONGRESS AVE,N,,,,,,,,,,,,,,,,,,,,,,0,,,,,,,,,,7,1,0,0,0,1,0,0,0,,,,,,,,
17119239,1,1,N,N,43,4T1BF1FK1HU327044,2017,17,91,380,104,N,78664,1,2,1,5,12,,,,N,STARS TOWING,STARS TOWING,N,,,,,,,,,,,,,,,,,,,,,,20,,,,,,,,,,11,1,0,0,0,1,0,0,0,,,,,,,,
17119239,2,1,N,N,43,2C3CDXHG5DH552644,2013,16,109,74,104,N,78749,1,2,6,4,6,,,,N,,,N,,,,,,,,,,,,,,,,,,,,,,0,,,,,,,,,,11,1,0,0,0,1,0,0,0,,,,,,,,
17119240,1,1,N,N,43,JTHBL46F885079482,2008,9,58,1190,104,N,78751,1,1,1,3,12,,,,N,ARMADA TOWING,ARMADA TOWING,N,,,,,,,,,,,,,,,,,,,,,,0,,,,,,,,,,5,1,0,0,0,1,0,0,0,,,,,,,,
17119240,2,1,N,N,43,1FMJK1KT0JEA11043,2018,9,37,601,104,N,74134,1,7,5,2,6,1,2,12,N,EZ AUTO AND TOWING SERVICE,EZ AUTO AND TOWING SERVICE,N,,,,,,,,,,,,,,,,,,,,,,0,,,,,,,,,,5,1,0,0,1,0,0,1,0,,,,,,,,
17119240,3,1,N,N,43,1FMCU0D72AKA55589,2010,17,37,711,104,N,76092,1,1,5,1,6,1,1,12,N,,,N,,,,,,,,,,,,,,,,,,,,,,0,,,,,,,,,,5,2,0,0,0,1,0,0,0,,,,,,,,
17119240,4,1,N,N,43,2C3CDXBG2JH247753,2018,9,109,74,104,N,78744,1,1,5,1,6,,,,N,,,N,,,,,,,,,,,,,,,,,,,,,,0,,,,,,,,,,5,2,0,0,0,1,0,0,0,,,,,,,,
17119244,1,1,N,N,38,4M2EU48846UJ09035,2006,2,114,618,69,N,18853,1,2,10,3,,,,,N,ARMADA TOWING,ARMADA TOWING,N,,,,,,,,,,,,,,,,,,,,,,0,,,,,,,,,,4,1,0,0,1,1,0,1,0,,,,,,,,
17119244,2,1,N,N,43,1C4BJWDG9FL521161,2015,17,429,1464,69,N,78758,1,2,2,2,,,,,N,CHOTE'S WRECKER SERVICE,CHOTE'S WRECKER SERVICE,N,,,,,,,,,,,,,,,,,,,,,,0,,,,,,,,,,8,1,0,0,0,1,0,0,0,,,,,,,,
17119248,1,1,N,N,43,WA1VMBFE3DD006943,2013,3,8,1285,69,N,75019,1,2,3,2,10,,,,N,,,N,,,,,,,,,,,,,,,,,,,,,,,,,4,,,,,,,4,1,0,0,0,2,0,0,0,,,,,,,,
17119248,2,1,N,N,43,JKBVNKD107A011869,2007,2,53,1532,71,N,78717,1,2,12,2,3,,,,Y,AVILES & GABES WRECKER SERVICE INC.,AVILES & GABES WRECKER SERVICE INC.,N,,,,,,,,,,,,,,,,,,,,,,0,,,,,,,,,,4,1,0,2,0,0,0,2,0,,,,,,,,
17119249,1,1,N,N,43,JH4DB7568SS005793,1995,2,1,448,104,N,78727,1,2,4,3,2,,,,N,SOUTHSIDE WRECKER INC,8200 S. CONGRESS AVE,N,,,,,,,,,,,,,,,,,,,,,,,,,19,,,,,,,5,1,0,0,0,1,0,0,0,,,,,,,,
17119250,1,1,N,Y,,,,3,,,100,N,,,,,,,,,,,,,N,,,,,,,,,,,,,,,,,,,,,,0,,,,,,,,,,1,1,0,0,0,0,0,0,0,,,,,,,,
17119250,2,4,,,,,,,,,,,,,,,,,,,,,,,,,,,,,,,,,,,,,,,,,,,,,0,,,,,,,,,,9,1,0,1,0,0,0,1,0,,,,,,,,
17119251,1,1,N,N,43,3CZRM3H55DG705112,2013,,44,605,69,N,78749,1,1,2,2,12,,,,N,HARPERS TOWING SERVICE INC,HARPERS TOWING SERVICE INC,N,,,,,,,,,,,,,,,,,,,,,,22,44,20,,,,,,,,5,1,0,1,0,0,0,1,0,,,,,,,,
17119251,2,1,N,N,43,1HGCR2F31GA051285,2016,21,44,236,104,N,78745,1,1,6,2,6,,,,N,,,N,,,,,,,,,,,,,,,,,,,,,,0,,,,,,,,,,5,1,0,0,0,1,0,0,0,,,,,,,,
17119252,1,1,N,Y,43,3A4FY48B26T264777,2006,16,21,709,104,N,78702,1,2,8,1,,,,,Y,SOUTHSIDE WRECKER INC,8200 S. CONGRESS AVE,N,,,,,,,,,,,,,,,,,,,,,,35,68,,,,,,,,,4,1,0,0,0,1,1,0,0,,,,,,,,
17119252,2,1,N,N,43,1HD1BW517AB017997,2010,21,42,1527,71,N,76549,1,2,2,2,,,,,Y,SPECIAL AUTOMOTIVE SERVICE INC,SPECIAL AUTOMOTIVE SERVICE INC,N,,,,,,,,,,,,,,,,,,,,,,0,,,,,,,,,,2,1,0,1,0,0,0,1,0,,,,,,,,
17119253,1,1,N,N,43,4T1BF3EK8BU638927,2011,16,91,380,104,N,78704,1,2,4,4,1,,,,N,SOUTHSIDE WRECKER INC,8200 S. CONGRESS AVE,N,,,,,,,,,,,,,,,,,,,,,,,,,44,,,,,,,1,1,0,0,0,0,1,0,0,,,,,,,,
17119253,2,1,N,N,43,1HGCR2F52FA134336,2015,17,44,236,104,N,78750,1,2,7,2,8,,,,N,,,N,,,,,,,,,,,,,,,,,,,,,,0,,,,,,,,,,1,1,0,0,0,0,1,0,0,,,,,,,,
17119254,1,1,N,N,43,5J8TB3H59FL010902,2015,2,1,1301,104,N,78739,1,2,15,1,9,,,,N,,,N,,,,,,,,,,,,,,,,,,,,,,20,,,,,,,,,,5,1,0,0,0,2,0,0,0,,,,,,,,
17119254,2,1,N,N,43,WDAPF1CD9GP183906,2016,2,65,3954,103,N,78610,1,2,10,2,3,,,,N,HARPERS TOWING SERVICE INC,DRIPPING SPRINGS MERCEDES,N,,,,,,,,,,,,,,,,,,,,,,0,,,,,,,,,,7,1,0,0,0,1,0,0,0,,,,,,,,
17119255,1,1,N,N,43,3C6JR6AT4EG103941,2014,2,710,4100,106,N,78729,1,1,,,,,,,Y,AUS-TEX AUTO ENTERPRISES LLC,AUS-TEX AUTO ENTERPRISES LLC,N,,,,,,,,,,,,,,,,,,,,,,0,,,,,,,,,,4,1,0,0,0,1,0,0,0,,,,,,,,
17119255,2,4,,,,,,,,,,,,,,,,,,,,,,,,,,,,,,,,,,,,,,,,,,,,,0,,,,,,,,,,9,1,0,1,0,0,0,1,0,,,,,,,,
17119256,1,1,N,N,43,5TETU62N46Z266871,2006,21,91,629,30,N,78753,1,2,2,2,12,,,,N,,,N,,,,,,,,,,,,,,,,,,,,,,22,,,,,,,,,,2,1,0,0,0,1,0,0,0,,,,,,,,
17119256,2,1,N,N,43,5TDXK3DC5FS564831,2015,21,91,648,103,N,78660,1,2,6,3,6,2,2,12,N,,,N,,,,,,,,,,,,,,,,,,,,,,0,,,,,,,,,,2,1,0,0,0,4,0,0,0,,,,,,,,
17119256,3,1,N,N,43,5J8TB3H7XGL010300,2016,9,1,1301,69,N,78681,1,2,6,2,12,,,,N,,,N,,,,,,,,,,,,,,,,,,,,,,0,,,,,,,,,,2,2,0,0,0,3,0,0,0,,,,,,,,
17119257,1,1,N,N,43,WAUY8LFF5J1013019,2018,21,8,892,104,N,78704,1,1,3,2,12,,,,Y,SOUTHSIDE WRECKER INC,8200 S. CONGRESS AVE,N,,,,,,,,,,,,,,,,,,,,,,0,,,,,,,,,,7,1,0,0,0,1,0,0,0,,,,,,,,
17119257,2,1,N,N,43,5TDXK3DCXFS677562,2015,2,91,648,103,N,76542,1,1,9,3,9,,,,N,,,N,,,,,,,,,,,,,,,,,,,,,,0,,,,,,,,,,3,1,0,0,0,2,0,0,0,,,,,,,,
17119258,1,1,N,Y,43,1G4HD57247U203869,2007,3,105,1175,104,N,78741,2,,1,5,12,,,,Y,SOUTHSIDE WRECKER INC,8200 S. CONGRESS AVE,N,,,,,,,,,,,,,,,,,,,,,,0,,,,,,,,,,4,1,0,0,0,0,0,0,0,,,,,,,,
17119258,2,1,Y,N,43,5NPDH4AE7CH109283,2012,5,45,480,104,N,78734,1,2,7,4,6,,,,N,EZ AUTO AND TOWING SERVICE,EZ AUTO AND TOWING SERVICE,N,,,,,,,,,,,,,,,,,,,,,,0,,,,,,,,,,4,1,0,0,0,0,0,0,0,,,,,,,,
17119259,1,1,N,N,43,1HGCG5549YA044331,2000,10,44,236,104,N,78640,3,1,3,4,9,6,4,6,N,969 TOWING,969 TOWING,N,,,,,,,,,,,,,,,,,,,,,,0,,,,,,,,,,3,1,0,1,0,0,0,1,0,,,,,,,,
17119259,2,1,N,N,43,1GYEC63807R276938,2007,2,106,657,69,N,78752,1,1,2,4,3,,,,N,ROCHAS TOWING SERVICE,ROCHAS TOWING SERVICE,N,,,,,,,,,,,,,,,,,,,,,,0,,,,,,,,,,7,1,0,0,0,3,0,0,0,,,,,,,,
17119259,3,1,N,N,43,KNDJN2A20G7244945,2016,21,55,1357,69,N,76544,2,,2,4,12,,,,N,ROCHAS TOWING SERVICE,ROCHAS TOWING SERVICE,N,,,,,,,,,,,,,,,,,,,,,,37,,,,,,,,,,7,2,0,0,0,1,0,0,0,,,,,,,,
17119326,1,1,N,N,40,1HGCR2F3XFA116276,2015,17,44,236,104,N,29405,3,2,2,3,11,,,,Y,STARS TOWING,STARS TOWING,N,,,,,,,,,,,,,,,,,,,,,,45,,,,,,,,,,2,1,0,1,0,0,0,1,0,,,,,,,,
17119326,2,1,N,N,43,1M2K195C05M026980,2005,10,60,1536,92,N,78222,1,2,8,1,6,,,,N,,,Y,Y,N,N,2,2,78222,98,64000,0,N,,,,,9,13,,,,,,0,,,,,,,,,,2,1,0,0,0,1,0,0,0,N,0,,,,,N,
17119327,1,1,N,Y,43,3N1CN7AP3KL807110,2019,17,71,1452,104,N,74134,2,,15,3,9,6,3,6,Y,620 LAKESIDE TOWING,620 LAKESIDE TOWING,N,,,,,,,,,,,,,,,,,,,,,,40,,,68,67,,,,,,1,1,0,0,0,1,0,0,0,,,,,,,,
17119329,1,1,N,Y,43,2GCEK19R1W1155483,1998,16,107,,30,N,76502,1,1,4,1,12,,,,N,LEFT IN CARE OF ALFREDO LOPEZ SR,,N,,,,,,,,,,,,,,,,,,,,,,,,,45,20,,,,,,5,1,0,0,0,1,1,0,0,,,,,,,,
17119329,2,4,,,,,,,,,,,,,,,,,,,,,,,,,,,,,,,,,,,,,,,,,,,,,0,,,,,,,,,,9,1,1,0,0,0,0,1,0,,,,,,,,
17119330,1,1,N,Y,43,JTNB11HK9J3016047,2018,21,91,178,104,N,78729,,,,,,,,,,,,N,,,,,,,,,,,,,,,,,,,,,,45,15,,,,,,,,,3,1,0,0,0,0,1,0,0,,,,,,,,
17119330,2,4,,,,,,,,,,,,,,,,,,,,,,,,,,,,,,,,,,,,,,,,,,,,,0,,,,,,,,,,9,1,0,1,0,0,0,1,0,,,,,,,,
17119331,1,1,N,Y,113,,,16,91,173,104,N,,,,,,,,,,,,,N,,,,,,,,,,,,,,,,,,,,,,60,,,,,,,,,,5,1,0,0,0,0,1,0,0,,,,,,,,
17119331,2,4,,,,,,,,,,,,,,,,,,,,,,,,,,,,,,,,,,,,,,,,,,,,,0,,,,,,,,,,9,1,1,0,0,0,0,1,0,,,,,,,,
17119331,3,1,Y,N,43,52CG6AGA7J0017147,2018,3,529,1960,92,N,08054,,,,,,,,,,,,N,,,,,,,,,,,,,,,,,,,,,,0,,,,,,,,,,5,2,0,0,0,0,0,0,0,,,,,,,,
17119332,1,1,N,Y,,,,2,208,763,0,N,,,,,,,,,,,,,N,,,,,,,,,,,,,,,,,,,,,,,,,20,,,,,,,1,1,0,0,0,0,1,0,0,,,,,,,,
17119332,2,1,N,N,43,JM1BL1SF4A1152883,2010,2,63,3917,104,N,77098,1,1,2,2,12,10,1,6,Y,969 TOWING,969 TOWING,N,,,,,,,,,,,,,,,,,,,,,,0,,,,,,,,,,1,1,0,0,2,0,0,2,0,,,,,,,,
17119333,1,1,N,N,43,JNRDR07X11W100617,2001,1,47,608,69,N,78610,1,1,2,2,12,,,,Y,ROCHAS TOWING SERVICE,ROCHAS TOWING SERVICE,N,,,,,,,,,,,,,,,,,,,,,,20,60,,,,,,,,,1,1,0,0,0,1,0,0,0,,,,,,,,
17119333,2,1,N,N,43,2MEBM7FV7BX601014,2011,22,114,1114,104,N,78723,1,7,16,2,3,,,,Y,SPECIAL AUTOMOTIVE SERVICE INC,SPECIAL AUTOMOTIVE SERVICE INC,N,,,,,,,,,,,,,,,,,,,,,,0,,,,,,,,,,3,1,0,0,3,1,0,3,0,,,,,,,,
17119334,1,1,N,N,43,2G1WS583381257694,2008,9,107,56,104,N,78620,2,,1,3,12,,,,Y,AUS-TEX AUTO ENTERPRISES LLC,AUS-TEX AUTO ENTERPRISES LLC,N,,,,,,,,,,,,,,,,,,,,,,20,,,,,,,,,,11,1,0,0,0,0,0,0,0,,,,,,,,
17119335,1,1,N,Y,43,5XXGM4A77DG258378,2013,11,55,715,104,N,78728,1,1,4,2,2,,,,Y,STARS TOWING,,N,,,,,,,,,,,,,,,,,,,,,,67,44,43,,,,,,,,6,1,0,0,0,1,0,0,0,,,,,,,,
17119335,2,1,N,N,10,3FA6P0LU1JR197031,2018,17,37,1097,104,N,31533,4,,8,2,6,,,,Y,SOUTHSIDE WRECKER INC,8200 S. CONGRESS AVE,N,,,,,,,,,,,,,,,,,,,,,,67,,,,,,,,,,6,1,0,0,1,0,0,1,0,,,,,,,,
17119336,1,1,N,N,43,55SWF4JB8GU123765,2016,9,65,671,104,N,78660,1,2,9,5,9,,,,N,STARS TOWING,STARS TOWING,N,,,,,,,,,,,,,,,,,,,,,,15,,,,,,,,,,2,1,0,0,0,1,0,0,0,,,,,,,,
17119336,2,1,N,N,43,KMHTC6AE7EU204971,2014,3,45,2381,100,N,78749,1,2,2,5,12,,,,N,K & S TOWING,K & S TOWING,N,,,,,,,,,,,,,,,,,,,,,,0,,,,,,,,,,4,1,0,0,0,1,0,0,0,,,,,,,,
17119337,1,1,N,N,43,55SWF4JB5GU142547,2016,17,65,839,104,N,78735,1,1,16,2,3,,,,Y,HARPERS TOWING,HARPERS TOWING SERVICE INC,N,,,,,,,,,,,,,,,,,,,,,,35,,,,,,,,,,1,1,0,0,0,2,0,0,0,,,,,,,,
17119337,2,1,N,N,43,WMZYU7C4XJ3E56900,2018,2,115,742,104,N,78735,1,1,2,3,12,,,,Y,HARPERS,HARPERS TOWING SERVICE INC,N,,,,,,,,,,,,,,,,,,,,,,0,,,,,,,,,,7,1,1,0,1,1,0,2,0,,,,,,,,
17119338,1,1,N,N,6,4S4BRCKC6C3268279,2012,3,85,168,104,N,78748,1,2,3,7,12,2,7,12,Y,ROCHAS TOWING SERVICE,ROCHAS TOWING SERVICE,N,,,,,,,,,,,,,,,,,,,,,,44,,,,,,,,,,5,1,0,0,0,1,0,0,0,,,,,,,,
17119338,2,1,N,N,43,1N4AL2AP1AC182915,2010,17,71,500,104,N,78753,2,,,,,,,,Y,EZ AUTO AND TOWING SERVICE,EZ AUTO AND TOWING SERVICE,N,,,,,,,,,,,,,,,,,,,,,,0,,,,,,,,,,5,1,0,1,0,0,0,1,0,,,,,,,,
17119338,3,1,N,N,43,5YFBURHE5JP780781,2018,17,91,173,104,N,78744,1,2,6,4,6,,,,Y,PRONTO WRECKER SERVICE NORTH,PRONTO WRECKER SERVICE NORTH,N,,,,,,,,,,,,,,,,,,,,,,0,,,,,,,,,,5,2,0,0,3,0,0,3,0,,,,,,,,
17119339,1,1,N,N,43,5XYKT3A62DG344627,2013,11,55,767,104,N,78747,1,2,2,7,12,,,,N,A-TEX TOWING,5526 1/2 W HWY 290,N,,,,,,,,,,,,,,,,,,,,,,20,40,,,,,,,,,5,1,0,0,0,1,0,0,0,,,,,,,,
17119339,2,1,N,N,43,5PVNJ8JP7J4S52416,2018,21,43,2872,92,N,78621,1,2,2,7,11,,,,N,SOUTHSIDE WRECKER INC,18404 WILLOW SAGE LN ELGIN TX,N,,,,,,,,,,,,,,,,,,,,,,0,,,,,,,,,,1,1,0,0,0,1,0,0,0,,,,,,,,
17119340,1,1,N,N,43,3GTP2WE71CG277662,2012,5,39,2356,30,N,75006,1,1,14,0,3,,,,N,NOT TOWED,NOT TOWED,N,,,,,,,,,,,,,,,,,,,,,,53,,,,,,,,,,7,1,0,0,0,1,0,0,0,,,,,,,,
17119340,2,4,,,,,,,,,,,,,,,,,,,,,,,,,,,,,,,,,,,,,,,,,,,,,0,,,,,,,,,,9,1,0,0,1,0,0,1,0,,,,,,,,
17119341,1,1,N,N,43,ZAPM448F975010270,2007,2,95,1555,71,N,78703,1,1,26,1,,,,,N,SPECIAL AUTOMOTIVE SERVICE INC,SPECIAL AUTOMOTIVE SERVICE INC,N,,,,,,,,,,,,,,,,,,,,,,35,,,,,,,,,,5,1,0,1,0,0,0,1,0,,,,,,,,
17119341,2,1,N,N,43,WMWXU1C51J2F81272,2018,21,115,742,104,N,43026,1,1,2,1,12,,,,N,NOT TOWED,NOT TOWED,N,,,,,,,,,,,,,,,,,,,,,,0,,,,,,,,,,7,1,0,0,0,1,0,0,0,,,,,,,,