Crash_ID,Unit_Nbr,Unit_Desc_ID,Veh_Parked_Fl,Veh_HNR_Fl,Veh_Lic_State_ID,VIN,Veh_Mod_Year,Veh_Color_ID,Veh_Make_ID,Veh_Mod_ID,Veh_Body_Styl_ID,Emer_Respndr_Fl,Ownr_Zip,Fin_Resp_Proof_ID,Fin_Resp_Type_ID,Veh_Dmag_Area_1_ID,Veh_Dmag_Scl_1_ID,Force_Dir_1_ID,Veh_Dmag_Area_2_ID,Veh_Dmag_Scl_2_ID,Force_Dir_2_ID,Veh_Inventoried_Fl,Veh_Transp_Name,Veh_Transp_Dest,Veh_Cmv_Fl,Cmv_Fiveton_Fl,Cmv_Hazmat_Fl,Cmv_Nine_Plus_Pass_Fl,Cmv_Veh_Oper_ID,Cmv_Carrier_ID_Type_ID,Cmv_Carrier_Zip,Cmv_Veh_Type_ID,Cmv_GVWR,Cmv_RGVW,Cmv_Hazmat_Rel_Fl,Hazmat_Cls_1_ID,Hazmat_IDNbr_1_ID,Hazmat_Cls_2_ID,Hazmat_IDNbr_2_ID,Cmv_Cargo_Body_ID,Cmv_Evnt1_ID,Cmv_Evnt2_ID,Cmv_Evnt3_ID,Cmv_Evnt4_ID,Cmv_Tot_Axle,Cmv_Tot_Tire,Contrib_Factr_1_ID,Contrib_Factr_2_ID,Contrib_Factr_3_ID,Contrib_Factr_P1_ID,Contrib_Factr_P2_ID,Veh_Dfct_1_ID,Veh_Dfct_2_ID,Veh_Dfct_3_ID,Veh_Dfct_P1_ID,Veh_Dfct_P2_ID,Veh_Trvl_Dir_ID,First_Harm_Evt_Inv_ID,Sus_Serious_Injry_Cnt,Nonincap_Injry_Cnt,Poss_Injry_Cnt,Non_Injry_Cnt,Unkn_Injry_Cnt,Tot_Injry_Cnt,Death_Cnt,Cmv_Disabling_Damage_Fl,Cmv_Bus_Type_ID,Trlr_GVWR,Trlr_RGVW,Trlr_Type_ID,Trlr_Disabling_Dmag_ID,Cmv_Intermodal_Container_Permit_Fl,CMV_Actual_Gross_Weight
17121423,3,6,,,,,,,,,,,78721,,,,,,,,,,,,,,,,,,,,,,,,,,,,,,,,,,0,,,,,,,,,,9,2,0,0,0,0,0,0,0,,,,,,,,
17121429,1,1,N,N,43,1FTMF1CP1GKF17420,2016,3,37,2324,30,N,78729,1,1,3,2,1,,,,Y,ATX-VIP TOWING SERVICES,ATX-VIP TOWING SERVICES,N,,,,,,,,,,,,,,,,,,,,,,,,,62,,,,,,,1,1,0,1,0,0,0,1,0,,,,,,,,
17121458,1,1,N,N,43,1N4AL3AP1EN248976,2014,21,71,500,104,N,78727,2,,2,5,12,,,,N,,,N,,,,,,,,,,,,,,,,,,,,,,44,,,20,,,,,,,7,1,0,0,0,1,0,0,0,,,,,,,,
17121458,2,1,N,N,43,3FA6P0H71GR126133,2016,21,37,1097,104,N,78727,2,,6,5,6,2,3,12,N,PRONTO WRECKER SERVICE NORTH,PRONTO WRECKER SERVICE NORTH,N,,,,,,,,,,,,,,,,,,,,,,0,,,,,,,,,,7,1,0,0,1,0,0,1,0,,,,,,,,
17121458,3,1,N,N,43,1N4AA5AP1BC843450,2011,2,71,297,104,N,78664,1,1,6,3,,2,2,12,N,,,N,,,,,,,,,,,,,,,,,,,,,,0,,,,,,,,,,7,2,0,1,0,0,0,1,0,,,,,,,,
17121458,4,1,N,N,43,1HGCM56817A198234,2007,9,44,236,104,N,78641,1,1,6,2,6,,,,N,,,N,,,,,,,,,,,,,,,,,,,,,,0,,,,,,,,,,7,2,0,0,0,1,0,0,0,,,,,,,,
17121459,1,1,N,N,43,KNAGE124675087158,2007,11,55,715,104,N,78660,1,1,3,4,12,,,,N,EZ AUTO AND TOWING SERVICE,EZ AUTO AND TOWING SERVICE,N,,,,,,,,,,,,,,,,,,,,,,0,,,,,,,,,,7,1,0,0,0,1,0,0,0,,,,,,,,
17121459,2,1,N,N,43,5YFBU4EE7DP108894,2013,9,91,173,104,N,78660,2,,2,4,12,,,,N,STARS TOWING,STARS TOWING,N,,,,,,,,,,,,,,,,,,,,,,0,,,,,,,,,,1,1,0,0,0,1,0,0,0,,,,,,,,
17121460,1,1,N,N,43,3VWF17AT0FM646358,2015,2,96,181,104,N,76904,1,2,8,3,7,,,,N,A-TEX TOWING,A-TEX,N,,,,,,,,,,,,,,,,,,,,,,0,,,,,,,,,,3,1,0,0,0,3,0,0,0,,,,,,,,
17121460,2,1,N,N,43,1HGCR2F37FA058837,2015,2,44,236,104,N,78666,1,2,2,2,1,,,,N,,,N,,,,,,,,,,,,,,,,,,,,,,44,,,,,,,,,,3,1,0,0,0,2,0,0,0,,,,,,,,
17121461,1,1,N,N,43,1C3CCCAB0FN574264,2015,21,21,2258,104,N,,1,1,12,1,1,,,,Y,620 LAKESIDE TOWING,620 LAKESIDE TOWING,N,,,,,,,,,,,,,,,,,,,,,,67,,,,,,,,,,6,1,0,0,0,1,0,0,0,,,,,,,,
17121461,2,1,N,N,43,1FAFP53S2XA170015,1999,17,37,376,104,N,78664,1,1,15,3,9,,,,N,NOT TOWED,NOT TOWED,N,,,,,,,,,,,,,,,,,,,,,,0,,,,,,,,,,4,1,0,0,0,2,0,0,0,,,,,,,,
17121462,1,1,N,N,43,JM1NDAD73G0104788,2016,16,63,431,100,N,78669,1,2,7,3,7,,,,N,ARMADA TOWING,ARMADA TOWING,N,,,,,,,,,,,,,,,,,,,,,,15,,,,,,,,,,6,1,0,0,0,1,0,0,0,,,,,,,,
17121462,2,1,N,N,43,5J6RW1H58JL011981,2018,21,44,605,104,N,77407,1,2,2,3,,,,,N,,,N,,,,,,,,,,,,,,,,,,,,,,0,,,,,,,,,,2,1,0,0,0,1,0,0,0,,,,,,,,
17121463,1,1,N,N,43,WMWSV3C58DT477277,2013,16,115,742,100,N,78741,1,1,2,5,12,,,,Y,STARS TOWING,STARS TOWING,N,,,,,,,,,,,,,,,,,,,,,,44,,,,,,,,,,3,1,0,0,0,1,0,0,0,,,,,,,,
17121463,2,1,N,N,43,KM8K12AAXKU236381,2019,2,45,377,69,N,74134,1,1,6,4,6,,,,Y,969 TOWING,969 TOWING,N,,,,,,,,,,,,,,,,,,,,,,0,,,,,,,,,,3,1,0,0,0,1,0,0,0,,,,,,,,
17121466,1,1,N,N,43,4T4BF3EK3BR094956,2011,16,91,380,104,N,78728,1,1,2,4,12,,,,N,EZ AUTO AND TOWING SERVICE,8917 CIRCLE DR AUSTIN TX,N,,,,,,,,,,,,,,,,,,,,,,,,,37,,,,,,,5,1,0,0,1,0,0,1,0,,,,,,,,
17121466,2,1,N,N,43,KNAS34J60K6010261,2019,9,55,3619,104,N,78728,1,1,2,3,10,,,,N,CLARK AUTO CARE,CLARK AUTO CARE,N,,,,,,,,,,,,,,,,,,,,,,0,,,,,,,,,,1,1,0,0,2,0,0,2,0,,,,,,,,
17121474,1,1,N,N,43,JTDJT923875085433,2007,17,91,1477,104,N,78717,1,2,13,3,9,,,,N,620 LAKESIDE TOWING,620 LAKESIDE TOWING,N,,,,,,,,,,,,,,,,,,,,,,65,,,,,,,,,,4,1,0,0,0,1,0,0,0,,,,,,,,
17121474,2,1,N,N,43,2FMHK6DC7CBD18653,2012,21,37,1088,104,N,78726,1,2,12,4,4,,,,N,ROCHAS TOWING SERVICE,ROCHAS TOWING SERVICE,N,,,,,,,,,,,,,,,,,,,,,,0,,,,,,,,,,4,1,0,0,0,1,0,0,0,,,,,,,,
17121479,1,1,N,N,43,1C4PJLCS1GW137711,2016,17,429,970,69,N,78732,1,2,12,4,4,3,2,10,N,ROCHAS TOWING SERVICE,ROCHAS TOWING SERVICE,N,,,,,,,,,,,,,,,,,,,,,,66,,,,,,,,,,6,1,0,0,0,1,0,0,0,,,,,,,,
17121479,2,1,N,N,43,JH4CU26629C028921,2009,9,1,1430,104,N,78704,1,2,11,5,10,,,,N,ROCHAS TOWING SERVICE,ROCHAS TOWING SERVICE,N,,,,,,,,,,,,,,,,,,,,,,0,,,,,,,,,,2,1,0,0,0,1,0,0,0,,,,,,,,
17121479,3,1,N,N,43,4T1BK1EB7GU216526,2016,17,91,563,104,N,78738,1,2,16,2,5,2,1,12,N,,,N,,,,,,,,,,,,,,,,,,,,,,0,,,,,,,,,,2,2,0,0,0,1,0,0,0,,,,,,,,
17121479,4,1,N,N,43,WMWXP7C57F2A60591,2015,17,115,742,104,N,78613,1,2,6,1,6,,,,,,,N,,,,,,,,,,,,,,,,,,,,,,0,,,,,,,,,,2,2,0,0,0,1,0,0,0,,,,,,,,
17121482,1,1,N,Y,43,JM1BL1S69A1165595,2010,3,63,2474,104,N,78758,2,,,,,,,,,SPECIAL AUTOMOTIVE SERVICE INC,SPECIAL AUTOMOTIVE SERVICE INC,N,,,,,,,,,,,,,,,,,,,,,,45,,,,,,,,,,8,1,0,0,0,0,1,0,0,,,,,,,,
17121482,2,1,N,N,43,1FTRW12W38FB35091,2008,16,37,2324,30,N,79724,1,2,12,3,3,11,3,9,N,,,N,,,,,,,,,,,,,,,,,,,,,,0,,,,,,,,,,8,2,0,0,2,2,0,2,0,,,,,,,,
17121482,3,1,N,N,43,1G1YP2D69H5603383,2017,2,107,50,100,N,78620,1,2,12,1,3,14,1,3,N,,,N,,,,,,,,,,,,,,,,,,,,,,0,,,,,,,,,,8,2,0,0,0,1,0,0,0,,,,,,,,
17121483,1,1,N,N,43,5XXGN4A78EG341204,2014,15,55,715,104,N,78628,1,2,1,4,12,,,,N,FINGER TOWING SERVICE,FINGER TOWING SERVICE,N,,,,,,,,,,,,,,,,,,,,,,44,,,,,,,,,,1,1,0,0,0,1,0,0,0,,,,,,,,
17121483,2,1,N,N,43,3C6UR5CJ9GG193254,2016,3,710,4101,30,N,78613,1,2,5,3,6,,,,N,,,N,,,,,,,,,,,,,,,,,,,,,,0,,,,,,,,,,1,1,0,0,0,1,0,0,0,,,,,,,,
17121486,1,1,N,N,43,JA3XD64B2NY058930,1992,17,68,469,100,N,78751,1,2,,,,,,,,,,N,,,,,,,,,,,,,,,,,,,,,,0,,,,,,,,,,7,1,0,0,0,1,0,0,0,,,,,,,,
17121486,2,1,N,N,43,4TAUN53B1SZ047741,1995,10,91,629,30,N,78729,2,,2,3,12,,,,,AVILES & GABES WRECKER SERVICE INC.,,N,,,,,,,,,,,,,,,,,,,,,,0,,,,,,,,,,3,1,0,0,0,1,0,0,0,,,,,,,,
17121489,1,1,N,N,43,1HGCV2F53KA007844,2019,21,44,236,104,N,78730,1,1,13,7,8,,,,N,SPECIAL AUTOMOTIVE SERVICE INC,SPECIAL AUTOMOTIVE SERVICE INC,N,,,,,,,,,,,,,,,,,,,,,,,,,15,,,,,,,3,1,1,0,0,0,0,1,0,,,,,,,,
17121489,2,1,N,N,43,1M2K195C53M021836,2003,21,60,1536,92,N,77380,2,,3,4,10,,,,N,,,N,,,,,,,,,,,,,,,,,,,,,,,,,15,,,,,,,5,1,0,0,0,1,0,0,0,,,,,,,,
17121490,1,1,N,N,43,3N1AB7AP6GY272834,2016,17,71,341,104,N,78727,1,2,11,3,,,,,N,620 LAKESIDE TOWING,620 LAKESIDE TOWING,N,,,,,,,,,,,,,,,,,,,,,,34,,,,,,,,,,8,1,0,0,0,1,0,0,0,,,,,,,,
17121490,2,1,N,N,43,5YJ3E1EB5KF193734,2019,3,602,2033,104,N,78660,1,2,4,3,,,,,N,STARS TOWING,STARS TOWING,N,,,,,,,,,,,,,,,,,,,,,,0,,,,,,,,,,2,1,0,0,0,4,0,0,0,,,,,,,,
17121491,1,1,N,N,43,JTDZN3EU6HJ065396,2017,21,91,4329,104,N,78759,1,2,1,4,12,,,,N,620 LAKESIDE TOWING,620 LAKESIDE TOWING,N,,,,,,,,,,,,,,,,,,,,,,44,,,,,,,,,,7,1,0,0,0,1,0,0,0,,,,,,,,
17121491,2,1,N,N,43,3TMLU4ENXBM060056,2011,21,91,629,30,N,78759,1,2,5,2,6,,,,N,,,N,,,,,,,,,,,,,,,,,,,,,,0,,,,,,,,,,7,1,0,0,0,1,0,0,0,,,,,,,,
17121492,1,1,N,N,43,JS3TD62V9Y4117742,2000,2,88,1118,104,N,78741,1,2,4,3,1,,,,N,,,N,,,,,,,,,,,,,,,,,,,,,,74,,,,,,,,,,3,1,0,0,0,1,0,0,0,,,,,,,,
17121492,2,1,N,N,43,1GNSCCKC3FR690959,2015,21,107,547,104,N,78653,1,2,11,3,7,,,,N,ROCHAS TOWING SERVICE,ROCHAS TOWING SERVICE,N,,,,,,,,,,,,,,,,,,,,,,0,,,,,,,,,,3,2,0,0,1,0,0,1,0,,,,,,,,
17121494,1,1,N,N,43,2CNDL63F466089630,2006,8,107,1048,104,N,78753,1,2,9,4,9,,,,N,AVILES & GABES WRECKER SERVICE INC.,AVILES & GABES WRECKER SERVICE INC.,N,,,,,,,,,,,,,,,,,,,,,,33,,,,,,,,,,1,1,0,0,1,0,0,1,0,,,,,,,,
17121494,2,1,N,N,43,5TBRT34182S296400,2002,3,91,687,30,N,78660,1,2,2,3,12,,,,N,,,N,,,,,,,,,,,,,,,,,,,,,,0,,,,,,,,,,3,1,0,0,0,1,0,0,0,,,,,,,,
17121495,1,1,N,Y,43,JM3TB2MA4A0201530,2010,21,63,1009,69,N,78621,1,2,2,4,12,6,4,6,Y,969 TOWING,969 TOWING,N,,,,,,,,,,,,,,,,,,,,,,67,38,,,,,,,,,5,1,0,0,0,0,1,0,0,,,,,,,,
17121495,2,1,N,N,43,JM3TB2CAXF0453016,2015,2,63,1009,69,N,78602,1,2,2,4,12,,,,Y,ATX-VIP TOWING SERVICES,ATX-VIP TOWING SERVICES,N,,,,,,,,,,,,,,,,,,,,,,0,,,,,,,,,,7,1,0,0,1,0,0,1,0,,,,,,,,
17121496,1,1,N,N,43,3D7LP2ET8AG168270,2010,21,109,2275,30,N,78744,1,2,4,2,2,,,,N,,,N,,,,,,,,,,,,,,,,,,,,,,0,,,,,,,,,,1,1,0,0,0,1,0,0,0,,,,,,,,
17121496,2,1,N,N,30,3FA6P0HR0DR181203,2013,3,37,1097,104,N,78748,1,2,11,3,8,,,,Y,HARPERS TOWING SERVICE INC,HARPERS TOWING SERVICE INC,N,,,,,,,,,,,,,,,,,,,,,,0,,,,,,,,,,1,1,0,1,0,0,0,1,0,,,,,,,,
17121497,1,1,N,N,43,1N4AL2AP9BN465584,2011,3,71,500,104,N,78752,1,2,4,1,2,,,,N,NA,NA,N,,,,,,,,,,,,,,,,,,,,,,22,74,,,,,,,,,8,1,0,0,0,3,0,0,0,,,,,,,,
17121497,2,1,N,N,43,3GNEK13T52G142197,2002,2,107,730,69,N,76574,1,2,8,1,6,,,,N,NA,NA,N,,,,,,,,,,,,,,,,,,,,,,74,,,,,,,,,,8,1,0,4,0,0,0,4,0,,,,,,,,
17121498,1,1,N,N,43,3C3CFFDR1ET200388,2014,2,35,2956,100,N,78750,1,1,2,2,12,,,,N,SPECIAL AUTOMOTIVE SERVICE INC,SPECIAL AUTOMOTIVE SERVICE INC,N,,,,,,,,,,,,,,,,,,,,,,20,,,,,,,,,,2,1,0,1,0,0,0,1,0,,,,,,,,
17121498,2,1,N,N,43,KNDPN3AC8J7475995,2018,3,55,575,104,N,78640,1,1,6,1,6,,,,N,,,N,,,,,,,,,,,,,,,,,,,,,,0,,,,,,,,,,2,1,0,1,0,2,0,1,0,,,,,,,,
17121499,1,1,N,N,43,JTMZFREV5HJ704358,2017,9,91,581,69,N,78664,1,2,4,5,12,,,,N,AUS-TEX AUTO ENTERPRISES LLC,AUS-TEX AUTO ENTERPRISES LLC,N,,,,,,,,,,,,,,,,,,,,,,2,,,,,,,,,,1,1,0,0,0,1,0,0,0,,,,,,,,
17121500,1,1,N,N,43,3VWDP7AJ6CM306910,2012,9,96,316,104,N,78616,1,1,2,4,12,15,4,9,Y,AVILES & GABES WRECKER SERVICE INC.,AVILES & GABES WRECKER SERVICE INC.,N,,,,,,,,,,,,,,,,,,,,,,4,17,57,,,,,,,,1,1,0,0,0,2,0,0,0,,,,,,,,
17121500,2,1,N,N,9,19XFB2F84DE045114,2013,2,44,256,104,N,33907,1,1,4,3,12,11,2,10,Y,ARMADA TOWING,ARMADA TOWING,N,,,,,,,,,,,,,,,,,,,,,,0,,,,,,,,,,1,1,0,0,0,0,1,0,0,,,,,,,,
17121500,3,1,N,N,43,4V4NC9EH9FN914313,2015,3,98,4415,87,N,78219,1,2,3,1,4,,,,N,,,Y,Y,N,N,3,3,78219,6,0,32000,N,,,,,4,13,,,,,,0,,,,,,,,,,1,2,0,0,0,1,0,0,0,N,0,,,,,N,
17121500,4,6,,,,,,,,,,,78219,,,,,,,,,,,,,,,,,,,,,,,,,,,,,,,,,,0,,,,,,,,,,9,2,0,0,0,0,0,0,0,,,0,32000,2,N,,
17121501,1,1,N,N,43,5NPDH4AE6EH508141,2014,17,45,480,104,N,78741,1,2,7,1,,,,,N,,,N,,,,,,,,,,,,,,,,,,,,,,67,,,,,,,,,,6,1,0,0,0,4,0,0,0,,,,,,,,
17121501,2,1,Y,N,43,1GNDS13S252117919,2005,17,107,732,104,N,78741,2,,9,1,8,,,,N,,,N,,,,,,,,,,,,,,,,,,,,,,0,,,,,,,,,,5,1,0,0,0,2,0,0,0,,,,,,,,
17121566,1,1,N,N,43,5J6RM3H71DL032422,2013,2,44,605,69,N,78753,1,1,2,2,12,,,,Y,ROCHAS TOWING SERVICE,ROCHAS TOWING SERVICE,N,,,,,,,,,,,,,,,,,,,,,,20,19,,,,,,,,,5,1,0,0,0,1,0,0,0,,,,,,,,
17121566,2,1,N,N,43,4T1BF1FK5CU521892,2012,21,91,380,104,N,78753,1,1,8,1,4,,,,N,,,N,,,,,,,,,,,,,,,,,,,,,,0,,,,,,,,,,7,1,0,0,0,3,0,0,0,,,,,,,,
17121567,1,1,N,N,43,WBABJ5327RJC78711,1994,9,14,652,104,N,78760,2,,14,2,2,,,,N,EZ AUTO AND TOWING SERVICE,EZ AUTO AND TOWING SERVICE,N,,,,,,,,,,,,,,,,,,,,,,22,,,,,,,,,,6,1,0,0,0,1,0,0,0,,,,,,,,
17121567,2,1,N,N,43,5NPE34AF4KH737540,2019,16,45,462,104,N,78610,1,1,4,2,11,10,1,5,N,SPECIAL AUTOMOTIVE SERVICE INC,SPECIAL AUTOMOTIVE SERVICE INC,N,,,,,,,,,,,,,,,,,,,,,,0,,,,,,,,,,6,1,0,1,0,0,0,1,0,,,,,,,,
17121567,3,1,N,Y,113,,,99,208,763,0,N,,,,15,1,11,,,,,,,N,,,,,,,,,,,,,,,,,,,,,,0,,,,,,,,,,6,2,0,0,0,0,1,0,0,,,,,,,,
17121568,1,1,N,N,43,1FADP3H2XHL248289,2017,9,37,696,104,N,78741,1,2,12,2,1,,,,N,SPECIAL AUTOMOTIVE SERVICE INC,SPECIAL AUTOMOTIVE SERVICE INC,N,,,,,,,,,,,,,,,,,,,,,,0,,,,,,,,,,3,1,0,0,0,1,0,0,0,,,,,,,,
17121569,1,1,N,N,43,1C3CCCCB4FN643437,2015,21,21,66,104,N,78744,1,1,4,4,2,,,,Y,ARMADA TOWING,ARMADA TOWING,N,,,,,,,,,,,,,,,,,,,,,,63,,,,,,,,,,1,1,0,0,0,1,0,0,0,,,,,,,,
17121570,1,1,N,N,43,2G1WA5E38C1305612,2012,9,107,53,104,N,78616,1,2,4,2,12,,,,Y,CLARK AUTO CARE,CLARK AUTO CARE,N,,,,,,,,,,,,,,,,,,,,,,37,,,,,,,,,,4,1,0,0,0,3,0,0,0,,,,,,,,
17121570,2,1,N,N,43,4S4BRBDC8E3213178,2014,17,85,1268,104,N,78721,1,2,2,2,10,,,,Y,ROCHAS TOWING SERVICE,ROCHAS TOWING SERVICE,N,,,,,,,,,,,,,,,,,,,,,,0,,,,,,,,,,8,1,0,0,0,3,0,0,0,,,,,,,,
17121571,1,1,N,N,43,19XFB2F71FE015725,2015,3,44,256,104,N,78748,1,2,6,3,12,,,,N,AVILES & GABES WRECKER SERVICE INC.,AVILES & GABES WRECKER SERVICE INC.,N,,,,,,,,,,,,,,,,,,,,,,44,,,,,,,,,,5,1,0,1,0,0,0,1,0,,,,,,,,
17121571,2,1,N,N,43,2T3ZFREV9EW096647,2014,21,91,581,69,N,78664,1,2,6,2,7,,,,N,,,N,,,,,,,,,,,,,,,,,,,,,,0,,,,,,,,,,5,1,0,1,0,0,0,1,0,,,,,,,,
17121572,1,1,N,N,43,1N4BA41E36C831884,2006,8,71,297,104,N,78666,1,1,2,4,12,,,,N,A & A WRECKER SOUTH,A & A WRECKER SOUTH,N,,,,,,,,,,,,,,,,,,,,,,44,,,,,6,,,,,11,1,0,0,0,2,0,0,0,,,,,,,,
17121572,2,1,N,N,43,JTHBD192050096032,2005,9,58,718,104,N,78745,1,1,6,3,6,2,2,12,N,ROCHAS TOWING SERVICE,ROCHAS TOWING SERVICE,N,,,,,,,,,,,,,,,,,,,,,,0,,,,,,,,,,11,1,0,0,0,1,0,0,0,,,,,,,,
17121572,3,1,N,N,43,1G6DA1E35E0175832,2014,9,106,728,100,N,78747,1,1,6,2,6,,,,N,,,N,,,,,,,,,,,,,,,,,,,,,,0,,,,,,,,,,11,2,0,0,0,1,0,0,0,,,,,,,,
17121573,1,1,N,N,43,3VW2K7AJ3DM385654,2013,21,96,316,104,N,78641,1,2,1,5,12,2,5,12,N,EZ AUTO AND TOWING SERVICE,EZ AUTO AND TOWING SERVICE,N,,,,,,,,,,,,,,,,,,,,,,22,64,,,,,,,,,3,1,0,0,0,1,0,0,0,,,,,,,,
17121573,2,1,Y,N,43,1GCHK23D87F125181,2007,1,107,2237,30,N,78641,1,2,1,3,6,,,,N,,,N,,,,,,,,,,,,,,,,,,,,,,0,,,,,,,,,,1,1,0,0,0,0,0,0,0,,,,,,,,
17121574,1,1,N,N,5,3VWL17AJ5GM368690,2016,2,96,316,104,N,78731,1,1,3,2,10,,,,N,,,N,,,,,,,,,,,,,,,,,,,,,,66,,,,,,,,,,7,1,0,0,0,1,0,0,0,,,,,,,,
17121574,2,1,N,N,43,1G4HR54K0YU210616,2000,11,105,29,104,N,78731,1,1,4,3,2,,,,N,EZ AUTO AND TOWING SERVICE,EZ AUTO AND TOWING SERVICE,N,,,,,,,,,,,,,,,,,,,,,,0,,,,,,,,,,7,1,0,0,0,1,0,0,0,,,,,,,,
17121575,1,1,N,N,43,4T1B11HK7JU562985,2018,3,91,380,104,N,,1,1,4,3,,,,,N,EZ AUTO AND TOWING SERVICE,EZ AUTO AND TOWING SERVICE,N,,,,,,,,,,,,,,,,,,,,,,0,,,,,,,,,,7,1,0,0,1,1,0,1,0,,,,,,,,
17121575,2,1,N,N,43,JTDBR32E270131689,2007,3,91,173,104,N,78223,1,1,3,3,11,,,,N,EZ AUTO AND TOWING SERVICE,EZ AUTO AND TOWING SERVICE,N,,,,,,,,,,,,,,,,,,,,,,0,,,,,,,,,,5,1,0,0,1,0,0,1,0,,,,,,,,
17122188,1,1,N,N,43,1GNEC16Z16J175537,2006,2,107,249,104,N,76520,1,2,5,1,6,,,,N,,,N,,,,,,,,,,,,,,,,,,,,,,4,41,,,,,,,,,3,1,0,0,0,1,0,0,0,,,,,,,,
17122188,2,1,N,N,43,2C3CCABG3JH266439,2018,9,21,65,104,N,78640,1,2,1,1,12,,,,N,,,N,,,,,,,,,,,,,,,,,,,,,,0,,,,,,,,,,3,1,0,0,0,1,0,0,0,,,,,,,,
17123459,1,1,N,N,43,1G1PA5SHXE7246797,2014,8,107,2209,104,N,78664,1,1,15,5,9,,,,N,STARS TOWING,STARS TOWING,N,,,,,,,,,,,,,,,,,,,,,,0,,,,,,,,,,5,1,0,2,0,0,0,2,0,,,,,,,,
17123459,2,1,N,N,43,JF2SJADC6GH458445,2016,21,85,646,104,N,78702,1,1,2,4,12,,,,N,969 TOWING,969 TOWING,N,,,,,,,,,,,,,,,,,,,,,,0,,,,,,,,,,7,1,0,1,0,0,0,1,0,,,,,,,,
17123460,1,1,N,N,43,WDDGF5EB8BA455945,2011,2,65,3930,104,N,78757,1,2,15,3,11,,,,Y,LAMONT & SONS,LAMONT & SONS,N,,,,,,,,,,,,,,,,,,,,,,74,,,,,,,,,,5,1,0,0,2,0,0,2,0,,,,,,,,
17123460,2,1,N,N,43,2C3CCAAG6JH170967,2018,21,21,65,104,N,78719,1,2,3,3,12,,,,N,BULLET TOWING,BULLET TOWING,N,,,,,,,,,,,,,,,,,,,,,,0,,,,,,,,,,1,1,0,0,3,0,0,3,0,,,,,,,,
17123487,1,1,N,N,43,3GTP1UEC1EG565625,2014,11,39,3080,30,N,78666,1,2,1,1,12,,,,N,,,N,,,,,,,,,,,,,,,,,,,,,,22,,,,,,,,,,5,1,0,0,0,1,0,0,0,,,,,,,,
17123487,2,1,N,N,43,2HGFC4B03GH311192,2016,16,44,256,100,N,78666,1,1,6,4,6,,,,N,,,N,,,,,,,,,,,,,,,,,,,,,,0,,,,,,,,,,5,1,0,0,1,0,0,1,0,,,,,,,,
17123487,3,1,N,N,43,5FNRL6H85JB015088,2018,9,44,571,103,N,78748,1,1,6,0,6,,,,N,,,N,,,,,,,,,,,,,,,,,,,,,,0,,,,,,,,,,5,2,0,0,0,1,0,0,0,,,,,,,,
17123487,4,1,N,N,43,1GYKNDRS3HZ117028,2017,18,106,4721,69,N,78749,1,2,6,0,6,,,,N,,,N,,,,,,,,,,,,,,,,,,,,,,0,,,,,,,,,,5,2,0,0,0,1,0,0,0,,,,,,,,
17124223,1,1,N,N,43,3FA6P0LU9DR193720,2013,21,37,1097,104,N,78752,1,2,12,4,1,,,,N,ZABEN TOWING,"4502 US-183, SUITE B AUSTIN, TX 78744",N,,,,,,,,,,,,,,,,,,,,,,0,,,,,,,,,,1,1,0,1,0,0,0,1,0,,,,,,,,
17124223,2,1,N,N,43,KNDMH4C7XC6497120,2012,21,55,739,103,N,78660,1,2,11,3,10,,,,N,OWNER,RESIDENCE,N,,,,,,,,,,,,,,,,,,,,,,34,,,,,,,,,,7,1,0,0,0,1,0,0,0,,,,,,,,
17125981,1,1,N,N,43,1ZVFT80N155148936,2005,17,37,96,100,N,78633,2,,3,3,11,,,,N,,,N,,,,,,,,,,,,,,,,,,,,,,16,,,,,,,,,,3,1,0,0,0,2,0,0,0,,,,,,,,
17125981,2,1,N,N,43,1G2ZF57B284294908,2008,17,118,159,104,N,78702,2,,2,4,12,,,,N,EZ AUTO AND TOWING SERVICE,2817 PARKER LN AUSTIN TX,N,,,,,,,,,,,,,,,,,,,,,,16,,,,,,,,,,5,1,0,0,1,1,0,1,0,,,,,,,,
17125982,1,1,N,N,43,1FDXF46P23EC60525,2003,21,37,2327,30,N,78751,1,2,23,,,,,,N,,,N,,,,,,,,,,,,,,,,,,,,,,66,,,20,,,,,,,4,1,0,0,0,2,0,0,0,,,,,,,,
17125982,2,6,,,,,,,,,,,78953,,,,,,,,,,,,,,,,,,,,,,,,,,,,,,,,,,0,,,,,,,,,,9,2,0,0,0,0,0,0,0,,,,,,,,
17125982,3,3,,,,,,,,,,,,,,,,,,,,,,,,,,,,,,,,,,,,,,,,,,,,,0,,,,,,,,,,9,1,0,1,0,0,0,1,0,,,,,,,,
17127181,1,1,N,N,43,1G4HP54KX24238274,2002,8,105,29,104,N,78749,1,1,2,5,,,,,Y,SOUTHSIDE WRECKER INC,8200 S. CONGRESS AVE,N,,,,,,,,,,,,,,,,,,,,,,67,,,,,,,,,,3,1,0,0,0,1,0,0,0,,,,,,,,
17127181,2,1,Y,N,43,1FTRW12W86KD38286,2006,17,37,101,104,N,78736,1,1,6,2,6,,,,N,,,N,,,,,,,,,,,,,,,,,,,,,,0,,,,,,,,,,3,1,0,0,0,0,0,0,0,,,,,,,,