Crash_ID,Unit_Nbr,Unit_Desc_ID,Veh_Parked_Fl,Veh_HNR_Fl,Veh_Lic_State_ID,VIN,Veh_Mod_Year,Veh_Color_ID,Veh_Make_ID,Veh_Mod_ID,Veh_Body_Styl_ID,Emer_Respndr_Fl,Ownr_Zip,Fin_Resp_Proof_ID,Fin_Resp_Type_ID,Veh_Dmag_Area_1_ID,Veh_Dmag_Scl_1_ID,Force_Dir_1_ID,Veh_Dmag_Area_2_ID,Veh_Dmag_Scl_2_ID,Force_Dir_2_ID,Veh_Inventoried_Fl,Veh_Transp_Name,Veh_Transp_Dest,Veh_Cmv_Fl,Cmv_Fiveton_Fl,Cmv_Hazmat_Fl,Cmv_Nine_Plus_Pass_Fl,Cmv_Veh_Oper_ID,Cmv_Carrier_ID_Type_ID,Cmv_Carrier_Zip,Cmv_Veh_Type_ID,Cmv_GVWR,Cmv_RGVW,Cmv_Hazmat_Rel_Fl,Hazmat_Cls_1_ID,Hazmat_IDNbr_1_ID,Hazmat_Cls_2_ID,Hazmat_IDNbr_2_ID,Cmv_Cargo_Body_ID,Cmv_Evnt1_ID,Cmv_Evnt2_ID,Cmv_Evnt3_ID,Cmv_Evnt4_ID,Cmv_Tot_Axle,Cmv_Tot_Tire,Contrib_Factr_1_ID,Contrib_Factr_2_ID,Contrib_Factr_3_ID,Contrib_Factr_P1_ID,Contrib_Factr_P2_ID,Veh_Dfct_1_ID,Veh_Dfct_2_ID,Veh_Dfct_3_ID,Veh_Dfct_P1_ID,Veh_Dfct_P2_ID,Veh_Trvl_Dir_ID,First_Harm_Evt_Inv_ID,Sus_Serious_Injry_Cnt,Nonincap_Injry_Cnt,Poss_Injry_Cnt,Non_Injry_Cnt,Unkn_Injry_Cnt,Tot_Injry_Cnt,Death_Cnt,Cmv_Disabling_Damage_Fl,Cmv_Bus_Type_ID,Trlr_GVWR,Trlr_RGVW,Trlr_Type_ID,Trlr_Disabling_Dmag_ID,Cmv_Intermodal_Container_Permit_Fl,CMV_Actual_Gross_Weight
17127181,3,1,Y,N,43,5YFBURHEXEP057787,2014,17,91,173,104,N,78735,1,1,7,3,6,,,,N,,,N,,,,,,,,,,,,,,,,,,,,,,0,,,,,,,,,,5,2,0,0,0,0,0,0,0,,,,,,,,
17127182,1,1,N,Y,43,JTLZE4FE3CJ018983,2009,11,96,518,103,N,78745,1,1,5,1,6,,,,N,,,N,,,,,,,,,,,,,,,,,,,,,,20,,,,,,,,,,5,1,0,0,0,2,0,0,0,,,,,,,,
17127182,2,1,N,N,43,JTLZE4FE3CJ018983,2012,5,91,178,104,N,78745,1,1,3,1,11,,,,N,,,N,,,,,,,,,,,,,,,,,,,,,,0,,,,,,,,,,1,1,0,1,0,0,0,1,0,,,,,,,,
17127183,1,1,N,N,43,5XYZT3LB0JG523639,2018,21,45,713,69,N,74134,1,2,2,7,12,,,,N,HARPERS TOWING SERVICE INC,201 RALPH ABLANEDO,N,,,,,,,,,,,,,,,,,,,,,,0,,,,,,,,,,3,1,0,0,0,1,0,0,0,,,,,,,,
17127183,2,1,Y,N,43,1HGCP2F31CA166341,2012,17,44,236,104,N,77584,1,2,5,7,6,,,,N,EZ AUTO AND TOWING SERVICE,,N,,,,,,,,,,,,,,,,,,,,,,0,,,,,,,,,,3,1,0,0,0,1,0,0,0,,,,,,,,
17127183,3,1,Y,N,43,JF1GJAA65CG029905,2012,21,85,516,104,N,78739,1,2,5,7,6,,,,N,LEFT ON SCENE REMAINED PARKED,LEFT ON SCENE REMAINED PARKED,N,,,,,,,,,,,,,,,,,,,,,,0,,,,,,,,,,3,2,0,0,0,0,1,0,0,,,,,,,,
17127185,1,1,N,N,43,5TDZK23C98S155450,2008,9,91,648,103,N,78660,1,2,6,3,6,,,,N,EZ AUTO AND TOWING SERVICE,EZ AUTO AND TOWING SERVICE,N,,,,,,,,,,,,,,,,,,,,,,4,,,,,,,,,,5,1,0,0,0,1,0,0,0,,,,,,,,
17127185,2,1,N,N,43,19UUA9F76CA006716,2012,2,1,564,104,N,78754,1,2,,,,,,,N,620 LAKESIDE TOWING,620 LAKESIDE TOWING,N,,,,,,,,,,,,,,,,,,,,,,0,,,,,,,,,,5,1,0,0,0,1,0,0,0,,,,,,,,
17127186,1,1,N,N,43,4T1BE46K87U561247,2007,10,91,380,104,N,78758,3,1,2,3,12,15,3,9,Y,EZ AUTO AND TOWING SERVICE,EZ AUTO AND TOWING SERVICE,N,,,,,,,,,,,,,,,,,,,,,,0,,,,,,,,,,5,1,0,0,0,1,0,0,0,,,,,,,,
17127187,1,1,N,N,43,3N1CN7AP3JL860873,2018,21,71,1452,104,N,78216,1,2,4,4,,,,,N,AUS-TEX AUTO ENTERPRISES LLC,OWNERS RESIDENCE/REQUEST,N,,,,,,,,,,,,,,,,,,,,,,16,,,,,,,,,,7,1,0,0,1,0,0,1,0,,,,,,,,
17127187,2,1,N,N,43,1FTKR1EE1APA63514,2010,21,37,357,30,N,78660,1,2,3,3,11,,,,N,,,N,,,,,,,,,,,,,,,,,,,,,,0,,,,,,,,,,5,1,0,0,0,1,0,0,0,,,,,,,,
17127188,1,1,N,N,43,WDDGF5EBXBA510265,2011,9,65,3930,104,N,78731,1,2,3,3,11,,,,N,ARMADA TOWING,ARMADA TOWING,N,,,,,,,,,,,,,,,,,,,,,,16,,,,,,,,,,5,1,0,1,0,0,0,1,0,,,,,,,,
17127188,2,1,N,N,43,3GCPYFED2KG170445,2019,16,107,658,30,N,78731,1,2,4,3,1,,,,N,620 LAKESIDE TOWING,620 LAKESIDE TOWING,N,,,,,,,,,,,,,,,,,,,,,,0,,,,,,,,,,7,1,0,1,0,0,0,1,0,,,,,,,,
17127189,1,1,N,N,43,JN1BV7AP0EM671783,2014,17,47,2393,104,N,78660,1,2,15,3,9,,,,N,620 LAKESIDE TOWING,620 LAKESIDE TOWING,N,,,,,,,,,,,,,,,,,,,,,,74,,,,,,,,,,5,1,0,1,0,0,0,1,0,,,,,,,,
17127190,1,1,N,Y,43,4PTU62026VM009412,1997,99,,,92,N,,,,,,,,,,,,,N,,,,,,,,,,,,,,,,,,,,,,,,,22,,,,,,,5,1,0,0,0,0,1,0,0,,,,,,,,
17127190,2,1,N,N,43,KNADE223396452392,2009,2,55,611,104,N,78748,1,2,15,4,9,,,,N,N/A,N/A,N,,,,,,,,,,,,,,,,,,,,,,0,,,,,,,,,,5,1,0,0,1,0,0,1,0,,,,,,,,
17127191,1,1,N,N,43,JHMGE88439S069285,2009,13,44,1083,104,N,78759,1,2,3,2,10,,,,N,ATX-VIP TOWING SERVICES,ATX-VIP TOWING SERVICES,N,,,,,,,,,,,,,,,,,,,,,,33,,,,,,,,,,7,1,0,0,0,1,0,0,0,,,,,,,,
17127191,2,1,N,N,43,1FADP3K23HL278775,2017,17,37,696,104,N,78754,2,,16,3,3,,,,N,DRIVEN AWAY,DRIVEN AWAY,N,,,,,,,,,,,,,,,,,,,,,,0,,,,,,,,,,1,1,0,0,0,3,0,0,0,,,,,,,,
17127192,1,1,N,N,43,1FM5K8D87GGC94136,2016,21,37,554,69,N,78746,1,2,11,5,10,13,4,9,Y,A-TEX TOWING,205 FARLEY DR,N,,,,,,,,,,,,,,,,,,,,,,4,22,23,20,,,,,,,6,1,0,1,0,0,0,1,0,,,,,,,,
17127192,2,1,N,N,43,5PVNJ8JV2D4S54142,2013,21,43,3290,106,N,78744,1,2,12,4,3,14,2,3,Y,A-TEX TOWING,205 FARLEY DR,N,,,,,,,,,,,,,,,,,,,,,,0,,,,,,,,,,7,1,0,0,0,0,0,0,1,,,,,,,,
17127193,1,1,N,N,43,KMHEC4A48DA099510,2013,21,45,462,104,N,78724,1,2,2,5,12,,,,Y,EZ AUTO AND TOWING SERVICE,EZ AUTO AND TOWING SERVICE,N,,,,,,,,,,,,,,,,,,,,,,,,,61,,,,,,,1,1,0,0,1,0,0,1,0,,,,,,,,
17127193,2,1,N,N,43,JTKDE3B73A0315187,2010,17,91,2573,104,N,78739,1,2,15,6,9,,,,Y,ROCHAS TOWING SERVICE,ROCHAS TOWING SERVICE,N,,,,,,,,,,,,,,,,,,,,,,,,,34,,,,,,,7,1,0,0,1,0,0,1,0,,,,,,,,
17127194,1,1,N,N,43,1C4RJFBG9EC393097,2014,9,429,1116,104,N,78723,1,1,12,2,2,,,,Y,SOUTHSIDE TOWING,8200 S. CONGRESS AVE,N,,,,,,,,,,,,,,,,,,,,,,49,45,,,,,,,,,3,1,0,0,0,1,0,0,0,,,,,,,,
17127194,2,1,N,N,43,KL4CJASB3HB109819,2017,17,105,34,104,N,78703,1,1,15,3,8,,,,N,N/A,N/A,N,,,,,,,,,,,,,,,,,,,,,,0,,,,,,,,,,3,1,0,0,0,2,0,0,0,,,,,,,,
17127195,1,1,N,N,43,5XYKT3A65CG282140,2012,17,55,767,104,N,78653,1,2,3,3,11,,,,,ROCHAS TOWING SERVICE,ROCHAS TOWING SERVICE,N,,,,,,,,,,,,,,,,,,,,,,41,,,,,,,,,,5,1,0,0,0,1,0,0,0,,,,,,,,
17127196,1,1,N,N,43,5TFEM5F16GX109166,2016,17,91,687,30,N,78640,1,1,3,3,12,1,3,12,Y,SOUTHSIDE WRECKER INC,AUS-TEX AUTO ENTERPRISES LLC,N,,,,,,,,,,,,,,,,,,,,,,41,19,74,,,,,,,,7,1,0,0,0,3,0,0,0,,,,,,,,
17127196,2,1,N,N,43,1HD4NBB11FC508584,2015,16,42,1527,71,N,78704,1,1,2,5,12,,,,Y,SOUTHSIDE WRECKER INC,AUS-TEX AUTO ENTERPRISES LLC,N,,,,,,,,,,,,,,,,,,,,,,0,,,,,,,,,,3,1,1,0,0,0,0,1,1,,,,,,,,
17127198,1,1,N,N,43,1NXBR32E16Z675247,2006,16,91,173,104,N,,1,2,2,4,11,,,,N,HARPERS TOWING SERVICE INC,HARPERS TOWING SERVICE INC,N,,,,,,,,,,,,,,,,,,,,,,37,,,,,,,,,,7,1,0,0,0,1,0,0,0,,,,,,,,
17127198,2,1,N,N,36,JTMDJREV1GD054330,2016,21,91,581,69,N,74137,1,2,2,3,1,,,,N,A-TEX TOWING,A-TEX TOWING,N,,,,,,,,,,,,,,,,,,,,,,0,,,,,,,,,,3,1,0,0,0,2,0,0,0,,,,,,,,
17127199,1,1,N,N,43,1FUYSSEB7YLG35287,2000,21,38,3001,87,N,78758,1,1,2,1,12,,,,N,EAGLE TOWING,EAGLE TOWING,Y,Y,N,N,2,2,78758,9,79000,0,N,,,,,6,13,,,,,,44,,,,,,,,,,5,1,0,0,0,1,0,0,0,N,0,,,,,N,
17127199,2,6,,,,,,,,,,,78634,,,,,,,,,,,,,,,,,,,,,,,,,,,,,,,,,,0,,,,,,,,,,9,2,0,0,0,0,0,0,0,,,79000,0,1,N,,
17127199,3,1,N,N,43,1HTMMAAL47H506885,2007,21,48,3586,106,N,78612,1,1,6,1,6,2,1,12,N,DRIVER,DRIVER,N,,,,,,,,,,,,,,,,,,,,,,0,,,,,,,,,,5,1,0,0,0,1,0,0,0,,,,,,,,
17127199,4,1,N,N,43,JM1CW2BL1C0111689,2012,9,63,2471,104,N,78747,1,1,6,2,6,,,,N,DRIVER,DRIVER,N,,,,,,,,,,,,,,,,,,,,,,0,,,,,,,,,,5,2,0,0,0,2,0,0,0,,,,,,,,
17127200,1,1,N,N,43,JTEEW44A282014038,2008,3,91,721,104,N,78666,1,1,10,1,3,,,,N,ROCHAS TOWING SERVICE,ROCHAS TOWING SERVICE,N,,,,,,,,,,,,,,,,,,,,,,65,,,,,,,,,,1,1,0,0,0,1,0,0,0,,,,,,,,
17127200,2,1,N,N,43,JM3ER2A58B0384332,2011,15,63,1008,104,N,78610,1,1,2,2,12,,,,N,AVILES & GABES WRECKER SERVICE INC.,AVILES & GABES WRECKER SERVICE INC.,N,,,,,,,,,,,,,,,,,,,,,,0,,,,,,,,,,1,1,0,0,0,1,0,0,0,,,,,,,,
17127201,1,1,N,N,43,1GCHSBEA0J1138708,2018,21,107,658,30,N,78723,2,,,,,,,,N,,,N,,,,,,,,,,,,,,,,,,,,,,53,,,,,,,,,,1,1,0,0,0,1,0,0,0,,,,,,,,
17127201,2,1,Y,N,43,1FTPW12V97KD15938,2007,11,37,2324,30,N,76249,1,2,14,1,3,,,,N,,,N,,,,,,,,,,,,,,,,,,,,,,55,,,,,,,,,,5,2,0,0,0,1,0,0,0,,,,,,,,
17127201,3,4,,,,,,,,,,,,,,,,,,,,,,,,,,,,,,,,,,,,,,,,,,,,,0,,,,,,,,,,9,1,0,1,0,0,0,1,0,,,,,,,,
17127202,1,1,N,N,43,1C4RJECGXJC169050,2018,2,429,1116,69,N,78746,1,2,2,2,2,,,,N,,,N,,,,,,,,,,,,,,,,,,,,,,35,,,,,,,,,,8,1,0,0,0,1,0,0,0,,,,,,,,
17127202,2,1,N,N,43,1FMDU32P8TZB28676,1996,3,37,554,69,N,78704,1,2,13,4,9,,,,N,ROCHAS TOWING SERVICE,ROCHAS TOWING SERVICE,N,,,,,,,,,,,,,,,,,,,,,,0,,,,,,,,,,6,1,0,0,1,0,0,1,0,,,,,,,,
17127254,1,1,N,N,43,5J6TF1H30CL004739,2012,2,44,2368,104,N,78741,1,1,2,2,12,,,,N,,,N,,,,,,,,,,,,,,,,,,,,,,33,,,,,,,,,,5,1,0,0,0,1,0,0,0,,,,,,,,
17127254,2,1,N,N,43,1HGFA16507L134775,2007,2,44,256,104,N,78757,1,1,15,4,9,,,,N,ARMADA TOWING,ARMADA TOWING,N,,,,,,,,,,,,,,,,,,,,,,0,,,,,,,,,,1,1,0,0,1,0,0,1,0,,,,,,,,
17127255,1,1,N,N,43,1FTNF21F51ED71551,2001,21,37,2325,30,N,76039,1,2,5,2,6,,,,,,,N,,,,,,,,,,,,,,,,,,,,,,0,,,,,5,,,,,2,1,0,0,0,1,0,0,0,,,,,,,,
17127255,2,6,,,,,,,,,,,75229,,,,,,,,,,,,,,,,,,,,,,,,,,,,,,,,,,0,,,,,,,,,,9,2,0,0,0,0,0,0,0,,,,,,,,
17127256,1,1,N,N,43,1FTEX1C8XGKF09908,2016,21,37,2324,30,N,78753,1,2,8,4,5,,,,,,,N,,,,,,,,,,,,,,,,,,,,,,20,37,,,,,,,,,1,1,0,0,0,2,0,0,0,,,,,,,,
17127256,2,1,N,N,43,JM1CR2W34A0366416,2010,,63,2474,104,N,78723,1,2,4,5,2,,,,,CLARK AUTO CARE,IMPOUND,N,,,,,,,,,,,,,,,,,,,,,,0,,,,,,,,,,5,1,0,0,1,0,0,1,0,,,,,,,,
17127257,1,1,N,N,43,1J8GS48K48C154655,2008,17,429,1116,104,N,55944,1,2,2,4,,,,,N,EZ AUTO AND TOWING SERVICE,EZ AUTO AND TOWING SERVICE,N,,,,,,,,,,,,,,,,,,,,,,60,20,,,,,,,,,1,1,0,0,1,0,0,1,0,,,,,,,,
17127258,1,1,N,N,43,2B3KA53H96H465273,2006,16,109,74,104,N,,1,2,3,4,1,,,,N,BULLET TOWING,BULLET TOWING,N,,,,,,,,,,,,,,,,,,,,,,4,,,,,,,,,,7,1,0,0,0,1,0,0,0,,,,,,,,
17127258,2,1,N,N,43,1N6ED27T42C329773,2002,17,71,634,30,N,78752,1,2,3,4,11,,,,N,STARS TOWING,STARS TOWING,N,,,,,,,,,,,,,,,,,,,,,,0,,,,,,,,,,7,1,0,0,0,1,0,0,0,,,,,,,,
17127259,1,1,N,N,43,1XKADB9X7WR767440,1998,11,54,1533,106,N,78573,1,2,16,2,3,,,,N,,,Y,Y,N,N,1,2,78573,8,80000,0,N,,,,,3,13,13,,,,,4,,,,,,,,,,1,1,0,0,0,1,0,0,0,N,0,,,,,N,
17127259,2,6,,,,,,,,,,,78573,,,,,,,,,,,,,,,,,,,,,,,,,,,,,,,,,,0,,,,,,,,,,9,2,0,0,0,0,0,0,0,,,80000,0,1,N,,
17127259,3,1,N,N,43,WA1A4AFY4J2016441,2018,,8,2674,104,N,78642,1,2,16,4,3,,,,Y,SPECIAL AUTOMOTIVE SERVICE INC,SPECIAL AUTOMOTIVE SERVICE INC,N,,,,,,,,,,,,,,,,,,,,,,0,,,,,,,,,,1,1,0,1,0,0,0,1,0,,,,,,,,
17127259,4,1,N,N,43,1FUJGLDR2CSBR8899,2012,16,38,1524,87,N,78046,1,2,,,,,,,N,,,Y,Y,N,N,2,2,78046,8,80000,0,N,,,,,3,13,,,,,,0,,,,,,,,,,1,2,0,0,0,1,0,0,0,N,0,,,,,N,
17127259,5,6,,,,,,,,,,,,,,,,,,,,,,,,,,,,,,,,,,,,,,,,,,,,,0,,,,,,,,,,9,2,0,0,0,0,0,0,0,,,80000,0,1,N,,
17127260,1,1,N,N,43,1GTEC14T9XZ532022,1999,21,39,2340,30,N,78721,2,,2,3,12,6,2,6,,ROCHAS TOWING SERVICE,ROCHAS TOWING SERVICE,N,,,,,,,,,,,,,,,,,,,,,,41,,,,,,,,,,8,1,0,0,0,2,0,0,0,,,,,,,,
17127260,2,7,N,N,43,,,2,91,380,104,N,,,,,,,,,,,,,N,,,,,,,,,,,,,,,,,,,,,,71,,,,,,,,,,4,2,0,0,0,0,0,0,0,,,,,,,,
17127261,1,1,N,N,43,1N4AA6AV2KC365396,2019,9,71,297,104,N,,1,2,2,2,12,,,,N,ARMADA TOWING,ARMADA TOWING,N,,,,,,,,,,,,,,,,,,,,,,20,,,,,,,,,,6,1,0,0,0,1,0,0,0,,,,,,,,
17127261,2,1,N,N,43,5UXKS4C52F0N07698,2015,21,14,689,69,N,78746,1,2,6,1,6,,,,N,,,N,,,,,,,,,,,,,,,,,,,,,,0,,,,,,,,,,6,1,0,0,0,1,0,0,0,,,,,,,,
17127262,1,1,N,N,43,WBA3A5C59DF358003,2013,2,14,588,104,N,78748,1,1,13,4,9,,,,N,FINGER TOWING SERVICE,FINGER TOWING SERVICE,N,,,,,,,,,,,,,,,,,,,,,,34,,,,,,,,,,11,1,0,0,0,1,0,0,0,,,,,,,,
17127262,2,1,N,N,43,5NPEB4AC7DH711879,2013,17,45,462,104,N,77006,1,1,2,3,12,,,,N,NA,NA,N,,,,,,,,,,,,,,,,,,,,,,0,,,,,,,,,,11,1,0,0,1,1,0,1,0,,,,,,,,
17127263,1,1,N,N,43,JN8AZ28R09T122642,2009,15,71,998,104,N,78728,1,1,3,2,1,,,,N,AVILES & GABES WRECKER SERVICE INC.,AVILES & GABES WRECKER SERVICE INC.,N,,,,,,,,,,,,,,,,,,,,,,0,,,,,,,,,,6,1,0,1,0,0,0,1,0,,,,,,,,
17127263,2,1,N,N,43,KNDJN2A20E7059517,2014,21,55,1357,104,N,78660,1,1,2,1,11,,,,N,,,N,,,,,,,,,,,,,,,,,,,,,,0,,,,,,,,,,1,1,0,1,0,0,0,1,0,,,,,,,,
17127264,1,1,N,N,43,3D73Y4CL9BG622992,2011,9,109,2276,106,N,78664,1,1,3,2,11,,,,N,N/A,N/A,N,,,,,,,,,,,,,,,,,,,,,,16,,,19,,,,,,,7,1,0,0,0,1,0,0,0,,,,,,,,
17127264,2,1,N,N,43,5FNYF6H06JB003044,2018,21,44,761,104,N,78704,1,1,2,4,11,,,,Y,EZ AUTO AND TOWING SERVICE,EZ AUTO AND TOWING SERVICE,N,,,,,,,,,,,,,,,,,,,,,,0,,,,,,,,,,3,1,0,0,0,1,0,0,0,,,,,,,,
17127265,1,1,N,N,43,3FADP4EJ7EM220414,2014,2,37,229,104,N,78640,1,2,15,7,9,,,,N,620 LAKESIDE TOWING,620 LAKESIDE TOWING,N,,,,,,,,,,,,,,,,,,,,,,34,,,,,,,,,,7,1,0,1,0,0,0,1,0,,,,,,,,
17127265,2,1,N,N,43,JHLRD68462C017458,2002,5,44,107,69,N,78734,1,2,2,6,12,,,,Y,620 LAKESIDE TOWING,620 LAKESIDE TOWING,N,,,,,,,,,,,,,,,,,,,,,,0,,,,,,,,,,2,1,0,0,1,0,0,1,0,,,,,,,,
17127266,1,1,N,N,43,5TDDKRFH4GS306963,2016,21,91,721,69,N,78704,1,1,2,6,3,,,,N,A-TEX TOWING,,N,,,,,,,,,,,,,,,,,,,,,,20,,,,,,,,,,11,1,0,0,0,1,0,0,0,,,,,,,,
17127266,2,1,N,N,43,4JGAB54E12A290744,2002,8,65,675,69,N,78749,1,1,2,6,9,,,,N,SPECIAL AUTOMOTIVE SERVICE INC,,N,,,,,,,,,,,,,,,,,,,,,,0,,,,,,,,,,11,1,0,0,0,1,0,0,0,,,,,,,,
17127267,1,1,N,N,43,1VWBT7A34FC047537,2015,2,96,473,104,N,78610,1,2,2,3,12,,,,Y,K & S TOWING,K & S TOWING,N,,,,,,,,,,,,,,,,,,,,,,44,,,,,,,,,,5,1,0,0,0,1,0,0,0,,,,,,,,
17127267,2,1,N,N,43,2T1BR30E28C935209,2008,8,91,173,104,N,79605,1,2,6,3,6,,,,Y,SOUTHSIDE WRECKER INC,SOUTHSIDE WRECKER INC,N,,,,,,,,,,,,,,,,,,,,,,0,,,,,,,,,,5,1,0,0,0,1,0,0,0,,,,,,,,
17127269,1,1,N,N,43,1GCEC19ZX7Z134413,2007,21,107,2236,92,N,78727,2,,3,4,12,,,,Y,STARS TOWING,STARS TOWING,N,,,,,,,,,,,,,,,,,,,,,,0,,,,,,,,,,3,1,0,0,1,0,0,1,0,,,,,,,,
17127269,2,1,N,N,43,JTHBK1EG1B2470820,2011,21,58,1050,92,Y,77469,1,1,3,4,12,,,,Y,FINGER TOWING SERVICE,FINGER TOWING SERVICE,N,,,,,,,,,,,,,,,,,,,,,,0,,,,,,,,,,7,1,0,0,1,0,0,1,0,,,,,,,,
17127270,1,1,N,N,43,JT3GM84R0Y0067613,2000,21,91,395,104,N,78666,1,1,4,2,12,,,,N,ARMADA TOWING,ARMADA TOWING,N,,,,,,,,,,,,,,,,,,,,,,37,,,,,,,,,,5,1,0,0,0,1,0,0,0,,,,,,,,
17127270,2,1,N,N,43,1C4RJEBG6HC893104,2017,21,429,1116,104,N,78681,1,1,2,3,12,,,,,LAMONT & SONS,5526 1/2 W HWY 290,N,,,,,,,,,,,,,,,,,,,,,,0,,,,,,,,,,1,1,0,0,0,1,0,0,0,,,,,,,,
17127271,1,1,N,N,43,1FTEW1CF3GKD63210,2016,2,37,2324,0,N,78732,1,1,2,2,12,,,,N,NOT TOWED,NOT TOWED,N,,,,,,,,,,,,,,,,,,,,,,0,,,,,,,,,,1,1,0,0,0,3,0,0,0,,,,,,,,
17127271,2,1,N,N,43,4T4BF1FK2GR559690,2016,9,91,173,104,N,76544,1,1,15,3,9,2,2,12,Y,A-TEX TOWING,A-TEX TOWING,N,,,,,,,,,,,,,,,,,,,,,,0,,,,,,,,,,5,1,0,0,1,0,0,1,0,,,,,,,,
17127278,1,1,N,N,43,1FD0W4GT8HEC15951,2017,21,37,2327,30,N,78617,1,2,6,1,6,,,,N,,,N,,,,,,,,,,,,,,,,,,,,,,4,,,,,,,,,,1,1,0,0,0,1,0,0,0,,,,,,,,
17127278,2,1,N,N,43,1HGEJ824XVL058898,1997,10,44,256,100,N,78747,1,2,2,5,,,,,Y,ROCHAS TOWING SERVICE,ROCHAS TOWING SERVICE,N,,,,,,,,,,,,,,,,,,,,,,0,,,,,,,,,,3,1,0,0,1,1,0,1,0,,,,,,,,
17127287,1,1,N,Y,,,,21,,,104,N,,,,,,,,,,,,,N,,,,,,,,,,,,,,,,,,,,,,0,,,,,,,,,,4,1,0,0,0,0,0,0,0,,,,,,,,
17127287,2,1,N,N,43,3G1TC5CF0HL122950,2012,17,107,920,104,N,78759,1,1,6,5,6,2,3,12,N,AUS-TEX AUTO ENTERPRISES LLC,AUS-TEX AUTO ENTERPRISES LLC,N,,,,,,,,,,,,,,,,,,,,,,0,,,,,,,,,,4,1,0,1,0,0,0,1,0,,,,,,,,
17127287,3,1,N,N,43,3GCPKSEA2CG204661,2012,2,107,658,30,N,78734,1,1,8,2,6,,,,N,,,N,,,,,,,,,,,,,,,,,,,,,,0,,,,,,,,,,4,2,0,0,0,5,0,0,0,,,,,,,,
17127288,1,1,N,N,43,5TDDK3EH9CS133790,2012,3,91,721,69,N,78739,1,2,15,3,9,,,,Y,A-TEX TOWING,ATEX,N,,,,,,,,,,,,,,,,,,,,,,,,,60,,,,,,,5,1,0,0,0,1,0,0,0,,,,,,,,
17127289,1,1,N,N,43,1GNKRHKD6GJ225936,2016,21,107,1414,69,N,78744,1,2,3,1,12,,,,N,,,N,,,,,,,,,,,,,,,,,,,,,,44,,,,,,,,,,4,1,0,0,0,1,0,0,0,,,,,,,,
17127289,2,1,N,N,43,1C4RJEAG6JC171431,2018,11,429,1116,69,N,78724,1,2,5,1,6,,,,N,620 LAKESIDE TOWING,620 LAKESIDE TOWING,N,,,,,,,,,,,,,,,,,,,,,,0,,,,,,,,,,4,1,0,1,0,0,0,1,0,,,,,,,,
17127291,1,1,N,N,43,1GCEC14C57Z533300,2007,8,107,2236,30,N,78681,1,2,2,2,12,,,,N,STARS TOWING,STARS TOWING,N,,,,,,,,,,,,,,,,,,,,,,20,,,,,,,,,,1,1,0,0,0,2,0,0,0,,,,,,,,
17127291,2,1,N,N,43,1N6BD0CT1HN724181,2017,21,71,634,30,N,78728,1,2,6,2,6,,,,,,,N,,,,,,,,,,,,,,,,,,,,,,0,,,,,,,,,,1,1,0,0,0,1,0,0,0,,,,,,,,
17127294,1,1,N,N,43,2HGFA16538H351445,2008,9,44,256,104,N,78666,1,2,7,5,7,3,3,11,N,A-TEX TOWING,5526 1/2 W HWY 290,N,,,,,,,,,,,,,,,,,,,,,,,,,22,,,,,,,1,1,0,1,0,0,0,1,0,,,,,,,,
17127297,1,1,N,N,43,JN1HJ01F3RT256697,1994,10,71,297,104,N,78640,1,2,4,4,2,,,,N,ROCHAS TOWING SERVICE,OWNERS RESIDENCE/REQUEST,N,,,,,,,,,,,,,,,,,,,,,,22,44,,,,,,,,,5,1,0,0,0,1,0,0,0,,,,,,,,
17127297,2,1,N,N,43,1FTSW20R88EA44487,2008,8,37,2325,30,N,78708,1,2,7,2,8,,,,,,,N,,,,,,,,,,,,,,,,,,,,,,0,,,,,,,,,,5,1,0,0,0,1,0,0,0,,,,,,,,
17127344,1,1,N,N,43,5TDKKRFH6FS046202,2015,21,91,721,104,N,78753,1,1,11,4,9,18,3,3,Y,ARMADA TOWING,ARMADA TOWING,N,,,,,,,,,,,,,,,,,,,,,,0,,,,,,,,,,5,1,0,0,0,1,0,0,0,,,,,,,,
17127344,2,1,N,N,43,1C4NJPBA5CD511332,2012,17,429,1273,104,N,78758,1,1,2,3,12,,,,Y,ATX-VIP TOWING SERVICES,ATX-VIP TOWING SERVICES,N,,,,,,,,,,,,,,,,,,,,,,0,,,,,,,,,,7,1,0,0,0,1,0,0,0,,,,,,,,
17127346,1,1,N,N,43,2T3YFREV2FW213806,2015,17,91,581,104,N,39581,1,2,10,5,2,,,,Y,ROCHAS TOWING SERVICE,ROCHAS TOWING SERVICE,N,,,,,,,,,,,,,,,,,,,,,,37,,,,,,,,,,5,1,0,0,1,0,0,1,0,,,,,,,,
17127346,2,1,N,N,43,2GTEK19BX51297431,2005,17,39,3080,30,N,78745,1,2,2,3,,,,,Y,EZ AUTO AND TOWING SERVICE,EZ AUTO AND TOWING SERVICE,N,,,,,,,,,,,,,,,,,,,,,,0,,,,,,,,,,1,1,0,0,0,1,0,0,0,,,,,,,,
17127347,1,1,N,N,43,JM1BL1VF2B1391104,2011,17,63,1210,100,N,78741,1,2,2,4,12,,,,N,620 LAKESIDE TOWING,620 LAKESIDE TOWING,N,,,,,,,,,,,,,,,,,,,,,,44,,,,,,,,,,8,1,0,0,0,1,0,0,0,,,,,,,,