Crash_ID,Unit_Nbr,Unit_Desc_ID,Veh_Parked_Fl,Veh_HNR_Fl,Veh_Lic_State_ID,VIN,Veh_Mod_Year,Veh_Color_ID,Veh_Make_ID,Veh_Mod_ID,Veh_Body_Styl_ID,Emer_Respndr_Fl,Ownr_Zip,Fin_Resp_Proof_ID,Fin_Resp_Type_ID,Veh_Dmag_Area_1_ID,Veh_Dmag_Scl_1_ID,Force_Dir_1_ID,Veh_Dmag_Area_2_ID,Veh_Dmag_Scl_2_ID,Force_Dir_2_ID,Veh_Inventoried_Fl,Veh_Transp_Name,Veh_Transp_Dest,Veh_Cmv_Fl,Cmv_Fiveton_Fl,Cmv_Hazmat_Fl,Cmv_Nine_Plus_Pass_Fl,Cmv_Veh_Oper_ID,Cmv_Carrier_ID_Type_ID,Cmv_Carrier_Zip,Cmv_Veh_Type_ID,Cmv_GVWR,Cmv_RGVW,Cmv_Hazmat_Rel_Fl,Hazmat_Cls_1_ID,Hazmat_IDNbr_1_ID,Hazmat_Cls_2_ID,Hazmat_IDNbr_2_ID,Cmv_Cargo_Body_ID,Cmv_Evnt1_ID,Cmv_Evnt2_ID,Cmv_Evnt3_ID,Cmv_Evnt4_ID,Cmv_Tot_Axle,Cmv_Tot_Tire,Contrib_Factr_1_ID,Contrib_Factr_2_ID,Contrib_Factr_3_ID,Contrib_Factr_P1_ID,Contrib_Factr_P2_ID,Veh_Dfct_1_ID,Veh_Dfct_2_ID,Veh_Dfct_3_ID,Veh_Dfct_P1_ID,Veh_Dfct_P2_ID,Veh_Trvl_Dir_ID,First_Harm_Evt_Inv_ID,Sus_Serious_Injry_Cnt,Nonincap_Injry_Cnt,Poss_Injry_Cnt,Non_Injry_Cnt,Unkn_Injry_Cnt,Tot_Injry_Cnt,Death_Cnt,Cmv_Disabling_Damage_Fl,Cmv_Bus_Type_ID,Trlr_GVWR,Trlr_RGVW,Trlr_Type_ID,Trlr_Disabling_Dmag_ID,Cmv_Intermodal_Container_Permit_Fl,CMV_Actual_Gross_Weight
17135617,3,1,N,N,43,5TFCZ5AN1KX175085,2019,21,91,629,30,N,78750,1,2,7,4,6,,,,N,DRIVEN BY OWNER,,N,,,,,,,,,,,,,,,,,,,,,,0,,,,,,,,,,4,2,0,0,0,3,0,0,0,,,,,,,,
17135618,1,1,N,N,43,1GTEC19V55Z347151,2005,1,39,2340,30,N,78704,1,2,7,1,7,3,1,11,N,ROCHAS TOWING SERVICE,ROCHAS TOWING SERVICE,N,,,,,,,,,,,,,,,,,,,,,,34,,,20,,,,,,,2,1,0,0,1,0,0,1,0,,,,,,,,
17135618,2,1,N,N,43,1D4HD48N45F509238,2005,9,109,635,69,N,78722,1,2,4,3,1,,,,N,HARPERS TOWING SERVICE INC,HARPERS TOWING SERVICE INC,N,,,,,,,,,,,,,,,,,,,,,,19,,,22,,,,,,,4,1,0,0,0,1,0,0,0,,,,,,,,
17135618,3,6,,,,,,,,,,,85036,,,,,,,,,,,,,,,,,,,,,,,,,,,,,,,,,,0,,,,,,,,,,9,2,0,0,0,0,0,0,0,,,,,,,,
17135619,1,1,N,N,43,WVWCD63B55E127709,2005,17,96,473,104,N,78704,1,2,3,1,11,4,1,2,,SPECIAL AUTOMOTIVE SERVICE INC,SPECIAL AUTOMOTIVE SERVICE INC,N,,,,,,,,,,,,,,,,,,,,,,20,38,,,,,,,,,2,1,0,0,0,1,0,0,0,,,,,,,,
17135619,2,1,N,N,43,1GKEC13Z03R109723,2003,21,39,479,69,N,78745,1,2,4,1,1,,,,,ROCHAS TOWING SERVICE,ROCHAS TOWING SERVICE,N,,,,,,,,,,,,,,,,,,,,,,20,,,,,,,,,,4,1,0,0,0,1,0,0,0,,,,,,,,
17135620,1,1,N,N,43,JA4AP3AU3HZ041727,2017,3,68,2497,69,N,78644,1,1,10,3,3,,,,N,NONE,NONE,N,,,,,,,,,,,,,,,,,,,,,,35,,,,,,,,,,1,1,0,0,1,0,1,1,0,,,,,,,,
17135620,2,1,N,N,43,4T4BF1FK1FR501682,2015,9,91,380,104,N,,1,1,2,2,12,,,,N,NONE,NONE,N,,,,,,,,,,,,,,,,,,,,,,0,,,,,,,,,,7,1,0,0,0,0,1,0,0,,,,,,,,
17135621,1,1,N,N,43,KNAFE121555095895,2005,16,55,611,104,N,,1,1,2,4,12,,,,N,ROCHAS,ROCHAS TOWING SERVICE,N,,,,,,,,,,,,,,,,,,,,,,,,,20,,,,,,,7,1,0,0,0,1,0,0,0,,,,,,,,
17135621,2,1,N,N,43,KMHDH4AE7CU192845,2012,17,45,480,104,N,,2,,6,3,6,,,,N,HARPERS TOWING SERVICE INC,HARPERS TOWING SERVICE INC,N,,,,,,,,,,,,,,,,,,,,,,0,,,,,,,,,,7,1,0,0,1,0,0,1,0,,,,,,,,
17135622,1,1,N,N,10,WDC0G4JB0GF061613,2013,21,65,118,69,N,78702,1,2,2,3,12,,,,N,SPECIAL AUTOMOTIVE SERVICE INC,SPECIAL AUTOMOTIVE SERVICE INC,N,,,,,,,,,,,,,,,,,,,,,,16,,,19,,,,,,,1,1,0,0,0,2,0,0,0,,,,,,,,
17135622,2,1,N,N,43,1FTNE1EW0BDA21162,2011,21,37,101,103,N,78701,1,4,12,3,5,,,,N,SPECIAL AUTOMOTIVE SERVICE INC,AISD LOT,N,,,,,,,,,,,,,,,,,,,,,,0,,,,,,,,,,3,1,0,0,0,1,0,0,0,,,,,,,,
17135623,1,1,N,N,43,5FNRL5H6XBB009054,2011,17,44,571,103,N,78753,1,2,3,3,12,15,3,9,N,,,N,,,,,,,,,,,,,,,,,,,,,,0,,,,,,,,,,3,1,0,0,0,4,0,0,0,,,,,,,,
17135623,2,1,N,N,43,1FMRU15W33LA03259,2003,9,37,601,69,N,78665,2,,4,4,1,,,,Y,EZ AUTO AND TOWING SERVICE,EZ AUTO AND TOWING SERVICE,N,,,,,,,,,,,,,,,,,,,,,,0,,,,,,,,,,5,1,0,0,0,2,0,0,0,,,,,,,,
17135623,3,1,N,N,43,5J6RW1H55KA006721,2019,21,44,107,69,N,78758,1,2,2,2,12,,,,N,,,N,,,,,,,,,,,,,,,,,,,,,,0,,,,,,,,,,5,2,0,0,0,2,0,0,0,,,,,,,,
17135624,1,1,N,N,43,5TEGN92N42Z069449,2002,17,91,629,30,N,78744,1,1,2,2,12,,,,N,NOT TOWED,NOT TOWED,N,,,,,,,,,,,,,,,,,,,,,,,,,15,,,,,,,5,1,0,1,0,1,0,1,0,,,,,,,,
17135624,2,1,N,N,43,5FNYF3H70EB006572,2014,21,44,761,69,N,78131,1,1,12,2,3,,,,N,NOT TOWED,NOT TOWED,N,,,,,,,,,,,,,,,,,,,,,,,,,15,,,,,,,3,1,0,0,0,5,0,0,0,,,,,,,,
17135625,1,1,N,N,43,2T3WFREV2JW485370,2018,17,91,581,104,N,78610,1,2,15,4,10,,,,Y,A-TEX TOWING,5526 1/2 W HWY 290,N,,,,,,,,,,,,,,,,,,,,,,0,,,,,,,,,,5,1,0,1,0,0,0,1,0,,,,,,,,
17135625,2,1,N,N,43,3CZRM3H5XCG701815,2012,3,44,605,104,N,78749,1,2,12,3,2,,,,Y,A-TEX TOWING,5526 1/2 W HWY 290,N,,,,,,,,,,,,,,,,,,,,,,0,,,,,,,,,,5,1,0,0,0,1,0,0,0,,,,,,,,
17135626,1,1,N,N,43,1C3CDFAAXGD644611,2016,21,109,78,104,N,78610,2,,2,4,12,,,,Y,BULLET TOWING,BULLET TOWING,N,,,,,,,,,,,,,,,,,,,,,,16,,,,,,,,,,4,1,0,0,0,1,0,0,0,,,,,,,,
17135626,2,1,N,N,43,1GC2CUEG7JZ276668,2018,21,107,2237,30,N,78752,1,2,16,3,3,13,3,9,Y,ARMADA TOWING,ARMADA TOWING,N,,,,,,,,,,,,,,,,,,,,,,0,,,,,,,,,,6,1,0,0,1,4,0,1,0,,,,,,,,
17135627,1,1,N,N,43,KMHDH4AE8CU271280,2012,9,45,480,104,N,78748,1,2,2,5,12,,,,Y,HARPERS TOWING SERVICE INC,HARPERS TOWING SERVICE INC,N,,,,,,,,,,,,,,,,,,,,,,0,,,,,,,,,,7,1,0,0,1,0,0,1,0,,,,,,,,
17135627,2,1,N,N,41,1GYFK63837R243357,2007,16,106,657,104,N,78748,1,2,2,2,12,,,,N,,,N,,,,,,,,,,,,,,,,,,,,,,0,,,,,,,,,,1,1,0,0,0,1,0,0,0,,,,,,,,
17135629,1,1,N,N,43,1GNEK13Z82R145132,2002,17,107,547,69,N,78750,1,2,11,3,9,,,,N,,,N,,,,,,,,,,,,,,,,,,,,,,0,,,,,,,,,,2,1,0,0,0,4,0,0,0,,,,,,,,
17135629,2,1,N,N,43,1ZVHT82H885107689,2008,17,37,96,100,N,78730,1,2,2,4,12,,,,N,620 LAKESIDE TOWING,620 LAKESIDE TOWING,N,,,,,,,,,,,,,,,,,,,,,,0,,,,,,,,,,4,1,0,0,0,1,0,0,0,,,,,,,,
17135630,1,1,N,N,43,19XFB2F51EE069376,2014,2,44,256,104,N,78754,1,1,1,3,12,,,,N,ROCHAS TOWING SERVICE,ROCHAS TOWING SERVICE,N,,,,,,,,,,,,,,,,,,,,,,19,20,,,,,,,,,3,1,0,0,0,2,0,0,0,,,,,,,,
17135630,2,1,N,N,43,1GCSKSE38AZ295928,2010,17,107,2236,30,N,78748,1,1,5,1,6,,,,N,NONE,NONE,N,,,,,,,,,,,,,,,,,,,,,,0,,,,,,,,,,3,1,0,0,0,1,0,0,0,,,,,,,,
17135631,1,1,N,N,43,WDDHF5KB2EA900337,2014,17,65,674,104,N,78748,1,1,2,1,12,,,,N,NOT TOWED,NOT TOWED,N,,,,,,,,,,,,,,,,,,,,,,20,44,,,,,,,,,4,1,0,0,0,2,0,0,0,,,,,,,,
17135631,2,1,N,N,43,JKAENVC1X9A213922,2009,16,53,3678,71,N,78748,1,1,5,2,6,10,1,3,N,SPECIAL AUTOMOTIVE SERVICE INC,SPECIAL AUTOMOTIVE SERVICE INC,N,,,,,,,,,,,,,,,,,,,,,,0,,,,,,,,,,4,1,0,0,1,0,0,1,0,,,,,,,,
17135632,1,1,N,Y,43,4F2YZ04183KM23073,2003,16,63,719,104,N,78744,1,2,2,4,12,,,,Y,SOUTHSIDE WRECKER INC,8200 S. CONGRESS AVE,N,,,,,,,,,,,,,,,,,,,,,,20,,,,,,,,,,3,1,0,0,0,0,1,0,0,,,,,,,,
17135633,1,1,N,N,43,WP1AD29P79LA60758,2009,16,76,962,104,N,78746,1,2,3,1,11,,,,N,,,N,,,,,,,,,,,,,,,,,,,,,,0,,,,,,,,,,4,1,0,0,0,1,0,0,0,,,,,,,,
17135633,2,1,N,N,43,1GCGK13U11F174445,2001,10,107,658,30,N,78415,1,2,3,1,11,,,,N,,,N,,,,,,,,,,,,,,,,,,,,,,0,,,,,,,,,,8,1,0,0,0,1,0,0,0,,,,,,,,
17135696,1,1,N,Y,43,WDBNG73J51A208710,2001,17,65,,104,N,78638,1,1,6,4,6,,,,N,,,N,,,,,,,,,,,,,,,,,,,,,,44,,,20,,,,,,,1,1,0,0,2,0,0,2,0,,,,,,,,
17135696,2,1,N,Y,,,,21,429,1116,69,N,,,,,,,,,,,,,N,,,,,,,,,,,,,,,,,,,,,,0,,,,,,,,,,1,1,0,0,0,0,0,0,0,,,,,,,,
17135697,1,1,N,N,43,5NPDH4AEXGH747954,2016,3,45,480,104,N,78411,1,1,3,3,2,,,,N,ATX-VIP TOWING SERVICES,ATX-VIP TOWING SERVICES,N,,,,,,,,,,,,,,,,,,,,,,63,,,,,,,,,,1,1,0,0,0,1,0,0,0,,,,,,,,
17135698,1,1,N,Y,43,5TEUU4EN7AZ672267,2010,21,91,629,30,N,78610,1,2,2,1,12,,,,N,,,N,,,,,,,,,,,,,,,,,,,,,,0,,,,,,,,,,1,1,0,0,0,0,0,0,0,,,,,,,,
17135698,2,1,N,N,43,WBA4A9C52GGL89474,2016,9,14,2733,104,N,78704,1,2,6,2,6,,,,N,,,N,,,,,,,,,,,,,,,,,,,,,,0,,,,,,,,,,1,1,0,0,1,0,0,1,0,,,,,,,,
17135699,1,1,N,N,43,KMHDU46D97U078329,2007,16,45,480,104,N,78609,1,1,15,3,9,2,3,12,Y,ROCHAS TOWING SERVICE,ROCHAS TOWING SERVICE,N,,,,,,,,,,,,,,,,,,,,,,27,,,,,,,,,,1,1,0,0,1,0,1,1,0,,,,,,,,
17135699,2,1,N,N,43,JHMBB6247YC001077,2000,21,44,286,100,N,78261,1,1,10,4,3,,,,N,,,N,,,,,,,,,,,,,,,,,,,,,,0,,,,,,,,,,1,2,0,0,0,1,0,0,0,,,,,,,,
17135699,3,1,N,N,43,JHMZE2H79ES001244,2014,21,44,697,104,N,78751,1,1,12,1,2,,,,N,,,N,,,,,,,,,,,,,,,,,,,,,,0,,,,,,,,,,1,1,0,0,0,1,0,0,0,,,,,,,,
17135701,1,1,N,N,43,JN8AZ2KR5BT211993,2011,21,71,998,104,N,78717,1,1,2,6,12,,,,Y,620 LAKESIDE TOWING,620 LAKESIDE TOWING,N,,,,,,,,,,,,,,,,,,,,,,77,20,,,,,,,,,2,1,0,0,1,0,0,1,0,,,,,,,,
17135701,2,1,N,N,43,5TDYK3DC0BS019487,2011,8,91,648,103,N,76543,1,2,6,6,6,3,3,12,Y,620 LAKESIDE TOWING,620 LAKESIDE TOWING,N,,,,,,,,,,,,,,,,,,,,,,0,,,,,,,,,,2,1,0,1,1,0,0,2,0,,,,,,,,
17135701,3,1,N,N,43,KNDPB3A29C7312727,2012,2,55,575,104,N,78729,1,2,6,3,,,,,Y,620 LAKESIDE TOWING,620 LAKESIDE TOWING,N,,,,,,,,,,,,,,,,,,,,,,0,,,,,,,,,,2,2,0,0,0,1,0,0,0,,,,,,,,
17135702,1,1,N,N,43,3FA6P0G72DR141611,2013,21,37,1097,104,N,78640,1,2,4,1,11,,,,N,,,N,,,,,,,,,,,,,,,,,,,,,,0,,,,,,,,,,6,1,0,0,0,2,0,0,0,,,,,,,,
17135702,2,1,N,N,43,5FNRL18923B140452,2003,11,44,571,103,N,78641,1,2,7,2,5,,,,N,,,N,,,,,,,,,,,,,,,,,,,,,,0,,,,,,,,,,6,1,0,1,0,6,0,1,0,,,,,,,,
17135703,1,1,N,Y,,,,21,,,104,N,,,,,,,,,,,,,N,,,,,,,,,,,,,,,,,,,,,,,,,19,20,,,,,,5,1,0,0,0,0,1,0,0,,,,,,,,
17135703,2,3,,,,,,,,,,,,,,,,,,,,,,,,,,,,,,,,,,,,,,,,,,,,,0,,,,,,,,,,9,1,0,1,0,0,0,1,0,,,,,,,,
17135703,3,3,,,,,,,,,,,,,,,,,,,,,,,,,,,,,,,,,,,,,,,,,,,,,0,,,,,,,,,,9,2,0,0,0,1,0,0,0,,,,,,,,
17135704,1,1,N,N,43,1FTFX1EF0CFA46373,2012,21,37,2324,30,N,78660,2,,2,4,12,,,,N,OWNER,OWNER,N,,,,,,,,,,,,,,,,,,,,,,22,44,,,,,,,,,1,1,0,1,0,1,0,1,0,,,,,,,,
17135704,2,1,N,N,43,1HGCR2F35GA139238,2016,9,44,236,104,N,78645,1,2,6,1,6,,,,N,,,N,,,,,,,,,,,,,,,,,,,,,,0,,,,,,,,,,1,1,0,0,0,1,0,0,0,,,,,,,,
17135704,3,1,N,N,43,NMTKHMBX3JR007007,2018,16,91,178,69,N,77014,1,2,6,2,6,2,1,12,N,,,N,,,,,,,,,,,,,,,,,,,,,,0,,,,,,,,,,1,2,0,0,0,1,0,0,0,,,,,,,,
17135705,1,1,N,N,43,1FTBF2AT8EEB39685,2014,21,37,2325,106,N,78634,1,2,14,2,5,,,,N,,,N,,,,,,,,,,,,,,,,,,,,,,33,,,,,,,,,,1,1,0,0,0,1,0,0,0,,,,,,,,
17135705,2,1,N,N,43,1GC2KUEG0GZ124324,2016,21,107,658,106,N,78747,1,2,2,2,12,,,,N,INTERSTATE CHAPARRAL TOWING INC.,INTERSTATE CHAPARRAL TOWING INC.,N,,,,,,,,,,,,,,,,,,,,,,0,,,,,,,,,,5,1,0,1,0,0,0,1,0,,,,,,,,
17135707,1,1,N,N,43,4F4YR12C2XTM27749,1999,21,63,616,30,N,78753,1,2,3,4,11,,,,N,ROCHAS TOWING SERVICE,ROCHAS TOWING SERVICE,N,,,,,,,,,,,,,,,,,,,,,,4,,,,,,,,,,3,1,0,1,0,0,0,1,0,,,,,,,,
17135707,2,1,N,N,43,5NMSG13D37H061426,2007,2,45,713,104,N,78753,1,2,2,4,12,,,,N,CLARK AUTO CARE,CLARK AUTO CARE,N,,,,,,,,,,,,,,,,,,,,,,0,,,,,,,,,,5,1,0,0,1,0,0,1,0,,,,,,,,
17135708,1,1,N,Y,113,,,2,208,763,0,N,,,,,,,,,,,,,N,,,,,,,,,,,,,,,,,,,,,,,,,20,,,,,,,5,1,0,0,0,0,1,0,0,,,,,,,,
17135708,2,4,,,,,,,,,,,,,,,,,,,,,,,,,,,,,,,,,,,,,,,,,,,,,,,,59,,,,,,,9,1,1,0,0,0,0,1,0,,,,,,,,
17135709,1,1,N,N,43,JN1AZ34D05M602568,2015,17,71,776,100,N,78744,1,1,2,5,11,,,,,AVILES & GABES WRECKER SERVICE INC.,AVILES & GABES WRECKER SERVICE INC.,N,,,,,,,,,,,,,,,,,,,,,,20,,,,,,,,,,7,1,0,0,0,2,0,0,0,,,,,,,,
17135709,2,1,N,N,43,KNAFK4A64G5586548,2016,21,55,1093,104,N,78759,1,1,8,5,5,,,,,AUS-TEX AUTO ENTERPRISES LLC,AUS-TEX AUTO ENTERPRISES LLC,N,,,,,,,,,,,,,,,,,,,,,,0,,,,,,,,,,1,1,0,1,0,2,0,1,0,,,,,,,,
17135711,1,1,N,N,43,ML32F3FJ7HHF09403,2017,17,68,389,104,N,78716,1,2,2,6,12,15,6,9,Y,ARMADA TOWING,ARMADA TOWING,N,,,,,,,,,,,,,,,,,,,,,,4,60,,,,,,,,,1,1,0,0,0,1,0,0,0,,,,,,,,
17135711,2,1,N,N,43,1FUYSZB4WP8904680,1998,3,38,1524,87,N,78572,1,2,15,4,9,,,,N,,,Y,Y,N,N,5,2,78572,9,80000,0,N,,,,,3,13,,,,,,0,,,,,,,,,,1,2,0,0,0,1,0,0,0,N,0,,,,,N,
17135711,3,6,,,,,,,,,,,78572,,,,,,,,,,,,,,,,,,,,,,,,,,,,,,,,,,0,,,,,,,,,,9,2,0,0,0,0,0,0,0,,,68000,0,2,N,,
17135712,1,1,N,N,43,3GNEC12067G307380,2007,2,107,730,30,N,78727,1,2,29,0,,,,,N,STARS TOWING,STARS TOWING,N,,,,,,,,,,,,,,,,,,,,,,74,,,,,,,,,,1,1,0,0,0,1,0,0,0,,,,,,,,
17135712,2,1,N,N,43,2MEFM75V56X625496,2006,17,114,1114,104,N,78616,1,2,29,0,,,,,N,ROCHAS TOWING SERVICE,ROCHAS TOWING SERVICE,N,,,,,,,,,,,,,,,,,,,,,,74,,,,,,,,,,1,2,0,0,0,2,0,0,0,,,,,,,,
17135712,3,1,N,N,43,5N1AZ2MGXGN103903,2016,17,71,777,69,N,78717,1,2,29,0,,,,,N,PRONTO WRECKER SERVICE NORTH,PRONTO WRECKER SERVICE NORTH,N,,,,,,,,,,,,,,,,,,,,,,74,,,,,,,,,,1,2,0,0,0,1,0,0,0,,,,,,,,
17135712,4,1,N,N,43,1C3CCCAB8FN732849,2015,2,21,2258,104,N,78744,2,,29,0,,,,,,,,N,,,,,,,,,,,,,,,,,,,,,,74,,,,,,,,,,1,2,0,0,0,1,0,0,0,,,,,,,,
17135713,1,1,N,N,43,1FA6P8THXJ5132070,2018,9,37,96,100,N,78613,1,1,3,2,11,,,,N,,,N,,,,,,,,,,,,,,,,,,,,,,,,,20,,,,,,,3,1,0,1,0,0,0,1,0,,,,,,,,
17135713,2,1,N,N,43,JTHBJ46G572151849,2007,17,58,1052,104,N,78645,1,1,2,2,12,8,2,4,N,,,N,,,,,,,,,,,,,,,,,,,,,,0,,,,,,,,,,3,1,0,0,0,1,0,0,0,,,,,,,,
17135713,3,1,N,N,43,2HKRL186XYH588081,2000,1,44,571,103,N,78613,1,1,6,1,6,,,,N,,,N,,,,,,,,,,,,,,,,,,,,,,0,,,,,,,,,,3,2,0,0,0,1,0,0,0,,,,,,,,
17135714,1,1,N,N,43,1FTEW1C52JKC50668,2018,17,37,2324,30,N,78745,1,1,4,7,1,6,7,6,Y,EZ AUTO AND TOWING SERVICE,EZ AUTO AND TOWING SERVICE,N,,,,,,,,,,,,,,,,,,,,,,74,,,,,,,,,,7,1,0,0,1,0,0,1,0,,,,,,,,
17135714,2,6,,,,,,,,,,,,,,,,,,,,,,,,,,,,,,,,,,,,,,,,,,,,,0,,,,,,,,,,9,2,0,0,0,0,0,0,0,,,,,,,,
17135714,3,1,Y,N,43,JM1BK12F071612228,2007,9,63,1210,104,N,78745,1,1,14,7,,13,7,7,Y,ROCHAS TOWING SERVICE,ROCHAS TOWING SERVICE,N,,,,,,,,,,,,,,,,,,,,,,0,,,,,,,,,,1,1,0,0,0,0,0,0,0,,,,,,,,
17135717,1,1,N,N,43,1B3LC46B69N552401,2009,2,109,549,104,N,78653,1,2,2,2,12,,,,N,,,N,,,,,,,,,,,,,,,,,,,,,,0,,,,,,,,,,7,1,0,0,0,1,0,0,0,,,,,,,,
17135717,2,1,N,N,43,2LMDJ6JK3BBJ19034,2011,11,113,2451,104,N,78753,1,2,7,2,7,,,,N,,,N,,,,,,,,,,,,,,,,,,,,,,20,,,,,,,,,,5,1,0,0,0,1,0,0,0,,,,,,,,
17135717,3,1,N,N,43,JM3KE2CY4G0908220,2016,3,63,2471,104,N,75025,1,2,4,2,1,,,,N,,,N,,,,,,,,,,,,,,,,,,,,,,0,,,,,,,,,,7,2,0,0,0,1,0,0,0,,,,,,,,
17135725,1,1,N,N,43,SHHFK7H49KU216016,2019,2,44,256,104,N,78757,1,2,2,1,12,,,,N,,,N,,,,,,,,,,,,,,,,,,,,,,44,,,,,,,,,,2,1,0,0,0,1,0,0,0,,,,,,,,
17135725,2,1,N,N,43,JN8AZ18UX9W031455,2009,21,71,777,69,N,78681,1,2,6,1,6,,,,N,,,N,,,,,,,,,,,,,,,,,,,,,,0,,,,,,,,,,2,1,0,1,0,1,0,1,0,,,,,,,,
17135729,1,1,N,N,43,JN8AZ1MU8BW059072,2011,3,71,777,69,N,78753,1,1,11,2,9,,,,N,,,N,,,,,,,,,,,,,,,,,,,,,,34,,,,,,,,,,3,1,0,0,1,0,0,1,0,,,,,,,,
17135729,2,1,N,N,43,1FTFW1CV6AFD93121,2010,16,37,2324,30,N,78665,1,1,4,1,12,,,,N,,,N,,,,,,,,,,,,,,,,,,,,,,0,,,,,,,,,,4,1,0,0,1,0,0,1,0,,,,,,,,
17135732,1,1,N,N,43,1FDNK72P2NVA17178,1992,21,37,101,103,N,78727,1,1,8,3,6,4,3,1,N,AUSTIN EXPRESS TOWING INC.,AUSTIN EXPRESS TOWING INC.,N,,,,,,,,,,,,,,,,,,,,,,0,,,,,,,,,,1,1,0,0,0,2,0,0,0,,,,,,,,
17135732,2,1,N,N,43,1FUPCSZB8VP722636,1997,16,38,2996,87,N,77386,1,1,4,4,11,,,,N,AUSTEX,AUSTEX,Y,Y,N,N,2,2,77386,9,0,80000,N,,,,,15,13,,,,,,0,,,,,,,,,,1,1,0,0,0,1,0,0,0,Y,0,,,,,N,
17135732,3,6,,,,,,,,,,,77386,,,,,,,,,,,,,,,,,,,,,,,,,,,,,,,,,,0,,,,,,,,,,9,2,0,0,0,0,0,0,0,,,0,0,2,N,,
17135734,1,1,N,N,43,5TDYK3DC5BS107130,2011,17,91,648,103,N,78745,1,1,2,4,12,,,,N,,,N,,,,,,,,,,,,,,,,,,,,,,0,,,,,,,,,,6,1,0,0,0,1,0,0,0,,,,,,,,
17135734,2,1,N,N,43,2T3ZFREV1GW243885,2016,15,91,581,69,N,92844,1,1,6,4,6,,,,N,,,N,,,,,,,,,,,,,,,,,,,,,,0,,,,,,,,,,6,1,0,0,1,0,0,1,0,,,,,,,,
17135735,1,1,N,N,43,1G4PP5SKXF4193647,2015,17,105,2187,104,N,78748,1,2,6,4,8,2,3,11,N,SOUTHSIDE WRECKER INC,8200 S. CONGRESS AVE,N,,,,,,,,,,,,,,,,,,,,,,35,,,,,,,,,,6,1,0,0,0,1,0,0,0,,,,,,,,
17135735,2,1,N,N,43,KMHTC6AD8DU127890,2013,9,45,2381,100,N,78744,1,2,3,4,1,,,,N,HARPERS TOWING SERVICE INC,HARPERS TOWING SERVICE INC,N,,,,,,,,,,,,,,,,,,,,,,0,,,,,,,,,,5,1,0,0,0,1,0,0,0,,,,,,,,
17135736,1,1,N,N,43,2HKRW2H55JH647886,2018,16,44,605,104,N,78723,1,2,2,5,12,,,,N,OASIS TOWING,PRIVATE LOT,N,,,,,,,,,,,,,,,,,,,,,,35,,,,,,,,,,1,1,0,0,0,2,0,0,0,,,,,,,,
17135736,2,1,N,N,43,1FTEX1CP9GFB03764,2016,3,37,2324,30,N,08054,1,1,14,4,3,,,,N,STARS TOWING,PRIVATE SHOP,N,,,,,,,,,,,,,,,,,,,,,,0,,,,,,,,,,3,1,0,0,0,1,0,0,0,,,,,,,,
17135737,1,1,N,N,43,JN1BJ1CP0HW006123,2017,3,71,1310,69,N,78744,1,2,11,4,10,,,,N,EZ AUTO AND TOWING SERVICE,EZ AUTO AND TOWING SERVICE,N,,,,,,,,,,,,,,,,,,,,,,0,,,,,,,,,,7,1,0,1,0,0,0,1,0,,,,,,,,
17135737,2,1,N,Y,,,,17,71,634,30,N,,,,,,,,,,,,,N,,,,,,,,,,,,,,,,,,,,,,23,,,,,,,,,,3,1,0,0,0,0,1,0,0,,,,,,,,
17135739,1,1,N,N,43,3D4PG3FGXBT515919,2011,21,109,1166,103,N,78660,1,2,6,2,6,,,,N,,,N,,,,,,,,,,,,,,,,,,,,,,34,,,,,,,,,,3,1,0,0,0,1,0,0,0,,,,,,,,
17135739,2,1,N,N,43,3GCEC13J68G176601,2008,21,107,658,30,N,78748,1,2,2,4,,,,,N,SPECIAL AUTOMOTIVE SERVICE INC,OWNERS RESIDENCE/REQUEST,N,,,,,,,,,,,,,,,,,,,,,,0,,,,,,,,,,1,1,0,0,0,1,0,0,0,,,,,,,,
17135797,1,1,N,N,43,3N1BC1CP9BL359208,2011,2,71,1452,104,N,78745,1,2,2,5,12,,,,N,NONE,NONE,N,,,,,,,,,,,,,,,,,,,,,,66,,,,,,,,,,1,1,0,0,0,1,0,0,0,,,,,,,,
17135797,2,1,N,N,43,JN8AF5MR2HT705390,2017,15,71,2505,104,N,78640,1,2,13,2,12,,,,Y,EZ AUTO AND TOWING SERVICE,,N,,,,,,,,,,,,,,,,,,,,,,0,,,,,,,,,,1,1,0,0,0,1,0,0,0,,,,,,,,
17135799,1,1,N,N,43,1J8GS48K27C663531,2007,11,429,1116,69,N,78727,1,2,4,3,12,,,,N,,,N,,,,,,,,,,,,,,,,,,,,,,0,,,,,,,,,,4,1,0,0,0,1,0,0,0,,,,,,,,
17135799,2,1,N,N,43,4P1BCAGF0EA014666,2014,16,181,1079,23,Y,78702,1,7,10,1,3,,,,N,,,N,,,,,,,,,,,,,,,,,,,,,,0,,,,,,,,,,6,1,0,0,0,1,0,0,0,,,,,,,,
17135803,1,1,N,N,43,3GCUKREC9JG417777,2018,2,107,658,30,N,78613,1,1,2,3,2,,,,Y,620 LAKESIDE TOWING,620 LAKESIDE TOWING,N,,,,,,,,,,,,,,,,,,,,,,0,,,,,,,,,,2,1,0,0,0,1,0,0,0,,,,,,,,
17135803,2,1,N,N,43,5NPD84LF9JH381434,2018,3,45,480,104,N,78729,1,1,13,3,7,,,,Y,AUS-TEX AUTO ENTERPRISES LLC,AUS-TEX AUTO ENTERPRISES LLC,N,,,,,,,,,,,,,,,,,,,,,,0,,,,,,,,,,2,1,0,0,0,1,0,0,0,,,,,,,,