Crash_ID,Unit_Nbr,Unit_Desc_ID,Veh_Parked_Fl,Veh_HNR_Fl,Veh_Lic_State_ID,VIN,Veh_Mod_Year,Veh_Color_ID,Veh_Make_ID,Veh_Mod_ID,Veh_Body_Styl_ID,Emer_Respndr_Fl,Ownr_Zip,Fin_Resp_Proof_ID,Fin_Resp_Type_ID,Veh_Dmag_Area_1_ID,Veh_Dmag_Scl_1_ID,Force_Dir_1_ID,Veh_Dmag_Area_2_ID,Veh_Dmag_Scl_2_ID,Force_Dir_2_ID,Veh_Inventoried_Fl,Veh_Transp_Name,Veh_Transp_Dest,Veh_Cmv_Fl,Cmv_Fiveton_Fl,Cmv_Hazmat_Fl,Cmv_Nine_Plus_Pass_Fl,Cmv_Veh_Oper_ID,Cmv_Carrier_ID_Type_ID,Cmv_Carrier_Zip,Cmv_Veh_Type_ID,Cmv_GVWR,Cmv_RGVW,Cmv_Hazmat_Rel_Fl,Hazmat_Cls_1_ID,Hazmat_IDNbr_1_ID,Hazmat_Cls_2_ID,Hazmat_IDNbr_2_ID,Cmv_Cargo_Body_ID,Cmv_Evnt1_ID,Cmv_Evnt2_ID,Cmv_Evnt3_ID,Cmv_Evnt4_ID,Cmv_Tot_Axle,Cmv_Tot_Tire,Contrib_Factr_1_ID,Contrib_Factr_2_ID,Contrib_Factr_3_ID,Contrib_Factr_P1_ID,Contrib_Factr_P2_ID,Veh_Dfct_1_ID,Veh_Dfct_2_ID,Veh_Dfct_3_ID,Veh_Dfct_P1_ID,Veh_Dfct_P2_ID,Veh_Trvl_Dir_ID,First_Harm_Evt_Inv_ID,Sus_Serious_Injry_Cnt,Nonincap_Injry_Cnt,Poss_Injry_Cnt,Non_Injry_Cnt,Unkn_Injry_Cnt,Tot_Injry_Cnt,Death_Cnt,Cmv_Disabling_Damage_Fl,Cmv_Bus_Type_ID,Trlr_GVWR,Trlr_RGVW,Trlr_Type_ID,Trlr_Disabling_Dmag_ID,Cmv_Intermodal_Container_Permit_Fl,CMV_Actual_Gross_Weight
17136982,1,1,N,N,43,5YFBURHE3GP380338,2016,9,91,173,104,N,78750,1,1,3,3,2,,,,Y,EZ AUTO AND TOWING SERVICE,EZ AUTO AND TOWING SERVICE,N,,,,,,,,,,,,,,,,,,,,,,67,,,22,,,,,,,3,1,0,0,0,1,0,0,0,,,,,,,,
17136982,2,1,N,Y,,,,21,39,,30,N,,,,,,,,,,,,,N,,,,,,,,,,,,,,,,,,,,,,0,,,,,,,,,,5,1,0,0,0,0,0,0,0,,,,,,,,
17136983,1,1,N,N,43,4T1BD1EBXJU059723,2018,8,91,563,104,N,78758,1,2,3,2,12,,,,Y,969 TOWING,OWNERS REQUEST,N,,,,,,,,,,,,,,,,,,,,,,33,,,,,,,,,,4,1,0,0,0,2,0,0,0,,,,,,,,
17136983,2,1,N,N,43,1G1PH5S96B7296225,2011,16,107,2209,104,N,78744,1,2,13,2,10,3,1,11,Y,A & A WRECKER NORTH,A & A WRECKER NORTH,N,,,,,,,,,,,,,,,,,,,,,,0,,,,,,,,,,8,1,0,0,0,1,0,0,0,,,,,,,,
17136983,3,1,N,N,43,1G4GJ5E33DF272732,2013,21,105,1175,104,N,78653,1,2,13,2,11,,,,N,,,N,,,,,,,,,,,,,,,,,,,,,,0,,,,,,,,,,4,2,0,0,0,1,0,0,0,,,,,,,,
17136984,1,1,N,N,43,1GAHG39K581188887,2008,21,107,731,103,N,,1,1,18,7,3,,,,N,STARS TOWING,STARS TOWING,N,,,,,,,,,,,,,,,,,,,,,,0,,,,,,,,,,6,1,0,0,3,1,0,3,0,,,,,,,,
17136985,1,1,N,N,43,JF2GTABCXJH318313,2018,21,85,2555,69,N,78705,1,1,14,2,3,,,,Y,,,N,,,,,,,,,,,,,,,,,,,,,,15,,,,,,,,,,7,1,0,0,0,2,0,0,0,,,,,,,,
17136985,2,1,N,N,43,KNMAT2MT1JP572120,2018,17,71,1310,69,N,78701,1,7,1,3,12,,,,Y,,,N,,,,,,,,,,,,,,,,,,,,,,0,,,,,,,,,,5,1,0,0,1,0,0,1,0,,,,,,,,
17136986,1,1,N,N,43,KNDJT2A50C7462829,2012,2,55,1357,69,N,78613,1,2,2,5,12,,,,Y,620 LAKESIDE TOWING,620 LAKESIDE TOWING,N,,,,,,,,,,,,,,,,,,,,,,44,,,20,19,,,,,,6,1,0,0,0,1,0,0,0,,,,,,,,
17136986,2,1,N,N,43,1C6RR7LT5HS814227,2017,17,710,4100,30,N,78641,1,2,6,2,6,,,,N,,,N,,,,,,,,,,,,,,,,,,,,,,0,,,,,,,,,,6,1,0,0,0,1,0,0,0,,,,,,,,
17136987,1,1,N,N,43,7FARW1H80JE017510,2018,9,44,605,69,N,78681,1,2,10,2,2,,,,N,SOUTHSIDE WRECKER INC,8200 S. CONGRESS AVE,N,,,,,,,,,,,,,,,,,,,,,,23,,,,,,,,,,6,1,0,0,1,0,0,1,0,,,,,,,,
17136987,2,1,N,N,43,1FUYDSYB1SP544857,1995,21,38,1524,87,N,78753,1,2,15,1,9,,,,N,SOUTHSIDE WRECKER INC,8200 S. CONGRESS AVE,Y,Y,N,N,3,2,787853,9,52000,0,N,,,,,10,13,,,,,,0,,,,,,,,,,6,1,0,0,0,1,0,0,0,N,0,,,,,N,
17136987,3,6,,,,,,,,,,,78753,,,,,,,,,,,,,,,,,,,,,,,,,,,,,,,,,,0,,,,,,,,,,9,2,0,0,0,0,0,0,0,,,66000,0,2,N,,
17136988,1,1,N,N,43,5TDKKRFH0FS057938,2015,17,91,721,69,N,78750,1,2,10,2,3,,,,N,,,N,,,,,,,,,,,,,,,,,,,,,,,,,70,,,,,,,6,1,0,0,0,1,0,0,0,,,,,,,,
17136988,2,1,N,N,43,4JGDF6EE4JB024343,2018,17,65,1110,69,N,78729,1,2,15,3,9,,,,Y,FINGER TOWING SERVICE,CONTINENTAL MERCEDES,N,,,,,,,,,,,,,,,,,,,,,,0,,,,,,,,,,6,1,0,0,0,1,0,0,0,,,,,,,,
17136989,1,1,N,N,43,1FAFP34N65W202560,2005,16,37,696,104,N,78722,1,2,4,4,1,2,2,12,Y,SPECIAL AUTOMOTIVE SERVICE INC,SPECIAL AUTOMOTIVE SERVICE INC,N,,,,,,,,,,,,,,,,,,,,,,0,,,,,,,,,,5,1,0,0,0,1,0,0,0,,,,,,,,
17136989,2,1,N,N,43,WBAXG5C51CDX06368,2012,9,14,632,104,N,78664,1,2,2,2,12,,,,Y,A & A WRECKER SOUTH,A & A WRECKER SOUTH,N,,,,,,,,,,,,,,,,,,,,,,0,,,,,,,,,,7,1,0,0,0,1,0,0,0,,,,,,,,
17136990,1,1,N,N,43,JTDKARFU8G3012135,2016,17,91,702,104,N,78750,1,1,8,3,5,2,3,12,N,,,N,,,,,,,,,,,,,,,,,,,,,,,,,4,,,,,,,5,1,0,0,0,1,0,0,0,,,,,,,,
17136990,2,1,N,N,43,KMHDN46D45U118245,2005,3,45,480,104,N,78759,1,1,3,2,11,,,,N,,,N,,,,,,,,,,,,,,,,,,,,,,,,,44,,,,,,,5,1,0,0,0,1,0,0,0,,,,,,,,
17137430,1,1,N,N,43,1G6KD57Y34U186351,2004,21,106,36,104,N,78705,1,2,2,6,12,,,,N,A TEX TOWING 512-383-5900,"5526 1/2 W. HWY 290, AUSTIN 78735",N,,,,,,,,,,,,,,,,,,,,,,0,,,,,,,,,,7,1,0,0,0,1,0,0,0,,,,,,,,
17137430,2,1,N,N,43,1J4RH4GK5AC105254,2010,2,429,982,104,N,77657,1,2,,,,,,,N,,,N,,,,,,,,,,,,,,,,,,,,,,0,,,,,,,,,,7,1,0,0,0,1,0,0,0,,,,,,,,
17138206,1,1,N,N,43,3N1CE2CP9FL371028,2015,17,71,3996,104,N,78660,1,1,1,3,12,,,,,,,N,,,,,,,,,,,,,,,,,,,,,,19,,,,,,,,,,6,1,0,1,0,0,0,1,0,,,,,,,,
17138206,2,1,N,N,43,YV4A22PK5H1143692,2017,21,98,781,104,N,78613,1,1,5,3,6,,,,N,,,N,,,,,,,,,,,,,,,,,,,,,,0,,,,,,,,,,6,1,0,0,0,1,0,0,0,,,,,,,,
17138207,1,1,N,N,43,1GT12UEG9JF169539,2018,2,39,2340,30,N,78613,1,2,2,3,12,,,,N,,,N,,,,,,,,,,,,,,,,,,,,,,44,,,,,,,,,,5,1,0,0,0,2,0,0,0,,,,,,,,
17138207,2,1,N,N,43,1FM5K8AR7FGB91794,2015,2,37,554,69,N,78702,4,7,6,3,6,,,,,,,N,,,,,,,,,,,,,,,,,,,,,,0,,,,,,,,,,5,1,0,0,0,1,0,0,0,,,,,,,,
17138208,1,1,N,N,43,3C63R3GL1GG290315,2016,2,710,4100,30,N,78621,1,2,2,1,12,,,,N,,,N,,,,,,,,,,,,,,,,,,,,,,22,,,,,,,,,,1,1,0,0,0,1,0,0,0,,,,,,,,
17138208,2,1,N,N,43,5N1AL0MN1FC524133,2015,21,47,3579,69,N,78652,1,2,6,2,6,,,,N,FINGER TOWING SERVICE,OWNERS RESIDENCE/REQUEST,N,,,,,,,,,,,,,,,,,,,,,,0,,,,,,,,,,1,1,0,1,0,0,0,1,0,,,,,,,,
17138209,1,1,N,N,43,1FTRF12256NB41264,2006,17,37,2324,30,N,78741,1,2,2,4,12,,,,N,,,N,,,,,,,,,,,,,,,,,,,,,,,,,67,22,,,,,,5,1,0,0,0,1,0,0,0,,,,,,,,
17138209,2,1,Y,N,43,5TFRM5F14FX091492,2015,21,91,687,30,N,78734,,,,,,,,,,,,N,,,,,,,,,,,,,,,,,,,,,,0,,,,,,,,,,1,1,0,0,0,0,0,0,0,,,,,,,,
17138210,1,1,N,N,43,3C63RRGLXHG730181,2017,21,109,2276,30,N,78681,1,2,7,0,7,,,,N,DRIVEN AWAY,DRIVEN AWAY,N,,,,,,,,,,,,,,,,,,,,,,4,,,20,,,,,,,3,1,0,0,0,2,0,0,0,,,,,,,,
17138210,2,6,,,,,,,,,,,78612,,,,,,,,,,,,,,,,,,,,,,,,,,,,,,,,,,0,,,,,,,,,,9,2,0,0,0,0,0,0,0,,,,,,,,
17138210,3,1,N,N,43,JNRAS18U09M103887,2009,21,47,466,69,N,78616,1,2,10,4,1,,,,N,DRIVEN AWAY,DRIVEN AWAY,N,,,,,,,,,,,,,,,,,,,,,,0,,,,,,,,,,3,1,0,0,0,1,0,0,0,,,,,,,,
17138211,1,1,N,N,43,3FAHP07Z99R210926,2009,2,37,229,104,N,78750,1,2,6,4,6,,,,Y,EZ AUTO AND TOWING SERVICE,EZ AUTO AND TOWING SERVICE,N,,,,,,,,,,,,,,,,,,,,,,,,,20,,,,,,,8,1,0,1,1,0,0,2,0,,,,,,,,
17138211,2,1,N,N,43,1FUJGLD59FLGC2358,2015,21,38,1524,87,N,77044,1,2,2,2,12,,,,N,,,Y,Y,N,N,1,5,77049,9,80000,0,N,,,,,98,13,,,,,,0,,,,,,,,,,8,1,0,0,0,1,0,0,0,N,0,,,,,N,
17138211,3,6,,,,,,,,,,,77044,,,,,,,,,,,,,,,,,,,,,,,,,,,,,,,,,,0,,,,,,,,,,9,2,0,0,0,0,0,0,0,,,80000,0,1,N,,
17138212,1,1,N,N,43,1G1AZ54F857542766,2005,21,107,978,104,N,78626,1,1,2,2,12,,,,N,AVILES & GABES WRECKER SERVICE INC.,AVILES & GABES WRECKER SERVICE INC.,N,,,,,,,,,,,,,,,,,,,,,,16,,,20,,,,,,,5,1,0,0,1,0,0,1,0,,,,,,,,
17138212,2,1,N,N,43,JTJGA31U040019777,2004,21,58,1317,69,N,95148,1,1,15,1,9,,,,N,,,N,,,,,,,,,,,,,,,,,,,,,,0,,,,,,,,,,3,1,0,0,1,0,0,1,0,,,,,,,,
17138213,1,1,N,N,43,2C3CDXGJ8JH319172,2018,15,109,74,104,N,78644,1,2,2,4,12,14,2,3,N,SPECIAL AUTOMOTIVE SERVICE INC,SPECIAL AUTOMOTIVE SERVICE INC,N,,,,,,,,,,,,,,,,,,,,,,,,,22,,,,,,,3,1,0,1,0,0,0,1,0,,,,,,,,
17138214,1,1,N,N,43,55SWF4KB6FU083666,2015,3,65,839,104,N,75077,1,2,12,3,,,,,N,ZABIN TOWING,OWNERS RESIDENCE/REQUEST,N,,,,,,,,,,,,,,,,,,,,,,4,74,,,,,,,,,1,1,0,0,0,2,0,0,0,,,,,,,,
17138214,2,1,N,N,43,1XKYD49X6GJ115175,2016,21,54,1533,87,N,78045,1,2,,,,,,,N,,,Y,Y,N,N,1,2,78045,9,0,80000,N,,,,,3,10,,,,,,0,,,,,,,,,,1,1,0,0,0,1,0,0,0,N,0,,,,,N,
17138214,3,6,,,,,,,,,,,46203,,,,,,,,,,,,,,,,,,,,,,,,,,,,,,,,,,0,,,,,,,,,,9,2,0,0,0,0,0,0,0,,,0,30000,1,Y,,
17138215,1,1,N,N,9,1FMCU0GX5GUC24870,2016,17,37,711,69,N,32812,1,2,11,2,5,,,,N,ATX-VIP TOWING SERVICES,ATX-VIP TOWING SERVICES,N,,,,,,,,,,,,,,,,,,,,,,20,4,,,,,,,,,7,1,0,0,0,1,0,0,0,,,,,,,,
17138215,2,1,N,N,43,2FMDK3J94CBA12404,2012,16,37,1035,69,N,78744,1,2,12,3,5,,,,N,EZ AUTO AND TOWING SERVICE,EZ AUTO AND TOWING SERVICE,N,,,,,,,,,,,,,,,,,,,,,,0,,,,,,,,,,7,1,0,0,0,1,0,0,0,,,,,,,,
17138216,1,1,N,N,43,1HGCM66545A060020,2005,2,44,236,104,N,78723,2,,6,5,6,10,3,3,Y,SPECIAL AUTOMOTIVE SERVICE INC,SPECIAL AUTOMOTIVE SERVICE INC,N,,,,,,,,,,,,,,,,,,,,,,22,20,,,,,,,,,4,1,0,0,0,1,0,0,0,,,,,,,,
17138217,1,1,N,N,43,2HSCNAPR07C310569,2007,21,48,110,87,N,78045,1,3,4,2,11,,,,N,,,Y,Y,N,N,2,2,,9,10000,0,N,,,,,3,20,,,,,,4,,,,,,,,,,2,1,0,0,0,1,0,0,0,Y,0,,,,,N,
17138217,2,1,N,N,43,KNAFT4A23D5733268,2013,2,55,1093,104,N,78748,1,2,15,3,11,,,,N,SPECIAL AUTOMOTIVE SERVICE INC,SPECIAL AUTOMOTIVE SERVICE INC,N,,,,,,,,,,,,,,,,,,,,,,0,,,,,,,,,,2,1,0,0,1,0,0,1,0,,,,,,,,
17138217,3,6,,,,,,,,,,,,,,,,,,,,,,,,,,,,,,,,,,,,,,,,,,,,,0,,,,,,,,,,9,2,0,0,0,0,0,0,0,,,10000,0,1,N,,
17138218,1,1,N,N,43,2HGFC1F39HH653377,2017,16,44,256,104,N,78727,1,1,11,5,5,,,,,EZ AUTO AND TOWING SERVICE,EZ AUTO AND TOWING SERVICE,N,,,,,,,,,,,,,,,,,,,,,,0,,,,,,,,,,5,1,0,0,1,0,0,1,0,,,,,,,,
17138218,2,1,N,N,43,1C3CCBBB1DN540033,2013,9,21,2258,104,N,78727,3,1,12,6,11,,,,N,STARS TOWING,STARS TOWING,N,,,,,,,,,,,,,,,,,,,,,,,,,37,,,,,,,1,1,0,0,1,0,0,1,0,,,,,,,,
17138219,1,1,N,N,43,5YFBURHE1EP063607,2014,17,91,173,104,N,77584,1,2,1,4,12,,,,N,NA,NA,N,,,,,,,,,,,,,,,,,,,,,,22,,,,,,,,,,2,1,0,0,0,1,0,0,0,,,,,,,,
17138219,2,1,N,N,43,5TFEM5F10DX063023,2013,17,91,687,30,N,78753,1,2,5,1,6,,,,N,AUS TEX TOWING & RECOVERY,"200 FARLEY DRIVE, AUSTIN, TEXAS, 78753",N,,,,,,,,,,,,,,,,,,,,,,0,,,,,,,,,,2,1,0,1,0,0,0,1,0,,,,,,,,
17138220,1,1,N,N,43,5N1AZ2MGXJN179287,2018,3,71,777,104,N,78664,1,2,2,0,12,,,,N,,,N,,,,,,,,,,,,,,,,,,,,,,,,,20,,,,,,,2,1,0,0,0,2,0,0,0,,,,,,,,
17138220,2,3,,,,,,,,,,,,,,,,,,,,,,,,,,,,,,,,,,,,,,,,,,,,,0,,,,,,,,,,9,1,0,1,0,0,0,1,0,,,,,,,,
17138221,1,1,N,Y,,,,,,,0,N,,,,,,,,,,,,,N,,,,,,,,,,,,,,,,,,,,,,0,,,,,,,,,,2,2,0,0,0,0,0,0,0,,,,,,,,
17138221,2,1,N,N,43,1G1RB6S52HU200873,2017,5,107,2257,104,N,78727,1,2,11,3,9,14,3,4,N,ALBERTS TOWING SOUTH,ALBERTS TOWING SOUTH,N,,,,,,,,,,,,,,,,,,,,,,0,,,,,,,,,,2,1,0,0,0,1,0,0,0,,,,,,,,
17138221,3,1,N,N,43,3GCUKREC4FG192014,2015,17,107,658,30,N,78731,1,2,2,2,12,,,,N,,,N,,,,,,,,,,,,,,,,,,,,,,0,,,,,,,,,,2,1,0,0,0,1,0,0,0,,,,,,,,
17138222,1,1,N,N,43,3GCPKSE32BG331149,2011,2,107,658,30,N,78748,1,2,2,2,12,,,,N,,,N,,,,,,,,,,,,,,,,,,,,,,,,,20,44,,,,,,1,1,0,0,0,1,0,0,0,,,,,,,,
17138222,2,1,N,N,43,1FA6P0G78G5135724,2016,3,37,1097,104,N,78660,1,2,,,,,,,N,EZ AUTO AND TOWING SERVICE,EZ AUTO AND TOWING SERVICE,N,,,,,,,,,,,,,,,,,,,,,,0,,,,,,,,,,1,1,0,0,0,1,0,0,0,,,,,,,,
17138222,3,1,N,N,43,JHLRD68554C002610,2004,11,44,107,104,N,78641,1,2,6,1,6,,,,N,,,N,,,,,,,,,,,,,,,,,,,,,,0,,,,,,,,,,1,2,0,0,0,1,0,0,0,,,,,,,,
17138222,4,1,N,N,43,2T2GK31U28C040511,2008,1,58,1318,104,N,78746,1,2,6,1,6,,,,N,,,N,,,,,,,,,,,,,,,,,,,,,,0,,,,,,,,,,1,2,0,0,0,1,0,0,0,,,,,,,,
17138222,5,1,N,N,43,4T1BF1FK3EU378220,2014,21,91,173,104,N,76209,1,2,,,,,,,,,,N,,,,,,,,,,,,,,,,,,,,,,0,,,,,,,,,,1,2,0,0,0,1,0,0,0,,,,,,,,
17138223,1,1,N,N,43,1GC0CUEGXGZ396318,2016,21,107,60,106,N,78724,1,2,13,1,10,,,,N,,,N,,,,,,,,,,,,,,,,,,,,,,35,,,,,,,,,,7,1,0,0,0,1,0,0,0,,,,,,,,
17138223,2,1,N,N,43,1HGCG16501A016942,2001,8,44,236,104,N,78753,1,2,2,4,12,,,,N,AUSTIN EXPRESS TOWING INC.,AUSTIN EXPRESS TOWING INC.,N,,,,,,,,,,,,,,,,,,,,,,0,,,,,,,,,,1,1,0,0,0,1,0,0,0,,,,,,,,
17138224,1,1,N,N,43,1N4AL3AP1FN331759,2015,21,71,500,104,N,78753,1,2,2,3,12,,,,Y,HARPERS TOWING SERVICE INC,HARPERS TOWING SERVICE INC,N,,,,,,,,,,,,,,,,,,,,,,22,,,,,,,,,,4,1,0,0,0,1,0,0,0,,,,,,,,
17138224,2,1,N,N,43,1GCDM19W4XB198373,1999,21,107,370,103,N,78644,1,2,6,1,6,,,,N,DRIVEN FROM SCENE,DRIVEN FROM SCENE,N,,,,,,,,,,,,,,,,,,,,,,0,,,,,,,,,,4,1,0,0,0,1,0,0,0,,,,,,,,
17138226,1,1,N,N,43,3GYFNBE37FS555520,2015,16,106,1373,69,N,78730,1,2,18,5,12,,,,N,620 LAKESIDE TOWING,620 LAKESIDE TOWING,N,,,,,,,,,,,,,,,,,,,,,,19,22,,,,,,,,,8,1,0,0,0,1,0,0,0,,,,,,,,
17138254,1,1,N,N,43,1FMZU63E62ZA09656,2002,21,37,554,69,N,78753,1,2,1,2,12,,,,N,,,N,,,,,,,,,,,,,,,,,,,,,,22,,,,,,,,,,7,1,0,0,0,1,0,0,0,,,,,,,,
17138254,2,1,N,N,43,WAUDFAFC1GN031405,2016,3,8,2149,104,N,76543,1,2,6,2,6,2,2,12,N,CLARK AUTO CARE,CLARK AUTO CARE,N,,,,,,,,,,,,,,,,,,,,,,0,,,,,,,,,,7,1,0,0,0,1,0,0,0,,,,,,,,
17138254,3,6,,,,,,,,,,,78217,,,,,,,,,,,,,,,,,,,,,,,,,,,,,,,,,,0,,,,,,,,,,9,2,0,0,0,0,0,0,0,,,,,,,,
17138254,4,1,N,N,43,1FT7X2A60CEB05668,2012,21,37,2325,30,N,78217,1,2,2,1,12,,,,N,,,N,,,,,,,,,,,,,,,,,,,,,,0,,,,,,,,,,7,2,0,0,0,5,0,0,0,,,,,,,,
17138254,5,1,N,N,43,1FAHP2F81DG217065,2013,16,37,229,104,N,77622,1,2,6,1,6,,,,N,,,N,,,,,,,,,,,,,,,,,,,,,,0,,,,,,,,,,7,2,0,0,0,1,0,0,0,,,,,,,,
17138255,1,1,N,N,43,2C3CDXBG9DH637608,2013,21,109,74,104,N,78617,1,2,2,3,12,,,,N,,,N,,,,,,,,,,,,,,,,,,,,,,44,,,,,,,,,,5,1,0,0,0,1,0,0,0,,,,,,,,
17138255,2,1,N,N,43,1J4FT28S7VL532168,1997,16,429,970,69,N,78748,1,2,6,3,6,2,2,12,N,SPECIAL AUTOMOTIVE SERVICE INC,SPECIAL AUTOMOTIVE SERVICE INC,N,,,,,,,,,,,,,,,,,,,,,,0,,,,,,,,,,5,1,0,0,0,1,0,0,0,,,,,,,,
17138255,3,1,N,N,43,JF2SJACC1EG468949,2014,9,85,646,104,N,78744,1,2,6,2,6,,,,N,,,N,,,,,,,,,,,,,,,,,,,,,,0,,,,,,,,,,5,2,0,0,0,1,0,0,0,,,,,,,,
17138256,1,1,N,N,43,1FT8W3BT3EEA20926,2014,21,37,2325,30,N,78602,1,2,2,4,2,,,,N,SPECIAL AUTOMOTIVE SERVICE INC,SPECIAL AUTOMOTIVE SERVICE INC,N,,,,,,,,,,,,,,,,,,,,,,44,,,,,,,,,,3,1,0,0,0,1,0,0,0,,,,,,,,
17138256,2,1,N,N,43,2T2ZK1BA2FC159898,2015,21,58,1318,69,N,78724,1,2,6,5,8,15,5,7,N,ROCHAS TOWING SERVICE,ROCHAS TOWING SERVICE,N,,,,,,,,,,,,,,,,,,,,,,0,,,,,,,,,,3,1,0,1,0,0,0,1,0,,,,,,,,
17138256,3,1,N,N,43,WDBTJ56H59F266997,2009,3,65,673,104,N,78665,1,2,6,6,5,10,6,5,N,EZ AUTO AND TOWING SERVICE,EZ AUTO AND TOWING SERVICE,N,,,,,,,,,,,,,,,,,,,,,,0,,,,,,,,,,3,2,0,0,1,0,0,1,0,,,,,,,,
17138256,4,1,N,N,43,1C6RR6KT1DS568038,2013,21,710,4100,30,N,78602,1,2,7,3,6,3,1,12,N,,,N,,,,,,,,,,,,,,,,,,,,,,0,,,,,,,,,,3,2,0,0,0,1,0,0,0,,,,,,,,
17138256,5,1,N,N,43,5TFLU4ENXFX119705,2015,2,91,629,30,N,75839,1,2,8,2,5,,,,N,,,N,,,,,,,,,,,,,,,,,,,,,,0,,,,,,,,,,3,2,0,0,0,1,0,0,0,,,,,,,,
17138257,1,1,N,N,43,1G6AA5RXXE0109610,2014,8,106,2190,104,N,78753,1,2,7,3,,,,,N,,,N,,,,,,,,,,,,,,,,,,,,,,34,,,,,,,,,,8,1,0,0,0,1,0,0,0,,,,,,,,
17138257,2,1,N,N,43,4T1BE32K35U030860,2005,11,91,380,104,N,78753,2,,,,,,,,N,,,N,,,,,,,,,,,,,,,,,,,,,,0,,,,,,,,,,6,1,0,0,0,1,0,0,0,,,,,,,,
17138258,1,1,N,N,43,3FA6P0H77GR258409,2016,17,37,1097,100,N,78660,1,2,10,5,3,15,5,9,N,620 LAKESIDE TOWING,620 LAKESIDE TOWING,N,,,,,,,,,,,,,,,,,,,,,,23,,,22,,,,,,,4,1,0,1,0,0,0,1,0,,,,,,,,
17138259,1,1,N,N,43,1G6DV57V280202645,2008,21,106,728,104,N,78753,1,2,2,4,12,,,,N,620 LAKESIDE TOWING,620 LAKESIDE TOWING,N,,,,,,,,,,,,,,,,,,,,,,44,,,,,,,,,,2,1,0,0,0,2,0,0,0,,,,,,,,
17138259,2,1,N,N,43,2HGFG12818H547768,2008,3,44,256,100,N,78653,1,2,6,4,6,,,,N,NA,NA,N,,,,,,,,,,,,,,,,,,,,,,0,,,,,,,,,,2,1,0,0,0,3,0,0,0,,,,,,,,
17138260,1,1,N,N,43,JTDBU4EE4BJ102522,2011,16,91,173,104,N,78653,1,1,2,3,12,,,,Y,STARS TOWING,STARS TOWING,N,,,,,,,,,,,,,,,,,,,,,,0,,,,,,,,,,7,1,0,0,0,0,0,0,0,,,,,,,,
17138260,2,1,N,N,43,5TFRV54137X017885,2007,10,91,687,104,N,78724,1,1,7,2,7,13,2,11,N,,,N,,,,,,,,,,,,,,,,,,,,,,0,,,,,,,,,,3,1,0,0,0,2,0,0,0,,,,,,,,
17138261,1,1,N,N,43,YV1AS8800N1466511,1992,2,98,520,104,N,78666,1,2,4,5,1,,,,N,,,N,,,,,,,,,,,,,,,,,,,,,,,,,4,20,,,,,,1,1,0,0,0,1,0,0,0,,,,,,,,
17138261,2,1,N,N,43,5FYD5KV09CB040660,2012,3,498,1410,47,N,78728,1,2,7,3,7,,,,,,,N,,,,,,,,,,,,,,,,,,,,,,0,,,,,,,,,,1,1,0,0,0,1,0,0,0,,,,,,,,
17138264,1,1,N,N,43,5NPDH4AE5GH715445,2016,16,45,480,104,N,78723,2,,8,4,5,,,,Y,620 LAKESIDE TOWING,620 LAKESIDE TOWING,N,,,,,,,,,,,,,,,,,,,,,,16,43,,,,,,,,,5,1,0,0,0,2,0,0,0,,,,,,,,
17138264,2,1,N,N,43,2HSCUAPR1AC168596,2010,21,48,3613,87,N,15108,1,1,3,4,10,,,,N,A-TEX TOWING,AUS-TEX AUTO ENTERPRISES LLC,Y,Y,N,N,2,2,15108,9,0,19180,N,,,,,3,13,13,13,13,,,0,,,,,,,,,,7,1,0,0,1,0,0,1,0,Y,0,,,,,N,
17138264,3,6,,,,,,,,,,,,,,,,,,,,,,,,,,,,,,,,,,,,,,,,,,,,,0,,,,,,,,,,9,2,0,0,0,0,0,0,0,,,0,0,1,N,,
17138269,1,1,N,N,43,JN1EJ01F2NT107842,1992,3,71,297,104,N,78745,1,1,2,5,11,,,,N,,,N,,,,,,,,,,,,,,,,,,,,,,22,,,74,,,,,,,1,1,0,0,0,2,0,0,0,,,,,,,,
17138269,2,1,N,N,43,JF2GPASC5F8249705,2015,21,85,2555,104,N,78729,1,1,6,4,4,1,1,12,N,ROCHAS TOWING SERVICE,ROCHAS TOWING SERVICE,N,,,,,,,,,,,,,,,,,,,,,,0,,,,,,,,,,1,1,0,1,0,0,0,1,0,,,,,,,,
17138269,3,1,N,N,43,3GCUKREC8EG289991,2014,2,107,2236,30,N,78665,1,1,5,1,6,,,,N,,,N,,,,,,,,,,,,,,,,,,,,,,0,,,,,,,,,,1,2,0,0,0,2,0,0,0,,,,,,,,
17138271,1,1,N,Y,,,,10,,,104,N,,,,,,,,,,,,,N,,,,,,,,,,,,,,,,,,,,,,,,,20,16,,,,,,8,1,0,0,0,0,1,0,0,,,,,,,,
17138271,2,4,,,,,,,,,,,,,,,,,,,,,,,,,,,,,,,,,,,,,,,,,,,,,0,,,,,,,,,,9,1,0,0,1,0,0,1,0,,,,,,,,
17138272,1,1,N,N,1,1ZVFT80N355133614,2005,17,37,96,100,N,36832,1,1,7,2,7,3,2,2,N,AVILES & GABES WRECKER SERVICE INC.,,N,,,,,,,,,,,,,,,,,,,,,,26,,,,,,,,,,6,1,0,0,0,1,0,0,0,,,,,,,,
17138272,2,1,N,N,43,1XKAD49X7CJ330754,2012,3,54,1533,87,N,78852,1,1,1,1,12,,,,N,,,Y,Y,N,N,1,2,78853,9,80000,0,N,,,,,3,13,,,,,,0,,,,,,,,,,6,1,0,0,0,1,0,0,0,N,0,,,,,N,