Crash_ID,Unit_Nbr,Unit_Desc_ID,Veh_Parked_Fl,Veh_HNR_Fl,Veh_Lic_State_ID,VIN,Veh_Mod_Year,Veh_Color_ID,Veh_Make_ID,Veh_Mod_ID,Veh_Body_Styl_ID,Emer_Respndr_Fl,Ownr_Zip,Fin_Resp_Proof_ID,Fin_Resp_Type_ID,Veh_Dmag_Area_1_ID,Veh_Dmag_Scl_1_ID,Force_Dir_1_ID,Veh_Dmag_Area_2_ID,Veh_Dmag_Scl_2_ID,Force_Dir_2_ID,Veh_Inventoried_Fl,Veh_Transp_Name,Veh_Transp_Dest,Veh_Cmv_Fl,Cmv_Fiveton_Fl,Cmv_Hazmat_Fl,Cmv_Nine_Plus_Pass_Fl,Cmv_Veh_Oper_ID,Cmv_Carrier_ID_Type_ID,Cmv_Carrier_Zip,Cmv_Veh_Type_ID,Cmv_GVWR,Cmv_RGVW,Cmv_Hazmat_Rel_Fl,Hazmat_Cls_1_ID,Hazmat_IDNbr_1_ID,Hazmat_Cls_2_ID,Hazmat_IDNbr_2_ID,Cmv_Cargo_Body_ID,Cmv_Evnt1_ID,Cmv_Evnt2_ID,Cmv_Evnt3_ID,Cmv_Evnt4_ID,Cmv_Tot_Axle,Cmv_Tot_Tire,Contrib_Factr_1_ID,Contrib_Factr_2_ID,Contrib_Factr_3_ID,Contrib_Factr_P1_ID,Contrib_Factr_P2_ID,Veh_Dfct_1_ID,Veh_Dfct_2_ID,Veh_Dfct_3_ID,Veh_Dfct_P1_ID,Veh_Dfct_P2_ID,Veh_Trvl_Dir_ID,First_Harm_Evt_Inv_ID,Sus_Serious_Injry_Cnt,Nonincap_Injry_Cnt,Poss_Injry_Cnt,Non_Injry_Cnt,Unkn_Injry_Cnt,Tot_Injry_Cnt,Death_Cnt,Cmv_Disabling_Damage_Fl,Cmv_Bus_Type_ID,Trlr_GVWR,Trlr_RGVW,Trlr_Type_ID,Trlr_Disabling_Dmag_ID,Cmv_Intermodal_Container_Permit_Fl,CMV_Actual_Gross_Weight
17140317,1,1,N,Y,,,,3,208,763,0,N,,,,4,3,1,,,,,,,N,,,,,,,,,,,,,,,,,,,,,,0,,,,,,,,,,8,1,0,0,0,0,1,0,0,,,,,,,,
17140317,2,3,,,,,,,,,,,,,,,,,,,,,,,,,,,,,,,,,,,,,,,,,,,,,0,,,,,,,,,,9,1,0,1,0,0,0,1,0,,,,,,,,
17140318,1,1,N,N,43,1FTEX1CM6EKG23432,2014,21,37,2324,30,N,78701,1,7,3,1,10,,,,N,,,N,,,,,,,,,,,,,,,,,,,,,,0,,,,,,,,,,5,1,0,0,0,1,0,0,0,,,,,,,,
17140318,2,1,N,N,43,3FADP4BJ5FM224483,2015,9,37,229,104,N,78724,1,2,15,2,9,,,,N,,,N,,,,,,,,,,,,,,,,,,,,,,0,,,,,,,,,,3,1,0,0,1,1,0,1,0,,,,,,,,
17140337,1,1,N,N,43,WMWZF3C51ET492359,2014,18,115,786,100,N,78704,1,2,2,3,12,,,,N,SPECIAL AUTOMOTIVE SERVICE INC,SPECIAL AUTOMOTIVE SERVICE INC,N,,,,,,,,,,,,,,,,,,,,,,44,74,,,,,,,,,8,1,0,0,0,1,0,0,0,,,,,,,,
17140337,2,1,N,N,43,1FTYR1ZM9GKA89831,2017,21,37,2992,103,N,78757,1,2,6,1,6,,,,N,,,N,,,,,,,,,,,,,,,,,,,,,,0,,,,,,,,,,8,1,0,0,0,1,0,0,0,,,,,,,,
17140338,1,1,N,N,43,WA1LHAF72JD020433,2018,18,8,1285,69,N,78749,1,1,12,3,3,,,,N,EZ AUTO AND TOWING SERVICE,FROM SCENE,N,,,,,,,,,,,,,,,,,,,,,,35,,,,,,,,,,6,1,0,0,0,1,0,0,0,,,,,,,,
17140338,2,1,N,N,43,1C4NJPFB3FD430997,2015,21,429,1273,69,N,78746,1,1,3,3,12,,,,N,,FROM SCENE,N,,,,,,,,,,,,,,,,,,,,,,0,,,,,,,,,,5,1,0,0,1,0,0,1,0,,,,,,,,
17140339,1,1,N,N,43,KMHDN46D26U242953,2006,1,45,480,104,N,78613,1,1,3,4,11,,,,Y,,,N,,,,,,,,,,,,,,,,,,,,,,44,,,,,,,,,,4,1,0,0,0,1,0,0,0,,,,,,,,
17140339,2,1,N,N,43,5YFBURHE0KP912234,2019,21,91,173,104,N,78758,1,1,6,4,5,,,,Y,,,N,,,,,,,,,,,,,,,,,,,,,,0,,,,,,,,,,4,1,0,0,0,1,0,0,0,,,,,,,,
17140555,1,1,N,N,43,JM1BM1U76E1167538,2014,17,63,1210,104,N,78634,1,2,1,6,12,,,,N,AUS-TEX AUTO ENTERPRISES LLC,AUS-TEX AUTO ENTERPRISES LLC,N,,,,,,,,,,,,,,,,,,,,,,34,,,,,,,,,,6,1,0,0,0,2,0,0,0,,,,,,,,
17140555,2,1,N,N,43,3GCPCREC1GG323069,2016,21,107,658,30,N,78752,1,2,16,3,,14,3,3,N,,,N,,,,,,,,,,,,,,,,,,,,,,0,,,,,,,,,,8,1,0,0,0,1,0,0,0,,,,,,,,
17140624,1,1,N,N,43,1XP7D49X0BD116240,2011,21,74,4033,106,N,92316,1,1,2,3,12,,,,N,AUS-TEX AUTO ENTERPRISES LLC,AUS-TEX AUTO ENTERPRISES LLC,N,,,,,,,,,,,,,,,,,,,,,,0,,,,,,,,,,5,1,0,0,0,1,0,0,0,,,,,,,,
17140624,2,6,,,,,,,,,,,67846,,,,,,,,,,,,,,,,,,,,,,,,,,,,,,,,,,0,,,,,,,,,,9,2,0,0,0,0,0,0,0,,,,,,,,
17140624,3,1,N,N,25,1XKYD49X5GJ475876,2016,21,54,1533,106,N,65803,1,1,6,2,6,,,,N,,,N,,,,,,,,,,,,,,,,,,,,,,0,,,,,,,,,,5,1,0,0,0,1,0,0,0,,,,,,,,
17140624,4,6,,,,,,,,,,,,,,,,,,,,,,,,,,,,,,,,,,,,,,,,,,,,,0,,,,,,,,,,9,2,0,0,0,0,0,0,0,,,,,,,,
17143801,1,1,N,N,43,JF1GR7E66EG243522,2014,3,85,4156,104,N,59632,1,2,10,2,1,,,,N,STARS TOWING,STARS TOWING,N,,,,,,,,,,,,,,,,,,,,,,0,,,,,8,,,,,5,1,0,0,0,1,0,0,0,,,,,,,,
17143811,1,1,N,N,43,4T1BK1EB4GU234403,2016,9,91,563,104,N,78640,1,1,,,,,,,N,,,N,,,,,,,,,,,,,,,,,,,,,,4,,,,,,,,,,5,1,0,0,0,1,0,0,0,,,,,,,,
17143812,1,1,N,N,43,JTHBK1EG0B2467892,2011,21,58,2437,104,N,77056,1,1,3,2,11,,,,Y,ROCHAS TOWING SERVICE,ROCHAS TOWING SERVICE,N,,,,,,,,,,,,,,,,,,,,,,,,,20,,,,,,,8,1,0,0,0,1,0,0,0,,,,,,,,
17143812,2,1,N,N,43,WDDHF5KB8EA928093,2013,21,65,674,104,N,78731,1,1,4,2,3,,,,N,,,N,,,,,,,,,,,,,,,,,,,,,,0,,,,,,,,,,2,1,0,0,1,1,0,1,0,,,,,,,,
17143837,1,1,N,N,43,2HGEJ6341YH109192,2000,9,44,256,100,N,78660,1,2,11,2,7,,,,N,SOUTHSIDE WRECKER INC,8200 S. CONGRESS AVE,N,,,,,,,,,,,,,,,,,,,,,,20,22,,,,,,,,,11,1,0,0,0,1,0,0,0,,,,,,,,
17143838,1,1,N,N,43,2HKYF18185H566406,2005,2,44,761,69,N,78733,2,,3,3,10,8,3,4,N,AVILES & GABES WRECKER SERVICE INC.,AVILES & GABES WRECKER SERVICE INC.,N,,,,,,,,,,,,,,,,,,,,,,41,,,,,,,,,,11,1,0,0,0,1,0,0,0,,,,,,,,
17143839,1,1,N,N,43,1G6AP5SX2G0107748,2016,2,106,728,104,N,76502,1,1,2,4,12,,,,N,DENVERS TOWING,DENVERS TOWING,N,,,,,,,,,,,,,,,,,,,,,,20,,,,,,,,,,5,1,0,0,0,1,0,0,0,,,,,,,,
17143839,2,1,N,N,43,2HKRW5H37JH422031,2018,21,44,605,69,N,78660,1,1,5,2,6,,,,N,,,N,,,,,,,,,,,,,,,,,,,,,,0,,,,,,,,,,5,1,0,0,0,1,0,0,0,,,,,,,,
17143840,1,1,N,N,43,1G2ZG57N194206116,2009,2,118,1104,104,N,77573,1,1,10,3,1,,,,N,,,N,,,,,,,,,,,,,,,,,,,,,,16,,,,,,,,,,7,1,0,0,0,1,0,0,0,,,,,,,,
17143840,2,1,N,N,43,1C4NJPFA1FD350329,2015,2,429,1273,69,N,78724,2,,2,2,10,,,,N,ARMADA TOWING,ARMADA TOWING,N,,,,,,,,,,,,,,,,,,,,,,0,,,,,,,,,,5,1,0,1,0,2,0,1,0,,,,,,,,
17143842,1,1,N,N,43,JN8AR05YXTW020822,1996,2,71,531,104,N,78734,2,,4,2,2,,,,N,EZ AUTO AND TOWING SERVICE,EZ AUTO AND TOWING SERVICE,N,,,,,,,,,,,,,,,,,,,,,,,,,22,,,,,,,2,1,0,0,1,0,0,1,0,,,,,,,,
17143846,1,1,N,N,43,2HGFC4B53JH308182,2018,2,44,256,104,N,78743,1,1,1,2,12,,,,N,,,N,,,,,,,,,,,,,,,,,,,,,,16,,,,,,,,,,2,1,0,1,0,0,0,1,0,,,,,,,,
17143846,2,1,N,N,43,JHLRD78836C040551,2006,9,44,605,104,N,78748,1,1,11,5,9,,,,N,,,N,,,,,,,,,,,,,,,,,,,,,,0,,,,,,,,,,8,1,0,0,0,2,0,0,0,,,,,,,,
17143847,1,1,N,N,43,5YFBU4EE3CP050216,2012,17,91,173,104,N,78748,1,1,1,2,12,,,,N,,,N,,,,,,,,,,,,,,,,,,,,,,44,,,,,,,,,,11,1,0,0,0,1,0,0,0,,,,,,,,
17143847,2,1,N,N,43,7FARW1H56KE001495,2019,2,44,605,104,N,78726,1,1,7,2,6,,,,N,,,N,,,,,,,,,,,,,,,,,,,,,,0,,,,,,,,,,11,1,0,0,0,1,0,0,0,,,,,,,,
17143852,1,1,N,N,43,5TFDW5F11FX443495,2015,17,91,687,30,N,78749,1,1,2,1,12,,,,N,REMOVED BY DRIVER,REMOVED FROM SCENE,N,,,,,,,,,,,,,,,,,,,,,,,,,15,,,,,,,7,1,0,0,0,1,0,0,0,,,,,,,,
17143852,2,1,N,N,43,WAUKGAFL4EA009083,2014,9,8,2153,104,N,78704,1,1,14,2,4,,,,N,ROACHES,REMOVED FROM SCENE,N,,,,,,,,,,,,,,,,,,,,,,0,,,,,,,,,,1,1,0,0,0,1,0,0,0,,,,,,,,
17143860,1,1,N,N,43,3CZRU6H58JG727666,2018,9,44,605,69,N,78729,1,2,2,2,2,,,,N,,,N,,,,,,,,,,,,,,,,,,,,,,37,,,,,,,,,,3,1,0,0,0,1,0,0,0,,,,,,,,
17143860,2,1,N,N,43,JTKJF5C75C3024167,2012,22,91,178,100,N,78613,1,2,3,3,11,,,,Y,620 LAKESIDE TOWING,620 LAKESIDE TOWING,N,,,,,,,,,,,,,,,,,,,,,,0,,,,,,,,,,7,1,0,0,0,2,0,0,0,,,,,,,,
17143861,1,1,N,N,43,1G1AK18H897138963,2009,3,107,978,100,N,,1,1,3,7,11,,,,,,,N,,,,,,,,,,,,,,,,,,,,,,0,,,,,,,,,,1,1,0,0,0,1,0,0,0,,,,,,,,
17143861,2,1,N,N,43,1G11H5SL2EF202837,2014,9,107,56,104,N,78745,1,1,3,3,11,,,,,,,N,,,,,,,,,,,,,,,,,,,,,,0,,,,,,,,,,1,1,0,0,0,1,0,0,0,,,,,,,,
17143862,1,1,N,N,43,5LMTJ3DH3HUL72327,2017,21,113,3886,69,N,78730,1,2,1,1,12,,,,N,,,N,,,,,,,,,,,,,,,,,,,,,,44,,,,,,,,,,8,1,0,0,0,1,0,0,0,,,,,,,,
17143862,2,1,N,N,43,5NPEU46F98H357804,2008,10,45,462,104,N,78724,1,2,5,1,6,,,,N,,,N,,,,,,,,,,,,,,,,,,,,,,0,,,,,,,,,,8,1,0,0,1,0,0,1,0,,,,,,,,
17143863,1,1,N,N,43,1FTRF12W95KC63869,2005,2,37,101,30,N,78702,1,2,2,3,12,,,,N,,,N,,,,,,,,,,,,,,,,,,,,,,0,,,,,,,,,,3,1,0,0,0,1,0,0,0,,,,,,,,
17143863,2,1,N,N,43,5NMSG3AB3AH357986,2010,2,45,713,104,N,78652,1,2,2,4,12,15,4,9,Y,HARPERS TOWING SERVICE INC,HARPERS TOWING SERVICE INC,N,,,,,,,,,,,,,,,,,,,,,,0,,,,,,,,,,1,1,0,0,0,1,0,0,0,,,,,,,,
17143864,1,1,N,N,43,2G1WB55KX69175651,2006,21,107,53,104,N,78957,2,,2,2,12,,,,N,,,N,,,,,,,,,,,,,,,,,,,,,,44,,,,,,,,,,5,1,0,0,0,1,0,0,0,,,,,,,,
17143864,2,1,N,N,43,1N4AL3AP4HN335226,2017,17,71,500,104,N,78751,1,2,8,3,6,,,,Y,,,N,,,,,,,,,,,,,,,,,,,,,,0,,,,,,,,,,5,1,0,0,0,1,0,0,0,,,,,,,,
17143865,1,1,N,N,18,JN8AF5MV7CT125154,2012,16,71,69,104,N,78729,1,2,3,1,11,,,,N,,,N,,,,,,,,,,,,,,,,,,,,,,0,,,,,,,,,,8,1,0,0,0,1,0,0,0,,,,,,,,
17143865,2,1,N,N,43,JM3TB28A580160068,2008,17,63,1009,104,N,78729,1,2,4,1,1,3,1,11,N,FINGER TOWING SERVICE,FINGER TOWING SERVICE,N,,,,,,,,,,,,,,,,,,,,,,0,,,,,,,,,,2,1,0,0,1,2,0,1,0,,,,,,,,
17143866,1,1,N,N,43,1G11C5SA2DF325257,2013,9,107,56,104,N,78702,1,2,,,,,,,Y,CLARK AUTO CARE,CLARK AUTO CARE,N,,,,,,,,,,,,,,,,,,,,,,0,,,,,,,,,,1,1,0,0,0,1,0,0,0,,,,,,,,
17143867,1,1,N,N,43,5N1AA08AX4N704693,2004,9,71,784,104,N,78719,1,1,11,2,11,,,,Y,A-TEX TOWING,5526 1/2 W HWY 290,N,,,,,,,,,,,,,,,,,,,,,,34,,,,,,,,,,3,1,0,1,0,0,0,1,0,,,,,,,,
17143867,2,1,N,N,43,1GKS1KE08BR260126,2011,2,39,3093,104,N,78741,1,1,10,2,3,,,,Y,ROCHAS TOWING SERVICE,ROCHAS TOWING SERVICE,N,,,,,,,,,,,,,,,,,,,,,,0,,,,,,,,,,5,1,0,0,0,1,0,0,0,,,,,,,,
17143868,1,1,N,N,43,3GCEC13J38G218920,2008,18,107,2202,30,N,78757,1,1,2,1,12,,,,N,EZ AUTO AND TOWING SERVICE,OWNERS RESIDENCE/REQUEST,N,,,,,,,,,,,,,,,,,,,,,,44,,,,,6,,,,,1,1,0,0,0,1,0,0,0,,,,,,,,
17143868,2,1,N,N,43,4S3BMCG63D3017047,2013,3,85,443,104,N,78665,1,1,6,2,6,,,,N,,,N,,,,,,,,,,,,,,,,,,,,,,0,,,,,,,,,,1,1,0,0,0,1,0,0,0,,,,,,,,
17143869,1,1,N,N,43,4T1FA38P66U078211,2006,9,91,686,100,N,77573,2,,3,4,11,2,4,9,Y,,,N,,,,,,,,,,,,,,,,,,,,,,22,44,,20,,,,,,,7,1,0,1,1,0,0,2,0,,,,,,,,
17143869,2,1,N,N,43,JTDFR320710038633,2001,2,91,178,100,N,77449,1,1,7,5,7,,,,Y,HARPERS TOWING SERVICE INC,HARPERS TOWING SERVICE INC,N,,,,,,,,,,,,,,,,,,,,,,0,,,,,,,,,,7,1,0,1,0,1,0,1,0,,,,,,,,
17143870,1,1,N,N,43,JTDBR32E030006734,2003,21,91,173,104,N,,1,1,15,4,9,,,,N,,,N,,,,,,,,,,,,,,,,,,,,,,37,,,,,,,,,,4,1,0,0,0,1,0,0,0,,,,,,,,
17143870,2,1,N,N,43,5N1DR2MN9JC608331,2018,2,71,531,69,N,78640,1,1,3,3,2,,,,N,,,N,,,,,,,,,,,,,,,,,,,,,,0,,,,,,,,,,6,1,0,0,0,1,0,0,0,,,,,,,,
17143907,1,1,N,N,43,JTEGD20V840025093,2004,17,91,581,0,N,78664,1,1,5,1,6,,,,,,,N,,,,,,,,,,,,,,,,,,,,,,0,,,,,,,,,,11,1,0,0,1,0,0,1,0,,,,,,,,
17143907,2,1,N,N,43,3GNFK16ZX4G177339,2004,99,107,2214,0,N,78728,1,1,1,1,1,,,,,,,N,,,,,,,,,,,,,,,,,,,,,,0,,,,,,,,,,11,1,0,0,0,0,1,0,0,,,,,,,,
17143910,1,1,N,N,43,1FT7W2BT9EEB41188,2014,9,37,2325,30,N,78653,1,1,3,2,12,,,,N,,,N,,,,,,,,,,,,,,,,,,,,,,0,,,,,,,,,,5,1,0,0,0,1,0,0,0,,,,,,,,
17143910,2,1,N,N,43,SALVP2BG6FH018707,2015,9,57,613,104,N,78721,1,1,8,4,7,,,,Y,EZ AUTO AND TOWING SERVICE,EZ AUTO AND TOWING SERVICE,N,,,,,,,,,,,,,,,,,,,,,,0,,,,,,,,,,5,1,0,1,0,1,0,1,0,,,,,,,,
17143910,3,1,N,N,43,5N1AN08W97C519132,2007,2,71,694,104,N,78705,1,1,6,2,6,,,,N,,,N,,,,,,,,,,,,,,,,,,,,,,0,,,,,,,,,,5,2,0,0,0,1,0,0,0,,,,,,,,
17143911,1,1,N,N,43,JH2RC46194M600947,2004,12,44,3305,71,N,78701,2,,26,1,,,,,Y,EZ AUTO AND TOWING SERVICE,EZ AUTO AND TOWING SERVICE,N,,,,,,,,,,,,,,,,,,,,,,45,,,,,,,,,,11,1,1,0,0,0,0,1,0,,,,,,,,
17143912,1,1,N,N,43,JTDKB20U773244304,2007,21,91,702,104,N,,1,1,1,6,12,10,5,5,N,620 LAKESIDE TOWING,620 LAKESIDE TOWING,N,,,,,,,,,,,,,,,,,,,,,,0,,,,,,,,,,3,1,0,0,0,1,0,0,0,,,,,,,,
17143912,2,1,N,N,43,2C3CDXHG3CH305928,2012,2,109,74,104,N,78613,1,1,6,4,6,,,,N,620 LAKESIDE TOWING,620 LAKESIDE TOWING,N,,,,,,,,,,,,,,,,,,,,,,0,,,,,,,,,,3,1,0,0,0,1,0,0,0,,,,,,,,
17143912,3,1,N,N,43,1FMCU49389KA99234,2009,3,37,711,104,N,78752,1,1,15,4,7,,,,Y,620 LAKESIDE TOWING,620 LAKESIDE TOWING,N,,,,,,,,,,,,,,,,,,,,,,0,,,,,,,,,,3,2,0,0,0,1,0,0,0,,,,,,,,
17143913,1,1,N,N,43,1GNUCHE0XAR205913,2010,2,107,249,69,N,78745,1,1,2,4,12,,,,Y,ROCHAS TOWING SERVICE,OWNERS RESIDENCE/REQUEST,N,,,,,,,,,,,,,,,,,,,,,,74,,,,,,,,,,7,1,0,0,1,1,0,1,0,,,,,,,,
17143913,2,1,N,N,43,1CYCLK581DT050834,2013,10,23,1302,92,N,78721,4,4,9,3,3,,,,Y,AUS-TEX AUTO ENTERPRISES LLC,5526 1/2 W HWY 290,Y,Y,N,N,4,3,78723,98,66000,0,N,,,,,9,98,,,,3,,0,,,,,,,,,,5,1,0,0,0,1,0,0,0,N,9,,,,,Y,67000
17143914,1,1,N,N,43,3GCPCSECXHG517611,2017,3,107,658,106,N,78744,1,1,3,3,11,,,,Y,STARS TOWING,STARS TOWING,N,,,,,,,,,,,,,,,,,,,,,,35,,,,,,,,,,11,1,0,0,0,2,0,0,0,,,,,,,,
17143914,2,1,N,N,43,2HGFG1B66AH518531,2010,3,44,256,104,N,78758,1,1,10,3,3,,,,Y,EZ AUTO AND TOWING SERVICE,EZ AUTO AND TOWING SERVICE,N,,,,,,,,,,,,,,,,,,,,,,0,,,,,,,,,,11,1,0,1,0,0,0,1,0,,,,,,,,
17143915,1,1,N,N,43,1G4PP5SK3G4112456,2016,3,105,2187,104,N,78664,1,2,4,1,10,,,,N,STARS TOWING,STARS TOWING,N,,,,,,,,,,,,,,,,,,,,,,37,,,,,,,,,,2,1,0,0,0,1,0,0,0,,,,,,,,
17143915,2,1,N,N,43,JT4RN62S9H0180522,1987,16,91,395,104,N,78640,1,2,7,4,4,,,,N,STARS TOWING,STARS TOWING,N,,,,,,,,,,,,,,,,,,,,,,0,,,,,,,,,,8,1,0,0,0,1,0,0,0,,,,,,,,
17143916,1,1,N,N,43,3GNEC16T61G233454,2001,1,107,249,69,N,78660,1,1,14,3,3,,,,Y,HARPERS TOWING SERVICE INC,HARPERS TOWING SERVICE INC,N,,,,,,,,,,,,,,,,,,,,,,4,,,,,,,,,,6,1,0,0,0,2,0,0,0,,,,,,,,
17143916,2,1,N,N,43,1GCHC23U94F131242,2004,21,107,658,106,N,78724,1,1,14,4,2,13,3,10,Y,BULLET TOWING,BULLET TOWING,N,,,,,,,,,,,,,,,,,,,,,,0,,,,,,,,,,5,1,0,0,0,1,0,0,0,,,,,,,,
17143917,1,1,N,N,43,1GC1KXEY4JF139617,2018,16,107,2237,30,N,78748,1,1,5,1,6,,,,N,,,N,,,,,,,,,,,,,,,,,,,,,,15,,,,,,,,,,3,1,0,0,0,1,0,0,0,,,,,,,,
17143917,2,1,N,N,43,VWBM7A34DC0115971,2015,18,96,473,104,N,78748,1,1,2,4,12,,,,N,620 LAKESIDE TOWING,620 LAKESIDE TOWING,N,,,,,,,,,,,,,,,,,,,,,,0,,,,,,,,,,5,1,0,0,0,1,0,0,0,,,,,,,,
17143917,3,6,,,,,,,,,,,7458,,,,,,,,,,,,,,,,,,,,,,,,,,,,,,,,,,0,,,,,,,,,,9,2,0,0,0,0,0,0,0,,,,,,,,
17143918,1,1,N,N,43,1G1ZB5E07CF150835,2012,17,107,56,104,N,78640,1,1,2,4,12,,,,N,EZ AUTO AND TOWING SERVICE,EZ AUTO AND TOWING SERVICE,N,,,,,,,,,,,,,,,,,,,,,,44,,,,,,,,,,5,1,0,1,0,0,0,1,0,,,,,,,,
17143918,2,1,N,N,43,5TFCZ5AN0HX092496,2017,16,91,629,30,N,,2,,,,,,,,N,,,N,,,,,,,,,,,,,,,,,,,,,,0,,,,,,,,,,5,1,0,0,0,1,0,0,0,,,,,,,,
17143919,1,1,N,N,43,JA4AR4AW3JU025046,2018,2,68,2497,69,N,78642,1,2,3,3,12,,,,Y,620 LAKESIDE TOWING,620 LAKESIDE TOWING,N,,,,,,,,,,,,,,,,,,,,,,67,,,,,,,,,,2,1,0,0,0,2,0,0,0,,,,,,,,
17143919,2,1,N,N,43,1FTYR1ZMXJKB37831,2018,21,37,101,103,N,85004,1,2,8,3,5,4,3,2,,620 LAKESIDE TOWING,620 LAKESIDE TOWING,N,,,,,,,,,,,,,,,,,,,,,,0,,,,,,,,,,2,1,0,0,0,1,0,0,0,,,,,,,,
17143920,1,1,N,N,43,1GNDS13S972227630,2007,21,107,732,104,N,78664,1,1,1,3,12,,,,N,,,N,,,,,,,,,,,,,,,,,,,,,,17,20,,19,,,,,,,1,1,0,0,0,1,0,0,0,,,,,,,,
17143920,2,1,N,N,43,WAUFFAFL2AN045099,2010,17,8,2148,104,N,78660,1,1,9,4,9,,,,N,,,N,,,,,,,,,,,,,,,,,,,,,,0,,,,,,,,,,1,1,0,0,0,2,0,0,0,,,,,,,,
17143921,1,1,N,Y,113,,,99,208,763,0,N,,,,,,,,,,,,,N,,,,,,,,,,,,,,,,,,,,,,,,,20,,,,,,,11,1,0,0,0,0,1,0,0,,,,,,,,
17143921,2,1,Y,N,43,1NXBU40E59Z107711,2009,1,91,173,104,N,78752,1,2,8,6,5,14,6,5,N,,,N,,,,,,,,,,,,,,,,,,,,,,0,,,,,,,,,,11,1,0,0,0,1,0,0,0,,,,,,,,
17143922,1,1,N,N,43,JF1GJAB62CH020670,2012,2,85,516,104,N,78617,1,1,13,2,7,,,,N,HARPERS TOWING SERVICE INC,6728 QUINTON DR,N,,,,,,,,,,,,,,,,,,,,,,0,,,,,,,,,,2,1,0,0,1,0,0,1,0,,,,,,,,
17143922,2,1,N,Y,,,,21,91,687,30,N,,,,,,,,,,,,,N,,,,,,,,,,,,,,,,,,,,,,20,41,,,,,,,,,2,1,0,0,0,0,1,0,0,,,,,,,,
17143923,1,1,N,N,43,1HGCP2F89AA105859,2010,,44,107,104,N,78660,1,2,3,2,12,,,,N,N/A,N/A,N,,,,,,,,,,,,,,,,,,,,,,15,20,,,,,,,,,1,1,0,0,0,1,0,0,0,,,,,,,,
17143923,2,1,N,N,43,JTHBZ1BL3GA003618,2016,21,58,429,104,N,78613,1,1,16,3,3,,,,N,N/A,N/A,N,,,,,,,,,,,,,,,,,,,,,,0,,,,,,,,,,3,1,0,1,0,3,0,1,0,,,,,,,,
17143924,1,1,N,Y,113,NA,,,,,0,N,,2,,15,0,9,,,,N,NA,NA,N,,,,,,,,,,,,,,,,,,,,,,20,23,,,,,,,,,4,1,0,0,0,0,1,0,0,,,,,,,,
17143924,2,1,N,N,43,1GB6G5BGXF1281552,2018,21,107,60,47,N,76574,1,1,13,1,8,,,,Y,AUS-TEX AUTO ENTERPRISES LLC,AUS-TEX AUTO ENTERPRISES LLC,N,,,,,,,,,,,,,,,,,,,,,,0,,,,,,,,,,8,1,0,1,0,0,7,1,0,,,,,,,,
17143924,3,1,N,N,43,1M2AG11C96M024163,2006,21,60,1536,106,N,78747,1,1,3,1,11,,,,N,NA,NA,N,,,,,,,,,,,,,,,,,,,,,,0,,,,,,,,,,8,2,0,0,0,1,0,0,0,,,,,,,,
17143925,1,1,N,N,43,1FM5K7D85EGA31991,2014,2,37,554,69,N,88011,1,2,11,0,9,,,,Y,HARPERS TOWING SERVICE INC,HARPERS TOWING SERVICE INC,N,,,,,,,,,,,,,,,,,,,,,,4,,,,,,,,,,8,1,0,0,1,0,0,1,0,,,,,,,,
17143925,2,1,N,N,87,3AKJHHDR9JSJW0038,2018,3,38,1524,87,N,,1,2,10,0,3,,,,N,,,Y,Y,N,N,1,2,,9,0,40000,N,,,,,15,13,,,,,,0,,,,,,,,,,1,1,0,0,0,1,0,0,0,N,0,,,,,N,
17143925,3,6,,,,,,,,,,,,,,,,,,,,,,,,,,,,,,,,,,,,,,,,,,,,,0,,,,,,,,,,9,2,0,0,0,0,0,0,0,,,0,40000,1,N,,
17143926,1,1,N,N,43,JTMWFRWV9D5006020,2013,9,91,581,104,N,78750,1,1,15,4,9,,,,N,,,N,,,,,,,,,,,,,,,,,,,,,,33,,,,,,,,,,3,1,0,1,0,0,0,1,0,,,,,,,,
17143926,2,1,N,N,43,2C4RDGBG2CR394674,2012,21,109,1115,104,N,78640,1,1,2,3,,,,,N,,,N,,,,,,,,,,,,,,,,,,,,,,0,,,,,,,,,,5,1,0,1,0,1,0,1,0,,,,,,,,
17143927,1,1,N,N,43,3D7JB1EP8AG191633,2010,16,109,2275,30,N,78729,1,1,3,3,11,,,,N,,,N,,,,,,,,,,,,,,,,,,,,,,64,,,,,,,,,,11,1,0,0,0,1,0,0,0,,,,,,,,
17143927,2,1,N,N,43,KNAFX4A65E5098840,2014,21,55,1093,104,N,78613,1,1,3,3,11,,,,N,,,N,,,,,,,,,,,,,,,,,,,,,,0,,,,,,,,,,11,1,0,0,0,1,0,0,0,,,,,,,,
17143928,1,1,N,N,43,3N1AB7AP2FY307075,2015,9,71,341,104,N,78741,1,2,12,3,3,2,3,1,N,HARPERS TOWING SERVICE INC,HARPERS TOWING SERVICE INC,N,,,,,,,,,,,,,,,,,,,,,,37,,,,,,,,,,1,1,0,0,0,1,0,0,0,,,,,,,,
17143928,2,1,N,N,43,1HGCP2F37BA093586,2011,9,44,236,104,N,78741,1,2,3,2,12,,,,N,,,N,,,,,,,,,,,,,,,,,,,,,,0,,,,,,,,,,5,1,0,1,0,1,0,1,0,,,,,,,,
17143929,1,1,N,N,43,2GCEC19R1W1216652,1998,11,107,2232,30,N,78725,1,2,4,3,1,3,2,11,Y,HARPERS TOWING SERVICE INC,OWNERS RESIDENCE/REQUEST,N,,,,,,,,,,,,,,,,,,,,,,20,,,,,,,,,,5,1,0,0,0,1,0,0,0,,,,,,,,