Crash_ID,Unit_Nbr,Unit_Desc_ID,Veh_Parked_Fl,Veh_HNR_Fl,Veh_Lic_State_ID,VIN,Veh_Mod_Year,Veh_Color_ID,Veh_Make_ID,Veh_Mod_ID,Veh_Body_Styl_ID,Emer_Respndr_Fl,Ownr_Zip,Fin_Resp_Proof_ID,Fin_Resp_Type_ID,Veh_Dmag_Area_1_ID,Veh_Dmag_Scl_1_ID,Force_Dir_1_ID,Veh_Dmag_Area_2_ID,Veh_Dmag_Scl_2_ID,Force_Dir_2_ID,Veh_Inventoried_Fl,Veh_Transp_Name,Veh_Transp_Dest,Veh_Cmv_Fl,Cmv_Fiveton_Fl,Cmv_Hazmat_Fl,Cmv_Nine_Plus_Pass_Fl,Cmv_Veh_Oper_ID,Cmv_Carrier_ID_Type_ID,Cmv_Carrier_Zip,Cmv_Veh_Type_ID,Cmv_GVWR,Cmv_RGVW,Cmv_Hazmat_Rel_Fl,Hazmat_Cls_1_ID,Hazmat_IDNbr_1_ID,Hazmat_Cls_2_ID,Hazmat_IDNbr_2_ID,Cmv_Cargo_Body_ID,Cmv_Evnt1_ID,Cmv_Evnt2_ID,Cmv_Evnt3_ID,Cmv_Evnt4_ID,Cmv_Tot_Axle,Cmv_Tot_Tire,Contrib_Factr_1_ID,Contrib_Factr_2_ID,Contrib_Factr_3_ID,Contrib_Factr_P1_ID,Contrib_Factr_P2_ID,Veh_Dfct_1_ID,Veh_Dfct_2_ID,Veh_Dfct_3_ID,Veh_Dfct_P1_ID,Veh_Dfct_P2_ID,Veh_Trvl_Dir_ID,First_Harm_Evt_Inv_ID,Sus_Serious_Injry_Cnt,Nonincap_Injry_Cnt,Poss_Injry_Cnt,Non_Injry_Cnt,Unkn_Injry_Cnt,Tot_Injry_Cnt,Death_Cnt,Cmv_Disabling_Damage_Fl,Cmv_Bus_Type_ID,Trlr_GVWR,Trlr_RGVW,Trlr_Type_ID,Trlr_Disabling_Dmag_ID,Cmv_Intermodal_Container_Permit_Fl,CMV_Actual_Gross_Weight
17143930,1,1,N,N,43,2T1BURHE2EC099273,2014,16,91,173,104,N,77856,1,2,15,6,7,,,,N,,,N,,,,,,,,,,,,,,,,,,,,,,74,,,,,,,,,,5,1,0,0,0,1,0,0,0,,,,,,,,
17143930,2,1,N,N,43,1HGFA16548L092631,2008,3,44,256,104,N,78758,1,2,2,7,12,16,3,5,N,AUS-TEX AUTO ENTERPRISES LLC,AUS-TEX AUTO ENTERPRISES LLC,N,,,,,,,,,,,,,,,,,,,,,,0,,,,,,,,,,5,2,0,0,1,0,3,1,0,,,,,,,,
17143931,1,1,N,N,43,5J8TB3H57FL007755,2015,9,1,1301,104,N,78739,1,1,1,1,12,,,,N,,,N,,,,,,,,,,,,,,,,,,,,,,0,,,,,,,,,,6,1,0,0,0,1,0,0,0,,,,,,,,
17143931,2,1,N,N,43,2HNYD18966H533114,2006,10,1,705,104,N,78749,1,1,5,2,6,1,1,12,N,HARPERS TOWING SERVICE INC,201 RALPH ABLANEDO,N,,,,,,,,,,,,,,,,,,,,,,0,,,,,,,,,,6,1,0,0,0,1,0,0,0,,,,,,,,
17143931,3,1,N,Y,,,,17,,,30,N,,,,,,,,,,,,,N,,,,,,,,,,,,,,,,,,,,,,0,,,,,,,,,,6,2,0,0,0,0,0,0,0,,,,,,,,
17143932,1,1,N,N,43,1GYEC63838R141499,2008,2,106,657,104,N,78753,1,1,1,0,12,,,,N,,,N,,,,,,,,,,,,,,,,,,,,,,,,,20,,,,,,,1,1,0,0,0,1,0,0,0,,,,,,,,
17143932,2,3,,,,,,,,,,,,,,,,,,,,,,,,,,,,,,,,,,,,,,,,,,,,,0,,,,,,,,,,9,1,0,1,0,0,0,1,0,,,,,,,,
17143982,1,1,N,N,43,1HGCR2F37DA250434,2013,2,44,236,104,N,78617,1,1,2,3,10,,,,N,,,N,,,,,,,,,,,,,,,,,,,,,,39,,,,,,,,,,3,1,0,0,1,0,0,1,0,,,,,,,,
17143982,2,1,N,N,43,1C6RR6FT4JS101010,2018,21,710,4100,30,N,76579,1,1,,,,,,,N,,,N,,,,,,,,,,,,,,,,,,,,,,0,,,,,,,,,,5,1,0,0,0,1,0,0,0,,,,,,,,
17143982,3,6,,,,,,,,,,,76579,,,,,,,,,,,,,,,,,,,,,,,,,,,,,,,,,,39,,,,,,,,,,9,2,0,0,0,0,0,0,0,,,,,,,,
17143983,1,1,N,N,43,1G11J5SX7DF213497,2013,9,107,56,104,N,78748,2,,1,5,12,,,,N,,,N,,,,,,,,,,,,,,,,,,,,,,44,,,,,,,,,,11,1,0,0,0,0,1,0,0,,,,,,,,
17143983,2,1,N,N,43,1C4RJEBG5KC698196,2019,21,429,970,69,N,74134,2,,5,2,6,,,,N,,,N,,,,,,,,,,,,,,,,,,,,,,0,,,,,,,,,,11,1,0,0,0,1,0,0,0,,,,,,,,
17143984,1,1,N,N,43,1FTRW08LX1KA82622,2001,,37,2324,30,N,78744,1,2,4,4,12,,,,N,ROCHAS TOWING SERVICE,ROCHAS TOWING SERVICE,N,,,,,,,,,,,,,,,,,,,,,,44,,,,,,,,,,2,1,0,1,0,0,0,1,0,,,,,,,,
17143984,2,1,N,N,43,1GC0CUEG1GZ231824,2016,21,107,2237,30,N,78704,1,2,7,2,6,,,,N,DRIVEN AWAY BY DRIVER,,N,,,,,,,,,,,,,,,,,,,,,,0,,,,,,,,,,2,1,0,1,0,0,0,1,0,,,,,,,,
17143985,1,1,N,N,43,1FTFW1EF2DFA46265,2013,18,37,2324,30,N,78735,1,2,4,1,10,,,,N,,,N,,,,,,,,,,,,,,,,,,,,,,20,44,,,,,,,,,1,1,0,0,0,1,0,0,0,,,,,,,,
17143985,2,1,N,N,43,WAUJFAFH8AN025641,2010,2,8,893,100,N,78729,1,2,7,1,4,,,,Y,SPECIAL AUTOMOTIVE SERVICE INC,COLLISION MASTERS 5338 THUNDER CREEK RD,N,,,,,,,,,,,,,,,,,,,,,,0,,,,,,,,,,1,1,0,0,1,0,0,1,0,,,,,,,,
17143986,1,1,N,N,43,1G1BE5SM4J7178227,2018,21,107,2209,104,N,78666,1,1,2,7,12,,,,N,,,N,,,,,,,,,,,,,,,,,,,,,,20,,,,,,,,,,1,1,0,0,0,1,0,0,0,,,,,,,,
17143986,2,1,N,N,43,5TFEM5F16JX124662,2018,17,91,687,30,N,78737,1,1,14,7,4,,,,N,HARPERS TOWING SERVICE INC,HARPERS TOWING SERVICE INC,N,,,,,,,,,,,,,,,,,,,,,,0,,,,,,,,,,3,1,0,0,0,1,0,0,0,,,,,,,,
17143987,1,1,N,N,43,19XFB2F56DE222025,2013,9,44,256,104,N,30350,1,2,15,4,9,,,,Y,ARMADA TOWING,5526 1/2 W HWY 290,N,,,,,,,,,,,,,,,,,,,,,,,,,19,,7,,,,,1,1,0,0,0,1,0,0,0,,,,,,,,
17143988,1,1,N,N,43,JM1GJ1U56G1481061,2016,17,63,870,104,N,78723,1,1,2,3,12,,,,N,,,N,,,,,,,,,,,,,,,,,,,,,,20,,,,,,,,,,1,1,0,0,1,0,0,1,0,,,,,,,,
17143988,2,1,N,N,43,KNDJP3A58J7901279,2018,10,55,1357,104,N,78758,1,1,4,3,2,,,,N,A-TEX TOWING,5526 1/2 W HWY 290,N,,,,,,,,,,,,,,,,,,,,,,0,,,,,,,,,,3,1,0,0,0,2,0,0,0,,,,,,,,
17143989,1,1,N,N,43,JM1BL1U70D1746896,2013,21,63,1210,30,N,78745,1,1,4,3,1,,,,,SOUTHSIDE WRECKER INC,8200 S. CONGRESS AVE,N,,,,,,,,,,,,,,,,,,,,,,74,,,,,,,,,,6,1,0,0,1,0,0,1,0,,,,,,,,
17143989,2,1,N,N,43,1FVACWFC7JHJM9027,2018,21,38,1524,103,N,75229,1,1,7,1,7,,,,N,,,Y,Y,N,N,1,2,78229,5,26000,0,N,,,,,3,13,,,,,,0,,,,,,,,,,6,1,0,0,0,1,0,0,0,N,0,,,,,N,
17143990,1,1,N,N,43,4T4BF1FK3ER425347,2014,17,91,380,104,N,78726,1,1,2,2,12,,,,N,,,N,,,,,,,,,,,,,,,,,,,,,,22,,,,,,,,,,4,1,0,0,0,1,0,0,0,,,,,,,,
17143990,2,1,N,N,43,JTMZD32V286077516,2008,9,91,581,69,N,78613,1,1,6,2,6,,,,N,,,N,,,,,,,,,,,,,,,,,,,,,,0,,,,,,,,,,4,1,0,0,1,0,0,1,0,,,,,,,,
17143991,1,1,N,N,43,5TDKKRFH3GS146646,2016,21,91,721,69,N,78613,1,1,12,4,1,,,,,FINGER TOWING SERVICE,FINGER TOWING SERVICE,N,,,,,,,,,,,,,,,,,,,,,,0,,,,,,,,,,7,1,0,0,0,1,0,0,0,,,,,,,,
17143991,2,1,N,N,43,2HGFG1B66AH518965,2010,17,44,256,100,N,78613,1,1,2,3,12,,,,,,,N,,,,,,,,,,,,,,,,,,,,,,0,,,,,,,,,,5,1,0,0,0,1,0,0,0,,,,,,,,
17143992,1,1,N,N,43,1GCWGFFG3F1177206,2015,21,107,2817,103,N,78610,1,2,10,1,,,,,N,,,N,,,,,,,,,,,,,,,,,,,,,,66,,,20,19,,,,,,4,1,0,0,0,1,0,0,0,,,,,,,,
17143992,2,1,N,N,43,2T2GK31U98C029022,2008,21,58,1318,69,N,78664,1,2,,,,,,,N,620 LAKESIDE TOWING,620 LAKESIDE TOWING,N,,,,,,,,,,,,,,,,,,,,,,0,,,,,,,,,,4,1,0,0,1,0,0,1,0,,,,,,,,
17143993,1,1,N,N,43,JTDKN3DU1A0010479,2010,3,91,702,104,N,78750,1,1,2,5,12,,,,N,620 LAKESIDE TOWING,620 LAKESIDE TOWING,N,,,,,,,,,,,,,,,,,,,,,,,,,15,,,,,,,3,1,0,1,0,0,0,1,0,,,,,,,,
17143993,2,1,N,N,43,WBAPK5C5XBA663079,2011,2,14,652,104,N,78729,1,2,10,5,4,,,,N,SPECIAL AUTOMOTIVE SERVICE INC,SPECIAL AUTOMOTIVE SERVICE INC,N,,,,,,,,,,,,,,,,,,,,,,,,,15,,,,,,,7,1,0,1,0,0,0,1,0,,,,,,,,
17143994,1,1,N,Y,43,1G1BE5SM5J7177250,2018,17,107,2209,104,N,78249,1,2,,,,,,,,,,N,,,,,,,,,,,,,,,,,,,,,,4,,,,,,,,,,1,1,0,0,0,0,1,0,0,,,,,,,,
17143994,2,1,N,N,43,5TDZT38A73S187977,2003,21,91,722,104,N,78721,2,,12,2,2,,,,N,,,N,,,,,,,,,,,,,,,,,,,,,,0,,,,,,,,,,1,1,0,0,1,0,0,1,0,,,,,,,,
17143995,1,1,N,N,43,JF1GJAA63FH009926,2015,21,85,516,104,N,78745,1,2,2,2,12,,,,N,ROCHAS TOWING SERVICE,ROCHAS TOWING SERVICE,N,,,,,,,,,,,,,,,,,,,,,,,,,20,,,,,,,2,1,0,0,0,1,0,0,0,,,,,,,,
17143995,2,1,N,N,43,19XFC1F37GE006825,2016,21,44,256,104,N,76013,1,2,6,1,6,,,,N,,,N,,,,,,,,,,,,,,,,,,,,,,0,,,,,,,,,,2,1,0,0,0,1,0,0,0,,,,,,,,
17143996,1,1,N,N,43,WBADW3C55BE539323,2011,1,14,826,100,N,78640,1,2,3,2,12,,,,Y,EZ AUTO AND TOWING SERVICE,EZ AUTO AND TOWING SERVICE,N,,,,,,,,,,,,,,,,,,,,,,22,,,,,,,,,,3,1,0,1,0,0,0,1,0,,,,,,,,
17143996,2,1,N,N,43,4S3GKAU69J3613702,2018,21,85,516,104,N,78640,1,2,13,3,7,,,,Y,FINGER TOWING SERVICE,FINGER TOWING SERVICE,N,,,,,,,,,,,,,,,,,,,,,,0,,,,,,,,,,3,1,0,0,0,0,1,0,0,,,,,,,,
17143997,1,1,N,N,43,WA1VGAFP9EA061287,2014,2,8,2674,104,N,78613,1,1,2,3,1,,,,Y,SPECIAL AUTOMOTIVE SERVICE INC,SPECIAL AUTOMOTIVE SERVICE INC,N,,,,,,,,,,,,,,,,,,,,,,0,,,,,,,,,,2,1,0,0,0,1,0,0,0,,,,,,,,
17143997,2,1,N,N,43,3FA6P0LU3GR330509,2016,21,37,1097,104,N,78666,1,1,3,2,10,,,,Y,AVILES & GABES WRECKER SERVICE INC.,AVILES & GABES WRECKER SERVICE INC.,N,,,,,,,,,,,,,,,,,,,,,,0,,,,,,,,,,8,1,0,0,1,0,0,1,0,,,,,,,,
17143998,1,1,N,N,43,ML32A3HJ7HH017253,2017,9,68,389,104,N,,2,,2,5,11,,,,N,ROCHAS TOWING SERVICE,ROCHAS TOWING SERVICE,N,,,,,,,,,,,,,,,,,,,,,,,,,20,,,,,,,5,1,0,0,0,4,0,0,0,,,,,,,,
17143998,2,1,N,N,43,1GCGG25V251263635,2005,21,107,731,103,N,78727,1,2,4,3,1,,,,N,,,N,,,,,,,,,,,,,,,,,,,,,,0,,,,,,,,,,7,1,0,0,0,2,0,0,0,,,,,,,,
17143999,1,1,N,N,43,2HGFA1F59AH318133,2010,9,44,107,104,N,78702,1,1,13,2,9,,,,N,,,N,,,,,,,,,,,,,,,,,,,,,,35,,,,,,,,,,3,1,0,0,0,0,1,0,0,,,,,,,,
17143999,2,1,N,N,43,SGCEC19C371567365,2007,3,107,2236,30,N,78744,1,1,3,2,12,,,,N,,,N,,,,,,,,,,,,,,,,,,,,,,0,,,,,,,,,,5,1,0,0,0,1,0,0,0,,,,,,,,
17144000,1,1,N,N,43,1GC4CZC82DF230575,2013,21,107,2237,104,Y,78681,1,2,1,5,12,,,,N,,,N,,,,,,,,,,,,,,,,,,,,,,37,,,,,,,,,,1,1,0,0,0,0,1,0,0,,,,,,,,
17144000,2,1,N,N,43,3FA6P0HR7DR127395,2013,16,37,1097,104,Y,78753,1,2,10,6,1,,,,N,ROCHAS TOWING SERVICE,ROCHAS TOWING SERVICE,N,,,,,,,,,,,,,,,,,,,,,,0,,,,,,,,,,5,1,0,0,0,0,3,0,0,,,,,,,,
17144002,1,1,N,N,43,4S4BP62C087303681,2008,3,85,1268,104,N,78748,1,1,2,3,12,6,2,6,N,SPECIAL AUTOMOTIVE SERVICE INC,SPECIAL AUTOMOTIVE SERVICE INC,N,,,,,,,,,,,,,,,,,,,,,,67,,,,,,,,,,1,1,0,1,0,0,0,1,0,,,,,,,,
17144002,2,4,,,,,,,,,,,,,,,,,,,,,,,,,,,,,,,,,,,,,,,,,,,,,0,,,,,,,,,,9,2,0,1,0,0,0,1,0,,,,,,,,
17144002,3,4,,,,,,,,,,,,,,,,,,,,,,,,,,,,,,,,,,,,,,,,,,,,,0,,,,,,,,,,9,2,0,1,0,0,0,1,0,,,,,,,,
17144002,4,4,,,,,,,,,,,,,,,,,,,,,,,,,,,,,,,,,,,,,,,,,,,,,0,,,,,,,,,,9,2,0,1,0,0,0,1,0,,,,,,,,
17144002,5,4,,,,,,,,,,,,,,,,,,,,,,,,,,,,,,,,,,,,,,,,,,,,,0,,,,,,,,,,9,2,0,1,0,0,0,1,0,,,,,,,,
17144007,1,1,N,N,43,5TFJX4GN5CX007465,2012,2,91,629,104,N,76520,1,1,3,5,12,,,,N,SOUTHSIDE WRECKER INC,5526 1/2 W HWY 290,N,,,,,,,,,,,,,,,,,,,,,,0,,,,,,,,,,6,1,0,0,0,1,0,0,0,,,,,,,,
17144007,2,1,N,N,43,JTDBE32K040262438,2004,3,91,178,104,N,78702,1,1,3,7,12,,,,N,AAA,4970 US 290,N,,,,,,,,,,,,,,,,,,,,,,0,,,,,,,,,,2,1,0,1,0,0,0,1,0,,,,,,,,
17144008,1,1,N,N,43,1HD4LE215FC439518,2015,2,42,1527,71,N,78748,2,,2,2,12,,,,N,SPECIAL AUTOMOTIVE SERVICE INC,SPECIAL AUTOMOTIVE SERVICE INC,N,,,,,,,,,,,,,,,,,,,,,,,,,44,,,,,,,1,1,0,1,0,0,0,1,0,,,,,,,,
17144008,2,1,N,N,43,1FTDX1724VKD17396,1997,21,37,2324,30,N,78753,1,2,5,1,6,,,,N,,,N,,,,,,,,,,,,,,,,,,,,,,0,,,,,,,,,,1,1,0,0,0,1,0,0,0,,,,,,,,
17144009,1,1,N,N,43,1G1ZB5ST4HF184382,2017,17,107,56,104,N,78717,1,1,2,1,12,,,,N,NOT TOWED,NOT TOWED,N,,,,,,,,,,,,,,,,,,,,,,0,,,,,,,,,,11,1,0,0,0,1,0,0,0,,,,,,,,
17144009,2,4,,,,,,,,,,,,,,,,,,,,,,,,,,,,,,,,,,,,,,,,,,,,,0,,,,,,,,,,9,1,0,0,1,0,0,1,0,,,,,,,,
17144010,1,1,N,N,43,5LMFU27RX3LJ20432,2003,5,113,638,104,N,78746,1,2,12,7,1,2,6,12,N,EZ AUTO AND TOWING SERVICE,EZ AUTO AND TOWING SERVICE,N,,,,,,,,,,,,,,,,,,,,,,,,,74,,,,,,,1,1,0,0,1,0,0,1,0,,,,,,,,
17144012,1,1,N,N,43,JHMCG66832C026665,2002,17,44,236,104,N,78744,1,1,4,4,12,,,,N,HARPERS TOWING SERVICE INC,HARPERS TOWING SERVICE INC,N,,,,,,,,,,,,,,,,,,,,,,,,,44,,,,,,,1,1,0,0,0,1,0,0,0,,,,,,,,
17144012,2,1,N,N,43,3GNFK16RXVG193221,1997,21,107,2215,69,N,78703,1,1,6,3,6,,,,N,NOT TOWED,NOT TOWED,N,,,,,,,,,,,,,,,,,,,,,,0,,,,,,,,,,1,1,0,0,0,1,0,0,0,,,,,,,,
17144032,1,1,N,N,43,3C7WRKCL3EG202922,2014,12,710,4103,9,Y,78702,2,,1,2,12,,,,N,AUS-TEX AUTO ENTERPRISES LLC,1190 HARGRAVE,N,,,,,,,,,,,,,,,,,,,,,,0,,,,,,,,,,8,1,0,2,0,1,0,2,0,,,,,,,,
17144033,1,1,N,N,43,1N6SD11Y7VC358514,1997,9,71,69,30,N,78747,1,1,2,4,12,,,,N,ROCHAS TOWING SERVICE,ROCHAS TOWING SERVICE,N,,,,,,,,,,,,,,,,,,,,,,45,,,,,,,,,,5,1,0,0,0,1,0,0,0,,,,,,,,
17144033,2,1,N,N,43,5TFAZ5CN3HX042275,2017,9,91,629,30,N,78728,1,1,6,3,6,,,,N,,,N,,,,,,,,,,,,,,,,,,,,,,0,,,,,,,,,,5,1,0,0,0,3,0,0,0,,,,,,,,
17144033,3,1,N,Y,113,UNKNOWN,,99,208,763,69,N,,,,,,,,,,,,,N,,,,,,,,,,,,,,,,,,,,,,0,,,,,,,,,,5,2,0,0,0,0,1,0,0,,,,,,,,
17144034,1,1,N,N,43,4YASM92N1XZ568902,1999,8,91,2569,30,N,78704,2,,11,7,9,,,,N,SPECIAL AUTOMOTIVE SERVICE INC,SPECIAL AUTOMOTIVE SERVICE INC,N,,,,,,,,,,,,,,,,,,,,,,74,,,,,,,,,,1,1,0,0,0,1,0,0,0,,,,,,,,
17144035,1,1,N,N,43,4T1BK1FK7CU516785,2012,9,91,380,104,N,78723,1,1,1,6,12,,,,N,A-TEX TOWING,IMPOUND,N,,,,,,,,,,,,,,,,,,,,,,20,,,,,,,,,,1,1,0,0,0,1,0,0,0,,,,,,,,
17144035,2,1,N,N,43,1C6RR6LT1FS523442,2015,2,710,4100,30,N,78748,1,1,3,6,,,,,N,SOUTHSIDE WRECKER INC,8200 S. CONGRESS AVE,N,,,,,,,,,,,,,,,,,,,,,,0,,,,,,,,,,5,1,0,0,0,1,0,0,0,,,,,,,,
17144036,1,1,N,N,43,2G61M5S30K9143023,2019,18,106,2198,104,N,75261,1,1,1,3,12,,,,N,,,N,,,,,,,,,,,,,,,,,,,,,,,,,20,,,,,,,11,1,0,0,0,1,0,0,0,,,,,,,,
17144036,2,1,N,N,43,KNMAT2MT0GP598670,2016,9,71,1310,69,N,78653,1,1,5,2,6,,,,N,,,N,,,,,,,,,,,,,,,,,,,,,,0,,,,,,,,,,11,1,0,0,1,1,0,1,0,,,,,,,,
17144037,1,1,N,N,43,3GCPCSEC3EG367207,2014,21,107,2202,30,N,78724,1,1,4,1,3,,,,N,,,N,,,,,,,,,,,,,,,,,,,,,,41,20,4,,,,,,,,2,1,0,0,0,2,0,0,0,,,,,,,,
17144037,2,1,N,N,43,3LNHM26T47R661511,2007,2,113,1204,104,N,78724,2,,3,1,9,,,,N,,,N,,,,,,,,,,,,,,,,,,,,,,0,,,,,,,,,,2,1,0,0,1,1,0,1,0,,,,,,,,
17144040,1,1,N,N,43,1FAFP34N96W129993,2006,3,37,696,104,N,76522,1,2,3,2,1,,,,N,,,N,,,,,,,,,,,,,,,,,,,,,,66,,,,,,,,,,1,1,0,0,0,2,0,0,0,,,,,,,,
17144040,2,1,N,N,43,JTDKN3DU1D0339090,2013,21,91,702,104,N,78704,1,2,10,3,3,,,,Y,A-TEX TOWING,IMPOUND,N,,,,,,,,,,,,,,,,,,,,,,68,,,,,,,,,,1,1,0,0,0,1,0,0,0,,,,,,,,
17144044,1,1,N,N,43,JHMCG6672XC009337,1999,1,44,256,104,N,78741,2,,2,2,12,,,,Y,EZ AUTO AND TOWING SERVICE,EZ AUTO AND TOWING SERVICE,N,,,,,,,,,,,,,,,,,,,,,,20,22,,,,,,,,,7,1,0,0,0,0,1,0,0,,,,,,,,
17144048,1,1,N,N,43,2HGFA16849H347397,2009,21,44,256,104,N,78754,1,1,2,4,12,,,,Y,AVILES & GABES WRECKER SERVICE INC.,AVILES & GABES WRECKER SERVICE INC.,N,,,,,,,,,,,,,,,,,,,,,,,,,20,,,,,,,1,1,0,0,0,2,0,0,0,,,,,,,,
17144048,2,1,N,N,43,2C3CCAAG3EH354821,2014,9,21,65,104,N,78660,1,1,6,1,6,,,,N,,,N,,,,,,,,,,,,,,,,,,,,,,0,,,,,,,,,,1,1,0,0,0,4,0,0,0,,,,,,,,
17144049,1,1,N,N,43,1FMEU65E68UB24727,2008,1,37,554,69,N,78617,1,1,2,2,12,,,,Y,SPECIAL AUTOMOTIVE SERVICE INC,SPECIAL AUTOMOTIVE SERVICE INC,N,,,,,,,,,,,,,,,,,,,,,,40,,,,,,,,,,6,1,0,0,0,1,0,0,0,,,,,,,,
17144051,1,1,N,N,43,5TFMU4FN3CX009044,2012,3,91,629,30,N,78731,1,2,2,2,12,,,,N,,,N,,,,,,,,,,,,,,,,,,,,,,0,,,,,,,,,,5,1,0,0,0,1,0,0,0,,,,,,,,
17144051,2,1,Y,N,43,4T1BK3DB9BU411081,2011,21,91,563,104,N,78731,1,2,7,6,5,2,4,12,N,EZ AUTO AND TOWING SERVICE,EZ AUTO AND TOWING SERVICE,N,,,,,,,,,,,,,,,,,,,,,,0,,,,,,,,,,5,1,0,0,0,0,0,0,0,,,,,,,,
17144051,3,1,Y,N,43,JTJGW31UX82008877,2008,10,58,1320,69,N,78731,1,2,6,3,6,,,,N,,,N,,,,,,,,,,,,,,,,,,,,,,0,,,,,,,,,,5,2,0,0,0,0,0,0,0,,,,,,,,
17144052,1,1,N,N,43,2GCEK19T021101856,2002,9,107,60,30,N,78520,1,2,,,,,,,N,,,N,,,,,,,,,,,,,,,,,,,,,,,,,74,,,,,,,5,1,0,0,0,1,0,0,0,,,,,,,,
17144052,2,6,,,,,,,,,,,,,,,,,,,,,,,,,,,,,,,,,,,,,,,,,,,,,0,,,,,,,,,,9,2,0,0,0,0,0,0,0,,,,,,,,
17144052,3,1,N,N,43,1FM5K7B96DGB02822,2013,17,37,554,69,N,77042,1,2,2,3,12,,,,N,STARS TOWING,STARS TOWING,N,,,,,,,,,,,,,,,,,,,,,,0,,,,,,,,,,5,1,0,0,0,1,0,0,0,,,,,,,,
17144053,1,1,N,N,43,1G1PE5SB1G7222617,2016,9,107,2209,104,N,78240,1,2,13,3,10,,,,Y,AVILES & GABES WRECKER SERVICE INC.,AVILES & GABES WRECKER SERVICE INC.,N,,,,,,,,,,,,,,,,,,,,,,4,,,,,,,,,,1,1,0,0,0,1,0,0,0,,,,,,,,
17144054,1,1,N,N,43,JTEDW21A360016037,2006,21,91,721,69,N,78753,1,1,2,2,12,7,1,9,N,,,N,,,,,,,,,,,,,,,,,,,,,,0,,,,,,,,,,5,1,0,0,0,3,0,0,0,,,,,,,,
17144054,2,1,N,N,43,1C6RREFT8KN508953,2019,2,109,2275,30,N,78702,1,1,2,1,12,,,,N,AUS-TEX AUTO ENTERPRISES LLC,AUS-TEX AUTO ENTERPRISES LLC,N,,,,,,,,,,,,,,,,,,,,,,0,,,,,,,,,,7,1,0,0,0,4,0,0,0,,,,,,,,
17144055,1,1,N,N,43,JF2GTACC6K8282930,2019,2,85,168,69,N,78704,1,1,2,5,12,,,,N,,,N,,,,,,,,,,,,,,,,,,,,,,20,,,,,,,,,,1,1,0,0,0,2,0,0,0,,,,,,,,
17144055,2,1,N,N,43,4T1BF1FKXFU092611,2015,21,91,380,104,N,78626,1,1,6,5,6,,,,N,,,N,,,,,,,,,,,,,,,,,,,,,,0,,,,,,,,,,1,1,0,0,0,2,0,0,0,,,,,,,,
17144056,1,1,N,N,43,3N1CE2CP7EL400976,2014,9,71,3996,104,N,78758,1,2,2,6,11,,,,N,AVILES & GABES WRECKER SERVICE INC.,AVILES & GABES WRECKER SERVICE INC.,N,,,,,,,,,,,,,,,,,,,,,,,,,37,,,,,,,7,1,0,1,0,0,0,1,0,,,,,,,,
17144056,2,1,N,N,43,KNDJF723797640231,2009,16,55,575,104,N,78660,1,2,3,2,11,,,,N,ARMADA TOWING,ARMADA TOWING,N,,,,,,,,,,,,,,,,,,,,,,0,,,,,,,,,,3,1,0,0,0,1,0,0,0,,,,,,,,
17144057,1,1,N,N,43,1FMCU0HD2JUD28907,2018,2,37,711,104,N,78704,1,1,3,3,11,,,,Y,EZ AUTO AND TOWING SERVICE,EZ AUTO AND TOWING SERVICE,N,,,,,,,,,,,,,,,,,,,,,,,,,20,,,,,,,5,1,0,0,0,1,0,0,0,,,,,,,,
17144057,2,1,N,N,43,5FRYD3H57HB007709,2017,21,1,705,104,N,78704,1,1,15,4,9,,,,Y,SOUTHSIDE WRECKER INC,8200 S. CONGRESS AVE,N,,,,,,,,,,,,,,,,,,,,,,0,,,,,,,,,,3,1,0,0,0,1,0,0,0,,,,,,,,
17144058,1,1,N,N,43,2FAFP71W27X149741,2007,18,37,995,104,N,78729,2,,2,1,12,,,,N,NOT TOWED,NOT TOWED,N,,,,,,,,,,,,,,,,,,,,,,74,60,,,,,,,,,7,1,0,0,0,2,0,0,0,,,,,,,,
17144058,2,1,N,N,43,JTDKN3DUXF1936493,2015,3,91,702,104,N,78717,1,2,16,2,3,15,1,9,N,620 LAKESIDE TOWING,620 LAKESIDE TOWING,N,,,,,,,,,,,,,,,,,,,,,,0,,,,,,,,,,1,1,0,0,0,1,0,0,0,,,,,,,,
17144059,1,1,N,N,43,JN1CA31A61T314712,2001,21,71,69,104,N,78741,1,1,2,3,12,,,,N,SOUTHSIDE WRECKER INC,8200 S. CONGRESS AVE,N,,,,,,,,,,,,,,,,,,,,,,,,,19,,,,,,,2,1,0,0,0,2,0,0,0,,,,,,,,
17144059,2,1,N,N,43,3B7HC13Y5VG794207,1997,17,109,82,30,N,78745,1,1,6,2,6,,,,N,,,N,,,,,,,,,,,,,,,,,,,,,,0,,,,,,,,,,2,1,0,0,0,1,0,0,0,,,,,,,,
17144060,1,1,N,Y,,,,,208,763,0,N,,,,,,,,,,,,,N,,,,,,,,,,,,,,,,,,,,,,3,,,,,,,,,,11,1,0,0,0,0,1,0,0,,,,,,,,
17144060,2,1,Y,N,43,2GNALBEK3G6127531,2016,21,107,1048,104,N,78702,4,,3,1,12,,,,N,,,N,,,,,,,,,,,,,,,,,,,,,,0,,,,,,,,,,5,1,0,0,0,0,0,0,0,,,,,,,,