Crash_ID,Unit_Nbr,Unit_Desc_ID,Veh_Parked_Fl,Veh_HNR_Fl,Veh_Lic_State_ID,VIN,Veh_Mod_Year,Veh_Color_ID,Veh_Make_ID,Veh_Mod_ID,Veh_Body_Styl_ID,Emer_Respndr_Fl,Ownr_Zip,Fin_Resp_Proof_ID,Fin_Resp_Type_ID,Veh_Dmag_Area_1_ID,Veh_Dmag_Scl_1_ID,Force_Dir_1_ID,Veh_Dmag_Area_2_ID,Veh_Dmag_Scl_2_ID,Force_Dir_2_ID,Veh_Inventoried_Fl,Veh_Transp_Name,Veh_Transp_Dest,Veh_Cmv_Fl,Cmv_Fiveton_Fl,Cmv_Hazmat_Fl,Cmv_Nine_Plus_Pass_Fl,Cmv_Veh_Oper_ID,Cmv_Carrier_ID_Type_ID,Cmv_Carrier_Zip,Cmv_Veh_Type_ID,Cmv_GVWR,Cmv_RGVW,Cmv_Hazmat_Rel_Fl,Hazmat_Cls_1_ID,Hazmat_IDNbr_1_ID,Hazmat_Cls_2_ID,Hazmat_IDNbr_2_ID,Cmv_Cargo_Body_ID,Cmv_Evnt1_ID,Cmv_Evnt2_ID,Cmv_Evnt3_ID,Cmv_Evnt4_ID,Cmv_Tot_Axle,Cmv_Tot_Tire,Contrib_Factr_1_ID,Contrib_Factr_2_ID,Contrib_Factr_3_ID,Contrib_Factr_P1_ID,Contrib_Factr_P2_ID,Veh_Dfct_1_ID,Veh_Dfct_2_ID,Veh_Dfct_3_ID,Veh_Dfct_P1_ID,Veh_Dfct_P2_ID,Veh_Trvl_Dir_ID,First_Harm_Evt_Inv_ID,Sus_Serious_Injry_Cnt,Nonincap_Injry_Cnt,Poss_Injry_Cnt,Non_Injry_Cnt,Unkn_Injry_Cnt,Tot_Injry_Cnt,Death_Cnt,Cmv_Disabling_Damage_Fl,Cmv_Bus_Type_ID,Trlr_GVWR,Trlr_RGVW,Trlr_Type_ID,Trlr_Disabling_Dmag_ID,Cmv_Intermodal_Container_Permit_Fl,CMV_Actual_Gross_Weight
17145971,2,1,N,N,43,2GKALSEKXF6377005,2015,8,39,1392,69,N,76548,1,2,5,1,6,,,,N,,,N,,,,,,,,,,,,,,,,,,,,,,0,,,,,,,,,,1,1,0,0,1,0,0,1,0,,,,,,,,
17145972,1,1,N,N,43,JKAEREC1X9DA41722,2009,3,53,3803,71,N,78747,2,,10,1,3,,,,N,SOUTHSIDE WRECKER INC,,N,,,,,,,,,,,,,,,,,,,,,,0,,,,,,,,,,1,1,0,1,0,0,0,1,0,,,,,,,,
17145973,1,1,N,Y,,,,2,,,0,N,,,,,,,,,,,,,N,,,,,,,,,,,,,,,,,,,,,,4,,,,,,,,,,5,1,0,0,0,0,1,0,0,,,,,,,,
17145973,2,6,,,,,,,,,,,,,,,,,,,,,,,,,,,,,,,,,,,,,,,,,,,,,0,,,,,,,,,,9,2,0,0,0,0,0,0,0,,,,,,,,
17145973,3,1,N,N,43,15GGD221711071561,2001,3,40,3031,47,N,78702,1,1,11,2,10,,,,N,,,Y,Y,N,Y,3,3,78702,4,42540,0,N,,,,,2,13,,,,,,0,,,,,,,,,,5,1,0,0,4,5,0,4,0,N,2,,,,,N,
17145974,1,1,N,Y,43,1B7HC16Y4TS503956,1996,2,109,2275,30,N,,2,,2,3,12,,,,N,SOUTHSIDE WRECKER INC,8200 S. CONGRESS AVE,N,,,,,,,,,,,,,,,,,,,,,,44,,,,,,,,,,7,1,0,0,0,0,1,0,0,,,,,,,,
17145974,2,1,N,N,43,1GNFC23069R171988,2009,21,107,547,104,N,78610,1,1,6,2,6,,,,N,,,N,,,,,,,,,,,,,,,,,,,,,,0,,,,,,,,,,7,1,0,0,0,1,0,0,0,,,,,,,,
17145975,1,1,N,N,43,2FAFP71W77X149721,2007,21,37,101,104,N,78724,1,2,10,1,3,,,,N,,,N,,,,,,,,,,,,,,,,,,,,,,0,,,,,,,,,,7,1,0,0,0,1,0,0,0,,,,,,,,
17145975,2,4,,,,,,,,,,,,,,,,,,,,,,,,,,,,,,,,,,,,,,,,,,,,,0,,,,,,,,,,9,1,0,1,0,0,0,1,0,,,,,,,,
17145976,1,1,N,Y,43,YV4162XZ2K2012223,2019,2,98,,104,Y,78746,1,1,3,3,11,,,,N,,,N,,,,,,,,,,,,,,,,,,,,,,53,,,67,,,,,,,4,1,0,0,0,2,0,0,0,,,,,,,,
17145976,2,1,N,N,43,JF1VA1H61J9816672,2018,3,85,4156,104,Y,78746,1,1,8,3,5,14,3,4,N,,,N,,,,,,,,,,,,,,,,,,,,,,0,,,,,,,,,,4,1,0,0,0,3,0,0,0,,,,,,,,
17145977,1,1,N,N,43,JH4KB16617C001685,2007,8,1,583,104,N,78741,2,,11,2,9,,,,Y,620 LAKESIDE TOWING,620 LAKESIDE TOWING,N,,,,,,,,,,,,,,,,,,,,,,45,,,,,,,,,,1,1,0,0,0,1,0,0,0,,,,,,,,
17145977,2,1,N,N,43,3N1CN7AP6KL852512,2019,17,71,1452,104,N,,2,,2,2,12,,,,N,EZ AUTO AND TOWING SERVICE,EZ AUTO AND TOWING SERVICE,N,,,,,,,,,,,,,,,,,,,,,,0,,,,,,,,,,3,1,0,0,0,1,0,0,0,,,,,,,,
17145978,1,1,N,N,43,1FTRF17272KC04126,2002,9,37,2324,30,N,78744,2,,2,2,12,,,,N,,,N,,,,,,,,,,,,,,,,,,,,,,20,,,,,,,,,,3,1,0,0,0,1,0,0,0,,,,,,,,
17145978,2,1,N,N,43,5YFBU4EEXDP141517,2013,9,91,173,104,N,78760,1,2,6,2,6,,,,N,,,N,,,,,,,,,,,,,,,,,,,,,,0,,,,,,,,,,3,1,0,0,0,1,0,0,0,,,,,,,,
17145979,1,1,N,N,43,5FNYF28667B030475,2007,19,44,761,104,Y,78744,2,1,4,3,,,,,Y,SOUTHSIDE WRECKER INC,8200 S. CONGRESS AVE,N,,,,,,,,,,,,,,,,,,,,,,,,,22,,,,,,,3,1,0,0,0,0,0,0,0,,,,,,,,
17146019,1,1,N,N,43,KNDMB233996275101,2009,16,55,739,104,N,78748,1,1,,,,,,,N,,,N,,,,,,,,,,,,,,,,,,,,,,20,,,,,,,,,,7,1,0,0,0,1,0,0,0,,,,,,,,
17146019,2,1,N,N,43,3N1CN7AP3HL833327,2017,3,71,1452,104,N,78721,1,1,5,0,6,,,,N,,,N,,,,,,,,,,,,,,,,,,,,,,0,,,,,,,,,,7,1,0,1,0,1,0,1,0,,,,,,,,
17146020,1,1,N,N,43,4T1BF1FK5DU261141,2013,9,91,380,104,N,78754,1,1,2,4,12,,,,Y,620 LAKESIDE TOWING,620 LAKESIDE TOWING,N,,,,,,,,,,,,,,,,,,,,,,20,,,,,,,,,,3,1,0,0,1,0,0,1,0,,,,,,,,
17146149,1,1,N,Y,43,3KPC24A30KE049457,2019,16,45,557,104,N,78216,1,2,3,2,11,,,,,AUS-TEX AUTO ENTERPRISES LLC,IMPOUND,N,,,,,,,,,,,,,,,,,,,,,,74,,,,,,,,,,11,1,0,0,0,0,1,0,0,,,,,,,,
17146149,2,1,Y,N,43,KMHWF25H75A160389,2005,17,45,462,104,N,78653,1,2,14,1,5,,,,,,,N,,,,,,,,,,,,,,,,,,,,,,0,,,,,,,,,,5,2,0,0,0,0,0,0,0,,,,,,,,
17146601,1,1,N,N,43,2HKRM3H59FH540844,2015,9,44,107,104,N,78634,1,2,12,3,3,,,,N,AUSTEX,620 LAKESIDE TOWING,N,,,,,,,,,,,,,,,,,,,,,,4,,,,,,,,,,2,1,0,0,0,1,0,0,0,,,,,,,,
17146601,2,1,N,N,43,JTLKT324250201332,2005,21,91,4331,104,N,78613,1,1,11,3,11,,,,N,,,N,,,,,,,,,,,,,,,,,,,,,,60,,,,,,,,,,6,1,0,0,1,0,0,1,0,,,,,,,,
17146817,1,1,N,N,43,2FMZA5143YBB83838,2000,9,37,555,103,N,78664,1,2,3,2,12,,,,Y,LAKESIDE TOWING,"12400 ANDERSON MILL RD, AUSTIN, TX 7872",N,,,,,,,,,,,,,,,,,,,,,,43,23,,,,,,,,,5,1,0,0,0,1,0,0,0,,,,,,,,
17146817,2,1,N,N,43,1FTPW12574KD21247,2004,11,37,2324,30,N,78725,1,2,8,2,6,,,,N,NOT TOWED,,N,,,,,,,,,,,,,,,,,,,,,,0,,,,,,,,,,5,1,0,0,0,1,0,0,0,,,,,,,,
17146989,1,1,N,N,43,KMHDH4AE5DU502489,2013,3,45,480,104,N,78754,1,1,4,3,,10,2,3,N,EZ AUTO AND TOWING SERVICE,EZ AUTO AND TOWING SERVICE,N,,,,,,,,,,,,,,,,,,,,,,22,,,,,,,,,,1,1,0,0,0,1,0,0,0,,,,,,,,
17146990,1,1,N,Y,43,3N1AB61E98L744984,2008,9,71,341,104,N,78758,1,1,2,3,12,,,,N,NOT TOWED,NOT TOWED,N,,,,,,,,,,,,,,,,,,,,,,0,,,,,,,,,,1,1,0,0,0,1,0,0,0,,,,,,,,
17146990,2,1,N,Y,113,UNKNOWN,,16,208,763,104,N,,2,,,,,,,,N,NOT TOWED,NOT TOWED,N,,,,,,,,,,,,,,,,,,,,,,0,,,,,,,,,,1,1,0,0,0,0,1,0,0,,,,,,,,
17146991,1,1,N,N,43,JTDKBRFU2G3520386,2016,21,91,702,104,N,78753,1,1,11,4,11,13,3,7,N,EZ AUTO AND TOWING SERVICE,EZ AUTO AND TOWING SERVICE,N,,,,,,,,,,,,,,,,,,,,,,35,,,,,,,,,,7,1,0,0,0,1,0,0,0,,,,,,,,
17146991,2,1,N,N,43,4TAVL52NXWZ083066,1998,16,91,629,30,N,78753,1,1,12,5,1,,,,N,AUS-TEX AUTO ENTERPRISES LLC,AUS-TEX AUTO ENTERPRISES LLC,N,,,,,,,,,,,,,,,,,,,,,,0,,,,,,,,,,1,1,0,0,0,2,0,0,0,,,,,,,,
17146992,1,1,N,N,43,2HGFA16556H513573,2006,3,44,256,104,N,78759,1,2,2,6,12,,,,N,,,N,,,,,,,,,,,,,,,,,,,,,,0,,,,,,,,,,7,1,0,0,0,1,0,0,0,,,,,,,,
17146992,2,1,N,N,43,3N1AB61E09L629109,2009,11,71,341,104,N,78758,1,2,6,5,6,,,,N,,,N,,,,,,,,,,,,,,,,,,,,,,0,,,,,,,,,,7,1,0,0,0,2,0,0,0,,,,,,,,
17146993,1,1,N,N,43,1HGCR2F76FA211498,2015,4,44,236,104,N,78734,1,1,3,3,10,,,,N,ROCHAS TOWING SERVICE,ROCHAS TOWING SERVICE,N,,,,,,,,,,,,,,,,,,,,,,0,,,,,,,,,,11,1,0,0,0,1,0,0,0,,,,,,,,
17146993,2,1,N,N,43,1FTSW20P56EC69428,2006,21,37,2325,30,N,78734,1,1,4,2,10,,,,N,,,N,,,,,,,,,,,,,,,,,,,,,,0,,,,,,,,,,11,1,0,0,0,1,0,0,0,,,,,,,,
17146994,1,1,N,N,43,2GNALCEK4G6327663,2016,9,107,1048,69,N,78613,1,2,4,7,,,,,Y,STARS TOWING,STARS TOWING,N,,,,,,,,,,,,,,,,,,,,,,20,,,,,,,,,,7,1,0,0,0,1,0,0,0,,,,,,,,
17146994,2,1,N,N,43,3GNAXHEV4JS503728,2018,3,107,1048,69,N,78758,1,2,7,5,,,,,N,,,N,,,,,,,,,,,,,,,,,,,,,,0,,,,,,,,,,7,1,0,0,0,1,0,0,0,,,,,,,,
17146995,1,1,N,N,43,1FADP3F25FL368176,2015,21,37,696,104,N,78610,1,2,10,2,4,,,,N,,,N,,,,,,,,,,,,,,,,,,,,,,39,,,,,,,,,,4,1,0,0,0,2,0,0,0,,,,,,,,
17146995,2,1,N,N,43,5XYKT3A19BG135273,2011,2,55,767,104,N,75028,1,2,3,2,11,,,,N,,,N,,,,,,,,,,,,,,,,,,,,,,0,,,,,,,,,,3,1,0,0,0,1,0,0,0,,,,,,,,
17146996,1,1,N,N,43,KMHD35LHXHU365423,2017,9,45,3561,104,N,78759,1,2,15,6,9,,,,N,969 TOWING,969 TOWING,N,,,,,,,,,,,,,,,,,,,,,,16,,,,,,,,,,5,1,0,0,0,1,0,0,0,,,,,,,,
17146996,2,1,N,N,43,2C3CDXBG4EH363610,2014,3,109,74,104,N,78752,1,2,2,5,2,,,,N,,,N,,,,,,,,,,,,,,,,,,,,,,0,,,,,,,,,,7,1,0,0,0,1,0,0,0,,,,,,,,
17146997,1,1,N,N,43,KNDJT2A21B7280447,2011,21,55,1357,69,N,78652,1,1,,,,,,,N,,,N,,,,,,,,,,,,,,,,,,,,,,20,,,,,,,,,,6,1,0,0,0,1,0,0,0,,,,,,,,
17146997,2,4,,,,,,,,,,,,,,,,,,,,,,,,,,,,,,,,,,,,,,,,,,,,,0,,,,,,,,,,9,1,0,0,1,0,0,1,0,,,,,,,,
17146998,1,1,N,N,43,5NMSH13E37H122487,2007,17,45,713,104,N,78757,1,2,3,6,11,,,,N,EZ AUTO AND TOWING SERVICE,EZ AUTO AND TOWING SERVICE,N,,,,,,,,,,,,,,,,,,,,,,0,,,,,,,,,,7,1,0,0,0,2,0,0,0,,,,,,,,
17146998,2,1,N,N,43,4T1BF1FK2HU416184,2017,,91,380,104,N,78731,1,2,11,5,11,15,4,9,N,,,N,,,,,,,,,,,,,,,,,,,,,,0,,,,,,,,,,3,1,0,0,0,1,0,0,0,,,,,,,,
17147000,1,1,N,N,43,55SWF4JBXFU053359,2015,2,65,671,104,N,78752,1,2,4,2,10,,,,,,,N,,,,,,,,,,,,,,,,,,,,,,33,,,,,,,,,,7,1,0,0,0,1,0,0,0,,,,,,,,
17147000,2,1,N,N,43,JT3GP10V6X7058065,1999,21,91,581,69,N,78753,3,2,4,2,1,,,,N,,,N,,,,,,,,,,,,,,,,,,,,,,0,,,,,,,,,,5,1,0,0,0,1,0,0,0,,,,,,,,
17147000,3,1,N,N,43,2GCEC19T731236332,2003,9,107,2236,30,N,78758,1,2,10,2,4,,,,,,,N,,,,,,,,,,,,,,,,,,,,,,0,,,,,,,,,,5,2,0,0,0,1,0,0,0,,,,,,,,
17147007,1,1,N,N,43,5NPEB4AC3CH383892,2012,2,45,462,104,N,78754,1,2,1,1,12,,,,N,,,N,,,,,,,,,,,,,,,,,,,,,,44,,,,,,,,,,7,1,0,0,0,1,0,0,0,,,,,,,,
17147007,2,1,N,N,43,1J4G258S8XC618715,1999,17,429,1116,69,N,78653,1,2,6,1,6,,,,N,,,N,,,,,,,,,,,,,,,,,,,,,,0,,,,,,,,,,7,1,0,0,1,0,0,1,0,,,,,,,,
17147008,1,1,N,N,43,4S3BD4354T7203187,1996,5,85,443,104,N,78752,1,2,4,2,2,,,,N,,,N,,,,,,,,,,,,,,,,,,,,,,44,,,,,,,,,,4,1,0,0,0,1,0,0,0,,,,,,,,
17147008,2,1,N,N,43,1FMYU96H36KA20728,2006,16,37,554,69,N,,4,,6,1,7,,,,N,,,N,,,,,,,,,,,,,,,,,,,,,,0,,,,,,,,,,4,1,0,0,0,1,0,0,0,,,,,,,,
17147009,1,1,N,N,43,1FTVX1CF5CKD06658,2012,21,37,602,30,N,,1,4,16,3,3,,,,N,,,N,,,,,,,,,,,,,,,,,,,,,,0,,,,,,,,,,5,1,0,0,0,1,0,0,0,,,,,,,,
17147009,2,1,N,N,43,5TDZA23C46S460032,2006,10,91,648,103,N,78752,1,1,1,3,12,,,,N,,,N,,,,,,,,,,,,,,,,,,,,,,0,,,,,,,,,,1,1,0,0,0,4,0,0,0,,,,,,,,
17147010,1,1,N,N,43,2T3WFREV0GW260678,2016,21,91,581,69,N,78653,1,1,10,6,3,,,,N,AVILES & GABES WRECKER SERVICE INC.,AVILES & GABES WRECKER SERVICE INC.,N,,,,,,,,,,,,,,,,,,,,,,39,,,,,,,,,,4,1,0,0,0,1,0,0,0,,,,,,,,
17147010,2,1,N,N,43,1C6RR6LT9ES382618,2014,16,710,4100,30,N,78537,1,1,2,5,12,,,,N,,,N,,,,,,,,,,,,,,,,,,,,,,0,,,,,,,,,,2,1,0,0,0,1,0,0,0,,,,,,,,
17147011,1,1,N,N,59,5KJJABCK26PU21456,2006,21,672,2103,87,N,12345,1,1,2,2,12,,,,,,,Y,Y,N,N,1,2,,9,52000,0,N,,,,,3,13,,,,,,20,,,,,,,,,,5,1,0,0,0,1,0,0,0,N,0,,,,,N,
17147011,2,6,,,,,,,,,,,,,,,,,,,,,,,,,,,,,,,,,,,,,,,,,,,,,0,,,,,,,,,,9,2,0,0,0,0,0,0,0,,,0,0,1,N,,
17147011,3,1,N,N,33,2GCFK135491130155,2009,2,107,658,106,N,28405,1,1,6,5,6,,,,,,,N,,,,,,,,,,,,,,,,,,,,,,0,,,,,,,,,,5,1,0,0,1,0,0,1,0,,,,,,,,
17147012,1,1,N,N,43,1FTEW1CP8FKD20666,2015,17,37,2324,30,N,78644,1,1,10,3,5,,,,N,EZ AUTO AND TOWING SERVICE,4110 FELTON LN,N,,,,,,,,,,,,,,,,,,,,,,20,,,,,,,,,,7,1,0,0,0,1,0,0,0,,,,,,,,
17147012,2,1,N,N,43,1FDUF4GT8CEB59228,2012,17,37,2327,30,N,78702,4,,7,1,1,,,,N,NA,NA,N,,,,,,,,,,,,,,,,,,,,,,0,,,,,,,,,,7,1,0,0,0,1,0,0,0,,,,,,,,
17147013,1,1,N,N,43,3C6TRVCGXKE521527,2019,21,109,2276,103,N,75261,2,,2,2,12,,,,N,LAMONT & SONS,LAMONT & SONS,N,,,,,,,,,,,,,,,,,,,,,,74,,,,,,,,,,8,1,0,0,0,1,0,0,0,,,,,,,,
17147013,2,1,N,N,43,3C6TRVBGXJE140437,2019,21,109,2276,103,N,75261,2,,6,1,6,,,,,,,N,,,,,,,,,,,,,,,,,,,,,,0,,,,,,,,,,8,1,0,0,0,1,0,0,0,,,,,,,,
17147014,1,1,N,N,43,3HGGK5H83FM766831,2015,3,44,1083,104,N,78723,1,2,2,4,10,,,,N,ROCHAS TOWING SERVICE,ROCHAS TOWING SERVICE,N,,,,,,,,,,,,,,,,,,,,,,35,,,,,,,,,,5,1,0,0,1,0,0,1,0,,,,,,,,
17147014,2,1,N,N,43,1FTYR1YMXKKA23783,2019,21,37,814,103,N,55120,1,2,4,4,2,,,,N,DENVERS TOWING,DENVERS TOWING,N,,,,,,,,,,,,,,,,,,,,,,0,,,,,,,,,,7,1,0,0,0,1,0,0,0,,,,,,,,
17147015,1,1,N,N,31,4S4BRDLC5C2290204,2012,2,85,1268,104,N,,1,2,2,2,12,,,,N,,,N,,,,,,,,,,,,,,,,,,,,,,20,,,,,,,,,,2,1,0,0,0,1,0,0,0,,,,,,,,
17147015,2,1,N,N,43,1N4AL3AP2DN584702,2013,2,71,500,104,N,78753,1,2,2,2,12,,,,N,AVILES & GABES WRECKER SERVICE INC.,AVILES & GABES WRECKER SERVICE INC.,N,,,,,,,,,,,,,,,,,,,,,,0,,,,,,,,,,4,1,0,0,1,0,0,1,0,,,,,,,,
17147016,1,1,N,N,43,4T1BF3EK1BU630152,2011,21,91,380,104,N,78725,3,1,,,,,,,N,NA,NA,N,,,,,,,,,,,,,,,,,,,,,,,,,20,,,,,,,7,1,0,0,1,0,0,1,0,,,,,,,,
17147016,2,1,N,N,43,WDDWF4JB4JR421299,2018,3,65,671,104,N,78620,1,2,,,,,,,N,NA,NA,N,,,,,,,,,,,,,,,,,,,,,,,,,20,,,,,,,7,1,0,0,0,1,0,0,0,,,,,,,,
17147017,1,1,N,N,43,JTEZU14R478071798,2007,2,91,395,69,N,78664,1,2,2,5,12,,,,N,ARMADA TOWING,ARMADA TOWING,N,,,,,,,,,,,,,,,,,,,,,,44,19,,,,,,,,,5,1,0,0,0,1,0,0,0,,,,,,,,
17147017,2,1,N,N,43,1FTEW1CF3FKF02704,2015,21,37,2324,30,N,78727,1,2,6,3,6,,,,N,,,N,,,,,,,,,,,,,,,,,,,,,,0,,,,,,,,,,5,1,0,0,0,1,0,0,0,,,,,,,,
17147032,1,1,N,N,43,1FAHP2MK5EG118507,2014,2,37,376,105,N,78720,4,,5,2,6,,,,N,,,N,,,,,,,,,,,,,,,,,,,,,,0,,,,,,,,,,1,1,0,0,0,1,0,0,0,,,,,,,,
17147032,2,1,N,N,43,3VWDB7AJ0HM234804,2017,9,96,316,104,N,78745,2,,1,1,12,,,,N,,,N,,,,,,,,,,,,,,,,,,,,,,20,,,,,,,,,,1,1,0,0,1,0,0,1,0,,,,,,,,
17147033,1,1,N,N,43,1G1JD5SH3H4156460,2017,21,107,2243,104,N,78612,1,1,15,3,11,,,,N,,,N,,,,,,,,,,,,,,,,,,,,,,0,,,,,7,,,,,5,1,0,0,0,1,0,0,0,,,,,,,,
17147034,1,1,N,N,43,5FNRL5H66CB077885,2012,11,44,571,104,N,78729,1,2,4,3,2,,,,N,DRIVEN AWAY BY OWNER,DRIVEN AWAY BY OWNER,N,,,,,,,,,,,,,,,,,,,,,,34,,,,,,,,,,5,1,0,0,0,1,0,0,0,,,,,,,,
17147034,2,1,N,N,43,JN8AZ08T53W105468,2003,21,71,777,104,N,78642,1,2,11,3,11,,,,N,620 LAKESIDE TOWING,620 LAKESIDE TOWING,N,,,,,,,,,,,,,,,,,,,,,,0,,,,,,,,,,3,1,0,0,0,4,0,0,0,,,,,,,,
17147035,1,1,N,N,43,1N4AL2AP0AN461986,2010,2,71,500,104,N,78741,1,1,8,6,4,,,,N,A-TEX TOWING,5526 1/2 W HWY 290,N,,,,,,,,,,,,,,,,,,,,,,37,,,,,,,,,,8,1,0,0,0,1,0,0,0,,,,,,,,
17147035,2,1,N,N,43,KNMAT2MT7FP574171,2015,16,71,1310,69,N,78610,1,1,2,6,12,,,,N,SPECIAL AUTOMOTIVE SERVICE INC,SPECIAL AUTOMOTIVE SERVICE INC,N,,,,,,,,,,,,,,,,,,,,,,0,,,,,,,,,,4,1,0,2,0,0,0,2,0,,,,,,,,
17147036,1,1,N,N,43,1G1RB6S59HU133592,2017,3,107,2257,104,N,78749,1,2,1,3,12,,,,N,OWNER,OWNER RESIDENCE,N,,,,,,,,,,,,,,,,,,,,,,20,,,,,,,,,,7,1,0,0,0,1,0,0,0,,,,,,,,
17147036,2,1,N,N,43,3N1AB6AP6CL776138,2012,21,71,69,104,N,78731,1,2,11,4,9,,,,N,ROCHAS TOWING SERVICE,ROCHAS TOWING SERVICE,N,,,,,,,,,,,,,,,,,,,,,,0,,,,,,,,,,5,1,0,0,0,1,0,0,0,,,,,,,,
17147037,1,1,N,N,43,5YFBURHE7KP949264,2019,21,91,173,104,N,78729,1,1,2,4,12,,,,N,620 LAKESIDE TOWING,620 LAKESIDE TOWING,N,,,,,,,,,,,,,,,,,,,,,,20,,,,,,,,,,7,1,0,0,0,1,0,0,0,,,,,,,,
17147037,2,1,N,N,43,2GC2KREG8K1151138,2019,21,107,2205,30,N,78642,1,2,5,1,1,,,,N,NOT TOWED,NOT TOWED,N,,,,,,,,,,,,,,,,,,,,,,0,,,,,,,,,,1,1,0,0,0,2,0,0,0,,,,,,,,
17147037,3,6,,,,,,,,,,,,,,,,,,,,,,,,,,,,,,,,,,,,,,,,,,,,,0,,,,,,,,,,9,2,0,0,0,0,0,0,0,,,,,,,,
17147038,1,1,N,N,43,1HGCM55436A002596,2006,2,44,236,104,N,78702,1,1,15,3,9,,,,N,,,N,,,,,,,,,,,,,,,,,,,,,,20,,,,,,,,,,6,1,0,2,0,0,0,2,0,,,,,,,,
17147038,2,1,N,N,43,2HGFA16839H354101,2009,9,44,256,104,N,78749,1,1,2,4,12,,,,N,SOUTHSIDE WRECKER INC,8200 S. CONGRESS AVE,N,,,,,,,,,,,,,,,,,,,,,,0,,,,,,,,,,8,1,0,1,0,0,0,1,0,,,,,,,,
17147039,1,1,N,N,43,WAUNF78P36A003053,2006,9,8,892,104,N,78744,2,,3,2,11,,,,N,ROCHAS TOWING SERVICE,"4501 GLADE LINE, AUSTIN, TX, 78744",N,,,,,,,,,,,,,,,,,,,,,,20,19,24,,,,,,,,8,1,0,0,1,0,0,1,0,,,,,,,,
17147039,2,1,N,N,43,5TFAZ5CN0GX011032,2016,9,91,178,30,N,78745,1,2,13,3,11,,,,N,EZ AUTO AND TOWING SERVICE,EZ AUTO AND TOWING SERVICE,N,,,,,,,,,,,,,,,,,,,,,,0,,,,,,,,,,4,1,0,0,1,0,0,1,0,,,,,,,,
17147040,1,1,N,N,43,JN1AZ0CP6BT007705,2011,11,71,2506,104,N,78723,1,2,2,3,12,,,,N,HARPERS TOWING SERVICE INC,HARPERS TOWING SERVICE INC,N,,,,,,,,,,,,,,,,,,,,,,44,,,,,,,,,,8,1,0,1,0,0,0,1,0,,,,,,,,
17147040,2,1,N,N,43,1HGCR2F38HA075262,2017,21,44,236,104,N,78734,1,2,6,3,6,,,,N,,,N,,,,,,,,,,,,,,,,,,,,,,0,,,,,,,,,,8,1,0,1,0,0,0,1,0,,,,,,,,
17147041,1,1,N,N,43,JM1CR293590354900,2009,2,63,1211,69,N,78754,1,2,4,5,1,,,,,BULLET TOWING,BULLET TOWING,N,,,,,,,,,,,,,,,,,,,,,,20,,,,,,,,,,5,1,0,0,3,2,0,3,0,,,,,,,,
17147042,1,1,N,N,43,5FNYF38569B010906,2009,18,44,761,69,N,78724,1,2,2,3,12,,,,N,,,N,,,,,,,,,,,,,,,,,,,,,,44,,,61,,,,,,,8,1,0,0,0,2,0,0,0,,,,,,,,
17147042,2,1,N,N,43,1FALP10P4VW246474,1997,2,37,292,104,N,78724,1,2,6,5,6,,,,N,EZ AUTO AND TOWING SERVICE,EZ AUTO AND TOWING SERVICE,N,,,,,,,,,,,,,,,,,,,,,,0,,,,,,,,,,1,1,0,0,1,1,0,1,0,,,,,,,,
17147044,1,1,N,N,43,3C7WR8CL3GG132148,2016,21,710,4101,30,N,78701,1,1,15,6,10,,,,Y,FLEET SERVICES COA,FLEET SERVICES COA,N,,,,,,,,,,,,,,,,,,,,,,20,,,,,,,,,,1,1,0,0,1,0,0,1,0,,,,,,,,
17147044,2,1,N,N,43,2T1LR32E54C168175,2004,2,91,173,104,N,78744,1,1,2,7,,15,6,10,Y,ROCHAS TOWING SERVICE,ROCHAS TOWING SERVICE,N,,,,,,,,,,,,,,,,,,,,,,0,,,,,,,,,,3,1,0,0,2,0,0,2,0,,,,,,,,
17147044,3,1,N,N,43,1FTCR10A2NUA23166,1992,18,37,357,30,N,78744,1,1,2,6,12,,,,Y,AUS-TEX AUTO ENTERPRISES LLC,AUS-TEX AUTO ENTERPRISES LLC,N,,,,,,,,,,,,,,,,,,,,,,0,,,,,,,,,,3,2,0,0,1,0,0,1,0,,,,,,,,
17147045,1,1,N,N,43,5UXKR6C59F0J79087,2015,2,14,689,104,N,78701,1,2,16,2,4,,,,N,,,N,,,,,,,,,,,,,,,,,,,,,,41,,,,,,,,,,1,1,0,0,0,1,0,0,0,,,,,,,,
17147045,2,1,N,N,43,1N4AL3AP5DN442683,2013,2,71,500,104,N,78744,1,2,3,2,11,,,,N,STARS TOWING,STARS TOWING,N,,,,,,,,,,,,,,,,,,,,,,0,,,,,,,,,,1,1,0,0,0,1,0,0,0,,,,,,,,
17147718,1,1,N,Y,,,,,,,0,N,,,,,,,,,,,,,N,,,,,,,,,,,,,,,,,,,,,,3,20,74,,,,,,,,5,1,0,0,0,0,1,0,0,,,,,,,,
17147718,2,1,Y,N,43,3FA6P0HD1JR231929,2018,16,37,1097,104,N,78754,1,1,14,3,3,13,1,9,N,,,N,,,,,,,,,,,,,,,,,,,,,,0,,,,,,,,,,1,1,0,0,0,0,0,0,0,,,,,,,,
17147718,3,1,Y,N,43,1FA6P8AM8G5260333,2016,2,37,96,100,N,78753,1,1,14,4,3,12,1,4,N,,,N,,,,,,,,,,,,,,,,,,,,,,0,,,,,,,,,,1,2,0,0,0,0,0,0,0,,,,,,,,
17148056,1,1,N,N,43,KNDJN2A27H7457781,2017,21,55,1357,104,N,78725,1,2,3,1,,,,,N,DRIVER,ROADWAY,N,,,,,,,,,,,,,,,,,,,,,,4,,,32,,,,,,,5,1,0,0,0,1,0,0,0,,,,,,,,