Crash_ID,Unit_Nbr,Unit_Desc_ID,Veh_Parked_Fl,Veh_HNR_Fl,Veh_Lic_State_ID,VIN,Veh_Mod_Year,Veh_Color_ID,Veh_Make_ID,Veh_Mod_ID,Veh_Body_Styl_ID,Emer_Respndr_Fl,Ownr_Zip,Fin_Resp_Proof_ID,Fin_Resp_Type_ID,Veh_Dmag_Area_1_ID,Veh_Dmag_Scl_1_ID,Force_Dir_1_ID,Veh_Dmag_Area_2_ID,Veh_Dmag_Scl_2_ID,Force_Dir_2_ID,Veh_Inventoried_Fl,Veh_Transp_Name,Veh_Transp_Dest,Veh_Cmv_Fl,Cmv_Fiveton_Fl,Cmv_Hazmat_Fl,Cmv_Nine_Plus_Pass_Fl,Cmv_Veh_Oper_ID,Cmv_Carrier_ID_Type_ID,Cmv_Carrier_Zip,Cmv_Veh_Type_ID,Cmv_GVWR,Cmv_RGVW,Cmv_Hazmat_Rel_Fl,Hazmat_Cls_1_ID,Hazmat_IDNbr_1_ID,Hazmat_Cls_2_ID,Hazmat_IDNbr_2_ID,Cmv_Cargo_Body_ID,Cmv_Evnt1_ID,Cmv_Evnt2_ID,Cmv_Evnt3_ID,Cmv_Evnt4_ID,Cmv_Tot_Axle,Cmv_Tot_Tire,Contrib_Factr_1_ID,Contrib_Factr_2_ID,Contrib_Factr_3_ID,Contrib_Factr_P1_ID,Contrib_Factr_P2_ID,Veh_Dfct_1_ID,Veh_Dfct_2_ID,Veh_Dfct_3_ID,Veh_Dfct_P1_ID,Veh_Dfct_P2_ID,Veh_Trvl_Dir_ID,First_Harm_Evt_Inv_ID,Sus_Serious_Injry_Cnt,Nonincap_Injry_Cnt,Poss_Injry_Cnt,Non_Injry_Cnt,Unkn_Injry_Cnt,Tot_Injry_Cnt,Death_Cnt,Cmv_Disabling_Damage_Fl,Cmv_Bus_Type_ID,Trlr_GVWR,Trlr_RGVW,Trlr_Type_ID,Trlr_Disabling_Dmag_ID,Cmv_Intermodal_Container_Permit_Fl,CMV_Actual_Gross_Weight
17152258,1,1,N,N,43,1G1PG5SB8E7389502,2014,16,107,2209,104,N,78745,1,1,8,6,5,,,,N,EZ AUTO AND TOWING SERVICE,EZ AUTO AND TOWING SERVICE,N,,,,,,,,,,,,,,,,,,,,,,20,,,,,,,,,,3,1,0,0,0,1,0,0,0,,,,,,,,
17152258,2,1,N,N,43,1MEFM55SX1G621405,2001,9,114,378,104,N,78744,1,1,4,4,1,,,,N,,,N,,,,,,,,,,,,,,,,,,,,,,0,,,,,,,,,,7,1,0,0,0,1,0,0,0,,,,,,,,
17152259,1,1,N,Y,43,3KPFK4A72JE243566,2018,2,55,1093,104,N,78664,1,2,12,4,3,,,,Y,SOUTHSIDE WRECKER INC,SOUTHSIDE WRECKER INC,N,,,,,,,,,,,,,,,,,,,,,,0,,,,,,,,,,11,1,0,0,0,0,1,0,0,,,,,,,,
17152260,1,1,N,N,43,1FTDF15Y4RNA20191,1994,5,37,2324,30,N,78610,1,1,3,6,11,,,,Y,ARMADA TOWING,ARMADA TOWING,N,,,,,,,,,,,,,,,,,,,,,,20,22,45,,,,,,,,1,1,0,0,1,0,0,1,0,,,,,,,,
17152260,2,1,N,N,43,1FTPW14V79FA50042,2009,21,37,2324,30,N,78669,1,1,8,6,5,,,,N,,,N,,,,,,,,,,,,,,,,,,,,,,0,,,,,,,,,,1,1,0,0,0,4,0,0,0,,,,,,,,
17152261,1,1,N,N,43,3HGGK5H59JM702792,2018,22,44,1083,104,N,78727,1,1,3,1,12,,,,N,,,N,,,,,,,,,,,,,,,,,,,,,,0,,,,,,,,,,6,1,0,0,0,1,0,0,0,,,,,,,,
17152261,2,4,,,,,,,,,,,,,,,,,,,,,,,,,,,,,,,,,,,,,,,,,,,,,15,,,,,,,,,,9,1,0,1,0,0,0,1,0,,,,,,,,
17152262,1,1,N,N,43,5N1AT2MVXHC778471,2017,2,71,1310,104,N,78704,1,1,2,4,12,,,,N,SPECIAL AUTOMOTIVE SERVICE INC,SPECIAL AUTOMOTIVE SERVICE INC,N,,,,,,,,,,,,,,,,,,,,,,44,,,,,,,,,,3,1,0,0,0,1,0,0,0,,,,,,,,
17152262,2,1,N,N,43,KNDJF724677379079,2007,17,55,575,104,N,78745,1,1,6,3,6,,,,N,ROCHAS TOWING SERVICE,ROCHAS TOWING SERVICE,N,,,,,,,,,,,,,,,,,,,,,,0,,,,,,,,,,3,1,0,0,0,3,0,0,0,,,,,,,,
17152263,1,1,N,Y,43,1NXBR32E14Z340874,2004,17,91,173,104,N,78758,1,1,2,5,12,,,,N,,,N,,,,,,,,,,,,,,,,,,,,,,0,,,,,,,,,,1,1,0,0,0,1,0,0,0,,,,,,,,
17152263,2,1,N,Y,113,,,99,,,0,N,,,,,,,,,,N,,,N,,,,,,,,,,,,,,,,,,,,,,0,,,,,,,,,,5,1,0,0,0,0,1,0,0,,,,,,,,
17152264,1,1,N,N,43,2G1WC5E33D1212301,2013,2,107,53,104,N,78748,2,,2,3,12,,,,N,ROCHAS,,N,,,,,,,,,,,,,,,,,,,,,,20,,,,,,,,,,6,1,0,0,0,1,0,0,0,,,,,,,,
17152264,2,1,N,N,43,JM3ER2W57A0300640,2010,9,63,1008,104,N,78216,1,1,6,2,6,,,,N,,,N,,,,,,,,,,,,,,,,,,,,,,0,,,,,,,,,,6,1,0,0,1,0,0,1,0,,,,,,,,
17152265,1,1,N,N,43,KMHD84LF9JU451208,2018,16,45,480,104,N,78744,1,1,13,3,9,,,,N,HARPERS TOWING SERVICE INC,HARPERS TOWING SERVICE INC,N,,,,,,,,,,,,,,,,,,,,,,34,,,,,,,,,,7,1,0,0,1,1,0,1,0,,,,,,,,
17152265,2,1,N,N,43,1N4AA51E49C806417,2009,2,71,297,104,N,78628,1,1,2,3,12,,,,,ARMADA TOWING,ARMADA TOWING SOUTH,N,,,,,,,,,,,,,,,,,,,,,,0,,,,,,,,,,1,1,0,0,0,3,0,0,0,,,,,,,,
17152265,3,1,N,N,43,3C4PDCBG7ET270772,2014,2,109,1166,103,N,78741,1,1,3,2,12,,,,,ROCHAS TOWING SERVICE,ROCHAS TOWING SERVICE,N,,,,,,,,,,,,,,,,,,,,,,0,,,,,,,,,,5,2,0,0,0,1,0,0,0,,,,,,,,
17152267,1,1,N,N,43,1FADP3J28GL343846,2016,17,37,696,104,N,78620,1,1,4,7,,,,,Y,HARPERS TOWING SERVICE INC,HARPERS TOWING SERVICE INC,N,,,,,,,,,,,,,,,,,,,,,,20,,,,,,,,,,7,1,0,0,0,1,0,0,0,,,,,,,,
17152267,2,1,N,N,43,1GNEC13R3XR136035,1999,9,107,547,69,N,78620,1,1,7,6,7,,,,Y,,,N,,,,,,,,,,,,,,,,,,,,,,0,,,,,,,,,,7,1,0,0,0,1,0,0,0,,,,,,,,
17152268,1,1,N,N,43,2G4WC532251313103,2005,11,105,1175,104,N,76020,1,2,16,3,,4,3,,N,,,N,,,,,,,,,,,,,,,,,,,,,,37,,,,,,,,,,8,1,0,0,1,1,0,1,0,,,,,,,,
17152268,2,1,N,N,43,2G1145S30H9177607,2017,11,107,53,104,N,78744,1,2,2,3,,,,,N,,,N,,,,,,,,,,,,,,,,,,,,,,0,,,,,,,,,,4,1,0,0,0,1,0,0,0,,,,,,,,
17152269,1,1,N,N,43,JTEZT14R650021757,2005,2,91,395,104,N,78751,1,1,4,7,2,,,,N,ARMADA TOWING,ARMADA TOWING,N,,,,,,,,,,,,,,,,,,,,,,0,,,,,,,,,,5,1,0,0,0,1,0,0,0,,,,,,,,
17152269,2,1,N,N,43,1GNEC13Z43R149127,2003,2,107,547,104,N,76574,1,1,7,7,,,,,N,OWNER,UNKNOWN,N,,,,,,,,,,,,,,,,,,,,,,0,,,,,,,,,,5,1,0,0,0,1,0,0,0,,,,,,,,
17152269,3,1,N,N,43,1VWBS7A39GC048042,2016,3,96,473,104,N,78665,1,1,7,3,7,5,3,6,N,OWNER,UNKNOWN,N,,,,,,,,,,,,,,,,,,,,,,19,20,,,,,,,,,5,2,0,0,1,0,0,1,0,,,,,,,,
17152270,1,1,N,N,43,1FTZX1720XNB90282,1999,21,37,2324,30,N,78652,1,2,12,3,1,8,2,5,N,AVILES & GABES WRECKER SERVICE INC.,AVILES & GABES WRECKER SERVICE INC.,N,,,,,,,,,,,,,,,,,,,,,,0,,,,,,,,,,1,1,0,0,0,4,0,0,0,,,,,,,,
17152289,1,1,N,N,43,2HGES15565H514689,2005,17,44,256,104,N,78801,1,2,3,6,1,,,,N,STARS TOWING,STARS TOWING,N,,,,,,,,,,,,,,,,,,,,,,0,,,,,,,,,,1,1,0,0,0,1,0,0,0,,,,,,,,
17152289,2,1,N,N,43,1FA6P8TH8F5315250,2015,17,37,96,100,N,76537,1,2,5,3,6,,,,N,,,N,,,,,,,,,,,,,,,,,,,,,,0,,,,,,,,,,1,1,0,0,0,1,0,0,0,,,,,,,,
17152290,1,1,N,Y,43,1D7HA18D955190458,2005,3,109,2275,30,N,78753,1,1,2,5,12,,,,Y,STARS TOWING,STARS TOWING,N,,,,,,,,,,,,,,,,,,,,,,,,,20,22,,,,,,5,1,0,0,0,0,1,0,0,,,,,,,,
17152290,2,1,Y,N,43,1N6ED29XX2C348070,2002,16,71,634,30,N,78753,1,1,6,5,6,3,3,11,N,,,N,,,,,,,,,,,,,,,,,,,,,,0,,,,,,,,,,7,1,0,0,0,0,0,0,0,,,,,,,,
17152290,3,1,Y,N,43,1FTNW21P33EC60590,2003,16,37,2325,30,N,78753,1,1,7,2,8,,,,N,,,N,,,,,,,,,,,,,,,,,,,,,,0,,,,,,,,,,5,2,0,0,0,0,0,0,0,,,,,,,,
17152294,1,1,N,N,43,1FMCU0C73CKA87875,2012,21,37,711,69,N,78750,1,2,2,2,12,,,,N,620 LAKESIDE TOWING,620 LAKESIDE TOWING,N,,,,,,,,,,,,,,,,,,,,,,44,,,,,,,,,,1,1,0,0,0,1,0,0,0,,,,,,,,
17152294,2,1,N,N,43,SALAE25486A389723,2006,2,57,1187,69,N,78732,1,2,6,1,6,,,,N,,,N,,,,,,,,,,,,,,,,,,,,,,0,,,,,,,,,,1,1,0,0,0,1,0,0,0,,,,,,,,
17152295,1,1,N,N,43,4TAPM62N0XZ432765,1999,16,91,629,30,N,78736,2,,3,4,11,,,,Y,AUS-TEX AUTO ENTERPRISES LLC,AUS-TEX AUTO ENTERPRISES LLC,N,,,,,,,,,,,,,,,,,,,,,,74,,,,,,,,,,1,1,0,1,0,0,0,1,0,,,,,,,,
17152295,2,1,N,N,43,JN1BJ1CP5HW014332,2017,16,71,1310,69,N,78750,1,1,14,4,2,,,,Y,ARMADA TOWING,ARMADA TOWING,N,,,,,,,,,,,,,,,,,,,,,,74,,,,,,,,,,1,1,0,1,0,0,0,1,0,,,,,,,,
17152296,1,1,N,Y,,UNK,,21,85,646,104,N,,2,,7,3,9,8,1,3,N,N/A,N/A,N,,,,,,,,,,,,,,,,,,,,,,16,,,,,,,,,,5,1,0,0,0,0,1,0,0,,,,,,,,
17152296,2,1,N,N,43,WVGEF9BP4GD011424,2016,21,96,1400,104,N,60048,1,1,2,5,12,,,,N,EZ AUTO AND TOWING SERVICE,YARD,N,,,,,,,,,,,,,,,,,,,,,,0,,,,,,,,,,7,1,0,0,0,1,0,0,0,,,,,,,,
17152296,3,1,N,N,43,5YJSA1E16GF151451,2016,9,602,2562,104,N,94304,1,1,7,1,9,,,,N,N/A,N/A,N,,,,,,,,,,,,,,,,,,,,,,0,,,,,,,,,,1,2,0,0,0,2,0,0,0,,,,,,,,
17152297,1,1,N,N,43,JM1NC26F980154190,2008,3,63,2479,100,N,78578,1,2,,,,,,,,,,N,,,,,,,,,,,,,,,,,,,,,,59,,,,,,,,,,2,1,0,0,0,1,0,0,0,,,,,,,,
17152297,2,3,,,,,,,,,,,,,,,,,,,,,,,,,,,,,,,,,,,,,,,,,,,,,0,,,,,,,,,,9,1,0,0,0,0,1,0,0,,,,,,,,
17152298,1,1,N,N,43,KNDJP3A55H7425373,2017,18,55,1357,104,N,78621,1,1,15,3,9,,,,Y,ARMADA TOWING,ARMADA TOWING,N,,,,,,,,,,,,,,,,,,,,,,0,,,,,,,,,,7,1,0,0,0,2,0,0,0,,,,,,,,
17152298,2,1,N,N,43,JNKCV54E36M703495,2006,21,47,764,104,N,78757,1,1,2,2,12,,,,Y,A-TEX TOWING,ATX-VIP TOWING SERVICES,N,,,,,,,,,,,,,,,,,,,,,,0,,,,,,,,,,5,1,0,0,0,1,0,0,0,,,,,,,,
17152299,1,1,N,N,46,1G11D5SL6FF341771,2015,16,107,56,104,N,,1,2,3,2,11,,,,N,STARS TOWING,STARS TOWING,N,,,,,,,,,,,,,,,,,,,,,,0,,,,,,,,,,3,1,0,0,0,1,0,0,0,,,,,,,,
17152299,2,1,N,N,43,1N4AL3APXHC110479,2017,21,71,500,104,N,77041,1,2,4,3,2,,,,N,ARMADA TOWING,ARMADA TOWING,N,,,,,,,,,,,,,,,,,,,,,,0,,,,,,,,,,5,1,0,0,0,1,0,0,0,,,,,,,,
17152300,1,1,N,N,43,1GNSCAE07DR190791,2013,17,107,547,69,N,78130,1,2,11,4,9,,,,N,ARMADA TOWING,ARMADA TOWING,N,,,,,,,,,,,,,,,,,,,,,,0,,,,,,,,,,5,1,0,0,0,1,0,0,0,,,,,,,,
17152300,2,1,N,N,43,JTHBF30G220084734,2002,17,58,1050,104,N,,1,2,2,6,12,,,,N,EZ AUTO AND TOWING SERVICE,EZ AUTO AND TOWING SERVICE,N,,,,,,,,,,,,,,,,,,,,,,0,,,,,,,,,,3,1,0,0,0,0,0,0,0,,,,,,,,
17152301,1,1,N,N,43,1N6AA07A54N519258,2004,2,71,1397,30,N,78735,1,2,11,3,12,,,,N,NONE,NONE,N,,,,,,,,,,,,,,,,,,,,,,0,,,,,,,,,,3,1,0,0,0,1,0,0,0,,,,,,,,
17152301,2,3,,,,,,,,,,,,,,,,,,,,,,,,,,,,,,,,,,,,,,,,,,,,,0,,,,,,,,,,9,1,0,1,0,0,0,1,0,,,,,,,,
17152302,1,1,N,N,43,KMHDH4AH6FU284236,2015,17,45,480,104,N,78759,1,1,10,6,3,3,3,2,N,SOUTHSIDE WRECKER INC,8200 S. CONGRESS AVE,N,,,,,,,,,,,,,,,,,,,,,,0,,,,,,,,,,5,1,2,0,0,0,0,2,0,,,,,,,,
17152302,2,1,N,N,43,SALAE25478A478590,2008,21,57,1187,69,N,78620,1,1,2,4,12,,,,N,HARPERS TOWING SERVICE INC,HARPERS TOWING SERVICE INC,N,,,,,,,,,,,,,,,,,,,,,,0,,,,,,,,,,3,1,0,0,0,1,0,0,0,,,,,,,,
17152302,3,1,N,N,43,2C4RDGBG0HR819798,2017,21,109,1115,103,N,78753,1,1,13,2,,,,,N,SOUTHSIDE WRECKER INC,8200 S. CONGRESS AVE,N,,,,,,,,,,,,,,,,,,,,,,0,,,,,,,,,,1,2,3,0,0,0,0,3,0,,,,,,,,
17152302,4,1,N,N,43,1HGCT2B85EA002445,2014,9,44,236,100,N,,1,1,3,2,12,,,,N,,,N,,,,,,,,,,,,,,,,,,,,,,0,,,,,,,,,,1,2,0,0,0,1,0,0,0,,,,,,,,
17152303,1,1,N,N,43,JM3KE2CY1E0407668,2014,17,63,2471,69,N,78730,1,1,2,3,,,,,N,A-TEX TOWING,5526 1/2 W HWY 290,N,,,,,,,,,,,,,,,,,,,,,,44,,,,,,,,,,5,1,0,0,0,1,0,0,0,,,,,,,,
17152303,2,1,N,N,43,1N6AD06U48C450695,2008,17,71,634,30,N,78070,1,1,2,2,12,6,1,6,N,,,N,,,,,,,,,,,,,,,,,,,,,,0,,,,,,,,,,5,1,0,0,0,1,0,0,0,,,,,,,,
17152303,3,1,N,N,43,1FTSW20R98EB35378,2008,2,37,2325,30,N,78264,1,1,6,1,6,,,,N,,,N,,,,,,,,,,,,,,,,,,,,,,0,,,,,,,,,,5,2,0,0,0,1,0,0,0,,,,,,,,
17152304,1,1,N,N,43,4T1BE46K07U529828,2007,17,91,380,104,N,78744,2,,1,3,12,,,,N,,,N,,,,,,,,,,,,,,,,,,,,,,44,,,69,,,,,,,5,1,0,0,0,1,0,0,0,,,,,,,,
17152304,2,1,N,N,43,WBAVM1C5XDVW45400,2013,2,14,2181,104,N,78752,1,1,2,2,12,5,2,6,N,,,N,,,,,,,,,,,,,,,,,,,,,,0,,,,,,,,,,5,1,0,0,0,1,0,0,0,,,,,,,,
17152304,3,1,N,N,43,4T1B11HK1JU019924,2018,9,91,380,104,N,33301,1,1,5,1,6,,,,N,,,N,,,,,,,,,,,,,,,,,,,,,,0,,,,,,,,,,5,2,0,0,0,1,0,0,0,,,,,,,,
17152305,1,1,N,N,43,3C4PDCAB7HT551867,2017,3,109,1166,69,N,78621,1,2,9,3,7,,,,N,DRIVEN FROM SCENE,DRIVEN FROM SCENE,N,,,,,,,,,,,,,,,,,,,,,,4,,,,,,,,,,8,1,0,0,0,1,0,0,0,,,,,,,,
17152305,2,1,N,N,43,2FABP7BVXBX111204,2011,2,37,995,104,Y,78721,1,7,4,2,1,,,,Y,AUS-TEX AUTO ENTERPRISES LLC,AUS-TEX AUTO ENTERPRISES LLC,N,,,,,,,,,,,,,,,,,,,,,,0,,,,,,,,,,8,1,0,0,0,2,0,0,0,,,,,,,,
17152308,1,1,N,N,43,1N6AD07U78C442511,2008,17,71,634,30,N,78669,1,2,2,6,12,,,,N,SOUTHSIDE WRECKER INC,8200 S. CONGRESS AVE,N,,,,,,,,,,,,,,,,,,,,,,41,,,,,,,,,,6,1,0,0,0,1,0,0,0,,,,,,,,
17152308,2,1,N,N,14,3GYFNBE31ES564308,2014,2,106,1373,69,N,78735,1,2,11,1,9,,,,N,,,N,,,,,,,,,,,,,,,,,,,,,,0,,,,,,,,,,6,1,0,0,0,1,0,0,0,,,,,,,,
17152309,1,1,N,N,43,JA4AS3AA6JZ041537,2018,21,68,342,69,N,,1,2,2,4,12,,,,Y,620 LAKESIDE TOWING,620 LAKESIDE TOWING,N,,,,,,,,,,,,,,,,,,,,,,20,,,77,,,,,,,3,1,0,0,0,1,0,0,0,,,,,,,,
17152309,2,1,Y,N,43,3TMAZ5CN6JM066436,2018,2,91,629,106,N,,1,2,6,4,6,,,,,,,N,,,,,,,,,,,,,,,,,,,,,,0,,,,,,,,,,3,1,0,0,0,0,0,0,0,,,,,,,,
17152310,1,1,N,N,43,JTMZD33VX65003665,2006,8,91,581,104,N,78641,1,2,2,3,12,,,,N,A-TEX TOWING,5526 1/2 W HWY 290,N,,,,,,,,,,,,,,,,,,,,,,0,,,,,,,,,,7,1,0,0,0,1,0,0,0,,,,,,,,
17152310,2,1,N,N,43,5NMSH13E27H070527,2007,10,45,713,104,N,78724,1,2,6,3,6,,,,N,,,N,,,,,,,,,,,,,,,,,,,,,,0,,,,,,,,,,7,1,0,0,0,1,0,0,0,,,,,,,,
17152311,1,1,N,N,43,2C4RC1L72JR195281,2018,17,21,1270,103,N,78751,1,2,4,3,2,1,2,12,N,STARS TOWING,STARS TOWING,N,,,,,,,,,,,,,,,,,,,,,,35,,,,,,,,,,5,1,0,0,1,1,0,1,0,,,,,,,,
17152311,2,1,N,N,43,KL8CD6SA1GC648989,2016,21,107,2244,104,N,78621,1,2,12,3,3,,,,N,SPECIAL AUTOMOTIVE SERVICE INC,SPECIAL AUTOMOTIVE SERVICE INC,N,,,,,,,,,,,,,,,,,,,,,,0,,,,,,,,,,3,1,0,0,1,0,0,1,0,,,,,,,,
17152312,1,1,N,N,43,5N1DR2MN4KC642386,2019,10,71,531,69,N,,1,2,2,3,12,,,,N,SPECIAL AUTOMOTIVE SERVICE INC,"10462 FM 812, AUSTIN, TX 78719",N,,,,,,,,,,,,,,,,,,,,,,0,,,,,,,,,,5,1,0,0,0,1,0,0,0,,,,,,,,
17152312,2,1,N,N,43,1G2ZH158664155789,2006,3,118,1104,100,N,78719,1,2,14,3,3,,,,N,STARS TOWING,STARS TOWING,N,,,,,,,,,,,,,,,,,,,,,,0,,,,,,,,,,7,1,0,0,0,1,0,0,0,,,,,,,,
17152313,1,1,N,N,43,5TFJU4GN3FX077656,2015,2,91,629,30,N,78640,1,2,2,5,12,,,,N,A-TEX TOWING,5526 1/2 W HWY 290,N,,,,,,,,,,,,,,,,,,,,,,19,,,,,,,,,,5,1,0,0,0,1,0,0,0,,,,,,,,
17152313,2,1,N,N,43,JTEZU5JRXJ5189293,2018,9,91,395,104,N,78739,1,2,6,2,6,,,,N,SOUTHSIDE WRECKER INC,8200 S. CONGRESS AVE,N,,,,,,,,,,,,,,,,,,,,,,0,,,,,,,,,,5,1,0,0,0,1,0,0,0,,,,,,,,
17152313,3,1,N,N,43,3GNAL2EK5ES626992,2014,8,107,2208,104,N,78739,1,2,6,0,6,,,,N,,,N,,,,,,,,,,,,,,,,,,,,,,0,,,,,,,,,,5,2,0,0,0,1,0,0,0,,,,,,,,
17152314,1,1,N,N,43,1C4PJLCSXHW554388,2017,2,429,970,104,N,78731,1,2,3,2,11,,,,N,,,N,,,,,,,,,,,,,,,,,,,,,,0,,,,,,,,,,2,1,0,0,0,1,0,0,0,,,,,,,,
17152314,2,1,N,N,43,YV1RS592972639070,2007,2,98,4411,104,N,78728,1,2,3,2,11,,,,N,STARS TOWING,STARS TOWING,N,,,,,,,,,,,,,,,,,,,,,,0,,,,,,,,,,6,1,0,0,0,1,0,0,0,,,,,,,,
17152315,1,1,N,N,43,JTDKDTB36D1052190,2013,13,91,4327,104,N,78660,1,2,2,6,12,,,,N,SPECIAL AUTOMOTIVE SERVICE INC,5526 1/2 W HWY 290,N,,,,,,,,,,,,,,,,,,,,,,41,,,,,,,,,,1,1,0,0,0,2,0,0,0,,,,,,,,
17152316,1,1,N,N,43,3KPF24AD8KE073849,2019,2,55,1093,104,N,78744,1,2,11,3,9,,,,N,SPECIAL AUTOMOTIVE SERVICE INC,SPECIAL AUTOMOTIVE SERVICE INC,N,,,,,,,,,,,,,,,,,,,,,,74,,,,,,,,,,3,1,0,1,0,0,0,1,0,,,,,,,,
17152316,2,1,N,N,43,1FTEW1C87HKC33093,2017,9,37,2324,30,N,77534,1,2,2,3,12,,,,N,ROCHAS TOWING SERVICE,ROCHAS TOWING SERVICE,N,,,,,,,,,,,,,,,,,,,,,,0,,,,,,,,,,7,1,0,0,0,3,0,0,0,,,,,,,,
17152317,1,1,N,N,43,1FAHP2MK3GG154960,2016,2,37,376,104,Y,78702,1,2,16,0,4,,,,N,N/A,N/A,N,,,,,,,,,,,,,,,,,,,,,,0,,,,,,,,,,7,1,0,0,0,1,0,0,0,,,,,,,,
17152317,2,1,N,N,43,5YFBURHE3KP906203,2019,3,91,173,104,N,78752,1,2,13,0,8,,,,N,N/A,N/A,N,,,,,,,,,,,,,,,,,,,,,,0,,,,,,,,,,7,1,0,0,0,2,0,0,0,,,,,,,,
17152333,1,1,N,N,43,JN8AS5MT1DW535118,2013,17,71,1310,69,N,78745,1,2,2,4,12,,,,N,SOUTHSIDE WRECKER INC,8200 S. CONGRESS AVE,N,,,,,,,,,,,,,,,,,,,,,,44,60,,,,,,,,,7,1,0,0,1,0,0,1,0,,,,,,,,
17152333,2,1,N,N,43,5XYKU4A27BG071147,2011,2,55,767,69,N,78728,1,2,6,3,6,,,,N,,,N,,,,,,,,,,,,,,,,,,,,,,0,,,,,,,,,,7,1,0,0,0,1,0,0,0,,,,,,,,
17152334,1,1,N,N,43,JTJBM7FX7A5004798,2010,17,58,2439,104,N,78750,1,2,2,3,12,,,,Y,620 LAKESIDE TOWING,620 LAKESIDE TOWING,N,,,,,,,,,,,,,,,,,,,,,,,,,45,,,,,,,6,1,0,0,0,1,0,0,0,,,,,,,,
17152334,2,1,Y,N,43,1GTEC19W0VE547323,1997,21,678,4447,30,N,78750,1,2,10,2,2,,,,N,,,N,,,,,,,,,,,,,,,,,,,,,,0,,,,,,,,,,6,1,0,0,0,0,0,0,0,,,,,,,,
17152334,3,1,Y,N,43,1HD1KRM12EB677860,2014,21,44,107,71,N,78750,1,2,26,1,,,,,N,,,N,,,,,,,,,,,,,,,,,,,,,,0,,,,,,,,,,6,2,0,0,0,0,0,0,0,,,,,,,,
17152335,1,1,N,N,43,5TDYKRFH4FS088572,2015,2,91,721,69,N,78753,1,1,2,4,12,,,,Y,ARMADA TOWING,ARMADA TOWING,N,,,,,,,,,,,,,,,,,,,,,,74,,,,,,,,,,3,1,0,0,0,0,1,0,0,,,,,,,,
17152336,1,1,N,N,43,3N1AB7AP5FY280910,2015,17,71,341,104,N,78664,1,1,14,4,3,3,3,12,Y,AVILES & GABES WRECKER SERVICE INC.,AVILES & GABES WRECKER SERVICE INC.,N,,,,,,,,,,,,,,,,,,,,,,0,,,,,,,,,,5,1,0,0,1,0,0,1,0,,,,,,,,
17152336,2,1,N,N,43,1D7HA18D84S758858,2004,2,109,2275,30,N,78753,1,1,4,2,12,,,,N,,,N,,,,,,,,,,,,,,,,,,,,,,0,,,,,,,,,,1,1,0,0,0,1,0,0,0,,,,,,,,
17152337,1,1,N,N,43,KMHCT4AEXGU991406,2016,2,45,557,104,N,77539,1,2,2,6,12,,,,Y,ROCHAS TOWING SERVICE,ROCHAS TOWING SERVICE,N,,,,,,,,,,,,,,,,,,,,,,0,,,,,,,,,,1,1,0,0,0,1,0,0,0,,,,,,,,
17152337,2,1,N,N,38,19UUA56683A023162,2002,17,1,705,104,N,78704,1,2,2,6,12,,,,Y,SPECIAL AUTOMOTIVE SERVICE INC,SPECIAL AUTOMOTIVE SERVICE INC,N,,,,,,,,,,,,,,,,,,,,,,0,,,,,,,,,,5,1,0,0,0,1,0,0,0,,,,,,,,
17152338,1,1,N,N,43,JT3GN86R6Y0166611,2000,21,91,395,69,N,78739,1,1,2,7,12,10,7,1,Y,SOUTHSIDE WRECKER INC,8200 S. CONGRESS AVE,N,,,,,,,,,,,,,,,,,,,,,,0,,,,,,,,,,4,1,0,0,0,0,0,0,0,,,,,,,,
17152339,1,1,N,N,43,3MZBM1U75EM116922,2014,2,63,3917,104,N,78660,1,2,2,2,12,,,,Y,AVILES & GABES WRECKER SERVICE INC.,AVILES & GABES WRECKER SERVICE INC.,N,,,,,,,,,,,,,,,,,,,,,,19,60,,,,,,,,,4,1,0,1,0,1,0,1,0,,,,,,,,
17152340,1,1,N,N,43,1HGCR2F57HA209132,2017,21,44,236,104,N,78750,1,2,12,4,3,,,,Y,ATX-VIP TOWING SERVICES,ATX-VIP TOWING SERVICES,N,,,,,,,,,,,,,,,,,,,,,,67,,,,,,,,,,8,1,0,1,0,0,0,1,0,,,,,,,,
17152341,1,1,N,N,43,1FTPW12V67KC21192,2007,17,37,2324,30,N,78758,1,2,3,2,11,,,,N,,,N,,,,,,,,,,,,,,,,,,,,,,39,,,20,,,,,,,2,1,0,0,0,2,0,0,0,,,,,,,,
17152341,2,1,N,N,43,3FAHP0HG5AR242646,2010,1,37,1097,104,N,78758,1,2,4,2,2,,,,Y,ARMADA TOWING,ARMADA TOWING,N,,,,,,,,,,,,,,,,,,,,,,0,,,,,,,,,,3,1,0,0,1,0,0,1,0,,,,,,,,
17152988,1,1,N,N,43,2GCEC19V531185690,2003,21,107,658,30,N,78653,2,,14,3,9,,,,,,,N,,,,,,,,,,,,,,,,,,,,,,16,,,,,,,,,,5,1,0,0,0,2,0,0,0,,,,,,,,
17152988,2,1,N,N,43,3C4PDCABXFT531710,2015,21,429,970,104,N,78653,1,2,4,3,1,,,,N,,,N,,,,,,,,,,,,,,,,,,,,,,0,,,,,,,,,,3,1,0,0,0,1,0,0,0,,,,,,,,
17153610,1,1,N,Y,,,,9,85,1268,104,N,,,,,,,,,,,NONE,NONE,N,,,,,,,,,,,,,,,,,,,,,,0,,,,,,,,,,1,1,0,0,0,1,0,0,0,,,,,,,,