Crash_ID,Unit_Nbr,Unit_Desc_ID,Veh_Parked_Fl,Veh_HNR_Fl,Veh_Lic_State_ID,VIN,Veh_Mod_Year,Veh_Color_ID,Veh_Make_ID,Veh_Mod_ID,Veh_Body_Styl_ID,Emer_Respndr_Fl,Ownr_Zip,Fin_Resp_Proof_ID,Fin_Resp_Type_ID,Veh_Dmag_Area_1_ID,Veh_Dmag_Scl_1_ID,Force_Dir_1_ID,Veh_Dmag_Area_2_ID,Veh_Dmag_Scl_2_ID,Force_Dir_2_ID,Veh_Inventoried_Fl,Veh_Transp_Name,Veh_Transp_Dest,Veh_Cmv_Fl,Cmv_Fiveton_Fl,Cmv_Hazmat_Fl,Cmv_Nine_Plus_Pass_Fl,Cmv_Veh_Oper_ID,Cmv_Carrier_ID_Type_ID,Cmv_Carrier_Zip,Cmv_Veh_Type_ID,Cmv_GVWR,Cmv_RGVW,Cmv_Hazmat_Rel_Fl,Hazmat_Cls_1_ID,Hazmat_IDNbr_1_ID,Hazmat_Cls_2_ID,Hazmat_IDNbr_2_ID,Cmv_Cargo_Body_ID,Cmv_Evnt1_ID,Cmv_Evnt2_ID,Cmv_Evnt3_ID,Cmv_Evnt4_ID,Cmv_Tot_Axle,Cmv_Tot_Tire,Contrib_Factr_1_ID,Contrib_Factr_2_ID,Contrib_Factr_3_ID,Contrib_Factr_P1_ID,Contrib_Factr_P2_ID,Veh_Dfct_1_ID,Veh_Dfct_2_ID,Veh_Dfct_3_ID,Veh_Dfct_P1_ID,Veh_Dfct_P2_ID,Veh_Trvl_Dir_ID,First_Harm_Evt_Inv_ID,Sus_Serious_Injry_Cnt,Nonincap_Injry_Cnt,Poss_Injry_Cnt,Non_Injry_Cnt,Unkn_Injry_Cnt,Tot_Injry_Cnt,Death_Cnt,Cmv_Disabling_Damage_Fl,Cmv_Bus_Type_ID,Trlr_GVWR,Trlr_RGVW,Trlr_Type_ID,Trlr_Disabling_Dmag_ID,Cmv_Intermodal_Container_Permit_Fl,CMV_Actual_Gross_Weight
17158865,1,1,N,N,43,3CZRU5H50HG701258,2017,9,44,107,69,N,78704,1,1,6,1,6,,,,Y,,,N,,,,,,,,,,,,,,,,,,,,,,0,,,,,,,,,,5,1,0,0,0,1,0,0,0,,,,,,,,
17158865,2,1,N,N,43,5NPD84LF2JH243668,2018,3,45,480,104,N,75065,1,1,1,1,12,,,,,,,N,,,,,,,,,,,,,,,,,,,,,,0,,,,,,,,,,5,1,0,0,2,0,0,2,0,,,,,,,,
17158866,1,1,N,Y,43,1FAFP34N75W316471,2005,2,37,696,104,N,78753,2,,2,3,12,,,,Y,AUS-TEX AUTO ENTERPRISES LLC,205 FARLEY,N,,,,,,,,,,,,,,,,,,,,,,22,,,23,,,,,,,2,1,0,0,0,0,2,0,0,,,,,,,,
17158866,2,1,N,N,43,3GCPCSE03CG189625,2012,17,107,658,106,N,78660,1,2,15,2,11,,,,N,,,N,,,,,,,,,,,,,,,,,,,,,,0,,,,,,,,,,8,1,0,0,0,1,0,0,0,,,,,,,,
17158867,1,1,N,N,43,3N1CN7AP2HL824201,2017,21,71,1452,104,N,78753,1,2,2,2,12,,,,N,,,N,,,,,,,,,,,,,,,,,,,,,,0,,,,,,,,,,4,1,0,0,0,1,0,0,0,,,,,,,,
17158867,2,1,N,N,43,5N1AR2MN0GC637308,2016,2,71,531,69,N,78634,1,2,14,2,3,,,,N,,,N,,,,,,,,,,,,,,,,,,,,,,37,,,,,,,,,,8,1,0,0,0,2,0,0,0,,,,,,,,
17158868,1,1,N,N,43,4T4BF1FK5FR486121,2015,9,91,380,104,N,78753,1,2,,,,,,,N,ROCHAS TOWING SERVICE,ROCHAS TOWING SERVICE,N,,,,,,,,,,,,,,,,,,,,,,37,,,,,,,,,,1,1,0,0,0,1,0,0,0,,,,,,,,
17158868,2,1,N,N,43,1G1BE5SM1G7315844,2016,2,107,2209,104,N,78753,1,2,2,3,11,,,,N,STARS TOWING,STARS TOWING,N,,,,,,,,,,,,,,,,,,,,,,0,,,,,,,,,,5,1,0,0,0,3,0,0,0,,,,,,,,
17158869,1,1,N,N,43,JN8AZ18U59W102027,2009,21,71,777,69,N,78640,1,2,2,5,12,,,,Y,AVILES & GABES WRECKER SERVICE INC.,AVILES & GABES WRECKER SERVICE INC.,N,,,,,,,,,,,,,,,,,,,,,,20,,,29,15,,,,,,1,1,0,0,0,1,0,0,0,,,,,,,,
17158869,2,1,N,N,43,1V2NR2CA2JC587070,2018,17,96,184,69,N,76544,1,2,10,6,3,18,6,3,Y,HARPERS TOWING SERVICE INC,HARPERS TOWING SERVICE INC,N,,,,,,,,,,,,,,,,,,,,,,20,,,15,29,,,,,,3,1,0,2,4,0,0,6,0,,,,,,,,
17158870,1,1,N,N,43,1GCPWDED7KZ168605,2019,,107,658,30,N,78728,1,1,2,5,12,,,,N,HARPERS TOWING SERVICE INC,HARPERS TOWING SERVICE INC,N,,,,,,,,,,,,,,,,,,,,,,20,,,,,,,,,,1,1,0,0,0,2,0,0,0,,,,,,,,
17158870,2,1,N,N,43,5TDYK3EH9CS073432,2012,21,91,721,104,N,78728,2,,11,5,9,,,,N,STARS TOWING,STARS TOWING,N,,,,,,,,,,,,,,,,,,,,,,0,,,,,,,,,,5,1,0,0,0,1,0,0,0,,,,,,,,
17158871,1,1,N,N,43,SCCLMDTU5BHA11038,2011,9,59,2454,100,N,78750,1,2,6,3,6,,,,N,FINGER TOWING,FINGER TOWING SERVICE,N,,,,,,,,,,,,,,,,,,,,,,22,,,,,,,,,,3,1,0,0,0,1,0,0,0,,,,,,,,
17158872,1,1,N,N,43,5NPEU46FX6H031362,2006,9,45,462,104,N,78717,1,2,2,1,11,,,,N,,,N,,,,,,,,,,,,,,,,,,,,,,33,,,,,,,,,,7,1,0,0,0,1,0,0,0,,,,,,,,
17158872,2,1,N,N,43,2C3CCABG9EH166688,2014,9,21,65,104,N,78748,1,2,14,1,3,6,1,4,N,PRONTO WRECKER SERVICE NORTH,PRONTO WRECKER SERVICE NORTH,N,,,,,,,,,,,,,,,,,,,,,,0,,,,,,,,,,1,1,0,0,0,1,0,0,0,,,,,,,,
17158873,1,1,N,N,43,JM3TB38A280122545,2020,21,63,1009,104,N,78666,1,1,2,1,12,,,,N,,,N,,,,,,,,,,,,,,,,,,,,,,20,,,,,,,,,,1,1,0,0,0,2,0,0,0,,,,,,,,
17158873,2,1,N,N,43,1HGCV1F36JA011880,2018,9,44,236,104,N,78741,1,1,2,2,12,4,1,3,N,ROCHAS TOWING SERVICE,ROCHAS TOWING SERVICE,N,,,,,,,,,,,,,,,,,,,,,,0,,,,,,,,,,3,1,0,1,0,0,0,1,0,,,,,,,,
17158874,1,1,N,N,43,ZACCJBAB2JPH86482,2018,16,429,4686,104,N,78612,2,,11,4,9,2,4,10,N,ARMADA TOWING,ARMADA TOWING,N,,,,,,,,,,,,,,,,,,,,,,37,,,,,,,,,,7,1,0,0,2,0,0,2,0,,,,,,,,
17158874,2,1,N,N,43,1HGCM66547A001620,2007,3,44,236,104,N,78758,1,2,2,4,12,,,,N,A & A WRECKER NORTH,A & A WRECKER NORTH,N,,,,,,,,,,,,,,,,,,,,,,0,,,,,,,,,,1,1,0,0,0,1,0,0,0,,,,,,,,
17158875,1,1,N,N,43,2HGFC2F80JH544569,2018,9,44,256,104,N,78741,1,2,1,2,12,,,,N,,,N,,,,,,,,,,,,,,,,,,,,,,36,,,,,,,,,,5,1,0,0,0,1,0,0,0,,,,,,,,
17158875,2,3,,,,,,,,,,,,,,,,,,,,,,,,,,,,,,,,,,,,,,,,,,,,,0,,,,,,,,,,9,1,0,1,0,0,0,1,0,,,,,,,,
17158876,1,1,N,N,43,1FMYU03105KA75848,2005,3,37,554,69,N,78756,1,2,4,0,1,,,,N,,,N,,,,,,,,,,,,,,,,,,,,,,0,,,,,,,,,,7,1,0,0,0,1,0,0,0,,,,,,,,
17158876,2,5,N,N,,,,,,,,N,,,,,,,,,,,,,N,,,,,,,,,,,,,,,,,,,,,,0,,,,,,,,,,3,1,0,1,0,0,0,1,0,,,,,,,,
17158877,1,1,N,Y,43,JH4KA96684C005648,2004,21,1,393,104,N,78752,1,2,11,1,11,4,1,1,Y,AUS-TEX AUTO ENTERPRISES LLC,AUS-TEX AUTO ENTERPRISES LLC,N,,,,,,,,,,,,,,,,,,,,,,,,,67,,,,,,,3,1,0,0,0,0,1,0,0,,,,,,,,
17158877,2,1,N,N,43,5FNRL387X7B110485,2007,9,44,571,103,N,78753,2,,12,2,2,,,,N,,,N,,,,,,,,,,,,,,,,,,,,,,0,,,,,,,,,,3,1,0,0,1,0,0,1,0,,,,,,,,
17158877,3,1,Y,N,43,4T1BF22K6WU041523,1998,8,91,380,104,N,78753,2,,8,1,5,,,,N,,,N,,,,,,,,,,,,,,,,,,,,,,0,,,,,,,,,,5,2,0,0,0,0,0,0,0,,,,,,,,
17158878,1,1,N,N,43,2T2ZB1BA7FC004635,2015,21,58,666,69,N,30348,1,2,4,6,11,,,,N,STARS TOWING,STARS TOWING,N,,,,,,,,,,,,,,,,,,,,,,0,,,,,,,,,,5,1,0,0,0,1,0,0,0,,,,,,,,
17158878,2,1,N,N,43,JTHBJ46G572002647,2007,11,58,1052,104,N,78750,1,2,8,7,5,7,7,7,N,620 LAKESIDE TOWING,620 LAKESIDE TOWING,N,,,,,,,,,,,,,,,,,,,,,,37,,,,,,,,,,1,1,0,0,0,3,0,0,0,,,,,,,,
17158908,1,1,N,N,43,WB10A1601FZ398251,2015,2,14,21,71,N,78721,2,,10,2,3,,,,Y,AUS-TEX AUTO ENTERPRISES LLC,AUS-TEX AUTO ENTERPRISES LLC,N,,,,,,,,,,,,,,,,,,,,,,22,,,20,,,,,,,6,1,0,0,0,0,0,0,1,,,,,,,,
17158909,1,1,N,N,43,2G1FB1E37E9320936,2014,9,107,46,104,N,78665,1,2,6,2,6,,,,N,,,N,,,,,,,,,,,,,,,,,,,,,,20,,,,,,,,,,5,1,0,0,0,1,0,0,0,,,,,,,,
17158910,1,1,N,N,13,WBAAV53451JS96286,2001,2,14,523,104,N,78705,2,,1,1,12,,,,Y,SOUTHSIDE WRECKER INC,5526 1/2 W HWY 290,N,,,,,,,,,,,,,,,,,,,,,,37,36,67,,,,,,,,3,1,0,0,0,3,0,0,0,,,,,,,,
17158910,2,4,,,,,,,,,,,,,,,,,,,,,,,,,,,,,,,,,,,,,,,,,,,,,0,,,,,,,,,,9,1,1,0,0,0,0,1,0,,,,,,,,
17158911,1,1,N,N,43,2C3CCAAG4JH342395,2018,3,21,65,104,N,78702,1,1,2,1,12,,,,Y,SPECIAL AUTOMOTIVE SERVICE INC,SPECIAL AUTOMOTIVE SERVICE INC,N,,,,,,,,,,,,,,,,,,,,,,0,,,,,,,,,,1,1,0,0,0,3,0,0,0,,,,,,,,
17158911,2,1,N,N,43,1FTYR14U94PA01446,2004,2,37,357,30,N,78745,1,1,6,1,6,,,,Y,SPECIAL AUTOMOTIVE SERVICE INC,SPECIAL AUTOMOTIVE SERVICE INC,N,,,,,,,,,,,,,,,,,,,,,,0,,,,,,,,,,1,1,0,0,1,1,0,1,0,,,,,,,,
17158912,1,1,N,Y,43,,,9,,,104,N,,,,,,,,,,,,,N,,,,,,,,,,,,,,,,,,,,,,0,,,,,,,,,,1,1,0,0,0,0,0,0,0,,,,,,,,
17158912,2,1,N,N,43,3FAFP37392R235979,2002,2,37,696,104,N,78745,1,2,6,0,6,,,,N,,,N,,,,,,,,,,,,,,,,,,,,,,0,,,,,,,,,,1,1,0,1,0,0,0,1,0,,,,,,,,
17158913,1,1,N,N,43,JT4TN12D3V0032470,1997,16,91,517,30,N,78753,2,,6,2,6,,,,N,,,N,,,,,,,,,,,,,,,,,,,,,,67,,,,,,,,,,1,1,0,0,0,1,0,0,0,,,,,,,,
17158913,2,1,Y,N,43,4T1BF1FK9DU658240,2013,9,91,380,104,N,78750,1,1,6,2,,1,2,12,N,,,N,,,,,,,,,,,,,,,,,,,,,,0,,,,,,,,,,1,1,0,0,0,1,0,0,0,,,,,,,,
17158914,1,1,N,Y,43,1FTRW12W36FA72104,2006,10,37,2324,30,N,78724,1,1,2,6,12,2,2,12,Y,SPECIAL,SPECIAL,N,,,,,,,,,,,,,,,,,,,,,,29,,,45,,,,,,,3,1,0,0,0,0,1,0,0,,,,,,,,
17158914,2,1,N,N,43,3GTP1VE08DG291107,2013,16,39,3080,30,N,78640,1,1,6,2,6,,,,N,OWNER,OWNER'S RESIDENCE,N,,,,,,,,,,,,,,,,,,,,,,0,,,,,,,,,,3,1,0,0,0,1,0,0,0,,,,,,,,
17158914,3,1,N,N,43,1FMZU67E42UB30967,2002,2,37,712,30,N,78046,2,,3,2,11,,,,N,DRIVER,DRIVER'S RESIDENCE,N,,,,,,,,,,,,,,,,,,,,,,0,,,,,,,,,,7,2,0,0,0,4,0,0,0,,,,,,,,
17158915,1,1,N,N,43,1FAFP34N47W108650,2007,11,37,1097,104,N,78741,1,1,2,4,12,,,,N,DENVERS TOWING,2000 FERGUSON LN,N,,,,,,,,,,,,,,,,,,,,,,,,,20,,,,,,,3,1,0,0,0,2,0,0,0,,,,,,,,
17158915,2,1,N,N,43,KNDPB3AC3E7634100,2014,9,55,1357,104,N,78754,1,1,15,3,9,,,,N,ARMADA TOWING,9706 MIDDLE FISKVILLE RD,N,,,,,,,,,,,,,,,,,,,,,,0,,,,,,,,,,7,1,0,0,1,0,0,1,0,,,,,,,,
17158916,1,1,N,Y,43,1N4AL21E88C221878,2008,21,71,500,104,N,78653,,,,,,,,,,,,N,,,,,,,,,,,,,,,,,,,,,,,,,20,,,,,,,5,1,0,0,0,1,0,0,0,,,,,,,,
17158916,2,1,N,N,43,1HGCR2F57GA164837,2016,17,44,236,104,N,78748,1,1,7,3,7,,,,N,,,N,,,,,,,,,,,,,,,,,,,,,,0,,,,,,,,,,5,1,0,1,0,1,0,1,0,,,,,,,,
17158917,1,1,N,N,43,4F2YU09191KM61190,2001,21,63,719,104,N,78704,2,,4,2,,,,,N,SPECIAL AUTOMOTIVE SERVICE INC,SPECIAL AUTOMOTIVE SERVICE INC,N,,,,,,,,,,,,,,,,,,,,,,,,,22,20,,,,,,5,1,0,0,0,1,0,0,0,,,,,,,,
17158918,1,1,N,N,43,JM1BL1TF8D1785275,2013,2,63,3917,104,N,78550,1,1,3,2,11,,,,Y,ROCHAS TOWING SERVICE,ROCHAS TOWING SERVICE,N,,,,,,,,,,,,,,,,,,,,,,74,,,,,,,,,,1,1,0,0,0,1,0,0,0,,,,,,,,
17158918,2,1,N,N,43,3GCRCREA2AG116687,2010,3,107,2202,30,N,78745,1,1,8,1,5,,,,N,NOT TOWED,NOT TOWED,N,,,,,,,,,,,,,,,,,,,,,,0,,,,,,,,,,1,1,0,0,0,1,0,0,0,,,,,,,,
17158919,1,1,N,Y,43,2HGFG12817H505292,2007,3,44,256,104,N,78741,1,2,2,5,12,,,,Y,EZ AUTO AND TOWING SERVICE,EZ AUTO AND TOWING SERVICE,N,,,,,,,,,,,,,,,,,,,,,,,,,20,,,,,,,4,1,0,0,0,0,1,0,0,,,,,,,,
17158920,1,1,N,N,43,2G1FB1ED3B9129633,2011,22,107,46,100,N,76544,1,1,2,7,11,15,7,9,Y,EZ AUTO AND TOWING SERVICE,EZ AUTO AND TOWING SERVICE,N,,,,,,,,,,,,,,,,,,,,,,22,,,,,,,,,,1,1,0,0,1,1,0,1,0,,,,,,,,
17158921,1,1,N,N,43,KMHDH4AE2GU602862,2016,16,45,480,104,N,78703,1,1,2,1,12,,,,Y,SOUTHSIDE WRECKER INC,8200 S. CONGRESS AVE,N,,,,,,,,,,,,,,,,,,,,,,45,,,,,,,,,,11,1,0,0,0,1,0,0,0,,,,,,,,
17158921,2,1,N,N,43,3N1AB7APXFY288730,2015,9,71,297,104,N,78681,1,2,6,1,1,,,,N,,,N,,,,,,,,,,,,,,,,,,,,,,0,,,,,,,,,,11,2,0,0,0,1,0,0,0,,,,,,,,
17158921,3,1,N,N,43,JTHBJ46GX72058566,2007,8,58,1052,104,N,78681,1,1,6,1,6,,,,N,,,N,,,,,,,,,,,,,,,,,,,,,,0,,,,,,,,,,11,2,0,0,0,1,0,0,0,,,,,,,,
17158921,4,1,N,N,43,5FNRL5H62CB006909,2012,17,44,571,103,N,78723,1,2,6,1,6,,,,N,,,N,,,,,,,,,,,,,,,,,,,,,,0,,,,,,,,,,11,1,0,0,0,1,0,0,0,,,,,,,,
17158922,1,1,N,N,43,JTDKBRFU8G3002055,2016,9,91,702,104,N,,1,2,2,1,12,10,0,3,N,620 LAKESIDE TOWING,620 LAKESIDE TOWING,N,,,,,,,,,,,,,,,,,,,,,,67,61,16,,,,,,,,8,1,0,0,0,1,0,0,0,,,,,,,,
17158923,1,1,N,Y,,,,,,,69,N,,,,,,,,,,,,,N,,,,,,,,,,,,,,,,,,,,,,,,,67,,,,,,,1,1,0,0,0,0,1,0,0,,,,,,,,
17158923,2,1,N,N,43,WDDSJ4EB2JN610211,2018,16,65,2486,104,N,78754,1,2,6,4,6,,,,N,DRIVEN AWAY,DRIVEN AWAY,N,,,,,,,,,,,,,,,,,,,,,,0,,,,,,,,,,1,1,0,0,0,1,0,0,0,,,,,,,,
17158928,1,1,N,N,43,JM1BK12G381839777,2008,21,63,2473,104,N,78653,1,1,2,6,12,,,,N,AUS-TEX AUTO ENTERPRISES LLC,AUS-TEX AUTO ENTERPRISES LLC,N,,,,,,,,,,,,,,,,,,,,,,0,,,,,,,,,,1,1,0,0,0,1,0,0,0,,,,,,,,
17158928,2,1,N,N,43,5FYD5FV059B035908,2009,3,119,1565,47,N,78744,1,1,6,1,6,,,,N,DROVE AWAY,DROVE AWAY,N,,,,,,,,,,,,,,,,,,,,,,0,,,,,,,,,,1,1,0,0,0,4,0,0,0,,,,,,,,
17158934,1,1,N,N,43,1FMRU15W04LA15905,2004,9,37,601,69,N,77057,1,2,3,1,10,,,,Y,AUS-TEX AUTO ENTERPRISES LLC,AUS-TEX AUTO ENTERPRISES LLC,N,,,,,,,,,,,,,,,,,,,,,,22,,,,,,,,,,8,1,0,0,0,1,0,0,0,,,,,,,,
17158936,1,1,N,N,43,1C4RJEBG2EC442165,2014,9,429,1116,104,N,78747,1,1,4,3,1,15,1,9,Y,SOUTHSIDE WRECKER INC,8200 S. CONGRESS AVE,N,,,,,,,,,,,,,,,,,,,,,,45,,,,,,,,,,5,1,0,0,0,1,0,0,0,,,,,,,,
17158937,1,1,N,N,43,JTNBE46K673099390,2007,2,91,173,104,N,78758,1,2,10,3,3,15,1,9,Y,EZ AUTO AND TOWING SERVICE,EZ AUTO AND TOWING SERVICE,N,,,,,,,,,,,,,,,,,,,,,,60,67,,,,7,,,,,1,1,0,0,0,2,0,0,0,,,,,,,,
17158938,1,1,N,N,43,3FA6P0HR2DR221992,2013,9,37,1097,104,N,76542,1,2,6,6,6,3,2,11,Y,A-TEX TOWING,OWNERS RESIDENCE/REQUEST,N,,,,,,,,,,,,,,,,,,,,,,60,,,,,,,,,,5,1,0,0,0,1,0,0,0,,,,,,,,
17158939,1,1,N,N,43,KM8JN12D75U069419,2005,3,45,1431,69,N,78758,1,2,2,5,12,7,1,6,N,SOUTHSIDE WRECKER INC,9705 CARSON CREEK BLVD,N,,,,,,,,,,,,,,,,,,,,,,,,,20,,,,,,,3,1,0,0,0,1,0,0,0,,,,,,,,
17158939,2,1,N,Y,,,,99,208,763,0,N,,,,,,,,,,,,,N,,,,,,,,,,,,,,,,,,,,,,,,,20,,,,,,,3,1,0,0,0,0,1,0,0,,,,,,,,
17158940,1,1,N,Y,43,3VWRM71K18M053204,2008,21,96,316,104,N,76522,1,2,15,4,10,,,,Y,ROCHAS TOWING SERVICE,ROCHAS TOWING SERVICE,N,,,,,,,,,,,,,,,,,,,,,,23,,,67,22,,,,,,1,1,0,0,0,0,1,0,0,,,,,,,,
17158941,1,1,N,N,43,4T1BB46K57U013635,2007,17,91,173,104,N,,2,,10,6,3,,,,N,STARS TOWING,STARS TOWING,N,,,,,,,,,,,,,,,,,,,,,,0,,,,,8,,,,,5,1,0,0,0,1,0,0,0,,,,,,,,
17158942,1,1,N,Y,43,1YVHP80D265M62842,2006,2,63,870,104,N,78610,2,,2,3,1,,,,Y,SOUTHSIDE WRECKER INC,8200 S. CONGRESS AVE,N,,,,,,,,,,,,,,,,,,,,,,41,,,45,74,,,,,,5,1,0,0,0,0,1,0,0,,,,,,,,
17158974,1,1,N,N,43,1HGCM56804A146492,2004,1,44,236,104,N,,1,1,3,4,12,,,,,,,N,,,,,,,,,,,,,,,,,,,,,,0,,,,,8,,,,,11,1,0,0,0,1,0,0,0,,,,,,,,
17158974,2,1,N,N,43,4T1B11HK5KU683483,2019,11,91,380,104,N,,1,1,13,4,10,,,,N,STARS TOWING,STARS TOWING,N,,,,,,,,,,,,,,,,,,,,,,0,,,,,,,,,,11,1,0,0,0,1,0,0,0,,,,,,,,
17158976,1,1,N,N,43,1FTPW14576KB23929,2006,9,37,2324,30,N,78744,1,1,2,1,12,,,,,,,N,,,,,,,,,,,,,,,,,,,,,,0,,,,,,,,,,11,1,0,0,1,0,0,1,0,,,,,,,,
17158976,2,1,N,N,43,1G1PA5SH3D7150489,2013,3,107,2209,104,N,78744,1,1,5,2,6,,,,,,,N,,,,,,,,,,,,,,,,,,,,,,0,,,,,,,,,,11,1,0,0,1,0,0,1,0,,,,,,,,
17158980,1,1,N,N,43,JM1BJ226020515716,,17,63,434,104,N,78745,1,1,,0,,,,,N,,,N,,,,,,,,,,,,,,,,,,,,,,14,,,,,,,,,,7,2,0,0,0,1,0,0,0,,,,,,,,
17158980,2,1,N,N,43,WMWZC3C58GWT10991,2016,2,115,742,104,N,43026,1,1,15,1,8,,,,N,,,N,,,,,,,,,,,,,,,,,,,,,,,,,41,,,,,,,1,1,0,0,1,0,0,1,0,,,,,,,,
17158980,3,1,N,N,43,1FMPU17L93LA62245,2003,16,37,601,69,N,78724,1,1,12,1,2,,,,N,,,N,,,,,,,,,,,,,,,,,,,,,,0,,,,,,,,,,1,1,0,0,0,1,0,0,0,,,,,,,,
17158982,1,1,N,N,43,2HGES26792H578503,2002,17,44,256,104,N,,2,,2,5,12,,,,N,ROCHAS TOWING SERVICE,5700 BURLESON RD,N,,,,,,,,,,,,,,,,,,,,,,20,22,44,,,,,,,,5,1,0,0,0,2,0,0,0,,,,,,,,
17158982,2,1,N,N,43,JA4AP3AU7GZ041096,2016,16,68,775,69,N,,1,2,6,2,6,,,,N,,,N,,,,,,,,,,,,,,,,,,,,,,0,,,,,,,,,,5,1,0,0,0,1,0,0,0,,,,,,,,
17158984,1,1,N,N,43,3HGCM56435G707493,2005,9,44,236,104,N,78759,1,2,13,3,9,2,2,12,N,AVILES & GABES WRECKER SERVICE INC.,AVILES & GABES WRECKER SERVICE INC.,N,,,,,,,,,,,,,,,,,,,,,,22,,,,,,,,,,5,1,0,0,0,1,0,0,0,,,,,,,,
17158987,1,1,N,N,43,5TDJZRFH7KS954126,2019,2,91,721,69,N,,1,1,4,3,12,,,,N,,,N,,,,,,,,,,,,,,,,,,,,,,0,,,,,,,,,,3,1,0,0,0,1,0,0,0,,,,,,,,
17158987,2,1,N,N,43,1HGCR2F39FA247361,2015,3,44,236,104,N,78754,1,1,9,2,11,,,,N,,,N,,,,,,,,,,,,,,,,,,,,,,0,,,,,,,,,,1,1,0,0,0,1,0,0,0,,,,,,,,
17158987,3,1,N,N,43,1FADP3F28GL369209,2016,2,37,696,104,N,,1,1,3,4,11,4,3,10,Y,AVILES & GABES WRECKER SERVICE INC.,AVILES & GABES WRECKER SERVICE INC.,N,,,,,,,,,,,,,,,,,,,,,,0,,,,,,,,,,1,2,0,0,0,1,0,0,0,,,,,,,,
17158989,1,1,N,N,43,JA3AJ26E85U035254,2005,16,68,744,104,N,78741,1,1,11,5,10,3,5,11,Y,STARS TOWING,STARS TOWING,N,,,,,,,,,,,,,,,,,,,,,,0,,,,,8,,,,,5,1,0,0,0,1,0,0,0,,,,,,,,
17158991,1,1,N,N,43,1D7HE48P37S197330,2007,21,109,567,30,N,78727,2,2,13,7,12,3,4,12,N,AVILES & GABES WRECKER SERVICE INC.,"5055 E HWY 71, DEL VALLE, TX, 78617",N,,,,,,,,,,,,,,,,,,,,,,74,,,,,,,,,,4,1,0,0,0,1,0,0,0,,,,,,,,
17158991,2,6,,,,,,,,,,,78727,,,,,,,,,,,,,,,,,,,,,,,,,,,,,,,,,,0,,,,,,,,,,9,2,0,0,0,0,0,0,0,,,,,,,,
17158992,1,1,N,N,43,JM3KE2CY5F0507631,2015,2,63,2471,104,N,78744,1,1,2,4,12,,,,N,ARMADA TOWING,,N,,,,,,,,,,,,,,,,,,,,,,0,,,,,,,,,,1,1,0,0,0,1,0,0,0,,,,,,,,
17158992,2,1,N,N,43,JTMDK4DV3AD016938,2010,21,91,581,104,N,78703,1,1,6,3,6,,,,N,,,N,,,,,,,,,,,,,,,,,,,,,,0,,,,,,,,,,1,1,0,1,0,1,0,1,0,,,,,,,,
17158993,1,1,N,N,43,3N1AB61E97L652116,2007,2,71,341,104,N,75032,1,2,13,6,9,,,,N,SOUTHSIDE WRECKER INC,8200 S. CONGRESS AVE,N,,,,,,,,,,,,,,,,,,,,,,,,,15,,,,,,,5,1,0,0,1,1,0,1,0,,,,,,,,
17158993,2,1,N,N,43,WAULK78K99N041133,2009,3,8,2148,104,N,78249,1,2,2,4,12,,,,N,EZ AUTO AND TOWING SERVICE,EZ AUTO AND TOWING SERVICE,N,,,,,,,,,,,,,,,,,,,,,,,,,15,,,,,,,7,1,0,0,1,2,0,1,0,,,,,,,,
17158994,1,1,N,N,43,2HNYD18684H531030,2004,21,1,705,69,N,78741,2,,6,7,11,10,7,3,Y,EZ AUTO AND TOWING SERVICE,EZ AUTO AND TOWING SERVICE,N,,,,,,,,,,,,,,,,,,,,,,0,,,,,7,,,,,1,1,0,0,0,1,0,0,0,,,,,,,,
17158995,1,1,N,N,43,3N1CB51D14L902643,2004,2,71,69,104,N,78725,1,2,2,5,12,,,,Y,EZ AUTO AND TOWING SERVICE,EZ AUTO AND TOWING SERVICE,N,,,,,,,,,,,,,,,,,,,,,,0,,,,,,,,,,3,1,0,0,0,1,0,0,0,,,,,,,,
17158995,2,1,N,N,43,1N6BA0EDXFN511368,2005,21,71,1397,30,N,78753,1,2,6,4,6,,,,Y,BULLET TOWING,BULLET TOWING,N,,,,,,,,,,,,,,,,,,,,,,0,,,,,,,,,,3,1,0,0,0,3,0,0,0,,,,,,,,
17158996,1,1,N,N,43,JM1BPAMM1K1118840,2019,3,63,272,104,N,78754,1,2,2,3,12,,,,N,,,N,,,,,,,,,,,,,,,,,,,,,,33,,,20,,,,,,,2,1,0,0,0,1,0,0,0,,,,,,,,
17158996,2,1,N,N,43,1HGCM56147A016061,2007,21,44,107,104,N,78753,1,2,8,3,5,2,3,12,N,AVILES & GABES WRECKER SERVICE INC.,AVILES & GABES WRECKER SERVICE INC.,N,,,,,,,,,,,,,,,,,,,,,,0,,,,,,,,,,4,1,0,0,0,2,0,0,0,,,,,,,,
17158997,1,1,N,N,43,1GTR1UEC4EZ110809,2014,21,39,3080,30,N,78745,1,1,2,1,12,,,,N,NONE,NONE,N,,,,,,,,,,,,,,,,,,,,,,0,,,,,,,,,,7,1,0,0,0,0,1,0,0,,,,,,,,
17158997,2,1,N,N,43,4JGBF71E87A159052,2007,21,65,118,104,N,78747,1,1,6,2,6,,,,N,NONE,NONE,N,,,,,,,,,,,,,,,,,,,,,,0,,,,,,,,,,7,1,0,3,0,3,0,3,0,,,,,,,,