Crash_ID,Unit_Nbr,Unit_Desc_ID,Veh_Parked_Fl,Veh_HNR_Fl,Veh_Lic_State_ID,VIN,Veh_Mod_Year,Veh_Color_ID,Veh_Make_ID,Veh_Mod_ID,Veh_Body_Styl_ID,Emer_Respndr_Fl,Ownr_Zip,Fin_Resp_Proof_ID,Fin_Resp_Type_ID,Veh_Dmag_Area_1_ID,Veh_Dmag_Scl_1_ID,Force_Dir_1_ID,Veh_Dmag_Area_2_ID,Veh_Dmag_Scl_2_ID,Force_Dir_2_ID,Veh_Inventoried_Fl,Veh_Transp_Name,Veh_Transp_Dest,Veh_Cmv_Fl,Cmv_Fiveton_Fl,Cmv_Hazmat_Fl,Cmv_Nine_Plus_Pass_Fl,Cmv_Veh_Oper_ID,Cmv_Carrier_ID_Type_ID,Cmv_Carrier_Zip,Cmv_Veh_Type_ID,Cmv_GVWR,Cmv_RGVW,Cmv_Hazmat_Rel_Fl,Hazmat_Cls_1_ID,Hazmat_IDNbr_1_ID,Hazmat_Cls_2_ID,Hazmat_IDNbr_2_ID,Cmv_Cargo_Body_ID,Cmv_Evnt1_ID,Cmv_Evnt2_ID,Cmv_Evnt3_ID,Cmv_Evnt4_ID,Cmv_Tot_Axle,Cmv_Tot_Tire,Contrib_Factr_1_ID,Contrib_Factr_2_ID,Contrib_Factr_3_ID,Contrib_Factr_P1_ID,Contrib_Factr_P2_ID,Veh_Dfct_1_ID,Veh_Dfct_2_ID,Veh_Dfct_3_ID,Veh_Dfct_P1_ID,Veh_Dfct_P2_ID,Veh_Trvl_Dir_ID,First_Harm_Evt_Inv_ID,Sus_Serious_Injry_Cnt,Nonincap_Injry_Cnt,Poss_Injry_Cnt,Non_Injry_Cnt,Unkn_Injry_Cnt,Tot_Injry_Cnt,Death_Cnt,Cmv_Disabling_Damage_Fl,Cmv_Bus_Type_ID,Trlr_GVWR,Trlr_RGVW,Trlr_Type_ID,Trlr_Disabling_Dmag_ID,Cmv_Intermodal_Container_Permit_Fl,CMV_Actual_Gross_Weight
17158998,1,1,N,N,43,1FA6P8CF6H5256796,2017,9,37,96,104,N,,1,2,2,3,12,,,,Y,EZ AUTO AND TOWING SERVICE,EZ AUTO AND TOWING SERVICE,N,,,,,,,,,,,,,,,,,,,,,,74,,,,,,,,,,3,1,0,0,0,2,0,0,0,,,,,,,,
17158999,1,1,N,Y,,,,2,107,,104,N,,,,,,,,,,,,,N,,,,,,,,,,,,,,,,,,,,,,,,,20,,,,,,,3,1,0,0,0,0,1,0,0,,,,,,,,
17158999,2,1,N,N,43,JTDKDTB30D1551552,2013,16,91,702,104,N,78753,1,1,2,3,12,6,1,6,N,,,N,,,,,,,,,,,,,,,,,,,,,,0,,,,,,,,,,3,1,0,0,0,1,0,0,0,,,,,,,,
17158999,3,1,N,N,43,1FAHP36N69W134899,2009,3,37,696,104,N,78744,1,1,6,1,6,,,,N,,,N,,,,,,,,,,,,,,,,,,,,,,0,,,,,,,,,,3,2,0,0,0,2,0,0,0,,,,,,,,
17159000,1,1,N,N,43,JTHBK1GGXF2193801,2015,17,58,1052,104,N,75703,1,1,4,3,10,,,,N,ROCHAS TOWING SERVICE,ROCHAS TOWING SERVICE,N,,,,,,,,,,,,,,,,,,,,,,4,,,,,,,,,,8,1,0,0,0,2,0,0,0,,,,,,,,
17159000,2,1,N,N,43,5TEGN92N83Z146924,2003,9,91,629,30,N,78660,1,2,17,3,3,18,3,3,N,EZ AUTO AND TOWING SERVICE,EZ AUTO AND TOWING SERVICE,N,,,,,,,,,,,,,,,,,,,,,,0,,,,,,,,,,7,1,0,1,0,1,0,1,0,,,,,,,,
17159001,1,1,N,N,43,1GCEC29J79Z274535,2009,2,107,2236,30,N,78754,1,2,3,4,12,,,,Y,EZ AUTO AND TOWING SERVICE,EZ AUTO AND TOWING SERVICE,N,,,,,,,,,,,,,,,,,,,,,,0,,,,,,,,,,5,1,0,0,0,1,1,0,0,,,,,,,,
17159002,1,1,N,N,43,1FM5K7B81FGB58743,2015,16,37,554,69,N,76014,1,1,3,2,12,4,2,12,N,NOT TOWED,NOT TOWED,N,,,,,,,,,,,,,,,,,,,,,,41,,,,,,,,,,1,1,0,2,0,5,0,2,0,,,,,,,,
17159003,1,1,N,N,43,3FAHP0HA9BR117886,2011,9,37,1097,104,N,78758,1,2,10,2,2,,,,Y,ATX-VIP TOWING SERVICES,ATX-VIP TOWING SERVICES,N,,,,,,,,,,,,,,,,,,,,,,15,,,20,19,,,,,,2,1,0,0,0,2,0,0,0,,,,,,,,
17159003,2,1,N,N,43,2GKALSEK5E6306969,2014,17,39,1392,69,N,78758,1,2,2,3,12,,,,Y,ARMADA TOWING,ARMADA TOWING,N,,,,,,,,,,,,,,,,,,,,,,0,,,,,,,,,,8,1,0,0,2,1,0,2,0,,,,,,,,
17159004,1,1,N,Y,113,,,16,37,,104,N,,,,,,,,,,,,,N,,,,,,,,,,,,,,,,,,,,,,57,,,,,,,,,,1,1,0,0,0,0,1,0,0,,,,,,,,
17159004,2,1,N,N,43,1B7GL22X6WS704115,1998,21,109,567,30,N,78744,1,1,11,1,10,,,,N,,,N,,,,,,,,,,,,,,,,,,,,,,0,,,,,,,,,,5,1,0,1,0,0,0,1,0,,,,,,,,
17159005,1,1,N,N,43,4A3AK24F36E048335,2006,17,68,435,100,N,78759,1,1,13,3,9,,,,N,620 LAKESIDE TOWING,620 LAKESIDE TOWING,N,,,,,,,,,,,,,,,,,,,,,,34,,,,,,,,,,1,1,0,0,0,1,0,0,0,,,,,,,,
17159005,2,1,N,N,43,1FTEW1C59KKC23386,2019,17,37,2324,30,N,78754,1,1,3,1,12,,,,N,,,N,,,,,,,,,,,,,,,,,,,,,,0,,,,,,,,,,3,1,0,0,0,2,0,0,0,,,,,,,,
17159006,1,1,N,N,43,W04GU5GC7B1012184,2011,9,105,28,104,N,78723,2,,2,2,12,,,,Y,AVILES & GABES WRECKER SERVICE INC.,AVILES & GABES WRECKER SERVICE INC.,N,,,,,,,,,,,,,,,,,,,,,,,,,22,,,,,,,5,1,0,0,0,0,1,0,0,,,,,,,,
17159007,1,1,N,Y,43,W04GU5GC7B1012184,2011,9,105,28,104,N,78723,2,,2,0,12,,,,N,DRIVEN FROM SCENE,DRIVEN FROM SCENE,N,,,,,,,,,,,,,,,,,,,,,,43,,,,,,,,,,1,1,0,0,0,0,2,0,0,,,,,,,,
17159007,2,1,N,N,113,UNKNOWN,,18,88,1091,104,N,78723,2,,15,0,3,,,,N,UNABLE TO LOCATE,UNABLE TO LOCATE,N,,,,,,,,,,,,,,,,,,,,,,0,,,,,,,,,,4,1,0,1,0,0,0,1,0,,,,,,,,
17159008,1,1,N,N,43,1C4NJPBB8FD191260,2015,17,429,1273,69,N,78752,2,,2,0,12,,,,Y,SOUTHSIDE WRECKER INC,SOUTHSIDE,N,,,,,,,,,,,,,,,,,,,,,,0,,,,,,,,,,1,1,0,0,0,1,0,0,0,,,,,,,,
17159008,2,1,N,N,43,5YFBU4EE6DP102553,2013,,91,173,104,N,78753,1,2,6,0,6,,,,N,NONE,NONE,N,,,,,,,,,,,,,,,,,,,,,,0,,,,,,,,,,1,1,0,0,0,1,0,0,0,,,,,,,,
17159055,1,1,N,N,43,1C6RR6FG8HS585129,2017,2,109,2275,30,N,,1,1,2,7,12,,,,N,ROCHAS TOWING SERVICE,ROCHAS TOWING SERVICE,N,,,,,,,,,,,,,,,,,,,,,,74,,,,,,,,,,8,1,0,0,0,0,1,0,0,,,,,,,,
17159057,1,1,N,Y,113,,,,,,104,N,,,,,,,,,,,,,N,,,,,,,,,,,,,,,,,,,,,,74,,,,,,,,,,11,1,0,0,0,0,1,0,0,,,,,,,,
17159057,2,1,Y,N,43,5NPDH4AE6EH467381,2014,9,45,480,104,N,78640,1,1,15,2,9,,,,,,,N,,,,,,,,,,,,,,,,,,,,,,0,,,,,,,,,,5,1,0,0,0,1,0,0,0,,,,,,,,
17159058,1,1,N,N,43,1FTRX07W5YKB06957,2000,10,37,2324,30,N,78702,1,2,2,4,1,,,,Y,SOUTHSIDE WRECKER INC,8200 S. CONGRESS AVE,N,,,,,,,,,,,,,,,,,,,,,,67,,,20,,,,,,,8,1,0,0,0,1,0,0,0,,,,,,,,
17159059,1,1,N,N,43,1HGCT2B95GA005258,2016,2,44,236,104,N,78748,1,1,12,7,,,,,Y,ARMADA TOWING,ARMADA TOWING,N,,,,,,,,,,,,,,,,,,,,,,40,,,,,,,,,,5,1,0,0,0,1,0,0,0,,,,,,,,
17159060,1,1,N,N,43,JM1BPBAM1K1116841,2019,9,63,3917,104,N,78664,1,2,4,2,11,,,,Y,EZ AUTO AND TOWING SERVICE,EZ AUTO AND TOWING SERVICE,N,,,,,,,,,,,,,,,,,,,,,,34,,,,,,,,,,4,1,0,0,0,1,0,0,0,,,,,,,,
17159060,2,1,N,N,43,5FNYF28476B037304,2006,3,44,761,69,N,78724,1,2,4,1,12,,,,N,,,N,,,,,,,,,,,,,,,,,,,,,,0,,,,,,,,,,6,1,0,0,0,3,0,0,0,,,,,,,,
17159061,1,1,N,N,43,1FTSW21R38EB34547,2008,21,37,2325,30,N,78759,1,2,2,1,12,,,,N,PRONTO WRECKER SERVICE NORTH,PRONTO WRECKER SERVICE NORTH,N,,,,,,,,,,,,,,,,,,,,,,44,,,,,,,,,,4,1,0,0,0,1,0,0,0,,,,,,,,
17159061,2,1,N,N,43,19UUA662X7A029229,2007,16,1,564,104,N,78729,1,2,6,6,6,3,3,12,N,ROCHAS TOWING SERVICE,ROCHAS TOWING SERVICE,N,,,,,,,,,,,,,,,,,,,,,,0,,,,,,,,,,4,1,0,0,0,2,0,0,0,,,,,,,,
17159061,3,1,N,N,43,5YFBURHE9KP914371,2019,21,91,173,104,N,78759,1,2,6,2,6,2,1,12,N,620 LAKESIDE TOWING,620 LAKESIDE TOWING,N,,,,,,,,,,,,,,,,,,,,,,0,,,,,,,,,,4,2,0,0,0,1,0,0,0,,,,,,,,
17159061,4,1,N,N,43,2HGFB2F53FH559812,2015,17,44,256,104,N,78641,1,2,6,1,6,,,,N,DRIVEN BY OWNER,,N,,,,,,,,,,,,,,,,,,,,,,0,,,,,,,,,,4,2,0,0,0,1,0,0,0,,,,,,,,
17159062,1,1,N,N,43,KL8CD6SA4GC580378,2016,10,107,2244,104,N,78753,1,1,16,3,9,,,,Y,PRONTO WRECKER SERVICE NORTH,PRONTO WRECKER SERVICE NORTH,N,,,,,,,,,,,,,,,,,,,,,,15,,,,,,,,,,1,1,0,0,1,0,0,1,0,,,,,,,,
17159062,2,1,N,N,43,KM8J33A43GU182631,2016,9,45,1431,104,N,78754,1,1,4,3,12,,,,Y,620 LAKESIDE TOWING,5526 1/2 W HWY 290,N,,,,,,,,,,,,,,,,,,,,,,0,,,,,,,,,,7,1,0,0,1,0,0,1,0,,,,,,,,
17159064,1,1,N,N,43,1FD7X2A69DEA09681,2013,21,37,101,106,N,,4,7,11,2,10,,,,N,,,N,,,,,,,,,,,,,,,,,,,,,,,,,4,,,,,,,3,1,0,0,0,1,0,0,0,,,,,,,,
17159064,2,1,N,N,18,WVGEF9BP8FD008010,2015,2,96,1400,69,N,71269,1,1,12,3,2,,,,N,ROCHAS TOWING SERVICE,ROCHAS TOWING SERVICE,N,,,,,,,,,,,,,,,,,,,,,,,,,4,,,,,,,3,1,0,0,0,3,0,0,0,,,,,,,,
17159065,1,1,N,N,43,3GCUKRECXEG569332,2014,2,107,2236,30,N,77356,1,2,1,3,,,,,N,,,N,,,,,,,,,,,,,,,,,,,,,,44,,,,,,,,,,2,1,0,0,0,1,0,0,0,,,,,,,,
17159065,2,1,N,N,43,1GTEC19V87Z136626,2007,21,39,2356,30,N,78640,1,2,6,3,,,,,N,,,N,,,,,,,,,,,,,,,,,,,,,,0,,,,,,,,,,2,1,0,0,1,0,0,1,0,,,,,,,,
17159066,1,1,N,N,43,1C6RR6FT6GS293037,2016,21,109,2275,30,N,78626,1,7,2,2,12,,,,N,CENTEX TOWING WILCO CONTRACT,WILCO,N,,,,,,,,,,,,,,,,,,,,,,20,,,,,,,,,,1,1,0,0,0,1,0,0,0,,,,,,,,
17159066,2,1,N,N,43,5YFBURHE8GP537376,2016,2,91,173,104,N,78727,1,2,6,4,6,2,2,12,N,FINGER TOWING SERVICE,CALIBER COLLISION CEDAR PARK,N,,,,,,,,,,,,,,,,,,,,,,0,,,,,,,,,,1,1,0,0,0,1,0,0,0,,,,,,,,
17159066,3,1,N,N,43,5TFAZ5CN4GX010448,2016,21,91,629,30,N,78729,1,2,6,2,6,,,,N,,,N,,,,,,,,,,,,,,,,,,,,,,0,,,,,,,,,,1,2,0,0,0,1,0,0,0,,,,,,,,
17159067,1,1,N,N,43,3GCPCSE03DG135856,2013,9,107,2202,30,N,78610,1,1,2,5,12,,,,N,,,N,,,,,,,,,,,,,,,,,,,,,,44,,,,,,,,,,3,1,0,0,0,1,0,0,0,,,,,,,,
17159067,2,1,N,N,43,5J8TB3H53DL001965,2013,21,1,1301,104,N,75840,1,1,6,4,6,1,3,12,Y,EZ AUTO AND TOWING SERVICE,EZ AUTO AND TOWING SERVICE,N,,,,,,,,,,,,,,,,,,,,,,0,,,,,,,,,,3,1,0,0,0,1,0,0,0,,,,,,,,
17159067,3,1,N,N,43,ZACCJABB3HPG38814,2017,2,429,4686,104,N,78666,1,1,6,3,6,1,2,12,N,,,N,,,,,,,,,,,,,,,,,,,,,,0,,,,,,,,,,3,2,0,0,0,1,0,0,0,,,,,,,,
17159067,4,1,N,N,43,2G1WB5E38G1116655,2016,9,107,2830,104,N,78748,1,1,6,2,6,,,,N,,,N,,,,,,,,,,,,,,,,,,,,,,0,,,,,,,,,,3,2,0,0,0,2,0,0,0,,,,,,,,
17159068,1,1,N,N,43,4T1BF1FK5DU269529,2013,17,91,380,104,N,78620,1,2,11,2,8,,,,N,EZ AUTO AND TOWING SERVICE,EZ AUTO AND TOWING SERVICE,N,,,,,,,,,,,,,,,,,,,,,,35,,,,,,,,,,5,1,0,0,0,1,0,0,0,,,,,,,,
17159068,2,1,N,N,43,5J6RM3H50GL031667,2016,21,44,605,104,N,78737,1,2,12,2,1,,,,N,SPECIAL AUTOMOTIVE SERVICE INC,SPECIAL AUTOMOTIVE SERVICE INC,N,,,,,,,,,,,,,,,,,,,,,,0,,,,,,,,,,7,1,0,0,0,4,0,0,0,,,,,,,,
17159069,1,1,N,N,43,KNAFX4A80E5085351,2014,16,55,1093,104,N,78741,2,,1,7,12,,,,N,620 LAKESIDE TOWING,620 LAKESIDE TOWING,N,,,,,,,,,,,,,,,,,,,,,,23,74,,,,,,,,,7,1,0,1,0,0,0,1,0,,,,,,,,
17159070,1,1,N,N,43,50354712,1955,16,109,82,104,N,78660,1,2,3,2,11,,,,N,ROCHAS,ROCHAS TOWING SERVICE,N,,,,,,,,,,,,,,,,,,,,,,23,,,,,6,,,,,4,1,0,0,0,1,0,0,0,,,,,,,,
17159071,1,1,N,Y,43,3CZRE3H38AG700896,2010,17,44,605,104,N,78721,2,,2,2,12,,,,N,LTS,LTS,N,,,,,,,,,,,,,,,,,,,,,,16,,,,,,,,,,3,1,0,0,0,0,1,0,0,,,,,,,,
17159071,2,1,N,N,43,JTDKARFUXH3539806,2017,17,91,702,104,N,78748,1,1,3,3,11,,,,N,DRIVER,DRIVER,N,,,,,,,,,,,,,,,,,,,,,,0,,,,,,,,,,1,1,0,0,0,1,0,0,0,,,,,,,,
17159073,1,1,N,N,43,1NXBR32E77Z765911,2007,21,91,173,104,N,78741,1,2,16,2,4,,,,N,,,N,,,,,,,,,,,,,,,,,,,,,,,,,20,,,,,,,2,1,0,0,0,1,0,0,0,,,,,,,,
17159073,2,1,N,N,43,1FMCU0F70DUB45393,2013,9,37,711,104,N,78744,1,2,11,2,10,,,,Y,ROCHAS TOWING SERVICE,ROCHAS TOWING SERVICE,N,,,,,,,,,,,,,,,,,,,,,,0,,,,,,,,,,2,1,0,0,1,0,0,1,0,,,,,,,,
17159079,1,1,N,N,43,1FM5K7B89HGB30627,2017,21,37,554,104,Y,78617,1,2,15,4,11,,,,,SPECIAL AUTOMOTIVE SERVICE INC,SPECIAL,N,,,,,,,,,,,,,,,,,,,,,,38,,,,,,,,,,3,1,0,0,0,4,0,0,0,,,,,,,,
17159079,2,1,N,N,23,3C6TRVDG6JE147558,2018,21,710,4105,103,Y,,1,2,2,5,1,,,,Y,ROCHAS TOWING SERVICE,ROCHAS TOWING SERVICE,N,,,,,,,,,,,,,,,,,,,,,,0,,,,,,,,,,5,1,0,1,0,0,0,1,0,,,,,,,,
17159085,1,1,N,Y,43,3N1BC13E98L395679,2008,3,71,1452,104,N,78705,2,,2,3,12,,,,N,,,N,,,,,,,,,,,,,,,,,,,,,,16,,,,,,,,,,7,1,0,0,0,0,1,0,0,,,,,,,,
17159085,2,1,N,N,43,3N1CE2CPXHL371848,2017,21,71,1452,104,N,,1,2,15,3,9,,,,N,,,N,,,,,,,,,,,,,,,,,,,,,,0,,,,,,,,,,5,1,0,1,0,0,0,1,0,,,,,,,,
17159090,1,1,N,N,43,4S4BRCKCXD3239644,2013,3,85,1268,104,N,78757,1,2,2,4,12,,,,N,AVILES & GABES WRECKER SERVICE INC.,AVILES & GABES WRECKER SERVICE INC.,N,,,,,,,,,,,,,,,,,,,,,,20,,,,,,,,,,1,1,0,0,0,1,0,0,0,,,,,,,,
17159090,2,1,N,N,43,1FMEU6DE0AUA32844,2010,21,37,554,104,N,75248,1,2,6,2,6,,,,N,NA,NA,N,,,,,,,,,,,,,,,,,,,,,,0,,,,,,,,,,1,1,0,0,0,2,0,0,0,,,,,,,,
17159093,1,1,N,N,43,3N1CB51D43L821778,2003,2,71,341,104,N,78616,2,,1,1,12,,,,N,,,N,,,,,,,,,,,,,,,,,,,,,,0,,,,,,,,,,2,1,0,0,0,1,0,0,0,,,,,,,,
17159093,2,1,N,N,43,4T1BF22K21U130076,2001,1,91,380,104,N,78758,1,1,5,1,6,,,,N,,,N,,,,,,,,,,,,,,,,,,,,,,0,,,,,,,,,,2,1,0,0,1,0,0,1,0,,,,,,,,
17159094,1,1,N,N,43,JN8AF5MRXCT102390,2012,16,71,2505,104,N,78749,1,1,2,5,12,,,,Y,A-TEX TOWING,,N,,,,,,,,,,,,,,,,,,,,,,0,,,,,,,,,,3,1,0,1,0,0,0,1,0,,,,,,,,
17159094,2,1,N,N,43,JM3ER2A54C0413231,2012,17,63,1008,104,N,78640,1,1,9,4,10,,,,N,,,N,,,,,,,,,,,,,,,,,,,,,,0,,,,,,,,,,7,1,0,0,0,2,0,0,0,,,,,,,,
17159094,3,1,N,N,43,JM1GJ1W56G1457551,2016,9,63,2476,104,N,78745,1,1,3,1,11,,,,N,,,N,,,,,,,,,,,,,,,,,,,,,,0,,,,,,,,,,5,2,0,0,0,1,0,0,0,,,,,,,,
17159095,1,1,N,N,43,JYARP15E67A002557,2007,11,101,4485,71,N,78741,1,2,26,1,,,,,N,ROCHAS TOWING SERVICE,ROCHAS TOWING SERVICE,N,,,,,,,,,,,,,,,,,,,,,,0,,,,,,,,,,7,1,1,0,0,0,0,1,0,,,,,,,,
17159130,1,1,N,N,43,2T1BU4EE4AC534618,2010,16,91,173,104,N,78664,1,2,2,4,12,,,,N,SPECIAL AUTOMOTIVE SERVICE INC,SPECIAL AUTOMOTIVE SERVICE INC,N,,,,,,,,,,,,,,,,,,,,,,16,,,,,,,,,,5,1,0,0,0,1,0,0,0,,,,,,,,
17159130,2,1,N,N,43,JM1BL1H60A1112209,2010,17,63,3917,104,N,78702,1,2,4,3,11,,,,N,EZ AUTO AND TOWING SERVICE,EZ AUTO AND TOWING SERVICE,N,,,,,,,,,,,,,,,,,,,,,,0,,,,,,,,,,3,1,0,0,0,1,0,0,0,,,,,,,,
17159131,1,1,N,N,43,1FMEU63E76UB72026,2006,5,37,601,69,N,78613,1,1,1,4,12,,,,Y,EZ AUTO AND TOWING SERVICE,EZ AUTO AND TOWING SERVICE,N,,,,,,,,,,,,,,,,,,,,,,0,,,,,,,,,,3,1,0,2,0,0,0,2,0,,,,,,,,
17159131,2,1,N,N,43,5TFCZ5AN4GX006265,2016,1,91,2569,106,N,78749,1,1,11,3,11,,,,Y,EZ AUTO AND TOWING SERVICE,EZ AUTO AND TOWING SERVICE,N,,,,,,,,,,,,,,,,,,,,,,0,,,,,,,,,,1,1,0,2,0,0,0,2,0,,,,,,,,
17159132,1,1,N,N,43,1D7HA18N63J663552,2003,9,109,2275,30,N,78753,1,1,12,3,12,,,,Y,STARS TOWING,STARS TOWING,N,,,,,,,,,,,,,,,,,,,,,,0,,,,,,,,,,5,1,0,0,0,1,0,0,0,,,,,,,,
17159132,2,1,N,N,43,KNALN4D71E5120622,2014,2,55,2426,104,N,78653,1,1,1,2,12,,,,Y,LAMONT & SONS,LAMONT & SONS,N,,,,,,,,,,,,,,,,,,,,,,0,,,,,,,,,,1,1,0,0,0,1,0,0,0,,,,,,,,
17159134,1,1,N,N,43,1FTYR2CM4KKB07885,2019,21,37,2992,103,N,75261,2,,14,5,2,16,1,3,N,ROCHAS TOWING SERVICE,ROCHAS TOWING SERVICE,N,,,,,,,,,,,,,,,,,,,,,,4,,,,,,,,,,6,1,1,0,0,0,0,1,0,,,,,,,,
17159134,2,1,N,N,43,1FUJGLDV4CLBK5279,2012,3,38,2996,87,N,78253,1,2,11,1,9,,,,N,,,Y,Y,Y,N,1,2,78219,7,80000,0,N,3,92,,,4,13,,,,,,0,,,,,,,,,,6,1,0,0,0,1,0,0,0,N,0,,,,,N,
17159134,3,6,,,,,,,,,,,78219,,,,,,,,,,,,,,,,,,,,,,,,,,,,,,,,,,0,,,,,,,,,,9,2,0,0,0,0,0,0,0,,,10500,0,1,N,,
17159135,1,1,N,N,43,KMHDU4AD8AU868378,2010,17,45,377,104,N,78729,1,1,15,4,3,,,,Y,STARS TOWING,STARS TOWING,N,,,,,,,,,,,,,,,,,,,,,,0,,,,,,,,,,3,1,0,1,0,0,0,1,0,,,,,,,,
17159135,2,1,N,N,43,2GNALBEKXD6320089,2013,21,107,1048,104,N,78753,1,1,2,4,12,,,,Y,FINGER TOWING SERVICE,FINGER TOWING SERVICE,N,,,,,,,,,,,,,,,,,,,,,,0,,,,,,,,,,7,1,0,0,0,1,0,0,0,,,,,,,,
17159136,1,1,N,N,43,4T1BF1FK7DU236791,2013,3,91,380,104,N,78747,1,2,11,2,,15,1,,Y,ATX-VIP TOWING SERVICES,"4319 TERRY-O LN, AUSTIN, TX 78745",N,,,,,,,,,,,,,,,,,,,,,,34,,,,,,,,,,1,1,0,0,0,2,0,0,0,,,,,,,,
17159136,2,1,N,Y,,,,99,208,763,0,N,,,,,,,,,,,,,N,,,,,,,,,,,,,,,,,,,,,,,,,61,,,,,,,3,1,0,0,0,0,1,0,0,,,,,,,,
17159137,1,1,N,Y,43,JN8AF5MR6DT215464,2013,17,71,2505,69,N,75203,1,1,29,0,,,,,Y,SOUTHSIDE WRECKER INC,8200 S. CONGRESS AVE,N,,,,,,,,,,,,,,,,,,,,,,64,,,67,60,,,,,,3,1,0,0,0,0,1,0,0,,,,,,,,
17159139,1,1,N,N,43,3FAHP07Z78R124030,2008,10,37,101,104,N,78758,1,2,29,0,,,,,N,AUS-TEX AUTO ENTERPRISES LLC,AUS-TEX AUTO ENTERPRISES LLC,N,,,,,,,,,,,,,,,,,,,,,,67,,,,,,,,,,7,1,0,0,0,1,0,0,0,,,,,,,,
17159140,1,1,N,N,43,4T1BF1FK8DU251963,2013,9,91,380,104,N,78610,1,2,2,2,12,,,,N,,,N,,,,,,,,,,,,,,,,,,,,,,29,20,,,,,,,,,1,1,0,0,0,1,0,0,0,,,,,,,,
17159140,2,1,N,N,43,JTMZF4DV0AD024196,2010,17,91,581,69,N,78744,1,2,6,1,6,,,,N,,,N,,,,,,,,,,,,,,,,,,,,,,0,,,,,,,,,,1,1,1,0,0,0,0,1,0,,,,,,,,
17159142,1,1,N,N,43,1GCCS148668190684,2006,2,107,979,30,N,78753,2,,2,6,,,,,N,620 LAKESIDE TOWING,620 LAKESIDE TOWING,N,,,,,,,,,,,,,,,,,,,,,,,,,20,40,,,,,,3,1,0,0,0,1,0,0,0,,,,,,,,
17159143,1,1,N,N,43,1FTEW1CP7JKF27574,2018,2,37,2324,30,N,78758,1,2,29,0,,,,,N,STARS TOWING,STARS TOWING,N,,,,,,,,,,,,,,,,,,,,,,22,,,,,,,,,,4,1,0,0,0,1,0,0,0,,,,,,,,
17159144,1,1,N,N,43,JTMBF33VX95016433,2009,,91,581,104,N,78703,1,1,3,4,11,,,,,HARPERS TOWING SERVICE INC,HARPERS TOWING SERVICE INC,N,,,,,,,,,,,,,,,,,,,,,,35,,,,,,,,,,5,1,0,1,0,0,0,1,0,,,,,,,,
17159144,2,1,N,N,43,5LMFU27578LJ10378,2008,,113,638,69,N,77450,1,1,4,4,1,,,,,ROCHAS TOWING SERVICE,ROCHAS TOWING SERVICE,N,,,,,,,,,,,,,,,,,,,,,,0,,,,,,,,,,7,1,0,0,0,1,0,0,0,,,,,,,,
17159145,1,1,N,N,43,2GNALBEK4H1611450,2017,21,107,1048,69,N,78721,4,,7,1,7,,,,N,,,N,,,,,,,,,,,,,,,,,,,,,,0,,,,,,,,,,4,1,0,0,0,1,0,0,0,,,,,,,,
17159145,2,1,N,N,43,1N4BL2AP4CN560768,2012,11,71,500,104,N,78681,1,2,7,1,7,,,,N,,,N,,,,,,,,,,,,,,,,,,,,,,0,,,,,,,,,,6,1,0,0,0,1,0,0,0,,,,,,,,
17159259,1,1,N,N,43,3LN6L2LU9ER815280,2014,2,113,2452,104,N,78759,1,1,11,1,10,,,,N,,,N,,,,,,,,,,,,,,,,,,,,,,39,,,,,,,,,,4,1,0,0,0,1,0,0,0,,,,,,,,
17159259,2,1,N,N,43,1GKKRRKD1EJ356739,2014,17,39,105,69,N,78641,1,1,14,1,4,,,,,,,N,,,,,,,,,,,,,,,,,,,,,,60,,,,,,,,,,4,1,0,0,0,1,0,0,0,,,,,,,,
17159260,1,1,N,N,43,19XFC2F79JE025862,2018,21,44,256,104,N,78748,2,,6,4,6,4,3,11,Y,SOUTHSIDE WRECKER INC,8200 S. CONGRESS AVE,N,,,,,,,,,,,,,,,,,,,,,,44,,,,,,,,,,1,1,0,1,0,0,0,1,0,,,,,,,,
17159260,2,1,N,N,43,KNMAT2MT0HP596466,2017,21,71,1310,69,N,78747,1,2,7,2,7,3,1,12,Y,SOUTHSIDE WRECKER INC,8200 S. CONGRESS AVE,N,,,,,,,,,,,,,,,,,,,,,,0,,,,,,,,,,1,1,0,0,1,0,0,1,0,,,,,,,,
17159260,3,1,N,N,43,5TEGN92N52Z102300,2002,21,91,629,30,N,78606,1,2,2,3,12,,,,Y,ROCHAS TOWING SERVICE,ROCHAS TOWING SERVICE,N,,,,,,,,,,,,,,,,,,,,,,44,,,,,,,,,,1,2,0,0,1,0,0,1,0,,,,,,,,
17159260,4,6,,,,,,,,,,,78606,,,,,,,,,,,,,,,,,,,,,,,,,,,,,,,,,,0,,,,,,,,,,9,2,0,0,0,0,0,0,0,,,,,,,,
17159260,5,1,N,N,43,1N4AL3AP6HC238654,2017,9,71,500,104,N,78616,1,2,6,1,6,,,,N,,,N,,,,,,,,,,,,,,,,,,,,,,0,,,,,,,,,,1,2,0,0,1,0,0,1,0,,,,,,,,
17159261,1,1,N,N,43,4T4BF3EK9BR095125,2011,17,91,380,104,N,78758,1,1,4,3,1,,,,N,,,N,,,,,,,,,,,,,,,,,,,,,,74,,,,,,,,,,5,1,0,0,0,0,1,0,0,,,,,,,,
17159261,2,1,N,N,43,4T1BF3EK2BU716277,2011,8,91,380,104,N,78750,1,1,2,7,12,8,3,5,Y,LAMONT & SONS,LAMONT & SONS,N,,,,,,,,,,,,,,,,,,,,,,0,,,,,,,,,,1,1,0,0,0,1,0,0,0,,,,,,,,