Crash_ID,Unit_Nbr,Unit_Desc_ID,Veh_Parked_Fl,Veh_HNR_Fl,Veh_Lic_State_ID,VIN,Veh_Mod_Year,Veh_Color_ID,Veh_Make_ID,Veh_Mod_ID,Veh_Body_Styl_ID,Emer_Respndr_Fl,Ownr_Zip,Fin_Resp_Proof_ID,Fin_Resp_Type_ID,Veh_Dmag_Area_1_ID,Veh_Dmag_Scl_1_ID,Force_Dir_1_ID,Veh_Dmag_Area_2_ID,Veh_Dmag_Scl_2_ID,Force_Dir_2_ID,Veh_Inventoried_Fl,Veh_Transp_Name,Veh_Transp_Dest,Veh_Cmv_Fl,Cmv_Fiveton_Fl,Cmv_Hazmat_Fl,Cmv_Nine_Plus_Pass_Fl,Cmv_Veh_Oper_ID,Cmv_Carrier_ID_Type_ID,Cmv_Carrier_Zip,Cmv_Veh_Type_ID,Cmv_GVWR,Cmv_RGVW,Cmv_Hazmat_Rel_Fl,Hazmat_Cls_1_ID,Hazmat_IDNbr_1_ID,Hazmat_Cls_2_ID,Hazmat_IDNbr_2_ID,Cmv_Cargo_Body_ID,Cmv_Evnt1_ID,Cmv_Evnt2_ID,Cmv_Evnt3_ID,Cmv_Evnt4_ID,Cmv_Tot_Axle,Cmv_Tot_Tire,Contrib_Factr_1_ID,Contrib_Factr_2_ID,Contrib_Factr_3_ID,Contrib_Factr_P1_ID,Contrib_Factr_P2_ID,Veh_Dfct_1_ID,Veh_Dfct_2_ID,Veh_Dfct_3_ID,Veh_Dfct_P1_ID,Veh_Dfct_P2_ID,Veh_Trvl_Dir_ID,First_Harm_Evt_Inv_ID,Sus_Serious_Injry_Cnt,Nonincap_Injry_Cnt,Poss_Injry_Cnt,Non_Injry_Cnt,Unkn_Injry_Cnt,Tot_Injry_Cnt,Death_Cnt,Cmv_Disabling_Damage_Fl,Cmv_Bus_Type_ID,Trlr_GVWR,Trlr_RGVW,Trlr_Type_ID,Trlr_Disabling_Dmag_ID,Cmv_Intermodal_Container_Permit_Fl,CMV_Actual_Gross_Weight
17159262,1,1,N,Y,43,1HGCS12859A025453,2009,3,44,236,100,N,78665,1,2,2,7,12,,,,N,HARPERS TOWING SERVICE INC,IMPOUND,N,,,,,,,,,,,,,,,,,,,,,,74,,,,,,,,,,4,1,0,0,0,0,1,0,0,,,,,,,,
17159262,2,1,Y,N,43,5J6YH2H73BL003088,2011,11,44,760,69,N,78702,1,2,6,6,6,,,,N,,,N,,,,,,,,,,,,,,,,,,,,,,0,,,,,,,,,,4,1,0,0,0,0,0,0,0,,,,,,,,
17159263,1,1,N,N,43,3GNDA23D58S543557,2008,9,107,1142,104,N,78753,1,2,16,2,2,,,,N,ROCHAS TOWING SERVICE,ROCHAS TOWING SERVICE,N,,,,,,,,,,,,,,,,,,,,,,22,,,20,,,,,,,5,1,0,0,0,1,0,0,0,,,,,,,,
17159264,1,1,N,N,43,5J6RM3H3XEL008151,2019,21,44,605,69,N,76084,1,1,2,4,1,,,,Y,SOUTHSIDE WRECKER INC,5526 1/2 W HWY 290,N,,,,,,,,,,,,,,,,,,,,,,23,,,,,,,,,,3,1,0,1,0,1,0,1,0,,,,,,,,
17159264,2,1,Y,N,43,1FTRW07L31KC51123,2001,21,37,2324,30,N,78741,1,1,6,2,8,,,,N,,,N,,,,,,,,,,,,,,,,,,,,,,0,,,,,,,,,,3,1,0,0,0,0,0,0,0,,,,,,,,
17159265,1,1,N,Y,43,2T3YFREV9FW228402,2015,21,91,581,69,N,78719,1,2,1,3,12,,,,Y,AUS-TEX AUTO ENTERPRISES LLC,AUS-TEX AUTO ENTERPRISES LLC,N,,,,,,,,,,,,,,,,,,,,,,22,74,,,,,,,,,6,1,0,0,3,0,1,3,0,,,,,,,,
17159266,1,1,N,N,43,JTEZU14R440042473,2004,2,91,395,104,N,78746,1,1,2,1,1,,,,N,,,N,,,,,,,,,,,,,,,,,,,,,,0,,,,,,,,,,3,1,0,0,0,1,0,0,0,,,,,,,,
17159266,2,3,,,,,,,,,,,,,,,,,,,,,,,,,,,,,,,,,,,,,,,,,,,,,0,,,,,,,,,,9,1,0,1,0,0,0,1,0,,,,,,,,
17159267,1,1,N,N,43,1FTEW1CP6JKE70655,2018,2,37,2324,30,N,78653,1,2,1,4,12,,,,Y,A-TEX TOWING,5526 1/2 W HWY 290,N,,,,,,,,,,,,,,,,,,,,,,15,,,,,,,,,,3,1,0,0,0,1,0,0,0,,,,,,,,
17159267,2,1,N,N,43,1C4PJMAKXCW204437,2012,17,429,1181,104,N,78749,1,2,15,3,11,,,,Y,ROCHAS TOWING SERVICE,ROCHAS TOWING SERVICE,N,,,,,,,,,,,,,,,,,,,,,,0,,,,,,,,,,1,1,0,0,1,0,0,1,0,,,,,,,,
17159268,1,1,N,N,43,1FM5K7D87HGB30834,2017,2,37,554,69,N,78730,1,1,4,7,1,18,7,3,N,AVILES & GABES WRECKER SERVICE INC.,AVILES & GABES WRECKER SERVICE INC.,N,,,,,,,,,,,,,,,,,,,,,,19,20,,,,,,,,,4,1,0,0,0,1,0,0,0,,,,,,,,
17159268,2,1,N,N,43,1M2AG11C97M068004,2007,21,706,2455,0,N,,1,1,,,,,,,N,DRIVER,UNKNOWN,N,,,,,,,,,,,,,,,,,,,,,,0,,,,,,,,,,4,1,0,0,0,1,0,0,0,,,,,,,,
17159269,1,1,N,N,43,1FMCU0F79KUA18025,2019,2,37,711,69,N,78653,1,2,2,3,12,,,,Y,LAMONT & SONS,LAMONT & SONS,N,,,,,,,,,,,,,,,,,,,,,,,,,15,,,,,,,2,1,0,3,0,0,0,3,0,,,,,,,,
17159269,2,1,N,N,43,5TFTU4GN5DX029257,2013,21,91,629,30,N,78617,1,2,14,3,3,,,,Y,CLARK AUTO CARE,CLARK AUTO CARE,N,,,,,,,,,,,,,,,,,,,,,,0,,,,,,,,,,4,1,0,0,0,1,0,0,0,,,,,,,,
17159270,1,1,N,N,43,1FTFW1CT1CKD85517,2012,9,37,2324,30,N,78380,1,1,2,3,12,,,,N,BULLET TOWING,BULLET TOWING,N,,,,,,,,,,,,,,,,,,,,,,19,,,,,,,,,,1,1,0,0,0,1,0,0,0,,,,,,,,
17159270,2,1,Y,N,43,JM3KE2CY3G0727951,2016,21,63,2471,104,N,78749,1,1,6,3,6,12,2,1,N,ATX-VIP TOWING SERVICES,ATX-VIP TOWING SERVICES,N,,,,,,,,,,,,,,,,,,,,,,0,,,,,,,,,,1,1,0,0,0,0,0,0,0,,,,,,,,
17159271,1,1,N,N,43,SMTC05LR2BJ479072,2011,2,735,4352,71,N,78747,1,1,26,1,,,,,N,BULLET TOWING,BULLET TOWING,N,,,,,,,,,,,,,,,,,,,,,,41,,,,,,,,,,2,1,0,0,1,0,0,1,0,,,,,,,,
17159276,1,1,N,Y,43,3N1AB7AP4EY268083,2014,2,71,341,104,N,78741,1,2,14,3,3,,,,,ROCHAS TOWING SERVICE,1109 S PLEASANT VALLEY RD,N,,,,,,,,,,,,,,,,,,,,,,,,,66,,,,,,,5,1,0,0,0,0,1,0,0,,,,,,,,
17159276,2,1,N,N,43,1GBEC16K5PJ379887,1993,21,107,249,104,N,77379,1,2,2,2,12,,,,,,,N,,,,,,,,,,,,,,,,,,,,,,0,,,,,,,,,,1,1,0,0,0,1,0,0,0,,,,,,,,
17159746,1,1,N,N,43,5TDZK3DC0ES413158,2014,21,91,648,103,N,78653,1,1,4,2,1,,,,N,,,N,,,,,,,,,,,,,,,,,,,,,,20,,,,,,,,,,3,1,0,0,0,1,0,0,0,,,,,,,,
17159746,2,1,N,N,43,2FMHK6DT1CBD16459,2012,21,37,1088,69,N,78617,1,1,7,2,7,,,,N,AVILES WRECKER: 512-517-0625,"13350 OLD KIMBRO, MANOR 78653",N,,,,,,,,,,,,,,,,,,,,,,0,,,,,,,,,,3,1,0,0,1,0,0,1,0,,,,,,,,
17159773,1,1,N,N,43,2T1BR32E23C102354,2003,9,91,380,104,N,78748,1,2,3,1,12,,,,N,,,N,,,,,,,,,,,,,,,,,,,,,,0,,,,,,,,,,6,1,0,0,0,1,0,0,0,,,,,,,,
17159773,2,1,N,N,24,5J6YH28563L042130,2003,13,44,760,104,N,39564,1,2,10,1,4,,,,N,,,N,,,,,,,,,,,,,,,,,,,,,,4,,,,,,,,,,6,1,0,0,0,1,0,0,0,,,,,,,,
17160004,1,1,N,N,43,1J4GL48KX2W156379,2002,3,429,1181,69,N,78753,2,,2,1,12,,,,Y,,,N,,,,,,,,,,,,,,,,,,,,,,45,22,,,,,,,,,3,1,0,0,0,2,0,0,0,,,,,,,,
17160004,2,1,N,N,43,2C3CCAAG0DH589451,2013,22,21,65,104,N,78753,1,7,6,1,6,,,,N,,,N,,,,,,,,,,,,,,,,,,,,,,0,,,,,,,,,,3,1,0,1,0,0,0,1,0,,,,,,,,
17161580,1,1,N,N,43,1HGEJ6229YL127457,2000,2,44,256,100,N,78745,1,2,12,1,2,,,,N,ROCHAS TOWING SERVICE,ROCHAS TOWING SERVICE,N,,,,,,,,,,,,,,,,,,,,,,26,,,,,,,,,,2,1,0,0,0,1,0,0,0,,,,,,,,
17161580,2,1,N,N,13,1FUJGLDV7FLGM6579,2014,21,38,3001,87,N,61832,1,2,,,,,,,N,,,Y,Y,N,N,1,2,61832,9,23500,0,N,,,,,3,13,,,,,,0,,,,,,,,,,2,1,0,0,0,1,0,0,0,N,0,,,,,N,
17161580,3,6,,,,,,,,,,,61832,,,,,,,,,,,,,,,,,,,,,,,,,,,,,,,,,,0,,,,,,,,,,9,2,0,0,0,0,0,0,0,,,0,65000,2,N,,
17161581,1,1,N,N,43,1FM5K7B83EGA12469,2014,21,37,554,69,N,78753,1,2,7,2,7,,,,N,ROCHAS TOWING SERVICE,ROCHAS TOWING SERVICE,N,,,,,,,,,,,,,,,,,,,,,,4,,,,,,,,,,8,1,0,0,2,0,0,2,0,,,,,,,,
17161581,2,1,N,N,43,3N1CE2CP1EL382703,2014,9,71,3996,69,N,78620,1,2,2,3,11,,,,N,EZ AUTO AND TOWING SERVICE,EZ AUTO AND TOWING SERVICE,N,,,,,,,,,,,,,,,,,,,,,,0,,,,,,,,,,8,1,0,0,1,2,0,1,0,,,,,,,,
17161582,1,1,N,N,43,2G1125S38E9305951,2014,2,107,53,104,N,78751,1,2,12,5,3,,,,N,EZ AUTO AND TOWING SERVICE,EZ AUTO AND TOWING SERVICE,N,,,,,,,,,,,,,,,,,,,,,,35,,,,,,,,,,1,1,0,0,0,1,0,0,0,,,,,,,,
17161582,2,1,N,N,43,3CZRM3H50CG705775,2012,9,44,605,69,N,78745,1,2,3,3,11,,,,N,SPECIAL AUTOMOTIVE SERVICE INC,SPECIAL AUTOMOTIVE SERVICE INC,N,,,,,,,,,,,,,,,,,,,,,,0,,,,,,,,,,7,1,0,0,0,2,0,0,0,,,,,,,,
17161583,1,1,N,N,43,3C6JD6AT2CG136075,2012,2,109,2275,30,N,78610,1,2,2,2,12,,,,N,,,N,,,,,,,,,,,,,,,,,,,,,,44,,,,,,,,,,1,1,0,0,0,1,0,0,0,,,,,,,,
17161583,2,1,N,N,43,3HGGK5H83FM742996,2015,2,44,1083,104,N,78723,1,2,6,1,6,,,,N,,,N,,,,,,,,,,,,,,,,,,,,,,0,,,,,,,,,,1,1,0,0,1,0,0,1,0,,,,,,,,
17161584,1,1,N,N,43,JN8AZ08T45W306796,2005,3,71,777,69,N,78610,1,2,1,1,12,,,,N,,,N,,,,,,,,,,,,,,,,,,,,,,44,,,,,,,,,,1,1,0,0,0,1,0,0,0,,,,,,,,
17161584,2,1,N,N,43,5FNRL38266B101950,2006,10,44,571,103,N,78721,1,2,5,1,6,,,,N,,,N,,,,,,,,,,,,,,,,,,,,,,0,,,,,,,,,,1,1,0,1,0,0,0,1,0,,,,,,,,
17161585,1,1,N,N,43,WBA3B1C59FK137047,2015,16,14,2165,104,N,78719,1,1,11,2,9,4,2,1,N,ROCHAS TOWING SERVICE,ROCHAS TOWING SERVICE,N,,,,,,,,,,,,,,,,,,,,,,0,,,,,,,,,,3,1,0,1,0,1,0,1,0,,,,,,,,
17161585,2,1,N,N,43,1G1BC5SM0J7226196,2018,17,107,2209,104,N,78735,1,1,12,2,5,,,,N,NOT TOWED,NOT TOWED,N,,,,,,,,,,,,,,,,,,,,,,0,,,,,,,,,,3,1,0,0,0,2,0,0,0,,,,,,,,
17161585,3,1,N,N,43,15GGD2712G1187512,2016,3,40,3031,47,N,78702,1,1,7,1,6,,,,N,NOT TOWED,NOT TOWED,N,,,,,,,,,,,,,,,,,,,,,,0,,,,,,,,,,3,2,0,0,0,1,0,0,0,,,,,,,,
17161586,1,1,N,N,43,1N4AB7AP8EN852891,2014,9,71,341,104,N,78665,1,2,3,5,10,,,,N,620 LAKESIDE TOWING,620 LAKESIDE TOWING,N,,,,,,,,,,,,,,,,,,,,,,34,,,,,,,,,,8,1,0,0,0,1,0,0,0,,,,,,,,
17161586,2,1,N,N,43,1GCGC24R1WE143951,1998,21,107,2205,30,N,76578,1,2,4,2,1,,,,N,NA,DRIVEN BY OWNER,N,,,,,,,,,,,,,,,,,,,,,,0,,,,,,,,,,2,1,0,0,0,1,0,0,0,,,,,,,,
17161587,1,1,N,Y,,,,9,37,1097,104,N,,,,,,,,,,,,,N,,,,,,,,,,,,,,,,,,,,,,33,,,,,,,,,,2,1,0,0,0,0,1,0,0,,,,,,,,
17161587,2,1,N,N,43,JHMFC1F32KX003466,2019,17,44,256,104,N,78725,1,1,16,2,3,,,,N,,,N,,,,,,,,,,,,,,,,,,,,,,0,,,,,,,,,,4,1,0,1,0,1,0,1,0,,,,,,,,
17161588,1,1,N,N,43,3N1AB7AP2HY373905,2017,21,71,341,104,N,78702,1,2,2,5,12,,,,Y,CLARK AUTO CARE,CLARK AUTO CARE,N,,,,,,,,,,,,,,,,,,,,,,0,,,,,,,,,,3,1,0,0,0,1,0,0,0,,,,,,,,
17161588,2,1,N,N,43,4T1BD1FK4DU070106,2013,17,91,173,104,N,78721,1,2,6,2,6,,,,N,,,N,,,,,,,,,,,,,,,,,,,,,,0,,,,,,,,,,3,1,0,0,0,1,0,0,0,,,,,,,,
17161589,1,1,N,N,43,1N4AL3AP9HC264326,2017,2,71,500,104,N,78681,1,2,1,2,12,,,,N,620 LAKESIDE TOWING,620 LAKESIDE TOWING,N,,,,,,,,,,,,,,,,,,,,,,44,,,,,,,,,,1,1,0,0,0,1,0,0,0,,,,,,,,
17161589,2,1,N,N,43,WAUGFAFC9FN039277,2015,16,8,2149,104,N,78613,1,2,5,1,6,,,,N,,,N,,,,,,,,,,,,,,,,,,,,,,0,,,,,,,,,,1,1,0,0,0,1,0,0,0,,,,,,,,
17161590,1,1,N,N,43,WAUACGFF5F1005713,2015,2,8,892,104,N,78745,1,1,11,2,9,3,2,10,N,ROCHAS TOWING SERVICE,ROCHAS TOWING SERVICE,N,,,,,,,,,,,,,,,,,,,,,,0,,,,,,,,,,3,1,0,0,1,0,0,1,0,,,,,,,,
17161590,2,1,N,N,43,1FTEW1EP1HKD52620,2017,9,37,2324,30,N,78744,1,1,4,1,12,,,,N,NONE,NONE,N,,,,,,,,,,,,,,,,,,,,,,0,,,,,,,,,,5,1,0,0,0,1,0,0,0,,,,,,,,
17161591,1,1,N,N,43,WMWZF3C57DT491084,2013,9,115,786,100,N,78749,1,2,10,2,,,,,N,ATX-VIP TOWING SERVICES,ATX-VIP TOWING SERVICES,N,,,,,,,,,,,,,,,,,,,,,,0,,,,,,,,,,1,1,0,0,0,1,0,0,0,,,,,,,,
17161591,2,1,N,N,43,JM1BL1TF3D1702447,2013,17,63,1210,104,N,78757,1,2,2,2,11,,,,N,,,N,,,,,,,,,,,,,,,,,,,,,,0,,,,,,,,,,7,1,0,0,0,1,0,0,0,,,,,,,,
17161592,1,1,N,N,14,4T1BE30K23U665116,2003,3,91,380,104,N,78741,2,,9,3,9,,,,Y,EZ AUTO AND TOWING SERVICE,EZ AUTO AND TOWING SERVICE,N,,,,,,,,,,,,,,,,,,,,,,67,,,,,,,,,,7,1,0,0,0,1,0,0,0,,,,,,,,
17161592,2,1,N,N,43,3VWJZ7AJ1AM003396,2010,3,96,316,104,Y,78240,1,2,4,3,1,,,,Y,EZ AUTO AND TOWING SERVICE,EZ AUTO AND TOWING SERVICE,N,,,,,,,,,,,,,,,,,,,,,,0,,,,,,,,,,1,1,0,1,0,1,0,1,0,,,,,,,,
17161593,1,1,N,N,43,2T1KR32E66C602120,2006,21,91,1208,104,N,78729,2,,2,3,12,,,,,,,N,,,,,,,,,,,,,,,,,,,,,,68,,,,,,,,,,1,1,0,0,0,1,0,0,0,,,,,,,,
17161593,2,1,N,N,43,1GNES16S546138156,2004,18,107,732,69,N,78640,1,1,7,2,,,,,,,,N,,,,,,,,,,,,,,,,,,,,,,0,,,,,,,,,,1,1,0,0,0,1,0,0,0,,,,,,,,
17161594,1,1,N,N,43,2HGEJ6444WH113619,1998,17,44,107,100,N,78748,2,,,,,,,,,,,N,,,,,,,,,,,,,,,,,,,,,,0,,,,,,,,,,1,1,0,1,0,0,0,1,0,,,,,,,,
17161596,1,1,N,N,43,JH2MF0119FK001367,1985,16,44,107,71,N,78731,2,,2,3,12,6,3,6,Y,AVILES & GABES WRECKER SERVICE INC.,AVILES & GABES WRECKER SERVICE INC.,N,,,,,,,,,,,,,,,,,,,,,,74,,,,,12,,,,,1,1,0,1,0,0,0,1,0,,,,,,,,
17161596,2,1,N,N,43,1N4AL3AP6FC127969,2015,21,71,500,104,N,78745,1,2,3,1,11,,,,N,,,N,,,,,,,,,,,,,,,,,,,,,,20,,,,,,,,,,1,2,0,0,0,1,0,0,0,,,,,,,,
17161597,1,1,N,N,43,3GCPCSEA3BG110932,2011,5,107,2236,30,N,78753,1,2,2,2,12,,,,N,,,N,,,,,,,,,,,,,,,,,,,,,,20,44,,,,,,,,,7,1,0,0,0,1,0,0,0,,,,,,,,
17161597,2,1,N,N,33,1N4AL24E48C148956,2008,3,71,500,100,N,78753,1,2,6,2,6,,,,N,,,N,,,,,,,,,,,,,,,,,,,,,,0,,,,,,,,,,7,1,0,0,0,1,0,0,0,,,,,,,,
17161598,1,1,N,N,43,KMHDU46D89U626727,2009,15,45,480,104,N,78660,1,2,3,4,11,,,,N,ARMADA TOWING,ARMADA TOWING,N,,,,,,,,,,,,,,,,,,,,,,22,,,,,,,,,,1,1,0,0,0,1,0,0,0,,,,,,,,
17161599,1,1,N,N,43,4T1BE46K98U242585,2008,17,91,380,104,N,78752,1,2,4,2,1,,,,N,AVILES & GABES WRECKER SERVICE INC.,AVILES & GABES WRECKER SERVICE INC.,N,,,,,,,,,,,,,,,,,,,,,,44,,,20,,,,,,,5,1,0,0,1,0,0,1,0,,,,,,,,
17161599,2,1,N,N,43,3C6UR5FL7GG380621,2016,2,710,4101,30,N,78660,1,2,7,0,6,,,,N,,,N,,,,,,,,,,,,,,,,,,,,,,0,,,,,,,,,,5,1,0,0,0,1,0,0,0,,,,,,,,
17161599,3,6,,,,,,,,,,,78660,,,,,,,,,,,,,,,,,,,,,,,,,,,,,,,,,,0,,,,,,,,,,9,2,0,0,0,0,0,0,0,,,,,,,,
17161600,1,1,N,N,43,1FDEE1428VHB68997,1997,21,37,600,103,N,78725,1,2,9,4,9,,,,N,STARS TOWING,STARS TOWING,N,,,,,,,,,,,,,,,,,,,,,,15,,,,,,,,,,6,1,0,0,0,2,0,0,0,,,,,,,,
17161600,2,1,N,N,43,1J8GS48K99C549707,2009,2,429,1116,104,N,78681,3,2,4,4,12,,,,N,STARS TOWING,STARS TOWING,N,,,,,,,,,,,,,,,,,,,,,,0,,,,,,,,,,1,1,0,0,0,1,0,0,0,,,,,,,,
17161601,1,1,N,N,43,5XYPG4A36HG192993,2017,2,55,767,69,N,78704,1,1,1,1,12,,,,N,,,N,,,,,,,,,,,,,,,,,,,,,,0,,,,,,,,,,5,1,0,0,0,1,0,0,0,,,,,,,,
17161601,2,1,N,N,43,1FTVX12V89KB49323,2009,21,37,2324,30,N,78767,1,7,5,0,6,,,,N,,,N,,,,,,,,,,,,,,,,,,,,,,0,,,,,,,,,,5,1,0,0,1,0,0,1,0,,,,,,,,
17161603,1,1,N,N,43,5FNRL5H69EB090584,2014,9,44,571,103,N,78613,1,1,2,3,12,,,,N,,,N,,,,,,,,,,,,,,,,,,,,,,22,,,,,,,,,,4,1,0,0,0,1,0,0,0,,,,,,,,
17161603,2,1,N,N,43,JN8AT2MT2HW403857,2017,2,71,1310,69,N,78613,1,1,6,2,6,,,,N,,,N,,,,,,,,,,,,,,,,,,,,,,0,,,,,,,,,,4,1,0,1,0,1,0,1,0,,,,,,,,
17161604,1,1,N,N,43,5N1DL0MN7HC555970,2017,2,47,3579,69,N,78748,1,2,12,4,3,16,3,3,N,EZ AUTO AND TOWING SERVICE,EZ AUTO AND TOWING SERVICE,N,,,,,,,,,,,,,,,,,,,,,,15,,,,,,,,,,4,1,0,0,0,1,0,0,0,,,,,,,,
17161604,2,1,N,N,43,5TDKK3DC9ES481931,2014,8,91,648,103,N,78745,1,2,3,5,12,2,3,12,N,ROCHAS TOWING SERVICE,,N,,,,,,,,,,,,,,,,,,,,,,0,,,,,,,,,,2,1,0,1,0,0,0,1,0,,,,,,,,
17161605,1,1,N,N,43,2HKRW5H30JH405667,2018,3,44,605,104,N,78756,1,1,3,2,11,,,,N,STARS TOWING,STARS TOWING,N,,,,,,,,,,,,,,,,,,,,,,34,,,,,,,,,,5,1,0,0,0,1,0,0,0,,,,,,,,
17161605,2,1,N,N,43,1GCHC54KX9F191018,2009,21,107,2205,30,N,78758,1,1,4,3,2,,,,N,LAMONT & SONS,LAMONT & SONS,N,,,,,,,,,,,,,,,,,,,,,,0,,,,,,,,,,7,1,0,0,0,1,0,0,0,,,,,,,,
17161608,1,1,N,N,43,4A3AB36F17E078650,2007,17,68,392,104,N,78666,1,2,3,1,11,,,,N,,,N,,,,,,,,,,,,,,,,,,,,,,23,,,,,,,,,,4,1,0,0,0,1,0,0,0,,,,,,,,
17161608,2,1,N,N,43,4A3AB36FX9E043981,2009,17,68,392,104,N,78644,1,2,8,1,4,,,,N,,,N,,,,,,,,,,,,,,,,,,,,,,0,,,,,,,,,,4,1,0,0,1,0,0,1,0,,,,,,,,
17161660,1,1,N,N,43,1C4RJFDJ7JC289615,2018,2,429,970,69,N,78748,1,2,2,6,12,,,,N,,,N,,,,,,,,,,,,,,,,,,,,,,37,,,,,,,,,,7,1,0,0,0,1,0,0,0,,,,,,,,
17161660,2,1,N,N,43,JM1BK34L491246078,2009,21,63,2477,104,N,78735,1,2,2,6,12,14,5,3,Y,,,N,,,,,,,,,,,,,,,,,,,,,,0,,,,,,,,,,1,1,0,1,0,0,0,1,0,,,,,,,,
17161661,1,1,N,N,12,5XYZTDLB3JG558746,2018,3,45,713,69,N,,1,2,15,3,9,,,,N,,,N,,,,,,,,,,,,,,,,,,,,,,4,,,,,,,,,,1,1,0,0,0,1,0,0,0,,,,,,,,
17161661,2,1,N,N,43,1GC4KYC8XGF259873,2016,21,107,195,30,N,78619,1,2,14,1,3,,,,N,,,N,,,,,,,,,,,,,,,,,,,,,,0,,,,,,,,,,1,1,0,0,0,1,0,0,0,,,,,,,,
17161662,1,1,N,N,43,3VWPW31CX9M517580,2009,16,96,181,100,N,78724,2,,2,1,12,,,,N,AUS-TEX AUTO ENTERPRISES LLC,AUS-TEX AUTO ENTERPRISES LLC,N,,,,,,,,,,,,,,,,,,,,,,,,,19,20,,,,,,1,1,0,0,0,4,0,0,0,,,,,,,,
17161662,2,1,N,N,43,JM1GJ1U55G1422101,2016,5,63,870,104,N,78753,1,1,2,1,12,,,,N,SOUTHSIDE WRECKER INC,SOUTHSIDE LOT,N,,,,,,,,,,,,,,,,,,,,,,,,,19,20,,,,,,7,1,0,1,0,0,0,1,0,,,,,,,,
17161663,1,1,N,Y,43,,,18,107,658,30,N,,2,,2,3,12,,,,N,,,N,,,,,,,,,,,,,,,,,,,,,,44,20,,,,,,,,,3,1,0,0,0,0,1,0,0,,,,,,,,
17161663,2,1,N,N,43,1GNSCAE02DR281161,2013,21,107,547,69,N,78747,1,2,6,2,6,,,,N,,,N,,,,,,,,,,,,,,,,,,,,,,0,,,,,,,,,,3,1,0,1,0,0,0,1,0,,,,,,,,
17161664,1,1,N,N,43,2G1WB58K981320921,2008,17,107,53,104,N,78752,1,2,16,3,3,,,,N,AVILES & GABES WRECKER SERVICE INC.,AVILES & GABES WRECKER SERVICE INC.,N,,,,,,,,,,,,,,,,,,,,,,0,,,,,,,,,,5,1,0,0,0,2,0,0,0,,,,,,,,
17161664,2,1,N,N,43,KMHWF25H64A007131,2004,2,45,462,104,N,78753,3,2,2,3,12,,,,N,EZ AUTO AND TOWING SERVICE,EZ AUTO AND TOWING SERVICE,N,,,,,,,,,,,,,,,,,,,,,,0,,,,,,,,,,2,1,0,0,0,1,0,0,0,,,,,,,,
17161665,1,1,N,N,43,5TFHW5F19EX346075,2014,2,91,687,30,N,78734,1,1,4,2,12,,,,N,,,N,,,,,,,,,,,,,,,,,,,,,,58,,,,,,,,,,2,1,0,0,0,1,0,0,0,,,,,,,,
17161665,2,1,N,N,43,1HGEJ8546YL002649,2000,1,44,256,104,N,78745,1,1,12,3,3,,,,N,620 LAKESIDE TOWING,620 LAKESIDE TOWING,N,,,,,,,,,,,,,,,,,,,,,,0,,,,,,,,,,6,1,0,0,1,0,0,1,0,,,,,,,,
17161666,1,1,N,N,43,4T1BE46K57U594531,2007,21,91,380,104,N,78664,1,2,2,4,12,,,,Y,AUS-TEX AUTO ENTERPRISES LLC,AUS-TEX AUTO ENTERPRISES LLC,N,,,,,,,,,,,,,,,,,,,,,,67,,,,,,,,,,7,1,0,0,0,1,0,0,0,,,,,,,,
17161666,2,1,N,N,43,5YFBURHE2HP732598,2017,9,91,173,104,N,78758,1,2,2,4,12,,,,N,620 LAKESIDE TOWING,620 LAKESIDE TOWING,N,,,,,,,,,,,,,,,,,,,,,,0,,,,,,,,,,3,1,0,1,0,0,0,1,0,,,,,,,,
17161667,1,1,N,Y,43,5N1AZ2MG1FN246107,2015,13,71,,69,N,78705,,,,,,,,,,,,N,,,,,,,,,,,,,,,,,,,,,,20,,,60,,,,,,,4,1,0,0,0,0,1,0,0,,,,,,,,
17161667,2,4,,,,,,,,,,,,,,,,,,,,,,,,,,,,,,,,,,,,,,,,,,,,,0,,,,,,,,,,9,1,0,0,0,0,1,0,0,,,,,,,,
17161668,1,1,N,Y,43,1N4AL24E79C150198,2009,9,71,500,100,N,78758,1,1,2,4,2,10,3,3,Y,AUS-TEX AUTO ENTERPRISES LLC,AUS-TEX AUTO ENTERPRISES LLC,N,,,,,,,,,,,,,,,,,,,,,,67,,,,,,,,,,6,1,0,0,0,1,0,0,0,,,,,,,,
17161668,2,1,N,N,43,2GBEC19R0V1169892,1997,2,107,2236,30,N,78725,1,1,15,2,9,,,,N,,,N,,,,,,,,,,,,,,,,,,,,,,0,,,,,,,,,,6,1,0,0,0,2,0,0,0,,,,,,,,
17161669,1,1,N,Y,43,1GCGG25C991106267,2009,21,107,2849,103,N,78260,1,2,,,,,,,N,,,N,,,,,,,,,,,,,,,,,,,,,,20,15,,,,,,,,,5,1,0,0,0,0,1,0,0,,,,,,,,
17161669,2,1,N,N,43,JM1BL1L74D1791969,2013,2,63,3917,104,N,78701,1,2,2,7,12,,,,N,,,N,,,,,,,,,,,,,,,,,,,,,,0,,,,,,,,,,7,1,0,0,0,2,0,0,0,,,,,,,,
17161670,1,1,N,N,43,1FUP2SYB3JH340023,1988,3,38,1524,92,N,78660,1,2,15,1,9,,,,N,SOUTHSIDE WRECKER INC,14506 CELESTIAL LANE,Y,Y,N,N,2,2,78660,6,67800,0,N,,,,,6,98,,,,,,74,,,,,,,,,,3,1,0,0,0,0,1,0,0,N,0,,,,,N,