Crash_ID,Unit_Nbr,Unit_Desc_ID,Veh_Parked_Fl,Veh_HNR_Fl,Veh_Lic_State_ID,VIN,Veh_Mod_Year,Veh_Color_ID,Veh_Make_ID,Veh_Mod_ID,Veh_Body_Styl_ID,Emer_Respndr_Fl,Ownr_Zip,Fin_Resp_Proof_ID,Fin_Resp_Type_ID,Veh_Dmag_Area_1_ID,Veh_Dmag_Scl_1_ID,Force_Dir_1_ID,Veh_Dmag_Area_2_ID,Veh_Dmag_Scl_2_ID,Force_Dir_2_ID,Veh_Inventoried_Fl,Veh_Transp_Name,Veh_Transp_Dest,Veh_Cmv_Fl,Cmv_Fiveton_Fl,Cmv_Hazmat_Fl,Cmv_Nine_Plus_Pass_Fl,Cmv_Veh_Oper_ID,Cmv_Carrier_ID_Type_ID,Cmv_Carrier_Zip,Cmv_Veh_Type_ID,Cmv_GVWR,Cmv_RGVW,Cmv_Hazmat_Rel_Fl,Hazmat_Cls_1_ID,Hazmat_IDNbr_1_ID,Hazmat_Cls_2_ID,Hazmat_IDNbr_2_ID,Cmv_Cargo_Body_ID,Cmv_Evnt1_ID,Cmv_Evnt2_ID,Cmv_Evnt3_ID,Cmv_Evnt4_ID,Cmv_Tot_Axle,Cmv_Tot_Tire,Contrib_Factr_1_ID,Contrib_Factr_2_ID,Contrib_Factr_3_ID,Contrib_Factr_P1_ID,Contrib_Factr_P2_ID,Veh_Dfct_1_ID,Veh_Dfct_2_ID,Veh_Dfct_3_ID,Veh_Dfct_P1_ID,Veh_Dfct_P2_ID,Veh_Trvl_Dir_ID,First_Harm_Evt_Inv_ID,Sus_Serious_Injry_Cnt,Nonincap_Injry_Cnt,Poss_Injry_Cnt,Non_Injry_Cnt,Unkn_Injry_Cnt,Tot_Injry_Cnt,Death_Cnt,Cmv_Disabling_Damage_Fl,Cmv_Bus_Type_ID,Trlr_GVWR,Trlr_RGVW,Trlr_Type_ID,Trlr_Disabling_Dmag_ID,Cmv_Intermodal_Container_Permit_Fl,CMV_Actual_Gross_Weight
17161670,2,1,N,N,43,1FUPDXYB3SH559928,1995,3,38,1524,92,N,78750,1,2,10,1,3,,,,N,,,N,,,,,,,,,,,,,,,,,,,,,,74,,,,,,,,,,3,1,0,0,0,1,0,0,0,,,,,,,,
17161671,1,1,N,Y,43,5TFRM5F19JX122986,2018,21,91,687,30,N,78753,1,2,,,,,,,N,,,N,,,,,,,,,,,,,,,,,,,,,,0,,,,,,,,,,2,1,0,0,0,0,0,0,0,,,,,,,,
17161671,2,1,Y,N,43,1FVHCYBS28HY95970,2008,21,38,1524,106,N,78721,1,7,13,1,10,7,1,5,N,,,Y,Y,N,N,4,5,78721,0,58000,0,N,,,,,6,14,,,,,,0,,,,,,,,,,8,1,0,0,0,0,0,0,0,N,0,,,,,N,
17161672,1,1,N,N,43,KMHTC6AD7GU285464,2016,17,45,2381,100,N,78613,1,1,3,6,,,,,Y,SPECIAL AUTOMOTIVE SERVICE INC,SPECIAL AUTOMOTIVE SERVICE INC,N,,,,,,,,,,,,,,,,,,,,,,15,,,,,,,,,,8,1,0,0,1,0,0,1,0,,,,,,,,
17161672,2,1,N,N,43,1FTEX1CP8GKE71974,2016,3,37,2324,30,N,78613,1,1,4,6,2,,,,Y,620 LAKESIDE TOWING,620 LAKESIDE TOWING,N,,,,,,,,,,,,,,,,,,,,,,0,,,,,,,,,,2,1,0,0,0,1,0,0,0,,,,,,,,
17161672,3,1,N,N,43,JF2GPADC8GH335069,2016,3,85,2555,104,N,78732,1,1,3,4,11,15,2,11,Y,,,N,,,,,,,,,,,,,,,,,,,,,,0,,,,,,,,,,6,2,0,0,1,0,0,1,0,,,,,,,,
17161673,1,1,N,N,43,JM1GJ1U65E1151174,2014,16,63,870,103,N,78717,1,1,1,0,12,,,,,,,N,,,,,,,,,,,,,,,,,,,,,,20,,,,,,,,,,4,1,0,0,0,1,0,0,0,,,,,,,,
17161673,2,1,N,N,43,2C4RC1GGXER277050,2014,21,21,64,103,N,78727,1,1,5,0,6,,,,,,,N,,,,,,,,,,,,,,,,,,,,,,0,,,,,,,,,,4,1,0,0,0,1,0,0,0,,,,,,,,
17162662,1,1,N,N,43,3C6UR5FL0GG230561,2016,16,710,4101,30,N,78681,1,2,2,0,12,,,,N,,,N,,,,,,,,,,,,,,,,,,,,,,22,,,,,,,,,,8,1,0,0,0,1,0,0,0,,,,,,,,
17162662,2,1,N,N,43,5YFBU4EE7CP039297,2012,21,91,380,104,N,78052,1,2,6,1,6,,,,N,,,N,,,,,,,,,,,,,,,,,,,,,,0,,,,,,,,,,8,1,0,0,0,1,0,0,0,,,,,,,,
17162865,1,1,N,N,43,JT8UF11E5L0035488,1990,9,58,1188,104,N,78701,1,2,14,2,3,,,,N,,,N,,,,,,,,,,,,,,,,,,,,,,15,,,,,,,,,,1,1,0,0,0,1,0,0,0,,,,,,,,
17162865,2,1,N,N,43,1HGCR2F83DA230256,2013,2,44,236,104,N,78660,1,2,4,2,1,,,,N,,,N,,,,,,,,,,,,,,,,,,,,,,0,,,,,,,,,,7,1,0,0,0,5,0,0,0,,,,,,,,
17163343,1,1,N,N,43,1GTEC14X78Z204893,2008,1,39,2356,30,N,78613,1,2,2,2,12,,,,N,ORR WRECKER (512)267-4869,"3041 WOODALL DR; CEDAR PARK, TX",N,,,,,,,,,,,,,,,,,,,,,,19,,,,,,,,,,2,1,0,0,0,1,0,0,0,,,,,,,,
17163343,2,1,N,N,43,1FM5K7D82JGA31327,2018,2,37,554,69,N,78717,1,2,6,1,6,,,,N,DRIVEN OFF,N/A,N,,,,,,,,,,,,,,,,,,,,,,0,,,,,,,,,,2,1,0,0,0,3,0,0,0,,,,,,,,
17163400,1,1,N,N,43,1YVHZ8BH3D5M16413,2013,2,63,870,104,N,78758,1,2,3,4,11,,0,,N,STARS TOWING: 512-379-9107,"15500 CONNIE ST, AUSTIN 78728",N,,,,,,,,,,,,,,,,,,,,,,4,,,20,,,,,,,1,1,0,0,0,2,0,0,0,,,,,,,,
17163400,2,1,N,N,43,3CZRU5H51GM718666,2016,2,44,4807,69,N,78681,1,2,4,4,1,,,,N,620-LAKESIDE: 512-266-8620,"12400 ANDERSON MILL, AUSTIN 78726",N,,,,,,,,,,,,,,,,,,,,,,0,,,,,,,,,,1,1,0,1,0,0,0,1,0,,,,,,,,
17164065,1,1,N,N,43,5FNRL5H65EB119577,2014,17,44,571,103,N,78748,1,2,3,2,12,,,,N,,,N,,,,,,,,,,,,,,,,,,,,,,44,60,20,,,,,,,,8,1,0,0,0,6,0,0,0,,,,,,,,
17164065,2,1,N,N,43,1J4FY19S8WP749331,1998,3,429,1464,100,N,78738,1,2,5,1,6,,,,N,,,N,,,,,,,,,,,,,,,,,,,,,,0,,,,,,,,,,8,1,0,0,0,2,0,0,0,,,,,,,,
17164216,1,1,N,N,43,1N4AL2AP7AN472466,2010,3,71,500,104,N,78723,1,1,2,5,12,18,4,12,Y,A-TEX TOWING,8200 S. CONGRESS AVE,N,,,,,,,,,,,,,,,,,,,,,,20,68,,,,,,,,,5,1,0,0,0,0,0,0,1,,,,,,,,
17164217,1,1,N,N,43,1HGCM66545A060020,2005,2,44,236,104,N,78723,2,,2,3,12,,,,Y,SPECIAL AUTOMOTIVE SERVICE INC,SPECIAL AUTOMOTIVE SERVICE INC,N,,,,,,,,,,,,,,,,,,,,,,20,,,,,,,,,,4,1,0,0,0,1,0,0,0,,,,,,,,
17164218,1,1,N,N,43,1FTNX20F02EA50680,2002,21,37,2325,30,N,78620,1,2,2,1,12,,,,N,NOT TOWED,NOT TOWED,N,,,,,,,,,,,,,,,,,,,,,,0,,,,,,,,,,1,1,0,0,0,1,0,0,0,,,,,,,,
17164218,2,1,N,N,43,2T1BURHE7FC310291,2015,21,91,173,104,N,78209,1,2,2,1,12,6,1,6,N,NOT TOWED BY POLICE,NOT TOWED BY POLICE,N,,,,,,,,,,,,,,,,,,,,,,0,,,,,,,,,,1,1,0,1,0,0,0,1,0,,,,,,,,
17164218,3,1,N,N,43,7FARW1H91JE017444,2018,9,44,605,69,N,78652,1,2,6,1,6,,,,N,NOT TOWED,NOT TOWED,N,,,,,,,,,,,,,,,,,,,,,,0,,,,,,,,,,1,2,0,0,0,1,0,0,0,,,,,,,,
17164219,1,1,N,N,43,1HGCR2F86HA242102,2017,17,44,236,104,N,78741,1,1,4,7,12,15,6,11,N,ARMADA TOWING,9706 MIDDLE FISKVILLE RD,N,,,,,,,,,,,,,,,,,,,,,,20,40,,,,,,,,,3,1,0,0,0,1,0,0,0,,,,,,,,
17164219,2,1,Y,N,43,JTDKN3DUXA1308149,2010,9,91,702,104,N,78723,1,1,13,4,9,9,3,9,N,NOT TOWED,N/A,N,,,,,,,,,,,,,,,,,,,,,,0,,,,,,,,,,3,1,0,0,0,1,0,0,0,,,,,,,,
17164220,1,1,N,N,43,1HGCR2F38EA192299,2014,3,44,236,104,N,78749,1,2,,,,,,,Y,SOUTHSIDE WRECKER INC,SOUTHSIDE,N,,,,,,,,,,,,,,,,,,,,,,67,,,,,,,,,,7,1,0,0,0,1,0,0,0,,,,,,,,
17164220,2,4,,,,,,,,,,,,,,,,,,,,,,,,,,,,,,,,,,,,,,,,,,,,,0,,,,,,,,,,9,1,0,1,0,0,0,1,0,,,,,,,,
17164221,1,1,N,N,43,1B7GL22X1WS656216,1998,21,109,567,30,N,78744,2,,11,3,11,,,,Y,SOUTHSIDE WRECKER INC,8200 S. CONGRESS AVE,N,,,,,,,,,,,,,,,,,,,,,,22,,,,,,,,,,7,1,0,0,0,1,0,0,0,,,,,,,,
17164222,1,1,N,N,43,5XXGM4A70DG248789,2013,5,55,715,104,N,78702,1,7,2,2,12,,,,N,,,N,,,,,,,,,,,,,,,,,,,,,,0,,,,,,,,,,1,1,0,0,0,1,0,0,0,,,,,,,,
17164222,2,1,N,N,43,1G1JA5SH0G4152468,2016,21,107,60,104,N,78729,1,1,6,1,6,,,,N,,,N,,,,,,,,,,,,,,,,,,,,,,0,,,,,,,,,,1,1,0,0,1,0,0,1,0,,,,,,,,
17164223,1,1,N,Y,43,3FAHP0JA3AR366533,2010,9,37,1097,104,N,78753,1,2,7,2,8,,,,Y,A-TEX TOWING,AUSTIN EXPRESS TOWING INC.,N,,,,,,,,,,,,,,,,,,,,,,33,,,,,,,,,,7,1,0,0,0,1,0,0,0,,,,,,,,
17164223,2,1,N,Y,43,JA3AU16UX9U011214,2009,2,68,744,104,N,78212,1,2,10,6,3,15,6,9,Y,A-TEX TOWING,AUSTIN EXPRESS TOWING INC.,N,,,,,,,,,,,,,,,,,,,,,,0,,,,,,,,,,1,1,0,0,0,0,1,0,0,,,,,,,,
17164224,1,1,N,N,43,1NXBU4EE3AZ332531,2010,3,91,173,104,N,78741,1,1,13,2,9,2,2,12,N,,,N,,,,,,,,,,,,,,,,,,,,,,0,,,,,,,,,,5,1,0,0,0,1,0,0,0,,,,,,,,
17164224,2,1,Y,N,43,1FTEW1CP9HKD58247,2017,16,37,101,30,N,,1,1,7,1,6,,,,N,,,N,,,,,,,,,,,,,,,,,,,,,,0,,,,,,,,,,3,2,0,0,0,0,1,0,0,,,,,,,,
17164225,1,1,N,N,43,1GNDS13S232380974,2003,18,107,732,69,N,78749,1,2,10,3,3,,,,N,EZ AUTO AND TOWING SERVICE,EZ AUTO AND TOWING SERVICE,N,,,,,,,,,,,,,,,,,,,,,,60,,,,,,,,,,5,1,0,0,1,0,0,1,0,,,,,,,,
17164226,1,1,N,N,47,1FM5K8GT0KGA10404,2019,9,37,554,104,N,98042,1,2,2,4,12,,,,,,,N,,,,,,,,,,,,,,,,,,,,,,37,,,,,,,,,,8,1,0,0,0,1,0,0,0,,,,,,,,
17164226,2,1,N,N,43,1FTEW1EF2HKC53618,2017,2,37,2324,106,N,78739,1,2,10,5,9,,,,Y,ROCHAS TOWING SERVICE,ROCHAS TOWING SERVICE,N,,,,,,,,,,,,,,,,,,,,,,0,,,,,,,,,,2,1,0,0,0,1,0,0,0,,,,,,,,
17164227,1,1,N,N,43,1D3HB13T29J533622,2009,21,109,2275,30,N,78613,1,2,2,1,12,,,,N,,,N,,,,,,,,,,,,,,,,,,,,,,37,,,,,,,,,,3,1,0,0,1,0,0,1,0,,,,,,,,
17164227,2,1,N,N,43,JHMCR6F78HC008639,2017,9,44,236,104,N,78717,1,2,12,1,3,,,,N,620 LAKESIDE TOWING,620 LAKESIDE TOWING,N,,,,,,,,,,,,,,,,,,,,,,0,,,,,,,,,,4,1,0,0,1,0,0,1,0,,,,,,,,
17164228,1,1,N,N,43,4T1BE46K37U524252,2007,21,91,380,104,N,78749,1,1,2,3,12,11,1,9,Y,ARMADA TOWING,ARMADA TOWING,N,,,,,,,,,,,,,,,,,,,,,,0,,,,,,,,,,3,1,0,0,1,0,0,1,0,,,,,,,,
17164228,2,1,N,N,43,1GKKRRED3CJ290493,2012,5,39,894,104,N,78749,1,1,4,3,12,,,,N,ROCHAS TOWING SERVICE,ROCHAS TOWING SERVICE,N,,,,,,,,,,,,,,,,,,,,,,0,,,,,,,,,,5,1,0,1,0,0,0,1,0,,,,,,,,
17164229,1,1,N,N,25,1GNEK13Z24J223843,2004,16,107,547,69,N,65803,1,2,15,4,9,4,3,2,N,620 LAKESIDE TOWING,620 LAKESIDE TOWING,N,,,,,,,,,,,,,,,,,,,,,,0,,,,,,,,,,6,1,0,0,0,2,0,0,0,,,,,,,,
17164229,2,1,N,N,43,1FMCU0J92DUC61588,2013,21,37,711,69,N,78750,1,2,2,4,12,,,,N,620 LAKESIDE TOWING,620 LAKESIDE TOWING,N,,,,,,,,,,,,,,,,,,,,,,0,,,,,,,,,,8,1,0,0,1,0,0,1,0,,,,,,,,
17164229,3,1,N,N,43,3C63RRJL3EG220632,2014,21,109,2281,30,N,78613,1,2,15,2,7,,,,N,,,N,,,,,,,,,,,,,,,,,,,,,,0,,,,,,,,,,8,2,0,0,0,1,0,0,0,,,,,,,,
17164230,1,1,N,N,43,1HGCP3F7XAA013995,2010,2,44,236,104,N,78602,1,1,1,2,12,,,,Y,SPECIAL AUTOMOTIVE SERVICE INC,SPECIAL AUTOMOTIVE SERVICE INC,N,,,,,,,,,,,,,,,,,,,,,,19,,,,,,,,,,5,1,0,0,1,0,0,1,0,,,,,,,,
17164230,2,1,N,N,43,JT3HJ85J7V0156287,1997,17,91,176,69,N,,2,,17,3,9,3,2,12,N,ROCHAS TOWING SERVICE,ROCHAS TOWING SERVICE,N,,,,,,,,,,,,,,,,,,,,,,0,,,,,,,,,,1,1,0,0,0,1,0,0,0,,,,,,,,
17164231,1,1,N,Y,,,,16,,,0,N,,,,,,,,,,,,,N,,,,,,,,,,,,,,,,,,,,,,0,,,,,,,,,,1,1,0,0,0,0,1,0,0,,,,,,,,
17164231,2,1,N,N,43,1GNEK13T81R103716,2001,10,107,547,69,N,78620,1,1,1,1,12,5,1,6,N,,,N,,,,,,,,,,,,,,,,,,,,,,0,,,,,,,,,,5,1,0,0,0,1,0,0,0,,,,,,,,
17164231,3,1,N,N,43,5N1AA0ND3EN604922,2014,2,71,784,69,N,78735,1,1,1,2,12,,,,N,SPECIAL AUTOMOTIVE SERVICE INC,SPECIAL AUTOMOTIVE SERVICE INC,N,,,,,,,,,,,,,,,,,,,,,,0,,,,,,,,,,5,2,0,0,0,1,0,0,0,,,,,,,,
17164232,1,1,N,N,43,WDCGG5HB2EG211934,2014,16,65,1113,69,N,78730,1,2,11,3,9,,,,N,REMAINED ON SCENE,REMAINED ON SCENE,N,,,,,,,,,,,,,,,,,,,,,,37,,,,,,,,,,6,1,0,0,0,2,0,0,0,,,,,,,,
17164232,2,1,N,N,43,JHLRE38547C069554,2007,17,44,107,69,N,78130,1,2,2,2,12,,,,N,DRIVEN FROM SCENE,DRIVEN FROM SCENE,N,,,,,,,,,,,,,,,,,,,,,,0,,,,,,,,,,8,1,0,0,0,1,0,0,0,,,,,,,,
17164233,1,1,N,N,43,3FADP4CJ3BM114086,2011,10,37,229,100,N,76049,1,1,1,5,12,,,,N,ROCHAS TOWING SERVICE,ROCHAS TOWING SERVICE,N,,,,,,,,,,,,,,,,,,,,,,19,20,,,,,,,,,3,1,0,0,0,1,0,0,0,,,,,,,,
17164233,2,1,N,N,43,1G1JD5SH2H4107640,2017,2,107,2243,104,N,78731,1,1,5,5,6,,,,N,OWNER,UNKNOWN,N,,,,,,,,,,,,,,,,,,,,,,0,,,,,,,,,,3,1,0,0,0,1,0,0,0,,,,,,,,
17164234,1,1,N,N,43,JTDKDTB31D1538261,2013,10,91,4327,100,N,78249,1,1,1,5,12,,,,N,SPECIAL AUTOMOTIVE SERVICE INC,SPECIAL AUTOMOTIVE SERVICE INC,N,,,,,,,,,,,,,,,,,,,,,,19,20,,,,,,,,,3,1,0,0,0,1,0,0,0,,,,,,,,
17164234,2,1,N,N,43,3FADP4CJ3BM114086,2011,10,37,229,100,N,76049,1,1,5,5,6,,,,N,,,N,,,,,,,,,,,,,,,,,,,,,,0,,,,,,,,,,3,1,0,0,0,1,0,0,0,,,,,,,,
17164235,1,1,N,N,43,JTDBE32KX63053502,2006,8,91,380,104,N,78717,1,2,17,5,9,,,,Y,A & A WRECKER NORTH,A & A WRECKER NORTH,N,,,,,,,,,,,,,,,,,,,,,,0,,,,,,,,,,2,1,0,0,2,0,0,2,0,,,,,,,,
17164236,1,1,N,N,43,1FM5K7B86HGC80484,2017,3,37,554,104,N,78759,4,,4,2,2,,,,N,LAMONT & SONS,LAMONT & SONS,N,,,,,,,,,,,,,,,,,,,,,,0,,,,,,,,,,3,1,0,0,0,1,0,0,0,,,,,,,,
17164237,1,1,N,N,43,1NXBR12E21Z529744,2001,21,91,173,104,N,78752,1,2,4,1,12,,,,N,,,N,,,,,,,,,,,,,,,,,,,,,,74,,,,,,,,,,3,1,0,0,0,1,0,0,0,,,,,,,,
17164237,2,1,N,N,43,JTDKN3DU2A0240578,2010,9,91,702,104,N,78748,1,2,7,1,6,,,,N,,,N,,,,,,,,,,,,,,,,,,,,,,0,,,,,,,,,,3,1,0,0,0,1,0,0,0,,,,,,,,
17164238,1,1,N,N,43,3TMJU62N88M062291,2008,2,91,629,30,N,78737,1,2,15,3,9,,,,N,A-TEX TOWING,A-TEX,N,,,,,,,,,,,,,,,,,,,,,,74,,,,,,,,,,7,1,0,0,0,1,0,0,0,,,,,,,,
17164239,1,1,N,N,43,KNDJT2A24A7037262,2010,21,55,1357,104,N,78634,1,1,14,5,4,1,3,12,N,AVILES & GABES WRECKER SERVICE INC.,AVILES & GABES WRECKER SERVICE INC.,N,,,,,,,,,,,,,,,,,,,,,,35,20,,,,,,,,,2,1,0,0,0,1,0,0,0,,,,,,,,
17164239,2,1,N,N,43,2HGFA16319H327161,2009,17,44,256,104,N,78259,1,2,2,1,1,,,,Y,AVILES & GABES WRECKER SERVICE INC.,AVILES & GABES WRECKER SERVICE INC.,N,,,,,,,,,,,,,,,,,,,,,,0,,,,,,,,,,8,1,0,0,0,1,0,0,0,,,,,,,,
17164283,1,1,N,N,43,1G3NF52E02C190586,2002,10,116,680,104,N,78664,1,2,3,5,12,,,,Y,AUS-TEX AUTO ENTERPRISES LLC,AUS-TEX AUTO ENTERPRISES LLC,N,,,,,,,,,,,,,,,,,,,,,,0,,,,,,,,,,7,1,0,0,1,0,0,1,0,,,,,,,,
17164284,1,1,N,N,43,5XXGT4L37JG202076,2018,2,55,715,104,N,78728,2,1,2,6,12,,,,Y,AUS-TEX AUTO ENTERPRISES LLC,AUS-TEX AUTO ENTERPRISES LLC,N,,,,,,,,,,,,,,,,,,,,,,20,,,,,,,,,,4,1,0,0,0,1,0,0,0,,,,,,,,
17164285,1,1,N,N,43,4S3BL616757206064,2005,2,85,443,104,N,78660,2,,2,3,12,,,,N,LAMONT & SONS,LAMONT & SONS,N,,,,,,,,,,,,,,,,,,,,,,44,,,,,,,,,,5,1,0,0,0,1,0,0,0,,,,,,,,
17164285,2,1,N,N,43,JTEBU5JRXK5700567,2019,16,91,395,69,N,78642,1,2,6,1,6,,,,,,,N,,,,,,,,,,,,,,,,,,,,,,0,,,,,,,,,,5,1,0,0,0,1,0,0,0,,,,,,,,
17164286,1,1,N,N,43,2HGFB2F55DH560620,2013,2,44,256,104,N,78714,1,2,16,5,3,14,4,3,N,ARMADA TOWING,ARMADA TOWING,N,,,,,,,,,,,,,,,,,,,,,,34,,,,,,,,,,3,1,0,0,0,1,0,0,0,,,,,,,,
17164286,2,1,N,N,43,2HGES16555H598759,2005,18,44,236,104,N,78616,1,2,2,5,12,,,,N,SOUTHSIDE WRECKER INC,8200 S. CONGRESS AVE,N,,,,,,,,,,,,,,,,,,,,,,0,,,,,,,,,,7,1,0,1,0,0,0,1,0,,,,,,,,
17164287,1,1,N,N,43,JHMFA168X6S009892,2006,21,44,256,104,N,78758,1,1,2,5,12,,,,Y,AUS-TEX AUTO ENTERPRISES LLC,AUS-TEX AUTO ENTERPRISES LLC,N,,,,,,,,,,,,,,,,,,,,,,67,,,16,61,,,,,,2,1,0,1,0,1,0,1,0,,,,,,,,
17164288,1,1,N,N,43,2T1BR12EX1C485249,2001,17,91,173,104,N,78753,2,,28,7,,,,,N,,,N,,,,,,,,,,,,,,,,,,,,,,,,,60,,,,,,,4,1,0,0,0,4,0,0,0,,,,,,,,
17164289,1,1,N,N,43,4V4NC9KJ2BN533095,2011,3,98,185,106,N,92623,1,2,1,5,12,,,,N,AUS-TEX AUTO ENTERPRISES LLC,AUS-TEX AUTO ENTERPRISES LLC,Y,Y,N,N,2,2,78726,7,53200,0,N,,,,,15,18,,,,,,74,,,52,50,,,,8,,2,1,0,0,0,1,0,0,0,Y,0,,,,,N,
17164289,2,6,,,,,,,,,,,78726,,,,,,,,,,,,,,,,,,,,,,,,,,,,,,,,,,0,,,,,,,,,,9,2,0,0,0,0,0,0,0,,,53200,0,2,Y,,
17164290,1,1,N,N,43,1HGCP2F38CA150069,2012,3,44,236,104,N,78660,2,,2,4,12,,,,Y,LAMONT & SONS,LAMONT & SONS,N,,,,,,,,,,,,,,,,,,,,,,15,,,,,,,,,,4,1,0,0,0,2,0,0,0,,,,,,,,
17164290,2,1,N,N,43,1FT7W2B61BEB59190,2011,3,37,2325,30,N,78753,1,2,11,2,9,,,,N,DRIVEN FROM SCENE,DRIVEN FROM SCENE,N,,,,,,,,,,,,,,,,,,,,,,0,,,,,,,,,,2,1,0,0,0,1,0,0,0,,,,,,,,
17164291,1,1,N,Y,43,1GCEK14W8XE205647,1999,21,107,658,30,N,78745,2,,2,3,12,,,,Y,SOUT,8200 S. CONGRESS AVE,N,,,,,,,,,,,,,,,,,,,,,,44,41,,,,,,,6,,5,1,0,0,0,0,1,0,0,,,,,,,,
17164291,2,1,N,N,43,1GCEC19Z77Z123658,2007,21,107,658,30,N,73529,1,2,6,3,6,,,,N,,,N,,,,,,,,,,,,,,,,,,,,,,0,,,,,,,,,,5,1,0,0,2,0,0,2,0,,,,,,,,
17164292,1,1,N,N,43,1C4PJLCB5KD284702,2019,21,429,970,104,N,78735,1,2,10,1,3,,,,N,,,N,,,,,,,,,,,,,,,,,,,,,,20,,,,,,,,,,7,1,0,0,0,2,0,0,0,,,,,,,,
17164292,2,1,N,N,43,1NXBR12E21Z529744,2001,21,91,173,104,N,78758,1,2,11,2,8,,,,N,A-TEX TOWING,5526 1/2 W HWY 290,N,,,,,,,,,,,,,,,,,,,,,,20,,,,,,,,,,7,1,0,0,0,1,0,0,0,,,,,,,,
17164293,1,1,N,N,76,,2015,2,106,1373,69,N,,1,1,2,2,12,,,,N,,,N,,,,,,,,,,,,,,,,,,,,,,44,,,,,,,,,,5,1,0,0,0,1,0,0,0,,,,,,,,
17164293,2,1,N,N,43,WMWLN5C57G2E30299,2016,9,115,786,100,N,78130,1,1,6,2,6,,,,N,,,N,,,,,,,,,,,,,,,,,,,,,,0,,,,,,,,,,5,1,0,0,1,0,0,1,0,,,,,,,,
17164295,1,1,N,N,43,2FABP7BV2AX133258,2010,22,37,995,104,N,78744,1,7,16,1,3,,,,N,,,N,,,,,,,,,,,,,,,,,,,,,,4,,,,,,,,,,3,1,0,0,0,1,0,0,0,,,,,,,,
17164295,2,1,N,N,43,5NPE24AF0HH465080,2017,17,45,462,104,N,78749,1,2,3,1,11,,,,N,,,N,,,,,,,,,,,,,,,,,,,,,,0,,,,,,,,,,3,1,0,0,1,1,0,1,0,,,,,,,,
17164300,1,1,N,N,43,3MZBM1U70FM184157,2015,21,63,272,104,N,78704,1,2,2,1,12,,,,N,EZ AUTO AND TOWING SERVICE,EZ AUTO AND TOWING SERVICE,N,,,,,,,,,,,,,,,,,,,,,,0,,,,,,,,,,1,1,0,0,0,1,0,0,0,,,,,,,,
17164303,1,1,N,N,43,1N4AL2EP9CC118182,2012,2,71,500,100,N,75069,1,2,3,3,2,10,3,1,N,ARMADA TOWING,ARMADA TOWING,N,,,,,,,,,,,,,,,,,,,,,,4,,,,,,,,,,5,1,0,0,0,1,0,0,0,,,,,,,,
17164303,2,1,N,N,43,WA1BNAFY6K2033406,2019,2,8,1284,69,N,78731,1,2,8,2,6,,,,N,NOT TOWED,,N,,,,,,,,,,,,,,,,,,,,,,0,,,,,,,,,,5,1,0,0,0,2,0,0,0,,,,,,,,
17164303,3,1,N,N,43,1N4AL3AP2FC467863,2015,17,71,500,104,N,78745,1,2,11,3,9,,,,N,ARMADA TOWING,ARMADA TOWING,N,,,,,,,,,,,,,,,,,,,,,,0,,,,,,,,,,5,2,0,0,0,1,0,0,0,,,,,,,,
17164305,1,1,N,N,43,2GNALDEK0D6302650,2013,10,107,1048,104,N,78748,1,1,2,5,12,,,,N,,,N,,,,,,,,,,,,,,,,,,,,,,44,,,,,,,,,,8,1,0,0,0,1,0,0,0,,,,,,,,
17164305,2,1,N,N,43,5KKXAM002GPHL0207,2016,21,672,2103,87,N,78721,1,1,23,,,,,,N,,,Y,Y,N,N,2,2,78721,9,80000,0,N,,,,,4,13,,,,,,0,,,,,,,,,,8,1,0,0,0,1,0,0,0,Y,0,,,,,N,
17164305,3,6,,,,,,,,,,,78717,,,,,,,,,,,,,,,,,,,,,,,,,,,,,,,,,,0,,,,,,,,,,9,2,0,0,0,0,0,0,0,,,80000,0,2,N,,
17164306,1,1,N,N,43,MLHRC7407G5200157,2016,2,44,107,71,N,78645,1,1,26,1,,,,,N,HARPERS TOWING SERVICE INC,HARPERS TOWING SERVICE INC,N,,,,,,,,,,,,,,,,,,,,,,20,44,,,,,,,,,5,1,1,0,0,0,0,1,0,,,,,,,,
17164306,2,1,N,N,43,JTKJF5C77E3076967,2014,21,91,2573,104,N,78542,1,1,8,4,6,,,,N,SPECIAL AUTOMOTIVE SERVICE INC,SPECIAL AUTOMOTIVE SERVICE INC,N,,,,,,,,,,,,,,,,,,,,,,0,,,,,,,,,,5,1,0,0,0,1,0,0,0,,,,,,,,
17164307,1,1,N,N,43,2GNALCEK4G1112605,2016,3,107,1048,69,N,78660,1,2,3,4,10,,,,N,A & A WRECKER NORTH,A & A WRECKER NORTH,N,,,,,,,,,,,,,,,,,,,,,,,,,60,,,,,,,2,1,0,1,0,0,0,1,0,,,,,,,,
17164312,1,1,N,N,43,5J6RM3H36DL030159,2013,11,44,605,69,N,78660,1,2,10,5,2,15,5,9,N,SOUTHSIDE WRECKER INC,SOUTHSIDE,N,,,,,,,,,,,,,,,,,,,,,,,,,60,,,,,,,2,1,0,0,0,1,0,0,0,,,,,,,,
17164313,1,1,N,N,43,1FD8W3GT9GED48925,2016,21,37,2326,30,N,78660,1,2,3,5,10,12,4,3,,NA,NA,N,,,,,,,,,,,,,,,,,,,,,,4,,,,,,,,,,4,1,0,0,0,1,0,0,0,,,,,,,,