Crash_ID,Unit_Nbr,Unit_Desc_ID,Veh_Parked_Fl,Veh_HNR_Fl,Veh_Lic_State_ID,VIN,Veh_Mod_Year,Veh_Color_ID,Veh_Make_ID,Veh_Mod_ID,Veh_Body_Styl_ID,Emer_Respndr_Fl,Ownr_Zip,Fin_Resp_Proof_ID,Fin_Resp_Type_ID,Veh_Dmag_Area_1_ID,Veh_Dmag_Scl_1_ID,Force_Dir_1_ID,Veh_Dmag_Area_2_ID,Veh_Dmag_Scl_2_ID,Force_Dir_2_ID,Veh_Inventoried_Fl,Veh_Transp_Name,Veh_Transp_Dest,Veh_Cmv_Fl,Cmv_Fiveton_Fl,Cmv_Hazmat_Fl,Cmv_Nine_Plus_Pass_Fl,Cmv_Veh_Oper_ID,Cmv_Carrier_ID_Type_ID,Cmv_Carrier_Zip,Cmv_Veh_Type_ID,Cmv_GVWR,Cmv_RGVW,Cmv_Hazmat_Rel_Fl,Hazmat_Cls_1_ID,Hazmat_IDNbr_1_ID,Hazmat_Cls_2_ID,Hazmat_IDNbr_2_ID,Cmv_Cargo_Body_ID,Cmv_Evnt1_ID,Cmv_Evnt2_ID,Cmv_Evnt3_ID,Cmv_Evnt4_ID,Cmv_Tot_Axle,Cmv_Tot_Tire,Contrib_Factr_1_ID,Contrib_Factr_2_ID,Contrib_Factr_3_ID,Contrib_Factr_P1_ID,Contrib_Factr_P2_ID,Veh_Dfct_1_ID,Veh_Dfct_2_ID,Veh_Dfct_3_ID,Veh_Dfct_P1_ID,Veh_Dfct_P2_ID,Veh_Trvl_Dir_ID,First_Harm_Evt_Inv_ID,Sus_Serious_Injry_Cnt,Nonincap_Injry_Cnt,Poss_Injry_Cnt,Non_Injry_Cnt,Unkn_Injry_Cnt,Tot_Injry_Cnt,Death_Cnt,Cmv_Disabling_Damage_Fl,Cmv_Bus_Type_ID,Trlr_GVWR,Trlr_RGVW,Trlr_Type_ID,Trlr_Disabling_Dmag_ID,Cmv_Intermodal_Container_Permit_Fl,CMV_Actual_Gross_Weight
17168646,1,1,N,N,43,KNDJN2A21E7044525,2014,21,55,1357,104,N,78666,1,1,1,3,12,,,,,ROCHAS TOWING SERVICE,ROCHAS TOWING SERVICE,N,,,,,,,,,,,,,,,,,,,,,,20,,,,,,,,,,5,1,0,0,0,1,0,0,0,,,,,,,,
17168646,2,1,N,N,43,1GCDS13E778192103,2007,2,107,2233,30,N,77536,1,1,6,3,6,,,,,ARMADA TOWING,ARMADA TOWING,N,,,,,,,,,,,,,,,,,,,,,,0,,,,,,,,,,5,1,0,1,0,0,0,1,0,,,,,,,,
17168646,3,1,N,N,43,55SWF4JB3FU074893,2015,3,65,671,104,N,78620,1,1,6,1,6,,,,,,,N,,,,,,,,,,,,,,,,,,,,,,0,,,,,,,,,,5,2,0,0,0,2,0,0,0,,,,,,,,
17168647,1,1,N,Y,43,3N1AB7APXGL657231,2016,2,71,341,104,N,78704,2,,12,3,1,,,,N,,,N,,,,,,,,,,,,,,,,,,,,,,0,,,,,,,,,,3,1,0,1,0,0,0,1,0,,,,,,,,
17168647,2,1,N,N,43,2T2BK1BA8BC095085,2011,9,58,429,104,N,78701,1,2,,,,,,,N,,,N,,,,,,,,,,,,,,,,,,,,,,0,,,,,,,,,,1,1,0,0,0,0,1,0,0,,,,,,,,
17168648,1,1,N,N,43,2T1BURHE0HC833459,2017,9,91,173,104,N,78660,1,1,4,3,3,,,,N,,,N,,,,,,,,,,,,,,,,,,,,,,37,,,,,,,,,,3,1,0,0,0,1,0,0,0,,,,,,,,
17168648,2,1,N,N,43,3C3CFFDR2FT607928,2015,21,35,2956,104,N,78754,1,1,2,5,12,,,,Y,ATX-VIP TOWING SERVICES,ATX-VIP TOWING SERVICES,N,,,,,,,,,,,,,,,,,,,,,,0,,,,,,,,,,7,1,0,0,0,1,0,0,0,,,,,,,,
17168652,1,1,N,N,43,1FDSF34F0YEC47262,2000,21,37,2326,30,N,78753,1,1,2,3,12,,,,N,,,N,,,,,,,,,,,,,,,,,,,,,,41,,,,,,,,,,1,1,0,0,0,1,0,0,0,,,,,,,,
17168652,2,1,N,N,43,1FTMF1CB3JKF43979,2018,21,37,2324,30,N,78741,1,1,6,3,6,,,,N,,,N,,,,,,,,,,,,,,,,,,,,,,0,,,,,,,,,,1,1,0,0,0,1,0,0,0,,,,,,,,
17168658,1,1,N,N,43,1J4GX48S24C333113,2004,16,429,1116,69,N,78731,1,1,,,,,,,,620 LAKESIDE TOWING,620 LAKESIDE TOWING,N,,,,,,,,,,,,,,,,,,,,,,4,20,,,,,,,,,7,1,0,0,0,1,0,0,0,,,,,,,,
17168658,2,1,N,N,43,3GCPCREC0JG259193,2018,2,107,2202,30,N,78758,1,1,14,3,3,,,,N,,,N,,,,,,,,,,,,,,,,,,,,,,0,,,,,,,,,,3,1,0,0,0,3,0,0,0,,,,,,,,
17168658,3,1,N,N,43,2C3AA63H85H590526,2005,21,21,65,104,N,77027,1,1,13,5,10,,,,,STARS TOWING,STARS TOWING,N,,,,,,,,,,,,,,,,,,,,,,0,,,,,,,,,,3,2,0,0,0,4,0,0,0,,,,,,,,
17168659,1,1,N,N,43,3FADP4BJ7GM101009,2016,3,37,229,104,N,78727,2,,8,2,5,,,,N,,,N,,,,,,,,,,,,,,,,,,,,,,14,,,,,,,,,,5,1,0,0,0,1,0,0,0,,,,,,,,
17168659,2,1,N,N,43,3KPFK4A7XHE085262,2017,17,55,1093,104,N,78660,1,2,3,3,11,,,,N,,,N,,,,,,,,,,,,,,,,,,,,,,0,,,,,,,,,,5,1,0,0,1,0,0,1,0,,,,,,,,
17168659,3,1,N,N,43,2T3WFREV5FW228999,2015,16,91,581,69,N,78641,1,2,3,1,11,,,,N,,,N,,,,,,,,,,,,,,,,,,,,,,0,,,,,,,,,,5,2,0,0,0,1,0,0,0,,,,,,,,
17168660,1,1,N,N,43,3MZBN1L37JM170566,2018,17,63,272,104,N,78731,1,2,2,4,12,,,,N,HARPERS TOWING SERVICE INC,HARPERS TOWING SERVICE INC,N,,,,,,,,,,,,,,,,,,,,,,44,,,20,,,,,,,5,1,0,0,0,1,0,0,0,,,,,,,,
17168660,2,1,N,N,43,1N6BD0CT5AC412866,2010,17,71,634,30,N,,1,2,6,2,6,,,,N,,,N,,,,,,,,,,,,,,,,,,,,,,0,,,,,,,,,,5,1,0,0,0,1,0,0,0,,,,,,,,
17168661,1,1,N,N,43,3AKJGLDR3HSJC5717,2017,16,38,1524,87,N,,1,2,11,1,11,,,,N,NOT TOWED,NOT TOWED,Y,Y,N,N,1,4,78577,7,10000,0,N,,,,,12,13,,,,4,,4,,,,,,,,,,5,1,0,0,0,2,0,0,0,N,0,,,,,Y,0
17168661,2,6,,,,,,,,,,,,,,,,,,,,,,,,,,,,,,,,,,,,,,,,,,,,,0,,,,,,,,,,9,2,0,0,0,0,0,0,0,,,1,0,,N,,
17168661,3,1,N,N,43,2HNYD2H29BH510011,2011,2,1,705,69,N,78758,1,2,15,5,9,,,,N,NOT TOWED,NOT TOWED,N,,,,,,,,,,,,,,,,,,,,,,0,,,,,,,,,,5,1,0,1,0,2,0,1,0,,,,,,,,
17168662,1,1,N,N,43,4RKYS92U2D4500315,2014,16,502,941,47,N,78702,1,2,8,0,4,,,,N,,,N,,,,,,,,,,,,,,,,,,,,,,20,,,,,,,,,,1,1,0,0,0,3,0,0,0,,,,,,,,
17168662,2,5,N,N,,,,,,,,N,,,,,,,,,,,,,N,,,,,,,,,,,,,,,,,,,,,,20,,,,,,,,,,1,1,0,0,0,1,0,0,0,,,,,,,,
17168663,1,1,N,N,43,4T1BK3DB4BU419881,2011,21,91,563,104,N,78725,2,,4,4,12,,,,N,EZ AUTO AND TOWING SERVICE,EZ AUTO AND TOWING SERVICE,N,,,,,,,,,,,,,,,,,,,,,,20,,,,,,,,,,5,1,0,0,0,1,0,0,0,,,,,,,,
17168663,2,1,N,N,43,2C4RDGCG8CR258323,2012,3,109,550,103,N,78724,1,2,11,4,9,,,,N,DENVERS TOWING,DENVERS TOWING,N,,,,,,,,,,,,,,,,,,,,,,0,,,,,,,,,,3,1,0,0,0,1,0,0,0,,,,,,,,
17168664,1,1,N,N,43,2HJYK16597H540129,2007,2,44,1306,30,N,76107,1,1,3,5,10,,,,N,SPECIAL AUTOMOTIVE SERVICE INC,SPECIAL AUTOMOTIVE SERVICE INC,N,,,,,,,,,,,,,,,,,,,,,,,,,16,,,,,,,5,1,0,0,0,1,0,0,0,,,,,,,,
17168664,2,1,N,N,43,5UXWX9C52E0D33424,2014,5,14,1466,69,N,78703,1,1,4,3,1,,,,N,,,N,,,,,,,,,,,,,,,,,,,,,,,,,16,,,,,,,7,1,0,0,0,1,0,0,0,,,,,,,,
17168665,1,1,N,N,43,3HGCM56303G708234,2003,17,44,236,104,N,78621,1,2,3,6,11,4,3,2,N,ROCHAS TOWING SERVICE,ROCHAS TOWING SERVICE,N,,,,,,,,,,,,,,,,,,,,,,0,,,,,,,,,,1,1,0,2,0,0,0,2,0,,,,,,,,
17168665,2,1,N,N,43,1C6RR6GTXDS527139,2013,2,710,4100,30,N,78758,1,2,15,2,9,,,,N,,,N,,,,,,,,,,,,,,,,,,,,,,0,,,,,,,,,,1,1,0,0,0,1,0,0,0,,,,,,,,
17168668,1,1,N,N,43,1HGCM66536A062424,2006,21,44,236,104,N,78701,1,1,15,2,,,,,N,,,N,,,,,,,,,,,,,,,,,,,,,,20,4,,,,,,,,,1,1,0,0,1,0,0,1,0,,,,,,,,
17168668,2,1,N,N,43,JNKCV54E06M700862,2006,17,47,764,100,N,78653,1,2,4,2,10,,,,N,STARS TOWING,STARS TOWING,N,,,,,,,,,,,,,,,,,,,,,,0,,,,,,,,,,1,1,0,0,1,0,0,1,0,,,,,,,,
17168670,1,1,N,N,43,5J6RE3H7XBL050024,2011,21,44,107,69,N,78786,1,1,2,5,12,,,,N,EZ AUTO AND TOWING SERVICE,EZ AUTO AND TOWING SERVICE,N,,,,,,,,,,,,,,,,,,,,,,19,74,,44,,,,,,,8,1,0,0,0,1,0,0,0,,,,,,,,
17168670,2,1,N,N,43,JNKCV66E99M721913,2009,16,47,1102,104,N,78733,1,1,6,5,6,,,,N,ATX-VIP TOWING SERVICES,ATX-VIP TOWING SERVICES,N,,,,,,,,,,,,,,,,,,,,,,0,,,,,,,,,,8,1,0,0,1,0,0,1,0,,,,,,,,
17168673,1,1,N,N,43,KNADM5A31F6518102,2015,17,55,716,104,N,,1,1,2,7,12,,,,N,ATX-VIP TOWING SERVICES,ATX-VIP TOWING SERVICES,N,,,,,,,,,,,,,,,,,,,,,,0,,,,,,,,,,11,1,0,0,0,1,0,0,0,,,,,,,,
17168673,2,1,N,N,43,1C4PJLDB9KD419517,2016,21,429,1116,69,N,,1,1,6,5,6,,,,,,,N,,,,,,,,,,,,,,,,,,,,,,0,,,,,,,,,,11,1,0,0,0,1,0,0,0,,,,,,,,
17168676,1,1,N,N,43,WDCGG8HB5AF295555,2010,2,65,118,104,N,78617,2,,2,4,12,,,,Y,EZ AUTO AND TOWING SERVICE,EZ AUTO AND TOWING SERVICE,N,,,,,,,,,,,,,,,,,,,,,,19,20,,,,,,,,,2,1,0,1,0,1,0,1,0,,,,,,,,
17168676,2,1,N,N,43,2G1FF1E3XF9200876,2015,16,107,46,104,N,78724,1,1,3,3,8,,,,Y,CLARK AUTO CARE,CLARK AUTO CARE,N,,,,,,,,,,,,,,,,,,,,,,0,,,,,,,,,,6,1,0,0,0,3,0,0,0,,,,,,,,
17168679,1,1,N,N,43,JHMCP26488C034811,2008,21,44,236,104,N,78666,1,1,1,6,12,,,,N,SPECIAL AUTOMOTIVE SERVICE INC,SPECIAL AUTOMOTIVE SERVICE INC,N,,,,,,,,,,,,,,,,,,,,,,0,,,,,,,,,,1,1,0,0,0,1,0,0,0,,,,,,,,
17168679,2,1,N,N,43,5FRYD3H40EB003343,2014,17,1,705,69,N,78741,1,1,3,5,10,,,,N,ROCHAS TOWING SERVICE,OWNERS RESIDENCE/REQUEST,N,,,,,,,,,,,,,,,,,,,,,,0,,,,,,,,,,3,1,0,0,0,1,0,0,0,,,,,,,,
17168682,1,1,N,N,43,2HGES26791H527324,2001,1,44,256,104,N,78753,1,2,1,4,12,,,,N,,,N,,,,,,,,,,,,,,,,,,,,,,22,,,,,,,,,,6,1,0,0,0,1,0,0,0,,,,,,,,
17168683,1,1,N,N,43,1D7HA18N16S642610,2006,3,109,2275,30,N,78640,1,2,11,3,9,,,,N,AVILES & GABES WRECKER SERVICE INC.,AVILES & GABES WRECKER SERVICE INC.,N,,,,,,,,,,,,,,,,,,,,,,40,,,,,,,,,,5,1,0,0,0,2,0,0,0,,,,,,,,
17168684,1,1,N,N,43,1GNDS13S332275859,2003,2,107,732,104,N,78753,1,1,2,7,12,,,,Y,STARS TOWING,STARS TOWING,N,,,,,,,,,,,,,,,,,,,,,,0,,,,,,,,,,4,1,0,1,0,0,0,1,0,,,,,,,,
17168685,1,1,N,N,43,KNADC165956264966,2005,9,55,716,104,N,79744,2,,18,2,3,,,,,,,N,,,,,,,,,,,,,,,,,,,,,,0,,,,,,,,,,1,1,0,0,1,0,0,1,0,,,,,,,,
17168686,1,1,N,N,43,1HGCM56354A140837,2004,3,44,236,104,N,76667,3,1,1,3,12,,,,Y,LAMONT & SONS,5526 1/2 W HWY 290,N,,,,,,,,,,,,,,,,,,,,,,41,,,,,,,,,,5,1,0,0,0,2,0,0,0,,,,,,,,
17168687,1,1,N,N,43,1C6RR6GT5FS675038,2015,21,109,2275,30,N,78660,1,1,16,4,3,,,,Y,STARS TOWING,5526 1/2 W HWY 290,N,,,,,,,,,,,,,,,,,,,,,,74,,,,,,,,,,3,1,0,0,0,1,0,0,0,,,,,,,,
17168687,2,1,N,N,43,JA4MW51RX1J012012,2001,2,68,411,69,N,78728,1,1,1,4,12,,,,Y,STARS TOWING,8200 S. CONGRESS AVE,N,,,,,,,,,,,,,,,,,,,,,,0,,,,,,,,,,7,1,0,0,1,0,0,1,0,,,,,,,,
17168688,1,1,N,N,43,1N6AA06A04N578185,2004,17,71,1397,30,N,78721,1,2,2,3,10,11,3,7,Y,ROCHAS TOWING SERVICE,5700 BURLESON RD,N,,,,,,,,,,,,,,,,,,,,,,34,,,66,,,,,,,6,1,0,0,0,1,0,0,0,,,,,,,,
17168688,2,1,N,N,43,3GNCJLSB5HL266761,2017,9,107,2248,69,N,77077,1,2,12,2,4,,,,Y,LAKESIDE TOWING,12400 ANDERSON MILL,N,,,,,,,,,,,,,,,,,,,,,,0,,,,,,,,,,8,1,0,0,2,0,0,2,0,,,,,,,,
17168711,1,1,N,N,43,1N4AL3AP2GN386870,2016,21,71,500,104,N,77521,1,2,7,2,5,,,,N,,,N,,,,,,,,,,,,,,,,,,,,,,0,,,,,,,,,,3,1,0,0,0,2,0,0,0,,,,,,,,
17168711,2,6,,,,,,,,,,,,,,,,,,,,,,,,,,,,,,,,,,,,,,,,,,,,,0,,,,,,,,,,9,2,0,0,0,0,0,0,0,,,48000,0,2,N,,
17168711,3,1,N,N,43,1XKADB9X45J090988,2005,21,54,1533,87,N,77373,2,2,3,1,12,,,,,,,Y,Y,N,N,1,2,77373,9,0,17900,N,,,,,3,13,,,,,,0,,,,,,,,,,3,1,0,0,0,1,0,0,0,N,0,,,,,N,
17168712,1,1,N,N,43,1G1AL18F687227201,2008,21,107,978,104,N,78336,1,2,2,4,12,,,,N,620 LAKESIDE TOWING,620 LAKESIDE TOWING,N,,,,,,,,,,,,,,,,,,,,,,0,,,,,,,,,,6,1,0,0,0,1,0,0,0,,,,,,,,
17168713,1,1,N,N,43,1FTFW1CT2EKE14431,2014,21,37,2324,30,N,78642,1,1,2,3,12,,,,N,,,N,,,,,,,,,,,,,,,,,,,,,,20,,,,,,,,,,7,1,0,0,0,1,0,0,0,,,,,,,,
17168713,2,1,N,N,43,1N6BD0CT4GN903281,2016,21,71,634,30,N,63132,1,1,6,1,6,,,,N,,,N,,,,,,,,,,,,,,,,,,,,,,0,,,,,,,,,,7,1,0,0,1,0,0,1,0,,,,,,,,
17168713,3,1,N,N,43,1FMPU17535LA60964,2005,10,37,601,69,N,78626,1,1,,,,,,,N,,,N,,,,,,,,,,,,,,,,,,,,,,0,,,,,,,,,,7,2,0,0,0,1,0,0,0,,,,,,,,
17168714,1,1,N,N,43,JHLRD186XXC072300,1999,21,44,605,69,N,78749,1,1,,,,,,,N,SPECIAL AUTOMOTIVE SERVICE INC,SPECIAL AUTOMOTIVE SERVICE INC,N,,,,,,,,,,,,,,,,,,,,,,20,45,,,,,,,,,6,1,0,0,0,1,0,0,0,,,,,,,,
17168715,1,1,N,N,33,4V4NC9EG4GN952136,2016,21,98,4417,87,N,28205,1,1,4,1,12,,,,N,,,Y,Y,N,N,1,2,28205,5,80000,0,N,,,,,98,13,98,,,,,0,,,,,,,,,,5,1,0,0,0,1,0,0,0,N,0,,,,,N,
17168715,2,6,,,,,,,,,,,28205,,,,,,,,,,,,,,,,,,,,,,,,,,,,,,,,,,0,,,,,,,,,,9,2,0,0,0,0,0,0,0,,,50000,0,2,N,,
17168715,3,1,N,N,43,2FMZA576X5BA45279,2005,1,37,1094,103,N,78664,1,1,7,3,7,15,3,8,Y,EZ AUTO AND TOWING SERVICE,EZ AUTO AND TOWING SERVICE,N,,,,,,,,,,,,,,,,,,,,,,0,,,,,,,,,,5,1,0,0,0,1,0,0,0,,,,,,,,
17168715,4,1,N,N,43,1GB1CYEG7GF229707,2016,21,107,2241,106,N,78628,1,1,5,1,6,,,,N,,,N,,,,,,,,,,,,,,,,,,,,,,0,,,,,,,,,,5,2,0,0,0,3,0,0,0,,,,,,,,
17168715,5,6,,,,,,,,,,,78680,,,,,,,,,,,,,,,,,,,,,,,,,,,,,,,,,,0,,,,,,,,,,9,2,0,0,0,0,0,0,0,,,,,,,,
17168716,1,1,N,N,43,KNAFE221195646271,2009,16,55,717,104,N,78665,1,2,2,3,10,,,,N,DRIVEN FROM SCENE,DRIVEN FROM SCENE,N,,,,,,,,,,,,,,,,,,,,,,34,,,,,,,,,,7,1,0,0,0,1,0,0,0,,,,,,,,
17168716,2,1,N,N,43,3N1BC13E49L396708,2009,17,71,1452,104,N,78758,1,2,,,,,,,N,DRIVEN FROM SCENE,DRIEVN FROM SCENE,N,,,,,,,,,,,,,,,,,,,,,,0,,,,,,,,,,1,1,0,0,0,1,0,0,0,,,,,,,,
17168717,1,1,N,N,43,JM2UF3143P0390679,1993,3,63,2466,30,N,78757,1,2,2,4,12,,,,N,BULLET TOWING,BULLET TOWING,N,,,,,,,,,,,,,,,,,,,,,,22,,,,,,,,,,5,1,0,0,0,1,0,0,0,,,,,,,,
17168717,2,1,N,N,43,5TDBKRFH4GS331479,2016,2,91,721,69,N,78741,1,2,6,2,6,,,,N,NOT TOWED,NOT TOWED,N,,,,,,,,,,,,,,,,,,,,,,0,,,,,,,,,,5,1,0,0,1,0,0,1,0,,,,,,,,
17168718,1,1,N,N,43,1G4HP54K724233792,2002,5,105,1271,104,N,78745,1,2,8,1,6,,,,N,N/A,N/A,N,,,,,,,,,,,,,,,,,,,,,,,,,3,,,,,,,3,1,0,1,0,0,0,1,0,,,,,,,,
17168718,2,1,N,N,43,3GCPKSE70DG364432,2013,21,107,2202,30,N,78745,1,2,6,3,6,,,,N,N/A,N/A,N,,,,,,,,,,,,,,,,,,,,,,3,,,,,,,,,,7,1,0,0,0,1,0,0,0,,,,,,,,
17168719,1,1,N,N,43,JM1BL1SG4A1297852,2010,9,63,3917,104,N,78727,1,2,3,4,11,,,,Y,ARMADA TOWING,ARMADA TOWING SOUTH,N,,,,,,,,,,,,,,,,,,,,,,44,,,,,,,,,,1,1,0,0,0,1,0,0,0,,,,,,,,
17168719,2,1,N,N,43,3C6JR6AT8DG563120,2013,21,109,2275,30,N,79711,1,2,8,2,5,,,,N,DRIVEN FROM SCENE,DRIVEN FROM SCENE,N,,,,,,,,,,,,,,,,,,,,,,0,,,,,,,,,,1,1,0,0,1,0,0,1,0,,,,,,,,
17168720,1,1,N,N,43,WA1BNAFY6J2076514,2018,9,8,1284,69,N,78729,1,1,2,2,12,,,,N,K & S TOWING,FROM SCENE,N,,,,,,,,,,,,,,,,,,,,,,33,,,20,,,,,,,1,1,0,0,0,1,0,0,0,,,,,,,,
17168720,2,1,N,N,43,1G1ZD5EU8BF368102,2011,17,107,56,104,N,78748,2,,2,3,9,,,,N,A-TEX TOWING,FROM SCENE,N,,,,,,,,,,,,,,,,,,,,,,0,,,,,,,,,,7,1,0,0,0,1,0,0,0,,,,,,,,
17168721,1,1,N,N,43,KMHDH4AH8FU391479,2015,2,45,480,104,N,78704,1,2,9,1,11,11,1,8,N,ARMADA TOWING,ARMADA TOWING,N,,,,,,,,,,,,,,,,,,,,,,34,,,,,,,,,,1,1,0,0,0,1,0,0,0,,,,,,,,
17168721,2,1,N,N,43,JHMCG5643YC016671,2000,17,44,236,104,N,78247,1,2,2,1,12,,,,N,REDPOINT COUNTY MUTUAL INSURANCE,,N,,,,,,,,,,,,,,,,,,,,,,0,,,,,,,,,,3,1,0,0,0,3,0,0,0,,,,,,,,
17168722,1,1,N,N,43,4T1BF3EK0BU166514,2011,8,91,380,104,N,78725,1,2,2,2,12,,,,,,,N,,,,,,,,,,,,,,,,,,,,,,34,20,,,,,,,,,2,1,0,0,1,0,0,1,0,,,,,,,,
17168722,2,1,N,N,43,1G1RB6S57HU105693,2017,17,107,2257,104,N,78612,1,2,10,1,3,,,,,,,N,,,,,,,,,,,,,,,,,,,,,,0,,,,,,,,,,4,1,0,0,0,1,0,0,0,,,,,,,,
17168723,1,1,N,N,43,5TFEM5F10BX028768,2011,21,91,687,104,N,78719,1,1,10,2,12,,,,N,,,N,,,,,,,,,,,,,,,,,,,,,,37,,,,,,,,,,1,1,0,0,0,2,0,0,0,,,,,,,,
17168723,2,1,N,N,43,JTHBF5C2XA2095611,2010,3,58,1156,104,N,78744,1,1,2,3,12,,,,N,EZ AUTO AND TOWING SERVICE,EZ AUTO AND TOWING SERVICE,N,,,,,,,,,,,,,,,,,,,,,,0,,,,,,,,,,5,1,0,0,0,1,0,0,0,,,,,,,,
17168724,1,1,N,N,31,1J4NT4FB3AD578529,2010,2,429,983,69,N,78234,1,2,15,3,9,,,,N,ROCHAS TOWING SERVICE,ROCHAS TOWING SERVICE,N,,,,,,,,,,,,,,,,,,,,,,,,,66,,,,,,,5,1,0,0,0,2,0,0,0,,,,,,,,
17168724,2,1,N,Y,43,4NUDS13S852701934,2005,17,49,766,69,N,78741,2,,2,3,12,,,,N,,,N,,,,,,,,,,,,,,,,,,,,,,0,,,,,,,,,,5,1,0,0,0,1,0,0,0,,,,,,,,
17168728,1,1,N,N,43,4T1BK36BX6U103209,2006,10,91,178,104,N,78704,1,1,3,1,10,,,,N,,,N,,,,,,,,,,,,,,,,,,,,,,,,,48,,,,,,,7,1,0,0,0,1,0,0,0,,,,,,,,
17168728,2,1,N,N,43,KMHCT5AE6FU224074,2015,3,45,557,104,N,78744,1,1,12,2,2,,,,N,,,N,,,,,,,,,,,,,,,,,,,,,,,,,60,,,,,,,1,1,0,0,0,1,0,0,0,,,,,,,,
17168732,1,1,N,N,43,3C6RR6LT0JG171342,2015,21,109,2275,30,N,78652,1,2,12,1,2,,,,N,,,N,,,,,,,,,,,,,,,,,,,,,,,,,20,,,,,,,11,1,0,0,0,1,0,0,0,,,,,,,,
17168732,2,4,,,,,,,,,,,,,,,,,,,,,,,,,,,,,,,,,,,,,,,,,,,,,0,,,,,,,,,,9,1,0,0,1,0,0,1,0,,,,,,,,
17168733,1,1,N,N,43,3MZBN1V75HM119724,2017,17,63,3917,104,N,78750,1,2,1,5,12,,,,N,620 LAKESIDE TOWING,620 LAKESIDE TOWING,N,,,,,,,,,,,,,,,,,,,,,,35,,,,,,,,,,3,1,0,0,0,2,0,0,0,,,,,,,,
17168733,2,1,N,N,43,3VW2B7AJ5HM324666,2017,17,96,316,104,N,78730,2,,9,5,9,,,,N,AUS-TEX AUTO ENTERPRISES LLC,AUS-TEX AUTO ENTERPRISES LLC,N,,,,,,,,,,,,,,,,,,,,,,0,,,,,,,,,,1,1,0,0,1,0,0,1,0,,,,,,,,
17168734,1,1,N,N,43,4T1BF1FK1GU164779,2016,21,91,380,104,N,78660,1,1,10,2,3,,,,N,ROCHAS TOWING SERVICE,ROCHAS TOWING SERVICE,N,,,,,,,,,,,,,,,,,,,,,,33,,,,,,,,,,1,1,0,0,0,1,0,0,0,,,,,,,,
17168734,2,1,N,N,43,5NPDH4AE7DH296364,2013,3,45,480,104,N,78731,1,1,2,2,12,,,,N,HARPERS TOWING SERVICE INC,HARPERS TOWING SERVICE INC,N,,,,,,,,,,,,,,,,,,,,,,0,,,,,,,,,,7,1,0,0,0,1,0,0,0,,,,,,,,
17168735,1,1,N,N,43,1YVHZ8DH8D5M15268,2013,17,63,1210,104,N,78748,1,2,2,3,12,,,,N,ROCHAS TOWING SERVICE,ROCHAS TOWING SERVICE,N,,,,,,,,,,,,,,,,,,,,,,0,,,,,,,,,,1,1,0,0,0,1,0,0,0,,,,,,,,
17168735,2,1,N,N,43,JTDBT123410154211,2001,17,91,701,104,N,91909,1,2,4,2,1,,,,N,ROCHAS TOWING SERVICE,ROCHAS TOWING SERVICE,N,,,,,,,,,,,,,,,,,,,,,,0,,,,,,,,,,1,1,0,0,0,1,0,0,0,,,,,,,,
17168736,1,1,N,N,43,3N1AB7AP5GY261453,2016,17,71,341,104,N,78750,1,1,1,5,1,,,,Y,A-TEX TOWING,AUS-TEX AUTO ENTERPRISES LLC,N,,,,,,,,,,,,,,,,,,,,,,37,,,,,,,,,,1,1,0,0,1,0,0,1,0,,,,,,,,
17168736,2,1,N,N,43,1YVHP84D655M19629,2005,9,63,870,104,N,78735,1,1,3,4,10,,,,Y,ARMADA TOWING,ARMADA TOWING,N,,,,,,,,,,,,,,,,,,,,,,0,,,,,,,,,,5,1,0,0,1,2,0,1,0,,,,,,,,
17168749,1,1,N,Y,,,,,113,,104,N,,,,,,,,,,,,,N,,,,,,,,,,,,,,,,,,,,,,37,,,,,,,,,,2,1,0,0,0,0,1,0,0,,,,,,,,
17168749,2,1,N,N,43,1N4AL3APXEN241797,2014,9,71,500,104,N,78758,1,2,2,2,11,,,,Y,PRONTO WRECKER SERVICE NORTH,PRONTO WRECKER SERVICE NORTH,N,,,,,,,,,,,,,,,,,,,,,,0,,,,,,,,,,6,1,0,0,0,1,0,0,0,,,,,,,,
17168750,1,1,N,N,43,2G1FC1E30E9261483,2014,21,107,46,100,N,,1,2,7,3,7,,,,Y,620 LAKESIDE TOWING,620 LAKESIDE TOWING,N,,,,,,,,,,,,,,,,,,,,,,0,,,,,,,,,,8,1,0,0,0,2,0,0,0,,,,,,,,
17168750,2,1,N,N,43,3N1AB7AP3EL610605,2014,17,71,341,104,N,,1,2,4,4,12,,,,Y,A-TEX TOWING,A-TEX TOWING,N,,,,,,,,,,,,,,,,,,,,,,0,,,,,,,,,,4,1,0,0,0,1,0,0,0,,,,,,,,
17168751,1,1,N,N,43,4F2YU07101KM47701,2001,3,63,719,69,N,78741,1,1,4,3,12,,,,N,EZ AUTO AND TOWING SERVICE,EZ AUTO AND TOWING SERVICE,N,,,,,,,,,,,,,,,,,,,,,,0,,,,,,,,,,8,1,0,0,0,1,0,0,0,,,,,,,,
17168751,2,1,N,N,43,1N4AL11D95N913746,2005,9,71,500,104,N,78725,2,,,,,,,,N,ROCHAS TOWING SERVICE,ROCHAS TOWING SERVICE,N,,,,,,,,,,,,,,,,,,,,,,0,,,,,,,,,,4,1,0,0,0,2,0,0,0,,,,,,,,