Crash_ID,Unit_Nbr,Unit_Desc_ID,Veh_Parked_Fl,Veh_HNR_Fl,Veh_Lic_State_ID,VIN,Veh_Mod_Year,Veh_Color_ID,Veh_Make_ID,Veh_Mod_ID,Veh_Body_Styl_ID,Emer_Respndr_Fl,Ownr_Zip,Fin_Resp_Proof_ID,Fin_Resp_Type_ID,Veh_Dmag_Area_1_ID,Veh_Dmag_Scl_1_ID,Force_Dir_1_ID,Veh_Dmag_Area_2_ID,Veh_Dmag_Scl_2_ID,Force_Dir_2_ID,Veh_Inventoried_Fl,Veh_Transp_Name,Veh_Transp_Dest,Veh_Cmv_Fl,Cmv_Fiveton_Fl,Cmv_Hazmat_Fl,Cmv_Nine_Plus_Pass_Fl,Cmv_Veh_Oper_ID,Cmv_Carrier_ID_Type_ID,Cmv_Carrier_Zip,Cmv_Veh_Type_ID,Cmv_GVWR,Cmv_RGVW,Cmv_Hazmat_Rel_Fl,Hazmat_Cls_1_ID,Hazmat_IDNbr_1_ID,Hazmat_Cls_2_ID,Hazmat_IDNbr_2_ID,Cmv_Cargo_Body_ID,Cmv_Evnt1_ID,Cmv_Evnt2_ID,Cmv_Evnt3_ID,Cmv_Evnt4_ID,Cmv_Tot_Axle,Cmv_Tot_Tire,Contrib_Factr_1_ID,Contrib_Factr_2_ID,Contrib_Factr_3_ID,Contrib_Factr_P1_ID,Contrib_Factr_P2_ID,Veh_Dfct_1_ID,Veh_Dfct_2_ID,Veh_Dfct_3_ID,Veh_Dfct_P1_ID,Veh_Dfct_P2_ID,Veh_Trvl_Dir_ID,First_Harm_Evt_Inv_ID,Sus_Serious_Injry_Cnt,Nonincap_Injry_Cnt,Poss_Injry_Cnt,Non_Injry_Cnt,Unkn_Injry_Cnt,Tot_Injry_Cnt,Death_Cnt,Cmv_Disabling_Damage_Fl,Cmv_Bus_Type_ID,Trlr_GVWR,Trlr_RGVW,Trlr_Type_ID,Trlr_Disabling_Dmag_ID,Cmv_Intermodal_Container_Permit_Fl,CMV_Actual_Gross_Weight
17168752,1,1,N,N,43,5TFGY5F18FX186715,2015,9,91,687,30,N,78729,1,1,14,2,3,,,,Y,620 LAKESIDE TOWING,620 LAKESIDE TOWING,N,,,,,,,,,,,,,,,,,,,,,,0,,,,,,,,,,1,1,0,0,0,1,0,0,0,,,,,,,,
17168752,2,1,N,N,43,1FAFP34N55W306845,2005,17,37,696,104,N,78613,1,1,1,4,12,,,,Y,620 LAKESIDE TOWING,620 LAKESIDE TOWING,N,,,,,,,,,,,,,,,,,,,,,,0,,,,,,,,,,7,1,0,0,0,1,0,0,0,,,,,,,,
17168753,1,1,N,N,43,1G4HD57277U178143,2007,21,105,34,104,N,78702,2,,2,5,12,10,4,3,Y,969 TOWING,969 TOWING,N,,,,,,,,,,,,,,,,,,,,,,,,,20,,,,,,,3,1,0,0,0,1,0,0,0,,,,,,,,
17168753,2,1,Y,N,43,1GKGK26K78R165262,,2,39,479,104,N,77380,1,1,15,7,9,,,,N,,,N,,,,,,,,,,,,,,,,,,,,,,0,,,,,,,,,,3,1,0,0,0,0,0,0,0,,,,,,,,
17168755,1,1,N,N,43,JTKDE177970199418,2007,3,91,2573,100,N,78109,1,2,4,5,2,,,,N,ROCHAS TOWING SERVICE,ROCHAS TOWING SERVICE,N,,,,,,,,,,,,,,,,,,,,,,45,,,,,,,,,,1,1,0,0,0,1,0,0,0,,,,,,,,
17168755,2,1,Y,N,43,1G8ZS57N58F100971,2008,8,81,919,104,N,75104,1,2,15,1,7,,,,N,,,N,,,,,,,,,,,,,,,,,,,,,,0,,,,,,,,,,1,1,0,0,0,0,0,0,0,,,,,,,,
17168755,3,1,Y,N,43,WDDGF5EB5AF456410,2010,2,65,118,104,N,78702,2,,,,,,,,N,,,N,,,,,,,,,,,,,,,,,,,,,,0,,,,,,,,,,1,2,0,0,0,0,0,0,0,,,,,,,,
17168756,1,1,N,N,43,5TFJU4GN7FX073139,2015,17,91,629,30,N,77009,1,1,10,5,3,,,,N,ROCHAS TOWING SERVICE,ROCHAS TOWING SERVICE,N,,,,,,,,,,,,,,,,,,,,,,,,,19,20,,,,,,3,1,0,1,0,0,0,1,0,,,,,,,,
17168756,2,1,N,N,43,2T3WFREV8JW421236,2018,17,91,581,69,N,78747,1,1,2,5,12,,,,N,EZ AUTO AND TOWING SERVICE,EZ AUTO AND TOWING SERVICE,N,,,,,,,,,,,,,,,,,,,,,,0,,,,,,,,,,1,1,0,1,0,0,0,1,0,,,,,,,,
17168757,1,1,N,N,4,2B3CJ4DV1AH322880,2010,2,109,73,100,N,76063,1,2,18,6,3,2,5,12,N,HARPERS TOWING SERVICE INC,HARPERS TOWING SERVICE INC,N,,,,,,,,,,,,,,,,,,,,,,44,20,,22,,,,,,,5,1,0,1,0,0,0,1,0,,,,,,,,
17168757,2,1,N,N,43,1G1BC5SM2J7105301,2018,2,107,2209,104,N,78751,2,,,,,,,,N,AVILES & GABES WRECKER SERVICE INC.,AVILES & GABES WRECKER SERVICE INC.,N,,,,,,,,,,,,,,,,,,,,,,0,,,,,,,,,,5,1,0,0,0,1,0,0,0,,,,,,,,
17168757,3,1,N,N,43,3VWD67AJ5GM221095,2016,17,96,316,104,N,76534,1,2,6,7,6,2,7,12,Y,SPECIAL AUTOMOTIVE SERVICE INC,SPECIAL AUTOMOTIVE SERVICE INC,N,,,,,,,,,,,,,,,,,,,,,,0,,,,,,,,,,5,2,0,0,0,2,0,0,0,,,,,,,,
17168757,4,1,N,N,43,1FTSW31FX1EB83861,2001,21,37,2325,30,N,76544,1,2,8,3,6,6,2,6,N,EZ AUTO AND TOWING SERVICE,EZ AUTO AND TOWING SERVICE,N,,,,,,,,,,,,,,,,,,,,,,0,,,,,,,,,,5,2,0,0,0,6,0,0,0,,,,,,,,
17168758,1,1,N,N,43,JM1GJ1V58F1200603,2015,17,63,870,104,N,78748,1,1,2,6,12,,,,N,HARPERS TOWING SERVICE INC,HARPERS TOWING SERVICE INC,N,,,,,,,,,,,,,,,,,,,,,,44,,,,,,,,,,3,1,0,0,0,1,0,0,0,,,,,,,,
17168758,2,1,N,N,43,JTDKN3DU0F1906998,2015,17,91,702,104,N,78750,1,1,6,5,6,,,,N,,,N,,,,,,,,,,,,,,,,,,,,,,0,,,,,,,,,,3,1,0,0,0,1,0,0,0,,,,,,,,
17168759,1,1,N,N,43,3HGCM56446G703874,2006,,44,107,104,N,78744,2,,2,4,11,14,4,5,N,ROCHAS TOWING SERVICE,ROCHAS TOWING SERVICE,N,,,,,,,,,,,,,,,,,,,,,,4,,,,,,,,,,3,1,0,1,0,0,0,1,0,,,,,,,,
17168760,1,1,N,N,43,5GTDN136468138653,2006,2,112,1563,104,N,78758,1,2,3,2,12,,,,N,,,N,,,,,,,,,,,,,,,,,,,,,,0,,,,,,,,,,8,1,0,1,0,0,0,1,0,,,,,,,,
17168760,2,1,N,N,43,JM1BK32F681166082,2008,2,63,3917,104,N,78744,1,2,7,2,7,,,,N,,,N,,,,,,,,,,,,,,,,,,,,,,0,,,,,,,,,,8,1,0,1,0,1,0,1,0,,,,,,,,
17168761,1,1,N,N,43,1G8AJ55FX6Z205674,2006,21,81,779,104,N,78653,1,2,4,3,10,,,,N,EZ AUTO AND TOWING SERVICE,EZ AUTO AND TOWING SERVICE,N,,,,,,,,,,,,,,,,,,,,,,20,33,,,,,,,,,7,1,0,4,2,1,0,6,0,,,,,,,,
17168761,2,1,N,N,43,3N1AB7AP7EY235143,2014,16,71,341,104,N,78705,1,2,1,4,12,,,,N,EZ AUTO AND TOWING SERVICE,EZ AUTO AND TOWING SERVICE,N,,,,,,,,,,,,,,,,,,,,,,0,,,,,,,,,,3,1,0,5,1,0,0,6,0,,,,,,,,
17168762,1,1,N,N,43,5GAKRBKD0EJ184384,2014,21,105,2184,69,N,,1,1,6,3,6,,,,,,,N,,,,,,,,,,,,,,,,,,,,,,0,,,,,,,,,,11,1,0,0,1,0,0,1,0,,,,,,,,
17168762,2,1,N,N,43,5YFBU4EE3DP096047,2013,22,91,172,104,N,,1,1,2,6,12,,,,,,,N,,,,,,,,,,,,,,,,,,,,,,0,,,,,,,,,,11,1,0,0,1,0,0,1,0,,,,,,,,
17168763,1,1,N,N,43,1GCEC19C29Z283509,2009,17,107,60,30,N,78653,1,1,2,4,12,,,,Y,EZ AUTO AND TOWING SERVICE,EZ AUTO AND TOWING SERVICE,N,,,,,,,,,,,,,,,,,,,,,,0,,,,,,,,,,1,1,0,0,0,1,0,0,0,,,,,,,,
17168763,2,1,N,N,43,2HKRW5H3XJH409130,2018,21,44,107,104,N,78653,1,1,2,5,12,,,,Y,AVILES & GABES WRECKER SERVICE INC.,AVILES & GABES WRECKER SERVICE INC.,N,,,,,,,,,,,,,,,,,,,,,,0,,,,,,,,,,7,1,0,0,2,0,0,2,0,,,,,,,,
17168765,1,1,N,N,43,WAUKGAFL9EA126500,2014,2,8,2153,104,N,78745,1,2,11,5,11,,,,N,ROCHAS TOWING SERVICE,ROCHAS TOWING SERVICE,N,,,,,,,,,,,,,,,,,,,,,,,,,24,,,,,,,1,1,0,0,0,1,0,0,0,,,,,,,,
17168765,2,1,N,N,43,KMHCT4AE9FU798761,2015,21,45,557,104,N,78748,1,2,11,7,11,,,,N,EZ AUTO AND TOWING SERVICE,EZ AUTO AND TOWING SERVICE,N,,,,,,,,,,,,,,,,,,,,,,,,,20,24,,,,,,5,1,0,0,0,1,0,0,0,,,,,,,,
17168768,1,1,N,N,43,WDBRF40J64A555765,2004,2,65,118,104,N,78641,2,,3,3,11,29,0,,Y,620 LAKESIDE TOWING,620 LAKESIDE TOWING,N,,,,,,,,,,,,,,,,,,,,,,16,,,,,,,,,,7,1,0,1,0,0,0,1,0,,,,,,,,
17168768,2,1,N,N,43,1N4AL3AP5EN253582,2014,,71,500,104,N,78724,1,2,4,2,2,,,,N,DRIVEN AWAY BY OWNER,DRIVEN AWAY BY OWNER,N,,,,,,,,,,,,,,,,,,,,,,0,,,,,,,,,,3,1,0,0,0,2,0,0,0,,,,,,,,
17168769,1,1,N,Y,43,WDBNG70J33A350853,2003,9,65,676,104,N,78702,1,1,4,4,1,,,,Y,AUS-TEX AUTO ENTERPRISES LLC,AUS-TEX AUTO ENTERPRISES LLC,N,,,,,,,,,,,,,,,,,,,,,,,,,19,60,,,,,,1,1,0,0,0,0,1,0,0,,,,,,,,
17168770,1,1,N,Y,43,JHMGE8H24AC023607,2010,3,44,1083,104,N,78748,2,,15,2,11,,,,N,AUSTIN EXPRESS,AUSTIN EXPRESS,N,,,,,,,,,,,,,,,,,,,,,,20,,,45,,,,,,,8,1,0,0,0,0,1,0,0,,,,,,,,
17168770,2,1,Y,N,43,JHMCM56337C006835,2007,17,44,236,104,N,78744,1,2,15,1,11,,,,N,,,N,,,,,,,,,,,,,,,,,,,,,,0,,,,,,,,,,4,1,0,0,0,0,0,0,0,,,,,,,,
17168770,3,1,Y,N,46,2HKRM4H56FH637926,2015,11,44,107,69,N,24590,,,15,2,11,,,,N,,,N,,,,,,,,,,,,,,,,,,,,,,0,,,,,,,,,,4,2,0,0,0,0,0,0,0,,,,,,,,
17168771,1,1,N,N,43,1G1PC5SB7D7172887,2013,2,107,2209,104,N,78741,1,2,4,2,,,,,N,620 LAKESIDE TOWING,IMPOUND,N,,,,,,,,,,,,,,,,,,,,,,44,,,,,,,,,,7,1,0,0,0,3,0,0,0,,,,,,,,
17168771,2,1,N,N,3,3N1CN7AP5DL891272,2013,17,71,1452,104,N,78634,1,2,13,3,9,,,,N,620 LAKESIDE TOWING,620 LAKESIDE TOWING,N,,,,,,,,,,,,,,,,,,,,,,0,,,,,,,,,,7,1,0,1,0,0,0,1,0,,,,,,,,
17168772,1,1,N,N,43,3N1CE2CP7FL409162,2015,2,71,3996,104,N,78745,1,2,4,2,12,8,2,7,Y,HARPERS TOWING SERVICE INC,HARPERS TOWING SERVICE INC,N,,,,,,,,,,,,,,,,,,,,,,0,,,,,,,,,,5,1,0,1,0,0,0,1,0,,,,,,,,
17168772,2,1,N,N,43,5N1AR2MN1DC680986,2013,21,71,531,104,N,75028,1,2,7,1,5,,,,N,,,N,,,,,,,,,,,,,,,,,,,,,,0,,,,,,,,,,5,1,0,0,0,7,0,0,0,,,,,,,,
17168772,3,1,N,N,43,2T1BR32E45C432550,2005,16,91,173,104,N,78666,1,2,2,3,12,,,,Y,ROCHAS TOWING SERVICE,ROCHAS TOWING SERVICE,N,,,,,,,,,,,,,,,,,,,,,,0,,,,,,,,,,5,2,0,0,0,1,0,0,0,,,,,,,,
17168773,1,1,N,N,43,JTEHP21A260184265,2006,21,91,721,104,N,78754,1,1,8,2,4,,,,Y,SPECIAL AUTOMOTIVE SERVICE INC,SPECIAL AUTOMOTIVE SERVICE INC,N,,,,,,,,,,,,,,,,,,,,,,19,,,67,,,,,,,2,1,0,0,0,1,0,0,0,,,,,,,,
17168773,2,1,N,N,43,5N1AZ2MG7FN275918,2015,2,71,69,104,N,78704,1,1,2,2,12,,,,Y,EZ AUTO AND TOWING SERVICE,EZ AUTO AND TOWING SERVICE,N,,,,,,,,,,,,,,,,,,,,,,0,,,,,,,,,,6,1,0,0,0,1,0,0,0,,,,,,,,
17168774,1,1,N,N,43,5N1AT2MT2JC759062,2018,21,71,1310,69,N,78703,2,,11,1,11,,,,N,INTERSTATE CHAPARRAL TOWING INC.,INTERSTATE CHAPARRAL TOWING INC.,N,,,,,,,,,,,,,,,,,,,,,,60,67,39,,,,,,,,2,1,0,0,0,2,0,0,0,,,,,,,,
17168774,2,1,N,N,43,KM8J33A49GU087801,2016,9,45,1431,69,N,78753,1,2,11,3,11,,,,N,NOT TOWED,NOT TOWED,N,,,,,,,,,,,,,,,,,,,,,,0,,,,,,,,,,4,1,0,0,0,1,0,0,0,,,,,,,,
17168775,1,1,N,N,43,2GKFLPE36G6140038,2016,21,39,1392,69,N,79603,1,1,,5,,3,5,1,Y,EZ AUTO AND TOWING SERVICE,EZ AUTO AND TOWING SERVICE,N,,,,,,,,,,,,,,,,,,,,,,74,,,,,,,,,,1,1,0,0,2,0,0,2,0,,,,,,,,
17168775,2,1,N,N,43,5TDBZRFHXJS494320,2018,2,91,721,69,N,78752,1,1,12,5,1,4,4,1,Y,ROCHAS TOWING SERVICE,ROCHAS TOWING SERVICE,N,,,,,,,,,,,,,,,,,,,,,,0,,,,,,,,,,3,1,0,1,0,0,0,1,0,,,,,,,,
17168776,1,1,N,N,43,1N4AL3AP8FC493285,2015,2,71,500,104,N,75204,1,2,2,6,12,,,,Y,ARMADA TOWING SOUTH,ARMADA TOWING SOUTH,N,,,,,,,,,,,,,,,,,,,,,,67,,,,,,,,,,1,1,0,0,0,1,0,0,0,,,,,,,,
17168776,2,1,N,N,43,JTJYARBZ8F2012195,2015,2,58,3884,104,N,94605,1,2,6,5,6,3,3,11,Y,ATX-VIP TOWING SERVICES,ATX-VIP TOWING SERVICES,N,,,,,,,,,,,,,,,,,,,,,,0,,,,,,,,,,1,1,0,1,0,1,0,1,0,,,,,,,,
17168776,3,1,N,N,43,KNAFX4A83F5392188,2015,2,55,1093,104,N,78754,1,2,8,2,5,,,,Y,NOT TOWED,N/A,N,,,,,,,,,,,,,,,,,,,,,,0,,,,,,,,,,1,2,0,0,0,2,0,0,0,,,,,,,,
17168777,1,1,N,N,43,5TBRT38143S411957,2003,9,91,687,30,N,78741,2,,2,2,12,,,,N,620 LAKESIDE TOWING,620 LAKESIDE TOWING,N,,,,,,,,,,,,,,,,,,,,,,16,35,,,,,,,,,5,1,0,0,0,2,0,0,0,,,,,,,,
17168777,2,1,N,N,43,JNKBV61F37M800146,2007,9,47,466,104,N,78741,1,2,16,2,3,2,2,12,N,EZ AUTO AND TOWING SERVICE,EZ AUTO AND TOWING SERVICE,N,,,,,,,,,,,,,,,,,,,,,,0,,,,,,,,,,7,1,0,1,0,1,0,1,0,,,,,,,,
17168802,1,1,N,N,43,1N4AL2AP8CN524867,2012,2,71,500,104,N,78640,1,2,2,5,12,,,,N,EZ AUTO AND TOWING SERVICE,EZ AUTO AND TOWING SERVICE,N,,,,,,,,,,,,,,,,,,,,,,60,,,20,,,,,,,7,1,0,1,0,0,0,1,1,,,,,,,,
17168802,2,1,N,N,43,1GNFC13087R409914,2007,3,107,547,69,N,78748,1,2,6,3,6,,,,N,ROCHAS TOWING SERVICE,ROCHAS TOWING SERVICE,N,,,,,,,,,,,,,,,,,,,,,,14,,,,,,,,,,7,1,0,2,0,0,0,2,0,,,,,,,,
17168803,1,1,N,N,43,1G1BE5SM2G7256285,2016,9,107,2209,104,N,78744,2,,2,4,12,,,,N,SPECIAL AUTOMOTIVE SERVICE INC,SPECIAL AUTOMOTIVE SERVICE INC,N,,,,,,,,,,,,,,,,,,,,,,20,,,,,,,,,,1,1,0,0,0,1,0,0,0,,,,,,,,
17168803,2,1,N,N,43,4T3ZK11A59U008652,2009,9,91,1449,69,N,78744,1,2,15,2,7,,,,N,EZ AUTO AND TOWING SERVICE,EZ AUTO AND TOWING SERVICE,N,,,,,,,,,,,,,,,,,,,,,,0,,,,,,,,,,7,1,0,0,0,1,0,0,0,,,,,,,,
17168804,1,1,N,Y,43,1FMZU63K45UB11626,2005,21,37,554,69,N,78753,2,,4,1,12,,,,N,,,N,,,,,,,,,,,,,,,,,,,,,,,,,15,,,,,,,6,1,0,0,0,0,1,0,0,,,,,,,,
17168804,2,1,N,N,43,1GYFK63838R276165,2008,11,106,657,69,N,78640,1,2,7,1,6,,,,Y,ARMADA TOWING,ARMADA TOWING,N,,,,,,,,,,,,,,,,,,,,,,0,,,,,,,,,,8,1,0,2,1,0,0,3,0,,,,,,,,
17168805,1,1,N,N,43,1GCRCREC1EZ172675,2014,21,107,658,30,N,78721,1,2,1,0,12,,,,N,,,N,,,,,,,,,,,,,,,,,,,,,,0,,,,,,,,,,3,1,0,0,0,1,0,0,0,,,,,,,,
17168805,2,4,,,,,,,,,,,,,,,,,,,,,,,,,,,,,,,,,,,,,,,,,,,,,59,,,,,,,,,,9,1,0,0,1,0,0,1,0,,,,,,,,
17168805,3,4,,,,,,,,,,,,,,,,,,,,,,,,,,,,,,,,,,,,,,,,,,,,,59,,,,,,,,,,9,2,1,0,0,0,0,1,0,,,,,,,,
17168806,1,1,N,N,43,2GCEC19T521409005,2002,21,107,2202,30,N,78758,1,2,4,2,12,,,,Y,ARMADA TOWING,ARMADA TOWING,N,,,,,,,,,,,,,,,,,,,,,,19,20,,4,,,,,,,2,1,0,0,0,1,0,0,0,,,,,,,,
17168806,2,1,Y,N,43,5RHCT1226GH002140,2016,2,279,1714,92,N,78616,2,,7,1,6,1,1,12,N,,,N,,,,,,,,,,,,,,,,,,,,,,0,,,,,,,,,,2,1,0,0,0,0,0,0,0,,,,,,,,
17168806,3,1,Y,N,43,1N4AL21E37N417505,2007,16,71,500,104,N,78758,2,,6,4,6,4,1,12,Y,,,N,,,,,,,,,,,,,,,,,,,,,,0,,,,,,,,,,2,2,0,0,0,0,0,0,0,,,,,,,,
17168806,4,1,Y,N,43,3D7KS28L59G553674,2009,9,109,2276,30,N,78758,2,,3,1,10,,,,N,,,N,,,,,,,,,,,,,,,,,,,,,,0,,,,,,,,,,2,2,0,0,0,0,0,0,0,,,,,,,,
17168806,5,1,Y,N,43,JHLRD68586C024880,2006,9,44,605,104,N,78758,2,,8,1,5,7,1,7,N,,,N,,,,,,,,,,,,,,,,,,,,,,0,,,,,,,,,,2,2,0,0,0,0,0,0,0,,,,,,,,
17168806,6,1,Y,N,43,5FNYF3H76FB032353,2015,21,44,761,69,N,78758,2,,14,0,4,,,,N,,,N,,,,,,,,,,,,,,,,,,,,,,0,,,,,,,,,,2,2,0,0,0,0,0,0,0,,,,,,,,
17168807,1,1,N,N,43,4T1BF1FK4EU316874,2014,18,91,380,104,Y,78653,1,2,4,4,1,,,,N,NOT TOWED,NOT TOWED,N,,,,,,,,,,,,,,,,,,,,,,0,,,,,,,,,,7,1,0,0,0,2,0,0,0,,,,,,,,
17168807,2,4,,,,,,,,,,,,,,,,,,,,,,,,,,,,,,,,,,,,,,,,,,,,,74,,,,,,,,,,9,1,1,0,0,0,0,1,0,,,,,,,,
17168808,1,1,N,Y,13,WBA3N9C53EF720713,2014,3,14,21,0,N,,,,,,,,,,,,,N,,,,,,,,,,,,,,,,,,,,,,19,,,,,,,,,,7,1,0,0,0,0,1,0,0,,,,,,,,
17168808,2,1,N,N,43,1C4RJFBG6GC316674,2016,17,429,970,69,N,78757,1,1,6,3,6,,,,N,K & S TOWING,811 E 11TH ST,N,,,,,,,,,,,,,,,,,,,,,,0,,,,,,,,,,7,1,0,0,2,0,0,2,0,,,,,,,,
17168809,1,1,N,N,43,JTMWFREV6JJ733831,2018,21,91,581,104,N,78650,1,2,2,4,12,,,,Y,620 LAKESIDE TOWING,620 LAKESIDE TOWING,N,,,,,,,,,,,,,,,,,,,,,,0,,,,,,,,,,6,1,0,1,0,0,1,1,0,,,,,,,,
17168809,2,1,N,N,43,JTDKN3DU5A0146677,2010,17,91,702,104,N,,1,2,9,5,9,,,,Y,EZ AUTO AND TOWING SERVICE,EZ AUTO AND TOWING SERVICE,N,,,,,,,,,,,,,,,,,,,,,,0,,,,,,,,,,2,1,0,1,0,0,0,1,0,,,,,,,,
17168809,3,1,N,N,43,4T1BB46K68U036892,2008,16,91,380,104,N,78633,1,2,2,6,12,,,,Y,620 LAKESIDE TOWING,620 LAKESIDE TOWING,N,,,,,,,,,,,,,,,,,,,,,,0,,,,,,,,,,2,2,0,0,0,2,0,0,0,,,,,,,,
17168810,1,1,N,N,102,2T1BURHE9EC107885,2014,21,91,173,104,N,78745,1,2,7,4,7,,,,Y,OWNER CALLED OWN TOW,,N,,,,,,,,,,,,,,,,,,,,,,16,,,,,,,,,,7,1,0,0,0,1,0,0,0,,,,,,,,
17168810,2,1,N,N,43,1C6RR6KT3FS659119,2015,2,710,2522,30,N,78747,1,2,3,3,11,,,,N,,,N,,,,,,,,,,,,,,,,,,,,,,0,,,,,,,,,,1,1,0,0,0,4,0,0,0,,,,,,,,
17168811,1,1,N,N,43,1HGCP26719A152841,2009,2,44,236,104,N,78757,1,2,10,5,1,,,,N,,,N,,,,,,,,,,,,,,,,,,,,,,,,,20,,,,,,,7,1,0,0,0,3,0,0,0,,,,,,,,
17168811,2,1,N,N,43,19XFB2F52CE048095,2012,3,44,236,104,N,78758,1,2,4,3,12,,,,N,,,N,,,,,,,,,,,,,,,,,,,,,,,,,20,,,,,,,3,1,0,0,1,0,0,1,0,,,,,,,,
17168812,1,1,N,N,27,1HGCM56337A217208,2007,9,44,236,104,N,78704,1,2,2,1,12,,,,N,,,N,,,,,,,,,,,,,,,,,,,,,,20,33,,,,,,,,,5,1,0,0,0,1,0,0,0,,,,,,,,
17168812,2,1,N,N,43,1N4AL2AP3CC232846,2012,2,71,500,104,N,78704,1,2,2,2,12,,,,N,HARPERS TOWING SERVICE INC,HARPERS TOWING SERVICE INC,N,,,,,,,,,,,,,,,,,,,,,,0,,,,,,,,,,7,1,0,0,0,1,0,0,0,,,,,,,,
17168813,1,1,N,N,43,3N1AB7AP4KY237413,2019,21,71,341,104,N,78741,1,2,4,4,1,,,,N,SOUTHSIDE WRECKER INC,8200 S. CONGRESS AVE,N,,,,,,,,,,,,,,,,,,,,,,19,,,,,,,,,,3,1,0,0,0,2,0,0,0,,,,,,,,
17168813,2,1,Y,N,1,1FAHP2F86EG141733,2014,16,37,376,104,N,,,,12,1,5,,,,,,,N,,,,,,,,,,,,,,,,,,,,,,0,,,,,,,,,,3,1,0,0,0,0,0,0,0,,,,,,,,
17168813,3,1,Y,N,43,1N6BA06A25N571132,2005,9,71,1397,30,N,78741,,,7,5,5,,,,,,,N,,,,,,,,,,,,,,,,,,,,,,0,,,,,,,,,,3,2,0,0,0,0,0,0,0,,,,,,,,
17168814,1,1,N,N,43,2GCEK19TXY1346561,2000,1,107,658,30,N,78736,1,2,3,3,10,,,,Y,SOUTHSIDE WRECKER INC,SOUTHSIDE,N,,,,,,,,,,,,,,,,,,,,,,45,,,,,,,,,,7,1,0,0,0,2,0,0,0,,,,,,,,
17168815,1,1,N,N,43,1GNSCBKC6FR159622,2015,2,107,547,69,N,78729,1,1,8,2,4,,,,N,,,N,,,,,,,,,,,,,,,,,,,,,,19,,,,,,,,,,2,1,0,0,0,1,0,0,0,,,,,,,,
17168815,2,1,N,N,43,1G1AT58H497177263,2009,21,107,978,104,N,78613,1,1,2,5,12,,,,N,EZ AUTO AND TOWING SERVICE,EZ AUTO AND TOWING SERVICE,N,,,,,,,,,,,,,,,,,,,,,,0,,,,,,,,,,8,1,0,1,0,0,0,1,0,,,,,,,,
17168816,1,1,N,Y,43,,,17,91,,0,N,,,,,,,,,,,,,N,,,,,,,,,,,,,,,,,,,,,,0,,,,,,,,,,1,1,0,0,0,1,0,0,0,,,,,,,,
17168816,2,1,N,N,43,1C3CDZCB8CN147875,2012,3,109,549,104,N,78753,1,1,15,2,9,,,,Y,,,N,,,,,,,,,,,,,,,,,,,,,,,,,51,,,,,,,1,1,0,0,0,2,0,0,0,,,,,,,,
17168817,1,1,N,N,43,KL8CB6SA9GC611484,2016,1,107,2244,104,N,78744,1,1,2,5,12,,,,N,EZ AUTO AND TOWING SERVICE,1830 OAKHILL AUSTIN TX,N,,,,,,,,,,,,,,,,,,,,,,4,,,,,,,,,,1,1,1,0,0,0,0,1,0,,,,,,,,
17168817,2,1,N,N,43,JM3TB2CA1E0434417,2014,2,63,1009,104,N,78613,1,1,4,5,12,5,4,3,N,,,N,,,,,,,,,,,,,,,,,,,,,,0,,,,,,,,,,1,1,0,0,0,5,0,0,0,,,,,,,,
17168818,1,1,N,N,43,JT3HN86R729068145,2002,2,91,395,104,N,78753,1,2,10,2,3,,,,Y,EZ AUTO AND TOWING SERVICE,EZ AUTO AND TOWING SERVICE,N,,,,,,,,,,,,,,,,,,,,,,0,,,,,,,,,,6,1,0,0,0,1,0,0,0,,,,,,,,
17168818,2,1,N,N,43,2G1WG5E35D1203782,2013,2,107,53,104,N,76541,1,2,2,3,12,,,,Y,620 LAKESIDE TOWING,620 LAKESIDE TOWING,N,,,,,,,,,,,,,,,,,,,,,,0,,,,,,,,,,4,1,0,0,0,1,0,0,0,,,,,,,,
17168819,1,1,N,N,43,1G1PC5SB6E7250450,2014,9,107,60,104,N,78725,1,2,11,1,10,12,1,2,Y,SPECIAL AUTOMOTIVE SERVICE INC,SPECIAL AUTOMOTIVE SERVICE INC,N,,,,,,,,,,,,,,,,,,,,,,67,,,22,,,,,,,4,1,1,0,0,0,0,1,0,,,,,,,,
17168820,1,1,N,N,43,1GNERHKW6JJ183841,2018,16,107,1414,104,N,78640,1,1,4,5,,,,,N,STARS TOWING,STARS TOWING,N,,,,,,,,,,,,,,,,,,,,,,,,,20,,,,,,,7,1,0,1,1,4,0,2,0,,,,,,,,
17168820,2,1,N,N,43,3GNCJKSB5HL172972,2017,2,107,2248,104,N,78722,1,1,8,5,,7,3,7,N,AVILES & GABES WRECKER SERVICE INC.,AVILES & GABES WRECKER SERVICE INC.,N,,,,,,,,,,,,,,,,,,,,,,,,,20,,,,,,,1,1,0,0,0,2,0,0,0,,,,,,,,
17168822,1,1,N,N,43,5N1AN08U38C517781,2008,16,71,694,69,N,78729,1,2,2,3,12,,,,Y,969 TOWING,969 TOWING,N,,,,,,,,,,,,,,,,,,,,,,45,,,60,,,,,6,,11,1,0,0,1,0,0,1,0,,,,,,,,