Crash_ID,Unit_Nbr,Unit_Desc_ID,Veh_Parked_Fl,Veh_HNR_Fl,Veh_Lic_State_ID,VIN,Veh_Mod_Year,Veh_Color_ID,Veh_Make_ID,Veh_Mod_ID,Veh_Body_Styl_ID,Emer_Respndr_Fl,Ownr_Zip,Fin_Resp_Proof_ID,Fin_Resp_Type_ID,Veh_Dmag_Area_1_ID,Veh_Dmag_Scl_1_ID,Force_Dir_1_ID,Veh_Dmag_Area_2_ID,Veh_Dmag_Scl_2_ID,Force_Dir_2_ID,Veh_Inventoried_Fl,Veh_Transp_Name,Veh_Transp_Dest,Veh_Cmv_Fl,Cmv_Fiveton_Fl,Cmv_Hazmat_Fl,Cmv_Nine_Plus_Pass_Fl,Cmv_Veh_Oper_ID,Cmv_Carrier_ID_Type_ID,Cmv_Carrier_Zip,Cmv_Veh_Type_ID,Cmv_GVWR,Cmv_RGVW,Cmv_Hazmat_Rel_Fl,Hazmat_Cls_1_ID,Hazmat_IDNbr_1_ID,Hazmat_Cls_2_ID,Hazmat_IDNbr_2_ID,Cmv_Cargo_Body_ID,Cmv_Evnt1_ID,Cmv_Evnt2_ID,Cmv_Evnt3_ID,Cmv_Evnt4_ID,Cmv_Tot_Axle,Cmv_Tot_Tire,Contrib_Factr_1_ID,Contrib_Factr_2_ID,Contrib_Factr_3_ID,Contrib_Factr_P1_ID,Contrib_Factr_P2_ID,Veh_Dfct_1_ID,Veh_Dfct_2_ID,Veh_Dfct_3_ID,Veh_Dfct_P1_ID,Veh_Dfct_P2_ID,Veh_Trvl_Dir_ID,First_Harm_Evt_Inv_ID,Sus_Serious_Injry_Cnt,Nonincap_Injry_Cnt,Poss_Injry_Cnt,Non_Injry_Cnt,Unkn_Injry_Cnt,Tot_Injry_Cnt,Death_Cnt,Cmv_Disabling_Damage_Fl,Cmv_Bus_Type_ID,Trlr_GVWR,Trlr_RGVW,Trlr_Type_ID,Trlr_Disabling_Dmag_ID,Cmv_Intermodal_Container_Permit_Fl,CMV_Actual_Gross_Weight
17169394,1,1,N,N,43,1FAFP49Y33F438394,2003,2,37,96,100,N,78641,1,2,2,7,12,,,,N,STARS TOWING,STARS TOWING,N,,,,,,,,,,,,,,,,,,,,,,60,,,,,,,,,,1,1,0,0,0,1,1,0,0,,,,,,,,
17169394,2,1,N,N,43,19UUB2F51FA002094,2015,2,1,2610,104,N,78660,1,2,6,6,6,2,3,12,N,620 LAKESIDE TOWING,620 LAKESIDE TOWING,N,,,,,,,,,,,,,,,,,,,,,,0,,,,,,,,,,1,1,0,1,0,0,0,1,0,,,,,,,,
17169394,3,1,N,N,43,1FTNW21L34EA49159,2004,21,37,2325,30,N,78737,1,2,7,2,6,,,,N,DRIVEN,RESIDENCE,N,,,,,,,,,,,,,,,,,,,,,,0,,,,,,,,,,1,2,0,0,0,1,0,0,0,,,,,,,,
17169395,1,1,N,Y,113,,,9,,,104,N,,,,,,,,,,,,,N,,,,,,,,,,,,,,,,,,,,,,0,,,,,,,,,,4,1,0,0,0,0,0,0,0,,,,,,,,
17169395,2,1,N,N,43,SALSF2D49DA807321,2013,21,57,1298,104,N,78704,1,2,8,3,6,,,,N,STARS TOWING,STARS TOWING,N,,,,,,,,,,,,,,,,,,,,,,0,,,,,,,,,,4,1,0,0,1,0,0,1,0,,,,,,,,
17169396,1,1,N,N,43,1N4AL3AP4FN370510,2015,2,71,500,104,N,78724,1,2,11,3,10,,,,N,,,N,,,,,,,,,,,,,,,,,,,,,,0,,,,,,,,,,3,1,0,0,0,1,0,0,0,,,,,,,,
17169396,2,1,N,N,43,KNMAT2MV8HP605190,2017,3,71,1310,69,N,78653,1,2,8,2,6,,,,N,,,N,,,,,,,,,,,,,,,,,,,,,,0,,,,,,,,,,3,1,0,0,1,0,0,1,0,,,,,,,,
17169397,1,1,N,N,43,1FMEU3DE6AUA05971,2010,17,37,712,30,N,78660,1,2,1,2,12,,,,Y,,,N,,,,,,,,,,,,,,,,,,,,,,0,,,,,,,,,,1,1,0,0,0,1,0,0,0,,,,,,,,
17169397,2,1,N,N,43,1N4AL3AP0DC145820,2013,2,71,500,104,N,78640,1,1,5,4,6,1,1,12,Y,EZ AUTO AND TOWING SERVICE,EZ AUTO AND TOWING SERVICE,N,,,,,,,,,,,,,,,,,,,,,,0,,,,,,,,,,1,1,0,1,0,0,0,1,0,,,,,,,,
17169397,3,1,N,N,43,JN8AF5MRXET351680,2014,,71,2505,69,N,78727,1,1,5,1,6,,,,N,,,N,,,,,,,,,,,,,,,,,,,,,,0,,,,,,,,,,1,2,0,0,0,1,0,0,0,,,,,,,,
17169398,1,1,N,N,43,1C4NJPBB7GD562104,2016,3,429,1273,69,N,78753,1,1,9,7,9,18,7,3,Y,SPECIAL AUTOMOTIVE SERVICE INC,SPECIAL AUTOMOTIVE SERVICE INC,N,,,,,,,,,,,,,,,,,,,,,,20,15,,,,,,,,,1,1,0,4,0,1,0,4,0,,,,,,,,
17169398,2,1,N,N,43,1C6RR6TT8KS608465,2019,21,710,4100,30,N,,1,7,2,7,12,,,,Y,EASY TOWING,EASY TOWING FACILITY,N,,,,,,,,,,,,,,,,,,,,,,0,,,,,,,,,,3,1,0,0,1,0,0,1,0,,,,,,,,
17169399,1,1,N,N,43,1G1PE5SB0G7103750,2016,17,107,2209,104,N,78681,1,2,2,4,12,,,,Y,ARMADA TOWING,ARMADA TOWING,N,,,,,,,,,,,,,,,,,,,,,,20,19,22,41,77,,,,,,6,1,0,1,0,1,0,1,0,,,,,,,,
17169399,2,1,Y,N,43,KNDJF724457087332,2005,17,55,611,104,N,78750,1,2,6,1,6,,,,N,,,N,,,,,,,,,,,,,,,,,,,,,,0,,,,,,,,,,6,1,0,0,0,0,0,0,0,,,,,,,,
17169400,1,1,N,Y,43,1D9BG5328S1208197,1995,99,335,1770,92,N,78659,,,,,,,,,,,,N,,,,,,,,,,,,,,,,,,,,,,0,,,,,,,,,,2,1,0,0,0,0,0,0,0,,,,,,,,
17169400,2,6,,,,,,,,,,,,,,,,,,,,,,,,,,,,,,,,,,,,,,,,,,,,,0,,,,,,,,,,9,2,0,0,0,0,0,0,0,,,,,,,,
17169400,3,1,N,N,43,3D4PG5FV2AT150371,2010,3,109,1166,103,N,78729,1,1,15,1,9,,,,N,,,N,,,,,,,,,,,,,,,,,,,,,,0,,,,,,,,,,2,1,0,2,0,0,0,2,0,,,,,,,,
17169401,1,1,N,N,43,3FADP4BJ6EM153955,2014,9,37,229,104,N,78724,2,,3,5,2,,,,N,ATX-VIP TOWING SERVICES,ATX-VIP TOWING SERVICES,N,,,,,,,,,,,,,,,,,,,,,,22,,,,,,,,,,1,1,0,0,0,2,0,0,0,,,,,,,,
17169401,2,1,N,N,43,4T1BF1FKXCU120919,2012,9,91,380,104,N,78753,2,,8,2,6,,,,N,NOT TOWED,NOT TOWED,N,,,,,,,,,,,,,,,,,,,,,,0,,,,,,,,,,1,1,0,0,0,1,0,0,0,,,,,,,,
17169402,1,1,N,N,1,3CZRE3H37AG704163,2010,21,44,605,104,N,76548,1,1,2,2,12,4,1,1,Y,SPECIAL AUTOMOTIVE SERVICE INC,SPECIAL AUTOMOTIVE SERVICE INC,N,,,,,,,,,,,,,,,,,,,,,,20,45,,,,,,,,,1,1,0,0,1,0,0,1,0,,,,,,,,
17169402,2,1,Y,N,43,SALMF1D4XBA334500,2011,3,57,1298,69,N,78704,1,1,7,2,7,,,,N,EZ AUTO AND TOWING SERVICE,EZ AUTO AND TOWING SERVICE,N,,,,,,,,,,,,,,,,,,,,,,0,,,,,,,,,,1,1,0,0,0,0,0,0,0,,,,,,,,
17169402,3,1,Y,N,43,3GNFK16308G172863,2008,3,107,2203,69,N,78704,1,1,6,2,6,,,,N,NOT TOWED,NOT TOWED,N,,,,,,,,,,,,,,,,,,,,,,0,,,,,,,,,,1,2,0,0,0,0,0,0,0,,,,,,,,
17169403,1,1,N,N,43,1NXBR32E47Z768460,2007,17,91,173,104,N,78701,2,,,,,,,,Y,STARS TOWING,STARS TOWING,N,,,,,,,,,,,,,,,,,,,,,,67,,,,,,,,,,7,1,0,1,0,0,0,1,0,,,,,,,,
17169404,1,1,N,Y,43,1C3CCCAB1FN690444,2015,9,21,2258,104,N,78644,1,1,2,5,12,,,,Y,SPECIAL AUTOMOTIVE SERVICE INC,SPECIAL AUTOMOTIVE SERVICE INC,N,,,,,,,,,,,,,,,,,,,,,,20,,,,,,,,,,2,1,0,0,0,0,1,0,0,,,,,,,,
17169505,1,1,N,N,43,2T2ZZMCA4KC121529,2019,17,58,1317,69,N,78613,1,1,14,3,4,,,,N,FINGER TOWING,"907 MCPHAUL ST, AUSTIN, TX 78758",N,,,,,,,,,,,,,,,,,,,,,,37,,,,,,,,,,3,1,0,0,0,1,0,0,0,,,,,,,,
17169505,2,1,N,N,43,1FAFP40694F225222,2004,16,37,96,100,N,78613,1,1,1,5,12,,,,N,BULLDOG TOWING,1101 S INDUSTRIAL BLVD ROUND ROCK 78681,N,,,,,,,,,,,,,,,,,,,,,,0,,,,,,,,,,7,1,0,0,0,1,0,0,0,,,,,,,,
17170694,1,1,N,N,43,4S4BRCBC1B3353013,2011,21,85,1268,104,N,78730,1,1,13,3,9,,,,N,SOUTHSIDE WRECKER INC,8200 S. CONGRESS AVE,N,,,,,,,,,,,,,,,,,,,,,,29,,,,,,,,,,5,1,0,0,0,1,0,0,0,,,,,,,,
17170694,2,1,N,N,43,WAU3VAFR1AA011866,2010,21,8,1324,100,N,78704,1,1,1,3,12,,,,N,SOUTHSIDE WRECKER INC,8200 S. CONGRESS AVE,N,,,,,,,,,,,,,,,,,,,,,,0,,,,,,,,,,7,1,0,0,0,1,0,0,0,,,,,,,,
17170695,1,1,N,N,43,4JGAB75E22A322627,2002,17,65,675,104,N,78653,1,1,12,3,2,,,,Y,SOUTHSIDE WRECKER INC,8200 S. CONGRESS AVE,N,,,,,,,,,,,,,,,,,,,,,,0,,,,,,,,,,5,1,0,0,0,1,0,0,0,,,,,,,,
17170695,2,4,,,,,,,,,,,,,,,,,,,,,,,,,,,,,,,,,,,,,,,,,,,,,59,,,,,,,,,,9,1,0,0,0,0,0,0,1,,,,,,,,
17170696,1,1,N,N,43,JM1BL1TF1D1702477,2013,17,63,539,104,N,78613,1,2,2,4,12,,,,N,,,N,,,,,,,,,,,,,,,,,,,,,,34,,,48,,,,,,,1,1,0,0,0,1,0,0,0,,,,,,,,
17170696,2,1,N,N,43,2G1WU58R579234299,2007,9,107,56,104,N,78750,1,2,10,4,3,,,,N,,,N,,,,,,,,,,,,,,,,,,,,,,0,,,,,,,,,,3,1,0,0,0,1,0,0,0,,,,,,,,
17170700,1,1,N,Y,,,,,,,0,N,,,,,,,,,,,,,N,,,,,,,,,,,,,,,,,,,,,,74,,,,,,,,,,3,1,0,0,0,0,1,0,0,,,,,,,,
17170700,2,1,N,N,43,4T1BF1FK2DU647046,2013,16,91,380,104,N,78745,1,2,15,3,8,,,,Y,SOUTHSIDE WRECKER INC,8200 S. CONGRESS AVE,N,,,,,,,,,,,,,,,,,,,,,,0,,,,,,,,,,1,1,0,1,0,0,0,1,0,,,,,,,,
17170701,1,1,N,N,43,1VWBP7A37DC035724,2013,2,96,473,104,N,78751,1,1,16,3,3,,,,Y,EZ AUTO AND TOWING SERVICE,EZ AUTO AND TOWING SERVICE,N,,,,,,,,,,,,,,,,,,,,,,0,,,,,,,,,,8,1,0,1,0,0,0,1,0,,,,,,,,
17170701,2,1,N,N,43,2G1WL52M0X9176196,1999,18,107,420,104,N,78752,1,1,2,3,12,,,,Y,ROCHAS TOWING SERVICE,ROCHAS TOWING SERVICE,N,,,,,,,,,,,,,,,,,,,,,,0,,,,,,,,,,6,1,2,0,0,0,0,2,0,,,,,,,,
17170702,1,1,N,N,43,4T4BF1FK3DR332228,2013,16,91,380,104,N,78749,1,2,17,2,9,,,,N,HARPERS TOWING SERVICE INC,HARPERS TOWING SERVICE INC,N,,,,,,,,,,,,,,,,,,,,,,34,,,,,,,,,,8,1,0,0,0,1,0,0,0,,,,,,,,
17170702,2,1,N,N,43,JTJGW31U372003096,2007,2,58,1319,69,N,78620,1,2,4,2,2,,,,N,SPECIAL AUTOMOTIVE SERVICE INC,SPECIAL AUTOMOTIVE SERVICE INC,N,,,,,,,,,,,,,,,,,,,,,,0,,,,,,,,,,2,1,0,0,1,0,0,1,0,,,,,,,,
17170703,1,1,N,N,43,1FTRX072X3KA16886,2003,16,37,2324,30,N,78723,1,2,2,3,12,,,,Y,,,N,,,,,,,,,,,,,,,,,,,,,,67,,,,,,,,,,5,1,0,0,0,1,0,0,0,,,,,,,,
17170703,2,1,N,N,43,1FTFW1ET2EFB84363,2014,3,37,2324,104,N,78641,1,2,6,2,6,,,,N,,,N,,,,,,,,,,,,,,,,,,,,,,0,,,,,,,,,,5,1,0,0,1,1,0,1,0,,,,,,,,
17170704,1,1,N,N,43,2HGFG12876H549909,2006,9,44,256,104,N,,1,1,13,5,,,,,,,,N,,,,,,,,,,,,,,,,,,,,,,74,,,,,,,,,,8,1,0,0,0,1,0,0,0,,,,,,,,
17170704,2,1,N,N,43,JTMWFREV9DD007545,2013,21,91,581,104,N,78758,1,1,4,5,2,,,,,,,N,,,,,,,,,,,,,,,,,,,,,,74,,,,,,,,,,2,1,0,0,0,1,0,0,0,,,,,,,,
17170705,1,1,N,N,43,1FMCU0HD2JUC41122,2018,3,37,711,104,N,78759,1,1,15,5,9,,,,Y,STARS TOWING,STARS TOWING,N,,,,,,,,,,,,,,,,,,,,,,15,,,,,,,,,,7,1,0,0,0,1,0,0,0,,,,,,,,
17170705,2,1,N,N,43,1GCWGAFF5G1227423,2016,3,107,2202,30,N,78754,1,1,2,4,12,,,,,,,N,,,,,,,,,,,,,,,,,,,,,,0,,,,,,,,,,1,1,0,0,0,2,0,0,0,,,,,,,,
17170706,1,1,N,N,43,JTDKARFU0G3525850,2016,3,91,702,104,N,78704,1,1,4,4,1,,,,N,ROCHAS TOWING SERVICE,ROCHAS TOWING SERVICE,N,,,,,,,,,,,,,,,,,,,,,,0,,,,,,,,,,5,1,0,0,0,1,0,0,0,,,,,,,,
17170706,2,1,N,N,43,3GTP2WE27DG368439,2013,21,39,2340,30,N,78746,1,1,2,4,11,,,,N,,,N,,,,,,,,,,,,,,,,,,,,,,0,,,,,,,,,,3,1,0,0,0,1,0,0,0,,,,,,,,
17170707,1,1,N,N,43,KL8CD6S90FC720110,2015,17,107,2244,100,N,78741,1,1,2,5,12,,,,N,SOUTHSIDE WRECKER INC,8200 S. CONGRESS AVE,N,,,,,,,,,,,,,,,,,,,,,,0,,,,,,,,,,1,1,0,0,0,1,0,0,0,,,,,,,,
17170707,2,1,N,N,43,5FNYF28446B026521,2006,2,44,761,69,N,78704,1,1,3,5,11,,,,N,ROCHAS TOWING SERVICE,ROCHAS TOWING SERVICE,N,,,,,,,,,,,,,,,,,,,,,,0,,,,,,,,,,7,1,0,0,0,1,0,0,0,,,,,,,,
17170708,1,1,N,N,43,1G6DM57T960202012,2006,2,106,728,104,N,78702,1,2,3,3,11,,,,Y,HARPERS TOWING SERVICE INC,HARPERS TOWING SERVICE INC,N,,,,,,,,,,,,,,,,,,,,,,20,,,,,,,,,,1,1,0,0,0,2,0,0,0,,,,,,,,
17170708,2,1,N,N,43,1FT7W2BTXFEB30007,2015,2,37,2325,30,N,78610,1,2,4,1,1,,,,N,,,N,,,,,,,,,,,,,,,,,,,,,,0,,,,,,,,,,1,1,0,0,0,1,0,0,0,,,,,,,,
17170709,1,1,N,N,43,YV4CN592961244066,2006,17,98,781,69,N,78681,1,1,3,2,10,,,,N,,,N,,,,,,,,,,,,,,,,,,,,,,47,,,,,,,,,,7,1,0,0,0,1,0,0,0,,,,,,,,
17170709,2,1,N,N,43,1N6DD0ER6HN759793,2017,21,71,634,30,N,78741,1,1,10,4,3,,,,Y,A & A WRECKER SOUTH,A & A WRECKER SOUTH,N,,,,,,,,,,,,,,,,,,,,,,0,,,,,,,,,,7,1,0,0,0,3,0,0,0,,,,,,,,
17170710,1,1,N,N,43,1J4FX58S5VC776326,1997,16,429,1116,104,N,78727,2,,8,1,5,,,,,,,N,,,,,,,,,,,,,,,,,,,,,,66,,,20,,,,,,,6,1,0,0,0,2,0,0,0,,,,,,,,
17170710,2,1,N,N,43,JH2RC5378HK700537,2017,2,44,3452,71,N,78728,1,2,10,4,1,,,,Y,969 TOWING,969 TOWING,N,,,,,,,,,,,,,,,,,,,,,,0,,,,,,,,,,6,1,0,0,0,1,0,0,0,,,,,,,,
17170711,1,1,N,Y,113,UNKNOWN,1940,18,208,763,0,N,78701,2,,,,,,,,,SELF,UNKNOWN,N,,,,,,,,,,,,,,,,,,,,,,74,,,,,,,,,,1,1,0,0,0,0,1,0,0,,,,,,,,
17170711,2,1,N,N,43,5J6RM3H79FL019033,2015,21,44,107,104,N,78660,1,1,1,3,12,,,,N,AAA,UNKNOWN,N,,,,,,,,,,,,,,,,,,,,,,0,,,,,,,,,,1,1,0,0,1,0,0,1,0,,,,,,,,
17170712,1,1,N,N,43,4A4AR3AW1FE030417,2015,2,68,2497,104,N,78748,1,2,3,4,2,,,,N,ROCHAS TOWING SERVICE,ROCHAS TOWING SERVICE,N,,,,,,,,,,,,,,,,,,,,,,0,,,,,,,,,,3,1,0,1,0,0,0,1,0,,,,,,,,
17170712,2,1,N,N,43,KMHDB8AE5BU117892,2011,16,45,3562,104,N,78735,1,2,13,4,9,,,,N,,,N,,,,,,,,,,,,,,,,,,,,,,0,,,,,,,,,,1,1,0,1,0,0,0,1,0,,,,,,,,
17170713,1,1,N,N,43,1B7HF16Y8XS212194,1999,16,710,4101,30,N,78681,1,2,2,6,12,,,,N,STARS TOWING,STARS TOWING,N,,,,,,,,,,,,,,,,,,,,,,22,,,,,,,,,,1,1,0,0,0,1,0,0,0,,,,,,,,
17170713,2,1,N,N,43,5NMZU3LB7HH031333,2017,,45,3564,103,N,78681,1,2,6,6,6,2,6,12,N,EZ AUTO AND TOWING SERVICE,EZ AUTO AND TOWING SERVICE,N,,,,,,,,,,,,,,,,,,,,,,0,,,,,,,,,,1,1,0,1,0,1,0,1,0,,,,,,,,
17170713,3,1,N,N,43,5TDZA23C64S046716,2004,8,91,648,103,N,78728,1,2,6,5,6,2,3,12,N,STARS TOWING,STARS TOWING,N,,,,,,,,,,,,,,,,,,,,,,0,,,,,,,,,,1,2,0,0,0,1,0,0,0,,,,,,,,
17170713,4,1,N,N,43,3C4PDCAB6HT573858,2017,2,109,1166,69,N,78602,1,2,6,2,6,,,,N,,,N,,,,,,,,,,,,,,,,,,,,,,0,,,,,,,,,,1,2,0,0,0,1,0,0,0,,,,,,,,
17170714,1,1,N,N,43,WBAKG7C59DE263470,2013,16,14,652,100,N,78660,1,1,3,3,,,,,Y,,,N,,,,,,,,,,,,,,,,,,,,,,44,,,,,,,,,,8,1,0,0,0,1,0,0,0,,,,,,,,
17170714,2,1,N,N,43,5NPEU46C06H119035,2006,3,45,462,104,N,78754,1,1,8,2,5,,,,N,,,N,,,,,,,,,,,,,,,,,,,,,,0,,,,,,,,,,8,1,0,0,0,1,0,0,0,,,,,,,,
17170715,1,1,N,N,43,3N1AB61E57L725170,2007,16,71,341,104,N,78660,1,2,4,2,1,12,2,2,,,,N,,,,,,,,,,,,,,,,,,,,,,20,29,,,,,,,,,8,1,0,0,0,1,0,0,0,,,,,,,,
17170715,2,1,N,N,43,5TFJU4GN4FX079299,2015,9,91,629,30,N,78723,1,2,7,1,7,,,,N,,,N,,,,,,,,,,,,,,,,,,,,,,0,,,,,,,,,,8,1,0,0,1,0,0,1,0,,,,,,,,
17170716,1,1,N,N,43,1B3LC46B89N566655,2009,21,109,549,104,N,75241,1,2,3,3,12,2,3,12,N,,,N,,,,,,,,,,,,,,,,,,,,,,35,,,,,,,,,,3,1,0,0,0,1,0,0,0,,,,,,,,
17170716,2,1,N,N,43,5FNYF28156B033371,2006,3,44,761,104,N,78748,1,2,11,4,11,,,,Y,DENVERS TOWING,DENVERS TOWING,N,,,,,,,,,,,,,,,,,,,,,,0,,,,,,,,,,5,1,0,0,0,1,0,0,0,,,,,,,,
17170717,1,1,N,N,43,JHMCM56337C005992,2007,9,44,236,104,N,78748,1,1,2,1,12,,,,N,,,N,,,,,,,,,,,,,,,,,,,,,,20,,,,,,,,,,5,1,0,0,0,1,0,0,0,,,,,,,,
17170718,1,1,N,N,43,JTHBE1BL9E5037404,2014,2,58,2438,104,N,78724,1,2,2,3,12,,,,,ROCHAS TOWING SERVICE,ROCHAS TOWING SERVICE,N,,,,,,,,,,,,,,,,,,,,,,46,,,20,,,,,,,1,1,0,1,0,0,0,1,0,,,,,,,,
17171045,1,1,N,N,6,WBAET37454NJ95252,2004,2,14,523,104,N,81435,1,2,2,3,12,,,,N,BULLDOG TOWING,"1400 CHISHOLM TRL STE G, ROUND ROCK, TX",N,,,,,,,,,,,,,,,,,,,,,,22,19,,,,,,,,,2,1,0,0,0,1,0,0,0,,,,,,,,
17171045,2,1,N,N,43,WVWEV71K88W026449,2008,2,96,519,104,N,78626,1,2,6,2,6,,,,N,,,N,,,,,,,,,,,,,,,,,,,,,,0,,,,,,,,,,2,1,0,0,0,1,0,0,0,,,,,,,,
17171163,1,1,N,N,43,1J4GX58S44C393898,2004,2,429,1116,69,N,76522,1,1,2,2,12,,,,N,AAA TOWING,"4970 US-290 #310, AUSTIN, TX 78735",N,,,,,,,,,,,,,,,,,,,,,,22,,,,,,,,,,8,1,0,0,0,1,0,0,0,,,,,,,,
17171163,2,1,N,N,43,1J4GX48S44C199298,2004,17,429,1116,69,N,78660,1,2,2,1,12,6,1,6,N,NONE,,N,,,,,,,,,,,,,,,,,,,,,,0,,,,,,,,,,8,1,0,0,0,1,0,0,0,,,,,,,,
17171163,3,1,N,N,43,5NMSH13E17H013171,2007,3,45,713,69,N,78735,1,2,6,1,6,,,,N,NONE,,N,,,,,,,,,,,,,,,,,,,,,,0,,,,,,,,,,8,2,0,0,0,2,0,0,0,,,,,,,,
17172190,1,1,N,N,43,KNAFK4A63G5620642,2016,2,55,1093,104,N,78702,1,2,2,3,12,,,,N,TEX TOWING,"5526 W HWY 290 AUSTIN, TX",N,,,,,,,,,,,,,,,,,,,,,,22,,,,,,,,,,7,1,0,0,0,1,0,0,0,,,,,,,,
17172190,2,1,N,N,43,JM3KE2CY6F0449903,2015,3,63,2471,69,N,78738,1,2,2,3,12,6,2,6,N,SOUTHSIDE WRECKER,"8200 S CONGRESS AUSTIN, TX",N,,,,,,,,,,,,,,,,,,,,,,0,,,,,,,,,,7,1,0,0,0,1,0,0,0,,,,,,,,
17172190,3,1,N,N,43,5FRYD4H62GB025788,2016,9,1,705,69,N,78717,1,2,6,1,6,,,,N,,,N,,,,,,,,,,,,,,,,,,,,,,0,,,,,,,,,,7,2,0,0,0,1,0,0,0,,,,,,,,
17172190,4,1,N,N,43,1N4AL21E39N466724,2009,18,71,500,104,N,78751,1,2,6,2,6,,,,N,,,N,,,,,,,,,,,,,,,,,,,,,,0,,,,,,,,,,7,2,0,0,0,1,0,0,0,,,,,,,,
17172232,1,1,N,N,43,4T1BF1FK7GU143628,2016,21,91,380,104,N,78759,1,2,3,5,12,2,5,12,Y,ARMADA TOWING,ARMADA TOWING,N,,,,,,,,,,,,,,,,,,,,,,67,68,22,40,,,,,,,5,1,0,0,0,1,0,0,0,,,,,,,,
17172232,2,1,N,N,76,MALA74NC5FM073602,2019,21,45,377,104,N,,2,,8,5,6,,,,N,AUS-TEX AUTO ENTERPRISES LLC,AUS-TEX AUTO ENTERPRISES LLC,N,,,,,,,,,,,,,,,,,,,,,,0,,,,,,,,,,5,1,0,0,0,4,0,0,0,,,,,,,,
17172233,1,1,N,N,43,KNAFX4A80F5309171,2015,9,55,1093,104,N,78729,1,1,1,6,12,,,,N,CPW,OWNERS RESIDENCE/REQUEST,N,,,,,,,,,,,,,,,,,,,,,,0,,,,,,,,,,6,1,0,0,0,1,0,0,0,,,,,,,,
17172234,1,1,N,N,43,19XFB2F89CE108416,2012,9,44,256,104,N,78753,1,2,3,5,12,,,,Y,620 LAKESIDE TOWING,620 LAKESIDE TOWING,N,,,,,,,,,,,,,,,,,,,,,,67,23,,,,,,,,,2,1,0,1,0,0,0,1,0,,,,,,,,
17172234,2,1,Y,N,43,4T1BF1FK7CU024424,2012,9,91,380,104,N,78665,2,,3,5,11,6,2,6,N,ARMADA TOWING,ARMADA TOWING,N,,,,,,,,,,,,,,,,,,,,,,0,,,,,,,,,,7,1,0,0,0,0,0,0,0,,,,,,,,
17172234,3,1,Y,N,43,1GNKVJED6CJ100718,2012,21,107,1414,69,N,78753,2,,2,2,12,,,,N,,,N,,,,,,,,,,,,,,,,,,,,,,0,,,,,,,,,,7,2,0,0,0,0,0,0,0,,,,,,,,
17172235,1,1,N,Y,,UNKNOWN,,,208,763,30,N,,2,,,,,,,,N,,,N,,,,,,,,,,,,,,,,,,,,,,4,,,,,,,,,,1,1,0,0,0,0,1,0,0,,,,,,,,
17172235,2,1,N,N,43,1J4G258S4XC559436,1999,21,429,970,69,N,78681,1,2,12,3,2,,,,Y,LAMONT & SONS,"9501 QUAIL CT #A, AUSTIN, TX 78758",N,,,,,,,,,,,,,,,,,,,,,,0,,,,,,,,,,1,1,0,0,0,3,0,0,0,,,,,,,,
17172236,1,1,N,N,113,UNKNOWN,,21,100,1557,92,N,,4,,18,5,1,,,,N,HARPERS TOWING SERVICE INC,5526 1/2 W HWY 290,N,,,,,,,,,,,,,,,,,,,,,,,,,22,,,,,,,3,1,0,1,0,0,0,1,0,,,,,,,,
17172237,1,1,N,N,43,1G1ZB5ST9HF244575,2017,2,107,56,104,N,,1,2,2,3,12,,,,N,ROCHAS TOWING SERVICE,ROCHAS TOWING SERVICE,N,,,,,,,,,,,,,,,,,,,,,,,,,20,,,,,,,1,1,0,0,0,1,0,0,0,,,,,,,,
17172237,2,1,N,N,43,5N1AT2MV5GC920336,2016,2,71,1310,104,N,77494,1,2,6,1,6,,,,N,,,N,,,,,,,,,,,,,,,,,,,,,,0,,,,,,,,,,1,1,0,0,0,2,0,0,0,,,,,,,,
17172238,1,1,N,N,43,5N1AN08U98C522371,2008,3,71,694,104,N,78617,2,,2,5,12,,,,N,ATX-VIP TOWING SERVICES,,N,,,,,,,,,,,,,,,,,,,,,,0,,,,,,,,,,5,1,0,0,0,1,0,0,0,,,,,,,,
17172238,2,1,N,N,43,1FADP3E23EL246531,2014,21,37,696,104,N,78723,1,1,2,2,6,,,,N,,,N,,,,,,,,,,,,,,,,,,,,,,0,,,,,,,,,,5,1,0,0,0,1,0,0,0,,,,,,,,
17172239,1,1,N,N,43,4JGDA5JB3DA228601,2013,2,65,675,104,N,78723,1,2,10,4,,,,,N,CLARK AUTO CARE,CLARK AUTO CARE,N,,,,,,,,,,,,,,,,,,,,,,35,,,,,,,,,,7,1,0,0,0,1,0,0,0,,,,,,,,
17172239,2,1,N,N,43,1G1ZB5E1XBF144759,2011,17,107,56,104,N,78613,1,2,1,4,12,,,,N,AVILES & GABES WRECKER SERVICE INC.,AVILES & GABES WRECKER SERVICE INC.,N,,,,,,,,,,,,,,,,,,,,,,0,,,,,,,,,,5,1,0,0,0,1,0,0,0,,,,,,,,
17172240,1,1,N,N,43,1GNSCGKC7GR177495,2016,2,107,2203,105,Y,78701,1,7,1,1,12,,,,N,,,N,,,,,,,,,,,,,,,,,,,,,,0,,,,,,,,,,6,1,0,0,0,1,0,0,0,,,,,,,,
17172240,2,1,N,N,43,3VW2K7AJ6BM379103,2011,21,96,316,104,N,75225,1,1,5,1,6,,,,N,,,N,,,,,,,,,,,,,,,,,,,,,,0,,,,,,,,,,6,1,0,0,0,1,0,0,0,,,,,,,,