Crash_ID,Unit_Nbr,Unit_Desc_ID,Veh_Parked_Fl,Veh_HNR_Fl,Veh_Lic_State_ID,VIN,Veh_Mod_Year,Veh_Color_ID,Veh_Make_ID,Veh_Mod_ID,Veh_Body_Styl_ID,Emer_Respndr_Fl,Ownr_Zip,Fin_Resp_Proof_ID,Fin_Resp_Type_ID,Veh_Dmag_Area_1_ID,Veh_Dmag_Scl_1_ID,Force_Dir_1_ID,Veh_Dmag_Area_2_ID,Veh_Dmag_Scl_2_ID,Force_Dir_2_ID,Veh_Inventoried_Fl,Veh_Transp_Name,Veh_Transp_Dest,Veh_Cmv_Fl,Cmv_Fiveton_Fl,Cmv_Hazmat_Fl,Cmv_Nine_Plus_Pass_Fl,Cmv_Veh_Oper_ID,Cmv_Carrier_ID_Type_ID,Cmv_Carrier_Zip,Cmv_Veh_Type_ID,Cmv_GVWR,Cmv_RGVW,Cmv_Hazmat_Rel_Fl,Hazmat_Cls_1_ID,Hazmat_IDNbr_1_ID,Hazmat_Cls_2_ID,Hazmat_IDNbr_2_ID,Cmv_Cargo_Body_ID,Cmv_Evnt1_ID,Cmv_Evnt2_ID,Cmv_Evnt3_ID,Cmv_Evnt4_ID,Cmv_Tot_Axle,Cmv_Tot_Tire,Contrib_Factr_1_ID,Contrib_Factr_2_ID,Contrib_Factr_3_ID,Contrib_Factr_P1_ID,Contrib_Factr_P2_ID,Veh_Dfct_1_ID,Veh_Dfct_2_ID,Veh_Dfct_3_ID,Veh_Dfct_P1_ID,Veh_Dfct_P2_ID,Veh_Trvl_Dir_ID,First_Harm_Evt_Inv_ID,Sus_Serious_Injry_Cnt,Nonincap_Injry_Cnt,Poss_Injry_Cnt,Non_Injry_Cnt,Unkn_Injry_Cnt,Tot_Injry_Cnt,Death_Cnt,Cmv_Disabling_Damage_Fl,Cmv_Bus_Type_ID,Trlr_GVWR,Trlr_RGVW,Trlr_Type_ID,Trlr_Disabling_Dmag_ID,Cmv_Intermodal_Container_Permit_Fl,CMV_Actual_Gross_Weight
17179669,2,1,N,N,43,1FTEW1EP6HKD53147,2017,2,37,2324,30,N,78043,1,2,12,2,5,,,,N,,,N,,,,,,,,,,,,,,,,,,,,,,0,,,,,,,,,,3,1,0,0,0,1,0,0,0,,,,,,,,
17179670,1,1,N,N,43,1C6RR6KT9DS583256,2013,2,109,2275,30,N,76049,1,2,4,2,2,,,,N,NOT TOWED,NOT TOWED,N,,,,,,,,,,,,,,,,,,,,,,37,,,,,,,,,,5,1,0,0,0,4,0,0,0,,,,,,,,
17179670,2,1,N,N,43,JS2YB417196200532,2009,16,88,2559,104,N,77077,1,2,2,4,1,,,,N,STARS TOWING,STARS TOWING,N,,,,,,,,,,,,,,,,,,,,,,0,,,,,,,,,,1,1,0,0,0,1,0,0,0,,,,,,,,
17180200,1,1,N,Y,43,2G1WB55K379135820,2007,21,107,53,104,N,78660,1,1,11,3,9,2,2,9,N,,,N,,,,,,,,,,,,,,,,,,,,,,0,,,,,,,,,,5,1,0,0,0,1,0,0,0,,,,,,,,
17180200,2,1,N,Y,113,,,99,,,0,N,,,,,,,,,,,,,N,,,,,,,,,,,,,,,,,,,,,,0,,,,,,,,,,7,1,0,0,0,0,1,0,0,,,,,,,,
17180201,1,1,N,N,43,2HKRM3H78DH510698,2013,3,44,605,69,N,78613,1,1,12,4,3,,,,N,620 LAKESIDE TOWING,620 LAKESIDE TOWING,N,,,,,,,,,,,,,,,,,,,,,,20,,,,,,,,,,4,1,0,0,1,0,0,1,0,,,,,,,,
17180201,2,1,N,N,43,7FARW1H50HE048272,2017,17,44,605,69,N,78729,1,1,2,5,12,,,,Y,ARMADA TOWING,ARMADA TOWING,N,,,,,,,,,,,,,,,,,,,,,,0,,,,,,,,,,8,1,0,0,1,0,0,1,0,,,,,,,,
17180205,1,1,N,N,43,1N4AL11D62C175217,2002,21,71,500,104,N,78626,1,2,13,5,9,,,,N,STARS TOWING,STARS TOWING,N,,,,,,,,,,,,,,,,,,,,,,,,,16,,,,,,,6,1,0,0,1,0,0,1,0,,,,,,,,
17180205,2,1,N,N,43,1N6AD0ER6DN714690,2013,17,71,634,30,N,78626,1,2,2,4,,,,,N,AUSTEX,ARMADA,N,,,,,,,,,,,,,,,,,,,,,,,,,16,,,,,,,8,1,0,0,1,0,0,1,0,,,,,,,,
17180206,1,1,N,N,43,5XXGT4L38KG372304,2019,21,55,715,104,N,78744,1,1,6,1,6,,,,N,,,N,,,,,,,,,,,,,,,,,,,,,,74,,,,,,,,,,6,1,0,0,0,1,0,0,0,,,,,,,,
17180206,2,1,N,N,43,1N6BD0CT2KN765054,2019,16,71,634,30,N,78758,1,1,2,1,12,,,,Y,,,N,,,,,,,,,,,,,,,,,,,,,,0,,,,,,,,,,6,1,0,0,0,1,0,0,0,,,,,,,,
17180207,1,1,N,N,43,1HGCP26369A137877,2009,9,44,236,104,N,78724,1,1,4,7,2,,,,N,ROCHAS TOWING SERVICE,5700 BURLESON RD,N,,,,,,,,,,,,,,,,,,,,,,20,,,,,,,,,,7,1,0,0,0,2,0,0,0,,,,,,,,
17180207,2,1,Y,N,43,4T1BE32K83U191878,2003,3,91,380,104,N,78702,1,1,8,7,5,,,,N,,,N,,,,,,,,,,,,,,,,,,,,,,0,,,,,,,,,,7,1,0,0,0,1,0,0,0,,,,,,,,
17180208,1,1,N,N,43,3GTU2VEJ3EG466485,2014,21,39,3080,30,N,78754,1,2,16,1,5,,,,N,,,N,,,,,,,,,,,,,,,,,,,,,,4,74,,,,,,,,,6,1,0,0,0,4,0,0,0,,,,,,,,
17180208,2,1,N,N,43,1FA6P0G76E5368806,2014,21,37,1097,104,N,78653,1,2,11,3,7,,,,N,ATX-VIP TOWING SERVICES,ATX-VIP TOWING SERVICES,N,,,,,,,,,,,,,,,,,,,,,,74,,,,,,,,,,6,1,0,0,0,1,0,0,0,,,,,,,,
17180209,1,1,N,N,43,JHLRD68494C012340,2004,5,44,605,104,N,78746,1,2,4,5,2,,,,N,HARPERS TOWING SERVICE INC,HARPERS TOWING SERVICE INC,N,,,,,,,,,,,,,,,,,,,,,,20,,,,,,,,,,4,1,0,1,0,1,0,1,0,,,,,,,,
17180210,1,1,N,N,43,4T3ZA3BB7DU074313,2013,21,91,1449,69,N,78613,1,1,4,5,12,,,,N,BULLET TOWING,BULLET TOWING,N,,,,,,,,,,,,,,,,,,,,,,44,,,22,,,,,,,5,1,0,0,1,0,0,1,0,,,,,,,,
17180210,2,1,N,N,43,WAUF8AFC0JN058296,2018,2,8,2149,104,N,78641,1,1,7,3,6,,,,N,ATX-VIP TOWING SERVICES,ATX-VIP TOWING SERVICES,N,,,,,,,,,,,,,,,,,,,,,,0,,,,,,,,,,5,1,0,0,0,1,0,0,0,,,,,,,,
17180210,3,1,N,N,43,5TFKU4HN7CX002392,2012,17,91,629,30,N,78750,1,1,6,3,6,,,,N,,,N,,,,,,,,,,,,,,,,,,,,,,0,,,,,,,,,,5,2,0,0,0,1,0,0,0,,,,,,,,
17180250,1,1,N,N,43,1FUYDCYB7TP778797,1996,21,38,1524,87,N,78602,2,,4,3,2,,,,N,PRONTO WRECKER SERVICE NORTH,PRONTO WRECKER SERVICE NORTH,Y,Y,N,N,3,3,78602,8,0,60000,N,,,,,6,18,,,,,,0,,,,,8,,,,,7,1,0,0,1,0,0,1,0,Y,0,,,,,N,
17180252,1,1,N,Y,43,1HGCR2F54GA183572,2016,3,44,236,104,N,78752,2,,4,6,12,,,,Y,HARPERS TOWING SERVICE INC,HARPERS TOWING SERVICE INC,N,,,,,,,,,,,,,,,,,,,,,,,,,68,60,,,,,,5,1,0,0,0,0,1,0,0,,,,,,,,
17180252,2,1,Y,N,43,1D7HA18N14S764669,2004,3,109,2275,30,N,78610,2,,,,,,,,N,EZ AUTO AND TOWING SERVICE,EZ AUTO AND TOWING SERVICE,N,,,,,,,,,,,,,,,,,,,,,,0,,,,,,,,,,5,1,0,0,0,0,0,0,0,,,,,,,,
17180252,3,1,Y,N,43,1HGCR2E56FA001516,2015,2,44,236,104,N,78748,1,2,6,1,6,,,,N,,,N,,,,,,,,,,,,,,,,,,,,,,0,,,,,,,,,,5,2,0,0,0,0,0,0,0,,,,,,,,
17180252,4,1,Y,N,43,JM1DE1LY1E0171681,2014,16,63,2472,104,N,78744,1,2,9,6,9,10,4,3,N,HARPERS TOWING SERVICE INC,HARPERS TOWING SERVICE INC,N,,,,,,,,,,,,,,,,,,,,,,0,,,,,,,,,,5,2,0,0,0,0,0,0,0,,,,,,,,
17180253,1,1,N,N,43,1GB3G3BG8D1177825,2013,21,107,935,103,N,78735,1,1,2,3,12,6,1,6,N,ROCHAS TOWING SERVICE,4970 W US HWY 290,N,,,,,,,,,,,,,,,,,,,,,,44,,,,,,,,,,2,1,0,0,0,1,0,0,0,,,,,,,,
17180253,2,1,N,N,43,1FTFW1ET5DFD81428,2013,21,37,2324,106,N,78248,1,1,6,3,6,,,,N,NOT TOWED,NOT TOWED,N,,,,,,,,,,,,,,,,,,,,,,0,,,,,,,,,,2,1,0,0,0,1,0,0,0,,,,,,,,
17180253,3,1,N,N,43,1C4RJEBG7KC776364,2019,2,429,970,100,N,78719,2,,,,,,,,Y,ARMADA TOWING SOUTH,3819 PRESIDENTIAL BLVD,N,,,,,,,,,,,,,,,,,,,,,,0,,,,,,,,,,2,2,0,0,0,1,0,0,0,,,,,,,,
17180254,1,1,N,N,43,1FTNX21S5XEE50236,1999,3,37,2325,30,N,78130,1,1,2,4,12,,,,N,NONE,,N,,,,,,,,,,,,,,,,,,,,,,20,,,,,,,,,,11,1,0,0,0,1,0,0,0,,,,,,,,
17180254,2,1,N,N,43,4S4BSANC6F3244055,2015,9,85,576,69,N,73301,1,1,6,5,6,,,,N,EZ AUTO AND TOWING SERVICE,UNKNOWN,N,,,,,,,,,,,,,,,,,,,,,,0,,,,,,,,,,11,1,0,0,0,2,0,0,0,,,,,,,,
17180255,1,1,N,N,43,1GNSKCE05DR233779,2013,17,107,547,69,N,78717,1,1,2,2,,,,,N,620 LAKESIDE TOWING,620 LAKESIDE TOWING,N,,,,,,,,,,,,,,,,,,,,,,20,,,,,,,,,,7,1,0,0,0,1,0,0,0,,,,,,,,
17180255,2,1,N,N,43,WBA2K1C55JVB64607,2018,21,14,2732,104,N,78717,1,1,6,3,6,,,,N,620 LAKESIDE TOWING,620 LAKESIDE TOWING,N,,,,,,,,,,,,,,,,,,,,,,0,,,,,,,,,,7,1,0,0,1,0,0,1,0,,,,,,,,
17180256,1,1,N,N,43,1FTRX12W86KD14079,2006,21,37,101,30,N,78744,1,1,2,5,12,,,,N,SOUTHSIDE WRECKER INC,,N,,,,,,,,,,,,,,,,,,,,,,34,,,,,,,,,,7,1,0,0,0,1,0,0,0,,,,,,,,
17180256,2,1,N,N,43,4T1BE46K59U886456,2009,9,91,380,104,N,78503,1,1,10,5,3,,,,N,ROCHAS TOWING SERVICE,,N,,,,,,,,,,,,,,,,,,,,,,0,,,,,,,,,,1,1,0,0,0,1,0,0,0,,,,,,,,
17180257,1,1,N,N,43,1FMYU03157KB27669,2007,2,37,711,69,N,78641,1,1,5,1,6,,,,N,,,N,,,,,,,,,,,,,,,,,,,,,,0,,,,,,,,,,5,1,0,0,0,1,0,0,0,,,,,,,,
17180257,2,3,,,,,,,,,,,,,,,,,,,,,,,,,,,,,,,,,,,,,,,,,,,,,74,,,,,,,,,,9,1,0,0,1,0,0,1,0,,,,,,,,
17180258,1,1,N,N,43,3N1CN7AP7DL851579,2013,2,71,1452,104,N,78724,1,2,14,3,3,8,3,4,N,,,N,,,,,,,,,,,,,,,,,,,,,,37,,,20,,,,,,,1,1,0,0,0,2,0,0,0,,,,,,,,
17180258,2,1,N,N,43,SHHFK7H86HU232220,2017,17,44,256,104,N,78723,1,2,4,3,1,,,,N,,,N,,,,,,,,,,,,,,,,,,,,,,0,,,,,,,,,,5,1,0,1,0,0,0,1,0,,,,,,,,
17180259,1,1,N,N,43,1J8HS58N08C218744,2008,1,429,1116,104,N,78737,1,1,2,7,12,,,,Y,EZ AUTO AND TOWING SERVICE,,N,,,,,,,,,,,,,,,,,,,,,,19,,,,,,,,,,3,1,0,0,0,1,0,0,0,,,,,,,,
17180259,2,1,N,N,43,2HGFB2F51DH563113,2013,2,44,256,104,N,78753,1,1,6,7,6,2,6,12,Y,SPECIAL AUTOMOTIVE SERVICE INC,,N,,,,,,,,,,,,,,,,,,,,,,0,,,,,,,,,,3,1,1,0,0,0,0,1,0,,,,,,,,
17180259,3,1,N,N,40,3C6UR5CL4GG350514,2016,21,109,2276,30,N,29483,1,1,2,2,6,,,,N,,,N,,,,,,,,,,,,,,,,,,,,,,0,,,,,,,,,,3,2,0,0,0,1,0,0,0,,,,,,,,
17180260,1,1,N,Y,43,2GCEC19T211194861,2001,16,107,,30,N,,1,2,2,4,2,6,2,7,Y,SOUTHSIDE WRECKER INC,8200 S. CONGRESS AVE,N,,,,,,,,,,,,,,,,,,,,,,34,37,66,,,,,,,,7,1,0,0,0,1,0,0,0,,,,,,,,
17180260,2,1,N,N,43,1HGCP26738A031386,2008,17,44,236,104,N,78741,1,2,3,6,10,2,5,10,N,HARPERS TOWING SERVICE INC,HARPERS TOWING SERVICE INC,N,,,,,,,,,,,,,,,,,,,,,,0,,,,,,,,,,5,2,0,0,1,0,0,1,0,,,,,,,,
17180260,3,1,N,N,43,3N1BC13E89L406642,2009,17,71,1452,104,N,78741,1,2,2,6,12,,,,N,SPECIAL AUTOMOTIVE SERVICE INC,SPECIAL AUTOMOTIVE SERVICE INC,N,,,,,,,,,,,,,,,,,,,,,,0,,,,,,,,,,1,1,0,0,1,0,0,1,0,,,,,,,,
17180261,1,1,N,N,43,JN8AS5MT5BW167118,2011,3,71,1310,104,N,78721,1,2,4,2,10,,,,N,,,N,,,,,,,,,,,,,,,,,,,,,,20,35,,,,,,,,,7,1,0,0,0,1,0,0,0,,,,,,,,
17180261,2,1,N,N,43,5NMSG13D79H280490,2009,10,45,713,104,N,78660,1,2,2,2,10,,,,N,,,N,,,,,,,,,,,,,,,,,,,,,,0,,,,,,,,,,5,1,0,1,1,1,0,2,0,,,,,,,,
17180262,1,1,N,Y,,,,2,,,104,N,,,,,,,,,,,,,N,,,,,,,,,,,,,,,,,,,,,,,,,74,60,,,,,,3,1,0,0,0,0,1,0,0,,,,,,,,
17180262,2,1,N,N,43,1GTEK14K3PZ546539,1993,9,39,3080,30,N,78617,1,1,11,7,11,13,1,7,Y,A-TEX TOWING,A-TEX,N,,,,,,,,,,,,,,,,,,,,,,4,,,60,,,,,,,3,1,1,0,0,0,0,1,0,,,,,,,,
17180263,1,1,N,N,43,1C4AJWAG0DL596358,2013,2,429,1464,69,N,78602,1,2,4,2,12,17,2,9,N,SOUTHSIDE WRECKER INC,8200 S. CONGRESS AVE,N,,,,,,,,,,,,,,,,,,,,,,40,23,,,,,,,,,7,1,0,0,0,1,0,0,0,,,,,,,,
17180264,1,1,N,N,13,1N4AL3AP0EN340922,2014,2,71,500,104,N,60103,1,2,2,5,12,,,,N,SOUTHSIDE WRECKER INC,8200 S. CONGRESS AVE,N,,,,,,,,,,,,,,,,,,,,,,40,48,62,,,,,,,,5,1,0,0,0,2,0,0,0,,,,,,,,
17180264,2,1,Y,N,43,1GCEK19T41E249845,2001,10,107,658,30,N,78748,2,,2,4,12,,,,,,,N,,,,,,,,,,,,,,,,,,,,,,0,,,,,,,,,,11,1,0,0,0,0,0,0,0,,,,,,,,
17180265,1,1,N,N,43,1FTEW1CP2JFE04161,2018,9,37,2324,30,N,76904,1,1,2,2,12,,,,N,ARMADA TOWING,ARMADA TOWING,N,,,,,,,,,,,,,,,,,,,,,,1,20,,,,,,,,,7,1,0,0,0,1,0,0,0,,,,,,,,
17180265,2,1,N,N,43,1FTRF17222NB07365,2002,2,37,2324,30,N,78653,1,1,6,2,6,,,,N,,,N,,,,,,,,,,,,,,,,,,,,,,0,,,,,,,,,,7,1,0,0,0,1,0,0,0,,,,,,,,
17180266,1,1,N,N,43,3GTP1UEA1CG195384,2012,17,39,3080,106,N,78645,1,2,2,5,2,,,,Y,LAKESIDE TOWING,LAKESIDE TOWING,N,,,,,,,,,,,,,,,,,,,,,,,,,20,22,,,,,,5,1,0,0,0,0,1,0,0,,,,,,,,
17180267,1,1,N,N,43,1FMFK19578LA27422,2008,21,37,601,104,N,78728,2,,2,5,12,,,,N,A-TEX TOWING,5526 1/2 W HWY 290,N,,,,,,,,,,,,,,,,,,,,,,0,,,,,,,,,,7,1,0,0,0,1,0,0,0,,,,,,,,
17180267,2,1,N,N,43,JTHBK262765010932,2006,9,58,1156,104,N,,1,1,16,5,3,,,,N,CLARK AUTO CARE,5526 1/2 W HWY 290,N,,,,,,,,,,,,,,,,,,,,,,0,,,,,,,,,,1,1,0,0,0,2,0,0,0,,,,,,,,
17180268,1,1,N,Y,3,1FDXE4FS9GDC52070,2016,21,37,101,106,N,80111,1,3,16,1,1,,,,Y,SOUTHSIDE WRECKER INC,8200 S. CONGRESS AVE,N,,,,,,,,,,,,,,,,,,,,,,,,,74,,,,,,,8,1,0,0,0,0,1,0,0,,,,,,,,
17180268,2,1,N,N,43,5N1AN0NU1DN822778,2013,2,71,694,69,N,78745,1,1,9,1,9,,,,N,,,N,,,,,,,,,,,,,,,,,,,,,,0,,,,,,,,,,6,1,0,0,0,1,0,0,0,,,,,,,,
17180269,1,1,N,N,43,JTDKB20UX83363434,2008,8,91,702,104,N,78752,2,,12,2,2,,,,Y,AUS-TEX AUTO ENTERPRISES LLC,AUS-TEX AUTO ENTERPRISES LLC,N,,,,,,,,,,,,,,,,,,,,,,67,33,,,,,,,,,5,1,0,0,0,1,0,0,0,,,,,,,,
17180269,2,1,N,Y,43,2C4RC1BG2HR620705,2017,2,21,959,103,N,,1,2,4,2,1,,,,Y,AUS-TEX AUTO ENTERPRISES LLC,AUS-TEX AUTO ENTERPRISES LLC,N,,,,,,,,,,,,,,,,,,,,,,0,,,,,,,,,,1,1,0,0,0,0,1,0,0,,,,,,,,
17180270,1,1,N,N,43,JH2RC38093M100140,2003,16,44,107,71,N,78702,1,1,,,,,,,N,NA,NA,N,,,,,,,,,,,,,,,,,,,,,,0,,,,,,,,,,7,1,0,1,0,0,0,1,0,,,,,,,,
17180270,2,1,N,Y,,,,2,,,104,N,,,,,,,,,,,,,N,,,,,,,,,,,,,,,,,,,,,,74,,,,,,,,,,7,1,0,0,0,0,1,0,0,,,,,,,,
17180315,1,1,N,N,43,JTEBU5JR8K5694493,2019,3,91,395,104,N,78758,1,2,8,0,4,,,,N,,,N,,,,,,,,,,,,,,,,,,,,,,74,,,20,,12,,,,,6,1,0,0,0,1,0,0,0,,,,,,,,
17180315,2,1,Y,N,43,JT3HN87R4T0047094,1996,11,91,395,104,N,78745,1,2,4,1,10,,,,N,,,N,,,,,,,,,,,,,,,,,,,,,,74,,,20,,12,,,,,11,1,0,0,0,0,1,0,0,,,,,,,,
17180324,1,1,N,N,43,1J4GW48S51C577675,2001,18,429,1116,104,N,78616,1,1,3,3,11,,,,N,,,N,,,,,,,,,,,,,,,,,,,,,,0,,,,,,,,,,1,1,0,0,0,1,0,0,0,,,,,,,,
17180324,2,1,N,N,43,WBS8M9C54J5K98956,2018,3,14,2178,104,N,78745,2,,2,3,12,,,,N,,,N,,,,,,,,,,,,,,,,,,,,,,0,,,,,,,,,,3,1,0,0,0,2,0,0,0,,,,,,,,
17180327,1,1,N,Y,43,1J8GS48KX7C635220,2007,16,429,1116,104,N,,1,1,4,3,2,,,,N,,,N,,,,,,,,,,,,,,,,,,,,,,20,,,,,,,,,,11,1,0,0,0,1,0,0,0,,,,,,,,
17180327,2,1,Y,N,43,2T1BU4EE6DC113486,2013,9,91,173,104,N,78745,1,1,4,3,2,,,,N,,,N,,,,,,,,,,,,,,,,,,,,,,0,,,,,,,,,,11,1,0,0,0,0,0,0,0,,,,,,,,
17180329,1,1,N,N,43,1D7HA18D65S135448,2005,21,109,2275,30,N,78664,1,1,2,4,12,,,,N,,,N,,,,,,,,,,,,,,,,,,,,,,0,,,,,,,,,,5,1,0,0,0,1,0,0,0,,,,,,,,
17180329,2,1,N,N,43,JTHBK262795087451,2009,2,58,1156,104,N,78660,1,1,3,4,12,,,,,A-TEX TOWING,5526 1/2 W HWY 290,N,,,,,,,,,,,,,,,,,,,,,,0,,,,,,,,,,3,1,0,0,0,1,0,0,0,,,,,,,,
17180330,1,1,N,N,43,JA4AD3A35FZ003557,2015,21,68,775,69,N,76542,1,1,2,5,5,,,,N,EZ AUTO AND TOWING SERVICE,EZ AUTO AND TOWING SERVICE,N,,,,,,,,,,,,,,,,,,,,,,0,,,,,,,,,,7,1,0,0,1,0,0,1,0,,,,,,,,
17180330,2,1,N,N,43,2G61M5S37F9217897,2015,2,106,2198,104,N,78723,1,1,15,5,7,,,,N,ROCHAS TOWING SERVICE,5526 1/2 W HWY 290,N,,,,,,,,,,,,,,,,,,,,,,0,,,,,,,,,,5,1,0,0,0,1,0,0,0,,,,,,,,
17180334,1,1,N,N,43,4T1BE46K47U574321,2007,20,91,380,104,N,78745,1,1,2,3,12,,,,N,ROCHAS TOWING SERVICE,ROCHAS TOWING SERVICE,N,,,,,,,,,,,,,,,,,,,,,,29,,,,,,,,,,5,1,0,0,0,1,0,0,0,,,,,,,,
17180334,2,1,N,N,43,3VWC57BU2KM065047,2019,2,96,316,104,N,77493,1,1,6,2,6,,,,N,ROCHAS TOWING SERVICE,ROCHAS TOWING SERVICE,N,,,,,,,,,,,,,,,,,,,,,,0,,,,,,,,,,5,1,0,0,0,1,0,0,0,,,,,,,,
17180334,3,1,N,N,43,JTJBT20X070142123,2007,2,58,768,104,N,78757,1,1,2,1,12,,,,N,,,N,,,,,,,,,,,,,,,,,,,,,,0,,,,,,,,,,7,2,0,0,0,1,0,0,0,,,,,,,,
17180335,1,1,N,N,43,4T1B11HKXJU605280,2018,3,91,380,104,N,78749,1,2,10,1,3,,,,N,,,N,,,,,,,,,,,,,,,,,,,,,,4,20,,,,,,,,,1,1,0,0,0,1,0,0,0,,,,,,,,
17180335,2,1,N,N,43,KMHDU46DX8U389463,2008,3,45,3561,104,N,78748,1,2,15,2,9,,,,N,,,N,,,,,,,,,,,,,,,,,,,,,,0,,,,,,,,,,1,1,0,0,1,1,0,1,0,,,,,,,,
17180336,1,1,N,N,1,1G11D5SL4FF262146,2015,2,107,56,104,N,35803,2,,4,7,1,,,,N,AVILES & GABES WRECKER SERVICE INC.,AVILES & GABES WRECKER SERVICE INC.,N,,,,,,,,,,,,,,,,,,,,,,22,,,,,,,,,,4,1,0,3,0,0,0,3,0,,,,,,,,
17180336,2,1,N,N,43,1GKS2EEF0CR175883,2012,2,39,479,104,N,78750,1,2,8,3,5,,,,N,,,N,,,,,,,,,,,,,,,,,,,,,,0,,,,,,,,,,4,1,0,0,0,1,0,0,0,,,,,,,,
17180337,1,1,N,N,43,JTDKDTB38C1519298,2012,17,91,4327,104,N,78730,1,2,12,4,2,,,,N,BULLET TOWING,BULLET TOWING,N,,,,,,,,,,,,,,,,,,,,,,0,,,,,,,,,,7,1,0,0,0,1,0,0,0,,,,,,,,
17180337,2,1,N,N,43,YV1622FS2C2137288,2012,9,98,723,104,N,78753,1,2,2,3,12,,,,N,STARS TOWING,STARS TOWING,N,,,,,,,,,,,,,,,,,,,,,,0,,,,,,,,,,3,1,0,0,0,1,0,0,0,,,,,,,,
17180337,3,1,N,N,43,1HGCV1F49KA086762,2019,21,44,236,104,N,78664,1,2,3,2,11,,,,N,,,N,,,,,,,,,,,,,,,,,,,,,,0,,,,,,,,,,1,2,0,0,1,1,0,1,0,,,,,,,,
17180338,1,1,N,N,43,1G1PG5SC4C7252112,2012,2,107,2209,104,N,78739,1,1,2,2,12,,,,N,,,N,,,,,,,,,,,,,,,,,,,,,,0,,,,,,,,,,5,1,0,0,0,1,0,0,0,,,,,,,,
17180339,1,1,N,N,43,1N6BD0CT5DN755668,2013,21,71,634,30,N,78619,2,,12,3,3,,,,Y,SOUTHSIDE WRECKER INC,IMPOUND,N,,,,,,,,,,,,,,,,,,,,,,47,,,68,,,,,,,5,1,0,0,0,0,1,0,0,,,,,,,,
17180339,2,1,N,N,43,1D4GP24R36B621621,2006,21,109,1115,103,N,78617,1,1,3,3,10,,,,N,,,N,,,,,,,,,,,,,,,,,,,,,,0,,,,,,,,,,3,1,0,0,0,1,0,0,0,,,,,,,,
17180341,1,1,N,N,43,JN1AZ0CP5BT008912,2007,,71,2506,104,N,78664,1,2,5,1,6,,,,N,,,N,,,,,,,,,,,,,,,,,,,,,,0,,,,,,,,,,1,1,0,0,0,1,0,0,0,,,,,,,,
17180341,2,1,N,N,43,4TAVL52N7WZ094476,1998,10,91,629,30,N,78753,2,,,,,,,,N,,,N,,,,,,,,,,,,,,,,,,,,,,44,,,,,,,,,,1,1,0,0,0,1,0,0,0,,,,,,,,
17180344,1,1,N,N,43,1C4PJLCB1FW690535,2015,2,429,970,104,N,79707,1,2,2,2,12,,,,N,SPECIAL AUTOMOTIVE SERVICE INC,SPECIAL AUTOMOTIVE SERVICE INC,N,,,,,,,,,,,,,,,,,,,,,,44,,,22,78,,,,,,5,1,0,0,1,0,0,1,0,,,,,,,,
17180344,2,1,N,N,43,KM8SR4HF4JU295141,2018,21,45,713,104,N,78739,1,2,6,1,,,,,N,,,N,,,,,,,,,,,,,,,,,,,,,,0,,,,,,,,,,5,1,0,0,0,1,0,0,0,,,,,,,,
17180347,1,1,N,N,43,3MZBN1M33JM161202,2018,5,63,272,104,N,76542,1,1,15,3,9,,,,N,EZ AUTO AND TOWING SERVICE,,N,,,,,,,,,,,,,,,,,,,,,,26,,,,,,,,,,2,1,0,1,0,0,0,1,0,,,,,,,,
17180347,2,1,N,N,43,KM8J23A41GU181125,2016,21,45,377,69,N,78640,1,1,2,4,12,,,,N,SPECIAL,SPECIAL,N,,,,,,,,,,,,,,,,,,,,,,0,,,,,,,,,,4,1,0,1,0,0,0,1,0,,,,,,,,
17180352,1,1,N,N,43,1HGCR2F72HA270101,2017,21,44,236,104,N,78748,1,1,11,1,9,,,,N,,,N,,,,,,,,,,,,,,,,,,,,,,20,,,,,,,,,,5,1,0,0,0,1,0,0,0,,,,,,,,
17180352,2,4,,,,,,,,,,,,,,,,,,,,,,,,,,,,,,,,,,,,,,,,,,,,,0,,,,,,,,,,9,1,0,0,1,0,0,1,0,,,,,,,,
17180354,1,1,N,Y,,,,21,37,2324,30,N,,,,,,,,,,,,,N,,,,,,,,,,,,,,,,,,,,,,44,,,,,,,,,,8,1,0,0,0,0,1,0,0,,,,,,,,
17180354,2,1,N,N,43,WDDZF4JB9JA394810,2018,3,65,118,104,N,78613,1,1,1,2,12,7,2,6,N,,,N,,,,,,,,,,,,,,,,,,,,,,0,,,,,,,,,,8,1,0,1,0,0,0,1,0,,,,,,,,
17180354,3,1,N,Y,,,,2,,,30,N,,,,,,,,,,,,,N,,,,,,,,,,,,,,,,,,,,,,0,,,,,,,,,,8,2,0,0,0,0,1,0,0,,,,,,,,
17180355,1,1,N,N,43,5FYD5KV019B036336,2009,3,498,1410,47,N,78702,1,1,16,2,3,,,,,,,N,,,,,,,,,,,,,,,,,,,,,,20,,,,,,,,,,3,1,0,0,0,1,0,0,0,,,,,,,,
17180355,2,1,N,N,43,WA1DGAFP8EA007748,2014,9,8,893,69,N,78666,1,2,2,5,12,,,,N,SPECIAL AUTOMOTIVE SERVICE INC,SPECIAL AUTOMOTIVE SERVICE INC,N,,,,,,,,,,,,,,,,,,,,,,0,,,,,,,,,,1,1,0,0,0,2,0,0,0,,,,,,,,
17180356,1,1,N,N,43,4T1BD1FK0EU097353,2014,17,91,380,104,N,78702,1,1,9,2,,,,,N,ROCHAS TOWING SERVICE,ROCHAS TOWING SERVICE,N,,,,,,,,,,,,,,,,,,,,,,0,,,,,,,,,,3,1,0,0,0,1,0,0,0,,,,,,,,