Crash_ID,Unit_Nbr,Unit_Desc_ID,Veh_Parked_Fl,Veh_HNR_Fl,Veh_Lic_State_ID,VIN,Veh_Mod_Year,Veh_Color_ID,Veh_Make_ID,Veh_Mod_ID,Veh_Body_Styl_ID,Emer_Respndr_Fl,Ownr_Zip,Fin_Resp_Proof_ID,Fin_Resp_Type_ID,Veh_Dmag_Area_1_ID,Veh_Dmag_Scl_1_ID,Force_Dir_1_ID,Veh_Dmag_Area_2_ID,Veh_Dmag_Scl_2_ID,Force_Dir_2_ID,Veh_Inventoried_Fl,Veh_Transp_Name,Veh_Transp_Dest,Veh_Cmv_Fl,Cmv_Fiveton_Fl,Cmv_Hazmat_Fl,Cmv_Nine_Plus_Pass_Fl,Cmv_Veh_Oper_ID,Cmv_Carrier_ID_Type_ID,Cmv_Carrier_Zip,Cmv_Veh_Type_ID,Cmv_GVWR,Cmv_RGVW,Cmv_Hazmat_Rel_Fl,Hazmat_Cls_1_ID,Hazmat_IDNbr_1_ID,Hazmat_Cls_2_ID,Hazmat_IDNbr_2_ID,Cmv_Cargo_Body_ID,Cmv_Evnt1_ID,Cmv_Evnt2_ID,Cmv_Evnt3_ID,Cmv_Evnt4_ID,Cmv_Tot_Axle,Cmv_Tot_Tire,Contrib_Factr_1_ID,Contrib_Factr_2_ID,Contrib_Factr_3_ID,Contrib_Factr_P1_ID,Contrib_Factr_P2_ID,Veh_Dfct_1_ID,Veh_Dfct_2_ID,Veh_Dfct_3_ID,Veh_Dfct_P1_ID,Veh_Dfct_P2_ID,Veh_Trvl_Dir_ID,First_Harm_Evt_Inv_ID,Sus_Serious_Injry_Cnt,Nonincap_Injry_Cnt,Poss_Injry_Cnt,Non_Injry_Cnt,Unkn_Injry_Cnt,Tot_Injry_Cnt,Death_Cnt,Cmv_Disabling_Damage_Fl,Cmv_Bus_Type_ID,Trlr_GVWR,Trlr_RGVW,Trlr_Type_ID,Trlr_Disabling_Dmag_ID,Cmv_Intermodal_Container_Permit_Fl,CMV_Actual_Gross_Weight
17180356,2,1,N,N,43,1GCHC23U53F256351,2003,21,107,658,30,N,78644,1,1,2,1,,,,,N,,,N,,,,,,,,,,,,,,,,,,,,,,0,,,,,,,,,,5,1,0,0,0,1,0,0,0,,,,,,,,
17180357,1,1,N,N,43,1GYEC63NX6R105957,2006,21,106,657,69,N,78724,1,1,2,4,12,,,,Y,BULLET TOWING,BULLET TOWING,N,,,,,,,,,,,,,,,,,,,,,,0,,,,,,,,,,5,1,0,1,0,0,0,1,0,,,,,,,,
17180357,2,1,N,N,43,5FNYF6H3XJB070577,2018,17,44,761,69,N,78734,1,1,11,3,9,12,1,3,Y,A & A WRECKER NORTH,A & A WRECKER NORTH,N,,,,,,,,,,,,,,,,,,,,,,0,,,,,,,,,,7,1,0,1,0,0,0,1,0,,,,,,,,
17180357,3,1,N,N,43,1C4BJWCG6FL639847,2015,2,429,1464,69,N,78702,1,1,16,1,3,,,,N,,,N,,,,,,,,,,,,,,,,,,,,,,0,,,,,,,,,,3,2,0,1,0,0,0,1,0,,,,,,,,
17180400,1,1,N,N,43,3HAMSSTR0GL119549,2012,21,48,3586,106,N,78154,1,2,28,7,,,,,N,AUS-TEX AUTO ENTERPRISES LLC,AUS-TEX AUTO ENTERPRISES LLC,Y,Y,N,N,2,2,78154,2,26000,0,N,,,,,3,18,,,,,,41,,,,,,,,,,1,1,0,0,1,0,0,1,0,Y,0,,,,,N,
17180401,1,1,N,N,43,2C3CDXAG7FH815276,2015,3,109,74,105,N,78701,1,4,2,1,12,,,,,,,N,,,,,,,,,,,,,,,,,,,,,,44,,,,,,,,,,5,1,0,0,0,1,0,0,0,,,,,,,,
17180401,2,1,N,N,43,JN8AT2MT9GW002756,2016,9,71,1310,69,N,78638,1,2,5,1,6,,,,,,,N,,,,,,,,,,,,,,,,,,,,,,0,,,,,,,,,,5,1,0,0,0,1,0,0,0,,,,,,,,
17180402,1,1,N,N,43,1N4AL2AP8BC172013,2011,9,71,500,104,N,78736,1,1,2,5,12,,,,Y,SPECIAL AUTOMOTIVE SERVICE INC,5526 1/2 W HWY 290,N,,,,,,,,,,,,,,,,,,,,,,0,,,,,,,,,,7,1,0,0,0,1,0,0,0,,,,,,,,
17180402,2,1,N,N,43,5YJ3E1EA2JF057762,2018,2,602,2033,104,N,78704,1,1,6,5,6,,,,Y,SPECIAL AUTOMOTIVE SERVICE INC,5526 1/2 W HWY 290,N,,,,,,,,,,,,,,,,,,,,,,0,,,,,,,,,,7,1,0,0,0,4,0,0,0,,,,,,,,
17180403,1,1,N,N,43,1G1ZD5ST1JF205060,2018,3,107,56,104,N,78744,1,2,15,2,7,,,,Y,ROCHAS TOWING SERVICE,ROCHAS TOWING SERVICE,N,,,,,,,,,,,,,,,,,,,,,,4,,,,,,,,,,3,1,0,1,0,1,0,1,0,,,,,,,,
17180403,2,1,N,N,43,5GALRBED2AJ152773,2010,18,105,1041,104,N,78739,1,2,12,2,4,,,,N,,,N,,,,,,,,,,,,,,,,,,,,,,0,,,,,,,,,,3,1,0,0,0,2,0,0,0,,,,,,,,
17180404,1,1,N,N,43,3FA6P0UU6FR208868,2015,9,37,1097,104,N,60025,1,1,10,4,3,,,,Y,ATX-VIP TOWING SERVICES,OWNERS RESIDENCE/REQUEST,N,,,,,,,,,,,,,,,,,,,,,,37,,,,,,,,,,7,1,0,0,0,1,0,0,0,,,,,,,,
17180404,2,1,N,N,43,1C3CCBAB0CN228933,2012,17,21,2258,104,N,78702,1,1,2,3,12,,,,N,,,N,,,,,,,,,,,,,,,,,,,,,,0,,,,,,,,,,3,1,0,0,0,2,0,0,0,,,,,,,,
17180405,1,1,N,N,43,SALVV2BG0FH031975,2015,21,57,3882,104,N,78734,1,2,15,3,9,,,,N,ARMADA TOWING,ARMADA TOWING,N,,,,,,,,,,,,,,,,,,,,,,0,,,,,,,,,,7,1,0,1,0,0,0,1,0,,,,,,,,
17180405,2,1,N,N,43,WP0BB296XNS440096,1992,10,76,810,100,N,78704,1,2,2,1,12,,,,N,ROCHAS TOWING SERVICE,OWNER'S RESIDENCE,N,,,,,,,,,,,,,,,,,,,,,,34,,,,,,,,,,1,1,0,0,0,1,0,0,0,,,,,,,,
17180406,1,1,N,Y,,,,3,,,0,N,,,,,,,,,,,,,N,,,,,,,,,,,,,,,,,,,,,,0,,,,,,,,,,5,1,0,0,0,0,1,0,0,,,,,,,,
17180406,2,1,N,Y,43,1N4AL2AP5AN443984,2010,3,71,500,104,N,78741,1,2,10,2,4,,,,N,HARPERS,HARPERS TOWING SERVICE INC,N,,,,,,,,,,,,,,,,,,,,,,0,,,,,,,,,,7,1,0,0,1,0,0,1,0,,,,,,,,
17180407,1,1,N,N,43,5J6YH17613L019665,2003,10,44,760,69,N,78704,1,2,2,5,12,,,,N,ATX-VIP TOWING SERVICES,ATX-VIP TOWING SERVICES,N,,,,,,,,,,,,,,,,,,,,,,22,,,,,,,,,,2,1,0,0,0,1,0,0,0,,,,,,,,
17180407,2,1,N,N,43,5N1AT2MT4FC822492,2015,21,71,69,69,N,78717,1,2,6,2,6,,,,N,NOT TOWED,NOT TOWED,N,,,,,,,,,,,,,,,,,,,,,,0,,,,,,,,,,2,1,0,0,0,2,0,0,0,,,,,,,,
17180408,1,1,N,N,43,5N1AT2MT6HC891753,2017,2,71,1310,69,N,75094,1,2,1,1,12,,,,N,,,N,,,,,,,,,,,,,,,,,,,,,,0,,,,,,,,,,3,1,0,0,0,1,0,0,0,,,,,,,,
17180408,2,1,N,N,43,3VWDX7AJ6DM268029,2013,2,96,316,104,N,78747,1,1,12,2,3,,,,Y,BULLET TOWING,BULLET TOWING,N,,,,,,,,,,,,,,,,,,,,,,0,,,,,,,,,,5,1,0,0,0,1,0,0,0,,,,,,,,
17180409,1,1,N,N,43,3C7WRKCL7GG251642,2016,22,676,2107,9,Y,78702,1,7,4,1,12,,,,N,,,N,,,,,,,,,,,,,,,,,,,,,,,,,52,,,,,,,1,1,0,0,0,3,0,0,0,,,,,,,,
17180409,2,1,Y,N,43,1FTYR2CG5HKA36490,2017,21,37,977,103,N,78756,1,2,5,2,6,,,,N,,,N,,,,,,,,,,,,,,,,,,,,,,,,,52,,,,,,,2,1,0,0,0,0,0,0,0,,,,,,,,
17180410,1,1,N,N,43,1N4AL3AP8EN205476,2014,17,71,500,104,N,78726,1,2,9,3,9,,,,N,620 LAKESIDE TOWING,620 LAKESIDE TOWING,N,,,,,,,,,,,,,,,,,,,,,,34,,,20,19,,,,,,8,1,0,0,0,2,0,0,0,,,,,,,,
17180410,2,1,N,N,43,5TEGN92N52Z078130,2002,16,91,629,30,N,78641,1,2,4,3,1,12,3,1,N,620 LAKESIDE TOWING,620 LAKESIDE TOWING,N,,,,,,,,,,,,,,,,,,,,,,0,,,,,,,,,,2,1,0,0,0,1,0,0,0,,,,,,,,
17180411,1,1,N,N,43,2G1WF52E339420644,2003,18,107,53,104,N,78644,1,2,,,,,,,Y,ROCHAS TOWING SERVICE,ROCHAS TOWING SERVICE,N,,,,,,,,,,,,,,,,,,,,,,67,,,,,,,,,,8,1,0,1,0,1,0,1,0,,,,,,,,
17180412,1,1,N,N,43,2GCEC19T531378260,2003,16,107,658,30,N,78704,1,1,2,3,12,,,,N,ARMADA TOWING,ARMADA TOWING,N,,,,,,,,,,,,,,,,,,,,,,45,,,,,,,,,,5,1,0,0,0,2,0,0,0,,,,,,,,
17180412,2,1,N,N,36,JA4AD3A33KZ035191,2019,16,68,775,104,N,74115,1,2,,,,,,,N,,,N,,,,,,,,,,,,,,,,,,,,,,0,,,,,,,,,,5,1,0,0,0,3,0,0,0,,,,,,,,
17180413,1,1,N,N,27,1N4AL3AP7GN332755,2016,9,37,696,104,N,,1,1,2,1,12,,,,N,,,N,,,,,,,,,,,,,,,,,,,,,,20,,,,,,,,,,1,1,0,0,0,1,0,0,0,,,,,,,,
17180413,2,1,N,N,43,3N1CN7AP9EL870801,2014,9,71,1452,104,N,78703,1,1,12,1,3,,,,Y,ATX-VIP TOWING SERVICES,5526 1/2 W HWY 290,N,,,,,,,,,,,,,,,,,,,,,,0,,,,,,,,,,3,1,0,0,0,1,0,0,0,,,,,,,,
17180414,1,1,N,Y,43,JN1CV6AP7DM724797,2013,2,47,1102,104,N,78602,2,,,,,,,,N,,,N,,,,,,,,,,,,,,,,,,,,,,44,20,,,,,,,,,1,1,0,0,0,0,1,0,0,,,,,,,,
17180414,2,1,N,N,43,2B3CL3CG2BH554574,2011,9,109,74,104,N,78724,2,,12,5,1,,,,Y,AVILES & GABES WRECKER SERVICE INC.,AVILES & GABES WRECKER SERVICE INC.,N,,,,,,,,,,,,,,,,,,,,,,44,20,,,,,,,,,1,1,0,0,0,1,0,0,0,,,,,,,,
17180414,3,1,N,N,43,3N1AB7AP0KL616275,2019,9,71,341,104,N,78216,1,1,13,4,8,,,,N,,,N,,,,,,,,,,,,,,,,,,,,,,0,,,,,,,,,,1,2,0,0,0,1,0,0,0,,,,,,,,
17180415,1,1,N,Y,43,2T1BURHE4FC477594,2015,21,91,173,104,N,78744,1,2,3,3,11,,,,N,SOUTHSIDE WRECKER INC,8200 S. CONGRESS AVE,N,,,,,,,,,,,,,,,,,,,,,,0,,,,,,,,,,6,1,0,0,0,1,0,0,0,,,,,,,,
17180415,2,1,N,Y,113,,,99,,,0,N,,,,,,,,,,N,,,N,,,,,,,,,,,,,,,,,,,,,,0,,,,,,,,,,6,1,0,0,0,0,1,0,0,,,,,,,,
17180416,1,1,N,N,43,2GCEC19V051190637,2005,3,107,658,30,N,78753,1,2,2,2,12,,,,N,,,N,,,,,,,,,,,,,,,,,,,,,,22,,,,,,,,,,1,1,0,0,0,2,0,0,0,,,,,,,,
17180416,2,1,N,N,43,1N4AL2AP9BN439793,2011,2,71,500,104,N,78748,1,2,8,3,6,,,,N,ROCHAS TOWING SERVICE,ROCHAS TOWING SERVICE,N,,,,,,,,,,,,,,,,,,,,,,0,,,,,,,,,,1,1,0,1,0,0,0,1,0,,,,,,,,
17180417,1,1,N,N,43,3G1BC5SM4HS572716,2017,21,107,2209,104,N,78744,1,2,2,2,2,,,,Y,SOUTHSIDE WRECKER INC,8200 S. CONGRESS AVE,N,,,,,,,,,,,,,,,,,,,,,,20,33,,,,,,,,,2,1,0,1,0,0,0,1,0,,,,,,,,
17180417,2,1,N,N,43,3FA6P0LU1HR357466,2017,17,37,1097,104,N,78744,2,,,,,,,,N,DRIVEN AWAY FROM SCENE,DRIVEN AWAY FROM SCENE,N,,,,,,,,,,,,,,,,,,,,,,0,,,,,,,,,,8,1,0,0,1,0,0,1,0,,,,,,,,
17180418,1,1,N,N,43,WAUBFGFF3F1005544,2015,21,8,892,104,N,78727,1,1,4,4,2,9,2,9,N,AVILES & GABES WRECKER SERVICE INC.,AVILES & GABES WRECKER SERVICE INC.,N,,,,,,,,,,,,,,,,,,,,,,,,,20,60,,,,,,7,1,0,0,0,1,0,0,0,,,,,,,,
17180418,2,1,N,N,43,1FDUF4GT2HEE27438,2017,3,37,2327,106,N,,1,4,13,1,9,,,,N,,,Y,Y,N,N,2,2,78758,2,0,16500,N,,,,,3,13,,,,,,,,,4,20,,,,,,7,1,0,1,0,1,0,1,0,N,0,,,,,N,
17180419,1,1,N,N,43,JKAEX8B19HDA38656,2017,3,53,3770,71,N,78644,2,,26,1,,,,,N,A-TEX TOWING,5526 1/2 W HWY 290,N,,,,,,,,,,,,,,,,,,,,,,74,,,,,,,,,,4,1,0,1,0,0,0,1,0,,,,,,,,
17180420,1,1,N,N,43,1FTFW1CT5DFC64497,2013,2,37,2324,30,N,77640,1,1,12,1,3,,,,N,NA,NA,N,,,,,,,,,,,,,,,,,,,,,,20,,,4,,,,,,,11,1,0,0,0,2,0,0,0,,,,,,,,
17180420,2,1,N,N,43,JN8AS5MT5EW100409,2014,3,71,1310,69,N,73301,1,1,11,3,9,,,,N,ARMADA TOWING,5526 1/2 W HWY 290,N,,,,,,,,,,,,,,,,,,,,,,0,,,,,,,,,,11,1,0,0,0,1,0,0,0,,,,,,,,
17180423,1,1,N,N,43,3N1CN7AP8KL881137,2019,2,71,1452,104,N,75240,1,1,14,1,3,,,,N,NA,NA,N,,,,,,,,,,,,,,,,,,,,,,38,,,,,,,,,,5,1,0,0,0,1,0,0,0,,,,,,,,
17180423,2,3,,,,,,,,,,,,,,,,,,,,,,,,,,,,,,,,,,,,,,,,,,,,,0,,,,,,,,,,9,1,0,1,0,0,0,1,0,,,,,,,,
17180424,1,1,N,N,43,1N6AA07AX6N570922,2006,17,71,1397,30,N,78744,1,2,2,3,12,,,,Y,CLARK AUTO CARE,6600 ELM CREEK DR,N,,,,,,,,,,,,,,,,,,,,,,,,,22,,,,,,,2,1,0,0,1,2,0,1,0,,,,,,,,
17180426,1,1,N,Y,113,,,,,,0,N,,,,,,,,,,,,,N,,,,,,,,,,,,,,,,,,,,,,0,,,,,,,,,,11,1,0,0,0,0,1,0,0,,,,,,,,
17180426,2,1,Y,N,43,4T1B11HK4JU070219,2018,21,91,380,104,N,,1,1,14,2,2,,,,N,,,N,,,,,,,,,,,,,,,,,,,,,,0,,,,,,,,,,11,1,0,0,0,1,0,0,0,,,,,,,,
17180427,1,1,N,N,43,3CZRM3H3XFG700991,2015,9,44,107,104,N,75605,1,1,2,3,12,,,,N,EZ AUTO AND TOWING SERVICE,EZ AUTO AND TOWING SERVICE,N,,,,,,,,,,,,,,,,,,,,,,74,,,,,,,,,,3,1,0,0,1,0,0,1,0,,,,,,,,
17180427,2,1,N,N,43,3GNFC16037G168355,2007,21,107,2203,69,N,78727,1,1,6,3,6,,,,N,,,N,,,,,,,,,,,,,,,,,,,,,,0,,,,,,,,,,3,1,0,0,0,2,0,0,0,,,,,,,,
17180452,1,1,N,N,43,1FT8W3BT4HEF35311,2017,2,37,101,30,N,78953,1,2,2,0,12,,,,Y,SOUTHSIDE WRECKER INC,IMPOUND,N,,,,,,,,,,,,,,,,,,,,,,67,,,,,,,,,,3,1,0,0,0,1,0,0,0,,,,,,,,
17180452,2,1,N,N,43,JTMW1RFV8KJ011517,2019,16,91,581,104,N,58528,1,2,6,1,6,,,,N,,,N,,,,,,,,,,,,,,,,,,,,,,0,,,,,,,,,,3,1,0,0,0,4,0,0,0,,,,,,,,
17180456,1,1,N,N,43,5TDZZRFH5JS242232,2018,17,91,721,104,N,78653,1,1,12,3,2,11,2,9,Y,STARS TOWING,STARS TOWING,N,,,,,,,,,,,,,,,,,,,,,,23,,,20,,,,,,,7,1,0,1,0,0,0,1,0,,,,,,,,
17180456,2,1,N,N,43,3N1AB7AP3FY216476,2015,17,71,341,104,N,77423,1,1,2,3,12,,,,Y,AVILES & GABES WRECKER SERVICE INC.,"9475 E US 290 AUSTIN, TX 78724",N,,,,,,,,,,,,,,,,,,,,,,0,,,,,,,,,,7,1,0,1,0,0,0,1,0,,,,,,,,
17180456,3,1,N,N,43,JT8BF28G2Y5100280,2000,2,58,429,104,N,78521,1,1,12,3,1,,,,Y,969 TOWING,969 TOWING,N,,,,,,,,,,,,,,,,,,,,,,0,,,,,,,,,,5,2,0,0,0,0,4,0,0,,,,,,,,
17180460,1,1,N,Y,43,1G1BC5SM3J7125640,2018,21,107,2209,104,N,78660,1,1,15,3,11,,,,N,,,N,,,,,,,,,,,,,,,,,,,,,,0,,,,,,,,,,1,1,0,0,0,1,0,0,0,,,,,,,,
17180460,2,1,N,Y,113,,,99,,,0,N,,,,,,,,,,N,,,N,,,,,,,,,,,,,,,,,,,,,,0,,,,,,,,,,3,1,0,0,0,0,1,0,0,,,,,,,,
17180461,1,1,N,N,43,4T1BG22K01U051373,2001,17,91,178,104,N,78758,1,1,6,3,6,10,3,9,Y,BULLET TOWING,BULLET TOWING,N,,,,,,,,,,,,,,,,,,,,,,,,,74,,,,,,,1,1,0,0,0,2,0,0,0,,,,,,,,
17180461,2,1,N,N,43,5NPET46C29H413964,2009,17,45,377,104,N,78724,1,1,15,3,3,,,,Y,HARPERS TOWING SERVICE INC,HARPERS TOWING SERVICE INC,N,,,,,,,,,,,,,,,,,,,,,,,,,45,,,,,,,1,1,0,0,0,1,0,0,0,,,,,,,,
17180462,1,1,N,N,43,JTDKDTB38G1589762,2016,16,91,702,104,N,78723,1,1,2,1,12,,,,N,STARS TOWING,3012 REXFORD DR,N,,,,,,,,,,,,,,,,,,,,,,48,74,,,,,,,,,11,1,0,0,0,1,0,0,0,,,,,,,,
17180463,1,1,N,Y,113,UNK,,,,,0,N,,,,,,,,,,,,,N,,,,,,,,,,,,,,,,,,,,,,0,,,,,,,,,,4,1,0,0,0,0,1,0,0,,,,,,,,
17180463,2,1,N,N,43,1FMJU2A58DEF33345,2013,16,37,601,69,N,78640,1,2,6,1,6,2,1,12,N,,,N,,,,,,,,,,,,,,,,,,,,,,0,,,,,,,,,,4,1,0,0,0,1,0,0,0,,,,,,,,
17180463,3,1,N,N,43,4A32B3FF8CE012806,2012,21,68,392,104,N,78613,1,2,6,2,6,2,2,12,N,HARPERS TOWING SERVICE INC,HARPERS TOWING SERVICE INC,N,,,,,,,,,,,,,,,,,,,,,,0,,,,,,,,,,4,2,0,0,0,1,0,0,0,,,,,,,,
17180463,4,1,N,Y,113,UNK,,,,,0,N,,,,,,,,,,,,,N,,,,,,,,,,,,,,,,,,,,,,0,,,,,,,,,,4,2,0,0,0,0,1,0,0,,,,,,,,
17180464,1,1,N,N,43,2B3CJ4DV4AH313851,2010,17,109,73,100,N,78758,1,1,3,3,3,,,,Y,AUS-TEX AUTO ENTERPRISES LLC,AUS-TEX AUTO ENTERPRISES LLC,N,,,,,,,,,,,,,,,,,,,,,,67,,,,,,,,,,11,1,0,0,0,1,0,0,0,,,,,,,,
17180464,2,1,N,N,43,1FM5K8AR3HGB22877,2017,21,37,554,104,N,78753,4,,8,3,5,,,,N,,,N,,,,,,,,,,,,,,,,,,,,,,0,,,,,,,,,,11,1,0,0,0,1,0,0,0,,,,,,,,
17180465,1,1,N,N,43,1FM5K8AR7EGB59104,2014,2,37,554,105,Y,78701,1,7,12,2,3,,,,N,,,N,,,,,,,,,,,,,,,,,,,,,,,,,65,,,,,,,5,1,0,0,0,1,0,0,0,,,,,,,,
17180465,2,1,N,N,43,3N1CN7AP0FL883437,2015,16,71,1452,104,N,78744,1,1,11,4,9,,,,,SOUTHSIDE WRECKER INC,8200 S. CONGRESS AVE,N,,,,,,,,,,,,,,,,,,,,,,0,,,,,,,,,,5,1,0,0,0,3,0,0,0,,,,,,,,
17180466,1,1,N,N,43,1VWAS7A35EC105507,2014,9,96,473,104,N,78753,1,2,3,1,11,7,1,7,Y,620 LAKESIDE TOWING,MANZO-CORCHO'S RESIDENCE,N,,,,,,,,,,,,,,,,,,,,,,74,,,,,,,,,,5,1,0,0,0,1,0,0,0,,,,,,,,
17180467,1,1,N,N,43,5GTDN13E278250649,2007,21,112,2373,69,N,78754,1,1,2,4,12,,,,N,DENVERS TOWING,DENVERS TOWING,N,,,,,,,,,,,,,,,,,,,,,,20,,,,,,,,,,5,1,0,0,0,1,0,0,0,,,,,,,,
17180467,2,1,N,N,,JM1BK323171651380,2007,8,63,3917,104,N,78753,2,,6,5,6,,,,,,,N,,,,,,,,,,,,,,,,,,,,,,0,,,,,,,,,,5,1,0,0,0,1,0,0,0,,,,,,,,
17180468,1,1,N,N,43,1FTNX20P43ED81515,2003,11,37,2324,30,N,,1,1,3,5,11,2,5,12,,SPECIAL AUTOMOTIVE SERVICE INC,SPECIAL AUTOMOTIVE SERVICE INC,N,,,,,,,,,,,,,,,,,,,,,,40,,,,,,,,,,7,1,0,0,1,0,0,1,0,,,,,,,,
17180469,1,1,N,N,43,3GKALMEV5JL205863,2018,21,39,1392,104,N,78745,1,2,2,6,12,,,,Y,A & A WRECKER NORTH,A & A WRECKER NORTH,N,,,,,,,,,,,,,,,,,,,,,,0,,,,,,,,,,11,1,0,0,0,1,0,0,0,,,,,,,,
17180470,1,1,N,N,43,1G1PC5SH2C7260684,2012,17,107,2209,104,N,77036,1,2,2,4,12,,,,Y,SOUTHSIDE WRECKER INC,8200 S. CONGRESS AVE,N,,,,,,,,,,,,,,,,,,,,,,22,45,20,,,,,,,,7,1,0,0,0,3,0,0,0,,,,,,,,
17180472,1,1,N,N,43,1J4NT4FBXAD672875,2010,9,429,983,104,N,78748,1,1,1,7,12,,,,Y,HARPERS TOWING SERVICE INC,HARPERS TOWING SERVICE INC,N,,,,,,,,,,,,,,,,,,,,,,20,22,,,,,,,,,5,1,0,0,3,0,0,3,0,,,,,,,,
17180473,1,1,N,N,43,KNAFX4A61F5329167,2015,21,55,1093,104,N,78641,1,2,2,4,1,,,,Y,STARS TOWING,STARS TOWING,N,,,,,,,,,,,,,,,,,,,,,,0,,,,,,,,,,4,1,1,0,1,0,0,2,0,,,,,,,,
17180473,2,1,N,N,43,JNRAS08UX8X103337,2008,1,47,1099,104,N,78717,1,2,9,4,9,,,,Y,620 LAKESIDE TOWING,620 LAKESIDE TOWING,N,,,,,,,,,,,,,,,,,,,,,,0,,,,,,,,,,2,1,0,0,1,0,0,1,0,,,,,,,,
17180473,3,1,N,N,9,1D7RB1GP9AS104928,2010,17,109,2275,30,N,34436,2,,,,,,,,Y,EZ AUTO AND TOWING SERVICE,EZ AUTO AND TOWING SERVICE,N,,,,,,,,,,,,,,,,,,,,,,0,,,,,,,,,,2,2,0,0,2,0,0,2,0,,,,,,,,
17180474,1,1,N,N,43,1GNSCHKCXFR698537,2015,2,107,249,69,N,78754,1,1,2,4,12,,,,Y,SOUTHSIDE WRECKER INC,8200 S. CONGRESS AVE,N,,,,,,,,,,,,,,,,,,,,,,39,,,,,,,,,,3,1,0,0,0,1,0,0,0,,,,,,,,
17180474,2,1,N,N,43,3C3CFFBR5CT181828,2012,9,35,2956,100,N,78660,1,1,3,4,11,,,,N,EZ AUTO AND TOWING SERVICE,EZ AUTO AND TOWING SERVICE,N,,,,,,,,,,,,,,,,,,,,,,0,,,,,,,,,,1,1,0,0,0,1,0,0,0,,,,,,,,
17180475,1,1,N,N,43,4T1BK36B07U209346,2007,11,91,563,104,N,78727,1,1,2,5,12,,,,Y,STARS TOWING,STARS TOWING,N,,,,,,,,,,,,,,,,,,,,,,0,,,,,,,,,,8,1,0,0,0,0,1,0,0,,,,,,,,
17180476,1,1,N,N,43,5N1ED28T43C669892,2003,2,71,694,69,N,78752,1,1,12,2,3,,,,N,,,N,,,,,,,,,,,,,,,,,,,,,,3,,,,,,,,,,1,1,0,0,0,1,0,0,0,,,,,,,,
17180476,2,1,Y,N,43,3C7WRMCL8JG342678,2018,12,710,4104,9,N,78702,1,7,12,2,2,,,,N,,,N,,,,,,,,,,,,,,,,,,,,,,0,,,,,,,,,,3,1,0,0,0,3,0,0,0,,,,,,,,
17180477,1,1,N,N,43,KMHDH4AE1CU298109,2012,9,45,480,104,N,78704,1,2,18,3,12,4,3,12,N,620 LAKESIDE TOWING,5526 1/2 W HWY 290,N,,,,,,,,,,,,,,,,,,,,,,,,,19,20,,,,,,5,1,0,0,0,1,0,0,0,,,,,,,,
17180477,2,1,N,N,43,4RKYL82J0E4500473,2014,3,502,941,47,N,78702,1,1,13,1,9,,,,N,,,N,,,,,,,,,,,,,,,,,,,,,,0,,,,,,,,,,5,1,0,0,0,2,0,0,0,,,,,,,,
17180478,1,1,N,N,43,JTMZFREV2HJ128468,2017,3,91,581,104,N,75944,1,2,11,3,8,,,,N,K & S TOWING,K & S TOWING,N,,,,,,,,,,,,,,,,,,,,,,4,20,,,,,,,,,2,1,0,0,0,2,0,0,0,,,,,,,,
17180478,2,1,N,N,43,WDDKK7DF4GF322406,2016,2,65,118,100,N,78744,1,2,4,5,1,,,,N,FINGER TOWING SERVICE,FINGER TOWING SERVICE,N,,,,,,,,,,,,,,,,,,,,,,0,,,,,,,,,,2,1,0,0,0,2,0,0,0,,,,,,,,
17180479,1,1,N,N,43,3C4PDCAB6ET237610,2014,16,109,1166,104,N,78758,1,2,2,2,12,,,,Y,A-TEX TOWING,A-TEX TOWING,N,,,,,,,,,,,,,,,,,,,,,,15,,,,,,,,,,5,1,0,0,0,0,2,0,0,,,,,,,,
17180479,2,1,N,N,43,JH4DC446XSS039005,1992,10,1,448,100,N,78741,1,2,16,3,3,,,,Y,ROCHAS TOWING SERVICE,ROCHAS TOWING SERVICE,N,,,,,,,,,,,,,,,,,,,,,,0,,,,,,,,,,1,1,1,0,0,0,0,1,0,,,,,,,,
17180480,1,1,N,N,43,4T4BF1FK7CR263882,2012,2,91,380,104,N,78626,1,2,2,2,12,,,,N,NA,NA,N,,,,,,,,,,,,,,,,,,,,,,44,,,22,,,,,,,1,1,0,0,0,1,0,0,0,,,,,,,,
17180480,2,1,N,N,42,1N4BL4BV0KC207513,2019,2,71,500,104,N,74134,1,1,6,2,6,,,,N,NA,NA,N,,,,,,,,,,,,,,,,,,,,,,0,,,,,,,,,,1,1,0,1,0,1,0,1,0,,,,,,,,
17180481,1,1,N,N,43,1GT42WEY4KF253769,2019,21,39,2341,30,N,78752,1,1,4,6,1,18,6,,N,AUS-TEX AUTO ENTERPRISES LLC,AUS-TEX AUTO ENTERPRISES LLC,N,,,,,,,,,,,,,,,,,,,,,,,,,20,67,,,,,,1,1,0,0,0,0,1,0,0,,,,,,,,
17180482,1,1,N,N,43,5TFAX5GN3KX149916,2019,9,91,629,30,N,78745,1,1,1,0,12,,,,N,N/A,N/A,N,,,,,,,,,,,,,,,,,,,,,,20,,,,,,,,,,7,1,0,0,0,1,0,0,0,,,,,,,,
17180482,2,3,,,,,,,,,,,,,,,,,,,,,,,,,,,,,,,,,,,,,,,,,,,,,20,,,,,,,,,,9,1,0,0,1,0,0,1,0,,,,,,,,