Crash_ID,Unit_Nbr,Unit_Desc_ID,Veh_Parked_Fl,Veh_HNR_Fl,Veh_Lic_State_ID,VIN,Veh_Mod_Year,Veh_Color_ID,Veh_Make_ID,Veh_Mod_ID,Veh_Body_Styl_ID,Emer_Respndr_Fl,Ownr_Zip,Fin_Resp_Proof_ID,Fin_Resp_Type_ID,Veh_Dmag_Area_1_ID,Veh_Dmag_Scl_1_ID,Force_Dir_1_ID,Veh_Dmag_Area_2_ID,Veh_Dmag_Scl_2_ID,Force_Dir_2_ID,Veh_Inventoried_Fl,Veh_Transp_Name,Veh_Transp_Dest,Veh_Cmv_Fl,Cmv_Fiveton_Fl,Cmv_Hazmat_Fl,Cmv_Nine_Plus_Pass_Fl,Cmv_Veh_Oper_ID,Cmv_Carrier_ID_Type_ID,Cmv_Carrier_Zip,Cmv_Veh_Type_ID,Cmv_GVWR,Cmv_RGVW,Cmv_Hazmat_Rel_Fl,Hazmat_Cls_1_ID,Hazmat_IDNbr_1_ID,Hazmat_Cls_2_ID,Hazmat_IDNbr_2_ID,Cmv_Cargo_Body_ID,Cmv_Evnt1_ID,Cmv_Evnt2_ID,Cmv_Evnt3_ID,Cmv_Evnt4_ID,Cmv_Tot_Axle,Cmv_Tot_Tire,Contrib_Factr_1_ID,Contrib_Factr_2_ID,Contrib_Factr_3_ID,Contrib_Factr_P1_ID,Contrib_Factr_P2_ID,Veh_Dfct_1_ID,Veh_Dfct_2_ID,Veh_Dfct_3_ID,Veh_Dfct_P1_ID,Veh_Dfct_P2_ID,Veh_Trvl_Dir_ID,First_Harm_Evt_Inv_ID,Sus_Serious_Injry_Cnt,Nonincap_Injry_Cnt,Poss_Injry_Cnt,Non_Injry_Cnt,Unkn_Injry_Cnt,Tot_Injry_Cnt,Death_Cnt,Cmv_Disabling_Damage_Fl,Cmv_Bus_Type_ID,Trlr_GVWR,Trlr_RGVW,Trlr_Type_ID,Trlr_Disabling_Dmag_ID,Cmv_Intermodal_Container_Permit_Fl,CMV_Actual_Gross_Weight
17180527,1,1,N,N,43,1G1ZC5E07CF245862,2012,17,107,56,104,N,78741,1,2,4,3,1,,,,N,HARPERS TOWING SERVICE INC,HARPERS TOWING SERVICE INC,N,,,,,,,,,,,,,,,,,,,,,,0,,,,,,,,,,5,1,0,0,1,0,0,1,0,,,,,,,,
17180527,2,1,N,N,43,1FTRX17WX1NB40192,2001,2,37,2324,106,N,78617,1,2,7,2,7,1,0,12,N,,,N,,,,,,,,,,,,,,,,,,,,,,0,,,,,,,,,,5,1,0,0,0,2,0,0,0,,,,,,,,
17180527,3,1,N,N,18,JTMZF33V895008961,2009,4,91,581,104,N,70119,1,2,5,1,6,,,,N,,,N,,,,,,,,,,,,,,,,,,,,,,0,,,,,,,,,,5,2,0,0,1,0,0,1,0,,,,,,,,
17180528,1,1,N,N,43,5XYZG3AB7BG083685,2011,3,45,713,104,N,78247,1,1,3,1,11,,,,Y,SOUTHSIDE WRECKER INC,5526 1/2 W HWY 290,N,,,,,,,,,,,,,,,,,,,,,,45,20,,,,,,,,,4,1,0,0,0,1,0,0,0,,,,,,,,
17180528,2,1,Y,N,43,3GTP1UEC1EG453570,2014,21,39,3080,30,N,78616,1,1,10,2,5,,,,N,,,N,,,,,,,,,,,,,,,,,,,,,,0,,,,,,,,,,2,1,0,1,0,0,0,1,0,,,,,,,,
17180529,1,1,N,Y,,,,,,,0,N,,,,,,,,,,,,,N,,,,,,,,,,,,,,,,,,,,,,0,,,,,,,,,,5,1,0,0,0,0,1,0,0,,,,,,,,
17180529,2,3,,,,,,,,,,,,,,,,,,,,,,,,,,,,,,,,,,,,,,,,,,,,,0,,,,,,,,,,9,1,1,0,0,0,0,1,0,,,,,,,,
17180530,1,1,N,N,43,1FAHP2F85EG138502,2014,2,37,376,104,N,78759,1,1,,,,,,,,EZ AUTO AND TOWING SERVICE,EZ AUTO AND TOWING SERVICE,N,,,,,,,,,,,,,,,,,,,,,,40,,,,,,,,,,7,1,0,0,1,0,0,1,0,,,,,,,,
17180531,1,1,N,N,43,1FAFP58U0XA102385,1999,10,37,376,104,N,78759,1,1,2,4,12,,,,N,ARMADA TOWING,ARMADA TOWING,N,,,,,,,,,,,,,,,,,,,,,,20,,,,,,,,,,5,1,0,0,1,0,0,1,0,,,,,,,,
17180531,2,1,N,N,43,KMHDH4AE2DU787751,2013,2,45,480,104,N,78727,1,1,10,3,3,,,,Y,,,N,,,,,,,,,,,,,,,,,,,,,,0,,,,,,,,,,7,1,0,0,0,1,0,0,0,,,,,,,,
17180532,1,1,N,Y,,,,,,,0,N,,2,,,,,,,,N,OWNER,OWNER,N,,,,,,,,,,,,,,,,,,,,,,74,,,,,,,,,,11,1,0,0,0,0,1,0,0,,,,,,,,
17180532,2,1,Y,N,43,1N6AD0EV6FN706122,2015,9,71,634,30,N,78702,1,2,8,5,7,,,,N,OWNER,OWNER,N,,,,,,,,,,,,,,,,,,,,,,0,,,,,,,,,,11,1,0,0,0,1,0,0,0,,,,,,,,
17180533,1,1,N,N,43,4T1B11HK3KU700054,2019,3,91,380,104,N,78748,1,2,3,3,11,,,,N,ROCHAS TOWING SERVICE,ROCHAS TOWING SERVICE,N,,,,,,,,,,,,,,,,,,,,,,74,,,20,,,,,,,1,1,0,0,0,1,0,0,0,,,,,,,,
17180533,2,1,N,N,43,1FTYR14U01PA79061,2001,17,37,357,30,N,78744,1,2,10,3,3,,,,N,DRIVEN AWAY,DRIVEN AWAY,N,,,,,,,,,,,,,,,,,,,,,,0,,,,,,,,,,1,1,0,0,0,1,0,0,0,,,,,,,,
17180534,1,1,N,N,43,1J8GP28K68W243289,2008,16,429,1181,104,N,78664,1,2,3,3,11,,,,N,HARPERS TOWING SERVICE INC,HARPERS TOWING SERVICE INC,N,,,,,,,,,,,,,,,,,,,,,,44,,,,,,,,,,1,1,0,0,0,1,0,0,0,,,,,,,,
17180534,2,1,N,N,43,1GCGSCE35G1107644,2016,5,107,979,30,N,78610,1,2,6,2,6,2,2,12,N,DRIVEN FROM SCENE,DRIVEN FROM SCENE,N,,,,,,,,,,,,,,,,,,,,,,0,,,,,,,,,,1,1,0,0,0,1,0,0,0,,,,,,,,
17180534,3,1,N,N,43,KNADM5A38D6313325,2013,16,55,716,104,N,78640,1,1,6,3,6,,,,N,DRIVEN FROM SCENE,DRIVEN FROM SCENE,N,,,,,,,,,,,,,,,,,,,,,,0,,,,,,,,,,1,2,0,0,0,1,0,0,0,,,,,,,,
17180535,1,1,N,N,43,JN1CA31D1YT536577,2000,2,71,297,104,N,78610,1,1,2,7,11,3,7,11,Y,SPECIAL AUTOMOTIVE SERVICE INC,SPECIAL AUTOMOTIVE SERVICE INC,N,,,,,,,,,,,,,,,,,,,,,,20,,,,,,,,,,5,1,0,0,1,0,0,1,0,,,,,,,,
17180535,2,1,N,N,43,3TMJU4GN3DM153430,2013,2,91,629,30,N,78736,1,1,15,7,9,,,,Y,ARMADA TOWING,ARMADA TOWING,N,,,,,,,,,,,,,,,,,,,,,,0,,,,,,,,,,1,1,0,0,2,0,0,2,0,,,,,,,,
17180696,1,1,N,N,43,1FTBF2AT2BEC25151,2011,21,37,2325,30,N,78640,1,1,1,2,1,4,2,1,N,SPECIAL,5700 BURLESON RD,N,,,,,,,,,,,,,,,,,,,,,,0,,,,,,,,,,5,1,0,0,0,1,0,0,0,,,,,,,,
17181192,1,1,N,N,43,1HGCG1658XA059191,1999,21,44,236,104,N,79701,1,2,18,5,3,,,,Y,HARPER'S TOWING,"201 RALPH ABLENADO, AUSTIN, TX 78748",N,,,,,,,,,,,,,,,,,,,,,,43,61,,,,,,,,,3,1,0,3,0,0,0,3,0,,,,,,,,
17181532,1,1,N,N,43,1GNLCDEC6GR304896,2016,2,107,547,69,N,78626,4,,2,0,12,,,,N,,,N,,,,,,,,,,,,,,,,,,,,,,22,,,,,,,,,,2,1,0,0,0,1,0,0,0,,,,,,,,
17181532,2,1,N,N,43,1N4AL21E38N437304,2008,16,71,500,104,N,78633,1,1,5,0,6,,,,N,,,N,,,,,,,,,,,,,,,,,,,,,,0,,,,,,,,,,2,1,0,0,0,1,0,0,0,,,,,,,,
17181809,1,1,N,Y,43,1J4PN2GK4BW527472,2011,16,429,1181,69,N,,1,,2,5,12,,,,N,A-TEX TOWING,5526 1/2 W HWY 290,N,,,,,,,,,,,,,,,,,,,,,,20,,,,,,,,,,5,1,0,0,1,0,1,1,0,,,,,,,,
17181809,2,1,N,N,43,1GNKRFED9EJ341788,2014,21,107,60,69,N,75093,1,1,6,5,6,2,5,12,N,SPECIAL AUTOMOTIVE SERVICE INC,5526 1/2 W HWY 290,N,,,,,,,,,,,,,,,,,,,,,,0,,,,,,,,,,5,1,0,0,0,2,0,0,0,,,,,,,,
17181809,3,1,N,N,43,1FMZU67E71UA81990,2001,10,37,554,30,N,78741,2,,6,5,6,,,,N,NONE,,N,,,,,,,,,,,,,,,,,,,,,,0,,,,,,,,,,5,2,0,0,5,0,0,5,0,,,,,,,,
17183121,1,1,N,N,43,1HGCG16531A082790,2001,1,44,236,104,N,78653,2,,8,1,5,,,,N,,,N,,,,,,,,,,,,,,,,,,,,,,20,,,,,,,,,,11,1,0,0,0,3,0,0,0,,,,,,,,
17183121,2,1,N,N,43,4S9ADEUB6KB419338,2019,16,575,1080,23,Y,78702,4,,4,1,2,,,,N,,,N,,,,,,,,,,,,,,,,,,,,,,0,,,,,,,,,,11,1,0,0,0,1,0,0,0,,,,,,,,
17183122,1,1,N,N,43,3FADP4AJ5JM139041,2018,2,37,229,104,N,78130,1,1,8,3,4,,,,,BULLET TOWING,BULLET TOWING,N,,,,,,,,,,,,,,,,,,,,,,16,,,,,,,,,,7,1,0,0,0,1,0,0,0,,,,,,,,
17183122,2,1,N,N,43,3D4GG57V49T512145,2009,2,109,1166,104,N,78653,2,,2,3,12,,,,Y,ROCHAS TOWING SERVICE,ROCHAS TOWING SERVICE,N,,,,,,,,,,,,,,,,,,,,,,0,,,,,,,,,,3,1,0,1,0,0,0,1,0,,,,,,,,
17183123,1,1,N,N,43,1G1JF52F947142368,2004,2,107,300,104,N,78727,1,1,2,3,12,,,,Y,620 LAKESIDE TOWING,620 LAKESIDE TOWING,N,,,,,,,,,,,,,,,,,,,,,,,,,67,,,,,,,8,1,0,0,0,1,0,0,0,,,,,,,,
17183123,2,1,Y,N,43,1FMEU63E08UB32972,2008,21,37,554,69,N,78727,2,,,,,,,,,NOT TOWED,NOT TOWED,N,,,,,,,,,,,,,,,,,,,,,,0,,,,,,,,,,8,1,0,0,0,0,0,0,0,,,,,,,,
17183125,1,1,N,N,43,1N4AL3AP2FN326599,2015,9,71,500,104,N,78660,1,1,2,3,12,,,,,,,N,,,,,,,,,,,,,,,,,,,,,,20,,,,,,,,,,6,1,0,0,0,1,0,0,0,,,,,,,,
17183125,2,1,N,N,43,3GCRCSE06AG140473,2010,21,107,2202,30,N,78660,1,1,6,1,6,,,,,,,N,,,,,,,,,,,,,,,,,,,,,,0,,,,,,,,,,6,1,0,0,0,1,0,0,0,,,,,,,,
17183132,1,1,N,N,43,,2001,18,37,2324,30,N,,1,1,2,3,1,,,,Y,AVILES & GABES WRECKER SERVICE INC.,AVILES & GABES WRECKER SERVICE INC.,N,,,,,,,,,,,,,,,,,,,,,,0,,,,,,,,,,3,1,0,0,0,1,0,0,0,,,,,,,,
17183132,2,1,N,N,43,,2010,9,37,601,104,N,78758,2,,2,4,1,,,,Y,STARS TOWING,STARS TOWING,N,,,,,,,,,,,,,,,,,,,,,,0,,,,,,,,,,7,1,0,1,0,0,0,1,0,,,,,,,,
17183133,1,1,N,Y,43,3VW3L7AJ6CM420851,2012,21,96,316,104,N,78745,1,1,,,,,,,,,,N,,,,,,,,,,,,,,,,,,,,,,19,20,,,,,,,,,5,1,0,0,0,0,1,0,0,,,,,,,,
17183133,2,1,N,N,43,2HGFG11948H551193,2008,17,44,256,100,N,78746,1,1,6,1,6,,,,,,,N,,,,,,,,,,,,,,,,,,,,,,0,,,,,,,,,,5,1,0,0,1,0,0,1,0,,,,,,,,
17183134,1,1,N,Y,43,JTEBU5JR8G5388417,2016,2,91,395,69,N,78634,1,2,17,4,,18,4,,Y,620 LAKESIDE TOWING,620 LAKESIDE TOWING,N,,,,,,,,,,,,,,,,,,,,,,20,60,,67,,,,,,,4,1,0,0,0,1,0,0,0,,,,,,,,
17183135,1,1,N,N,43,5J6RW2H55JL003049,2018,18,44,107,69,N,78757,1,1,15,5,9,,,,N,EZ AUTO AND TOWING SERVICE,EZ AUTO AND TOWING SERVICE,N,,,,,,,,,,,,,,,,,,,,,,34,,,20,,,,,,,2,1,0,2,0,1,0,2,0,,,,,,,,
17183135,2,1,N,N,43,JS1GN7FA7G2100033,2018,16,88,4213,71,N,,1,1,2,6,12,,,,N,ARMADA TOWING,ARMADA TOWING,N,,,,,,,,,,,,,,,,,,,,,,0,,,,,,,,,,4,1,1,0,0,0,0,1,0,,,,,,,,
17183136,1,1,N,N,43,JHMFA36266S014854,2006,9,44,256,104,N,78758,1,1,1,4,12,,,,N,STARS TOWING,STARS TOWING,N,,,,,,,,,,,,,,,,,,,,,,37,,,,,,,,,,5,1,0,0,0,1,0,0,0,,,,,,,,
17183136,2,1,N,N,43,1N4AL3AP4FN337569,2015,2,71,500,104,N,78758,1,1,4,4,12,,,,N,620 LAKESIDE TOWING,620 LAKESIDE TOWING,N,,,,,,,,,,,,,,,,,,,,,,0,,,,,,,,,,1,1,0,1,0,1,0,1,0,,,,,,,,
17183137,1,1,N,N,43,1HGCS1B37CA004566,2012,2,44,236,104,N,78753,1,1,12,3,2,,,,N,,,N,,,,,,,,,,,,,,,,,,,,,,34,,,,,,,,,,2,1,0,0,0,1,0,0,0,,,,,,,,
17183137,2,1,N,N,43,2B3LA43G17H708145,2007,9,109,74,104,N,78660,1,1,2,5,12,,,,Y,ARMADA TOWING,ARMADA TOWING,N,,,,,,,,,,,,,,,,,,,,,,0,,,,,,,,,,6,1,0,0,0,1,0,0,0,,,,,,,,
17183139,1,1,N,N,43,1NXBR32E95Z567778,2005,17,91,173,104,N,78653,1,1,11,2,10,,,,N,620 LAKESIDE TOWING,620 LAKESIDE TOWING,N,,,,,,,,,,,,,,,,,,,,,,74,,,,,,,,,,1,1,0,0,0,0,1,0,0,,,,,,,,
17183140,1,1,N,N,3,1FDNF6CY1HDB72823,2017,21,37,814,106,N,78504,1,2,7,2,9,,,,N,,,N,,,,,,,,,,,,,,,,,,,,,,0,,,,,,,,,,11,1,0,0,0,1,0,0,0,,,,,,,,
17183140,2,1,N,N,43,1N4AA5AP5BC855889,2011,17,71,297,104,N,78748,1,2,3,3,10,,,,N,,,N,,,,,,,,,,,,,,,,,,,,,,0,,,,,,,,,,11,1,0,0,0,1,0,0,0,,,,,,,,
17183141,1,1,N,N,43,1FADP3K27GL383298,2016,2,37,696,104,N,,1,2,12,4,9,2,4,12,Y,SPECIAL AUTOMOTIVE SERVICE INC,TOW YARD,N,,,,,,,,,,,,,,,,,,,,,,0,,,,,,,,,,7,1,0,0,0,1,0,0,0,,,,,,,,
17183141,2,1,N,N,43,19UUB1F55HA010454,2017,9,1,2610,104,N,78701,1,2,2,4,12,,,,Y,620 LAKESIDE TOWING,TOW YARD,N,,,,,,,,,,,,,,,,,,,,,,0,,,,,,,,,,5,1,0,0,0,2,0,0,0,,,,,,,,
17183142,1,1,N,N,43,1GNEC13T8YJ164912,2000,9,107,547,69,N,78617,1,1,2,3,1,,,,Y,SPECIAL AUTOMOTIVE SERVICE INC,SPECIAL AUTOMOTIVE SERVICE INC,N,,,,,,,,,,,,,,,,,,,,,,20,,,,,,,,,,8,1,0,1,0,0,0,1,0,,,,,,,,
17183142,2,1,N,N,43,1HGCP2F75BA104281,2011,2,44,236,104,N,78725,1,1,4,3,3,7,2,9,Y,ROCHAS TOWING SERVICE,ROCHAS TOWING SERVICE,N,,,,,,,,,,,,,,,,,,,,,,0,,,,,,,,,,6,1,0,1,0,0,0,1,0,,,,,,,,
17183143,1,1,N,N,43,1GKDM19WXSB517482,1995,3,39,478,104,N,78745,1,1,2,0,12,,,,N,,,N,,,,,,,,,,,,,,,,,,,,,,0,,,,,,,,,,1,1,0,0,0,1,0,0,0,,,,,,,,
17183143,2,4,,,,,,,,,,,,,,,,,,,,,,,,,,,,,,,,,,,,,,,,,,,,,0,,,,,,,,,,9,1,0,0,1,0,0,1,0,,,,,,,,
17183144,1,1,N,N,43,KMHC75LC5HU040859,2017,3,45,377,104,N,78660,1,1,11,2,9,,,,N,EZ AUTO AND TOWING SERVICE,EZ AUTO AND TOWING SERVICE,N,,,,,,,,,,,,,,,,,,,,,,34,,,20,,,,,,,3,1,0,0,0,1,0,0,0,,,,,,,,
17183144,2,1,N,N,76,JYAVN05E2EA003720,2013,9,101,1558,71,N,78660,2,,2,1,12,,,,N,AVILES & GABES WRECKER SERVICE INC.,OWNERS RESIDENCE/REQUEST,N,,,,,,,,,,,,,,,,,,,,,,0,,,,,,,,,,5,1,0,1,0,0,0,1,0,,,,,,,,
17183145,1,1,N,N,43,1FADP3K24EL161492,2014,17,37,696,104,N,78703,1,2,1,1,12,,,,N,,,N,,,,,,,,,,,,,,,,,,,,,,34,,,,,,,,,,7,1,0,0,0,1,0,0,0,,,,,,,,
17183145,2,3,,,,,,,,,,,,,,,,,,,,,,,,,,,,,,,,,,,,,,,,,,,,,0,,,,,,,,,,9,1,0,1,0,0,0,1,0,,,,,,,,
17183146,1,1,N,N,43,5TDZK23C18S179953,2008,2,91,648,104,N,78745,1,2,1,5,12,,,,Y,EZ AUTO AND TOWING SERVICE,EZ AUTO AND TOWING SERVICE,N,,,,,,,,,,,,,,,,,,,,,,0,,,,,,,,,,1,1,0,0,0,1,0,0,0,,,,,,,,
17183146,2,1,N,Y,,,,,,,104,N,,,,,,,,,,,,,N,,,,,,,,,,,,,,,,,,,,,,0,,,,,,,,,,1,1,0,0,0,0,0,0,0,,,,,,,,
17183147,1,1,N,N,43,JTNBE46K173009580,2007,2,91,380,104,N,76660,2,,3,2,12,,,,N,,,N,,,,,,,,,,,,,,,,,,,,,,20,,,,,,,,,,6,1,0,0,0,1,0,0,0,,,,,,,,
17183147,2,1,N,N,43,5GZCZ53485S839600,2005,9,81,747,69,N,78660,2,,3,4,12,,,,Y,ARMADA TOWING,ARMADA TOWING,N,,,,,,,,,,,,,,,,,,,,,,20,,,,,,,,,,2,1,0,1,0,2,0,1,0,,,,,,,,
17183148,1,1,N,N,43,JN1CV6AP0BM302223,2011,2,47,466,104,N,78610,2,,2,3,12,,,,Y,,,N,,,,,,,,,,,,,,,,,,,,,,,,,19,67,,,,,,5,1,0,1,0,0,0,1,0,,,,,,,,
17183148,2,1,N,N,43,1J8GS48K57C617031,2007,2,429,1116,104,N,78744,1,2,17,5,9,,,,N,,,N,,,,,,,,,,,,,,,,,,,,,,0,,,,,,,,,,5,1,0,0,0,1,0,0,0,,,,,,,,
17183148,3,1,N,N,43,1NXBU4EE8AZ286582,2010,17,91,173,104,N,78744,1,2,1,1,12,,,,N,,,N,,,,,,,,,,,,,,,,,,,,,,0,,,,,,,,,,5,2,0,0,0,1,0,0,0,,,,,,,,
17183149,1,1,N,N,43,2G1WX15K319184274,2001,21,107,57,100,N,78617,1,1,4,3,4,,,,Y,,,N,,,,,,,,,,,,,,,,,,,,,,45,,,,,,,,,,6,1,0,3,0,0,0,3,0,,,,,,,,
17183150,1,1,N,N,43,1HGCP26799A153784,2009,17,44,236,104,N,78251,1,1,2,5,12,,,,Y,EZ AUTO AND TOWING SERVICE,EZ AUTO AND TOWING SERVICE,N,,,,,,,,,,,,,,,,,,,,,,44,,,,,,,,,,5,1,0,0,0,4,0,0,0,,,,,,,,
17183150,2,1,N,N,43,KNDPB3AC4F7743053,2015,21,55,575,104,N,78628,1,1,6,3,6,,,,N,,,N,,,,,,,,,,,,,,,,,,,,,,0,,,,,,,,,,5,1,0,0,0,1,0,0,0,,,,,,,,
17183150,3,1,N,N,43,1HGCM567X6A179994,2006,9,44,236,104,N,78552,1,1,6,1,,,,,N,,,N,,,,,,,,,,,,,,,,,,,,,,0,,,,,,,,,,5,2,0,0,0,1,0,0,0,,,,,,,,
17183151,1,1,N,Y,,,,9,96,316,104,N,,,,,,,,,,,,,N,,,,,,,,,,,,,,,,,,,,,,65,,,20,,,,,,,5,1,0,0,0,0,1,0,0,,,,,,,,
17183151,2,1,N,N,43,JN1EV7AP2KM515608,2019,21,47,2393,104,N,78722,1,1,3,1,10,,,,N,,,N,,,,,,,,,,,,,,,,,,,,,,0,,,,,,,,,,5,1,0,1,0,1,0,1,0,,,,,,,,
17183164,1,1,N,Y,43,5XYZU3LB3GG355811,2016,21,45,713,69,N,78735,1,1,,,,,,,N,,,N,,,,,,,,,,,,,,,,,,,,,,,,,64,,,,,,,1,1,0,0,0,0,1,0,0,,,,,,,,
17183164,2,1,N,N,43,1G1YM2D75G5108243,2016,3,107,50,100,N,78739,1,1,15,1,9,,,,N,,,N,,,,,,,,,,,,,,,,,,,,,,0,,,,,,,,,,7,1,0,0,0,1,0,0,0,,,,,,,,
17183165,1,1,N,N,43,2NKMHZ6X15M087449,2005,21,54,1533,0,N,75006,1,2,3,2,11,,,,N,DRIVEN,RESIDENCE,N,,,,,,,,,,,,,,,,,,,,,,4,,,41,,,,,,,5,1,0,0,0,1,0,0,0,,,,,,,,
17183165,2,1,N,N,43,JHMGD38677S057032,2007,16,44,1083,104,N,78602,1,2,8,4,5,,,,N,TOWED,RESIDENCE,N,,,,,,,,,,,,,,,,,,,,,,0,,,,,,,,,,5,1,0,0,0,1,0,0,0,,,,,,,,
17183166,1,1,N,N,43,5FNRL6H71JB034289,2018,21,44,571,103,N,78023,3,2,11,2,10,,,,N,,,N,,,,,,,,,,,,,,,,,,,,,,37,,,,,,,,,,7,1,0,0,0,1,0,0,0,,,,,,,,
17183166,2,1,N,N,43,2T1LR32EX6C558465,2006,3,91,1208,69,N,78613,1,2,2,2,12,,,,N,ARMADA TOWING,ARMADA TOWING,N,,,,,,,,,,,,,,,,,,,,,,0,,,,,,,,,,1,1,0,0,0,1,0,0,0,,,,,,,,
17183167,1,1,N,N,43,1N4AL21E47C233315,2007,17,71,500,104,N,78723,2,,15,1,8,,,,Y,AVILES & GABES WRECKER SERVICE INC.,OWNERS RESIDENCE/REQUEST,N,,,,,,,,,,,,,,,,,,,,,,65,66,20,,,,,,,,2,1,0,0,0,1,0,0,0,,,,,,,,
17183167,2,1,N,N,43,KNDCC3LC1H5064302,2017,21,55,611,104,N,78725,1,2,4,1,1,,,,Y,ROCHAS TOWING SERVICE,ROCHAS TOWING SERVICE,N,,,,,,,,,,,,,,,,,,,,,,0,,,,,,,,,,2,1,0,0,1,1,0,1,0,,,,,,,,
17183168,1,1,N,N,43,KMHDH4AE6DU492202,2013,3,45,480,104,N,75454,1,2,3,5,10,,,,N,,,N,,,,,,,,,,,,,,,,,,,,,,66,,,,,,,,,,11,1,0,0,0,2,0,0,0,,,,,,,,
17183168,2,1,N,N,43,NMTKHMBX6JR060039,2018,11,91,178,69,N,78717,2,,4,4,10,,,,N,SPECIAL AUTOMOTIVE SERVICE INC,SPECIAL AUTOMOTIVE SERVICE INC,N,,,,,,,,,,,,,,,,,,,,,,0,,,,,,,,,,11,1,0,0,0,1,0,0,0,,,,,,,,
17183169,1,1,N,N,43,1C3CDFBBXFD265632,2015,3,109,78,104,N,78634,1,1,4,1,12,,,,N,,,N,,,,,,,,,,,,,,,,,,,,,,0,,,,,,,,,,2,1,0,0,0,1,0,0,0,,,,,,,,
17183169,2,1,N,N,43,KMHTC6ADXGU278010,2016,3,45,2381,100,N,,2,,7,3,6,,,,N,620 LAKESIDE TOWING,620 LAKESIDE TOWING,N,,,,,,,,,,,,,,,,,,,,,,0,,,,,,,,,,2,1,0,1,0,0,0,1,0,,,,,,,,
17183170,1,1,N,Y,43,1FMZU63EX2UA01363,2002,16,37,554,104,N,78653,1,2,6,1,6,,,,N,,,N,,,,,,,,,,,,,,,,,,,,,,74,,,,,,,,,,7,1,0,0,0,0,1,0,0,,,,,,,,
17183170,2,1,N,N,43,1VWDT7A39HC031278,2017,2,96,473,104,N,78752,1,2,1,4,12,,,,Y,SPECIAL AUTOMOTIVE SERVICE INC,SPECIAL AUTOMOTIVE SERVICE INC,N,,,,,,,,,,,,,,,,,,,,,,0,,,,,,,,,,3,1,0,0,0,1,0,0,0,,,,,,,,
17183171,1,1,N,N,43,1FTRW12W17KC46812,2007,17,37,602,30,N,48307,2,,3,2,2,,,,Y,620 LAKESIDE TOWING,620 LAKESIDE TOWING,N,,,,,,,,,,,,,,,,,,,,,,77,20,,60,,,,,,,2,1,0,0,0,1,0,0,0,,,,,,,,
17183172,1,1,N,N,43,1B3EL36X43N570899,2003,17,109,551,104,N,78753,1,2,2,3,12,,,,N,NOT TOWED,NOT TOWED,N,,,,,,,,,,,,,,,,,,,,,,20,,,,,,,,,,5,1,0,0,0,1,0,0,0,,,,,,,,
17183172,2,1,N,N,43,3C6TRVPG3FE518016,2015,5,710,4101,103,N,21152,1,2,6,4,6,,,,N,ARMADA TOWING,ARMADA TOWING,N,,,,,,,,,,,,,,,,,,,,,,0,,,,,,,,,,5,1,0,1,2,2,0,3,0,,,,,,,,
17183173,1,1,N,N,43,5TETX62N49Z628936,2009,16,91,629,30,N,78613,1,2,1,4,12,,,,N,,,N,,,,,,,,,,,,,,,,,,,,,,16,,,20,,,,,,,6,1,0,0,0,1,0,0,0,,,,,,,,
17183173,2,1,N,N,43,1GNEK13Z84R132190,2004,21,107,547,69,N,,1,2,16,5,3,,,,Y,,,N,,,,,,,,,,,,,,,,,,,,,,0,,,,,,,,,,2,1,0,0,0,1,0,0,0,,,,,,,,
17183174,1,1,N,N,42,4V4NC9EG4JN996967,2020,16,98,185,87,N,38502,1,2,,0,,,,,N,,,Y,Y,N,N,1,2,78664,9,74000,0,N,,,,,3,18,,,,,,3,48,,,,,,,,,8,1,0,0,0,1,0,0,0,N,0,,,,,N,
17183174,2,6,,,,,,,,,,,38501,,,,,,,,,,,,,,,,,,,,,,,,,,,,,,,,,,0,,,,,,,,,,9,2,0,0,0,0,0,0,0,,,80000,0,1,N,,
17183175,1,1,N,N,1,1C4PJLLBXKD316205,2019,17,429,970,104,Y,78704,1,2,16,4,3,,,,N,ROCHAS TOWING SERVICE,ROCHAS TOWING SERVICE,N,,,,,,,,,,,,,,,,,,,,,,,,,20,15,,,,,,1,1,0,0,0,3,0,0,0,,,,,,,,
17183175,2,1,N,N,43,1G6DU57V290147621,2009,3,106,728,104,Y,78744,2,,2,5,12,,,,N,HARPERS TOWING SERVICE INC,HARPERS TOWING SERVICE INC,N,,,,,,,,,,,,,,,,,,,,,,0,,,,,,,,,,7,1,0,1,0,1,0,1,0,,,,,,,,
17183176,1,1,N,N,43,KMHDU46D07U049611,2007,16,45,480,104,N,78724,1,2,10,3,9,,,,N,EZ AUTO AND TOWING SERVICE,EZ AUTO AND TOWING SERVICE,N,,,,,,,,,,,,,,,,,,,,,,35,,,,,,,,,,7,1,0,0,0,1,0,0,0,,,,,,,,
17183176,2,1,N,N,43,JS1VP53A582100897,2008,2,88,626,71,N,,1,2,26,1,,,,,N,EZ AUTO AND TOWING SERVICE,EZ AUTO AND TOWING SERVICE,N,,,,,,,,,,,,,,,,,,,,,,0,,,,,,,,,,7,1,0,1,0,0,0,1,0,,,,,,,,
17183177,1,1,N,N,43,1HGCP2F7XCA124978,2012,9,44,236,104,N,78753,1,2,2,1,12,,,,N,,,N,,,,,,,,,,,,,,,,,,,,,,0,,,,,,,,,,3,1,0,0,0,1,0,0,0,,,,,,,,