Crash_ID,Unit_Nbr,Unit_Desc_ID,Veh_Parked_Fl,Veh_HNR_Fl,Veh_Lic_State_ID,VIN,Veh_Mod_Year,Veh_Color_ID,Veh_Make_ID,Veh_Mod_ID,Veh_Body_Styl_ID,Emer_Respndr_Fl,Ownr_Zip,Fin_Resp_Proof_ID,Fin_Resp_Type_ID,Veh_Dmag_Area_1_ID,Veh_Dmag_Scl_1_ID,Force_Dir_1_ID,Veh_Dmag_Area_2_ID,Veh_Dmag_Scl_2_ID,Force_Dir_2_ID,Veh_Inventoried_Fl,Veh_Transp_Name,Veh_Transp_Dest,Veh_Cmv_Fl,Cmv_Fiveton_Fl,Cmv_Hazmat_Fl,Cmv_Nine_Plus_Pass_Fl,Cmv_Veh_Oper_ID,Cmv_Carrier_ID_Type_ID,Cmv_Carrier_Zip,Cmv_Veh_Type_ID,Cmv_GVWR,Cmv_RGVW,Cmv_Hazmat_Rel_Fl,Hazmat_Cls_1_ID,Hazmat_IDNbr_1_ID,Hazmat_Cls_2_ID,Hazmat_IDNbr_2_ID,Cmv_Cargo_Body_ID,Cmv_Evnt1_ID,Cmv_Evnt2_ID,Cmv_Evnt3_ID,Cmv_Evnt4_ID,Cmv_Tot_Axle,Cmv_Tot_Tire,Contrib_Factr_1_ID,Contrib_Factr_2_ID,Contrib_Factr_3_ID,Contrib_Factr_P1_ID,Contrib_Factr_P2_ID,Veh_Dfct_1_ID,Veh_Dfct_2_ID,Veh_Dfct_3_ID,Veh_Dfct_P1_ID,Veh_Dfct_P2_ID,Veh_Trvl_Dir_ID,First_Harm_Evt_Inv_ID,Sus_Serious_Injry_Cnt,Nonincap_Injry_Cnt,Poss_Injry_Cnt,Non_Injry_Cnt,Unkn_Injry_Cnt,Tot_Injry_Cnt,Death_Cnt,Cmv_Disabling_Damage_Fl,Cmv_Bus_Type_ID,Trlr_GVWR,Trlr_RGVW,Trlr_Type_ID,Trlr_Disabling_Dmag_ID,Cmv_Intermodal_Container_Permit_Fl,CMV_Actual_Gross_Weight
17184126,2,1,Y,N,43,3GCRCSE02AG109561,2010,9,107,2202,30,N,78741,2,,13,3,10,,,,N,STAYED AT THE SCENE,STAYED AT THE SCENE,N,,,,,,,,,,,,,,,,,,,,,,0,,,,,,,,,,7,1,0,0,0,0,0,0,0,,,,,,,,
17184127,1,1,N,N,43,KMHDC8AE1BU111391,2011,16,45,3562,104,N,78744,1,2,1,3,12,,,,N,,,N,,,,,,,,,,,,,,,,,,,,,,0,,,,,,,,,,1,1,0,0,0,1,0,0,0,,,,,,,,
17184127,2,4,,,,,,,,,,,,,,,,,,,,,,,,,,,,,,,,,,,,,,,,,,,,,0,,,,,,,,,,9,1,1,0,0,0,0,1,0,,,,,,,,
17184128,1,1,N,Y,113,,,,,,0,N,,,,,,,,,,,,,N,,,,,,,,,,,,,,,,,,,,,,0,,,,,,,,,,5,1,0,0,0,0,1,0,0,,,,,,,,
17184128,2,1,N,N,43,3CZRU5H55JG705439,2018,10,44,107,69,N,78723,1,2,3,2,11,,,,N,STARS TOWING,STARS TOWING,N,,,,,,,,,,,,,,,,,,,,,,0,,,,,,,,,,5,1,0,0,0,1,0,0,0,,,,,,,,
17184129,1,1,N,N,43,1N4DL01D81C167089,2001,19,71,500,104,N,78753,1,2,2,2,12,,,,N,,,N,,,,,,,,,,,,,,,,,,,,,,44,,,,,,,,,,5,1,0,0,0,1,0,0,0,,,,,,,,
17184129,2,1,N,N,43,KMHD74LF7HU108443,2017,17,45,480,104,N,78665,1,2,6,2,6,,,,N,,,N,,,,,,,,,,,,,,,,,,,,,,0,,,,,,,,,,5,1,0,0,0,1,0,0,0,,,,,,,,
17184130,1,1,N,N,43,2HGFG12676H558642,2006,9,44,256,100,N,78642,1,1,2,3,12,,,,Y,AUS-TEX AUTO ENTERPRISES LLC,AUSTIN EXPRESS TOWING INC.,N,,,,,,,,,,,,,,,,,,,,,,20,,,,,,,,,,1,1,0,0,0,1,0,0,0,,,,,,,,
17184130,2,1,N,N,9,1G1ZD5STXKF162324,2019,2,107,53,104,N,,1,2,6,4,6,,,,Y,AUS-TEX AUTO ENTERPRISES LLC,AUS-TEX AUTO ENTERPRISES LLC,N,,,,,,,,,,,,,,,,,,,,,,0,,,,,,,,,,1,1,0,0,0,2,0,0,0,,,,,,,,
17184130,3,1,N,N,43,5TFEM5F13EX077662,2014,2,91,687,106,N,78717,1,1,6,1,6,,,,,,,N,,,,,,,,,,,,,,,,,,,,,,0,,,,,,,,,,1,2,0,0,0,1,0,0,0,,,,,,,,
17184132,1,1,N,N,43,KMHDH4AE6CU256678,2012,3,45,480,104,N,78736,1,1,3,1,11,,,,N,ATX-VIP TOWING SERVICES,ATX-VIP TOWING SERVICES,N,,,,,,,,,,,,,,,,,,,,,,20,,,,,,,,,,7,1,0,0,0,1,0,0,0,,,,,,,,
17184132,2,1,N,N,43,3MZBM1U7XFM173165,2015,3,63,1210,104,N,78626,1,1,4,2,2,,,,N,,,N,,,,,,,,,,,,,,,,,,,,,,0,,,,,,,,,,7,1,0,0,0,1,0,0,0,,,,,,,,
17184133,1,1,N,N,43,1FTRW07L23KD87875,2015,9,37,602,30,N,78753,1,2,11,2,10,3,2,11,,AVILES & GABES WRECKER SERVICE INC.,4868 E YAGER LN,N,,,,,,,,,,,,,,,,,,,,,,23,,,,,,,,,,5,1,0,0,0,1,0,0,0,,,,,,,,
17184134,1,1,N,Y,43,UNKNOWN,,99,208,763,87,N,,2,,,,,,,,N,,,Y,Y,N,N,,,,9,0,80000,N,,,,,5,13,,,,,,4,,,,,,,,,,4,2,0,0,0,0,1,0,0,N,0,,,,,N,
17184134,2,6,,,,,,,,,,,,,,,,,,,,,,,,,,,,,,,,,,,,,,,,,,,,,0,,,,,,,,,,9,2,0,0,0,0,0,0,0,,,0,10000,2,N,,
17184134,3,1,N,N,43,JT4VD12F5S0013024,1995,9,91,517,30,N,78733,1,2,10,2,5,3,2,11,Y,LAMONT & SONS,LAMONT & SONS,N,,,,,,,,,,,,,,,,,,,,,,0,,,,,,,,,,4,1,0,0,0,1,0,0,0,,,,,,,,
17184135,1,1,N,N,43,JH2RC44F93M100350,2003,7,44,3461,71,N,78717,1,1,26,1,,,,,N,ARMADA TOWING,ARMADA TOWING,N,,,,,,,,,,,,,,,,,,,,,,74,,,,,,,,,,2,1,1,0,0,0,0,1,0,,,,,,,,
17184136,1,1,N,N,43,1HGCG55651A033463,2001,3,44,236,104,N,78702,2,,2,1,12,,,,,,,N,,,,,,,,,,,,,,,,,,,,,,20,,,,,,,,,,1,1,0,0,0,1,0,0,0,,,,,,,,
17184136,2,1,N,N,43,1FT7W2B62GEA99878,2016,2,37,2325,105,Y,,1,7,,,,,,,,,,N,,,,,,,,,,,,,,,,,,,,,,0,,,,,,,,,,1,1,0,0,0,1,0,0,0,,,,,,,,
17184137,1,1,N,N,43,1GCEC14X35Z204630,2005,2,107,658,30,N,,1,2,14,1,5,,,,,,,N,,,,,,,,,,,,,,,,,,,,,,20,4,,,,,,,,,1,1,0,0,0,1,0,0,0,,,,,,,,
17184137,2,1,N,N,43,5N1AT2MTXKC732810,2019,9,71,1310,69,N,78721,1,2,11,1,10,16,1,3,,SOUTHSIDE WRECKER INC,8200 S. CONGRESS AVE,N,,,,,,,,,,,,,,,,,,,,,,0,,,,,,,,,,1,1,0,0,1,0,0,1,0,,,,,,,,
17184138,1,1,N,N,43,3C7WRKCL7GG251642,2016,22,109,2873,9,N,78702,1,2,7,0,8,,,,N,N/A,,N,,,,,,,,,,,,,,,,,,,,,,41,,,,,,,,,,1,1,0,0,0,5,0,0,0,,,,,,,,
17184138,2,1,N,N,43,2T3ZF4DV7BW067860,2011,17,91,581,69,N,,1,2,12,2,3,,,,N,N/A,,N,,,,,,,,,,,,,,,,,,,,,,0,,,,,,,,,,1,1,0,0,0,1,0,0,0,,,,,,,,
17184139,1,1,N,N,43,1FTEW1CP4KKC84534,2019,9,37,2324,30,N,78640,1,2,8,3,4,4,2,2,N,EZ AUTO AND TOWING SERVICE,EZ AUTO AND TOWING SERVICE,N,,,,,,,,,,,,,,,,,,,,,,4,,,,,,,,,,8,1,0,0,0,1,0,0,0,,,,,,,,
17184139,2,1,N,N,43,1HTMMAAL7EJ482670,2014,21,48,3586,106,N,,1,3,2,2,10,,,,N,NO TOWED,N/N,N,,,,,,,,,,,,,,,,,,,,,,0,,,,,,,,,,8,1,0,0,0,1,0,0,0,,,,,,,,
17184162,1,1,N,N,43,3D73Y3CL9BG589650,2011,21,109,2281,30,N,78644,1,2,13,2,9,,,,N,N/A,N/A,N,,,,,,,,,,,,,,,,,,,,,,0,,,,,,,,,,7,1,0,0,0,1,0,0,0,,,,,,,,
17184162,2,4,,,,,,,,,,,,,,,,,,,,,,,,,,,,,,,,,,,,,,,,,,,,,59,74,,,,,,,,,9,1,0,1,0,0,0,1,0,,,,,,,,
17184163,1,1,N,N,43,1FTFW1CT5EKD04456,2014,2,37,2324,30,N,78735,1,2,2,4,12,6,3,6,N,ATX-VIP TOWING SERVICES,ATX-VIP TOWING SERVICES,N,,,,,,,,,,,,,,,,,,,,,,44,,,,,,,,,,5,1,0,0,0,1,0,0,0,,,,,,,,
17184163,2,1,N,N,43,1GNFC13J77R187035,2007,16,107,547,69,N,78660,1,2,6,3,6,,,,N,ALBERTS TOWING SOUTH,,N,,,,,,,,,,,,,,,,,,,,,,0,,,,,,,,,,5,1,0,0,1,0,0,1,0,,,,,,,,
17184163,3,1,N,N,43,1FMJK1K52AEB53430,2010,17,37,601,69,N,78702,1,2,2,4,12,,,,N,ARMADA TOWING,ARMADA TOWING,N,,,,,,,,,,,,,,,,,,,,,,44,,,,,,,,,,5,2,0,0,1,0,0,1,0,,,,,,,,
17184164,1,1,N,N,43,5TDZK3EH6DS104139,2013,21,91,721,69,N,78750,1,2,12,1,3,,,,N,,,N,,,,,,,,,,,,,,,,,,,,,,4,,,,,,,,,,4,1,0,0,0,1,0,0,0,,,,,,,,
17184164,2,1,N,N,43,2G1FF1E32F9180428,2015,17,107,46,100,N,78759,1,2,13,1,9,,,,N,,,N,,,,,,,,,,,,,,,,,,,,,,0,,,,,,,,,,4,1,0,0,0,1,0,0,0,,,,,,,,
17184165,1,1,N,N,,1T0310ELTJG333316,2005,22,52,3663,101,N,78701,4,,11,1,9,,,,N,DRIVEN FROM SCENE,DRIVEN FROM SCENE,N,,,,,,,,,,,,,,,,,,,,,,0,,,,,,,,,,5,1,0,0,0,1,0,0,0,,,,,,,,
17184165,2,1,Y,N,43,JTEEP21A550115457,2005,21,91,721,69,N,78640,1,2,11,1,9,,,,N,RELEASED TO OWNER,RELEASED TO OWNER,N,,,,,,,,,,,,,,,,,,,,,,0,,,,,,,,,,5,1,0,0,0,1,0,0,0,,,,,,,,
17184166,1,1,N,N,43,JM3TB3CV9C0337049,2012,3,63,1009,104,N,78741,1,1,3,6,12,1,5,12,,STARS TOWING,"15500 CONNIE ST, AUSTIN TX 78728",N,,,,,,,,,,,,,,,,,,,,,,16,,,,,,,,,,3,1,0,0,0,1,0,0,0,,,,,,,,
17184166,2,1,N,N,43,JTDZN3EU1FJ022209,2015,18,91,702,104,N,78723,1,1,,,,,,,,EZ AUTO AND TOWING SERVICE,"1830 OAK HILL LN, AUSTIN TX 78744",N,,,,,,,,,,,,,,,,,,,,,,0,,,,,,,,,,1,1,0,0,1,0,0,1,0,,,,,,,,
17184167,1,1,N,N,43,3FADP4BJ4BM193494,2011,21,37,229,104,N,76574,2,,2,3,12,,,,,EZ AUTO AND TOWING SERVICE,EZ AUTO AND TOWING SERVICE,N,,,,,,,,,,,,,,,,,,,,,,44,,,,,,,,,,1,1,0,0,0,1,0,0,0,,,,,,,,
17184167,2,1,N,N,43,5J6TF1H38AL006512,2010,21,44,3294,104,N,78745,1,2,6,2,6,,,,,,,N,,,,,,,,,,,,,,,,,,,,,,0,,,,,,,,,,1,1,0,0,1,0,0,1,0,,,,,,,,
17184168,1,1,N,N,43,KNMAT2MT8JP584801,2018,2,71,1310,69,N,78617,1,2,1,1,12,,,,,,,N,,,,,,,,,,,,,,,,,,,,,,34,,,,,,,,,,2,1,0,0,0,1,0,0,0,,,,,,,,
17184168,2,3,,,,,,,,,,,,,,,,,,,,,,,,,,,,,,,,,,,,,,,,,,,,,0,,,,,,,,,,9,1,0,1,0,0,0,1,0,,,,,,,,
17184169,1,1,N,N,43,KNDMB5C13F6059143,2015,2,55,739,104,N,78745,1,2,12,2,4,,,,N,HARPERS TOWING SERVICE INC,HARPERS TOWING SERVICE INC,N,,,,,,,,,,,,,,,,,,,,,,33,,,,,,,,,,3,1,0,0,3,1,0,3,0,,,,,,,,
17184169,2,1,N,N,43,2GNALDEC1B1280841,2011,17,107,1048,104,N,78745,1,2,11,2,10,,,,N,SOUTHSIDE WRECKER INC,8200 S. CONGRESS AVE,N,,,,,,,,,,,,,,,,,,,,,,0,,,,,,,,,,3,1,0,0,1,1,0,1,0,,,,,,,,
17184170,1,1,N,N,43,1C4PJLAS9HW593122,2017,16,429,970,69,N,78748,1,2,,,,,,,N,,,N,,,,,,,,,,,,,,,,,,,,,,34,,,,,,,,,,3,1,0,0,0,1,0,0,0,,,,,,,,
17184170,2,3,,,,,,,,,,,,,,,,,,,,,,,,,,,,,,,,,,,,,,,,,,,,,0,,,,,,,,,,9,1,0,1,0,0,0,1,0,,,,,,,,
17184171,1,1,N,N,43,2FMDK4KC3DBA64592,2013,17,37,1035,69,N,78758,1,2,7,2,7,13,2,7,,ROCHAS TOWING SERVICE,ROCHAS TOWING SERVICE,N,,,,,,,,,,,,,,,,,,,,,,20,34,,,,,,,,,3,1,0,0,0,1,0,0,0,,,,,,,,
17184171,2,1,N,N,43,2B5WB35Z21K526488,2001,9,109,1296,103,N,78723,1,2,3,2,11,,,,,EZ AUTO AND TOWING SERVICE,EZ AUTO AND TOWING SERVICE,N,,,,,,,,,,,,,,,,,,,,,,0,,,,,,,,,,5,1,0,0,0,2,0,0,0,,,,,,,,
17184172,1,1,N,N,43,1C4RJFBG9KC668320,2019,21,429,1116,104,N,78701,1,2,2,3,12,,,,N,,,N,,,,,,,,,,,,,,,,,,,,,,0,,,,,,,,,,5,1,0,0,0,1,0,0,0,,,,,,,,
17184172,2,1,N,N,43,,2019,17,107,56,104,N,76548,1,2,6,3,6,2,2,12,N,SOUTHSIDE WRECKER INC,8200 S. CONGRESS AVE,N,,,,,,,,,,,,,,,,,,,,,,0,,,,,,,,,,5,1,0,0,0,1,0,0,0,,,,,,,,
17184172,3,1,N,N,43,JM3TB2CA9D0410980,2013,17,63,1009,104,N,76543,1,2,6,2,6,2,2,12,N,,,N,,,,,,,,,,,,,,,,,,,,,,0,,,,,,,,,,5,2,0,0,0,1,0,0,0,,,,,,,,
17184172,4,1,N,N,43,5TBRT58157S452177,2007,17,91,687,30,N,78666,1,2,6,1,6,,,,N,,,N,,,,,,,,,,,,,,,,,,,,,,0,,,,,,,,,,5,2,0,0,0,1,0,0,0,,,,,,,,
17184224,1,1,N,N,43,KNAGM4A71F5572077,2015,17,55,715,104,N,78653,2,,3,3,11,,,,N,TRI-CITY TOWING: 512-800-3018,"1415  CENTRAL COMMERCE CT,  ROUND ROCK 7",N,,,,,,,,,,,,,,,,,,,,,,19,,,77,,,,,,,3,1,0,0,0,1,0,0,0,,,,,,,,
17184741,1,1,N,N,43,4S3GTAC62K3700115,2019,9,85,516,104,N,78734,1,2,5,3,6,,,,N,,,N,,,,,,,,,,,,,,,,,,,,,,0,,,,,,,,,,5,1,0,0,1,0,0,1,0,,,,,,,,
17184741,2,1,N,N,43,2G1WA5EK6A1252848,2010,18,107,53,104,N,78656,1,2,1,5,12,,,,N,,,N,,,,,,,,,,,,,,,,,,,,,,22,,,19,,,,,,,5,1,0,0,0,2,0,0,0,,,,,,,,
17184898,1,1,N,N,43,JTHBE1BLXD5010050,2013,17,58,1128,104,N,78746,1,1,1,4,12,,,,,,,N,,,,,,,,,,,,,,,,,,,,,,20,,,,,,,,,,11,1,0,0,0,1,0,0,0,,,,,,,,
17184898,2,1,N,N,43,3N1AB7AP1JL626022,2018,17,71,341,104,N,,1,1,4,7,,,,,,CLARK AUTO CARE,CLARK AUTO CARE,N,,,,,,,,,,,,,,,,,,,,,,0,,,,,,,,,,11,1,0,1,0,1,0,1,0,,,,,,,,
17184898,3,1,N,N,43,1G11C5SA2GF154563,2016,21,107,56,104,N,78735,1,1,7,4,7,,,,N,,,N,,,,,,,,,,,,,,,,,,,,,,20,,,,,,,,,,11,2,0,0,0,1,0,0,0,,,,,,,,
17184899,1,1,N,N,43,2GNALAEK4F1113918,2015,2,107,1048,104,N,78727,2,,8,3,5,15,3,9,Y,AUS-TEX AUTO ENTERPRISES LLC,AUS-TEX AUTO ENTERPRISES LLC,N,,,,,,,,,,,,,,,,,,,,,,67,,,,,12,,,,,5,1,0,0,0,2,0,0,0,,,,,,,,
17184901,1,1,N,Y,43,1FAHP35N28W183162,2008,3,37,696,104,N,76543,2,,2,3,12,,,,Y,AVILES AND GABES,TOW YARD,N,,,,,,,,,,,,,,,,,,,,,,0,,,,,,,,,,5,1,0,0,0,0,0,0,0,,,,,,,,
17184901,2,1,N,N,43,JTMH1RFV6KJ005112,2019,9,91,581,69,N,78757,1,2,5,1,6,,,,N,,,N,,,,,,,,,,,,,,,,,,,,,,0,,,,,,,,,,5,1,0,0,1,0,0,1,0,,,,,,,,
17184902,1,1,N,Y,43,JS2RE9A81C6100259,2012,9,88,2557,104,N,78744,1,2,2,2,12,,,,N,SOUTHSIDE WRECKER INC,8200 S. CONGRESS AVE,N,,,,,,,,,,,,,,,,,,,,,,74,,,,,,,,,,3,1,0,0,0,1,0,0,0,,,,,,,,
17184902,2,4,,,,,,,,,,,,,,,,,,,,,,,,,,,,,,,,,,,,,,,,,,,,,0,,,,,,,,,,9,1,1,0,0,0,0,1,0,,,,,,,,
17184903,1,1,N,N,14,11111111111111111,2019,21,37,101,106,N,78109,1,2,5,0,6,,,,N,,,N,,,,,,,,,,,,,,,,,,,,,,74,,,,,,,,,,1,1,0,0,0,2,0,0,0,,,,,,,,
17184903,2,1,N,N,43,,2017,16,37,696,104,N,78640,1,2,1,1,11,,,,N,,,N,,,,,,,,,,,,,,,,,,,,,,74,,,,,,,,,,1,1,0,0,0,3,0,0,0,,,,,,,,
17184903,3,1,N,N,43,1FT7W2A61FED72664,2015,21,37,2325,30,N,78258,1,2,1,0,12,,,,N,,,N,,,,,,,,,,,,,,,,,,,,,,0,,,,,,,,,,1,2,0,0,0,4,0,0,0,,,,,,,,
17184903,4,6,,,,,,,,,,,78258,,,,,,,,,,,,,,,,,,,,,,,,,,,,,,,,,,0,,,,,,,,,,9,2,0,0,0,0,0,0,0,,,,,,,,
17184903,5,1,N,Y,43,,,,,,106,N,,,,,,,,,,,,,N,,,,,,,,,,,,,,,,,,,,,,0,,,,,,,,,,1,2,0,0,0,0,0,0,0,,,,,,,,
17184905,1,1,N,N,43,1FTFX1EF4DFC03081,2013,21,37,2324,30,N,78620,1,1,2,1,12,,,,N,,,N,,,,,,,,,,,,,,,,,,,,,,37,,,,,,,,,,3,1,0,0,0,1,0,0,0,,,,,,,,
17184905,2,1,N,N,43,JTDDR32T210073890,2001,3,91,172,100,N,78641,1,1,11,5,11,3,4,12,Y,A-TEX TOWING,A-TEX TOWING,N,,,,,,,,,,,,,,,,,,,,,,0,,,,,,,,,,7,1,0,0,0,1,0,0,0,,,,,,,,
17184906,1,1,N,N,43,1HD1GPW104K329685,2004,2,42,3180,71,N,78723,1,2,26,1,,,,,,,,N,,,,,,,,,,,,,,,,,,,,,,41,,,,,,,,,,5,1,0,1,0,0,0,1,0,,,,,,,,
17184907,1,1,N,N,43,4T1BE32K24U854282,2004,18,91,380,104,N,78750,1,2,2,5,12,,,,N,STARS TOWING,STARS TOWING,N,,,,,,,,,,,,,,,,,,,,,,74,,,,,,,,,,7,1,0,0,1,0,0,1,0,,,,,,,,
17184907,2,1,N,N,43,1YVGF22C925292764,2002,18,63,507,104,N,78660,1,2,7,1,7,,,,N,,,N,,,,,,,,,,,,,,,,,,,,,,0,,,,,,,,,,7,1,0,0,0,1,0,0,0,,,,,,,,
17184907,3,1,N,N,43,5YFBURHE9GP521896,2016,2,91,173,104,N,78759,1,2,6,1,6,,,,N,,,N,,,,,,,,,,,,,,,,,,,,,,0,,,,,,,,,,7,2,0,0,0,1,0,0,0,,,,,,,,
17184909,1,1,N,N,43,1D7HA18248J162091,2008,21,109,82,30,N,78728,1,2,10,2,3,,,,N,ATX-VIP TOWING SERVICES,ATX-VIP TOWING SERVICES,N,,,,,,,,,,,,,,,,,,,,,,,,,4,20,,,,,,5,1,0,0,2,0,0,2,0,,,,,,,,
17184909,2,1,N,N,43,1C4RJFJT5GC410480,2016,21,429,1116,104,N,76401,1,2,11,2,9,,,,N,EZ AUTO AND TOWING SERVICE,EZ AUTO AND TOWING SERVICE,N,,,,,,,,,,,,,,,,,,,,,,0,,,,,,,,,,5,1,0,0,0,2,0,0,0,,,,,,,,
17184910,1,1,N,N,43,JHMGD386X7S012067,2007,13,44,1083,104,N,78724,1,2,2,3,12,,,,,,,N,,,,,,,,,,,,,,,,,,,,,,20,,,,,,,,,,5,1,0,0,0,1,0,0,0,,,,,,,,
17184910,2,1,N,N,43,1FMYU02194KA89991,2004,16,37,711,104,N,78745,1,2,8,2,6,,,,Y,AVILES & GABES WRECKER SERVICE INC.,AVILES & GABES WRECKER SERVICE INC.,N,,,,,,,,,,,,,,,,,,,,,,0,,,,,,,,,,3,1,0,0,0,1,0,0,0,,,,,,,,
17184911,1,1,N,N,43,4T4BF1FK4FR476339,2015,17,91,380,104,N,78717,1,2,2,3,12,,,,Y,620 LAKESIDE TOWING,620 LAKESIDE TOWING,N,,,,,,,,,,,,,,,,,,,,,,35,,,,,,,,,,1,1,0,0,0,1,0,0,0,,,,,,,,
17184911,2,1,N,N,43,5FNRL5H61FB073375,2015,9,44,571,103,N,78717,1,2,16,3,3,,,,Y,620 LAKESIDE TOWING,620 LAKESIDE TOWING,N,,,,,,,,,,,,,,,,,,,,,,0,,,,,,,,,,3,1,0,0,2,0,0,2,0,,,,,,,,
17184912,1,1,N,N,43,JTDBT923681192882,2008,9,91,1477,104,N,78758,1,2,3,4,11,,,,N,,,N,,,,,,,,,,,,,,,,,,,,,,0,,,,,,,,6,,4,1,0,0,1,0,0,1,0,,,,,,,,
17184912,2,1,N,N,43,5TDXK3DC7BS092478,2011,21,91,648,104,N,78758,1,2,8,3,5,,,,Y,STARS TOWING,STARS TOWING,N,,,,,,,,,,,,,,,,,,,,,,0,,,,,,,,,,4,1,0,0,1,1,0,1,0,,,,,,,,
17184913,1,1,N,N,43,1HGES15562L078604,2002,17,44,256,104,N,78759,1,2,12,2,3,,,,Y,SOUTHSIDE WRECKER INC,8200 S. CONGRESS AVE,N,,,,,,,,,,,,,,,,,,,,,,37,,,,,,,,,,1,1,0,0,0,1,0,0,0,,,,,,,,
17184913,2,1,N,N,43,KNDJT2A5XC7403965,2012,17,55,1357,104,N,78739,1,2,4,1,1,,,,N,,,N,,,,,,,,,,,,,,,,,,,,,,0,,,,,,,,,,5,1,0,0,0,2,0,0,0,,,,,,,,
17184914,1,1,N,N,43,3KPFL4A77HE025422,2017,2,55,1093,104,N,78617,1,2,4,2,3,,,,N,CLARK AUTO CARE,CLARK AUTO CARE,N,,,,,,,,,,,,,,,,,,,,,,35,,,,,,,,,,7,1,0,0,0,2,0,0,0,,,,,,,,
17184914,2,1,N,N,43,KNDMB5C14F6050239,2015,16,55,739,104,N,,1,2,3,2,11,,,,N,STARS TOWING,STARS TOWING,N,,,,,,,,,,,,,,,,,,,,,,0,,,,,,,,,,5,1,0,0,1,1,0,1,0,,,,,,,,
17184916,1,1,N,N,43,3B7KC236X1G189829,2001,21,109,2275,30,N,78728,1,1,2,2,12,,,,N,HARPERS TOWING SERVICE INC,HARPERS TOWING SERVICE INC,N,,,,,,,,,,,,,,,,,,,,,,41,,,,,,,,,,1,1,0,0,0,2,0,0,0,,,,,,,,
17184916,2,1,N,N,43,1N4AL3AP4FC299630,2015,16,71,500,104,N,78660,1,1,6,2,6,,,,N,,,N,,,,,,,,,,,,,,,,,,,,,,4,,,,,,,,,,1,1,0,0,0,1,0,0,0,,,,,,,,
17184917,1,1,N,N,43,JTDKB20U083305011,2008,16,91,702,104,N,78744,1,1,12,1,3,,,,N,,,N,,,,,,,,,,,,,,,,,,,,,,20,,,,,,,,,,7,1,0,0,0,1,0,0,0,,,,,,,,
17184917,2,3,,,,,,,,,,,,,,,,,,,,,,,,,,,,,,,,,,,,,,,,,,,,,0,,,,,,,,,,9,1,0,0,1,0,0,1,0,,,,,,,,
17184918,1,1,N,N,43,1N4AL3AP9HC260180,2017,17,71,500,104,N,78749,1,1,16,3,4,,,,N,,,N,,,,,,,,,,,,,,,,,,,,,,0,,,,,,,,,,1,1,0,0,0,1,0,0,0,,,,,,,,
17184918,2,1,N,N,43,5YFBURHE7GP519919,2016,17,91,173,104,N,78735,1,1,3,3,11,,,,N,OWNER REQUESTED,,N,,,,,,,,,,,,,,,,,,,,,,0,,,,,,,,,,1,1,0,0,1,1,0,1,0,,,,,,,,
17184919,1,1,N,N,43,1G1YY24U355107986,2005,17,107,50,100,N,78758,2,,1,1,12,,,,N,DRIVEN AWAY BY OWNER,DRIVEN AWAY BY OWNER,N,,,,,,,,,,,,,,,,,,,,,,36,,,,,,,,,,5,1,0,0,0,2,0,0,0,,,,,,,,
17184919,2,4,,,,,,,,,,,,,,,,,,,,,,,,,,,,,,,,,,,,,,,,,,,,,0,,,,,,,,,,9,1,0,1,0,0,0,1,0,,,,,,,,
17184920,1,1,N,N,43,1HGCP26479A146483,2009,9,44,236,104,N,78734,1,2,2,4,12,,,,N,SPECIAL AUTOMOTIVE SERVICE INC,SPECIAL AUTOMOTIVE SERVICE INC,N,,,,,,,,,,,,,,,,,,,,,,0,,,,,,,,,,3,1,0,0,1,0,0,1,0,,,,,,,,
17184920,2,1,N,N,43,WA1BNAFY9J2038274,2018,9,8,1284,69,N,78735,1,2,7,2,7,,,,N,A-TEX TOWING,OWNERS RESIDENCE/REQUEST,N,,,,,,,,,,,,,,,,,,,,,,0,,,,,,,,,,3,1,0,0,1,0,0,1,0,,,,,,,,
17184921,1,1,N,N,43,WDDGF8BBXBR181798,2011,2,65,118,104,N,78741,1,2,2,6,12,,,,Y,SPECIAL AUTOMOTIVE SERVICE INC,SPECIAL AUTOMOTIVE SERVICE INC,N,,,,,,,,,,,,,,,,,,,,,,,,,19,,,,,,,1,1,0,0,0,1,0,0,0,,,,,,,,
17184921,2,1,N,N,43,3MYDLBZV2GY119088,2016,21,91,178,104,N,78660,1,2,8,6,5,,,,Y,EZ AUTO AND TOWING SERVICE,EZ AUTO AND TOWING SERVICE,N,,,,,,,,,,,,,,,,,,,,,,0,,,,,,,,,,1,1,0,0,0,2,0,0,0,,,,,,,,
17184921,3,1,N,N,43,NM0LS7E25K1405842,2019,21,37,101,103,N,78741,1,2,5,1,6,,,,N,,,N,,,,,,,,,,,,,,,,,,,,,,0,,,,,,,,,,1,2,0,0,0,1,0,0,0,,,,,,,,
17184922,1,1,N,N,43,1G11E5SL4EF300423,2014,10,107,56,104,N,78747,1,1,1,6,12,,,,N,SPECIAL AUTOMOTIVE SERVICE INC,SPECIAL AUTOMOTIVE SERVICE INC,N,,,,,,,,,,,,,,,,,,,,,,0,,,,,,,,,,5,1,0,1,0,0,0,1,0,,,,,,,,
17184922,2,1,Y,N,43,2GCEC13TX61215925,2006,10,107,658,30,N,78747,1,1,5,6,12,,,,,,,N,,,,,,,,,,,,,,,,,,,,,,0,,,,,,,,,,5,1,0,0,0,1,0,0,0,,,,,,,,