Crash_ID,Unit_Nbr,Unit_Desc_ID,Veh_Parked_Fl,Veh_HNR_Fl,Veh_Lic_State_ID,VIN,Veh_Mod_Year,Veh_Color_ID,Veh_Make_ID,Veh_Mod_ID,Veh_Body_Styl_ID,Emer_Respndr_Fl,Ownr_Zip,Fin_Resp_Proof_ID,Fin_Resp_Type_ID,Veh_Dmag_Area_1_ID,Veh_Dmag_Scl_1_ID,Force_Dir_1_ID,Veh_Dmag_Area_2_ID,Veh_Dmag_Scl_2_ID,Force_Dir_2_ID,Veh_Inventoried_Fl,Veh_Transp_Name,Veh_Transp_Dest,Veh_Cmv_Fl,Cmv_Fiveton_Fl,Cmv_Hazmat_Fl,Cmv_Nine_Plus_Pass_Fl,Cmv_Veh_Oper_ID,Cmv_Carrier_ID_Type_ID,Cmv_Carrier_Zip,Cmv_Veh_Type_ID,Cmv_GVWR,Cmv_RGVW,Cmv_Hazmat_Rel_Fl,Hazmat_Cls_1_ID,Hazmat_IDNbr_1_ID,Hazmat_Cls_2_ID,Hazmat_IDNbr_2_ID,Cmv_Cargo_Body_ID,Cmv_Evnt1_ID,Cmv_Evnt2_ID,Cmv_Evnt3_ID,Cmv_Evnt4_ID,Cmv_Tot_Axle,Cmv_Tot_Tire,Contrib_Factr_1_ID,Contrib_Factr_2_ID,Contrib_Factr_3_ID,Contrib_Factr_P1_ID,Contrib_Factr_P2_ID,Veh_Dfct_1_ID,Veh_Dfct_2_ID,Veh_Dfct_3_ID,Veh_Dfct_P1_ID,Veh_Dfct_P2_ID,Veh_Trvl_Dir_ID,First_Harm_Evt_Inv_ID,Sus_Serious_Injry_Cnt,Nonincap_Injry_Cnt,Poss_Injry_Cnt,Non_Injry_Cnt,Unkn_Injry_Cnt,Tot_Injry_Cnt,Death_Cnt,Cmv_Disabling_Damage_Fl,Cmv_Bus_Type_ID,Trlr_GVWR,Trlr_RGVW,Trlr_Type_ID,Trlr_Disabling_Dmag_ID,Cmv_Intermodal_Container_Permit_Fl,CMV_Actual_Gross_Weight
17184922,3,1,Y,N,43,1N4AL3AP5GN358819,2016,21,71,500,104,N,78747,1,1,1,5,12,,,,,,,N,,,,,,,,,,,,,,,,,,,,,,0,,,,,,,,,,5,2,0,0,0,1,0,0,0,,,,,,,,
17184923,1,1,N,N,43,2B3KA43G06H185310,2006,2,109,74,104,Y,78734,2,,1,1,12,,,,N,,,N,,,,,,,,,,,,,,,,,,,,,,0,,,,,,,,,,7,1,0,0,0,1,0,0,0,,,,,,,,
17184923,2,3,,,,,,,,,,,,,,,,,,,,,,,,,,,,,,,,,,,,,,,,,,,,,0,,,,,,,,,,9,1,0,1,0,0,0,1,0,,,,,,,,
17184924,1,1,N,Y,43,,2005,2,44,236,104,N,,1,1,2,0,12,,,,N,,,N,,,,,,,,,,,,,,,,,,,,,,0,,,,,,,,,,3,1,0,0,0,0,1,0,0,,,,,,,,
17184924,2,1,N,N,43,,2016,9,63,3917,104,N,,1,1,10,4,9,,,,Y,BULLET TOWING,BULLET,N,,,,,,,,,,,,,,,,,,,,,,0,,,,,,,,,,5,1,0,1,0,0,0,1,0,,,,,,,,
17184925,1,1,N,N,43,1ZVHT84N765140103,2006,17,37,96,100,N,27517,1,1,2,4,9,,,,N,A-TEX TOWING,AUS-TEX AUTO ENTERPRISES LLC,N,,,,,,,,,,,,,,,,,,,,,,34,,,,,,,,,,5,1,0,0,0,1,0,0,0,,,,,,,,
17184925,2,1,N,N,43,3GYFNAEY1BS563113,2011,17,106,1373,69,N,78734,1,1,4,3,10,,,,N,A-TEX TOWING,AUS-TEX AUTO ENTERPRISES LLC,N,,,,,,,,,,,,,,,,,,,,,,,,,48,,,,,,,7,1,0,0,0,1,0,0,0,,,,,,,,
17184926,1,1,N,N,43,JTEZU5JR3C5045040,2012,2,91,395,69,N,,1,1,8,2,5,,,,N,,,N,,,,,,,,,,,,,,,,,,,,,,33,,,,,,,,,,3,1,0,0,0,1,0,0,0,,,,,,,,
17184926,2,1,N,N,43,3N1CE2CP7HL371709,2017,21,71,3996,104,N,78757,1,1,1,3,12,,,,N,SPECIAL AUTOMOTIVE SERVICE INC,SPECIAL AUTOMOTIVE SERVICE INC,N,,,,,,,,,,,,,,,,,,,,,,0,,,,,,,,,,7,1,0,0,1,0,0,1,0,,,,,,,,
17184942,1,1,N,N,43,2G1WA5E34C1169639,2012,16,107,53,104,Y,75116,1,1,12,2,2,,,,N,,,N,,,,,,,,,,,,,,,,,,,,,,0,,,,,,,,,,5,1,0,0,0,2,0,0,0,,,,,,,,
17184942,2,4,,,,,,,,,,,,,,,,,,,,,,,,,,,,,,,,,,,,,,,,,,,,,59,,,67,,,,,,,9,1,1,0,0,0,0,1,0,,,,,,,,
17184944,1,1,N,N,43,4UZAANCPX6CW17559,2006,5,38,1524,92,N,76577,1,1,10,1,3,,,,N,,,N,,,,,,,,,,,,,,,,,,,,,,37,,,19,,,,,,,1,1,0,0,0,1,0,0,0,,,,,,,,
17184944,2,1,N,N,43,KL4CJCSB9DB155032,2013,2,105,34,104,N,78741,1,1,2,6,12,,,,Y,STARS TOWING,STARS TOWING,N,,,,,,,,,,,,,,,,,,,,,,0,,,,,,,,,,2,1,0,0,0,0,1,0,0,,,,,,,,
17184945,1,1,N,N,43,LC2D3J10XFC200367,2015,2,705,2428,71,N,78757,2,,26,1,,,,,N,,,N,,,,,,,,,,,,,,,,,,,,,,,,,20,,,,,,,3,1,0,0,1,0,0,1,0,,,,,,,,
17184947,1,1,N,N,43,3TMKU72N58M014080,2008,16,91,629,30,N,78741,1,1,2,2,12,,,,N,,,N,,,,,,,,,,,,,,,,,,,,,,,,,20,,,,,,,6,1,0,0,0,1,0,0,0,,,,,,,,
17184947,2,1,N,N,43,JNKCV54E66M717892,2006,17,47,764,100,N,78741,1,1,6,3,6,,,,N,STARS TOWING,STARS TOWING,N,,,,,,,,,,,,,,,,,,,,,,0,,,,,,,,,,6,1,0,0,0,2,0,0,0,,,,,,,,
17184948,1,1,N,N,3,3C6JR6DT8KG560940,2013,21,109,2275,30,N,85036,2,,1,4,12,,,,Y,A-TEX TOWING,5526 1/2 W HWY 290,N,,,,,,,,,,,,,,,,,,,,,,20,,,,,,,,,,5,1,0,0,1,0,0,1,0,,,,,,,,
17184948,2,1,N,N,43,1GCRCREC3HZ343950,2017,17,107,2236,30,N,78660,1,1,5,2,6,,,,N,AAA,AAA,N,,,,,,,,,,,,,,,,,,,,,,0,,,,,,,,,,5,1,0,0,0,1,0,0,0,,,,,,,,
17185819,1,1,N,N,43,KMHEC4A46DA091163,2013,21,45,462,104,N,78729,1,1,15,3,9,4,3,1,Y,AUS-TEX AUTO ENTERPRISES LLC,AUS-TEX AUTO ENTERPRISES LLC,N,,,,,,,,,,,,,,,,,,,,,,4,,,,,,,,,,1,1,0,0,0,1,0,0,0,,,,,,,,
17185819,2,1,N,N,43,KMHEC4A46DA091163,2013,21,37,2326,30,N,78681,1,1,8,2,6,,,,N,,,N,,,,,,,,,,,,,,,,,,,,,,0,,,,,,,,,,1,1,0,0,0,1,0,0,0,,,,,,,,
17185819,3,1,N,N,43,1FTEW1CF9GKF45901,2016,9,37,2324,30,N,78664,1,1,,,,,,,N,,,N,,,,,,,,,,,,,,,,,,,,,,0,,,,,,,,,,1,2,0,0,0,1,0,0,0,,,,,,,,
17185820,1,1,N,N,43,WDDGF54XX8R020383,2008,21,65,839,104,N,78640,1,1,2,3,12,,,,N,NOT TOWED,NOT TOWED,N,,,,,,,,,,,,,,,,,,,,,,,,,20,,,,,,,7,1,0,0,0,0,1,0,0,,,,,,,,
17185820,2,1,N,N,43,3FAHP0CG8AR419941,2010,21,37,1097,104,N,78741,1,1,15,3,9,,,,N,STARS TOWING,STARS TOWING,N,,,,,,,,,,,,,,,,,,,,,,0,,,,,,,,,,4,1,0,0,0,1,0,0,0,,,,,,,,
17185821,1,1,N,N,43,KNADE123386347098,2008,13,55,716,104,N,78641,1,2,2,6,12,7,4,7,N,EZ AUTO AND TOWING SERVICE,EZ AUTO AND TOWING SERVICE,N,,,,,,,,,,,,,,,,,,,,,,15,,,20,74,,,,,,3,1,0,1,0,0,0,1,0,,,,,,,,
17185821,2,1,N,N,43,1C6RR6FT7DS707244,2013,17,710,4100,30,N,73139,2,,4,6,1,8,3,5,N,SPECIAL AUTOMOTIVE SERVICE INC,SPECIAL AUTOMOTIVE SERVICE INC,N,,,,,,,,,,,,,,,,,,,,,,0,,,,,,,,,,5,1,0,1,0,1,0,1,0,,,,,,,,
17185821,3,1,N,N,43,3GTP1UEC2FG400670,2015,2,39,2340,30,N,78725,1,2,1,3,12,,,,N,,,N,,,,,,,,,,,,,,,,,,,,,,0,,,,,,,,,,1,2,0,0,0,1,0,0,0,,,,,,,,
17185822,1,1,N,N,43,JTHBA30G065152133,2006,11,58,1051,104,N,78705,1,1,2,0,12,,,,N,,,N,,,,,,,,,,,,,,,,,,,,,,0,,,,,,,,,,7,1,0,0,0,1,0,0,0,,,,,,,,
17185822,2,4,,,,,,,,,,,,,,,,,,,,,,,,,,,,,,,,,,,,,,,,,,,,,0,,,,,,,,,,9,1,0,0,0,1,0,0,0,,,,,,,,
17185822,3,4,,,,,,,,,,,,,,,,,,,,,,,,,,,,,,,,,,,,,,,,,,,,,0,,,,,,,,,,9,2,0,0,0,1,0,0,0,,,,,,,,
17185823,1,1,N,N,43,5NPE34AF3FH014204,2015,2,45,462,104,N,78737,1,1,4,5,1,,,,N,AUS-TEX AUTO ENTERPRISES LLC,AUS-TEX AUTO ENTERPRISES LLC,N,,,,,,,,,,,,,,,,,,,,,,0,,,,,,,,,,1,1,0,0,0,1,0,0,0,,,,,,,,
17186175,1,1,N,Y,43,4T1B11HK5KU168080,2019,3,91,380,104,N,75261,1,2,3,1,11,,,,Y,TRITON TOWING,"1520 SAM BASS RD,. ROUND ROCK, TX",N,,,,,,,,,,,,,,,,,,,,,,67,23,,,,,,,,,3,1,0,0,0,1,0,0,0,,,,,,,,
17186175,2,1,N,N,43,JN1BV7AP0EM673436,2014,16,47,2393,104,N,78613,1,2,8,1,6,,,,N,,,N,,,,,,,,,,,,,,,,,,,,,,0,,,,,,,,,,3,1,0,0,0,1,0,0,0,,,,,,,,
17186952,1,1,N,N,43,1FMEU63E87UB07977,2007,3,37,554,104,N,78741,1,1,2,4,12,,,,Y,STARS TOWING,STARS TOWING,N,,,,,,,,,,,,,,,,,,,,,,0,,,,,,,,,,5,1,0,0,1,1,0,1,0,,,,,,,,
17186952,2,4,,,,,,,,,,,,,,,,,,,,,,,,,,,,,,,,,,,,,,,,,,,,,59,,,,,,,,,,9,1,0,0,0,0,0,0,1,,,,,,,,
17186953,1,1,N,N,2,1GCHK232X4F243677,2004,3,107,658,104,N,99701,1,2,2,2,12,,,,,EZ AUTO AND TOWING SERVICE,,N,,,,,,,,,,,,,,,,,,,,,,0,,,,,,,,,,1,1,0,0,0,1,0,0,0,,,,,,,,
17186953,2,1,N,N,43,1FM5K7DH5JGC92693,2018,17,37,554,69,N,75206,2,,2,3,12,6,2,6,,,,N,,,,,,,,,,,,,,,,,,,,,,0,,,,,,,,,,1,1,0,0,0,1,0,0,0,,,,,,,,
17186953,3,1,N,N,35,3N1AB7AP3KY264151,2019,9,71,341,104,N,44101,1,2,,,,,,,,,PV HOLDING CORPORATION,N,,,,,,,,,,,,,,,,,,,,,,0,,,,,,,,,,1,2,0,0,0,1,0,0,0,,,,,,,,
17186955,1,1,N,N,43,3D6WA7EL7BG502158,2012,21,109,2874,30,N,78218,1,2,14,0,1,,,,N,,,Y,Y,N,N,1,2,78218,2,19500,0,N,,,,,3,13,,,,,,26,,,,,,,,,,4,1,0,0,0,1,0,0,0,N,0,,,,,N,
17186955,2,1,N,N,43,KMHTC6AD6DU107637,2013,16,45,2381,104,N,78653,1,2,11,1,7,,,,N,,,N,,,,,,,,,,,,,,,,,,,,,,0,,,,,,,,,,4,1,0,0,0,2,0,0,0,,,,,,,,
17186956,1,1,N,N,43,1HGCG1656YA062608,2000,17,44,236,104,N,78747,1,2,13,3,8,,,,N,,,N,,,,,,,,,,,,,,,,,,,,,,35,,,,,,,,,,1,1,0,0,0,1,0,0,0,,,,,,,,
17186956,2,1,N,N,43,1FAFP55S24A202826,2004,9,37,376,104,N,78744,1,2,1,3,12,,,,N,,,N,,,,,,,,,,,,,,,,,,,,,,0,,,,,,,,,,3,1,0,0,1,3,0,1,0,,,,,,,,
17186957,1,1,N,N,43,KMHCT4AE8DU343722,2013,21,45,557,104,N,78717,1,1,2,5,,,,,Y,AUS-TEX AUTO ENTERPRISES LLC,AUS-TEX AUTO ENTERPRISES LLC,N,,,,,,,,,,,,,,,,,,,,,,20,,,,,,,,,,8,1,0,0,0,1,0,0,0,,,,,,,,
17186957,2,1,N,N,43,5NPEU46F36H080130,2006,3,45,462,104,N,78660,1,1,8,4,5,,,,Y,620 LAKESIDE TOWING,620 LAKESIDE TOWING,N,,,,,,,,,,,,,,,,,,,,,,0,,,,,,,,,,8,1,0,0,0,1,0,0,0,,,,,,,,
17186958,1,1,N,N,43,2C3CDZBT2FH707722,2015,2,109,74,100,N,78602,1,1,10,3,3,,,,N,A-TEX TOWING,A-TEX TOWING,N,,,,,,,,,,,,,,,,,,,,,,37,,,,,,,,,,3,1,0,0,0,1,0,0,0,,,,,,,,
17186958,2,1,N,N,43,3CZRM3H37DG708219,2013,17,44,107,69,N,78612,1,1,11,3,11,2,2,12,N,EZ AUTO AND TOWING SERVICE,EZ AUTO AND TOWING SERVICE,N,,,,,,,,,,,,,,,,,,,,,,0,,,,,,,,,,1,1,0,1,0,1,0,1,0,,,,,,,,
17186959,1,1,N,N,43,2CNDL23F786305126,2008,3,107,1048,104,N,76801,1,2,4,2,2,,,,N,EZ AUTO AND TOWING SERVICE,EZ AUTO AND TOWING SERVICE,N,,,,,,,,,,,,,,,,,,,,,,0,,,,,,,,,,3,1,0,0,0,0,1,0,0,,,,,,,,
17186959,2,1,N,N,43,1N4AL21E09N541136,2009,21,71,500,104,N,78729,1,2,7,2,7,,,,N,,,N,,,,,,,,,,,,,,,,,,,,,,0,,,,,,,,,,3,1,0,0,0,0,1,0,0,,,,,,,,
17186960,1,1,N,N,43,JTMRJREV4GD016587,2016,2,91,581,104,N,78731,1,1,1,2,12,,,,N,OWNER,UNKNOWN,N,,,,,,,,,,,,,,,,,,,,,,19,20,,,,,,,,,4,1,0,0,0,1,0,0,0,,,,,,,,
17186960,2,4,,,,,,,,,,,,,,,,,,,,,,,,,,,,,,,,,,,,,,,,,,,,,0,,,,,,,,,,9,1,0,1,0,0,0,1,0,,,,,,,,
17186961,1,1,N,N,43,1FTPW12V07KB13117,2007,21,37,2324,30,N,,1,2,1,2,12,,,,N,,,N,,,,,,,,,,,,,,,,,,,,,,20,22,,,,,,,,,5,1,0,0,0,1,0,0,0,,,,,,,,
17186961,2,1,N,N,43,1FTHF35H3VEB96883,1997,21,37,2326,30,N,78721,1,2,,,,,,,N,,,N,,,,,,,,,,,,,,,,,,,,,,0,,,,,,,,,,5,1,0,0,0,1,0,0,0,,,,,,,,
17186962,1,1,N,N,43,3A8FY48B78T115394,2008,21,21,709,104,N,78753,1,2,11,2,10,,,,Y,ROCHAS TOWING SERVICE,ROCHAS TOWING SERVICE,N,,,,,,,,,,,,,,,,,,,,,,34,,,,,,,,,,3,1,0,0,0,1,0,0,0,,,,,,,,
17186962,2,1,N,N,43,5NPE24AF8FH135412,2015,21,45,462,104,N,78634,1,2,4,1,2,,,,N,DRIVEN AWAY,BY DRIVER,N,,,,,,,,,,,,,,,,,,,,,,0,,,,,,,,,,5,1,0,0,0,1,0,0,0,,,,,,,,
17186963,1,1,N,N,9,1FMZU63K03UA54600,2003,21,37,554,69,N,78660,2,1,2,5,12,,,,N,620 LAKESIDE TOWING,620 LAKESIDE TOWING,N,,,,,,,,,,,,,,,,,,,,,,44,,,,,,,,,,4,1,0,0,0,1,0,0,0,,,,,,,,
17186963,2,1,N,N,43,1GNSCBE09ER245068,2014,2,107,547,69,N,78664,1,2,6,3,6,,,,N,620 LAKESIDE TOWING,620 LAKESIDE TOWING,N,,,,,,,,,,,,,,,,,,,,,,0,,,,,,,,,,4,1,0,0,0,1,0,0,0,,,,,,,,
17186964,1,1,N,N,43,KMHD84LF9HU226586,2017,16,45,480,104,N,78735,1,1,11,3,11,,,,Y,A-TEX TOWING,A-TEX TOWING,N,,,,,,,,,,,,,,,,,,,,,,67,,,,,,,,,,7,1,0,0,1,0,0,1,0,,,,,,,,
17186964,2,1,N,N,43,1GB3CZCG6CF196761,2012,21,107,2207,30,N,59102,1,1,2,2,12,,,,N,SPECIAL AUTOMOTIVE SERVICE INC,SPECIAL AUTOMOTIVE SERVICE INC,N,,,,,,,,,,,,,,,,,,,,,,0,,,,,,,,,,3,1,0,0,1,0,0,1,0,,,,,,,,
17186965,1,1,N,N,43,WAUAF78E68A079155,2008,17,8,2148,104,N,78753,2,,9,5,3,1,4,12,N,,,N,,,,,,,,,,,,,,,,,,,,,,0,,,,,,,,,,1,1,0,0,0,1,0,0,0,,,,,,,,
17186965,2,1,N,N,43,,2018,9,107,2209,104,N,78723,1,1,2,5,12,,,,N,ARMADA TOWING,ARMADA TOWING,N,,,,,,,,,,,,,,,,,,,,,,0,,,,,,,,,,7,1,0,0,0,1,0,0,0,,,,,,,,
17186966,1,1,N,N,43,JHMZE2H34CS003882,2012,9,44,697,104,N,77429,1,1,2,5,12,,,,N,ARMADA TOWING,ARMADA TOWING,N,,,,,,,,,,,,,,,,,,,,,,20,,,,,,,,,,1,1,0,0,0,1,0,0,0,,,,,,,,
17186966,2,1,N,N,43,1N6AD0EV5KN706607,2019,21,71,3989,106,N,77032,1,4,6,3,5,,,,N,NOT TOWED,NA,N,,,,,,,,,,,,,,,,,,,,,,0,,,,,,,,,,1,1,0,0,0,1,0,0,0,,,,,,,,
17186968,1,1,N,N,43,3GCPCREC8HG428354,2017,21,107,658,30,N,77060,1,2,10,1,3,15,1,9,N,620 LAKESIDE TOWING,620 LAKESIDE TOWING,N,,,,,,,,,,,,,,,,,,,,,,0,,,,,,,,,,8,1,0,0,0,1,0,0,0,,,,,,,,
17186968,2,1,N,N,43,WDDHF9BB4EA820285,2014,21,65,674,104,N,78730,1,2,2,3,12,,,,N,620 LAKESIDE TOWING,620 LAKESIDE TOWING,N,,,,,,,,,,,,,,,,,,,,,,0,,,,,,,,,,6,1,0,0,0,1,0,0,0,,,,,,,,
17186968,3,1,N,N,43,KMHCN36C57U046214,2007,16,45,557,104,N,78750,1,2,2,3,12,,,,N,620 LAKESIDE TOWING,620 LAKESIDE TOWING,N,,,,,,,,,,,,,,,,,,,,,,0,,,,,,,,,,4,2,0,0,0,1,0,0,0,,,,,,,,
17186969,1,1,N,Y,43,3GCPCREC0FG103324,2015,16,107,658,30,N,78574,1,1,4,0,12,,,,N,NONE,NONE,N,,,,,,,,,,,,,,,,,,,,,,36,,,,,,,,,,1,1,0,0,0,0,1,0,0,,,,,,,,
17186969,2,4,,,,,,,,,,,,,,,,,,,,,,,,,,,,,,,,,,,,,,,,,,,,,0,,,,,,,,,,9,1,0,0,1,0,0,1,0,,,,,,,,
17186970,1,1,N,N,43,7FARW1H94HE044163,2017,3,44,107,104,N,78652`,1,1,9,4,9,,,,N,SOUTHSIDE WRECKER INC,8200 S. CONGRESS AVE,N,,,,,,,,,,,,,,,,,,,,,,,,,28,,,,,,,5,1,0,0,1,0,0,1,0,,,,,,,,
17186970,2,1,N,N,43,1G1JD5SH0F4147969,2015,9,107,2243,104,N,78745,1,1,2,1,12,,,,N,,,N,,,,,,,,,,,,,,,,,,,,,,34,,,,,,,,,,7,1,0,0,0,1,0,0,0,,,,,,,,
17186971,1,1,N,N,43,1G1ZD5E01CF379036,2012,21,107,56,104,N,78741,1,2,2,1,12,,,,N,SPECIAL AUTOMOTIVE SERVICE INC,OWNERS RESIDENCE/REQUEST,N,,,,,,,,,,,,,,,,,,,,,,22,,,20,,,,,,,6,1,0,0,0,1,0,0,0,,,,,,,,
17186971,2,1,N,N,43,1HGCR3F82HA028455,2017,21,44,236,104,N,78739,1,2,6,1,6,,,,N,,,N,,,,,,,,,,,,,,,,,,,,,,0,,,,,,,,,,6,1,0,0,0,1,0,0,0,,,,,,,,
17186972,1,1,N,N,43,1GNEC13V32R199562,2002,11,107,547,69,N,,1,1,2,3,12,,,,,,,N,,,,,,,,,,,,,,,,,,,,,,0,,,,,,,,,,11,1,0,0,0,1,0,0,0,,,,,,,,
17186972,2,1,N,N,43,1HGCR2F36DA240171,2013,2,44,236,104,N,,1,1,6,5,6,,,,,,,N,,,,,,,,,,,,,,,,,,,,,,0,,,,,,,,,,11,1,0,0,0,1,0,0,0,,,,,,,,
17186973,1,1,N,N,43,5YJ3E1EA8JF102462,2018,,602,2033,104,N,78749,1,2,2,5,12,,,,N,AUS-TEX AUTO ENTERPRISES LLC,AUS-TEX AUTO ENTERPRISES LLC,N,,,,,,,,,,,,,,,,,,,,,,20,,,,,,,,,,1,1,0,0,0,1,0,0,0,,,,,,,,
17186973,2,1,N,N,43,3VWL17AJ8HM313961,2017,16,96,316,104,N,77069,1,2,6,3,6,,,,N,,,N,,,,,,,,,,,,,,,,,,,,,,0,,,,,,,,,,1,1,0,0,0,1,0,0,0,,,,,,,,
17186974,1,1,N,Y,,,,2,71,777,69,N,,,,1,4,12,,,,,,,N,,,,,,,,,,,,,,,,,,,,,,44,,,,,,,,,,1,1,0,0,0,0,1,0,0,,,,,,,,
17186974,2,1,N,N,43,3GNVKGE01AG173208,2010,21,107,730,106,N,78665,1,2,5,2,6,,,,N,,,N,,,,,,,,,,,,,,,,,,,,,,0,,,,,,,,,,1,1,0,0,1,0,0,1,0,,,,,,,,
17186975,1,1,N,N,43,3GCRCSEA6AG191111,2010,9,107,2236,30,N,,1,1,3,1,1,,,,N,,,N,,,,,,,,,,,,,,,,,,,,,,36,,,,,,,,,,8,1,0,0,0,1,0,0,0,,,,,,,,
17186975,2,3,,,,,,,,,,,,,,,,,,,,,,,,,,,,,,,,,,,,,,,,,,,,,74,,,,,,,,,,9,1,0,0,1,0,0,1,0,,,,,,,,
17186976,1,1,N,N,43,1NXBA02E6TZ431546,1996,16,91,380,104,N,78748,2,,4,1,1,,,,Y,SOUTHSIDE WRECKER INC,8200 S. CONGRESS AVE,N,,,,,,,,,,,,,,,,,,,,,,44,,,,,,,,,,4,1,0,0,0,1,0,0,0,,,,,,,,
17186976,2,1,N,N,43,5NPET46C39H496191,2009,9,45,462,104,N,78640,1,1,7,1,7,,,,N,,,N,,,,,,,,,,,,,,,,,,,,,,0,,,,,,,,,,4,1,0,0,0,1,0,0,0,,,,,,,,
17186977,1,1,N,N,43,WVWJK73C78P043914,2008,9,96,473,104,N,78726,1,2,2,5,12,,,,N,STARS TOWING,STARS TOWING,N,,,,,,,,,,,,,,,,,,,,,,20,,,,,,,,,,1,1,0,0,0,1,0,0,0,,,,,,,,
17186977,2,1,N,N,43,1FMZU62K14ZB29472,2004,2,37,554,69,N,78729,1,2,5,1,6,1,1,12,N,,,N,,,,,,,,,,,,,,,,,,,,,,0,,,,,,,,,,1,1,0,0,0,1,0,0,0,,,,,,,,
17186977,3,1,N,N,43,JF2GPAGCOE8277757,2014,13,85,2555,104,N,78758,1,2,5,1,6,,,,N,,,N,,,,,,,,,,,,,,,,,,,,,,0,,,,,,,,,,1,2,0,0,0,1,0,0,0,,,,,,,,
17186989,1,1,N,N,43,KNDJN2A24H7468690,2017,9,55,1357,104,N,78704,1,1,2,3,12,,,,N,AAA,PERSONAL TOW,N,,,,,,,,,,,,,,,,,,,,,,35,,,,,,,,,,1,1,0,0,0,1,0,0,0,,,,,,,,
17186989,2,1,N,N,43,JNKAY01E87M306310,2007,3,47,1197,104,N,78758,1,1,3,4,10,,,,N,STARS TOWING,PERSONAL LOCATION,N,,,,,,,,,,,,,,,,,,,,,,0,,,,,,,,,,7,1,0,0,0,1,0,0,0,,,,,,,,
17186990,1,1,N,N,43,JHMCD5566RC048009,1994,18,44,236,104,N,78757,1,2,2,4,12,,,,Y,SPECIAL AUTOMOTIVE SERVICE INC,SPECIAL AUTOMOTIVE SERVICE INC,N,,,,,,,,,,,,,,,,,,,,,,44,,,,,,,,,,3,1,0,0,0,1,0,0,0,,,,,,,,
17186990,2,1,N,N,43,JTMH1RFV0KD005105,2019,2,91,581,104,N,77535,1,2,6,1,6,,,,N,,,N,,,,,,,,,,,,,,,,,,,,,,0,,,,,,,,,,3,1,0,0,0,3,0,0,0,,,,,,,,
17186991,1,1,N,N,24,5NPD84LF0KH437956,2019,17,45,480,104,N,66103,2,,3,4,,,,,N,EZ AUTO AND TOWING SERVICE,EZ AUTO AND TOWING SERVICE,N,,,,,,,,,,,,,,,,,,,,,,4,,,,,,,,,,11,1,0,0,0,1,0,0,0,,,,,,,,
17186991,2,1,N,N,43,1HGES15512L028449,2002,17,44,256,104,N,78757,1,2,4,4,11,,,,N,ARMADA TOWING,ARMADA TOWING,N,,,,,,,,,,,,,,,,,,,,,,0,,,,,,,,,,11,1,0,0,0,2,0,0,0,,,,,,,,
17186992,1,1,N,N,9,19XFC2F57GE026726,2016,2,44,256,104,N,78702,1,2,13,4,9,,,,N,EZ AUTO AND TOWING SERVICE,EZ AUTO AND TOWING SERVICE,N,,,,,,,,,,,,,,,,,,,,,,35,,,,,,,,,,3,1,0,0,1,0,0,1,0,,,,,,,,
17186992,2,1,N,N,43,1ZVBP8AM3E5299043,2014,21,37,96,100,N,77479,1,2,2,4,12,,,,N,K & S TOWING,K & S TOWING,N,,,,,,,,,,,,,,,,,,,,,,0,,,,,,,,,,1,1,0,0,0,1,0,0,0,,,,,,,,
17186993,1,1,N,N,43,1GCGTDE36G1389151,2016,,107,979,30,N,78748,1,2,2,1,12,,,,N,,,N,,,,,,,,,,,,,,,,,,,,,,66,,,,,,,,,,1,1,0,0,0,0,1,0,0,,,,,,,,
17186993,2,1,N,N,43,1ZVFT84N365184901,2006,17,37,96,100,N,76109,1,2,3,3,11,,,,Y,ROCHAS TOWING SERVICE,ROCHAS TOWING SERVICE,N,,,,,,,,,,,,,,,,,,,,,,0,,,,,,,,,,5,1,0,1,0,0,0,1,0,,,,,,,,
17186994,1,1,N,N,43,1N6AD0ER3FN718635,2015,9,71,634,30,N,78754,1,2,3,2,11,,,,N,,,N,,,,,,,,,,,,,,,,,,,,,,20,,,,,,,,,,7,1,0,0,0,1,0,0,0,,,,,,,,
17186994,2,1,N,N,43,5YFBURHE8KP876714,2019,17,91,173,104,N,78610,1,2,4,6,11,,,,N,ATX-VIP TOWING SERVICES,ATX-VIP TOWING SERVICES,N,,,,,,,,,,,,,,,,,,,,,,0,,,,,,,,,,1,1,0,0,1,0,0,1,0,,,,,,,,
17186995,1,1,N,N,43,3FAHP07Z29R172715,2009,9,37,1097,104,N,78621,1,2,5,1,6,,,,N,,,N,,,,,,,,,,,,,,,,,,,,,,0,,,,,,,,,,3,1,0,0,1,2,0,1,0,,,,,,,,
17186995,2,1,N,Y,43,YV1LS5723T2289633,1996,8,98,2596,104,N,78752,2,,,,,,,,,,,N,,,,,,,,,,,,,,,,,,,,,,0,,,,,,,,,,3,1,0,0,0,1,0,0,0,,,,,,,,
17186996,1,1,N,N,43,2HGFG3B12CH537144,2012,17,44,256,104,N,78613,1,2,11,2,11,,,,N,NA,NA,N,,,,,,,,,,,,,,,,,,,,,,16,,,,,,,,,,4,1,0,0,0,2,0,0,0,,,,,,,,
17186996,2,1,N,N,43,JM1DE1HY9B0119803,2011,21,63,2472,104,N,78757,1,2,2,5,12,,,,N,620 LAKESIDE TOWING,620 LAKESIDE TOWING,N,,,,,,,,,,,,,,,,,,,,,,0,,,,,,,,,,6,1,0,0,0,1,0,0,0,,,,,,,,
17186997,1,1,N,N,43,3GNFK16Z33G254969,2003,21,107,2215,104,N,78727,1,1,4,2,11,,,,Y,STARS TOWING,STARS TOWING,N,,,,,,,,,,,,,,,,,,,,,,,,,37,,,,,,,8,1,0,0,0,1,0,0,0,,,,,,,,