Crash_ID,Unit_Nbr,Unit_Desc_ID,Veh_Parked_Fl,Veh_HNR_Fl,Veh_Lic_State_ID,VIN,Veh_Mod_Year,Veh_Color_ID,Veh_Make_ID,Veh_Mod_ID,Veh_Body_Styl_ID,Emer_Respndr_Fl,Ownr_Zip,Fin_Resp_Proof_ID,Fin_Resp_Type_ID,Veh_Dmag_Area_1_ID,Veh_Dmag_Scl_1_ID,Force_Dir_1_ID,Veh_Dmag_Area_2_ID,Veh_Dmag_Scl_2_ID,Force_Dir_2_ID,Veh_Inventoried_Fl,Veh_Transp_Name,Veh_Transp_Dest,Veh_Cmv_Fl,Cmv_Fiveton_Fl,Cmv_Hazmat_Fl,Cmv_Nine_Plus_Pass_Fl,Cmv_Veh_Oper_ID,Cmv_Carrier_ID_Type_ID,Cmv_Carrier_Zip,Cmv_Veh_Type_ID,Cmv_GVWR,Cmv_RGVW,Cmv_Hazmat_Rel_Fl,Hazmat_Cls_1_ID,Hazmat_IDNbr_1_ID,Hazmat_Cls_2_ID,Hazmat_IDNbr_2_ID,Cmv_Cargo_Body_ID,Cmv_Evnt1_ID,Cmv_Evnt2_ID,Cmv_Evnt3_ID,Cmv_Evnt4_ID,Cmv_Tot_Axle,Cmv_Tot_Tire,Contrib_Factr_1_ID,Contrib_Factr_2_ID,Contrib_Factr_3_ID,Contrib_Factr_P1_ID,Contrib_Factr_P2_ID,Veh_Dfct_1_ID,Veh_Dfct_2_ID,Veh_Dfct_3_ID,Veh_Dfct_P1_ID,Veh_Dfct_P2_ID,Veh_Trvl_Dir_ID,First_Harm_Evt_Inv_ID,Sus_Serious_Injry_Cnt,Nonincap_Injry_Cnt,Poss_Injry_Cnt,Non_Injry_Cnt,Unkn_Injry_Cnt,Tot_Injry_Cnt,Death_Cnt,Cmv_Disabling_Damage_Fl,Cmv_Bus_Type_ID,Trlr_GVWR,Trlr_RGVW,Trlr_Type_ID,Trlr_Disabling_Dmag_ID,Cmv_Intermodal_Container_Permit_Fl,CMV_Actual_Gross_Weight
17186997,2,1,N,N,43,1FAFP44403F337415,2003,22,37,96,100,N,78681,1,1,2,2,11,,,,Y,EZ AUTO AND TOWING SERVICE,EZ AUTO AND TOWING SERVICE,N,,,,,,,,,,,,,,,,,,,,,,,,,16,,,,,,,4,1,0,0,0,2,0,0,0,,,,,,,,
17186998,1,1,N,N,43,KMHDH4AE5DU746918,2013,9,45,480,104,N,78758,1,1,2,6,12,,,,Y,STARS TOWING,STARS TOWING,N,,,,,,,,,,,,,,,,,,,,,,44,,,,,,,,,,5,1,0,0,0,1,0,0,0,,,,,,,,
17186998,2,1,N,N,38,2HNYD2H2XAH504409,2010,21,1,393,104,N,19057,1,1,6,3,6,,,,N,,,N,,,,,,,,,,,,,,,,,,,,,,0,,,,,,,,,,5,1,0,0,0,2,0,0,0,,,,,,,,
17186999,1,1,N,N,43,1FTRX18L5YKA90060,2000,2,37,2324,104,N,,1,1,2,2,12,,,,N,AUS-TEX AUTO ENTERPRISES LLC,AUS-TEX AUTO ENTERPRISES LLC,N,,,,,,,,,,,,,,,,,,,,,,67,,,,,,,,,,7,1,0,1,0,0,0,1,0,,,,,,,,
17186999,2,1,N,N,43,1G1FB1RX3K0135642,2019,2,107,46,100,N,78653,1,1,2,2,9,,,,N,,,N,,,,,,,,,,,,,,,,,,,,,,0,,,,,,,,,,7,1,0,0,0,2,0,0,0,,,,,,,,
17187000,1,1,N,N,43,19UUA5660YA038827,2000,2,1,393,104,N,78754,1,1,15,2,10,5,1,6,Y,STARS TOWING,STARS TOWING,N,,,,,,,,,,,,,,,,,,,,,,4,22,,,,,,,,,7,1,0,0,0,2,0,0,0,,,,,,,,
17187002,1,1,N,N,43,WA1LAAF76KD044403,2019,17,8,346,69,N,78745,2,,2,5,10,14,3,1,N,SPECIAL AUTOMOTIVE SERVICE INC,SPECIAL AUTOMOTIVE SERVICE INC,N,,,,,,,,,,,,,,,,,,,,,,60,45,,,,,,,,,7,1,0,0,0,0,1,0,0,,,,,,,,
17187003,1,1,N,N,36,JHMGE8H46AC024971,2010,17,44,1083,104,N,739425,1,1,17,3,9,18,3,3,N,620 LAKESIDE TOWING,620 LAKESIDE TOWING,N,,,,,,,,,,,,,,,,,,,,,,,,,19,,,,,,,7,1,0,0,0,1,0,0,0,,,,,,,,
17187998,1,1,N,N,43,1N4AL3AP8EN222410,2014,17,71,500,104,N,78731,1,2,11,2,7,,,,Y,STARS TOWING,STARS TOWING,N,,,,,,,,,,,,,,,,,,,,,,38,,,,,,,,,,2,1,0,0,0,1,0,0,0,,,,,,,,
17187998,2,1,N,N,43,4S4BSANCXH3229867,2017,3,85,1268,104,N,78730,1,2,2,2,12,,,,N,BULLET TOWING,BULLET TOWING,N,,,,,,,,,,,,,,,,,,,,,,0,,,,,,,,,,3,1,0,0,0,2,0,0,0,,,,,,,,
17187999,1,1,N,N,43,2C4JRGAG4DR754416,2013,21,710,4100,30,N,,1,1,2,2,12,,,,N,,,N,,,,,,,,,,,,,,,,,,,,,,0,,,,,,,,,,2,1,0,0,0,1,0,0,0,,,,,,,,
17187999,2,1,N,N,43,JT8BF22GXV0017424,1997,21,58,1050,104,N,78719,1,1,6,2,6,,,,Y,EZ AUTO AND TOWING SERVICE,EZ AUTO AND TOWING SERVICE,N,,,,,,,,,,,,,,,,,,,,,,0,,,,,,,,,,2,1,0,1,0,0,0,1,0,,,,,,,,
17187999,3,1,N,N,43,4S4BP61C667360823,2006,2,85,1268,104,N,78702,1,1,6,1,6,,,,N,,,N,,,,,,,,,,,,,,,,,,,,,,0,,,,,,,,,,2,2,0,0,0,1,0,0,0,,,,,,,,
17188000,1,1,N,N,43,WDBUF56X97B109426,2007,17,65,118,104,N,78725,1,2,2,4,12,,,,Y,SOUTHSIDE WRECKER INC,SOUTHSIDE,N,,,,,,,,,,,,,,,,,,,,,,67,,,,,,,,,,6,1,0,0,0,1,0,0,0,,,,,,,,
17188000,2,1,N,N,43,JN8AS5MT1CW262471,2012,17,71,1310,69,N,78758,1,2,6,3,6,,,,Y,A-TEX TOWING,ATEX,N,,,,,,,,,,,,,,,,,,,,,,0,,,,,,,,,,6,1,0,0,0,4,0,0,0,,,,,,,,
17188001,1,1,N,Y,43,5YFBURHE3GP514054,2016,16,91,173,104,N,78745,2,,2,3,12,,,,N,DRIVEN AWAY,DRIVEN AWAY,N,,,,,,,,,,,,,,,,,,,,,,73,,,,,,,,,,11,1,0,0,0,1,0,0,0,,,,,,,,
17188001,2,1,N,N,43,4F2CZ02Z08KM16113,2008,9,63,1008,104,N,78745,1,2,12,2,3,,,,N,DRIVEN AWAY,DRIVEN AWAY,N,,,,,,,,,,,,,,,,,,,,,,0,,,,,,,,,,11,1,0,0,0,3,0,0,0,,,,,,,,
17188002,1,1,N,N,43,3FA6P0H74JR109740,2018,2,37,1097,104,N,78653,1,1,1,1,12,,,,Y,BULLET TOWING,BULLET TOWING,N,,,,,,,,,,,,,,,,,,,,,,44,,,,,,,,,,1,1,0,1,0,0,0,1,0,,,,,,,,
17188002,2,1,N,N,43,3CZRM3H5XCG703662,2012,9,44,605,69,N,78759,1,1,5,1,6,1,1,12,N,,,N,,,,,,,,,,,,,,,,,,,,,,0,,,,,,,,,,1,1,0,0,0,2,0,0,0,,,,,,,,
17188002,3,1,N,Y,,,,,,,30,N,,,,,,,,,,,,,N,,,,,,,,,,,,,,,,,,,,,,0,,,,,,,,,,1,2,0,0,0,0,0,0,0,,,,,,,,
17188003,1,1,N,N,43,1FAHP2MK7FG144124,2015,17,37,376,104,Y,78701,1,7,3,3,12,2,3,10,N,,,N,,,,,,,,,,,,,,,,,,,,,,0,,,,,,,,,,7,1,0,0,0,2,0,0,0,,,,,,,,
17188003,2,4,,,,,,,,,,,,,,,,,,,,,,,,,,,,,,,,,,,,,,,,,,,,,0,,,,,,,,,,9,1,0,0,0,1,0,0,0,,,,,,,,
17188004,1,1,N,N,76,,2010,16,48,3592,106,N,,2,,2,6,12,,,,,AUS-TEX AUTO ENTERPRISES LLC,AUS-TEX AUTO ENTERPRISES LLC,N,,,,,,,,,,,,,,,,,,,,,,0,,,,,,,,,,1,1,0,0,0,1,0,0,0,,,,,,,,
17188005,1,1,N,N,43,JM3TB2CA9D0412017,2013,21,63,1009,69,N,78613,1,1,3,3,12,,,,N,,,N,,,,,,,,,,,,,,,,,,,,,,22,,,,,,,,,,6,1,0,0,0,1,0,0,0,,,,,,,,
17188005,2,1,N,N,43,1C6RR6FM7FS638812,2015,13,710,4100,30,N,78641,1,7,8,3,6,,,,N,,,N,,,,,,,,,,,,,,,,,,,,,,0,,,,,,,,,,6,1,1,0,0,0,0,1,0,,,,,,,,
17188006,1,1,N,N,43,3GNDA23P87S626473,2007,2,107,1142,104,N,78758,1,2,3,3,10,,,,Y,ROCHAS TOWING SERVICE,ROCHAS TOWING SERVICE,N,,,,,,,,,,,,,,,,,,,,,,41,,,,,,,,,,5,1,0,0,0,1,0,0,0,,,,,,,,
17188006,2,1,N,N,43,5TFLU4EN7CX025745,2012,2,91,629,30,N,78613,1,2,4,3,1,,,,Y,ARMADA TOWING,ARMADA TOWING,N,,,,,,,,,,,,,,,,,,,,,,0,,,,,,,,,,5,1,0,0,0,1,0,0,0,,,,,,,,
17188007,1,1,N,N,43,2NP3LJ0X8GM324648,2016,21,74,4044,106,N,78725,1,2,1,1,12,,,,N,DRIVEN AWAY BY OWNER,DRIVEN AWAY BY OWNER,Y,Y,N,N,2,3,78725,6,54000,0,N,,,,,6,13,11,,,,,0,,,,,,,,,,5,1,0,0,0,1,0,0,0,N,0,,,,,N,
17188007,2,1,N,N,43,2T3ZFREV6JW482940,2018,2,91,581,69,N,78612,1,2,11,5,9,,,,N,ROCHAS TOWING SERVICE,ROCHAS TOWING SERVICE,N,,,,,,,,,,,,,,,,,,,,,,0,,,,,,,,,,1,1,0,0,0,1,0,0,0,,,,,,,,
17188008,1,1,N,N,43,JTKJF5C70FJ007258,2015,13,91,2573,100,N,78758,1,2,2,4,,,,,Y,EZ AUTO AND TOWING SERVICE,EZ AUTO AND TOWING SERVICE,N,,,,,,,,,,,,,,,,,,,,,,20,,,,,,,,,,4,1,0,0,0,1,0,0,0,,,,,,,,
17188008,2,1,N,N,43,3N1AB7AP9JY296410,2018,17,71,341,104,N,78758,1,2,6,4,6,3,2,2,N,ARMADA TOWING,ARMADA TOWING,N,,,,,,,,,,,,,,,,,,,,,,0,,,,,,,,,,4,1,0,0,0,2,0,0,0,,,,,,,,
17188008,3,1,N,N,43,3GNEC16Z04G327953,2004,3,107,249,69,N,78654,1,2,7,1,8,,,,N,,,N,,,,,,,,,,,,,,,,,,,,,,0,,,,,,,,,,4,2,0,0,0,3,0,0,0,,,,,,,,
17188013,1,1,N,Y,,,,,208,763,0,N,,,,,,,,,,,,,N,,,,,,,,,,,,,,,,,,,,,,23,,,,,,,,,,7,1,0,0,0,1,0,0,0,,,,,,,,
17188013,2,1,Y,N,43,3CZRU5H75GM731213,2016,10,44,107,69,N,78757,1,2,7,4,8,,,,,,,N,,,,,,,,,,,,,,,,,,,,,,0,,,,,,,,,,7,1,0,0,0,0,0,0,0,,,,,,,,
17188013,3,1,Y,N,43,1HGCG2257WA017170,1998,21,44,236,100,N,,2,,6,3,6,,,,,,,N,,,,,,,,,,,,,,,,,,,,,,0,,,,,,,,,,7,2,0,0,0,0,0,0,0,,,,,,,,
17188017,1,1,N,N,43,ML32F3FJ5KHF08998,2019,3,68,389,104,N,78612,1,1,3,7,12,15,6,9,N,ROCHAS TOWING SERVICE,5700 BURLESON,N,,,,,,,,,,,,,,,,,,,,,,,,,20,,,,,,,11,1,0,0,1,0,0,1,0,,,,,,,,
17188017,2,1,N,N,43,2HSFMAMR6XC027677,1999,21,48,3583,106,N,78660,1,2,,,,,,,N,OWNER,OWNER,Y,Y,N,N,5,2,78660,9,8000,0,N,,,,,10,10,20,,,,,0,,,,,,,,,,11,1,0,0,0,1,0,0,0,N,0,,,,,N,
17188017,3,6,,,,,,,,,,,78660,,,,,,,,,,,,,,,,,,,,,,,,,,,,,,,,,,0,,,,,,,,,,9,2,0,0,0,1,0,0,0,,,16000,0,2,N,,
17188018,1,1,N,Y,43,1GDY7RFF5G1905722,2016,21,39,2341,106,N,850041120,2,,13,1,7,,,,Y,ARMADA TOWING,ARMADA TOWING,N,,,,,,,,,,,,,,,,,,,,,,3,,,,,,,,,,1,1,0,0,0,0,1,0,0,,,,,,,,
17188018,2,1,N,N,36,1FTFW1CFXCFC76881,2012,17,37,2324,30,N,748595064,2,,14,1,2,,,,N,,,N,,,,,,,,,,,,,,,,,,,,,,0,,,,,,,,,,5,1,0,0,0,3,0,0,0,,,,,,,,
17188019,1,1,N,N,43,3N1AB7AP1FL674627,2015,2,71,500,104,N,78752,1,2,2,3,12,,,,Y,AVILES & GABES WRECKER SERVICE INC.,AVILES & GABES WRECKER SERVICE INC.,N,,,,,,,,,,,,,,,,,,,,,,16,,,,,,,,,,4,1,0,0,0,3,0,0,0,,,,,,,,
17188019,2,1,N,N,43,1FTPF1CF2CKD50239,2012,21,37,2324,30,N,78724,1,2,16,2,3,,,,Y,EZ AUTO AND TOWING SERVICE,EZ AUTO AND TOWING SERVICE,N,,,,,,,,,,,,,,,,,,,,,,0,,,,,,,,,,6,1,0,0,1,0,0,1,0,,,,,,,,
17188020,1,1,N,N,43,JTHBK1GG2E2143568,2014,21,58,1052,104,N,78703,1,2,3,3,10,,,,Y,A & A WRECKER NORTH,A & A WRECKER NORTH,N,,,,,,,,,,,,,,,,,,,,,,20,,,,,,,,,,7,1,0,0,0,1,0,0,0,,,,,,,,
17188020,2,1,N,N,43,1GNSCAE00DR184766,2014,1,107,547,104,N,78753,1,2,2,1,12,,,,N,,,N,,,,,,,,,,,,,,,,,,,,,,0,,,,,,,,,,1,1,0,0,0,1,0,0,0,,,,,,,,
17191753,1,1,N,N,43,1N6BD0CT5GN718219,2016,21,71,634,30,N,,1,1,2,3,,,,,N,ROCHAS TOWING SERVICE,9200 US HWY 290,N,,,,,,,,,,,,,,,,,,,,,,44,,,,,,,,,,11,1,0,0,0,1,0,0,0,,,,,,,,
17191753,2,1,N,N,43,1FMEU63EX6ZA03198,2006,16,37,554,104,N,78640,1,1,6,3,6,2,1,12,N,,,N,,,,,,,,,,,,,,,,,,,,,,0,,,,,,,,,,11,1,0,0,0,1,0,0,0,,,,,,,,
17191753,3,1,N,N,43,3FA6P0H73FR304445,2015,11,37,1097,104,N,78704,1,1,6,2,6,2,1,12,,,,N,,,,,,,,,,,,,,,,,,,,,,0,,,,,,,,,,11,2,0,0,0,3,0,0,0,,,,,,,,
17191753,4,1,N,N,43,1FTEW1CP9GKF97344,2016,9,37,2324,30,N,78744,1,1,6,1,6,,,,N,,,N,,,,,,,,,,,,,,,,,,,,,,0,,,,,,,,,,11,2,0,0,0,1,0,0,0,,,,,,,,
17191753,5,1,N,N,43,JHLRD68595C009559,2005,17,44,605,69,N,78611,1,1,2,1,12,,,,N,,,N,,,,,,,,,,,,,,,,,,,,,,0,,,,,,,,,,11,2,0,0,0,1,0,0,0,,,,,,,,
17191754,1,1,N,Y,43,2HNYD284X7H546346,2007,9,1,705,104,N,78739,1,2,,,,,,,N,VEHICLE LTS,N/A,N,,,,,,,,,,,,,,,,,,,,,,44,,,,,,,,,,7,1,0,0,0,0,2,0,0,,,,,,,,
17191754,2,1,N,N,43,5UXTR7C54KLE96166,2019,3,14,1466,104,N,78723,1,2,7,3,6,,,,N,CLARK AUTO CARE,CLARK AUTO CARE,N,,,,,,,,,,,,,,,,,,,,,,0,,,,,,,,,,7,1,0,0,0,1,0,0,0,,,,,,,,
17191756,1,1,N,N,43,2G2WP552861152171,2006,9,118,154,100,N,78744,1,1,17,7,9,,,,N,,,N,,,,,,,,,,,,,,,,,,,,,,22,,,,,,,,,,4,1,0,0,0,1,0,0,0,,,,,,,,
17191756,2,1,Y,N,43,JTKDE167870194311,2007,2,91,4331,100,N,73344,1,1,3,4,,,,,N,,,N,,,,,,,,,,,,,,,,,,,,,,0,,,,,,,,,,8,1,0,0,0,0,0,0,0,,,,,,,,
17191757,1,1,N,N,43,4T4BF1FK8DR313111,2013,8,91,380,104,N,78753,1,2,2,5,12,,,,N,BY OWNER,BY OWNER,N,,,,,,,,,,,,,,,,,,,,,,44,,,,,,,,,,2,1,0,0,0,1,0,0,0,,,,,,,,
17191757,2,1,N,N,43,JTEBU14R570121687,2007,9,91,395,69,N,78759,1,2,6,2,6,,,,N,NA,NA,N,,,,,,,,,,,,,,,,,,,,,,0,,,,,,,,,,2,1,0,0,0,1,0,0,0,,,,,,,,
17191759,1,1,N,N,43,1G1ZE5ST5HF255578,2017,21,107,56,104,N,78653,1,2,3,5,12,,,,N,AVILES & GABES WRECKER SERVICE INC.,AVILES & GABES WRECKER SERVICE INC.,N,,,,,,,,,,,,,,,,,,,,,,29,40,,,,,,,,,3,1,0,0,0,1,0,0,0,,,,,,,,
17191759,2,1,N,N,43,1G1JC5SH5G4117970,2016,2,107,2243,104,N,78621,1,2,12,6,3,,,,N,STARS TOWING,STARS TOWING,N,,,,,,,,,,,,,,,,,,,,,,0,,,,,,,,,,7,1,0,1,0,0,0,1,0,,,,,,,,
17191760,1,1,N,N,43,3C3CFFAR3FT690189,2015,3,35,2956,100,N,78757,1,2,9,5,9,,,,N,1969 TOWING,1969 TOWING,N,,,,,,,,,,,,,,,,,,,,,,37,,,,,,,,,,7,1,0,0,1,0,0,1,0,,,,,,,,
17191760,2,1,N,N,43,1FTFW1CTXDKD80043,2013,16,37,2324,30,N,78660,1,2,2,4,12,,,,N,ATX-VIP TOWING SERVICES,ATX-VIP TOWING SERVICES,N,,,,,,,,,,,,,,,,,,,,,,0,,,,,,,,,,1,1,0,0,1,0,0,1,0,,,,,,,,
17191761,1,1,N,N,43,1FMCU02Z88KE02437,2008,3,37,711,104,N,77531,1,1,5,3,6,,,,N,,,N,,,,,,,,,,,,,,,,,,,,,,0,,,,,,,,,,3,1,0,0,0,2,0,0,0,,,,,,,,
17191761,2,1,N,N,43,5XXGM4A78FG439282,2015,21,55,715,104,N,75216,1,1,6,3,6,6,3,12,N,,,N,,,,,,,,,,,,,,,,,,,,,,0,,,,,,,,,,3,1,0,0,0,2,0,0,0,,,,,,,,
17191761,3,1,N,N,43,2G1WH55K129250634,2002,17,107,53,104,N,78758,1,1,7,3,5,,,,N,,,N,,,,,,,,,,,,,,,,,,,,,,20,,,,,,,,,,3,2,0,1,0,3,0,1,0,,,,,,,,
17191762,1,1,N,N,43,3GCPCSEC5EG297726,2014,21,107,2236,30,N,78747,1,2,2,2,12,,,,Y,SOUTHSIDE WRECKER INC,8200 S. CONGRESS AVE,N,,,,,,,,,,,,,,,,,,,,,,44,,,45,,,,,,,5,1,0,0,0,2,0,0,0,,,,,,,,
17191762,2,1,N,N,43,1GNKRFED9HJ169976,2017,9,107,1414,69,N,75038,1,2,6,5,6,,,,N,,,N,,,,,,,,,,,,,,,,,,,,,,0,,,,,,,,,,5,1,0,0,5,0,0,5,0,,,,,,,,
17191764,1,1,N,N,43,3FADP4EJ9KM127146,2019,21,37,229,104,N,78640,1,2,2,6,12,,,,N,EZ AUTO AND TOWING SERVICE,EZ AUTO AND TOWING SERVICE,N,,,,,,,,,,,,,,,,,,,,,,74,,,,,,,,,,5,1,0,0,1,0,0,1,0,,,,,,,,
17191764,2,1,Y,N,46,JM1BL1L73C1608057,2012,17,63,272,104,N,78014,,,14,2,4,,,,N,,,N,,,,,,,,,,,,,,,,,,,,,,0,,,,,,,,,,7,1,0,0,0,0,0,0,0,,,,,,,,
17191765,1,1,N,N,43,5NPEB4AC8DH719831,2013,3,45,462,104,N,78744,2,,4,5,2,,,,N,EZ AUTO AND TOWING SERVICE,1830 OAK HILL LN AUSTIN TX 78744,N,,,,,,,,,,,,,,,,,,,,,,33,,,,,,,,,,7,1,0,0,0,1,0,0,0,,,,,,,,
17191765,2,1,N,N,43,5XXGN4A79FG516173,2015,2,55,715,104,N,78744,1,1,3,3,12,15,2,11,N,NOT TOWED,NOT TOWED,N,,,,,,,,,,,,,,,,,,,,,,0,,,,,,,,,,5,1,0,0,0,1,0,0,0,,,,,,,,
17191766,1,1,N,N,43,2G1FC1EV1A9125763,2010,13,107,60,100,N,78705,1,2,2,6,12,,,,Y,AUS-TEX AUTO ENTERPRISES LLC,AUS-TEX AUTO ENTERPRISES LLC,N,,,,,,,,,,,,,,,,,,,,,,,,,45,,,,,,,1,1,0,0,0,1,0,0,0,,,,,,,,
17191768,1,1,N,Y,43,1GNEK13Z83R314860,2003,99,107,,104,N,78613,1,1,5,3,6,,,,N,,,N,,,,,,,,,,,,,,,,,,,,,,44,,,,,,,,,,1,1,0,0,0,1,0,0,0,,,,,,,,
17191768,2,6,,,,,,,,,,,78613,,,,,,,,,,,,,,,,,,,,,,,,,,,,,,,,,,0,,,,,,,,,,9,2,0,0,0,1,0,0,0,,,,,,,,
17191768,3,1,N,Y,113,,,99,,,0,N,,,,,,,,,,N,,,N,,,,,,,,,,,,,,,,,,,,,,0,,,,,,,,,,1,1,0,0,0,0,1,0,0,,,,,,,,
17191775,1,1,N,N,43,5TFTX4GN4EX031221,2014,16,91,629,30,N,78759,1,2,4,4,12,,,,N,AUS-TEX AUTO ENTERPRISES LLC,AUS-TEX AUTO ENTERPRISES LLC,N,,,,,,,,,,,,,,,,,,,,,,67,23,,,,,,,,,1,1,0,0,0,1,0,0,0,,,,,,,,
17191775,2,1,N,N,43,JTJHY7AX2D4126954,2013,9,58,791,69,N,78730,1,2,15,3,7,,,,N,NOT TOWED,,N,,,,,,,,,,,,,,,,,,,,,,0,,,,,,,,,,1,1,0,0,0,1,0,0,0,,,,,,,,
17191775,3,1,N,N,43,WVGAV7AX0FW559494,2015,3,96,1396,69,N,78759,1,2,15,3,7,,,,N,A-TEX TOWING,A-TEX TOWING,N,,,,,,,,,,,,,,,,,,,,,,0,,,,,,,,,,1,2,0,0,0,1,0,0,0,,,,,,,,
17191775,4,1,N,N,43,KMHDU46D49U641032,2009,9,45,480,104,N,78748,1,2,7,3,6,4,3,12,N,EZ AUTO AND TOWING SERVICE,EZ AUTO AND TOWING SERVICE,N,,,,,,,,,,,,,,,,,,,,,,0,,,,,,,,,,1,2,0,0,0,1,0,0,0,,,,,,,,
17191775,5,1,N,N,43,JM3ER2W52A0322741,2010,2,63,2471,69,N,79935,1,2,6,2,6,,,,N,NOT TOWED,,N,,,,,,,,,,,,,,,,,,,,,,0,,,,,,,,,,1,2,0,0,0,1,0,0,0,,,,,,,,
17191776,1,1,N,N,43,5LMCJ1A91FUJ16024,2015,21,113,3886,69,N,,1,1,8,1,4,,,,N,,,N,,,,,,,,,,,,,,,,,,,,,,0,,,,,,,,,,3,1,0,0,0,1,0,0,0,,,,,,,,
17191776,2,1,N,N,43,VU111535G20832600,1981,16,69,1542,71,N,78751,2,,26,1,,,,,N,OWNER,UNKNOWN,N,,,,,,,,,,,,,,,,,,,,,,0,,,,,,,,,,7,1,0,1,0,0,0,1,0,,,,,,,,
17191777,1,1,N,N,43,3VWD07AJ0EM276052,2014,9,96,316,104,N,78550,2,,4,4,2,18,4,1,N,620 LAKESIDE TOWING,620 LAKESIDE TOWING,N,,,,,,,,,,,,,,,,,,,,,,60,,,,,,,,,,11,1,0,3,0,0,0,3,0,,,,,,,,
17191777,2,1,Y,N,1,5TBRT3419YS049539,2000,17,91,687,30,N,36541,2,,,,,,,,,620 LAKESIDE TOWING,620 LAKESIDE TOWING,N,,,,,,,,,,,,,,,,,,,,,,0,,,,,,,,,,11,1,0,0,0,0,0,0,0,,,,,,,,
17191779,1,1,N,N,43,5N1AR2MN4EC714291,2014,21,71,531,104,N,78660,2,,1,1,12,,,,N,,,N,,,,,,,,,,,,,,,,,,,,,,74,,,,,,,,12,,5,1,0,0,0,1,0,0,0,,,,,,,,
17191779,2,1,N,N,43,2T1KR32E85C469102,2005,16,91,178,104,N,78744,1,2,7,1,6,,,,,,,N,,,,,,,,,,,,,,,,,,,,,,74,,,,,,,,12,,5,1,0,0,2,0,0,2,0,,,,,,,,
17191780,1,1,N,N,43,1N6SD11S5SC422069,1995,21,71,3989,30,N,78758,1,1,11,2,11,,,,N,620 LAKESIDE TOWING,620 LAKESIDE TOWING,N,,,,,,,,,,,,,,,,,,,,,,0,,,,,,,,,,3,1,0,0,0,1,0,0,0,,,,,,,,
17191780,2,1,N,N,43,2GCEC19X331255074,2003,2,107,60,30,N,78753,1,1,14,1,2,,,,N,,,N,,,,,,,,,,,,,,,,,,,,,,0,,,,,,,,,,3,1,0,0,0,1,0,0,0,,,,,,,,
17191783,1,1,N,Y,43,1VWGT7A31HC023463,2017,9,96,473,104,N,78613,1,1,1,5,12,,,,Y,EZ AUTO AND TOWING SERVICE,EZ AUTO AND TOWING SERVICE,N,,,,,,,,,,,,,,,,,,,,,,0,,,,,,,,,,5,1,0,0,0,0,0,0,0,,,,,,,,
17191787,1,1,N,N,43,4T1CE38P74U919263,2004,3,91,686,100,N,78702,1,1,12,4,1,,,,N,ROCHAS TOWING SERVICE,ROCHAS TOWING SERVICE,N,,,,,,,,,,,,,,,,,,,,,,,,,20,,,,,,,2,1,0,0,1,0,0,1,0,,,,,,,,
17191787,2,1,N,N,43,1J8GX58N73C504967,2003,1,429,1116,104,N,75069,1,1,7,3,7,,,,N,,,N,,,,,,,,,,,,,,,,,,,,,,,,,20,,,,,,,7,1,0,0,0,1,0,0,0,,,,,,,,
17191788,1,1,N,N,43,3FAHP0HGXAR122081,2010,21,37,1097,104,N,78653,1,1,15,4,8,,,,N,,,N,,,,,,,,,,,,,,,,,,,,,,,,,20,,,,,,,6,1,1,0,0,0,0,1,0,,,,,,,,
17191788,2,1,N,N,43,1G3WS52H01F176260,2001,21,116,643,104,N,76548,1,1,2,5,12,,,,N,ATX-VIP TOWING SERVICES,ATX-VIP TOWING SERVICES,N,,,,,,,,,,,,,,,,,,,,,,,,,20,,,,,,,8,1,0,0,1,0,0,1,0,,,,,,,,
17191789,1,1,N,N,43,1GC1KVC80EF169212,2014,21,107,658,30,N,78731,1,1,3,2,12,,,,N,620 LAKESIDE TOWING,620 LAKESIDE TOWING,N,,,,,,,,,,,,,,,,,,,,,,,,,20,,,,,,,2,1,0,0,0,1,0,0,0,,,,,,,,
17191789,2,1,N,N,43,5FNRL5H48DB051403,2013,17,44,571,103,N,78613,1,1,6,3,6,,,,N,,,N,,,,,,,,,,,,,,,,,,,,,,0,,,,,,,,,,2,1,0,0,0,1,0,0,0,,,,,,,,
17191790,1,1,N,N,43,1FAHP2MK3JG106110,2018,2,37,376,105,Y,78701,1,7,2,2,12,,,,N,AUSTEX TOWING,SERVICE CENTER #6,N,,,,,,,,,,,,,,,,,,,,,,0,,,,,,,,,,1,1,0,0,0,1,0,0,0,,,,,,,,
17191790,2,1,N,N,43,KMHCT5AE8HU343814,2017,11,45,557,104,N,78628,1,2,6,1,6,2,1,12,N,REMOVED BY OWNER,REMOVED BY OWNER,N,,,,,,,,,,,,,,,,,,,,,,0,,,,,,,,,,1,1,0,0,0,1,0,0,0,,,,,,,,
17191790,3,1,N,N,43,KMHCN46C49U293412,2009,21,45,557,104,N,78748,1,2,6,1,6,,,,N,REMOVED BY OWNER,REMOVED BY OWNER,N,,,,,,,,,,,,,,,,,,,,,,0,,,,,,,,,,1,2,0,0,0,1,0,0,0,,,,,,,,
17191790,4,1,N,N,43,1FAHP2MKXJG141176,2018,2,37,376,104,Y,78701,1,7,3,1,12,,,,N,NOT TOWED,NOT TOWED,N,,,,,,,,,,,,,,,,,,,,,,0,,,,,,,,,,1,2,0,0,0,1,0,0,0,,,,,,,,