Crash_ID,Unit_Nbr,Unit_Desc_ID,Veh_Parked_Fl,Veh_HNR_Fl,Veh_Lic_State_ID,VIN,Veh_Mod_Year,Veh_Color_ID,Veh_Make_ID,Veh_Mod_ID,Veh_Body_Styl_ID,Emer_Respndr_Fl,Ownr_Zip,Fin_Resp_Proof_ID,Fin_Resp_Type_ID,Veh_Dmag_Area_1_ID,Veh_Dmag_Scl_1_ID,Force_Dir_1_ID,Veh_Dmag_Area_2_ID,Veh_Dmag_Scl_2_ID,Force_Dir_2_ID,Veh_Inventoried_Fl,Veh_Transp_Name,Veh_Transp_Dest,Veh_Cmv_Fl,Cmv_Fiveton_Fl,Cmv_Hazmat_Fl,Cmv_Nine_Plus_Pass_Fl,Cmv_Veh_Oper_ID,Cmv_Carrier_ID_Type_ID,Cmv_Carrier_Zip,Cmv_Veh_Type_ID,Cmv_GVWR,Cmv_RGVW,Cmv_Hazmat_Rel_Fl,Hazmat_Cls_1_ID,Hazmat_IDNbr_1_ID,Hazmat_Cls_2_ID,Hazmat_IDNbr_2_ID,Cmv_Cargo_Body_ID,Cmv_Evnt1_ID,Cmv_Evnt2_ID,Cmv_Evnt3_ID,Cmv_Evnt4_ID,Cmv_Tot_Axle,Cmv_Tot_Tire,Contrib_Factr_1_ID,Contrib_Factr_2_ID,Contrib_Factr_3_ID,Contrib_Factr_P1_ID,Contrib_Factr_P2_ID,Veh_Dfct_1_ID,Veh_Dfct_2_ID,Veh_Dfct_3_ID,Veh_Dfct_P1_ID,Veh_Dfct_P2_ID,Veh_Trvl_Dir_ID,First_Harm_Evt_Inv_ID,Sus_Serious_Injry_Cnt,Nonincap_Injry_Cnt,Poss_Injry_Cnt,Non_Injry_Cnt,Unkn_Injry_Cnt,Tot_Injry_Cnt,Death_Cnt,Cmv_Disabling_Damage_Fl,Cmv_Bus_Type_ID,Trlr_GVWR,Trlr_RGVW,Trlr_Type_ID,Trlr_Disabling_Dmag_ID,Cmv_Intermodal_Container_Permit_Fl,CMV_Actual_Gross_Weight
17191791,1,1,N,N,43,4S4BP61C587342431,2008,17,85,1268,104,N,78723,1,2,2,2,12,,,,N,ZARBAS TOWING,ZARBAS TOWING,N,,,,,,,,,,,,,,,,,,,,,,22,,,,,,,,,,7,1,0,0,0,1,0,0,0,,,,,,,,
17191791,2,1,N,N,43,2FMZA52276BA47402,2006,18,37,1094,103,N,,1,2,6,1,6,,,,N,,,N,,,,,,,,,,,,,,,,,,,,,,0,,,,,,,,,,7,1,0,0,0,1,0,0,0,,,,,,,,
17191819,1,1,N,N,43,1GNEK13Z24R320297,2004,2,107,547,69,N,78748,1,2,2,3,12,,,,,SPECIAL AUTOMOTIVE SERVICE INC,SPECIAL AUTOMOTIVE SERVICE INC,N,,,,,,,,,,,,,,,,,,,,,,44,,,,,,,,,,1,1,0,1,1,0,0,2,0,,,,,,,,
17191819,2,1,N,N,43,JT3GP10V9X0038711,1999,10,91,581,69,N,78752,1,2,6,5,6,4,3,12,N,,,N,,,,,,,,,,,,,,,,,,,,,,0,,,,,,,,,,1,1,0,4,0,0,0,4,0,,,,,,,,
17191819,3,1,N,N,43,4JGED6EB0HA062295,2017,2,65,1110,69,N,78757,1,2,7,2,6,,,,N,NOT TOWED,,N,,,,,,,,,,,,,,,,,,,,,,0,,,,,,,,,,1,2,0,0,1,0,0,1,0,,,,,,,,
17191820,1,1,N,N,43,5NPEC4AC0BH139001,2011,3,45,462,104,N,78602,1,2,3,1,11,8,1,5,N,SOUTHSIDE WRECKER INC,8200 S. CONGRESS AVE,N,,,,,,,,,,,,,,,,,,,,,,0,,,,,6,,,,,5,1,0,0,0,1,0,0,0,,,,,,,,
17191820,2,1,N,N,43,3CZRU5H31GM742559,2016,99,44,107,69,N,78748,1,2,3,1,11,,,,N,,,N,,,,,,,,,,,,,,,,,,,,,,0,,,,,,,,,,5,2,0,0,0,1,0,0,0,,,,,,,,
17191821,1,1,N,N,43,1XPFA48X17N664044,2007,21,74,4057,106,N,78725,1,2,3,3,11,,,,N,,,Y,Y,N,N,2,3,76567,5,67000,0,N,,,,,6,13,,,,,,0,,,,,,,,,,5,1,0,0,0,2,0,0,0,N,0,,,,,N,
17191821,2,1,N,N,43,1G1JC12F057174399,2005,21,107,300,104,N,78730,1,2,16,4,3,,,,N,,,N,,,,,,,,,,,,,,,,,,,,,,0,,,,,,,,,,7,1,0,0,0,1,0,0,0,,,,,,,,
17191822,1,1,N,N,43,1FAHP3K27CL151781,2012,3,37,696,104,N,78704,1,2,8,2,,,,,N,,,N,,,,,,,,,,,,,,,,,,,,,,66,,,,,,,,,,5,1,0,0,0,2,0,0,0,,,,,,,,
17191822,2,1,N,N,43,19UUA66207A034150,2007,17,1,564,104,N,78664,1,2,2,2,12,,,,N,,,N,,,,,,,,,,,,,,,,,,,,,,0,,,,,,,,,,1,1,0,0,0,1,0,0,0,,,,,,,,
17191823,1,1,N,N,43,1GBJC34265E311360,2005,21,107,2220,30,N,78634,1,2,8,3,5,,,,N,,,N,,,,,,,,,,,,,,,,,,,,,,37,,,,,,,,,,3,1,0,0,0,1,0,0,0,,,,,,,,
17191823,2,1,N,N,43,JN8AZ08W64W323477,2004,2,71,777,104,N,78744,1,2,3,3,12,,,,N,ROCHAS TOWING SERVICE,ROCHAS TOWING SERVICE,N,,,,,,,,,,,,,,,,,,,,,,0,,,,,,,,,,7,1,0,0,1,1,0,1,0,,,,,,,,
17191824,1,1,N,N,43,JTKDE167960106901,2006,13,91,4331,100,N,78753,1,2,13,3,8,,,,N,,,N,,,,,,,,,,,,,,,,,,,,,,34,,,,,,,,,,8,1,0,0,0,1,0,0,0,,,,,,,,
17191824,2,1,N,N,43,4T1BK46K37U033723,2007,,91,380,104,N,78660,1,2,12,3,2,,,,N,PRONTO WRECKER SERVICE NORTH,PRONTO WRECKER SERVICE NORTH,N,,,,,,,,,,,,,,,,,,,,,,0,,,,,,,,,,2,1,0,0,0,4,0,0,0,,,,,,,,
17191825,1,1,N,N,43,JHMCP26498C028595,2008,9,44,236,104,N,78749,1,1,4,2,1,,,,Y,EZ AUTO AND TOWING SERVICE,EZ AUTO AND TOWING SERVICE,N,,,,,,,,,,,,,,,,,,,,,,22,44,,,,,,,,,1,1,0,0,0,1,0,0,0,,,,,,,,
17191825,2,1,N,N,43,5TFJX4GN3CX007447,2012,5,91,629,30,N,78735,1,1,,,,,,,Y,SPECIAL AUTOMOTIVE SERVICE INC,SPECIAL AUTOMOTIVE SERVICE INC,N,,,,,,,,,,,,,,,,,,,,,,0,,,,,,,,,,1,1,0,0,0,1,0,0,0,,,,,,,,
17191826,1,1,N,N,43,3N1CE2CP9FL420146,2015,17,71,1452,104,N,78715,1,1,9,5,9,9,5,11,,SPECIAL AUTOMOTIVE SERVICE INC,5702 BURLESON RD AUSTIN TX 78744,N,,,,,,,,,,,,,,,,,,,,,,65,66,20,,,,,,,,3,1,0,1,0,0,0,1,0,,,,,,,,
17191826,2,1,N,N,43,WP1AA2A24HKA80429,2017,2,76,962,104,N,78702,1,1,4,3,12,4,2,2,N,,,N,,,,,,,,,,,,,,,,,,,,,,0,,,,,,,,,,3,1,0,0,0,1,0,0,0,,,,,,,,
17191827,1,1,N,N,43,1N4AL3AP1HN331893,2017,2,71,500,104,N,78747,1,1,2,4,12,,,,N,HARPERS TOWING SERVICE INC,HARPERS TOWING SERVICE INC,N,,,,,,,,,,,,,,,,,,,,,,60,,,,,,,,,,8,1,0,0,0,1,0,0,0,,,,,,,,
17191827,2,1,N,N,43,2HGFC2F7XJH538933,2018,3,44,256,104,N,75016,1,1,15,4,10,,,,N,A-TEX TOWING,A-TEX TOWING,N,,,,,,,,,,,,,,,,,,,,,,0,,,,,,,,,,6,1,0,1,0,2,0,1,0,,,,,,,,
17191828,1,1,N,N,43,1GCEC14WXTZ206783,1996,21,107,658,30,N,78664,1,2,2,3,12,,,,Y,STARS TOWING,STARS TOWING,N,,,,,,,,,,,,,,,,,,,,,,16,,,,,,,,,,8,1,0,0,0,1,0,0,0,,,,,,,,
17191828,2,1,N,N,43,JF2SKAGC7KH427707,2019,10,85,646,69,N,78757,1,2,11,4,9,,,,Y,ATX-VIP TOWING SERVICES,ATX-VIP TOWING SERVICES,N,,,,,,,,,,,,,,,,,,,,,,0,,,,,,,,,,6,1,0,0,0,1,0,0,0,,,,,,,,
17191829,1,1,N,N,43,19XFB2F53FE003624,2015,17,44,256,104,N,78758,1,2,10,4,3,,,,N,PRONTO WRECKER SERVICE NORTH,PRONTO WRECKER SERVICE NORTH,N,,,,,,,,,,,,,,,,,,,,,,0,,,,,,,,,,7,1,0,0,0,1,0,0,0,,,,,,,,
17191829,2,1,N,Y,43,2CNDL13F776079033,2007,3,107,1048,69,N,,2,,2,4,12,,,,Y,620 LAKESIDE TOWING,620 LAKESIDE TOWING,N,,,,,,,,,,,,,,,,,,,,,,20,,,,,,,,,,5,1,0,0,0,1,0,0,0,,,,,,,,
17191830,1,1,N,N,43,3G1BE6SM9JS654043,2018,17,107,2209,104,N,,1,2,3,2,11,,,,N,STARS TOWING,STARS TOWING,N,,,,,,,,,,,,,,,,,,,,,,37,,,,,,,,,,5,1,0,0,0,1,0,0,0,,,,,,,,
17191830,2,1,N,N,43,5NPDH4AE9CH065979,2012,9,45,480,104,N,76710,1,2,2,4,12,,,,N,EZ AUTO AND TOWING SERVICE,EZ AUTO AND TOWING SERVICE,N,,,,,,,,,,,,,,,,,,,,,,0,,,,,,,,,,7,1,0,0,0,1,0,0,0,,,,,,,,
17191831,1,1,N,Y,43,KNAFB121435281406,2003,16,55,717,104,N,78653,1,2,,,,,,,N,,,N,,,,,,,,,,,,,,,,,,,,,,37,,,,,,,,,,7,1,0,0,0,0,1,0,0,,,,,,,,
17191831,2,1,N,N,43,1FADP3F27EL218228,2014,21,37,696,104,N,78744,1,2,3,1,11,,,,N,,,N,,,,,,,,,,,,,,,,,,,,,,0,,,,,,,,,,1,1,0,0,1,0,0,1,0,,,,,,,,
17191832,1,1,N,N,43,JN8AZ18U29W024421,2009,21,71,777,104,N,78724,1,1,8,5,,,,,N,AVILES & GABES WRECKER SERVICE INC.,AVILES & GABES WRECKER SERVICE INC.,N,,,,,,,,,,,,,,,,,,,,,,0,,,,,,,,,,7,1,0,0,0,1,0,0,0,,,,,,,,
17191832,2,1,N,N,43,3GNEC12T44G133816,2004,10,107,730,104,N,78653,1,1,2,3,1,,,,N,AVILES & GABES WRECKER SERVICE INC.,AVILES & GABES WRECKER SERVICE INC.,N,,,,,,,,,,,,,,,,,,,,,,0,,,,,,,,,,5,1,0,0,0,1,0,0,0,,,,,,,,
17191833,1,1,N,N,43,3N1CC11E49L444456,2009,21,71,69,104,N,78753,1,1,2,4,12,,,,Y,SPECIAL AUTOMOTIVE SERVICE INC,SPECIAL AUTOMOTIVE SERVICE INC,N,,,,,,,,,,,,,,,,,,,,,,67,,,,,,,,,,1,1,0,1,0,0,0,1,0,,,,,,,,
17191833,2,1,N,N,43,2GCEC19V611365113,2001,17,107,658,30,N,78724,2,,,,,,,,,,,N,,,,,,,,,,,,,,,,,,,,,,0,,,,,,,,,,1,1,0,0,0,1,0,0,0,,,,,,,,
17191834,1,1,N,N,43,1N4AL11D83C119880,2003,1,71,500,104,Y,78723,2,,2,4,12,,,,N,ARMADA TOWING,ARMADA TOWING,N,,,,,,,,,,,,,,,,,,,,,,,,,67,,,,,,,1,1,0,1,0,0,0,1,0,,,,,,,,
17191834,2,1,N,N,43,2C4RC1BG3CR105723,2012,21,21,66,103,Y,78723,1,1,11,2,9,,,,N,STARS TOWING,STARS TOWING,N,,,,,,,,,,,,,,,,,,,,,,0,,,,,,,,,,1,1,0,0,0,1,0,0,0,,,,,,,,
17191834,3,1,N,N,43,4T4BF1FK0DR320151,2013,17,91,178,104,Y,79103,1,1,11,3,9,,,,N,ATX-VIP TOWING SERVICES,ATX-VIP TOWING SERVICES,N,,,,,,,,,,,,,,,,,,,,,,0,,,,,,,,,,7,2,0,0,0,1,0,0,0,,,,,,,,
17191834,4,1,N,N,43,KNAFZ5A39F5390708,2015,99,55,1093,104,Y,78723,1,1,3,1,12,,,,N,,,N,,,,,,,,,,,,,,,,,,,,,,0,,,,,,,,,,5,2,0,0,0,1,0,0,0,,,,,,,,
17191835,1,1,N,N,43,,2012,3,68,435,100,N,78728,1,2,2,2,12,,,,N,EZ AUTO AND TOWING SERVICE,EZ AUTO AND TOWING SERVICE,N,,,,,,,,,,,,,,,,,,,,,,,,,19,,1,,,,,11,1,0,0,0,1,0,0,0,,,,,,,,
17191835,2,1,N,N,43,1FMEU17L73LA52157,2003,3,37,601,104,N,78754,1,2,5,1,6,,,,N,,,N,,,,,,,,,,,,,,,,,,,,,,0,,,,,,,,,,11,1,0,0,0,2,0,0,0,,,,,,,,
17191836,1,1,N,Y,113,,,99,,,0,N,,2,,2,1,1,,,,N,NONE,NONE,N,,,,,,,,,,,,,,,,,,,,,,20,,,,,,,,,,5,1,0,0,0,0,1,0,0,,,,,,,,
17191836,2,1,N,N,43,1B3EL46T25N642088,2005,21,109,551,104,N,78613,1,1,7,4,8,,,,N,BY OWNER,BY OWNER,N,,,,,,,,,,,,,,,,,,,,,,0,,,,,,,,,,5,1,0,0,0,1,0,0,0,,,,,,,,
17191837,1,1,N,Y,43,2HJYK163X7H529073,2007,17,44,1306,106,N,78753,1,1,8,1,4,7,1,7,N,,,N,,,,,,,,,,,,,,,,,,,,,,67,,,,,,,,,,5,1,0,0,0,1,0,0,0,,,,,,,,
17191837,2,1,N,Y,43,2GCEC19W621402087,2002,5,107,2202,106,N,,2,,3,1,1,,,,Y,AUS-TEX AUTO ENTERPRISES LLC,AUS-TEX AUTO ENTERPRISES LLC,N,,,,,,,,,,,,,,,,,,,,,,0,,,,,,,,,,5,1,0,0,0,1,0,0,0,,,,,,,,
17191839,1,1,N,Y,43,JTHBK1EG6B2461577,2011,9,58,1050,104,N,78759,1,1,5,1,12,,,,N,NA,NA,N,,,,,,,,,,,,,,,,,,,,,,0,,,,,,,,,,7,1,0,1,0,2,0,1,0,,,,,,,,
17191839,2,1,N,Y,113,,,99,,,0,N,,,,,,,,,,N,,,N,,,,,,,,,,,,,,,,,,,,,,0,,,,,,,,,,7,1,0,0,0,0,1,0,0,,,,,,,,
17191840,1,1,N,N,43,KL4CJASBXJB716824,2018,2,105,1041,69,N,78613,1,1,2,3,12,,,,N,AUS-TEX AUTO ENTERPRISES LLC,AUS-TEX AUTO ENTERPRISES LLC,N,,,,,,,,,,,,,,,,,,,,,,34,,,,,,,,,,3,1,0,0,0,2,0,0,0,,,,,,,,
17191840,2,1,N,N,43,2B3CJ4DG6BH590634,2011,13,109,73,100,N,78752,1,2,4,3,1,,,,N,ROCHAS TOWING SERVICE,ROCHAS TOWING SERVICE,N,,,,,,,,,,,,,,,,,,,,,,0,,,,,,,,,,5,1,0,0,0,1,0,0,0,,,,,,,,
17191841,1,1,N,N,43,JYARM27EXKA002792,2019,17,101,1558,71,N,78626,1,2,15,3,9,,,,N,ROCHAS TOWING SERVICE,ROCHAS TOWING SERVICE,N,,,,,,,,,,,,,,,,,,,,,,4,,,,,,,,,,3,1,0,1,0,0,0,1,0,,,,,,,,
17191841,2,1,N,N,43,1GNSCBKC2GR323935,2016,16,107,547,69,N,78741,1,2,1,2,12,,,,N,,,N,,,,,,,,,,,,,,,,,,,,,,0,,,,,,,,,,1,1,0,0,0,5,0,0,0,,,,,,,,
17191842,1,1,N,Y,43,2G1FB1E34E9129488,2014,9,107,46,100,N,78620,2,,2,6,11,3,6,12,Y,SOUTHSIDE WRECKER INC,SOUTHSIDE WRECKER INC,N,,,,,,,,,,,,,,,,,,,,,,,,,45,,,,,,,6,1,0,1,3,0,0,4,0,,,,,,,,
17191843,1,1,N,N,43,1N6AD06U86C425893,2006,2,71,634,106,N,78745,2,,1,0,12,,,,Y,SOUTHSIDE WRECKER INC,SOUTH SIDE TOWING,N,,,,,,,,,,,,,,,,,,,,,,67,,,,,,,,,,5,1,0,0,0,1,0,0,0,,,,,,,,
17191843,2,1,N,N,43,ZFBCFYAB1HP608397,2017,3,35,2956,104,N,78745,1,1,5,0,6,,,,N,,,N,,,,,,,,,,,,,,,,,,,,,,0,,,,,,,,,,5,1,0,0,0,3,0,0,0,,,,,,,,
17191844,1,1,N,N,43,JTEDW21A760001380,2006,17,91,721,69,N,78703,1,2,17,5,3,,,,Y,SOUTHSIDE WRECKER INC,8200 S. CONGRESS AVE,N,,,,,,,,,,,,,,,,,,,,,,22,,,67,,,,,,,1,1,1,0,0,0,0,1,0,,,,,,,,
17191844,2,1,Y,N,43,WBXPC93487WF07895,2007,17,14,1466,69,N,78723,1,2,,,,,,,N,SOUTHSIDE WRECKER INC,8200 S. CONGRESS AVE,N,,,,,,,,,,,,,,,,,,,,,,0,,,,,,,,,,1,1,0,0,0,0,0,0,0,,,,,,,,
17191884,1,1,N,N,43,3MZBM1U78FM184357,2015,16,63,3917,104,N,78754,1,1,2,3,1,,,,N,AVILES & GABES WRECKER SERVICE INC.,AVILES & GABES WRECKER SERVICE INC.,N,,,,,,,,,,,,,,,,,,,,,,67,,,,,,,,,,3,1,0,0,0,1,0,0,0,,,,,,,,
17191884,2,1,Y,N,43,5Y2SP6E04AZ400169,2010,99,118,778,104,N,78745,,,13,1,8,,,,N,,,N,,,,,,,,,,,,,,,,,,,,,,0,,,,,,,,,,3,1,0,0,0,0,0,0,0,,,,,,,,
17191884,3,1,Y,N,43,5YFBURHE1GP550891,2016,9,91,173,104,N,78746,,,5,2,6,,,,N,,,N,,,,,,,,,,,,,,,,,,,,,,0,,,,,,,,,,3,2,0,0,0,0,0,0,0,,,,,,,,
17191885,1,1,N,N,43,5TBET34186S508152,2006,17,91,687,104,N,78724,3,1,4,4,1,17,4,10,Y,620 LAKESIDE TOWING,620 LAKESIDE TOWING,N,,,,,,,,,,,,,,,,,,,,,,45,,,,,,,,,,3,1,0,1,0,0,0,1,0,,,,,,,,
17191886,1,1,N,Y,43,1G2NF52F62C255096,2002,16,118,153,104,N,78702,1,2,2,0,12,,,,Y,SOUTHSIDE WRECKER INC,8200 S. CONGRESS AVE,N,,,,,,,,,,,,,,,,,,,,,,0,,,,,,,,,,5,1,0,0,0,0,0,0,0,,,,,,,,
17191886,2,1,N,N,43,1C3CDZAB4EN167093,2014,16,109,549,104,N,78724,2,,6,1,6,,,,N,,,N,,,,,,,,,,,,,,,,,,,,,,0,,,,,,,,,,5,1,0,0,1,1,0,1,0,,,,,,,,
17191887,1,1,N,N,13,KL8CD6SA2HC765224,2017,2,107,2244,104,N,60062,2,,2,5,12,,,,Y,SPECIAL AUTOMOTIVE SERVICE INC,SPECIAL AUTOMOTIVE SERVICE INC,N,,,,,,,,,,,,,,,,,,,,,,0,,,,,,,,,,5,1,0,0,0,1,0,0,0,,,,,,,,
17191888,1,1,N,N,43,JN1BJ0RP9HM382591,2017,17,47,2393,69,N,78704,1,1,3,5,12,15,4,11,N,SOUTHSIDE WRECKER INC,8200 S. CONGRESS AVE,N,,,,,,,,,,,,,,,,,,,,,,20,,,,,,,,,,2,1,0,0,0,1,0,0,0,,,,,,,,
17191888,2,1,Y,N,43,1N6BA07A17N232511,2007,16,71,1397,30,N,78745,1,1,7,4,8,,,,N,NOT TOWED,NOT TOWED,N,,,,,,,,,,,,,,,,,,,,,,0,,,,,,,,,,8,2,0,0,0,0,0,0,0,,,,,,,,
17191888,3,1,Y,N,43,4S4BSAHC9K3228552,2019,2,85,1268,104,N,78704,1,1,7,3,8,,,,N,NOT TOWED,NOT TOWED,N,,,,,,,,,,,,,,,,,,,,,,0,,,,,,,,,,8,2,0,0,0,0,0,0,0,,,,,,,,
17191889,1,1,N,N,43,KNMAT2MV3JP509196,2018,2,71,69,103,N,76504,1,1,6,2,6,,,,N,NA,NA,N,,,,,,,,,,,,,,,,,,,,,,0,,,,,,,,,,6,1,0,0,1,4,0,1,0,,,,,,,,
17191889,2,1,N,N,43,1D8HN44H38B169894,2008,16,109,550,103,N,76504,1,1,2,3,12,,,,N,TOWED BY OWNER,NA,N,,,,,,,,,,,,,,,,,,,,,,44,,,,,,,,,,6,1,0,0,0,1,0,0,0,,,,,,,,
17191890,1,1,N,N,43,1FAHP2KT9AG140211,2010,21,37,376,104,N,78745,1,1,3,6,11,,,,Y,SPECIAL AUTOMOTIVE SERVICE INC,5700 BURLESON RD,N,,,,,,,,,,,,,,,,,,,,,,20,68,,,,,,,,,3,1,0,0,1,0,0,1,0,,,,,,,,
17191891,1,1,N,N,43,3FAHP07Z87R178449,2007,3,37,229,104,N,76574,1,2,2,4,12,,,,N,EZ AUTO AND TOWING SERVICE,EZ AUTO AND TOWING SERVICE,N,,,,,,,,,,,,,,,,,,,,,,41,,,,,,,,,,1,1,0,0,0,1,0,0,0,,,,,,,,
17191891,2,1,N,N,43,3GCUKREC8JG263014,2018,17,107,658,30,N,78648,1,2,6,1,6,,,,,,,N,,,,,,,,,,,,,,,,,,,,,,0,,,,,,,,,,1,1,0,0,0,2,0,0,0,,,,,,,,
17191891,3,1,N,N,9,1FM5K7F8XKGA64218,2019,17,37,554,69,N,32827,1,2,6,1,6,,,,,,,N,,,,,,,,,,,,,,,,,,,,,,0,,,,,,,,,,1,2,0,0,0,1,0,0,0,,,,,,,,
17191892,1,1,N,N,43,3N1AB7AP2FL645119,2015,21,71,341,104,N,78702,1,1,13,3,9,,,,Y,EZ AUTO AND TOWING SERVICE,11108 GEORGIAN AUSTIN  TX,N,,,,,,,,,,,,,,,,,,,,,,4,,,,,,,,,,7,1,0,0,0,1,0,0,0,,,,,,,,
17191892,2,1,N,N,43,5TFCZ5AN4HX110076,2017,9,91,629,106,N,78702,1,1,11,2,11,,,,N,,,N,,,,,,,,,,,,,,,,,,,,,,0,,,,,,,,,,7,1,0,0,0,2,0,0,0,,,,,,,,
17191893,1,1,N,N,43,1C3CDFBB5GD564821,2016,9,109,78,104,N,78747,1,2,11,2,11,,,,N,A-TEX TOWING,SOUTH POINT DODGE,N,,,,,,,,,,,,,,,,,,,,,,74,,,,,,,,,,5,1,0,0,0,1,0,0,0,,,,,,,,
17191894,1,1,N,N,43,5N1AT2MT4KC788354,2019,3,71,1310,69,N,78748,1,2,2,4,12,,,,N,ARMADA TOWING,ARMADA TOWING,N,,,,,,,,,,,,,,,,,,,,,,37,,,,,,,,,,3,1,0,0,0,1,0,0,0,,,,,,,,
17191894,2,1,N,N,43,JHMGE8H51CC012058,2012,2,44,1083,104,N,78704,1,2,15,4,9,,,,N,,,N,,,,,,,,,,,,,,,,,,,,,,0,,,,,,,,,,7,1,0,0,0,1,0,0,0,,,,,,,,
17191895,1,1,N,N,43,1C3AN69L34X015602,2004,2,21,759,100,N,78704,1,1,1,0,12,,,,Y,SOUTHSIDE WRECKER INC,8200 S. CONGRESS AVE,N,,,,,,,,,,,,,,,,,,,,,,67,,,,,,,,,,7,1,0,0,0,1,0,0,0,,,,,,,,
17191895,2,1,Y,N,43,ZD4TGC0036S000229,2006,2,6,1502,71,N,78723,2,,9,2,9,,,,,NA,,N,,,,,,,,,,,,,,,,,,,,,,0,,,,,,,,,,5,1,0,0,0,0,0,0,0,,,,,,,,
17191896,1,1,N,N,43,3CZRE3H34AG704816,2010,17,44,605,69,N,78705,1,2,2,3,12,,,,N,AVILES & GABES WRECKER SERVICE INC.,AVILES & GABES WRECKER SERVICE INC.,N,,,,,,,,,,,,,,,,,,,,,,44,,,,,,,,,,1,1,0,0,0,1,0,0,0,,,,,,,,
17191896,2,1,N,N,43,1G1PC5SB2F7261088,2015,5,107,2209,104,N,77566,1,2,7,4,,2,2,12,N,A-TEX TOWING,A-TEX TOWING,N,,,,,,,,,,,,,,,,,,,,,,0,,,,,,,,,,1,1,0,0,0,1,0,0,0,,,,,,,,
17191896,3,1,N,N,43,55SWF8DBXKU300957,2019,17,65,671,104,N,78725,1,2,8,2,,,,,N,,,N,,,,,,,,,,,,,,,,,,,,,,0,,,,,,,,,,1,2,0,0,0,2,0,0,0,,,,,,,,
17191897,1,1,N,N,43,JM3KE2CE5D0129734,2013,17,63,2471,104,N,78640,1,1,13,2,9,,,,N,ROCHAS,ROCHAS TOWING SERVICE,N,,,,,,,,,,,,,,,,,,,,,,0,,,,,,,,,,3,1,0,0,0,1,0,0,0,,,,,,,,
17191897,2,1,N,N,43,5YFBURHE2HP664030,2017,2,91,173,104,N,78221,1,1,2,4,12,,,,N,SOUTHSIDE,SOUTHSIDE,N,,,,,,,,,,,,,,,,,,,,,,0,,,,,,,,,,5,1,0,2,0,0,0,2,0,,,,,,,,
17191898,1,1,N,N,43,5TBRT38155S468221,2005,,91,687,30,N,78745,1,1,2,4,10,,,,N,,,N,,,,,,,,,,,,,,,,,,,,,,0,,,,,,,,,,1,1,0,0,0,1,0,0,0,,,,,,,,
17191898,2,1,N,N,43,5NPE24AF8GH413937,2016,3,45,462,104,N,78744,1,1,11,4,11,,,,Y,A-TEX TOWING,5526 1/2 W HWY 290,N,,,,,,,,,,,,,,,,,,,,,,0,,,,,,,,,,5,1,0,0,0,1,0,0,0,,,,,,,,
17191899,1,1,N,N,43,1GCCS1959Y8230869,2000,3,107,2233,30,N,78752,1,2,11,2,9,,,,N,DRIVEN FROM SCENE,DRIVEN FROM SCENE,N,,,,,,,,,,,,,,,,,,,,,,37,,,,,,,,,,6,1,0,0,0,2,0,0,0,,,,,,,,
17191899,2,1,N,N,43,JTDKB20U953034008,2005,2,91,702,104,N,78753,1,2,4,3,12,,,,N,REMAINED ON SCENE,REMAINED ON SCENE,N,,,,,,,,,,,,,,,,,,,,,,0,,,,,,,,,,8,1,0,0,0,1,0,0,0,,,,,,,,
17191900,1,1,N,N,43,1N4AL21E88N544980,2008,21,71,500,104,N,75126,1,2,2,4,,,,,,STARS TOWING,STARS TOWING,N,,,,,,,,,,,,,,,,,,,,,,20,,,,,,,,,,1,1,0,0,0,2,0,0,0,,,,,,,,
17191900,2,1,N,N,43,1C4PJMAB6GW261398,2016,2,429,970,104,N,78418,1,2,5,2,6,,,,N,,,N,,,,,,,,,,,,,,,,,,,,,,0,,,,,,,,,,1,1,0,0,0,4,0,0,0,,,,,,,,
17191901,1,1,N,N,43,1N4AL3AP8GC239738,2016,2,71,500,104,N,78642,1,2,18,7,3,,,,N,620 LAKESIDE TOWING,620 LAKESIDE TOWING,N,,,,,,,,,,,,,,,,,,,,,,37,,,,,,,,,,2,1,0,2,0,0,0,2,0,,,,,,,,
17191901,2,1,N,N,43,2FMGK5CCXCBD13115,2012,2,37,1088,104,N,78717,1,2,2,4,12,,,,N,STARS TOWING,STARS TOWING,N,,,,,,,,,,,,,,,,,,,,,,0,,,,,,,,,,6,1,0,2,0,2,0,2,0,,,,,,,,
17191902,1,1,N,N,43,1N4AL3APXGC222200,2016,9,71,500,104,N,78721,1,2,2,4,12,,,,N,STARS TOWING,STARS TOWING,N,,,,,,,,,,,,,,,,,,,,,,0,,,,,,,,,,1,1,0,1,0,0,0,1,0,,,,,,,,
17191902,2,1,N,N,43,3GCEC13CX8G190213,2008,9,107,658,30,N,,1,2,6,2,6,1,1,12,N,,,N,,,,,,,,,,,,,,,,,,,,,,0,,,,,,,,,,1,1,0,0,0,2,0,0,0,,,,,,,,
17191902,3,1,N,N,43,5TETX22N88Z529320,2008,17,91,629,30,N,78741,1,2,,,,,,,N,,,N,,,,,,,,,,,,,,,,,,,,,,0,,,,,,,,,,1,2,0,0,0,1,0,0,0,,,,,,,,
17191903,1,1,N,N,43,1C6RR7NM4GS238280,2016,2,710,4100,30,N,78759,1,2,2,5,12,,,,N,AUS-TEX AUTO ENTERPRISES LLC,AUS-TEX AUTO ENTERPRISES LLC,N,,,,,,,,,,,,,,,,,,,,,,0,,,,,,,,,,4,1,0,1,0,0,0,1,0,,,,,,,,