Crash_ID,Unit_Nbr,Unit_Desc_ID,Veh_Parked_Fl,Veh_HNR_Fl,Veh_Lic_State_ID,VIN,Veh_Mod_Year,Veh_Color_ID,Veh_Make_ID,Veh_Mod_ID,Veh_Body_Styl_ID,Emer_Respndr_Fl,Ownr_Zip,Fin_Resp_Proof_ID,Fin_Resp_Type_ID,Veh_Dmag_Area_1_ID,Veh_Dmag_Scl_1_ID,Force_Dir_1_ID,Veh_Dmag_Area_2_ID,Veh_Dmag_Scl_2_ID,Force_Dir_2_ID,Veh_Inventoried_Fl,Veh_Transp_Name,Veh_Transp_Dest,Veh_Cmv_Fl,Cmv_Fiveton_Fl,Cmv_Hazmat_Fl,Cmv_Nine_Plus_Pass_Fl,Cmv_Veh_Oper_ID,Cmv_Carrier_ID_Type_ID,Cmv_Carrier_Zip,Cmv_Veh_Type_ID,Cmv_GVWR,Cmv_RGVW,Cmv_Hazmat_Rel_Fl,Hazmat_Cls_1_ID,Hazmat_IDNbr_1_ID,Hazmat_Cls_2_ID,Hazmat_IDNbr_2_ID,Cmv_Cargo_Body_ID,Cmv_Evnt1_ID,Cmv_Evnt2_ID,Cmv_Evnt3_ID,Cmv_Evnt4_ID,Cmv_Tot_Axle,Cmv_Tot_Tire,Contrib_Factr_1_ID,Contrib_Factr_2_ID,Contrib_Factr_3_ID,Contrib_Factr_P1_ID,Contrib_Factr_P2_ID,Veh_Dfct_1_ID,Veh_Dfct_2_ID,Veh_Dfct_3_ID,Veh_Dfct_P1_ID,Veh_Dfct_P2_ID,Veh_Trvl_Dir_ID,First_Harm_Evt_Inv_ID,Sus_Serious_Injry_Cnt,Nonincap_Injry_Cnt,Poss_Injry_Cnt,Non_Injry_Cnt,Unkn_Injry_Cnt,Tot_Injry_Cnt,Death_Cnt,Cmv_Disabling_Damage_Fl,Cmv_Bus_Type_ID,Trlr_GVWR,Trlr_RGVW,Trlr_Type_ID,Trlr_Disabling_Dmag_ID,Cmv_Intermodal_Container_Permit_Fl,CMV_Actual_Gross_Weight
17207079,2,1,N,N,43,5NPDH4AE3GH658162,2016,16,45,480,104,N,78749,1,2,6,2,6,,,,N,N/A,N/A,N,,,,,,,,,,,,,,,,,,,,,,0,,,,,,,,,,5,1,0,0,0,1,0,0,0,,,,,,,,
17207080,1,1,N,N,43,1FMEU64E68UA35452,2008,9,37,554,69,N,78744,1,2,2,2,12,,,,N,HARPERS TOWING SERVICE INC,HARPERS TOWING SERVICE INC,N,,,,,,,,,,,,,,,,,,,,,,33,,,,,,,,,,3,1,0,0,0,1,0,0,0,,,,,,,,
17207080,2,1,N,N,43,JM1BK143351311677,2005,9,63,3917,104,N,78745,1,2,12,3,2,,,,N,ARMADA TOWING,ARMADA TOWING,N,,,,,,,,,,,,,,,,,,,,,,0,,,,,,,,,,5,1,0,0,1,0,0,1,0,,,,,,,,
17207081,1,1,N,N,43,JM1BJ245331110482,2003,21,63,772,104,N,78745,1,1,11,2,9,,,,N,HARPERS TOWING SERVICE INC,HARPERS TOWING SERVICE INC,N,,,,,,,,,,,,,,,,,,,,,,0,,,,,,,,,,3,1,0,0,0,1,0,0,0,,,,,,,,
17207081,2,1,N,N,43,JN8AZ2KR5AT167363,2010,3,71,998,104,N,,2,,12,3,3,15,3,9,N,SPECIAL AUTOMOTIVE SERVICE INC,SPECIAL AUTOMOTIVE SERVICE INC,N,,,,,,,,,,,,,,,,,,,,,,0,,,,,,,,,,5,1,0,1,0,0,0,1,0,,,,,,,,
17207104,1,1,N,N,43,2T1CG22P21C431574,2001,17,91,686,100,N,78729,1,2,3,4,9,,,,N,620 LAKESIDE TOWING,620 LAKESIDE TOWING,N,,,,,,,,,,,,,,,,,,,,,,0,,,,,,,,,,6,1,0,0,0,1,0,0,0,,,,,,,,
17207104,2,1,N,N,43,5GRGN22U66H113598,2006,21,112,762,69,N,78729,1,2,4,3,12,,,,N,620 LAKESIDE TOWING,620 LAKESIDE TOWING,N,,,,,,,,,,,,,,,,,,,,,,0,,,,,,,,,,8,1,0,0,0,1,0,0,0,,,,,,,,
17207105,1,1,N,N,43,2G1FB1E31C9118803,2012,22,107,46,100,N,78741,1,1,14,4,3,,,,N,ROCHAS TOWING SERVICE,,N,,,,,,,,,,,,,,,,,,,,,,0,,,,,,,,,,1,1,0,0,0,1,0,0,0,,,,,,,,
17207105,2,1,N,N,43,JA4AD3A31EZ011802,2014,17,68,775,104,N,78704,1,1,2,4,12,,,,N,A-TEX TOWING,,N,,,,,,,,,,,,,,,,,,,,,,0,,,,,,,,,,5,1,0,0,0,1,0,0,0,,,,,,,,
17207106,1,1,N,N,43,JTJHT00W453550240,2005,9,58,637,69,N,78745,1,2,4,3,12,,,,N,ROCHAS TOWING SERVICE,ROCHAS TOWING SERVICE,N,,,,,,,,,,,,,,,,,,,,,,,,,19,,,,,,,7,1,0,0,0,1,0,0,0,,,,,,,,
17207106,2,1,Y,N,43,5FYD5KV02AB038133,2010,3,498,1410,47,N,76137,1,2,7,2,6,,,,N,,,N,,,,,,,,,,,,,,,,,,,,,,0,,,,,,,,,,7,1,0,0,0,0,0,0,0,,,,,,,,
17207107,1,1,N,N,43,1C4BJWDG7DL701512,2013,2,429,3662,104,N,78739,1,2,1,2,12,,,,N,,,N,,,,,,,,,,,,,,,,,,,,,,0,,,,,,,,,,3,1,0,0,1,2,1,1,0,,,,,,,,
17207107,2,1,N,N,43,5N1AL0MMXDC352706,2013,21,47,2389,104,N,78739,1,2,12,4,2,,,,N,HARPERS TOWING SERVICE INC,HARPERS TOWING SERVICE INC,N,,,,,,,,,,,,,,,,,,,,,,0,,,,,,,,,,7,1,0,1,0,2,0,1,0,,,,,,,,
17207108,1,1,N,N,43,2G4WS52M0X1410177,1999,21,105,25,104,N,78723,2,,1,3,12,,,,N,CLARK AUTO CARE,CLARK AUTO CARE,N,,,,,,,,,,,,,,,,,,,,,,0,,,,,6,,,,,3,1,0,0,1,0,0,1,0,,,,,,,,
17207109,1,1,N,N,42,JN8AS5MT6CW276446,2012,17,71,1310,69,N,78741,1,1,2,4,12,,,,N,OWNER,OWNER'S RESIDENCE,N,,,,,,,,,,,,,,,,,,,,,,77,,,,,,,,,,3,1,0,0,0,1,0,0,0,,,,,,,,
17207109,2,1,N,N,43,JTDBE32KX30244558,2003,17,91,380,104,N,78744,2,,11,5,10,,,,N,OWNER,OWNER'S RESIDENCE,N,,,,,,,,,,,,,,,,,,,,,,0,,,,,,,,,,7,1,0,0,1,3,0,1,0,,,,,,,,
17207110,1,1,N,N,43,1FAFP34N05W152948,2005,2,37,696,104,N,78723,1,2,8,1,7,,,,Y,AUS-TEX AUTO ENTERPRISES LLC,AUS-TEX AUTO ENTERPRISES LLC,N,,,,,,,,,,,,,,,,,,,,,,45,20,,,,,,,,,8,1,0,0,0,1,0,0,0,,,,,,,,
17207110,2,1,Y,N,43,2G1WF5E37D1150070,2013,9,107,53,104,N,78723,1,2,1,1,12,,,,N,,,N,,,,,,,,,,,,,,,,,,,,,,0,,,,,,,,,,8,1,0,0,0,1,0,0,0,,,,,,,,
17207111,1,1,N,N,43,2HGFG12817H502294,2007,21,44,256,100,N,78741,1,1,2,2,12,,,,Y,SOUTHSIDE WRECKER INC,SOUTHSIDE WRECKER,N,,,,,,,,,,,,,,,,,,,,,,0,,,,,,,,,,3,1,0,0,0,1,0,0,0,,,,,,,,
17207111,2,1,N,N,43,WDDHF5KB3EB049191,2014,21,65,3941,104,N,78704,1,1,6,2,6,,,,N,,,N,,,,,,,,,,,,,,,,,,,,,,0,,,,,,,,,,3,1,0,0,0,2,0,0,0,,,,,,,,
17207112,1,1,N,N,43,KM8J33AL2KU999749,2011,21,45,1431,104,N,78745,1,1,3,5,11,,,,N,HARPERS TOWING SERVICE INC,HARPERS TOWING SERVICE INC,N,,,,,,,,,,,,,,,,,,,,,,0,,,,,,,,,,7,1,0,1,0,3,0,1,0,,,,,,,,
17207112,2,1,N,N,43,2HGFB2F55FH549346,2015,2,44,256,104,N,78745,2,,2,6,12,,,,N,SOUTHSIDE WRECKER INC,SOUTHSIDE WRECKER INC,N,,,,,,,,,,,,,,,,,,,,,,0,,,,,,,,,,3,1,1,0,0,0,0,1,0,,,,,,,,
17207113,1,1,N,Y,,,,17,,,92,N,,,,,,,,,,,,,N,,,,,,,,,,,,,,,,,,,,,,0,,,,,,,,,,5,1,0,0,0,0,0,0,0,,,,,,,,
17207113,2,1,N,N,43,3FA6P0H76FR104143,2015,16,37,1097,92,N,75067,1,1,6,2,9,12,1,2,N,,,N,,,,,,,,,,,,,,,,,,,,,,0,,,,,,,,,,5,1,0,0,0,1,0,0,0,,,,,,,,
17207113,3,1,N,N,43,1NXBR32E46Z607153,2006,17,91,178,92,N,78753,1,1,11,1,9,,,,N,,,N,,,,,,,,,,,,,,,,,,,,,,0,,,,,,,,,,5,2,0,0,1,0,0,1,0,,,,,,,,
17207114,1,1,N,N,43,1G1PC5SH6G7183677,2016,16,107,2209,104,N,78732,1,1,2,7,12,,,,Y,PRONTO WRECKER SERVICE NORTH,PRONTO WRECKER SERVICE NORTH,N,,,,,,,,,,,,,,,,,,,,,,0,,,,,,,,,,5,1,0,0,0,1,0,0,0,,,,,,,,
17207114,2,1,N,N,43,1GC4K1EY3HF209015,2017,21,107,658,30,N,78627,1,2,3,5,12,,,,Y,INTERSTATE CHAPARRAL TOWING INC.,INTERSTATE CHAPARRAL TOWING INC.,N,,,,,,,,,,,,,,,,,,,,,,0,,,,,,,,,,1,1,0,0,0,1,0,0,0,,,,,,,,
17207115,1,1,N,Y,,,,,,,0,N,,,,,,,,,,,,,N,,,,,,,,,,,,,,,,,,,,,,0,,,,,,,,,,5,1,0,0,0,0,1,0,0,,,,,,,,
17207115,2,1,N,N,43,KNDJT2A24A7073789,2010,17,55,1357,69,N,78747,1,2,6,3,6,2,3,12,Y,,,N,,,,,,,,,,,,,,,,,,,,,,0,,,,,,,,,,5,1,0,0,0,1,0,0,0,,,,,,,,
17207115,3,1,N,N,43,1C4PJLCB3FW566881,2015,11,429,970,69,N,,1,2,6,1,6,,,,N,,,N,,,,,,,,,,,,,,,,,,,,,,22,,,,,,,,,,5,2,0,0,0,1,0,0,0,,,,,,,,
17207116,1,1,N,N,43,JNKCV51E36M505858,2006,3,47,764,104,N,77650,1,1,1,4,12,,,,N,,,N,,,,,,,,,,,,,,,,,,,,,,29,,,,,,,,,,7,1,0,0,0,1,0,0,0,,,,,,,,
17207116,2,1,N,N,43,3KPC24A35KE066822,2019,17,45,557,104,N,78748,1,1,5,3,6,,,,Y,HARPERS TOWING SERVICE INC,HARPERS TOWING SERVICE INC,N,,,,,,,,,,,,,,,,,,,,,,0,,,,,,,,,,7,1,0,0,0,2,0,0,0,,,,,,,,
17207116,3,1,N,N,43,JHMCG5664YC036851,2000,10,44,236,100,N,78748,1,1,5,6,6,,,,N,,,N,,,,,,,,,,,,,,,,,,,,,,0,,,,,,,,,,7,2,0,0,0,2,0,0,0,,,,,,,,
17207117,1,1,N,N,43,5TFDW5F11KX797463,2019,9,91,687,106,N,78641,1,1,10,4,3,,,,,,,N,,,,,,,,,,,,,,,,,,,,,,20,,,,,,,,,,5,1,0,0,0,1,0,0,0,,,,,,,,
17207118,1,1,N,N,43,1FTNF1CF5BKD10002,2011,21,37,2324,30,N,78741,3,2,3,5,11,2,3,12,N,PRONTO WRECKER SERVICE NORTH,PRONTO WRECKER SERVICE NORTH,N,,,,,,,,,,,,,,,,,,,,,,,,,37,20,,,,,,7,1,0,1,0,0,0,1,0,,,,,,,,
17207118,2,1,N,N,43,5J6RE3H51AL030306,2010,3,44,605,69,N,78753,1,2,3,6,11,2,3,12,N,AUS-TEX AUTO ENTERPRISES LLC,AUS-TEX AUTO ENTERPRISES LLC,N,,,,,,,,,,,,,,,,,,,,,,0,,,,,,,,,,3,1,0,0,1,0,0,1,0,,,,,,,,
17207119,1,1,N,N,43,3LN6L2G96FR616162,2015,2,113,2452,104,N,78758,1,2,3,2,11,,,,N,620 LAKESIDE TOWING,620 LAKESIDE TOWING,N,,,,,,,,,,,,,,,,,,,,,,34,,,,,,,,,,3,1,0,0,0,1,0,0,0,,,,,,,,
17207119,2,1,N,N,43,5YJ3E1EA4JF053437,2018,21,602,2033,104,N,78750,1,2,6,3,12,,,,N,620 LAKESIDE TOWING,620 LAKESIDE TOWING,N,,,,,,,,,,,,,,,,,,,,,,0,,,,,,,,,,5,1,0,0,1,0,0,1,0,,,,,,,,
17207124,1,1,N,Y,43,3C4PDCBG3GT224407,2016,2,109,1166,69,N,78665,1,1,,,,,,,N,,,N,,,,,,,,,,,,,,,,,,,,,,44,,,,,,,,,,1,1,0,0,0,0,1,0,0,,,,,,,,
17207124,2,1,N,N,43,1N4AL11D63C326834,2003,21,71,500,104,N,78747,1,2,6,2,6,,,,N,,,N,,,,,,,,,,,,,,,,,,,,,,0,,,,,,,,,,1,1,0,0,1,0,0,1,0,,,,,,,,
17207130,1,1,N,N,43,4T1BE46K59U864859,2009,9,91,380,104,N,78752,1,1,10,3,3,,,,N,,,N,,,,,,,,,,,,,,,,,,,,,,37,,,,,,,,,,3,1,0,1,0,2,0,1,0,,,,,,,,
17207130,2,1,N,N,43,3CZRM3H38GG702563,2016,17,44,605,104,N,78745,1,1,4,1,1,,,,Y,,,N,,,,,,,,,,,,,,,,,,,,,,0,,,,,,,,,,7,1,0,1,0,0,0,1,0,,,,,,,,
17207131,1,1,N,N,43,1C6RR7FG9GS410036,2016,2,109,2275,104,N,78612,1,1,2,3,12,,,,N,SPECIAL AUTOMOTIVE SERVICE INC,SPECIAL AUTOMOTIVE SERVICE INC,Y,Y,Y,N,1,2,78721,9,80000,0,N,3,1,3,8,98,13,,,,,,35,,,,,,,,,,5,1,0,0,0,1,0,0,0,N,0,,,,,N,
17207131,2,1,N,N,14,1XKAD49X3DJ344426,2018,16,54,1533,106,N,78653,1,1,10,2,3,,,,N,NONE,NONE,N,,,,,,,,,,,,,,,,,,,,,,0,,,,,,,,,,7,1,0,0,0,1,0,0,0,,,,,,,,
17207134,1,1,N,N,43,1FTRW12W37KA54937,2007,1,37,2324,30,N,78701,1,2,2,3,12,,,,N,,,N,,,,,,,,,,,,,,,,,,,,,,20,,,,,,,,,,1,1,0,0,0,1,0,0,0,,,,,,,,
17207134,2,1,N,N,43,1FM5K8AR7FGB91813,2015,2,37,554,104,Y,78702,1,7,6,3,6,,,,N,,,N,,,,,,,,,,,,,,,,,,,,,,0,,,,,,,,,,1,1,0,0,0,2,0,0,0,,,,,,,,
17207135,1,1,N,N,43,2HGES16575H615612,2005,9,44,256,104,N,78745,1,1,4,3,2,,,,N,,,N,,,,,,,,,,,,,,,,,,,,,,35,,,,,,,,,,2,1,0,0,0,1,0,0,0,,,,,,,,
17207135,2,1,N,N,43,JTKDE167760080749,2006,9,91,2573,104,N,78758,1,1,11,4,9,,,,Y,620 LAKESIDE TOWING,620 LAKESIDE TOWING,N,,,,,,,,,,,,,,,,,,,,,,0,,,,,,,,,,8,1,0,0,0,1,0,0,0,,,,,,,,
17207136,1,1,N,N,43,1FTRF12256NB63586,2006,21,37,101,30,N,78621,1,2,2,3,12,,,,N,AVILES & GABES WRECKER SERVICE INC.,AVILES & GABES WRECKER SERVICE INC.,N,,,,,,,,,,,,,,,,,,,,,,20,,,,,,,,,,8,1,0,0,0,1,0,0,0,,,,,,,,
17207136,2,1,N,N,43,1GNFK16Z76J171533,2006,16,107,249,104,N,78653,1,2,6,3,6,,,,N,,,N,,,,,,,,,,,,,,,,,,,,,,0,,,,,,,,,,8,1,0,0,0,1,0,0,0,,,,,,,,
17207137,1,1,N,N,43,KNDJN2A26G7271857,2016,18,55,1357,104,N,78634,1,1,2,5,12,,,,N,,,N,,,,,,,,,,,,,,,,,,,,,,22,,,,,,,,,,6,1,0,0,1,0,0,1,0,,,,,,,,
17207137,2,1,N,N,43,1FMJU1LT4JEA56186,2018,2,37,601,69,N,78665,1,1,6,2,6,,,,N,LAMONT & SONS,LAMONT & SONS,N,,,,,,,,,,,,,,,,,,,,,,0,,,,,,,,,,6,1,0,0,0,1,0,0,0,,,,,,,,
17207138,1,1,N,N,43,JTHBA1D28G5031886,2016,21,58,1156,104,N,76262,1,1,2,4,12,,,,N,A-TEX TOWING,,N,,,,,,,,,,,,,,,,,,,,,,,,,74,,,,,,,11,1,0,0,1,0,0,1,0,,,,,,,,
17207138,2,1,N,N,43,5UXCW2C55KL083780,2019,9,14,21,69,N,77994,1,1,13,3,8,,,,,,,N,,,,,,,,,,,,,,,,,,,,,,,,,74,,,,,,,11,1,0,0,0,1,0,0,0,,,,,,,,
17207173,1,1,N,N,43,19UUA8F5XBA006516,2011,9,1,564,104,N,78741,2,,2,5,12,,,,N,ROCHAS TOWING SERVICE,ROCHAS TOWING SERVICE,N,,,,,,,,,,,,,,,,,,,,,,20,,,,,,,,,,1,1,0,0,1,1,0,1,0,,,,,,,,
17207173,2,1,N,N,43,1NXBR32E44Z329061,2004,17,91,173,104,N,78753,1,2,6,3,6,,,,N,ROCHAS TOWING SERVICE,OWNERS RESIDENCE/REQUEST,N,,,,,,,,,,,,,,,,,,,,,,0,,,,,,,,,,1,1,0,0,0,1,0,0,0,,,,,,,,
17207174,1,1,N,N,43,1FTMF1C81HKD96978,2017,9,37,2324,30,N,78639,1,1,14,3,4,,,,N,A-TEX TOWING,,N,,,,,,,,,,,,,,,,,,,,,,,,,20,,,,,,,7,1,0,0,0,1,0,0,0,,,,,,,,
17207174,2,1,N,N,43,1N4AL3AP6GN342774,2016,2,71,500,104,N,78643,1,1,2,4,12,,,,N,EZ AUTO AND TOWING SERVICE,,N,,,,,,,,,,,,,,,,,,,,,,0,,,,,,,,,,5,1,0,0,0,1,0,0,0,,,,,,,,
17207175,1,1,N,N,43,KMHDN46D25U051824,2005,18,45,480,104,N,78660,1,1,2,1,12,,,,N,,,N,,,,,,,,,,,,,,,,,,,,,,37,,,,,,,,,,11,1,0,0,0,1,0,0,0,,,,,,,,
17207175,2,1,N,N,43,1N4AA51E99C850350,2009,17,71,297,104,N,78660,1,1,7,2,7,,,,N,CLARK AUTO CARE,CLARK AUTO CARE,N,,,,,,,,,,,,,,,,,,,,,,0,,,,,,,,,,11,1,0,0,0,0,1,0,0,,,,,,,,
17207176,1,1,N,N,43,1NXBU4EE0AZ316948,2010,,91,173,104,N,78731,1,2,2,5,12,,,,N,ATX-VIP TOWING SERVICES,ATX-VIP TOWING SERVICES,N,,,,,,,,,,,,,,,,,,,,,,20,,,60,,,,,,,1,1,0,0,2,2,0,2,0,,,,,,,,
17207176,2,1,N,N,43,JTDKB20UX73274350,2007,17,91,702,104,N,78751,1,2,3,4,11,,,,N,ROCHAS TOWING SERVICE,ROCHAS TOWING SERVICE,N,,,,,,,,,,,,,,,,,,,,,,0,,,,,,,,,,7,1,0,0,1,0,0,1,0,,,,,,,,
17207177,1,1,N,N,43,1G1ZC5E18BF135927,2011,3,107,56,104,N,78754,1,1,3,2,10,,,,N,ROCHAS TOWING SERVICE,ROCHAS TOWING SERVICE,N,,,,,,,,,,,,,,,,,,,,,,20,,,,,,,,,,2,1,0,0,0,2,0,0,0,,,,,,,,
17207177,2,1,N,N,10,3N1CN7AP0EL802936,2014,3,71,1452,104,N,31907,1,1,4,5,2,15,3,9,N,LAMONT & SONS,LAMONT & SONS,N,,,,,,,,,,,,,,,,,,,,,,0,,,,,,,,,,2,1,0,0,1,1,0,1,0,,,,,,,,
17207179,1,1,N,N,43,JNKCV51E95M218815,2005,9,47,764,104,N,78745,1,2,2,3,12,,,,N,,,N,,,,,,,,,,,,,,,,,,,,,,41,,,,,,,,,,3,1,0,0,0,1,0,0,0,,,,,,,,
17207179,2,1,N,N,43,3CZRU5H34JM719073,2018,3,44,107,69,N,78736,1,2,6,2,6,,,,N,,,N,,,,,,,,,,,,,,,,,,,,,,0,,,,,,,,,,3,1,1,0,0,1,0,1,0,,,,,,,,
17207180,1,1,N,N,43,1B4HR28Z4YF207617,2000,16,109,635,104,N,78586,1,1,11,1,9,13,1,7,N,A-TEX TOWING,5526 1/2 W HWY 290,N,,,,,,,,,,,,,,,,,,,,,,41,,,,,,,,,,1,1,0,0,0,1,0,0,0,,,,,,,,
17207181,1,1,N,N,43,1C6RR6FP8DS558216,2013,21,109,2275,30,N,32858,1,2,3,0,11,,,,N,,,N,,,,,,,,,,,,,,,,,,,,,,0,,,,,,,,,,1,1,0,0,0,1,0,0,0,,,,,,,,
17207181,2,4,,,,,,,,,,,,,,,,,,,,,,,,,,,,,,,,,,,,,,,,,,,,,0,,,,,,,,,,9,1,0,1,0,0,0,1,0,,,,,,,,
17207182,1,1,N,N,43,1GNFC13067R275663,2007,2,107,547,69,N,78751,1,2,15,2,10,,,,N,,,N,,,,,,,,,,,,,,,,,,,,,,35,,,,,,,,,,1,1,0,0,0,4,0,0,0,,,,,,,,
17207182,2,1,N,N,43,5YFBURHE2GP372215,2016,9,91,173,104,N,78741,1,2,2,3,12,,,,N,ROCHAS TOWING SERVICE,ROCHAS TOWING SERVICE,N,,,,,,,,,,,,,,,,,,,,,,0,,,,,,,,,,3,1,0,1,0,0,0,1,0,,,,,,,,
17207183,1,1,N,N,43,JTDBL40E39J052720,2009,17,91,380,104,N,78741,1,2,2,2,12,,,,N,,,N,,,,,,,,,,,,,,,,,,,,,,20,,,,,,,,,,3,1,0,0,0,1,0,0,0,,,,,,,,
17207183,2,1,N,N,43,3VW2B7AJ0HM239055,2017,3,96,473,104,N,76548,2,,6,1,6,,,,,,,N,,,,,,,,,,,,,,,,,,,,,,0,,,,,,,,,,3,1,0,2,0,0,0,2,0,,,,,,,,
17207184,1,1,N,N,43,3FA6P0HDXKR171487,2019,3,37,1097,104,N,78767,1,1,4,1,1,,,,N,NA,NA,N,,,,,,,,,,,,,,,,,,,,,,33,,,48,,,,,,,3,1,0,0,0,1,0,0,0,,,,,,,,
17207184,2,1,N,N,43,1GB6G5BB0F1286005,2015,21,107,731,47,N,78702,1,1,16,1,3,,,,N,NA,NA,N,,,,,,,,,,,,,,,,,,,,,,0,,,,,,,,,,5,1,0,0,0,1,0,0,0,,,,,,,,
17207185,1,1,N,Y,43,JTHBF30G830138992,2003,21,58,1050,104,N,78704,2,,,,,,,,N,,,N,,,,,,,,,,,,,,,,,,,,,,0,,,,,,,,,,1,1,0,0,0,0,1,0,0,,,,,,,,
17207185,2,1,N,N,13,1G1PE5SB3G7171699,2016,2,107,2209,104,N,78729,1,1,6,1,6,,,,N,,,N,,,,,,,,,,,,,,,,,,,,,,0,,,,,,,,,,1,1,0,0,0,1,0,0,0,,,,,,,,
17207187,1,1,N,N,43,3N1CN7AP1EL864328,2014,21,71,1452,104,N,78626,1,2,13,2,9,,,,N,,,N,,,,,,,,,,,,,,,,,,,,,,35,,,,,,,,,,2,1,0,0,0,1,0,0,0,,,,,,,,
17207187,2,1,N,N,43,2T1KU40E39C002876,2009,8,91,1208,104,N,78745,1,2,1,2,12,,,,N,STARS TOWING,STARS TOWING,N,,,,,,,,,,,,,,,,,,,,,,0,,,,,,,,,,4,1,0,0,0,1,0,0,0,,,,,,,,
17207188,1,1,N,N,43,1C4RJEAG1HC845978,2017,16,429,970,69,N,78741,1,2,12,1,11,,,,N,,,N,,,,,,,,,,,,,,,,,,,,,,,,,20,,,,,,,1,1,0,0,0,1,0,0,0,,,,,,,,
17207188,2,1,N,N,43,KNAFW4A34C5475633,2012,9,55,1093,104,N,78237,1,2,2,2,12,,,,N,BULLET TOWING,BULLET TOWING,N,,,,,,,,,,,,,,,,,,,,,,,,,29,,,,,,,3,1,0,0,0,1,0,0,0,,,,,,,,
17207190,1,1,N,N,43,1FTPW12555KC17101,2005,2,37,2324,30,N,78702,1,1,2,4,1,,,,Y,EZ AUTO AND TOWING SERVICE,EZ AUTO AND TOWING SERVICE,N,,,,,,,,,,,,,,,,,,,,,,74,,,,,,,,,,3,1,0,0,1,0,0,1,0,,,,,,,,
17207190,2,1,N,N,43,JTMBF4DV9A5018313,2010,1,91,581,69,N,78702,1,1,7,3,6,,,,N,,,N,,,,,,,,,,,,,,,,,,,,,,0,,,,,,,,,,3,1,0,1,0,0,0,1,0,,,,,,,,
17207190,3,1,Y,N,43,5J6RM3H30EL004934,2014,16,44,107,69,N,,1,1,7,5,7,,,,Y,ROCHAS TOWING SERVICE,ROCHAS TOWING SERVICE,N,,,,,,,,,,,,,,,,,,,,,,0,,,,,,,,,,3,2,0,0,0,0,0,0,0,,,,,,,,
17207192,1,1,N,N,43,1FTDX17W3VNC31613,1997,17,37,2324,30,N,78741,1,2,4,4,1,,,,Y,SOUTHSIDE WRECKER INC,SOUTHSIDE,N,,,,,,,,,,,,,,,,,,,,,,67,22,,,,,,,,,1,1,0,0,0,1,0,0,0,,,,,,,,
17207192,2,1,Y,N,43,1FTEF25N4FKA74264,1985,16,37,2324,30,N,78741,,,7,5,7,,,,N,,,N,,,,,,,,,,,,,,,,,,,,,,0,,,,,,,,,,1,1,0,0,0,0,0,0,0,,,,,,,,
17207193,1,1,N,N,43,2HKRM3H30CH504048,2012,2,44,605,69,N,78727,1,2,4,2,12,,,,N,620 LAKESIDE TOWING,620 LAKESIDE TOWING,N,,,,,,,,,,,,,,,,,,,,,,0,,,,,,,,,,1,1,0,0,0,4,0,0,0,,,,,,,,
17207194,1,1,N,N,43,2GCEK13T751227001,2005,1,107,2237,30,N,78664,1,1,7,1,11,,,,Y,AUS-TEX AUTO ENTERPRISES LLC,AUS-TEX AUTO ENTERPRISES LLC,N,,,,,,,,,,,,,,,,,,,,,,67,,,,,,,,,,5,1,0,0,0,1,0,0,0,,,,,,,,
17207195,1,1,N,N,43,WA1C2AFPXHA090937,2017,2,8,1284,104,N,78738,1,1,2,2,12,,,,Y,SOUTHSIDE WRECKER INC,5526 1/2 W HWY 290,N,,,,,,,,,,,,,,,,,,,,,,,,,45,68,,,,,,7,1,0,0,0,1,0,0,0,,,,,,,,
17207195,2,1,N,N,43,1C4BJWFG2EL199474,2014,21,429,1181,104,N,78704,2,,,,,,,,N,,,N,,,,,,,,,,,,,,,,,,,,,,0,,,,,,,,,,5,1,0,0,0,1,0,0,0,,,,,,,,
17207197,1,1,N,N,43,JNKBV61E98M200952,2008,,47,764,104,N,78721,1,1,3,1,9,,,,N,,,N,,,,,,,,,,,,,,,,,,,,,,,,,37,,,,,,,4,1,0,0,0,1,0,0,0,,,,,,,,
17207197,2,3,,,,,,,,,,,,,,,,,,,,,,,,,,,,,,,,,,,,,,,,,,,,,0,,,,,,,,,,9,1,0,1,0,0,0,1,0,,,,,,,,
17207198,1,1,N,N,43,1J4NT2GB5AD531392,2010,2,429,1273,104,N,78660,1,2,2,2,12,,,,Y,ROCHAS TOWING SERVICE,ROCHAS TOWING SERVICE,N,,,,,,,,,,,,,,,,,,,,,,22,,,20,,,,,,,1,1,0,0,0,1,0,0,0,,,,,,,,
17207198,2,1,N,N,43,3N1BC13EX9L406495,2009,3,71,1452,104,N,78664,1,2,6,5,6,2,4,11,Y,BULLET TOWING,BULLET TOWING,N,,,,,,,,,,,,,,,,,,,,,,0,,,,,,,,,,1,1,0,0,3,0,0,3,0,,,,,,,,
17207198,3,1,N,N,43,2HGEH2362SH516077,1995,21,44,256,100,N,78754,1,2,5,3,6,,,,N,,,N,,,,,,,,,,,,,,,,,,,,,,0,,,,,,,,,,1,2,0,0,0,1,0,0,0,,,,,,,,
17207199,1,1,N,N,43,2T3ZF4DVXBW077332,2011,,91,581,104,N,78610,1,1,3,2,12,,,,Y,A-TEX TOWING,A-TEX TOWING,N,,,,,,,,,,,,,,,,,,,,,,0,,,,,,,,,,7,1,0,0,0,1,0,0,0,,,,,,,,