Crash_ID,Unit_Nbr,Unit_Desc_ID,Veh_Parked_Fl,Veh_HNR_Fl,Veh_Lic_State_ID,VIN,Veh_Mod_Year,Veh_Color_ID,Veh_Make_ID,Veh_Mod_ID,Veh_Body_Styl_ID,Emer_Respndr_Fl,Ownr_Zip,Fin_Resp_Proof_ID,Fin_Resp_Type_ID,Veh_Dmag_Area_1_ID,Veh_Dmag_Scl_1_ID,Force_Dir_1_ID,Veh_Dmag_Area_2_ID,Veh_Dmag_Scl_2_ID,Force_Dir_2_ID,Veh_Inventoried_Fl,Veh_Transp_Name,Veh_Transp_Dest,Veh_Cmv_Fl,Cmv_Fiveton_Fl,Cmv_Hazmat_Fl,Cmv_Nine_Plus_Pass_Fl,Cmv_Veh_Oper_ID,Cmv_Carrier_ID_Type_ID,Cmv_Carrier_Zip,Cmv_Veh_Type_ID,Cmv_GVWR,Cmv_RGVW,Cmv_Hazmat_Rel_Fl,Hazmat_Cls_1_ID,Hazmat_IDNbr_1_ID,Hazmat_Cls_2_ID,Hazmat_IDNbr_2_ID,Cmv_Cargo_Body_ID,Cmv_Evnt1_ID,Cmv_Evnt2_ID,Cmv_Evnt3_ID,Cmv_Evnt4_ID,Cmv_Tot_Axle,Cmv_Tot_Tire,Contrib_Factr_1_ID,Contrib_Factr_2_ID,Contrib_Factr_3_ID,Contrib_Factr_P1_ID,Contrib_Factr_P2_ID,Veh_Dfct_1_ID,Veh_Dfct_2_ID,Veh_Dfct_3_ID,Veh_Dfct_P1_ID,Veh_Dfct_P2_ID,Veh_Trvl_Dir_ID,First_Harm_Evt_Inv_ID,Sus_Serious_Injry_Cnt,Nonincap_Injry_Cnt,Poss_Injry_Cnt,Non_Injry_Cnt,Unkn_Injry_Cnt,Tot_Injry_Cnt,Death_Cnt,Cmv_Disabling_Damage_Fl,Cmv_Bus_Type_ID,Trlr_GVWR,Trlr_RGVW,Trlr_Type_ID,Trlr_Disabling_Dmag_ID,Cmv_Intermodal_Container_Permit_Fl,CMV_Actual_Gross_Weight
17207202,1,1,N,N,43,3N1AB7AP5FY358408,2015,2,71,341,104,N,78759,1,2,3,5,11,10,4,1,Y,A & A WRECKER NORTH,A&A,N,,,,,,,,,,,,,,,,,,,,,,19,,,,,,,,,,7,1,0,0,0,1,0,0,0,,,,,,,,
17207204,1,1,N,N,43,1C6RREDT9KN800548,2019,2,109,2275,30,N,78748,1,2,3,6,11,,,,Y,STARS TOWING,STARS TOWING,N,,,,,,,,,,,,,,,,,,,,,,60,,,,,,,,,,1,1,0,1,0,0,0,1,0,,,,,,,,
17207360,1,1,N,N,43,5FNRL18582B027066,2002,17,44,571,69,N,78745,1,1,2,3,12,,,,N,EZ AUTO AND TOWING SERVICE,EZ AUTO AND TOWING SERVICE,N,,,,,,,,,,,,,,,,,,,,,,20,,,,,,,,,,7,1,0,0,0,1,0,0,0,,,,,,,,
17207360,2,1,N,N,43,1GKS1BKC6HR331184,2017,21,39,479,69,N,75205,1,1,6,1,6,,,,N,NONE,NONE,N,,,,,,,,,,,,,,,,,,,,,,0,,,,,,,,,,7,1,0,0,0,1,0,0,0,,,,,,,,
17207617,1,1,N,N,43,KMHDU46D87U062591,2007,3,45,480,104,N,78641,1,2,11,2,11,,,,N,,,N,,,,,,,,,,,,,,,,,,,,,,65,,,20,,,,,,,1,1,0,0,0,1,0,0,0,,,,,,,,
17207617,2,1,N,N,43,5FNYF4H54EB052474,2014,5,44,761,69,N,78947,1,2,14,1,4,,,,N,,,N,,,,,,,,,,,,,,,,,,,,,,0,,,,,,,,,,1,1,0,0,0,1,0,0,0,,,,,,,,
17207913,1,1,N,N,43,3D7KR28C86G103069,2006,17,109,2276,30,N,78140,1,2,4,2,12,,,,N,,,N,,,,,,,,,,,,,,,,,,,,,,17,,,,,,,,,,1,1,0,0,0,1,0,0,0,,,,,,,,
17207913,2,1,N,N,1,3GCEK13M67G513683,2007,2,107,2236,30,N,36608,1,2,15,3,8,,,,N,,,N,,,,,,,,,,,,,,,,,,,,,,0,,,,,,,,,,1,1,0,0,0,1,0,0,0,,,,,,,,
17209172,1,1,N,Y,43,1FMRU1767XLC17674,1999,2,37,601,69,N,75050,1,1,2,1,12,,,,N,N/A,N/A,N,,,,,,,,,,,,,,,,,,,,,,34,,,,,,,,,,1,1,0,0,0,0,1,0,0,,,,,,,,
17209172,2,1,N,N,43,KM8J33A40JU601557,2018,11,45,1431,104,N,78228,1,1,16,3,9,,,,,UNKNOWN,UNKNOWN,N,,,,,,,,,,,,,,,,,,,,,,0,,,,,,,,,,3,1,0,1,0,1,0,1,0,,,,,,,,
17209424,1,1,N,N,43,3VWC57BU5KM070937,2019,2,96,316,104,N,78258,1,1,3,3,11,4,3,1,Y,ATX-VIP TOWING SERVICES,ATX-VIP TOWING SERVICES,N,,,,,,,,,,,,,,,,,,,,,,33,,,,,,,,,,1,1,0,0,0,1,0,0,0,,,,,,,,
17209424,2,1,N,N,43,KNDJN2A22F7782755,2015,17,55,1357,104,N,78744,1,1,2,4,12,,,,,,,N,,,,,,,,,,,,,,,,,,,,,,0,,,,,,,,,,7,1,0,0,0,1,0,0,0,,,,,,,,
17209425,1,1,N,N,43,3GCPCREA2BG387919,2011,21,107,2237,30,N,78737,1,2,10,2,3,,,,N,,,N,,,,,,,,,,,,,,,,,,,,,,4,,,,,,,,,,5,1,0,0,0,1,0,0,0,,,,,,,,
17209425,2,1,N,N,43,1VWAP7A37EC004325,2014,9,96,184,104,N,78240,1,2,15,3,7,,,,N,,,N,,,,,,,,,,,,,,,,,,,,,,0,,,,,,,,,,5,1,0,0,0,1,0,0,0,,,,,,,,
17209426,1,1,N,N,43,1GKER13D49J143447,2009,2,39,894,69,N,78728,1,1,11,2,11,4,1,2,N,,,N,,,,,,,,,,,,,,,,,,,,,,65,,,,,,,,,,7,1,0,0,0,4,0,0,0,,,,,,,,
17209426,2,1,N,N,46,1VWBT7A38FC075695,2015,21,96,473,104,N,78750,1,1,3,4,2,,,,Y,620 LAKESIDE TOWING,620 LAKESIDE TOWING,N,,,,,,,,,,,,,,,,,,,,,,0,,,,,,,,,,1,1,0,0,0,1,0,0,0,,,,,,,,
17209426,3,1,N,N,43,1C6RR7LT8GS249521,2016,21,710,4100,30,N,78613,1,1,15,3,9,,,,N,,,N,,,,,,,,,,,,,,,,,,,,,,0,,,,,,,,,,1,2,0,0,0,1,0,0,0,,,,,,,,
17209427,1,1,N,N,43,3C6TR5DT8EG308385,2014,21,710,4101,30,N,78665,1,2,2,3,12,,,,N,,,N,,,,,,,,,,,,,,,,,,,,,,44,,,,,,,,,,8,1,0,0,0,1,0,0,0,,,,,,,,
17209427,2,1,N,N,25,1GNFK36369R192936,2009,21,107,249,104,N,78717,1,2,8,4,6,,,,,,,N,,,,,,,,,,,,,,,,,,,,,,0,,,,,,,,,,8,1,0,0,0,1,0,0,0,,,,,,,,
17209446,1,1,N,N,43,2MEHM75W05X663881,2005,17,114,1114,104,N,78741,1,2,3,2,2,1,2,12,N,,,N,,,,,,,,,,,,,,,,,,,,,,37,,,,,,,,,,5,1,0,0,1,1,0,1,0,,,,,,,,
17209446,2,1,N,N,43,1HGCM66523A091005,2003,17,44,236,104,N,78747,1,2,2,2,12,,,,N,,,N,,,,,,,,,,,,,,,,,,,,,,0,,,,,,,,,,1,1,0,0,0,1,0,0,0,,,,,,,,
17209450,1,1,N,N,43,1FTFW1CF6DKG47334,2013,9,37,2324,30,N,78747,1,2,3,2,11,,,,N,EZ AUTO AND TOWING SERVICE,EZ AUTO AND TOWING SERVICE,N,,,,,,,,,,,,,,,,,,,,,,0,,,,,,,,,,2,1,0,0,0,1,0,0,0,,,,,,,,
17209450,2,1,N,N,43,1FM5K8GT3GGB52012,2016,21,37,554,69,N,78610,1,2,4,2,2,,,,N,SOUTHSIDE WRECKER INC,8200 S. CONGRESS AVE,N,,,,,,,,,,,,,,,,,,,,,,0,,,,,,,,,,2,1,0,0,0,1,0,0,0,,,,,,,,
17209456,1,1,N,N,43,WAUB8GFF0G1032017,2016,17,8,892,104,N,78727,1,2,8,4,6,,,,,,,N,,,,,,,,,,,,,,,,,,,,,,4,,,,,,,,,,6,1,0,0,0,1,0,0,0,,,,,,,,
17209456,2,1,N,N,43,2HSFBAMR0SC015409,1995,2,60,1536,106,N,78744,1,2,4,3,12,,,,,,,Y,Y,N,N,3,2,78744,6,64000,0,N,,,,,6,98,,,,,,4,,,,,,,,,,6,1,0,0,0,1,0,0,0,N,0,,,,,N,
17209457,1,1,N,N,43,1J4BA3H15BL610038,2011,17,429,3662,69,N,78759,1,1,4,6,12,,,,,EZ AUTO AND TOWING SERVICE,EZ AUTO AND TOWING SERVICE,N,,,,,,,,,,,,,,,,,,,,,,23,,,78,68,,,,,,3,1,0,0,1,1,0,1,0,,,,,,,,
17209457,2,1,Y,N,43,1N4AL3AP6HC284050,2017,9,71,500,104,N,78628,2,,7,6,6,1,1,12,N,STARS TOWING,STARS TOWING,N,,,,,,,,,,,,,,,,,,,,,,0,,,,,,,,,,3,1,0,0,0,0,0,0,0,,,,,,,,
17209457,3,1,Y,N,43,1FAFP23186G118843,2006,10,37,1084,104,N,78745,2,,6,1,6,9,1,7,N,,,N,,,,,,,,,,,,,,,,,,,,,,0,,,,,,,,,,3,2,0,0,0,0,0,0,0,,,,,,,,
17209457,4,1,Y,N,36,1FTYR2XM8GKB41393,2016,21,37,2992,103,N,,2,,6,1,,9,1,7,N,,,N,,,,,,,,,,,,,,,,,,,,,,0,,,,,,,,,,3,2,0,0,0,0,0,0,0,,,,,,,,
17209458,1,1,N,N,43,1N6AD0CU0DN717091,2013,21,71,634,30,N,78723,1,2,4,4,12,,,,N,SPECIAL AUTOMOTIVE SERVICE INC,SPECIAL AUTOMOTIVE SERVICE INC,N,,,,,,,,,,,,,,,,,,,,,,44,,,,,,,,,,6,1,0,1,0,0,0,1,0,,,,,,,,
17209458,2,1,N,N,43,3GNEC16Z54G142233,2004,10,107,249,69,N,78660,1,2,7,3,6,,,,,,,N,,,,,,,,,,,,,,,,,,,,,,0,,,,,,,,,,6,1,0,1,0,0,0,1,0,,,,,,,,
17209459,1,1,N,Y,,,,21,,,104,N,,,,,,,,,,,,,N,,,,,,,,,,,,,,,,,,,,,,,,,20,,,,,,,7,1,0,0,0,0,1,0,0,,,,,,,,
17209459,2,1,N,N,43,1J4PS4GK0AC112671,2010,16,429,970,69,N,,1,1,6,3,6,2,2,12,N,,,N,,,,,,,,,,,,,,,,,,,,,,0,,,,,,,,,,7,1,0,0,0,1,0,0,0,,,,,,,,
17209459,3,1,N,N,43,JTKJF5C77C3040726,2012,2,91,4331,100,N,,1,1,6,3,6,,,,N,,,N,,,,,,,,,,,,,,,,,,,,,,0,,,,,,,,,,7,2,0,0,0,1,0,0,0,,,,,,,,
17209460,1,1,N,N,43,19XFA1F65AE009777,2010,3,44,256,104,N,75206,1,2,2,1,12,,,,N,,,N,,,,,,,,,,,,,,,,,,,,,,44,,,,,,,,,,1,1,0,0,0,1,0,0,0,,,,,,,,
17209460,2,1,N,N,43,JTDBR32E742028168,2004,16,91,173,104,N,78749,1,2,6,1,6,,,,N,,,N,,,,,,,,,,,,,,,,,,,,,,0,,,,,,,,,,1,1,0,1,0,1,0,1,0,,,,,,,,
17209461,1,1,N,N,43,1GTGG25V961139590,2006,21,39,570,103,N,78754,1,2,3,2,11,,,,N,,,N,,,,,,,,,,,,,,,,,,,,,,0,,,,,6,,,,,1,1,0,0,0,1,0,0,0,,,,,,,,
17209462,1,1,N,N,43,5YFEPRAE4LP030967,2020,3,91,173,104,N,78748,1,2,3,4,2,,,,N,,,N,,,,,,,,,,,,,,,,,,,,,,34,,,,,,,,,,3,1,0,0,0,1,0,0,0,,,,,,,,
17209462,2,1,N,N,43,2G4GU5GV4C9215484,2012,2,105,28,104,N,78589,1,2,15,4,5,,,,N,,,N,,,,,,,,,,,,,,,,,,,,,,0,,,,,,,,,,5,1,0,0,0,1,0,0,0,,,,,,,,
17209465,1,1,N,N,43,JNKCV54E36M719020,2006,1,47,764,100,N,78748,1,2,2,4,,,,,Y,ROCHAS TOWING SERVICE,ROCHAS TOWING SERVICE,N,,,,,,,,,,,,,,,,,,,,,,0,,,,,,,,,,4,1,0,1,0,0,0,1,0,,,,,,,,
17209465,2,1,N,N,43,5N1AT2MT9HC883016,2017,2,71,1310,104,N,78702,1,2,9,4,,18,2,,N,HARPERS TOWING SERVICE INC,HARPERS TOWING SERVICE INC,N,,,,,,,,,,,,,,,,,,,,,,34,,,,,,,,,,2,1,0,1,0,0,0,1,0,,,,,,,,
17209466,1,1,N,N,43,3FAHP0GA0BR265166,2011,16,37,1097,104,N,78681,1,2,3,3,10,,,,N,DRIVEN AWAY,DRIVEN AWAY,N,,,,,,,,,,,,,,,,,,,,,,16,,,,,,,,,,8,1,0,0,0,1,0,0,0,,,,,,,,
17209466,2,1,N,N,43,WVGBG77L95D015492,2005,3,96,1400,104,N,78752,1,2,12,2,2,,,,N,ROCHAS TOWING SERVICE,ROCHAS TOWING SERVICE,N,,,,,,,,,,,,,,,,,,,,,,0,,,,,,,,,,2,1,0,0,0,1,0,0,0,,,,,,,,
17209470,1,1,N,N,43,1G1AT58H097152523,2009,4,107,978,104,N,78702,1,2,2,3,12,,,,,,,N,,,,,,,,,,,,,,,,,,,,,,44,,,,,,,,,,8,1,0,0,0,1,0,0,0,,,,,,,,
17209470,2,1,N,N,43,55SWF4JB9JU278347,2018,16,65,3930,104,N,77382,1,2,7,4,6,,,,N,620 LAKESIDE TOWING,620 LAKESIDE TOWING,N,,,,,,,,,,,,,,,,,,,,,,65,,,,,,,,,,8,1,0,0,0,2,0,0,0,,,,,,,,
17209472,1,1,N,N,43,WDDJK7DAXDF012157,2013,17,65,677,100,N,77027,1,2,10,1,3,,,,N,,,N,,,,,,,,,,,,,,,,,,,,,,,,,38,,,,,,,1,1,0,0,0,1,0,0,0,,,,,,,,
17209472,2,3,,,,,,,,,,,,,,,,,,,,,,,,,,,,,,,,,,,,,,,,,,,,,0,,,,,,,,,,9,1,0,0,1,0,0,1,0,,,,,,,,
17209476,1,1,N,N,43,3ALACWDTXHDJD6948,2017,21,38,3002,106,N,78726,1,1,2,4,12,,,,N,INTERSTATE CHAPARRAL TOWING INC.,INTERSTATE CHAPARRAL TOWING INC.,N,,,,,,,,,,,,,,,,,,,,,,44,,,,,,,,,,11,1,0,0,0,1,0,0,0,,,,,,,,
17209476,2,1,N,N,43,SHHFK7H43JU238964,2018,2,44,256,104,N,78664,1,1,6,4,6,2,4,12,N,620 LAKESIDE TOWING,620 LAKESIDE TOWING,N,,,,,,,,,,,,,,,,,,,,,,0,,,,,,,,,,11,1,0,0,0,1,0,0,0,,,,,,,,
17209476,3,1,N,N,43,WA1VAAF78KD018071,2019,,8,1285,69,N,78628,1,1,6,3,,,,,N,620 LAKESIDE TOWING,620 LAKESIDE TOWING,N,,,,,,,,,,,,,,,,,,,,,,0,,,,,,,,,,11,2,0,0,0,1,0,0,0,,,,,,,,
17209476,4,1,N,N,43,1GNSCBKC6HR274434,2017,9,107,547,69,N,78745,1,1,3,3,10,,,,N,620 LAKESIDE TOWING,620 LAKESIDE TOWING,N,,,,,,,,,,,,,,,,,,,,,,0,,,,,,,,,,11,2,0,0,0,1,0,0,0,,,,,,,,
17209477,1,1,N,N,43,1XKAD49X29J253364,2009,21,54,1533,106,N,33012,1,2,9,0,9,,,,N,,,N,,,,,,,,,,,,,,,,,,,,,,0,,,,,,,,12,,5,1,0,0,0,1,0,0,0,,,,,,,,
17209477,2,1,N,N,43,1C4RJEBG7DC620912,2013,21,429,1116,104,N,78633,1,2,16,4,1,,,,N,,,N,,,,,,,,,,,,,,,,,,,,,,0,,,,,,,,,,5,1,0,0,0,1,0,0,0,,,,,,,,
17209478,1,1,N,N,22,1GBGG25R0Y1197551,2000,21,107,2818,103,N,48042,1,2,2,2,12,,,,N,,,N,,,,,,,,,,,,,,,,,,,,,,39,,,,,,,,,,3,1,0,0,0,1,0,0,0,,,,,,,,
17209478,2,1,N,N,43,JN8AS5MV2FW255731,2015,3,71,1310,69,N,78757,1,2,16,4,2,,,,N,,,N,,,,,,,,,,,,,,,,,,,,,,0,,,,,,,,,,5,1,0,0,1,2,0,1,0,,,,,,,,
17209479,1,1,N,N,43,5XYP2DHC6LG010755,2020,2,55,611,69,N,78660,1,1,2,5,12,,,,N,,,N,,,,,,,,,,,,,,,,,,,,,,34,,,,,,,,,,7,1,0,0,0,2,0,0,0,,,,,,,,
17209479,2,1,N,N,43,1FADP3E28DL352018,2013,,37,696,104,N,78753,1,1,11,5,8,,,,N,STARS,,N,,,,,,,,,,,,,,,,,,,,,,0,,,,,,,,,,5,1,0,0,0,1,0,0,0,,,,,,,,
17209480,1,1,N,N,43,RFVJFJ109K1001593,2019,13,725,3020,71,N,78641,2,,26,1,,,,,N,,,N,,,,,,,,,,,,,,,,,,,,,,41,,,,,,,,,,8,1,0,0,1,0,0,1,0,,,,,,,,
17209481,1,1,N,N,43,JTHBJ46G482257307,2008,21,58,1052,104,N,78613,1,2,4,2,,,,,N,,,N,,,,,,,,,,,,,,,,,,,,,,0,,,,,,,,,,7,1,0,0,0,1,0,0,0,,,,,,,,
17209481,2,1,N,N,43,1G1BC5SM2H7113294,2017,21,107,2209,104,N,75566,1,2,1,3,12,,,,N,,,N,,,,,,,,,,,,,,,,,,,,,,0,,,,,,,,,,3,1,0,1,0,0,0,1,0,,,,,,,,
17209482,1,1,N,N,43,JTLKT324464102828,2006,16,91,4331,104,N,78754,1,2,1,3,12,,,,N,ROCHAS TOWING SERVICE,ROCHAS TOWING SERVICE,N,,,,,,,,,,,,,,,,,,,,,,34,,,,,,,,,,3,1,0,0,1,0,0,1,0,,,,,,,,
17209482,2,1,N,N,43,161DM11H9J2100811,2018,21,88,626,71,N,78724,1,2,18,7,3,,,,N,EZ AUTO AND TOWING SERVICE,EZ AUTO AND TOWING SERVICE,N,,,,,,,,,,,,,,,,,,,,,,0,,,,,,,,,,5,1,1,0,0,0,0,1,0,,,,,,,,
17209482,3,1,N,N,43,4T1BF1FK7GU609073,2016,17,91,380,104,N,78628,1,2,3,3,11,,,,N,PRONTO WRECKER SERVICE NORTH,PRONTO WRECKER SERVICE NORTH,N,,,,,,,,,,,,,,,,,,,,,,0,,,,,,,,,,1,2,0,0,0,1,0,0,0,,,,,,,,
17209573,1,1,N,N,43,3GTP1WE01BG138989,2011,3,39,3080,30,N,78753,1,2,2,0,12,,,,N,,,N,,,,,,,,,,,,,,,,,,,,,,0,,,,,,,,,,3,1,0,0,0,1,0,0,0,,,,,,,,
17209573,2,4,,,,,,,,,,,,,,,,,,,,,,,,,,,,,,,,,,,,,,,,,,,,,0,,,,,,,,,,9,1,0,1,0,0,0,1,0,,,,,,,,
17209574,1,1,N,N,43,JN8AF5MR2ET356520,2014,3,71,2505,69,N,78745,1,2,10,2,3,,,,N,HARPERS TOWING SERVICE INC,HARPERS TOWING SERVICE INC,N,,,,,,,,,,,,,,,,,,,,,,0,,,,,,,,,,1,1,0,0,0,1,0,0,0,,,,,,,,
17209574,2,1,N,N,43,2C3CDXBG7CH244642,2012,21,109,74,104,N,78748,1,2,2,3,12,,,,N,SPECIAL AUTOMOTIVE SERVICE INC,SPECIAL AUTOMOTIVE SERVICE INC,N,,,,,,,,,,,,,,,,,,,,,,0,,,,,,,,,,5,1,0,1,0,0,0,1,0,,,,,,,,
17209576,1,1,N,N,43,1FTRE14W64HA40829,2004,9,37,814,103,N,78753,1,2,3,5,10,15,4,9,N,620 LAKESIDE TOWING,620 LAKESIDE TOWING,N,,,,,,,,,,,,,,,,,,,,,,58,,,,,,,,,,2,1,0,0,0,1,0,0,0,,,,,,,,
17209576,2,1,N,N,43,5UXKR0C56F0P10520,2015,2,14,689,69,N,78734,1,2,2,6,12,,,,N,620 LAKESIDE TOWING,620 LAKESIDE TOWING,N,,,,,,,,,,,,,,,,,,,,,,0,,,,,,,,,,6,1,0,1,0,0,0,1,0,,,,,,,,
17209577,1,1,N,N,43,2T1BURHE1GC544542,2016,3,91,173,104,N,78744,1,2,2,4,1,,,,N,620 LAKESIDE TOWING,620 LAKESIDE TOWING,N,,,,,,,,,,,,,,,,,,,,,,37,,,,,,,,,,8,1,0,0,0,1,0,0,0,,,,,,,,
17209577,2,1,N,N,43,1FTEX1CMXBFB05537,2011,21,37,2324,30,N,78613,1,2,4,2,12,,,,N,NA,NA,N,,,,,,,,,,,,,,,,,,,,,,0,,,,,,,,,,4,1,0,0,0,1,0,0,0,,,,,,,,
17209582,1,1,N,N,43,5TDDK3EH0AS024387,2010,21,91,721,104,N,78613,1,2,3,1,11,,,,N,,,N,,,,,,,,,,,,,,,,,,,,,,37,,,,,,,,,,3,1,0,0,0,1,0,0,0,,,,,,,,
17209582,2,1,N,N,43,1HGES16541L007835,2001,21,44,256,104,N,78756,1,2,15,3,11,,,,N,,,N,,,,,,,,,,,,,,,,,,,,,,0,,,,,,,,,,7,1,0,0,0,1,0,0,0,,,,,,,,
17209586,1,1,N,N,43,JHMGD38687S060568,2007,21,44,1083,100,N,78702,1,2,1,4,12,,,,N,CLARK AUTO CARE,OWNERS RESIDENCE/REQUEST,N,,,,,,,,,,,,,,,,,,,,,,44,,,,,,,,,,11,1,0,0,0,1,0,0,0,,,,,,,,
17209586,2,1,N,N,43,1FTRW12W46KC60363,2006,16,37,2324,30,N,78702,1,2,5,1,6,,,,N,,,N,,,,,,,,,,,,,,,,,,,,,,0,,,,,,,,,,11,1,0,0,0,1,0,0,0,,,,,,,,
17209587,1,1,N,N,43,1FTFW1CFXDFB31907,2013,9,37,2324,30,N,78745,1,1,3,3,10,,,,N,SPECIAL AUTOMOTIVE SERVICE INC,SPECIAL AUTOMOTIVE SERVICE INC,N,,,,,,,,,,,,,,,,,,,,,,20,64,,,,,,,,,3,1,0,0,0,1,0,0,0,,,,,,,,
17209587,2,1,N,N,43,1N4AL2AP7CC141272,2012,2,71,500,104,N,78617,1,1,12,3,3,,,,N,ARMADA TOWING,ARMADA TOWING,N,,,,,,,,,,,,,,,,,,,,,,0,,,,,,,,,,5,1,0,0,0,1,0,0,0,,,,,,,,
17209589,1,1,N,N,43,JTEZT14R460025128,2006,3,91,395,104,N,78757,1,2,3,3,11,,,,N,ROCHAS TOWING SERVICE,ROCHAS TOWING SERVICE,N,,,,,,,,,,,,,,,,,,,,,,58,,,,,,,,,,5,1,0,0,0,1,0,0,0,,,,,,,,
17209589,2,1,N,N,27,4T1BE46K47U674354,2007,10,91,380,104,N,68503,1,2,12,3,4,,,,N,STARS TOWING,OWNERS RESIDENCE/REQUEST,N,,,,,,,,,,,,,,,,,,,,,,0,,,,,,,,,,5,1,0,0,0,4,0,0,0,,,,,,,,
17209592,1,1,N,Y,43,1HGEJ8640YL041350,2000,99,44,107,104,N,75053,2,,,,,,,,N,,,N,,,,,,,,,,,,,,,,,,,,,,0,,,,,,,,,,7,1,0,0,0,0,1,0,0,,,,,,,,
17209592,2,1,N,N,43,3C63R3LL4GG144089,2016,16,109,82,30,N,78702,1,7,4,1,1,,,,N,,,N,,,,,,,,,,,,,,,,,,,,,,0,,,,,,,,,,1,1,0,0,0,1,0,0,0,,,,,,,,
17209593,1,1,N,N,43,1G1FB1RS9H0119023,2017,21,107,46,100,N,78727,1,2,2,5,,,,,N,A-TEX TOWING,,N,,,,,,,,,,,,,,,,,,,,,,67,,,,,,,,,,5,1,0,0,1,0,0,1,0,,,,,,,,
17209594,1,1,N,N,43,3FA6P0G78GR354888,2016,9,37,1097,104,N,78642,1,2,10,1,3,,,,N,HARPERS TOWING SERVICE INC,HARPERS TOWING SERVICE INC,N,,,,,,,,,,,,,,,,,,,,,,0,,,,,,,,,,8,1,0,0,0,1,0,0,0,,,,,,,,
17209594,2,1,N,N,43,JHMZF1D42DS002141,2013,16,44,2369,100,N,78745,2,,2,3,12,,,,N,ROCHAS TOWING SERVICE,ROCHAS TOWING SERVICE,N,,,,,,,,,,,,,,,,,,,,,,0,,,,,,,,,,6,1,0,0,1,0,0,1,0,,,,,,,,
17209595,1,1,N,Y,43,1D7HA18N64J151131,2004,21,109,2279,104,N,78758,1,2,3,4,11,,,,N,CLARK AUTO CARE,CLARK AUTO CARE,N,,,,,,,,,,,,,,,,,,,,,,16,,,,,,,,,,3,1,0,0,0,1,0,0,0,,,,,,,,
17209595,2,1,N,N,43,3GNAXKEV2KS519957,2019,3,107,1048,104,N,78758,1,2,1,4,12,,,,N,A & A WRECKER NORTH,A & A WRECKER NORTH,N,,,,,,,,,,,,,,,,,,,,,,0,,,,,,,,,,7,1,0,0,0,2,0,0,0,,,,,,,,
17209596,1,1,N,N,43,2C3CDXBGXGH140149,2016,21,109,74,104,N,78744,1,2,2,3,12,,,,N,ROCHAS TOWING SERVICE,ROCHAS TOWING SERVICE,N,,,,,,,,,,,,,,,,,,,,,,44,,,,,,,,,,5,1,0,3,0,0,0,3,0,,,,,,,,
17209596,2,1,N,N,43,1C4RJECG8CC190319,2012,9,429,1116,69,N,78745,1,2,6,2,6,,,,N,,,N,,,,,,,,,,,,,,,,,,,,,,0,,,,,,,,,,5,1,0,0,0,1,0,0,0,,,,,,,,
17209609,1,1,N,N,43,WBY1Z2C56FV286458,2015,21,14,828,69,N,78758,1,2,2,3,12,,,,N,DRIVEN FROM SCENE,,N,,,,,,,,,,,,,,,,,,,,,,0,,,,,,,,,,4,1,0,0,0,1,0,0,0,,,,,,,,
17209609,2,1,N,N,43,1FAHP2MK8GG154971,2016,17,37,376,104,Y,78702,1,7,14,1,3,,,,N,DRIVEN FROM SCENE,,N,,,,,,,,,,,,,,,,,,,,,,0,,,,,,,,,,6,1,0,0,0,2,0,0,0,,,,,,,,
17209612,1,1,N,N,43,JTMCY7AJ3H4053947,2017,2,91,176,69,N,787832,1,2,6,1,6,,,,N,NA,NA,N,,,,,,,,,,,,,,,,,,,,,,3,,,45,,,,,,,2,1,0,0,0,1,0,0,0,,,,,,,,
17209612,2,1,Y,N,43,LVY992ML9JP031973,2018,21,98,1326,104,N,78732,1,2,6,1,6,,,,N,NA,NA,N,,,,,,,,,,,,,,,,,,,,,,0,,,,,,,,,,2,1,0,0,0,0,0,0,0,,,,,,,,
17209613,1,1,N,N,43,1GCGSCEA5G1163971,2019,9,107,658,30,N,78734,1,1,3,4,11,4,1,1,N,,,N,,,,,,,,,,,,,,,,,,,,,,20,,,,,,,,,,3,1,0,1,0,0,0,1,0,,,,,,,,
17209613,2,1,N,N,43,1J4BA5H15AL107927,2010,11,429,1181,69,N,79935,1,1,10,2,3,,,,N,,,N,,,,,,,,,,,,,,,,,,,,,,0,,,,,,,,,,6,1,0,0,0,1,0,0,0,,,,,,,,
17209614,1,1,N,N,43,KL7CJLSB1KB747539,2019,21,107,732,69,N,78552,1,2,12,4,4,2,4,2,Y,A-TEX TOWING,AUS-TEX AUTO ENTERPRISES LLC,N,,,,,,,,,,,,,,,,,,,,,,0,,,,,,,,,,4,1,0,1,0,0,0,1,0,,,,,,,,
17209614,2,1,N,N,43,1FTRX17L5YNC29037,2000,16,37,2324,30,N,78704,1,2,2,4,11,,,,Y,HARPERS TOWING SERVICE INC,HARPERS TOWING SERVICE INC,N,,,,,,,,,,,,,,,,,,,,,,0,,,,,,,,,,8,1,0,0,0,1,0,0,0,,,,,,,,
17209615,1,1,N,N,43,5YFBURHE0HP612699,2017,21,91,173,104,N,78653,1,1,3,3,12,,,,Y,EZ AUTO AND TOWING SERVICE,EZ AUTO AND TOWING SERVICE,N,,,,,,,,,,,,,,,,,,,,,,20,,,,,,,,,,7,1,0,0,0,1,0,0,0,,,,,,,,