Crash_ID,Unit_Nbr,Unit_Desc_ID,Veh_Parked_Fl,Veh_HNR_Fl,Veh_Lic_State_ID,VIN,Veh_Mod_Year,Veh_Color_ID,Veh_Make_ID,Veh_Mod_ID,Veh_Body_Styl_ID,Emer_Respndr_Fl,Ownr_Zip,Fin_Resp_Proof_ID,Fin_Resp_Type_ID,Veh_Dmag_Area_1_ID,Veh_Dmag_Scl_1_ID,Force_Dir_1_ID,Veh_Dmag_Area_2_ID,Veh_Dmag_Scl_2_ID,Force_Dir_2_ID,Veh_Inventoried_Fl,Veh_Transp_Name,Veh_Transp_Dest,Veh_Cmv_Fl,Cmv_Fiveton_Fl,Cmv_Hazmat_Fl,Cmv_Nine_Plus_Pass_Fl,Cmv_Veh_Oper_ID,Cmv_Carrier_ID_Type_ID,Cmv_Carrier_Zip,Cmv_Veh_Type_ID,Cmv_GVWR,Cmv_RGVW,Cmv_Hazmat_Rel_Fl,Hazmat_Cls_1_ID,Hazmat_IDNbr_1_ID,Hazmat_Cls_2_ID,Hazmat_IDNbr_2_ID,Cmv_Cargo_Body_ID,Cmv_Evnt1_ID,Cmv_Evnt2_ID,Cmv_Evnt3_ID,Cmv_Evnt4_ID,Cmv_Tot_Axle,Cmv_Tot_Tire,Contrib_Factr_1_ID,Contrib_Factr_2_ID,Contrib_Factr_3_ID,Contrib_Factr_P1_ID,Contrib_Factr_P2_ID,Veh_Dfct_1_ID,Veh_Dfct_2_ID,Veh_Dfct_3_ID,Veh_Dfct_P1_ID,Veh_Dfct_P2_ID,Veh_Trvl_Dir_ID,First_Harm_Evt_Inv_ID,Sus_Serious_Injry_Cnt,Nonincap_Injry_Cnt,Poss_Injry_Cnt,Non_Injry_Cnt,Unkn_Injry_Cnt,Tot_Injry_Cnt,Death_Cnt,Cmv_Disabling_Damage_Fl,Cmv_Bus_Type_ID,Trlr_GVWR,Trlr_RGVW,Trlr_Type_ID,Trlr_Disabling_Dmag_ID,Cmv_Intermodal_Container_Permit_Fl,CMV_Actual_Gross_Weight
17209615,2,1,N,N,43,1J4GK48K64W209651,2004,2,429,1181,104,N,78753,1,1,3,3,12,4,3,12,Y,AUS-TEX AUTO ENTERPRISES LLC,AUS-TEX AUTO ENTERPRISES LLC,N,,,,,,,,,,,,,,,,,,,,,,20,,,,,,,,,,3,1,0,0,0,1,0,0,0,,,,,,,,
17209616,1,1,N,N,43,RFGBS1HE8JXAW3395,2018,16,119,1565,71,N,78724,1,1,2,5,12,,,,N,,,N,,,,,,,,,,,,,,,,,,,,,,,,,41,74,,,,,,1,1,0,0,0,0,1,0,0,,,,,,,,
17209617,1,1,N,N,43,1FTFW1CF4DKD17224,2013,16,37,2323,30,N,78664,1,2,1,0,12,,,,,,,N,,,,,,,,,,,,,,,,,,,,,,44,,,20,,12,,,12,,2,1,0,0,0,1,0,0,0,,,,,,,,
17209617,2,1,N,N,43,1FMEU63E17UB65090,2007,21,37,554,69,N,78701,1,2,5,0,6,,,,N,,,N,,,,,,,,,,,,,,,,,,,,,,74,,,,,12,,,,,2,1,0,0,0,1,0,0,0,,,,,,,,
17209618,1,1,N,N,43,WMWXP7C51F2A60120,2015,9,115,742,100,N,78749,1,2,2,7,12,,,,Y,SOUTHSIDE WRECKER INC,8200 S. CONGRESS AVE,N,,,,,,,,,,,,,,,,,,,,,,67,,,,,,,,,,7,1,0,0,0,1,0,0,0,,,,,,,,
17209620,1,1,N,N,43,2D8HN44H98R113475,2008,21,109,82,103,N,78753,1,2,10,3,2,,,,N,AVILES & GABES WRECKER SERVICE INC.,AVILES & GABES WRECKER SERVICE INC.,N,,,,,,,,,,,,,,,,,,,,,,37,33,,,,,,,,,1,1,0,0,0,1,0,0,0,,,,,,,,
17209620,2,1,N,N,43,5YFBURHE5HP639588,2017,2,91,173,104,N,77573,1,2,2,4,12,,,,N,STARS TOWING,STARS TOWING,N,,,,,,,,,,,,,,,,,,,,,,0,,,,,,,,,,5,1,0,0,1,0,0,1,0,,,,,,,,
17209635,1,1,N,Y,43,,,16,37,2324,30,N,,,,,,,,,,,,,N,,,,,,,,,,,,,,,,,,,,,,44,,,,,,,,,,1,1,0,0,0,0,1,0,0,,,,,,,,
17209635,2,1,N,N,43,1GNKRFED2CJ192217,2012,17,107,1414,69,N,78640,1,2,6,6,6,2,1,12,N,,,N,,,,,,,,,,,,,,,,,,,,,,0,,,,,,,,,,1,1,0,1,0,0,0,1,0,,,,,,,,
17209635,3,1,N,N,43,5TDKZRFH7JS271118,2018,17,91,721,69,N,78640,1,2,6,2,6,,,,,,,N,,,,,,,,,,,,,,,,,,,,,,0,,,,,,,,,,1,2,0,0,1,0,0,1,0,,,,,,,,
17209636,1,1,N,N,43,KNADM4A34G6680351,2016,3,55,716,104,N,76501,1,1,13,2,,,,,N,ARMADA TOWING SOUTH,ARMADA TOWING SOUTH,N,,,,,,,,,,,,,,,,,,,,,,35,,,,,,,,,,3,1,0,1,0,0,0,1,0,,,,,,,,
17209636,2,1,N,N,43,3GNAL3E51CS652714,2012,2,107,2208,69,N,78753,2,,3,2,12,,,,N,AUS-TEX AUTO ENTERPRISES LLC,AUS-TEX AUTO ENTERPRISES LLC,N,,,,,,,,,,,,,,,,,,,,,,0,,,,,,,,,,5,1,0,0,0,1,0,0,0,,,,,,,,
17209638,1,1,N,N,43,JTDKN3DU4E1766534,2014,17,91,702,104,N,78722,1,2,1,4,12,,,,N,CLARK AUTO CARE,CLARK AUTO CARE,N,,,,,,,,,,,,,,,,,,,,,,44,,,,,,,,,,8,1,0,0,0,1,0,0,0,,,,,,,,
17209638,2,1,N,N,43,JF2SH6BC1AH773706,2010,3,85,646,104,N,78751,1,2,5,2,6,,,,N,STARS TOWING,STARS TOWING,N,,,,,,,,,,,,,,,,,,,,,,0,,,,,,,,,,8,1,0,0,0,1,0,0,0,,,,,,,,
17209747,1,1,N,N,43,1ZVBP8AM3E5315869,2014,21,37,96,104,N,78754,1,2,2,3,12,,,,N,STARS TOWING,STARS TOWING,N,,,,,,,,,,,,,,,,,,,,,,20,,,,,,,,,,8,1,0,0,0,1,0,0,0,,,,,,,,
17209747,2,1,N,N,43,1GTR1UECXFZ156548,2015,2,39,105,30,N,78664,1,2,4,2,2,,,,N,,,N,,,,,,,,,,,,,,,,,,,,,,0,,,,,,,,,,4,1,0,0,0,1,0,0,0,,,,,,,,
17209748,1,1,N,N,43,1NXBU4EE9AZ260234,2010,,91,173,104,N,78702,1,1,7,4,6,,,,Y,,,N,,,,,,,,,,,,,,,,,,,,,,1,,,,,,,,,,8,1,0,0,0,1,0,0,0,,,,,,,,
17209748,2,1,N,N,43,JHMCM56343C044293,2003,,44,236,104,N,78702,1,1,2,3,12,,,,N,,,N,,,,,,,,,,,,,,,,,,,,,,0,,,,,,,,,,2,1,0,0,0,1,0,0,0,,,,,,,,
17209749,1,1,N,N,43,1ZVFT85H765120319,2006,22,37,96,100,N,78729,1,2,2,3,12,,,,Y,620 LAKESIDE TOWING,620 LAKESIDE TOWING,N,,,,,,,,,,,,,,,,,,,,,,0,,,,,,,,,,7,1,0,1,0,0,0,1,0,,,,,,,,
17209749,2,1,N,N,43,1GC1KXE86FF544384,2015,21,107,2205,30,N,78633,1,1,3,3,11,,,,Y,620 LAKESIDE TOWING,620 LAKESIDE TOWING,N,,,,,,,,,,,,,,,,,,,,,,0,,,,,,,,,,5,1,0,0,0,1,0,0,0,,,,,,,,
17209749,3,6,,,,,,,,,,,78633,,,,,,,,,,,,,,,,,,,,,,,,,,,,,,,,,,0,,,,,,,,,,9,2,0,0,0,0,0,0,0,,,,,,,,
17209754,1,1,N,Y,43,WVGAV7AX7CW581973,2012,3,96,1396,69,N,77063,3,1,2,1,12,,,,N,,,N,,,,,,,,,,,,,,,,,,,,,,0,,,,,,,,,,3,1,0,0,0,0,0,0,0,,,,,,,,
17209754,2,1,N,N,43,4S3BH665217621739,2001,15,85,1268,104,N,78602,1,1,5,1,6,,,,N,,,N,,,,,,,,,,,,,,,,,,,,,,0,,,,,,,,,,3,1,0,1,0,0,0,1,0,,,,,,,,
17209756,1,1,N,N,43,,2014,21,74,4042,106,N,79404,1,1,3,1,11,,,,N,SOUTHSIDE WRECKER INC,OWNER REQUEST,N,,,,,,,,,,,,,,,,,,,,,,16,,,,,,,,,,7,1,0,0,0,1,0,0,0,,,,,,,,
17209756,2,1,N,N,43,WA1EFCFS3FR014150,2015,17,8,2671,104,N,78703,1,1,4,4,12,,,,N,EZ AUTO AND TOWING SERVICE,EZ AUTO AND TOWING SERVICE,N,,,,,,,,,,,,,,,,,,,,,,0,,,,,,,,,,1,1,0,0,1,0,0,1,0,,,,,,,,
17209767,1,1,N,N,43,5UXWX9C51E0D15495,2014,17,14,1466,104,N,78641,1,1,2,5,1,,,,N,620 LAKESIDE TOWING,620 LAKESIDE TOWING,N,,,,,,,,,,,,,,,,,,,,,,44,,,25,41,,,,,,5,1,0,0,0,1,0,0,0,,,,,,,,
17209767,2,1,N,N,43,3GCPCRECXEG244061,2014,16,107,60,106,N,78613,1,1,6,4,6,2,3,1,N,620 LAKESIDE TOWING,620 LAKESIDE TOWING,N,,,,,,,,,,,,,,,,,,,,,,0,,,,,,,,,,5,1,0,0,0,1,0,0,0,,,,,,,,
17210494,1,1,N,N,43,JH4KB16566C002594,2006,21,1,2609,104,N,78617,1,1,12,4,1,10,1,12,N,ROCHA'S TOWING,"5700 BURLESON ROAD AUSTIN, TEXAS 78744",N,,,,,,,,,,,,,,,,,,,,,,4,,,40,,,,,,,3,1,0,1,0,0,0,1,0,,,,,,,,
17210494,2,1,N,N,43,JF2GPAKC6E8294067,2014,18,85,4933,69,N,78726,1,1,13,4,7,,,,N,ROCHA'S TOWNING,5700 BURLESON RD AUSTIN TX 78744,N,,,,,,,,,,,,,,,,,,,,,,0,,,,,,,,,,3,1,0,1,0,0,0,1,0,,,,,,,,
17210552,1,1,N,Y,43,KMHGN4JE1FU044393,2015,21,45,1107,104,N,78254,1,7,2,6,12,,,,Y,620 LAKESIDE TOWING,620 LAKESIDE TOWING,N,,,,,,,,,,,,,,,,,,,,,,22,29,,20,67,,,,,,8,1,0,0,0,0,3,0,0,,,,,,,,
17210553,1,1,N,Y,,,,21,,,103,N,78741,,,12,2,2,,,,N,,,N,,,,,,,,,,,,,,,,,,,,,,4,,,,,,,,,,1,1,0,0,0,0,1,0,0,,,,,,,,
17210553,2,1,N,N,43,4F2YU09102KM31139,2002,2,63,719,69,N,78741,1,2,9,5,7,2,5,12,N,SPECIAL AUTOMOTIVE SERVICE INC,SPECIAL AUTOMOTIVE SERVICE INC,N,,,,,,,,,,,,,,,,,,,,,,0,,,,,,,,,,1,1,0,1,0,0,0,1,0,,,,,,,,
17210555,1,1,N,N,43,2C3CCAEG6GH269033,2016,17,21,65,104,N,78727,1,1,,,,,,,N,,,N,,,,,,,,,,,,,,,,,,,,,,0,,,,,,,,,,1,2,0,0,0,2,0,0,0,,,,,,,,
17210555,2,1,N,Y,,,,,,,104,N,,,,,,,,,,,,,N,,,,,,,,,,,,,,,,,,,,,,74,,,,,,,,,,1,1,0,0,0,0,1,0,0,,,,,,,,
17210555,3,4,,,,,,,,,,,,,,,,,,,,,,,,,,,,,,,,,,,,,,,,,,,,,0,,,,,,,,,,9,1,0,0,0,0,0,0,1,,,,,,,,
17210556,1,1,N,N,43,JN1CV6AR9CM971058,2012,9,47,1102,104,N,78730,1,2,15,2,10,,,,N,,,N,,,,,,,,,,,,,,,,,,,,,,74,,,,,,,,,,3,1,0,0,0,1,0,0,0,,,,,,,,
17210557,1,1,N,N,43,1FMCU0EG5BKB71983,2011,9,37,711,104,N,78748,1,1,4,2,3,,,,N,EZ AUTO AND TOWING SERVICE,EZ AUTO AND TOWING SERVICE,N,,,,,,,,,,,,,,,,,,,,,,,,,74,,,,,,,8,1,0,0,0,2,0,0,0,,,,,,,,
17210558,1,1,N,N,43,5XXGM4A77EG350401,2014,21,55,715,104,N,78759,1,1,2,4,1,,,,N,ARMADA TOWING,ARMADA TOWING,N,,,,,,,,,,,,,,,,,,,,,,16,,,,,,,,,,8,1,0,0,1,0,0,1,0,,,,,,,,
17210558,2,1,N,N,43,1C4PJLCB7GW374252,2016,21,429,970,69,N,78726,1,2,3,4,10,,,,N,ARMADA TOWING,ARMADA TOWING,N,,,,,,,,,,,,,,,,,,,,,,0,,,,,,,,,,6,1,0,0,1,0,0,1,0,,,,,,,,
17210560,1,1,N,Y,43,1C6RR7LT2DS503848,2013,2,109,2275,30,N,78754,1,1,4,3,12,,,,Y,,,N,,,,,,,,,,,,,,,,,,,,,,43,,,,,,,,,,8,1,0,0,0,0,1,0,0,,,,,,,,
17210560,2,1,Y,N,43,KNAGD126145371491,2004,17,55,715,104,N,78745,1,1,9,4,8,,,,N,,,N,,,,,,,,,,,,,,,,,,,,,,0,,,,,,,,,,7,1,0,0,0,0,0,0,0,,,,,,,,
17210560,3,1,Y,N,43,3VWRK69MX3M063194,2003,17,96,316,104,N,78748,1,1,13,1,9,,,,N,,,N,,,,,,,,,,,,,,,,,,,,,,0,,,,,,,,,,7,2,0,0,0,0,0,0,0,,,,,,,,
17210566,1,1,N,Y,43,1FMHK7B89CGB01196,2012,17,37,554,104,N,,,,,,,,,,N,,,N,,,,,,,,,,,,,,,,,,,,,,74,,,,,,,,,,7,1,0,0,0,0,1,0,0,,,,,,,,
17210566,2,1,N,N,43,5TDDZRFH2KS965211,2019,21,91,176,104,N,78748,1,2,6,1,6,,,,N,,,N,,,,,,,,,,,,,,,,,,,,,,0,,,,,,,,,,7,1,0,2,0,1,0,2,0,,,,,,,,
17210573,1,1,N,N,43,JH4CL96836C030850,2006,16,1,1430,104,N,78753,1,2,1,1,12,7,1,4,N,,,N,,,,,,,,,,,,,,,,,,,,,,22,,,,,,,,,,5,1,0,0,0,1,0,0,0,,,,,,,,
17210573,2,1,N,N,43,1FTSW21R58EC30728,2008,1,37,2325,30,N,78660,1,2,11,1,11,,,,N,,,N,,,,,,,,,,,,,,,,,,,,,,0,,,,,,,,,,5,2,0,0,0,1,0,0,0,,,,,,,,
17210573,3,1,N,Y,43,,,2,,,104,N,,,,,,,,,,,,,N,,,,,,,,,,,,,,,,,,,,,,0,,,,,,,,,,5,1,0,0,0,0,0,0,0,,,,,,,,
17210574,1,1,N,N,43,1FM5K7D84EGB18250,2014,11,37,554,69,N,78728,1,2,4,2,2,2,2,12,,DECLINED TOW,DECLINED TOW,N,,,,,,,,,,,,,,,,,,,,,,19,22,41,,,,,,,,4,1,0,0,0,3,0,0,0,,,,,,,,
17210574,2,1,Y,N,43,3GYFNGEY8BS565010,2011,17,106,1373,69,N,78753,1,2,16,3,2,9,2,9,,AUS-TEX AUTO ENTERPRISES LLC,AUS-TEX AUTO ENTERPRISES LLC,N,,,,,,,,,,,,,,,,,,,,,,0,,,,,,,,,,6,2,0,0,0,0,0,0,0,,,,,,,,
17210574,3,1,Y,N,43,3FAHP0HA9BR273796,2011,9,37,1097,104,N,78728,2,2,8,1,5,,,,,DRIVEN FROM SCENE,DRIVEN FROM SCENE,N,,,,,,,,,,,,,,,,,,,,,,0,,,,,,,,,,6,2,0,0,0,0,0,0,0,,,,,,,,
17210574,4,1,Y,N,43,5YFBURHE7FP344098,2015,1,91,173,104,N,78728,1,2,6,1,6,,,,,DRIVEN FROM SCENE,DRIVEN FROM SCENE,N,,,,,,,,,,,,,,,,,,,,,,0,,,,,,,,,,4,2,0,0,0,0,0,0,0,,,,,,,,
17210574,5,1,Y,N,43,JN1BJ1CPXHW028579,2017,17,71,69,69,N,78753,1,2,6,1,6,,,,,,,N,,,,,,,,,,,,,,,,,,,,,,0,,,,,,,,,,4,2,0,0,0,0,0,0,0,,,,,,,,
17210575,1,1,N,N,43,2HGFG3B57CH511044,2012,2,44,256,100,N,78704,1,2,5,2,6,,,,,,,N,,,,,,,,,,,,,,,,,,,,,,3,20,,,,,,,,,5,1,0,0,0,1,0,0,0,,,,,,,,
17210575,2,1,N,N,43,5NPEU46F17H215591,2007,3,45,462,104,N,78724,1,2,4,2,1,,,,,EZ AUTO AND TOWING SERVICE,5526 1/2 W HWY 290,N,,,,,,,,,,,,,,,,,,,,,,0,,,,,,,,,,7,1,0,0,0,1,0,0,0,,,,,,,,
17210578,1,1,N,N,43,1GB4K0C82EF138502,2014,5,107,2238,30,N,78613,1,2,,,,,,,N,,,N,,,,,,,,,,,,,,,,,,,,,,50,,,,,,,,,,6,1,0,0,0,2,0,0,0,,,,,,,,
17210578,2,6,,,,,,,,,,,78613,,,,,,,,,,,,,,,,,,,,,,,,,,,,,,,,,,0,,,,,,,,,,9,2,0,0,0,0,0,0,0,,,,,,,,
17210578,3,1,N,N,43,19XFB2F8XEE030926,2014,3,44,256,104,N,78753,1,2,18,3,3,,,,N,SPECIAL TOWING SERVICE,SPECIAL TOWING SERVICE,N,,,,,,,,,,,,,,,,,,,,,,0,,,,,,,,,,6,1,0,0,1,0,0,1,0,,,,,,,,
17210579,1,1,N,N,43,JM1DE1KY4E0185866,2014,3,63,2472,104,N,78741,1,1,15,3,9,,,,Y,EZ AUTO AND TOWING SERVICE,EZ AUTO AND TOWING SERVICE,N,,,,,,,,,,,,,,,,,,,,,,0,,,,,,,,,,1,1,0,1,0,0,0,1,0,,,,,,,,
17210579,2,1,N,N,43,1XKADE9X8LS538772,1990,21,54,3808,106,N,78634,1,1,10,1,3,,,,N,,,N,,,,,,,,,,,,,,,,,,,,,,0,,,,,,,,,,1,1,0,0,0,1,0,0,0,,,,,,,,
17210581,1,1,N,N,43,1C3CCCFB8GN189366,2016,21,21,2258,104,N,78724,1,2,9,5,10,,,,N,STARS TOWING,STARS TOWING,N,,,,,,,,,,,,,,,,,,,,,,64,,,,,,,,,,7,1,0,0,0,1,0,0,0,,,,,,,,
17210581,2,1,N,N,43,1FT8W3DTXGEB23986,2016,2,37,2326,30,N,78612,1,2,14,5,3,,,,N,EZ AUTO AND TOWING SERVICE,EZ AUTO AND TOWING SERVICE,N,,,,,,,,,,,,,,,,,,,,,,0,,,,,,,,,,7,1,0,0,0,1,0,0,0,,,,,,,,
17210583,1,1,N,N,23,1G1JF5SB0K4122845,2019,2,107,2243,104,N,,1,1,4,4,1,,,,N,ATX-VIP TOWING SERVICES,ATX-VIP TOWING SERVICES,N,,,,,,,,,,,,,,,,,,,,,,15,,,,,,,,,,4,1,0,0,2,0,0,2,0,,,,,,,,
17210583,2,1,N,N,43,5TDKK3DC3FS657678,2015,9,91,648,103,N,78749,1,1,2,4,11,,,,N,A-TEX TOWING,A-TEX TOWING,N,,,,,,,,,,,,,,,,,,,,,,0,,,,,,,,,,2,1,0,0,1,0,0,1,0,,,,,,,,
17210584,1,1,N,N,43,JHMCP26399C011482,2009,21,44,236,104,N,78744,1,1,2,2,12,,,,N,ROCHAS TOWING SERVICE,ROCHAS TOWING SERVICE,N,,,,,,,,,,,,,,,,,,,,,,37,,,,,,,,,,5,1,0,0,0,1,0,0,0,,,,,,,,
17210584,2,1,N,N,43,2C4RC1DG5HR520482,2017,21,21,1270,103,N,78640,1,1,1,1,12,,,,N,,,N,,,,,,,,,,,,,,,,,,,,,,0,,,,,,,,,,1,1,0,0,0,1,0,0,0,,,,,,,,
17210585,1,1,N,N,43,1N4AL21EX8N456898,2008,17,71,500,104,N,78753,1,1,15,2,9,,,,N,BULLET TOWING,BULLET TOWING,N,,,,,,,,,,,,,,,,,,,,,,65,,,,,,,,,,1,1,0,0,1,3,0,1,0,,,,,,,,
17210585,2,1,N,N,43,5PVNE8JP9D4S50563,2013,21,43,2694,103,N,78728,1,1,10,1,2,,,,,,,N,,,,,,,,,,,,,,,,,,,,,,0,,,,,,,,,,1,1,0,0,0,1,0,0,0,,,,,,,,
17210586,1,1,N,N,43,JF1SG63605G726677,2005,3,85,646,69,N,78758,1,2,2,1,12,,,,N,,,N,,,,,,,,,,,,,,,,,,,,,,0,,,,,,,,,,3,1,0,0,0,1,0,0,0,,,,,,,,
17210586,2,1,N,N,43,WVGAV7AX4DW533946,2013,17,96,1396,69,N,78751,1,2,12,4,3,,,,N,,,N,,,,,,,,,,,,,,,,,,,,,,0,,,,,,,,,,5,1,0,0,0,2,0,0,0,,,,,,,,
17210587,1,1,N,N,43,2HGFA16569H332292,2009,11,44,256,104,N,78741,2,,2,4,1,,,,Y,STARS TOWING,STARS TOWING,N,,,,,,,,,,,,,,,,,,,,,,37,,,,,,,,,,5,1,0,2,0,0,0,2,0,,,,,,,,
17210587,2,1,N,N,43,WBAWL73519PX44693,2009,2,14,846,104,N,78725,1,1,3,3,10,,,,Y,STARS TOWING,STARS TOWING,N,,,,,,,,,,,,,,,,,,,,,,0,,,,,,,,,,1,1,0,1,0,0,0,1,0,,,,,,,,
17210588,1,1,N,N,8,5J6RM4H30FL050318,2015,3,44,605,104,N,78741,1,2,2,3,12,,,,N,ROCHAS TOWING SERVICE,ROCHAS TOWING SERVICE,N,,,,,,,,,,,,,,,,,,,,,,20,,,,,,,,,,5,1,0,0,0,1,0,0,0,,,,,,,,
17210588,2,1,N,N,43,1GNEK13Z94R230502,2004,21,107,547,104,N,76021,1,2,6,2,6,,,,N,,,N,,,,,,,,,,,,,,,,,,,,,,0,,,,,,,,,,5,1,0,0,0,1,0,0,0,,,,,,,,
17210651,1,1,N,N,43,4T1BE46K87U188789,2007,17,91,380,104,N,77479,1,1,2,3,12,,,,N,,,N,,,,,,,,,,,,,,,,,,,,,,37,,,,,,,,,,7,1,0,0,0,1,0,0,0,,,,,,,,
17210651,2,1,N,N,43,JH2RC5376BK100008,2011,2,44,107,71,N,78620,1,1,2,4,12,4,3,2,N,A & A WRECKER NORTH,A & A WRECKER NORTH,N,,,,,,,,,,,,,,,,,,,,,,0,,,,,,,,,,3,1,0,1,0,0,0,1,0,,,,,,,,
17210652,1,1,N,N,43,4T4BF1FK9FR455776,2015,2,91,380,104,N,78727,1,2,4,3,3,,,,N,STARS TOWING,STARS TOWING,N,,,,,,,,,,,,,,,,,,,,,,20,44,,,,,,,,,11,1,0,0,0,1,0,0,0,,,,,,,,
17210652,2,1,N,N,43,5XYPG4A54KG560631,2019,11,55,1311,69,N,75261,1,7,7,2,7,,,,N,SPECIAL AUTOMOTIVE SERVICE INC,SPECIAL AUTOMOTIVE SERVICE INC,N,,,,,,,,,,,,,,,,,,,,,,0,,,,,,,,,,11,1,0,0,0,2,0,0,0,,,,,,,,
17210654,1,1,N,N,43,3N1CN7AP4GL899545,2016,16,71,1452,104,N,78664,1,2,15,4,9,,,,Y,ROCHAS TOWING SERVICE,ROCHAS TOWING SERVICE,N,,,,,,,,,,,,,,,,,,,,,,19,,,,,,,,,,5,1,0,1,0,0,0,1,0,,,,,,,,
17210654,2,1,N,N,43,1GNERGKW0KJ144156,2019,18,107,1414,104,N,78644,1,2,2,4,12,,,,Y,SPECIAL AUTOMOTIVE SERVICE INC,SPECIAL AUTOMOTIVE SERVICE INC,N,,,,,,,,,,,,,,,,,,,,,,0,,,,,,,,,,5,1,0,0,1,0,0,1,0,,,,,,,,
17210655,1,1,N,N,43,3FRNF6FC1FV747201,2015,21,37,2326,30,N,76020,1,2,2,1,12,,,,N,NOT TOWED,NOT TOWED,N,,,,,,,,,,,,,,,,,,,,,,0,,,,,,,,,,2,1,0,0,0,1,0,0,0,,,,,,,,
17210655,2,1,N,N,43,1N4AL3AP6FN906888,2015,21,71,500,104,N,78744,1,2,6,2,6,,,,N,NOT TOWED,NOT TOWED,N,,,,,,,,,,,,,,,,,,,,,,0,,,,,,,,,,2,1,0,0,1,3,0,1,0,,,,,,,,
17210656,1,1,N,N,43,4T1BF1FK2HU804256,2017,16,91,380,104,N,78725,1,2,12,2,4,,,,N,,,N,,,,,,,,,,,,,,,,,,,,,,0,,,,,,,,,,8,1,0,0,0,2,0,0,0,,,,,,,,
17210656,2,1,N,N,43,3GCPCREC3EG129866,2014,4,107,658,30,N,78744,1,2,13,2,9,15,2,9,N,,,N,,,,,,,,,,,,,,,,,,,,,,0,,,,,,,,,,8,1,1,0,0,1,0,1,0,,,,,,,,
17210659,1,1,N,N,43,5FNRL38718B029313,2008,17,44,571,104,N,78754,1,2,,,,,,,N,,,N,,,,,,,,,,,,,,,,,,,,,,0,,,,,,,,,,3,1,0,0,0,1,0,0,0,,,,,,,,
17210659,2,4,,,,,,,,,,,,,,,,,,,,,,,,,,,,,,,,,,,,,,,,,,,,,0,,,,,,,,,,9,1,0,0,0,0,1,0,0,,,,,,,,
17210661,1,1,N,N,43,JTEBU5JR4J5511847,2018,2,91,395,104,N,78741,1,2,13,3,7,,,,N,,,N,,,,,,,,,,,,,,,,,,,,,,35,20,,,,,,,,,1,1,0,0,0,1,0,0,0,,,,,,,,
17210661,2,1,N,N,43,1J8HH48KX7C699874,2007,16,429,983,104,N,78741,1,2,12,3,1,,,,N,,,N,,,,,,,,,,,,,,,,,,,,,,0,,,,,,,,,,3,1,0,0,4,1,0,4,0,,,,,,,,
17210664,1,1,N,N,43,1FMFU175X7LA68350,2007,9,37,601,104,N,78757,1,2,4,2,1,,,,N,,,N,,,,,,,,,,,,,,,,,,,,,,,,,16,,,,,,,3,1,0,0,0,1,0,0,0,,,,,,,,
17210664,2,1,N,N,43,4T1BF22K0VU013764,1997,9,91,380,104,N,78753,1,2,8,3,5,,,,N,A & A WRECKER NORTH,A & A WRECKER NORTH,N,,,,,,,,,,,,,,,,,,,,,,0,,,,,,,,,,7,1,0,0,0,1,0,0,0,,,,,,,,
17210666,1,1,N,N,43,JN8AZ18WX9W125191,2009,3,71,2506,69,N,78701,1,2,3,1,10,,,,N,,,N,,,,,,,,,,,,,,,,,,,,,,20,,,,,,,,,,7,1,0,0,0,1,0,0,0,,,,,,,,
17210666,2,1,N,N,43,JM3KE2CY3F0438020,2015,2,63,2471,104,N,78745,1,2,,,,,,,N,N/A,N/A,N,,,,,,,,,,,,,,,,,,,,,,0,,,,,,,,,,1,1,0,0,1,1,0,1,0,,,,,,,,
17210668,1,1,N,N,43,2HNYD28497H501527,2007,8,1,705,92,N,78754,1,1,7,1,9,,,,N,,,N,,,,,,,,,,,,,,,,,,,,,,20,,,19,,,,,,,1,1,0,0,0,1,0,0,0,,,,,,,,
17210668,2,1,N,N,43,1G1BC5SM9H7179289,2017,3,107,2209,92,N,78754,1,1,4,2,3,,,,Y,STARS TOWING,STARS TOWING,N,,,,,,,,,,,,,,,,,,,,,,0,,,,,,,,,,3,1,0,0,0,1,0,0,0,,,,,,,,
17210671,1,1,N,N,43,1GKEC13Z45R259000,2005,21,39,479,104,N,78617,1,2,12,0,4,,,,N,,,N,,,,,,,,,,,,,,,,,,,,,,0,,,,,,,,,,1,1,0,0,0,1,0,0,0,,,,,,,,
17210671,2,3,,,,,,,,,,,,,,,,,,,,,,,,,,,,,,,,,,,,,,,,,,,,,0,,,,,,,,,,9,1,0,1,0,0,0,1,0,,,,,,,,
17210672,1,1,N,N,43,1J4GK48K04W111201,2004,3,429,1181,69,N,78705,1,1,3,1,1,,,,N,NONE,NONE,N,,,,,,,,,,,,,,,,,,,,,,19,,,,,,,,,,1,1,0,0,0,2,0,0,0,,,,,,,,
17210672,2,1,N,N,43,2T1BR12E72C559163,2002,17,91,173,104,N,,1,1,,,,,,,N,ROCHAS TOWING SERVICE,ROCHAS TOWING SERVICE,N,,,,,,,,,,,,,,,,,,,,,,0,,,,,,,,,,3,1,0,0,0,3,0,0,0,,,,,,,,
17210674,1,1,N,N,43,4T1BE32K54U349238,2004,18,91,380,104,N,78753,1,2,3,4,10,,,,N,EZ AUTO AND TOWING SERVICE,EZ AUTO AND TOWING SERVICE,N,,,,,,,,,,,,,,,,,,,,,,37,,,,,,,,,,7,1,0,0,0,1,0,0,0,,,,,,,,
17210674,2,1,N,N,43,5NPDH4AE3GH667993,2016,9,45,480,104,N,78753,1,2,3,3,10,,,,N,620 LAKESIDE TOWING,620 LAKESIDE TOWING,N,,,,,,,,,,,,,,,,,,,,,,0,,,,,,,,,,3,1,0,0,0,1,0,0,0,,,,,,,,