Crash_ID,Unit_Nbr,Unit_Desc_ID,Veh_Parked_Fl,Veh_HNR_Fl,Veh_Lic_State_ID,VIN,Veh_Mod_Year,Veh_Color_ID,Veh_Make_ID,Veh_Mod_ID,Veh_Body_Styl_ID,Emer_Respndr_Fl,Ownr_Zip,Fin_Resp_Proof_ID,Fin_Resp_Type_ID,Veh_Dmag_Area_1_ID,Veh_Dmag_Scl_1_ID,Force_Dir_1_ID,Veh_Dmag_Area_2_ID,Veh_Dmag_Scl_2_ID,Force_Dir_2_ID,Veh_Inventoried_Fl,Veh_Transp_Name,Veh_Transp_Dest,Veh_Cmv_Fl,Cmv_Fiveton_Fl,Cmv_Hazmat_Fl,Cmv_Nine_Plus_Pass_Fl,Cmv_Veh_Oper_ID,Cmv_Carrier_ID_Type_ID,Cmv_Carrier_Zip,Cmv_Veh_Type_ID,Cmv_GVWR,Cmv_RGVW,Cmv_Hazmat_Rel_Fl,Hazmat_Cls_1_ID,Hazmat_IDNbr_1_ID,Hazmat_Cls_2_ID,Hazmat_IDNbr_2_ID,Cmv_Cargo_Body_ID,Cmv_Evnt1_ID,Cmv_Evnt2_ID,Cmv_Evnt3_ID,Cmv_Evnt4_ID,Cmv_Tot_Axle,Cmv_Tot_Tire,Contrib_Factr_1_ID,Contrib_Factr_2_ID,Contrib_Factr_3_ID,Contrib_Factr_P1_ID,Contrib_Factr_P2_ID,Veh_Dfct_1_ID,Veh_Dfct_2_ID,Veh_Dfct_3_ID,Veh_Dfct_P1_ID,Veh_Dfct_P2_ID,Veh_Trvl_Dir_ID,First_Harm_Evt_Inv_ID,Sus_Serious_Injry_Cnt,Nonincap_Injry_Cnt,Poss_Injry_Cnt,Non_Injry_Cnt,Unkn_Injry_Cnt,Tot_Injry_Cnt,Death_Cnt,Cmv_Disabling_Damage_Fl,Cmv_Bus_Type_ID,Trlr_GVWR,Trlr_RGVW,Trlr_Type_ID,Trlr_Disabling_Dmag_ID,Cmv_Intermodal_Container_Permit_Fl,CMV_Actual_Gross_Weight
17210677,1,1,N,N,43,JNKCV51E64M614084,2004,2,47,764,104,N,78653,1,1,2,3,12,,,,,,,N,,,,,,,,,,,,,,,,,,,,,,74,,,,,,,,,,3,1,0,0,0,2,0,0,0,,,,,,,,
17210678,1,1,N,N,43,1HGCM66827A040250,2007,9,44,236,104,N,78744,1,2,2,1,12,,,,N,,,N,,,,,,,,,,,,,,,,,,,,,,0,,,,,,,,,,3,1,0,0,0,4,0,0,0,,,,,,,,
17210678,2,1,N,N,43,KNAFU4A26D5718745,2013,2,55,1093,104,N,78717,1,2,7,2,7,6,2,6,N,SPECIAL AUTOMOTIVE SERVICE INC,SPECIAL AUTOMOTIVE SERVICE INC,N,,,,,,,,,,,,,,,,,,,,,,0,,,,,,,,,,1,1,0,0,0,1,0,0,0,,,,,,,,
17210678,3,1,N,N,43,2GNALCEK1G1162913,2016,16,107,1048,69,N,78735,1,2,2,2,,12,1,2,N,STARS TOWING,STARS TOWING,N,,,,,,,,,,,,,,,,,,,,,,0,,,,,,,,,,5,2,0,0,0,0,2,0,0,,,,,,,,
17210681,1,1,N,N,43,1FMRU1569YLB59992,2000,21,37,601,104,N,78626,1,1,1,0,12,,,,Y,AUS-TEX AUTO ENTERPRISES LLC,AUS-TEX AUTO ENTERPRISES LLC,N,,,,,,,,,,,,,,,,,,,,,,68,,,,,6,,,,,7,1,0,0,0,1,0,0,0,,,,,,,,
17210681,2,1,N,N,43,4T1B11HKXKU185831,2019,3,91,380,104,N,78664,1,1,6,2,5,,,,N,,,N,,,,,,,,,,,,,,,,,,,,,,0,,,,,,,,,,7,1,0,0,0,1,0,0,0,,,,,,,,
17210683,1,1,N,N,43,1G11B5SL2EF271772,2014,3,107,56,104,N,78754,1,1,3,4,11,,,,Y,STARS TOWING,STARS TOWING,N,,,,,,,,,,,,,,,,,,,,,,37,,,,,,,,,,6,1,0,0,0,1,0,0,0,,,,,,,,
17210683,2,1,N,N,43,1GKEC13Z43J328442,2003,17,39,479,104,N,78634,1,1,3,4,11,,,,Y,969 TOWING,969 TOWING,N,,,,,,,,,,,,,,,,,,,,,,0,,,,,,,,,,2,1,0,1,0,0,0,1,0,,,,,,,,
17210685,1,1,N,N,43,1GTEC19X59Z165117,2009,21,39,2356,30,N,78703,2,,2,4,1,18,4,1,Y,EZ AUTO AND TOWING SERVICE,EZ AUTO AND TOWING SERVICE,N,,,,,,,,,,,,,,,,,,,,,,67,,,60,,,,,,,4,1,0,0,1,0,0,1,0,,,,,,,,
17210687,1,1,N,Y,43,1FTRX17L5WKA87951,1998,10,37,2324,30,N,78744,1,2,4,2,1,,,,Y,SOUTHSIDE WRECKER INC,SOUTHSIDE WRECKER INC,N,,,,,,,,,,,,,,,,,,,,,,0,,,,,,,,,,6,1,0,0,0,1,0,0,0,,,,,,,,
17210690,1,1,N,N,43,1NXBR32E57Z926336,2007,3,91,173,104,N,78616,1,1,2,5,12,,,,N,SPECIAL AUTOMOTIVE SERVICE INC,SPECIAL AUTOMOTIVE SERVICE INC,N,,,,,,,,,,,,,,,,,,,,,,44,,,20,,,,,8,,4,1,0,0,0,2,0,0,0,,,,,,,,
17210690,2,1,N,N,43,5UXFE83549L170566,2009,2,14,689,69,N,78732,1,1,8,2,,,,,N,,,N,,,,,,,,,,,,,,,,,,,,,,0,,,,,,,,,,4,1,0,0,0,1,0,0,0,,,,,,,,
17210698,1,1,N,N,43,3GTU2UEC5EG527279,2014,21,39,2356,30,N,78209,1,2,4,1,2,,,,,,,N,,,,,,,,,,,,,,,,,,,,,,,,,65,,,,,,,2,1,0,0,0,1,0,0,0,,,,,,,,
17210698,2,1,N,N,43,WBA3A5G56FNS83165,2015,1,14,652,104,N,76549,1,2,3,3,10,,,,,PRONTO WRECKER SERVICE NORTH,PRONTO WRECKER SERVICE NORTH,N,,,,,,,,,,,,,,,,,,,,,,0,,,,,,,,,,7,1,0,0,0,1,0,0,0,,,,,,,,
17210700,1,1,N,N,43,5YFBURHE1GP379950,2016,3,91,173,104,N,78612,1,1,10,6,3,,,,Y,AUS-TEX AUTO ENTERPRISES LLC,AUS-TEX AUTO ENTERPRISES LLC,N,,,,,,,,,,,,,,,,,,,,,,74,,,,,,,,,,8,2,1,0,0,0,0,1,0,,,,,,,,
17210700,2,1,N,N,43,1G1BC5SMXK7127905,2019,17,107,2209,104,N,78660,1,1,2,2,12,,,,Y,ARMADA TOWING,ARMADA TOWING,N,,,,,,,,,,,,,,,,,,,,,,20,,,,,,,,,,6,1,0,0,0,1,0,0,0,,,,,,,,
17210700,3,1,Y,N,43,4M2ZU52P8WUJ32356,1998,3,114,618,69,N,78728,1,1,11,1,6,,,,Y,STARS TOWING,STARS TOWING,N,,,,,,,,,,,,,,,,,,,,,,0,,,,,,,,,,6,1,1,0,0,0,0,1,0,,,,,,,,
17210700,4,4,,,,,,,,,,,,,,,,,,,,,,,,,,,,,,,,,,,,,,,,,,,,,0,,,,,,,,,,9,2,0,1,0,0,0,1,0,,,,,,,,
17210700,5,4,,,,,,,,,,,,,,,,,,,,,,,,,,,,,,,,,,,,,,,,,,,,,0,,,,,,,,,,9,2,0,1,0,0,0,1,0,,,,,,,,
17210702,1,1,N,N,43,1G11C5SLXFF257620,2015,3,107,56,104,N,78653,1,2,15,0,3,,,,Y,SOUTHSIDE WRECKER INC,SOUTHSIDE WRECKER INC,N,,,,,,,,,,,,,,,,,,,,,,37,,,,,,,,,,7,1,0,0,0,1,0,0,0,,,,,,,,
17210703,1,1,N,N,43,1D7HA18K76J159456,2006,16,109,82,106,N,78752,2,,7,2,5,,,,Y,AUS-TEX AUTO ENTERPRISES LLC,AUS-TEX AUTO ENTERPRISES LLC,N,,,,,,,,,,,,,,,,,,,,,,45,,,,,,,,,,4,1,0,0,0,2,0,0,0,,,,,,,,
17210707,1,1,N,N,43,JTDKT4K31A5314338,2010,3,91,1477,104,N,,1,2,10,2,2,,,,N,,,N,,,,,,,,,,,,,,,,,,,,,,65,,,,,,,,,,7,1,0,0,0,2,0,0,0,,,,,,,,
17210707,2,1,N,N,43,5FYD5FV068C034940,2008,3,498,1410,47,N,,1,2,4,1,11,,,,N,,,Y,Y,N,Y,1,5,,4,42540,0,N,,,,,2,13,,,,,,0,,,,,,,,,,7,1,0,2,4,1,0,6,0,N,3,,,,,N,
17210774,1,1,N,N,43,JT3VN39W4M0055108,1991,8,91,395,69,N,78702,2,,3,3,10,,,,N,SPECIAL AUTOMOTIVE SERVICE INC,SPECIAL AUTOMOTIVE SERVICE INC,N,,,,,,,,,,,,,,,,,,,,,,67,20,,,,,,,,,5,1,0,0,0,1,0,0,0,,,,,,,,
17210775,1,1,N,Y,43,1FT7X2A61CEB81609,2012,21,37,,30,N,78744,2,,3,5,11,,,,N,TRI-CITY TOWING,TRI-CITY TOWING,N,,,,,,,,,,,,,,,,,,,,,,22,20,,,,,,,,,1,1,0,0,0,0,1,0,0,,,,,,,,
17210776,1,1,N,Y,43,5YFBURHE9HP569982,2017,21,91,173,104,N,76227,1,2,2,0,12,,,,N,DRIVEN AWAY,DRIVEN AWAY,N,,,,,,,,,,,,,,,,,,,,,,74,,,,,,,,,,5,1,0,0,0,0,1,0,0,,,,,,,,
17210776,2,4,,,,,,,,,,,,,,,,,,,,,,,,,,,,,,,,,,,,,,,,,,,,,0,,,,,,,,,,9,1,0,1,0,0,0,1,0,,,,,,,,
17210777,1,1,N,N,43,52CG6AGA2J5018290,2018,21,529,4079,92,N,78762,1,1,7,3,7,,,,Y,SPECIAL AUTOMOTIVE SERVICE INC,SPECIAL AUTOMOTIVE SERVICE INC,N,,,,,,,,,,,,,,,,,,,,,,20,,,,,,,,,,6,1,0,0,0,1,0,0,0,,,,,,,,
17210777,2,1,N,N,43,3N1AB7AP6JY212639,2018,,71,341,104,N,95865,1,1,2,3,12,,,,N,,,N,,,,,,,,,,,,,,,,,,,,,,0,,,,,,,,,,8,1,0,0,0,1,0,0,0,,,,,,,,
17210778,1,1,N,N,43,4T1BK1FK2EU546540,2014,2,91,380,104,N,78633,1,2,2,6,12,,,,Y,SPECIAL AUTOMOTIVE SERVICE INC,SPECIAL AUTOMOTIVE SERVICE INC,N,,,,,,,,,,,,,,,,,,,,,,0,,,,,,,,,,6,1,0,0,1,2,0,1,0,,,,,,,,
17210780,1,1,N,N,43,1C6RR6KTXFS686012,2015,2,109,82,104,N,78724,1,1,2,3,12,,,,Y,,,N,,,,,,,,,,,,,,,,,,,,,,45,,,,,,,,,,7,1,0,0,0,1,0,0,0,,,,,,,,
17210780,2,1,Y,N,43,1FTPW12526KB03977,2006,21,37,2324,104,N,78724,1,1,11,4,9,,,,N,,,N,,,,,,,,,,,,,,,,,,,,,,0,,,,,,,,,,5,1,0,0,0,0,0,0,0,,,,,,,,
17210780,3,1,Y,N,43,1LNCM81W2MY637008,1991,1,113,335,104,N,78724,1,1,14,1,3,,,,N,,,N,,,,,,,,,,,,,,,,,,,,,,0,,,,,,,,,,1,2,0,0,0,0,0,0,0,,,,,,,,
17210780,4,1,Y,N,43,2C8GP64L25R594300,2005,18,21,64,104,N,78724,2,,11,2,9,,,,N,,,N,,,,,,,,,,,,,,,,,,,,,,0,,,,,,,,,,5,2,0,0,0,0,0,0,0,,,,,,,,
17210781,1,1,N,N,43,1C3CCBBB6DN734850,2013,2,21,2258,104,N,78724,2,,15,7,9,,,,Y,EZ AUTO AND TOWING SERVICE,EZ AUTO AND TOWING SERVICE,N,,,,,,,,,,,,,,,,,,,,,,33,20,,,,,,,,,5,1,0,1,0,0,0,1,0,,,,,,,,
17210781,2,1,N,N,43,3C4FY58B33T593821,2003,16,21,709,104,N,78602,1,1,1,5,12,,,,Y,ROCHAS TOWING SERVICE,ROCHAS TOWING SERVICE,N,,,,,,,,,,,,,,,,,,,,,,0,,,,,,,,,,7,1,0,0,0,1,0,0,0,,,,,,,,
17211042,1,1,N,N,43,JM1BK343191245244,2009,9,63,1210,104,N,78727,1,2,2,5,12,,,,Y,ATX VIP,ATX-VIP TOWING SERVICES,N,,,,,,,,,,,,,,,,,,,,,,44,,,,,,,,,,1,1,0,0,0,1,0,0,0,,,,,,,,
17211042,2,1,N,N,43,2T1BURHE3EC110054,2014,9,91,173,104,N,76155,1,2,6,4,6,,,,Y,A-TEX TOWING,A-TEX TOWING,N,,,,,,,,,,,,,,,,,,,,,,0,,,,,,,,,,1,1,0,0,0,2,0,0,0,,,,,,,,
17211254,1,1,N,Y,,,,,,,0,N,,,,,,,,,,,,,N,,,,,,,,,,,,,,,,,,,,,,0,,,,,,,,,,11,1,0,0,0,0,0,0,0,,,,,,,,
17211254,2,4,,,,,,,,,,,,,,,,,,,,,,,,,,,,,,,,,,,,,,,,,,,,,0,,,,,,,,,,9,1,1,0,0,0,0,1,0,,,,,,,,
17211605,1,1,N,N,43,2HGFG12818H547768,2008,3,44,256,100,N,78653,1,2,2,4,12,,,,Y,SPECIAL AUTOMOTIVE SERVICE INC,SPECIAL AUTOMOTIVE SERVICE INC,N,,,,,,,,,,,,,,,,,,,,,,20,,,,,,,,,,2,1,0,1,0,3,0,1,0,,,,,,,,
17211605,2,1,N,N,43,1G11C5SL3FF340726,2015,2,107,56,104,N,78653,1,2,6,2,6,,,,N,,,N,,,,,,,,,,,,,,,,,,,,,,0,,,,,,,,,,2,1,0,0,0,1,0,0,0,,,,,,,,
17211606,1,1,N,N,3,1FDXE4FS2DDA65944,2013,12,37,101,106,N,85004,1,2,27,0,,,,,Y,AUS-TEX AUTO ENTERPRISES LLC,AUS-TEX AUTO ENTERPRISES LLC,N,,,,,,,,,,,,,,,,,,,,,,52,,,,,,,,,,4,1,0,1,0,1,0,1,0,,,,,,,,
17211607,1,1,N,N,43,3C3CFFAR7CT321895,2012,16,35,2309,100,N,78717,1,1,14,2,3,15,2,9,N,ATX-VIP TOWING SERVICES,ATX-VIP TOWING SERVICES,N,,,,,,,,,,,,,,,,,,,,,,39,,,,,,,,,,7,1,0,1,0,0,0,1,0,,,,,,,,
17211607,2,1,N,N,43,3N1AB7AP0JY291273,2018,17,71,341,104,N,74134,1,1,2,2,12,,,,N,EZ AUTO AND TOWING SERVICE,EZ AUTO AND TOWING SERVICE,N,,,,,,,,,,,,,,,,,,,,,,0,,,,,,,,,,5,1,0,0,1,0,0,1,0,,,,,,,,
17211608,1,1,N,N,43,5XXGT4L38GG046199,2016,11,55,715,104,N,76574,1,1,3,3,11,,,,N,620 LAKESIDE TOWING,620 LAKESIDE TOWING,N,,,,,,,,,,,,,,,,,,,,,,20,22,,,,,,,,,1,1,0,0,0,1,0,0,0,,,,,,,,
17211608,2,1,N,N,43,WBABJ5328SJC83230,1995,2,14,652,100,N,78701,1,1,4,2,1,,,,,,,N,,,,,,,,,,,,,,,,,,,,,,0,,,,,,,,,,1,1,0,0,0,1,0,0,0,,,,,,,,
17211609,1,1,N,N,43,JHLRE38567C035454,2007,21,44,605,69,N,78702,1,1,4,6,12,,,,Y,SOUTHSIDE WRECKER INC,IMPOUND,N,,,,,,,,,,,,,,,,,,,,,,0,,,,,,,,,,7,1,0,0,0,0,1,0,0,,,,,,,,
17211609,2,1,Y,N,43,JF2GTAEC0KH221568,2019,16,85,2555,104,N,78704,1,1,8,5,6,,,,N,,,N,,,,,,,,,,,,,,,,,,,,,,0,,,,,,,,,,3,1,0,0,0,0,0,0,0,,,,,,,,
17211610,1,1,N,N,43,2HKRW5H3XKH413115,2019,3,44,107,69,N,78731,1,1,2,4,12,,,,N,,,N,,,,,,,,,,,,,,,,,,,,,,37,,,,,,,,,,7,1,0,0,0,1,0,0,0,,,,,,,,
17211610,2,1,N,N,43,KMHDU46DX9U639589,2009,9,45,480,104,N,78665,1,1,11,6,10,,,,N,ATX-VIP TOWING SERVICES,ATX-VIP TOWING SERVICES,N,,,,,,,,,,,,,,,,,,,,,,0,,,,,,,,,,3,1,0,0,0,1,0,0,0,,,,,,,,
17211611,1,1,N,N,43,1FTKR1AD3BPA46549,2011,21,37,357,30,N,78724,1,2,2,5,12,,,,,,,N,,,,,,,,,,,,,,,,,,,,,,22,,,,,,,,,,4,1,0,1,0,0,0,1,0,,,,,,,,
17211611,2,1,N,N,43,5FNYF3H66DB021292,2013,21,44,761,69,N,78660,1,2,6,4,6,2,3,12,,,,N,,,,,,,,,,,,,,,,,,,,,,0,,,,,,,,,,4,1,0,0,0,1,0,0,0,,,,,,,,
17211611,3,1,N,N,43,2GNAXJEV8J6325795,2018,,107,1048,69,N,78753,1,2,6,3,6,,,,,,,N,,,,,,,,,,,,,,,,,,,,,,0,,,,,,,,,,4,2,0,0,1,1,0,1,0,,,,,,,,
17211612,1,1,N,N,43,4T1BE46K99U882233,2009,2,91,380,104,N,78258,1,1,2,3,12,,,,Y,EZ AUTO AND TOWING SERVICE,EZ AUTO AND TOWING SERVICE,N,,,,,,,,,,,,,,,,,,,,,,74,,,,,,,,,,5,1,0,0,1,0,0,1,0,,,,,,,,
17211612,2,1,N,N,43,JTKDE177170210959,2007,2,91,4331,100,N,78108,1,1,6,3,12,,,,Y,ROCHAS TOWING SERVICE,ROCHAS TOWING SERVICE,N,,,,,,,,,,,,,,,,,,,,,,0,,,,,,,,,,5,1,0,0,1,0,0,1,0,,,,,,,,
17211613,1,1,N,N,43,JN8CS1MU3GM670370,2016,17,47,2397,69,N,78749,1,1,13,3,8,,,,N,SPECIAL AUTOMOTIVE SERVICE INC,,N,,,,,,,,,,,,,,,,,,,,,,,,,20,,,,,,,3,1,0,0,0,1,0,0,0,,,,,,,,
17211613,2,1,N,N,43,KNDCC3LC2J5124559,2018,9,55,611,69,N,78737,1,1,2,4,12,,,,N,EZ AUTO AND TOWING SERVICE,,N,,,,,,,,,,,,,,,,,,,,,,0,,,,,,,,,,5,1,0,0,0,1,0,0,0,,,,,,,,
17211614,1,1,N,N,43,1FMCA11U8TZB99411,1996,3,37,375,103,N,78752,1,1,12,6,1,,,,N,,,N,,,,,,,,,,,,,,,,,,,,,,15,,,,,,,,,,4,1,0,0,2,0,0,2,0,,,,,,,,
17211614,2,1,N,N,43,1FMFU19555LA63051,2005,2,37,101,104,N,78724,1,1,3,7,11,,,,N,AUSTIN EXPRESS TOWING INC.,AUSTIN EXPRESS TOWING INC.,N,,,,,,,,,,,,,,,,,,,,,,0,,,,,,,,,,8,1,1,0,0,0,0,1,0,,,,,,,,
17211615,1,1,N,N,43,1FAHP34N48W244920,2008,3,37,696,104,N,78745,1,2,1,5,12,,,,N,ARMADA TOWING,ARMADA TOWING,N,,,,,,,,,,,,,,,,,,,,,,20,44,,,,,,,,,4,1,0,0,0,1,0,0,0,,,,,,,,
17211615,2,1,N,N,43,J0062JGD11001,1979,9,48,110,69,N,78746,1,2,5,1,5,,,,N,OWNER,OWNER,N,,,,,,,,,,,,,,,,,,,,,,0,,,,,,,,,,4,1,0,0,0,3,0,0,0,,,,,,,,
17211617,1,1,N,N,43,2GNALDEK3D6123423,2013,2,107,1048,69,N,,1,1,3,3,11,,,,,,,N,,,,,,,,,,,,,,,,,,,,,,27,,,,,,,,,,7,1,0,0,0,1,0,0,0,,,,,,,,
17211617,2,1,N,N,43,5PVNJ8JJ9H4S50429,2017,21,43,3290,92,N,78665,1,1,8,1,5,,,,,,,Y,Y,N,N,3,4,,98,26000,0,N,,,,,6,13,,,,,,0,,,,,,,,,,7,1,0,0,0,1,0,0,0,N,0,,,,,N,
17211618,1,1,N,N,43,1GCRCSE05BZ253199,2011,17,107,658,30,N,78721,1,2,14,1,3,,,,N,,,N,,,,,,,,,,,,,,,,,,,,,,,,,57,,,,,,,8,1,0,1,0,1,0,1,0,,,,,,,,
17211618,2,1,N,N,43,5NPE24AF5FH188665,2015,9,45,462,104,N,78203,1,2,11,2,9,,,,N,,,N,,,,,,,,,,,,,,,,,,,,,,0,,,,,,,,,,8,1,0,0,0,4,0,0,0,,,,,,,,
17211619,1,1,N,N,43,1C4NJCBAXED789025,2014,21,429,970,69,N,78753,1,2,1,1,11,,,,N,,,N,,,,,,,,,,,,,,,,,,,,,,20,,,22,,,,,,,4,1,0,0,0,1,0,0,0,,,,,,,,
17211619,2,3,,,,,,,,,,,,,,,,,,,,,,,,,,,,,,,,,,,,,,,,,,,,,0,,,,,,,,,,9,1,0,0,1,0,0,1,0,,,,,,,,
17211620,1,1,N,N,43,1HGCR3F89FA005185,2015,11,44,236,104,N,75116,1,1,4,1,,8,1,7,,,,N,,,,,,,,,,,,,,,,,,,,,,0,,,,,,,,,,2,1,0,0,0,1,0,0,0,,,,,,,,
17211620,2,1,N,N,43,1VWCH7A34DC106492,2013,9,96,473,104,N,78702,1,1,3,1,,,,,,,,N,,,,,,,,,,,,,,,,,,,,,,0,,,,,,,,,,2,1,0,0,0,1,0,0,0,,,,,,,,
17211621,1,1,N,N,43,1FTYR10C5YPA94954,2000,21,37,357,30,N,78717,1,2,2,3,12,,,,N,620 LAKESIDE TOWING,OWNERS RESIDENCE/REQUEST,N,,,,,,,,,,,,,,,,,,,,,,20,44,,,,,,,,,4,1,0,0,1,0,0,1,0,,,,,,,,
17211621,2,1,N,N,43,1HGCR2F50HA275912,2017,2,44,236,104,N,78613,1,2,6,3,,2,2,12,N,,,N,,,,,,,,,,,,,,,,,,,,,,0,,,,,,,,,,4,1,0,0,0,1,0,0,0,,,,,,,,
17211621,3,1,N,N,43,WA1CCAFP5HA046115,2017,21,8,2674,69,N,78717,1,2,7,2,7,,,,N,,,N,,,,,,,,,,,,,,,,,,,,,,0,,,,,,,,,,4,2,0,0,0,1,0,0,0,,,,,,,,
17211622,1,1,N,N,43,1FMCU0J95FUC78789,2015,21,37,711,69,N,78738,1,1,2,2,12,,,,N,NOT TOWED,NOT TOWED,N,,,,,,,,,,,,,,,,,,,,,,44,,,,,,,,,,5,1,0,0,0,1,0,0,0,,,,,,,,
17211622,2,1,N,N,43,3C7WRMAL7GG343221,2016,21,710,4104,106,N,78701,4,,5,0,12,,,,N,NOT TOWED,NOT TOWED,N,,,,,,,,,,,,,,,,,,,,,,0,,,,,,,,,,5,1,0,0,0,2,0,0,0,,,,,,,,
17211623,1,1,N,N,43,,2009,16,109,2275,30,N,78721,1,1,12,4,3,,,,N,ROCHAS TOWING SERVICE,ROCHAS TOWING SERVICE,N,,,,,,,,,,,,,,,,,,,,,,20,,,,,,,,,,5,1,0,0,0,1,0,0,0,,,,,,,,
17211623,2,1,N,N,43,3GNEC16ZX2G306198,2002,3,107,249,104,N,78621,1,1,2,4,12,,,,N,EZ AUTO AND TOWING SERVICE,EZ AUTO AND TOWING SERVICE,N,,,,,,,,,,,,,,,,,,,,,,0,,,,,,,,,,3,1,0,0,0,1,0,0,0,,,,,,,,
17213310,1,1,N,N,15,1FVHCYFE3JHJS8963,2018,21,38,1524,106,N,30009,1,2,16,1,3,,,,N,,,Y,Y,Y,N,1,3,78741,6,0,48000,Y,2,206,,,5,13,,,,,,20,,,,,,,,,,5,1,0,0,0,1,0,0,0,N,0,,,,,N,
17213310,2,1,N,N,43,19XFB2F91DE076619,2013,21,44,107,104,N,76549,1,2,11,5,8,,,,N,,,N,,,,,,,,,,,,,,,,,,,,,,20,,,,,,,,,,5,1,0,0,0,1,0,0,0,,,,,,,,
17213326,1,1,N,N,43,2C4RDGBG3CR225683,2012,21,109,550,103,N,78705,1,2,5,1,6,,,,N,DRIVER,DRIVEN AWAY,N,,,,,,,,,,,,,,,,,,,,,,3,,,,,,,,,,7,1,0,0,0,2,0,0,0,,,,,,,,
17213326,2,1,Y,N,43,1FMCU0D7XAKC46645,2010,21,37,711,69,N,78754,1,2,5,1,6,,,,N,DRIVER,DRIVEN AWAY,N,,,,,,,,,,,,,,,,,,,,,,0,,,,,,,,,,8,1,0,0,0,1,0,0,0,,,,,,,,
17215419,1,1,N,N,43,4T4BF1FK4CR256162,2012,17,91,380,104,N,78754,1,1,3,2,1,,,,N,EAGLE TOWING,"710 SOUTH IH 35 AUSTIN, TX 78681",N,,,,,,,,,,,,,,,,,,,,,,22,,,,,,,,,,5,1,0,0,1,0,0,1,0,,,,,,,,
17215419,2,1,N,N,43,5XYPG4A31GG082058,2016,21,55,767,69,N,78729,1,1,8,2,6,2,2,12,N,,,N,,,,,,,,,,,,,,,,,,,,,,0,,,,,,,,,,5,1,0,0,0,1,0,0,0,,,,,,,,
17215419,3,1,N,N,43,2G1WB55K779368700,2007,21,107,53,104,N,78681,1,1,7,2,6,2,1,12,N,AUSTEX TOWING AND RECOVERY,"205 FARLEY DR AUSTIN, TX 78753",N,,,,,,,,,,,,,,,,,,,,,,0,,,,,,,,,,5,2,0,0,0,1,0,0,0,,,,,,,,
17215419,4,1,N,N,43,JM1GL1V5XH1118126,2017,2,63,870,104,N,78665,1,1,6,1,6,,,,,,,N,,,,,,,,,,,,,,,,,,,,,,0,,,,,,,,,,5,2,0,0,0,1,0,0,0,,,,,,,,
17215516,1,1,N,N,9,1N4AL3AP3JC199091,2018,9,71,500,104,N,02021,2,,11,3,8,,,,N,,,N,,,,,,,,,,,,,,,,,,,,,,,,,20,,,,,,,2,1,0,0,0,3,0,0,0,,,,,,,,
17215516,2,1,N,N,43,4T1BF1FK1EU366695,2014,9,91,173,104,N,78748,1,2,12,4,2,,,,Y,ARMADA TOWING,ARMADA TOWING,N,,,,,,,,,,,,,,,,,,,,,,,,,20,,,,,,,2,1,0,0,0,1,0,0,0,,,,,,,,
17215517,1,1,N,N,43,KNAFU4A25C5613936,2012,8,55,1093,104,N,78744,1,2,23,,,,,,N,,,N,,,,,,,,,,,,,,,,,,,,,,37,,,,,,,,,,8,2,0,0,0,3,0,0,0,,,,,,,,
17215517,2,1,N,N,43,3VWPX7AK2EM613006,2014,9,96,316,104,N,78758,1,2,2,4,12,,,,Y,AVILES & GABES WRECKER SERVICE INC.,5526 1/2 W HWY 290,N,,,,,,,,,,,,,,,,,,,,,,0,,,,,,,,,,4,1,0,1,1,0,0,2,0,,,,,,,,
17215517,3,1,N,N,33,JM3KE2BY9G0920882,2016,2,63,2471,104,N,27602,1,2,2,5,12,,,,Y,EZ AUTO AND TOWING SERVICE,5526 1/2 W HWY 290,N,,,,,,,,,,,,,,,,,,,,,,0,,,,,,,,,,2,1,0,0,3,0,0,3,0,,,,,,,,
17215518,1,1,N,N,43,2G1FC1ED1B9214127,2011,2,107,46,100,N,78730,1,1,9,3,9,,,,Y,620 LAKESIDE TOWING,620 LAKESIDE TOWING,N,,,,,,,,,,,,,,,,,,,,,,34,,,,,,,,,,5,1,0,0,1,0,0,1,0,,,,,,,,
17215518,2,1,N,N,43,1FMCU0EG7BKC62611,2011,2,37,711,69,N,78734,1,1,2,3,12,,,,N,620 LAKESIDE TOWING,620 LAKESIDE TOWING,N,,,,,,,,,,,,,,,,,,,,,,0,,,,,,,,,,7,1,0,0,1,0,0,1,0,,,,,,,,
17215519,1,1,N,N,43,1FTEX1CFXGKE99542,2016,21,37,2324,30,N,78767,1,7,13,1,9,,,,N,,,N,,,,,,,,,,,,,,,,,,,,,,38,,,,,,,,,,5,1,0,0,0,1,0,0,0,,,,,,,,
17215519,2,1,N,N,43,JM1BL1V70C1634502,2012,21,63,3917,104,N,78744,1,2,2,3,12,,,,N,ROCHAS TOWING SERVICE,ROCHAS TOWING SERVICE,N,,,,,,,,,,,,,,,,,,,,,,0,,,,,,,,,,7,1,0,0,0,1,0,0,0,,,,,,,,
17215520,1,1,N,Y,43,1C6SRFFT9KN545467,2019,9,109,2275,106,N,78666,2,1,,,,,,,,,,N,,,,,,,,,,,,,,,,,,,,,,0,,,,,,,,,,7,1,0,0,0,0,1,0,0,,,,,,,,
17215520,2,1,N,N,43,JHMCP26388C057951,2008,2,44,236,104,N,,1,1,14,2,3,,,,,,,N,,,,,,,,,,,,,,,,,,,,,,0,,,,,,,,,,1,1,0,0,0,1,0,0,0,,,,,,,,