Crash_ID,Unit_Nbr,Unit_Desc_ID,Veh_Parked_Fl,Veh_HNR_Fl,Veh_Lic_State_ID,VIN,Veh_Mod_Year,Veh_Color_ID,Veh_Make_ID,Veh_Mod_ID,Veh_Body_Styl_ID,Emer_Respndr_Fl,Ownr_Zip,Fin_Resp_Proof_ID,Fin_Resp_Type_ID,Veh_Dmag_Area_1_ID,Veh_Dmag_Scl_1_ID,Force_Dir_1_ID,Veh_Dmag_Area_2_ID,Veh_Dmag_Scl_2_ID,Force_Dir_2_ID,Veh_Inventoried_Fl,Veh_Transp_Name,Veh_Transp_Dest,Veh_Cmv_Fl,Cmv_Fiveton_Fl,Cmv_Hazmat_Fl,Cmv_Nine_Plus_Pass_Fl,Cmv_Veh_Oper_ID,Cmv_Carrier_ID_Type_ID,Cmv_Carrier_Zip,Cmv_Veh_Type_ID,Cmv_GVWR,Cmv_RGVW,Cmv_Hazmat_Rel_Fl,Hazmat_Cls_1_ID,Hazmat_IDNbr_1_ID,Hazmat_Cls_2_ID,Hazmat_IDNbr_2_ID,Cmv_Cargo_Body_ID,Cmv_Evnt1_ID,Cmv_Evnt2_ID,Cmv_Evnt3_ID,Cmv_Evnt4_ID,Cmv_Tot_Axle,Cmv_Tot_Tire,Contrib_Factr_1_ID,Contrib_Factr_2_ID,Contrib_Factr_3_ID,Contrib_Factr_P1_ID,Contrib_Factr_P2_ID,Veh_Dfct_1_ID,Veh_Dfct_2_ID,Veh_Dfct_3_ID,Veh_Dfct_P1_ID,Veh_Dfct_P2_ID,Veh_Trvl_Dir_ID,First_Harm_Evt_Inv_ID,Sus_Serious_Injry_Cnt,Nonincap_Injry_Cnt,Poss_Injry_Cnt,Non_Injry_Cnt,Unkn_Injry_Cnt,Tot_Injry_Cnt,Death_Cnt,Cmv_Disabling_Damage_Fl,Cmv_Bus_Type_ID,Trlr_GVWR,Trlr_RGVW,Trlr_Type_ID,Trlr_Disabling_Dmag_ID,Cmv_Intermodal_Container_Permit_Fl,CMV_Actual_Gross_Weight
17215521,1,1,N,N,43,KNDJT2A29B7309029,2011,17,55,1357,104,N,78741,1,1,11,1,11,,,,N,,,N,,,,,,,,,,,,,,,,,,,,,,,,,20,,,,,,,7,1,0,0,0,2,0,0,0,,,,,,,,
17215521,2,3,,,,,,,,,,,,,,,,,,,,,,,,,,,,,,,,,,,,,,,,,,,,,0,,,,,,,,,,9,1,0,1,0,0,0,1,0,,,,,,,,
17215522,1,1,N,N,43,JTLKT324064034690,2006,21,91,2575,104,N,78758,2,,15,4,9,,,,Y,ROCHAS TOWING SERVICE,ROCHAS TOWING SERVICE,N,,,,,,,,,,,,,,,,,,,,,,74,,,,,,,,,,7,1,1,0,0,0,0,1,0,,,,,,,,
17215522,2,1,N,N,43,1GNERFKW3JJ203869,2018,2,107,732,104,N,78721,1,1,2,2,12,,,,N,,,N,,,,,,,,,,,,,,,,,,,,,,74,,,,,,,,,,1,1,0,0,2,0,0,2,0,,,,,,,,
17215523,1,1,N,N,43,2C3CDYAG5CH268980,2012,21,109,73,100,N,78744,2,,2,5,12,16,4,4,Y,ROCHAS TOWING SERVICE,ROCHAS TOWING SERVICE,N,,,,,,,,,,,,,,,,,,,,,,0,,,,,,,,,,8,1,1,0,0,0,0,1,0,,,,,,,,
17215524,1,1,N,N,43,WBAUP7C59BVK78959,2011,2,14,826,100,N,78727,1,2,3,1,11,,,,N,EZ AUTO AND TOWING SERVICE,EZ AUTO AND TOWING SERVICE,N,,,,,,,,,,,,,,,,,,,,,,0,,,,,,,,,,7,1,0,0,0,1,0,0,0,,,,,,,,
17215524,2,1,N,N,43,1FATP8EMXF5414584,2015,2,37,96,100,N,78121,1,2,2,1,12,,,,N,ROCHAS TOWING SERVICE,ROCHAS TOWING SERVICE,N,,,,,,,,,,,,,,,,,,,,,,0,,,,,,,,,,3,1,0,0,0,1,0,0,0,,,,,,,,
17215525,1,1,N,N,43,WD2PD144655774834,2005,21,109,1371,103,N,78767,1,7,1,4,12,,,,Y,AUS-TEX AUTO ENTERPRISES LLC,AUS-TEX AUTO ENTERPRISES LLC,N,,,,,,,,,,,,,,,,,,,,,,0,,,,,,,,,,2,1,0,0,0,1,0,0,0,,,,,,,,
17215525,2,4,,,,,,,,,,,,,,,,,,,,,,,,,,,,,,,,,,,,,,,,,,,,,59,,,,,,,,,,9,1,1,0,0,0,0,1,0,,,,,,,,
17215526,1,1,N,N,43,1FTBF3A68FEC42493,2015,21,37,2325,30,N,08054,1,2,12,4,1,,,,N,EZ AUTO AND TOWING SERVICE,EZ AUTO AND TOWING SERVICE,N,,,,,,,,,,,,,,,,,,,,,,37,,,,,,,,,,5,1,0,0,0,1,0,0,0,,,,,,,,
17215526,2,1,N,N,43,1GBJC34U27E185017,2007,21,107,2238,106,N,78621,1,2,2,4,12,,,,N,STARS TOWING,STARS TOWING,N,,,,,,,,,,,,,,,,,,,,,,0,,,,,,,,,,1,1,0,0,0,2,0,0,0,,,,,,,,
17215526,3,6,,,,,,,,,,,78621,,,,,,,,,,,,,,,,,,,,,,,,,,,,,,,,,,0,,,,,,,,,,9,2,0,0,0,0,0,0,0,,,,,,,,
17215527,1,1,N,N,43,1G1PC5SH1C7374076,2012,2,107,2209,104,N,78759,1,1,3,7,11,,,,N,SPECIAL AUTOMOTIVE SERVICE INC,SPECIAL AUTOMOTIVE SERVICE INC,N,,,,,,,,,,,,,,,,,,,,,,19,20,,,,,,,,,7,1,0,0,0,1,0,0,0,,,,,,,,
17215527,2,1,N,N,43,1FUJA6AV64DN05109,2006,2,38,1524,106,N,78753,1,1,12,6,3,,,,N,DRIVER,UNKNOWN,N,,,,,,,,,,,,,,,,,,,,,,0,,,,,,,,,,3,1,0,0,0,1,0,0,0,,,,,,,,
17215527,3,6,,,,,,,,,,,78660,,,,,,,,,,,,,,,,,,,,,,,,,,,,,,,,,,0,,,,,,,,,,9,2,0,0,0,0,0,0,0,,,,,,,,
17215528,1,1,N,N,43,JM3KFADM7J1302818,2018,3,63,2471,104,N,78748,1,1,8,3,4,,,,Y,HARPERS TOWING SERVICE INC,OWNERS RESIDENCE/REQUEST,N,,,,,,,,,,,,,,,,,,,,,,0,,,,,,,,,,3,1,0,0,0,1,0,0,0,,,,,,,,
17215528,2,1,N,N,43,JM1CR2W34A0382969,2010,17,63,1211,103,N,78748,1,1,2,2,,,,,Y,SOUTHSIDE WRECKER INC,8200 S. CONGRESS AVE,N,,,,,,,,,,,,,,,,,,,,,,0,,,,,,,,,,7,1,0,1,0,0,0,1,0,,,,,,,,
17215529,1,1,N,N,43,JHMFB2F58CS000709,2012,9,44,256,104,N,78752,1,1,11,3,8,,,,,STARS TOWING,STARS TOWING,N,,,,,,,,,,,,,,,,,,,,,,4,,,,,,,,,,4,1,0,0,0,1,0,0,0,,,,,,,,
17215529,2,1,N,N,43,5YFBU4EE6CP031370,2012,17,91,173,104,N,,1,1,12,4,1,,,,N,ARMADA TOWING,OWNERS RESIDENCE/REQUEST,N,,,,,,,,,,,,,,,,,,,,,,0,,,,,,,,,,4,1,0,0,0,1,0,0,0,,,,,,,,
17215530,1,1,N,Y,,,,16,,,104,N,,,,,,,,,,,,,N,,,,,,,,,,,,,,,,,,,,,,0,,,,,,,,,,3,1,0,0,0,0,0,0,0,,,,,,,,
17215530,2,1,N,N,43,1NXBR12E1YZ378700,2000,21,91,173,104,N,78753,1,2,10,2,5,11,1,9,N,DRIVEN FROM SCENE,DRIVEN FROM SCENE,N,,,,,,,,,,,,,,,,,,,,,,0,,,,,,,,,,5,1,0,0,1,0,0,1,0,,,,,,,,
17215530,3,1,N,N,43,2T3H1RFV0KW004782,2019,2,91,178,104,N,78754,1,2,11,1,8,,,,N,DRIVEN FROM SCENE,NON,N,,,,,,,,,,,,,,,,,,,,,,0,,,,,,,,,,5,2,0,0,0,1,0,0,0,,,,,,,,
17215531,1,1,N,N,43,1FAHP2MK5EG153516,2014,17,37,376,104,Y,78702,1,7,10,2,3,,,,N,NOT TOWED,NOT TOWED,N,,,,,,,,,,,,,,,,,,,,,,74,,,,,,,,,,8,1,0,0,0,1,0,0,0,,,,,,,,
17215531,2,1,Y,N,43,WDCTG4GB5JJ438316,2018,21,65,2490,104,N,76177,2,,15,1,9,,,,N,NOT TOWED,NOT TOWED,N,,,,,,,,,,,,,,,,,,,,,,0,,,,,,,,,,8,1,0,0,0,0,0,0,0,,,,,,,,
17215532,1,1,N,N,43,5YFBURHE2JP760701,2018,3,91,173,104,N,78758,1,2,1,1,12,,,,N,,,N,,,,,,,,,,,,,,,,,,,,,,20,,,22,,12,,,,,1,1,0,0,0,3,0,0,0,,,,,,,,
17215532,2,1,N,N,43,4T1B21HK8JU503585,2018,2,91,380,104,N,78726,1,2,11,1,10,16,0,2,N,,,N,,,,,,,,,,,,,,,,,,,,,,34,,,20,,12,,,,,7,1,0,0,0,0,0,0,0,,,,,,,,
17215532,3,1,N,N,43,1C4RDHDG6GC467014,2016,16,109,635,104,N,78727,1,2,9,1,10,,,,N,,,N,,,,,,,,,,,,,,,,,,,,,,14,,,47,,12,,,,,1,2,0,0,0,1,0,0,0,,,,,,,,
17215533,1,1,N,Y,43,3C4NJDDB3KT800058,2019,9,429,983,104,N,74134,2,,15,2,11,,,,Y,SOUTHSIDE WRECKER INC,8200 S. CONGRESS AVE,N,,,,,,,,,,,,,,,,,,,,,,0,,,,,,,,,,11,1,0,0,0,0,0,0,0,,,,,,,,
17215534,1,1,N,N,43,JA4MS31X27U012205,2007,9,68,775,104,N,78251,1,1,15,6,7,,,,Y,620 LAKESIDE TOWING,620 LAKESIDE TOWING,N,,,,,,,,,,,,,,,,,,,,,,0,,,,,,,,,,1,1,0,0,0,1,0,0,0,,,,,,,,
17215534,2,1,N,N,43,JTKKU104X8J028425,2008,21,91,178,104,N,78660,1,1,2,7,12,,,,Y,STARS TOWING,STARS TOWING,N,,,,,,,,,,,,,,,,,,,,,,0,,,,,,,,,,1,1,0,0,0,1,0,0,0,,,,,,,,
17215535,1,1,N,Y,43,2FAHP71V48X105712,2008,5,37,2321,104,N,78644,,,1,4,12,,,,Y,620 LAKESIDE TOWING,620 LAKESIDE TOWING,N,,,,,,,,,,,,,,,,,,,,,,44,,,,,,,,,,5,1,0,0,0,0,1,0,0,,,,,,,,
17215535,2,1,N,N,43,3VWC17AU6HM515241,2017,2,96,381,104,N,78749,1,2,6,3,6,3,3,11,Y,CLARK AUTO CARE,CLARK AUTO CARE,N,,,,,,,,,,,,,,,,,,,,,,0,,,,,,,,,,5,1,0,0,0,1,0,0,0,,,,,,,,
17215535,3,1,N,N,43,5J8TC2H56KL015444,2019,21,1,1301,104,N,78717,1,2,6,4,6,1,1,12,Y,ROCHAS TOWING SERVICE,ROCHAS TOWING SERVICE,N,,,,,,,,,,,,,,,,,,,,,,0,,,,,,,,,,5,2,0,0,1,1,0,1,0,,,,,,,,
17215535,4,1,N,Y,43,3FA6P0H7XGR283837,2016,3,37,1097,104,N,78617,1,2,5,1,6,,,,N,OWNER,OWNER,N,,,,,,,,,,,,,,,,,,,,,,0,,,,,,,,,,5,2,0,0,0,0,1,0,0,,,,,,,,
17215536,1,1,N,N,43,1N6BA07A66N544368,2006,3,71,1397,30,N,78753,1,1,15,3,12,,,,N,,,N,,,,,,,,,,,,,,,,,,,,,,0,,,,,,,,,,1,1,0,1,0,0,0,1,0,,,,,,,,
17215536,2,1,N,N,43,JTDBL40E29J015772,2009,9,91,173,104,N,78748,1,1,2,6,,,,,Y,K & S TOWING,K & S TOWING,N,,,,,,,,,,,,,,,,,,,,,,0,,,,,,,,,,3,1,0,0,0,1,0,0,0,,,,,,,,
17215575,1,1,N,N,43,1GYEC63T24R125115,2004,21,106,657,69,N,,1,1,2,5,12,9,4,9,N,LEFT AT SCENE,N/A,N,,,,,,,,,,,,,,,,,,,,,,17,,,20,,,,,,,7,1,0,0,0,1,0,0,0,,,,,,,,
17215575,2,1,N,N,43,2C3CDXCT2KH643811,2019,21,109,74,104,N,07054,1,7,2,5,12,9,4,9,N,REMAINED AT SCENE,N/A,N,,,,,,,,,,,,,,,,,,,,,,0,,,,,,,,,,7,1,0,0,0,1,0,0,0,,,,,,,,
17215576,1,1,N,N,43,1G1PC5SB2F7206754,2015,2,107,2209,104,N,78665,1,1,9,4,9,,,,N,,,N,,,,,,,,,,,,,,,,,,,,,,34,,,,,,,,,,3,1,0,0,0,1,0,0,0,,,,,,,,
17215576,2,1,N,N,43,KNAFU4A26A5824382,2010,2,55,1093,104,N,78617,1,1,2,5,12,,,,N,,,N,,,,,,,,,,,,,,,,,,,,,,0,,,,,,,,,,5,1,0,1,0,0,0,1,0,,,,,,,,
17215577,1,1,N,N,43,4S4WMAMD7K3476678,2019,17,85,168,69,N,78641,1,2,5,3,6,,,,N,,,N,,,,,,,,,,,,,,,,,,,,,,0,,,,,,,,,,1,1,0,0,1,2,0,1,0,,,,,,,,
17215577,2,1,N,N,43,4S2CK58W334303918,2003,17,49,536,69,N,78202,1,2,1,3,12,5,3,6,N,,,N,,,,,,,,,,,,,,,,,,,,,,,,,44,,,,,,,1,1,0,0,0,1,0,0,0,,,,,,,,
17215577,3,1,N,N,43,5XYZU3LB5GG313222,2016,21,45,713,69,N,78723,1,2,1,3,12,,,,N,,,N,,,,,,,,,,,,,,,,,,,,,,44,,,,,,,,,,1,2,0,0,0,2,0,0,0,,,,,,,,
17215578,1,1,N,N,43,WDCTG4GB5FJ112099,2015,2,65,2490,104,N,78746,1,1,3,5,9,,,,N,A-TEX TOWING,,N,,,,,,,,,,,,,,,,,,,,,,0,,,,,,,,,,8,1,0,0,0,1,0,0,0,,,,,,,,
17215578,2,1,N,N,1,1N4AL21E38N415917,2008,9,71,500,104,N,78748,1,1,2,4,12,,,,N,SPECIAL AUTOMOTIVE SERVICE INC,,N,,,,,,,,,,,,,,,,,,,,,,0,,,,,,,,,,2,1,0,0,0,1,0,0,0,,,,,,,,
17215579,1,1,N,N,43,1N4AL11D05N904109,2005,9,71,500,104,N,78728,1,2,2,1,12,,,,N,,,N,,,,,,,,,,,,,,,,,,,,,,0,,,,,,,,,,7,1,0,0,0,1,0,0,0,,,,,,,,
17215579,2,1,N,N,43,JF1GJAH68CH027016,2012,3,85,516,104,N,78613,1,2,12,5,2,,,,N,,,N,,,,,,,,,,,,,,,,,,,,,,0,,,,,,,,,,1,1,0,0,0,1,0,0,0,,,,,,,,
17215580,1,1,N,N,43,,2009,17,91,173,104,N,78728,1,1,17,3,9,,,,N,969 TOWING,969 TOWING,N,,,,,,,,,,,,,,,,,,,,,,0,,,,,,,,,,6,1,0,0,1,0,0,1,0,,,,,,,,
17215581,1,1,N,N,31,1FT8W3BT0HEC24930,2017,3,37,2326,30,N,87114,1,1,2,3,12,,,,N,,,N,,,,,,,,,,,,,,,,,,,,,,20,,,,,,,,,,1,1,0,0,0,2,0,0,0,,,,,,,,
17215581,2,1,N,N,43,1FAHP3K27CL367405,2012,17,37,696,104,N,78728,1,1,6,4,6,,,,Y,STARS TOWING,STARS TOWING,N,,,,,,,,,,,,,,,,,,,,,,0,,,,,,,,,,1,1,0,1,0,0,0,1,0,,,,,,,,
17215582,1,1,N,N,43,5TEGN92N82Z141463,2002,9,91,629,30,N,78728,2,,2,1,12,,,,N,,,N,,,,,,,,,,,,,,,,,,,,,,44,,,,,,,,,,5,1,0,0,0,2,0,0,0,,,,,,,,
17215582,2,1,N,N,43,4A3AL35T37E018096,2007,2,68,774,100,N,78660,1,2,6,2,6,,,,N,,,N,,,,,,,,,,,,,,,,,,,,,,0,,,,,,,,,,5,1,0,0,0,1,0,0,0,,,,,,,,
17215583,1,1,N,N,43,3VW167AJ9HM206734,2017,2,96,316,104,N,78621,1,2,2,3,12,,,,N,,,N,,,,,,,,,,,,,,,,,,,,,,20,,,,,,,,,,1,1,0,0,1,0,0,1,0,,,,,,,,
17215583,2,1,N,N,43,2G1WC57M591208117,2009,17,107,53,104,N,77011,2,,6,2,6,2,2,12,N,,,N,,,,,,,,,,,,,,,,,,,,,,0,,,,,,,,,,1,1,0,0,2,1,0,2,0,,,,,,,,
17215583,3,1,N,N,43,JTMZD33V075047613,2007,16,91,581,104,N,78757,1,2,7,1,6,,,,N,,,N,,,,,,,,,,,,,,,,,,,,,,0,,,,,,,,,,1,2,0,0,0,2,0,0,0,,,,,,,,
17215584,1,1,N,N,43,19XFB2F92FE070900,2015,21,44,256,104,N,76087,1,1,12,5,3,,,,N,HARPERS TOWING SERVICE INC,,N,,,,,,,,,,,,,,,,,,,,,,0,,,,,,,,,,6,1,0,0,0,1,0,0,0,,,,,,,,
17215584,2,1,N,N,43,5TDZT34A04S236752,2004,3,91,722,69,N,78748,2,,2,2,12,,,,N,,,N,,,,,,,,,,,,,,,,,,,,,,0,,,,,,,,,,4,1,0,0,0,1,0,0,0,,,,,,,,
17215585,1,1,N,N,43,2HNYD2H36CH536978,2012,2,1,705,69,N,78723,1,2,2,2,12,,,,N,NA,NA,N,,,,,,,,,,,,,,,,,,,,,,,,,37,,,,,,,7,1,0,0,0,1,0,0,0,,,,,,,,
17215585,2,1,N,N,43,1HGCG16541A023876,2001,16,44,236,104,N,78724,3,1,13,7,9,1,7,12,N,ATX-VIP TOWING SERVICES,ATX-VIP TOWING SERVICES,N,,,,,,,,,,,,,,,,,,,,,,,,,60,,,,,,,5,1,0,1,0,0,0,1,0,,,,,,,,
17215586,1,1,N,N,43,4S4BRDLC7C2239111,2012,2,85,1268,104,N,78732,1,2,12,3,3,,,,N,ARMADA TOWING,ARMADA TOWING,N,,,,,,,,,,,,,,,,,,,,,,0,,,,,,,,,,7,1,0,0,0,1,0,0,0,,,,,,,,
17215586,2,1,N,N,43,1GCEC14W3XZ208624,1999,2,107,2236,30,N,78738,2,,2,2,12,,,,N,,,N,,,,,,,,,,,,,,,,,,,,,,0,,,,,,,,,,3,1,0,0,0,0,1,0,0,,,,,,,,
17215587,1,1,N,N,43,1XP5DB9X2YD517471,2000,16,74,4033,87,N,75234,1,2,7,1,1,,,,N,,,Y,Y,N,N,1,2,75234,9,80000,0,N,,,,,3,13,,,,,,20,,,,,,,,,,1,1,0,0,0,1,0,0,0,N,0,,,,,N,
17215587,2,6,,,,,,,,,,,63301,,,,,,,,,,,,,,,,,,,,,,,,,,,,,,,,,,0,,,,,,,,,,9,2,0,0,0,1,0,0,0,,,80000,0,2,N,,
17215587,3,1,N,N,43,JTEBU5JRXK5660992,2019,21,91,178,104,N,78216,1,7,12,2,2,,,,N,,,N,,,,,,,,,,,,,,,,,,,,,,0,,,,,,,,,,1,1,0,0,2,1,0,2,0,,,,,,,,
17215588,1,1,N,N,43,JM3KE2CYXF0533299,2015,9,63,272,104,N,78745,1,2,2,3,12,,,,N,A-TEX TOWING,A TEX TOWING,N,,,,,,,,,,,,,,,,,,,,,,0,,,,,,,,,,3,1,0,0,0,1,0,0,0,,,,,,,,
17215588,2,1,N,N,43,5TFEM5F16EX078983,2014,9,91,687,30,N,78735,1,2,8,2,6,,,,N,REMOVEDBY OWNER,REMOVED BY OWNER,N,,,,,,,,,,,,,,,,,,,,,,0,,,,,,,,,,3,1,0,0,0,2,0,0,0,,,,,,,,
17215589,1,1,N,N,43,JHLRD68586C014639,2006,3,44,605,69,N,78747,1,1,2,2,12,,,,Y,,,N,,,,,,,,,,,,,,,,,,,,,,0,,,,,,,,,,7,1,0,0,0,1,0,0,0,,,,,,,,
17215590,1,1,N,N,43,3FAHP08Z19R113683,2009,1,37,1097,104,N,78730,1,1,3,5,12,,,,Y,ROCHAS TOWING SERVICE,ROCHAS TOWING SERVICE,N,,,,,,,,,,,,,,,,,,,,,,,,,19,,,,,,,5,1,0,0,0,1,0,0,0,,,,,,,,
17215590,2,1,N,N,43,2GTEC19V121292377,2002,3,39,105,30,N,78664,1,1,5,2,6,,,,N,,,N,,,,,,,,,,,,,,,,,,,,,,0,,,,,,,,,,5,1,0,0,0,1,0,0,0,,,,,,,,
17215591,1,1,N,N,43,1HGCP36858A014183,2008,2,44,236,104,N,78753,1,2,11,3,10,15,2,9,Y,SPECIAL AUTOMOTIVE SERVICE INC,SPECIAL AUTOMOTIVE SERVICE INC,N,,,,,,,,,,,,,,,,,,,,,,0,,,,,,,,,,8,1,0,0,0,0,1,0,0,,,,,,,,
17215591,2,1,N,N,43,JTDKN3DU8C5487609,2012,17,91,702,104,N,78758,1,2,12,4,2,10,3,3,Y,A-TEX TOWING,A-TEX TOWING,N,,,,,,,,,,,,,,,,,,,,,,0,,,,,,,,,,1,1,0,1,0,0,0,1,0,,,,,,,,
17215595,1,1,N,N,43,3VWSB69MX2M183626,2002,17,96,316,104,N,78753,1,1,2,4,,,,,Y,EZ AUTO AND TOWING SERVICE,EZ AUTO AND TOWING SERVICE,N,,,,,,,,,,,,,,,,,,,,,,20,,,,,,,,,,1,1,0,1,1,0,0,2,0,,,,,,,,
17215601,1,1,N,Y,43,4T1BB46K27U012720,2007,16,91,380,104,N,78744,2,,10,5,3,,,,N,NOT TOWED,NOT TOWED,N,,,,,,,,,,,,,,,,,,,,,,0,,,,,,,,,,8,1,0,0,0,1,0,0,0,,,,,,,,
17215601,2,1,N,N,43,4T1BK1FK6CU006511,2012,2,91,178,104,N,78744,1,2,2,5,12,,,,N,HARPERS TOWING SERVICE INC,HARPERS TOWING SERVICE INC,N,,,,,,,,,,,,,,,,,,,,,,0,,,,,,,,,,4,1,0,0,0,2,0,0,0,,,,,,,,
17215602,1,1,N,N,43,5LMCJ1A99FUJ33511,2015,15,113,114,104,Y,78759,1,1,2,4,12,,,,N,EZ AUTO AND TOWING SERVICE,EZ AUTO AND TOWING SERVICE,N,,,,,,,,,,,,,,,,,,,,,,74,,,,,12,,,,,3,1,0,0,4,0,0,4,0,,,,,,,,
17215602,2,1,N,N,43,3N1AB7AP9JY256893,2018,21,71,69,104,Y,77388,3,1,10,3,3,,,,N,STARS TOWING,STARS TOWING,N,,,,,,,,,,,,,,,,,,,,,,0,,,,,,,,,,1,1,0,0,0,2,0,0,0,,,,,,,,
17215604,1,1,N,N,43,1FAFP40684F137973,2004,22,37,96,100,N,78758,1,1,2,4,12,,,,Y,AUS-TEX AUTO ENTERPRISES LLC,AUS-TEX AUTO ENTERPRISES LLC,N,,,,,,,,,,,,,,,,,,,,,,45,,,60,,,,,,,6,1,0,0,0,1,0,0,0,,,,,,,,
17215604,2,1,N,N,43,1G1JC5SH9F4104265,2015,9,107,2243,104,N,78660,1,1,15,4,9,,,,N,AUS-TEX AUTO ENTERPRISES LLC,AUS-TEX AUTO ENTERPRISES LLC,N,,,,,,,,,,,,,,,,,,,,,,0,,,,,,,,,,2,1,0,0,0,2,0,0,0,,,,,,,,
17215605,1,1,N,N,43,3GCRCSE04AG200086,2010,2,107,658,30,N,78744,1,1,2,6,12,,,,Y,SPECIAL AUTOMOTIVE SERVICE INC,SPECIAL AUTOMOTIVE SERVICE INC,N,,,,,,,,,,,,,,,,,,,,,,20,,,,,,,,,,8,1,0,0,0,0,1,0,0,,,,,,,,
17215606,1,1,N,N,43,5NPEC4AC8CH391970,2012,17,45,462,104,N,78620,1,2,12,4,3,,,,N,SPECIAL AUTOMOTIVE SERVICE INC,5700 BURLESON RD,N,,,,,,,,,,,,,,,,,,,,,,20,35,,,,,,,,,1,1,0,0,0,1,0,0,0,,,,,,,,
17215606,2,1,N,N,43,4T1BF1FK5HU708654,2017,16,91,380,104,N,,1,2,2,3,12,,,,N,,,N,,,,,,,,,,,,,,,,,,,,,,0,,,,,,,,,,7,1,0,0,0,1,0,0,0,,,,,,,,
17215607,1,1,N,N,43,3C7WRMCL9JG352216,2018,12,109,2874,9,Y,78702,1,7,11,3,8,,,,N,,,N,,,,,,,,,,,,,,,,,,,,,,4,,,,,,,,,,1,1,0,0,0,4,0,0,0,,,,,,,,
17215607,2,1,N,N,43,ZDM1YBJS2HB013412,2017,12,32,2895,71,N,78701,1,1,12,4,2,,,,N,SPECIAL AUTOMOTIVE SERVICE INC,SPECIAL AUTOMOTIVE SERVICE INC,N,,,,,,,,,,,,,,,,,,,,,,0,,,,,,,,,,1,1,1,0,0,0,0,1,0,,,,,,,,
17215656,1,1,N,N,43,1N4AZ0CP3GC306188,2016,3,71,2506,104,N,78702,1,1,5,1,6,,,,N,,,N,,,,,,,,,,,,,,,,,,,,,,33,,,,,,,,,,7,1,0,0,0,2,0,0,0,,,,,,,,
17215656,2,1,N,N,43,1HD1KBC14HB675671,2017,2,42,3094,71,N,78610,1,1,26,1,,,,,N,,,N,,,,,,,,,,,,,,,,,,,,,,0,,,,,,,,,,1,1,0,0,1,0,0,1,0,,,,,,,,
17215657,1,1,N,N,43,1FTEW1CG8JKC80534,2018,2,37,2324,30,N,78741,1,2,9,4,10,,,,N,,,N,,,,,,,,,,,,,,,,,,,,,,37,,,,,,,,,,7,1,0,0,0,2,0,0,0,,,,,,,,
17215657,2,1,N,N,43,KMHHU6KHXCU071261,2012,2,45,3563,100,N,78741,1,2,4,5,1,,,,N,ROCHAS TOWING SERVICE,ROCHAS TOWING SERVICE,N,,,,,,,,,,,,,,,,,,,,,,0,,,,,,,,,,8,1,0,0,0,1,0,0,0,,,,,,,,
17215658,1,1,N,N,43,3CZRU5H37HG702776,2017,10,44,107,104,N,78660,1,2,1,6,12,,,,N,HARPERS TOWING SERVICE INC,HARPERS TOWING SERVICE INC,N,,,,,,,,,,,,,,,,,,,,,,0,,,,,,,,,,6,1,0,0,0,1,0,0,0,,,,,,,,
17215658,2,4,,,,,,,,,,,,,,,,,,,,,,,,,,,,,,,,,,,,,,,,,,,,,59,,,,,,,,,,9,1,0,1,0,0,0,1,0,,,,,,,,
17215659,1,1,N,N,43,1GTR1MEC9GZ120853,2016,21,39,3080,30,N,78660,1,2,12,3,3,2,1,12,Y,AVILES & GABES WRECKER SERVICE INC.,AVILES & GABES WRECKER SERVICE INC.,N,,,,,,,,,,,,,,,,,,,,,,44,,,,,,,,,,5,1,0,0,0,2,0,0,0,,,,,,,,
17215659,2,1,N,N,43,5YJSA1E28JF246061,2018,16,602,2562,104,N,78726,1,2,13,4,7,15,2,7,Y,ATX-VIP TOWING SERVICES,ATX-VIP TOWING SERVICES,N,,,,,,,,,,,,,,,,,,,,,,0,,,,,,,,,,5,1,0,3,0,0,0,3,0,,,,,,,,
17215660,1,1,N,N,43,KNAGT4L35G5075984,2016,21,55,715,104,N,78613,1,2,4,2,1,,,,N,,,N,,,,,,,,,,,,,,,,,,,,,,17,,,,,,,,,,7,1,0,0,0,1,0,0,0,,,,,,,,
17215660,2,1,N,N,9,1G1ZD5ST7LF005237,2020,9,107,53,104,N,32827,1,7,3,2,1,,,,,,,N,,,,,,,,,,,,,,,,,,,,,,0,,,,,,,,,,7,1,0,0,0,2,0,0,0,,,,,,,,
17215661,1,1,N,N,43,4T1BE32K63U705713,2003,18,91,380,104,N,78723,1,2,7,4,9,,,,,STARS TOWING,STARS TOWING,N,,,,,,,,,,,,,,,,,,,,,,34,,,,,,,,,,3,1,0,1,0,0,0,1,0,,,,,,,,
17215661,2,1,N,N,43,JTHBJ46G992275142,2009,2,58,1052,104,N,34145,1,2,3,3,12,,,,,,,N,,,,,,,,,,,,,,,,,,,,,,0,,,,,,,,,,5,1,0,0,0,1,0,0,0,,,,,,,,
17215662,1,1,N,N,43,3N1CN7AP5KL843736,2019,2,71,1452,104,N,78745,1,1,2,5,12,,,,Y,SPECIAL AUTOMOTIVE SERVICE INC,SPECIAL AUTOMOTIVE SERVICE INC,N,,,,,,,,,,,,,,,,,,,,,,20,,,,,,,,,,2,1,0,1,0,0,0,1,0,,,,,,,,
17215662,2,1,N,N,43,1GCRCREC4EZ188451,2014,17,107,658,30,N,78640,1,1,6,2,6,,,,N,,,N,,,,,,,,,,,,,,,,,,,,,,0,,,,,,,,,,2,1,0,1,0,0,0,1,0,,,,,,,,