Crash_ID,Unit_Nbr,Unit_Desc_ID,Veh_Parked_Fl,Veh_HNR_Fl,Veh_Lic_State_ID,VIN,Veh_Mod_Year,Veh_Color_ID,Veh_Make_ID,Veh_Mod_ID,Veh_Body_Styl_ID,Emer_Respndr_Fl,Ownr_Zip,Fin_Resp_Proof_ID,Fin_Resp_Type_ID,Veh_Dmag_Area_1_ID,Veh_Dmag_Scl_1_ID,Force_Dir_1_ID,Veh_Dmag_Area_2_ID,Veh_Dmag_Scl_2_ID,Force_Dir_2_ID,Veh_Inventoried_Fl,Veh_Transp_Name,Veh_Transp_Dest,Veh_Cmv_Fl,Cmv_Fiveton_Fl,Cmv_Hazmat_Fl,Cmv_Nine_Plus_Pass_Fl,Cmv_Veh_Oper_ID,Cmv_Carrier_ID_Type_ID,Cmv_Carrier_Zip,Cmv_Veh_Type_ID,Cmv_GVWR,Cmv_RGVW,Cmv_Hazmat_Rel_Fl,Hazmat_Cls_1_ID,Hazmat_IDNbr_1_ID,Hazmat_Cls_2_ID,Hazmat_IDNbr_2_ID,Cmv_Cargo_Body_ID,Cmv_Evnt1_ID,Cmv_Evnt2_ID,Cmv_Evnt3_ID,Cmv_Evnt4_ID,Cmv_Tot_Axle,Cmv_Tot_Tire,Contrib_Factr_1_ID,Contrib_Factr_2_ID,Contrib_Factr_3_ID,Contrib_Factr_P1_ID,Contrib_Factr_P2_ID,Veh_Dfct_1_ID,Veh_Dfct_2_ID,Veh_Dfct_3_ID,Veh_Dfct_P1_ID,Veh_Dfct_P2_ID,Veh_Trvl_Dir_ID,First_Harm_Evt_Inv_ID,Sus_Serious_Injry_Cnt,Nonincap_Injry_Cnt,Poss_Injry_Cnt,Non_Injry_Cnt,Unkn_Injry_Cnt,Tot_Injry_Cnt,Death_Cnt,Cmv_Disabling_Damage_Fl,Cmv_Bus_Type_ID,Trlr_GVWR,Trlr_RGVW,Trlr_Type_ID,Trlr_Disabling_Dmag_ID,Cmv_Intermodal_Container_Permit_Fl,CMV_Actual_Gross_Weight
17217494,1,1,N,N,43,1FAFP36302W335354,2002,17,37,696,104,N,76539,1,2,16,3,3,,,,N,620-LAKESIDE: 512-266-8620,"12400 ANDERSON MILL, AUSTIN 78726",N,,,,,,,,,,,,,,,,,,,,,,4,,,,,,,,,,6,1,0,0,0,1,0,0,0,,,,,,,,
17217494,2,1,N,N,43,1FMCU0JX4FUB29790,2015,21,37,711,69,N,78613,1,2,15,3,9,12,3,3,N,620-LAKESIDE: 512-266-8620,"12400 ANDERSON MILL, AUSTIN 78726",N,,,,,,,,,,,,,,,,,,,,,,0,,,,,,,,,,6,1,0,0,0,1,0,0,0,,,,,,,,
17219214,1,1,N,Y,43,JM1BK144561466807,2006,21,63,1210,104,N,78634,2,,4,2,12,,,,Y,EZ AUTO AND TOWING SERVICE,EZ AUTO AND TOWING SERVICE,N,,,,,,,,,,,,,,,,,,,,,,74,,,,,,,,,,5,1,0,0,0,1,0,0,0,,,,,,,,
17219214,2,1,N,N,43,5FNRL38468B405932,2008,9,44,571,103,N,78630,1,1,7,2,6,,,,N,,,N,,,,,,,,,,,,,,,,,,,,,,0,,,,,,,,,,5,1,0,0,0,4,0,0,0,,,,,,,,
17219215,1,1,N,N,43,1FMZU67E41UC29335,2001,17,37,712,104,N,78748,1,2,11,3,8,,,,N,SPECIAL AUTOMOTIVE SERVICE INC,OWNERS RESIDENCE/REQUEST,N,,,,,,,,,,,,,,,,,,,,,,0,,,,,,,,,,5,1,0,0,0,1,0,0,0,,,,,,,,
17219215,2,1,N,N,43,1FMPU17L64LB91920,2004,3,37,601,104,N,78140,1,2,2,3,12,,,,N,ROCHAS TOWING SERVICE,ROCHAS TOWING SERVICE,N,,,,,,,,,,,,,,,,,,,,,,0,,,,,,,,,,7,1,0,0,0,1,0,0,0,,,,,,,,
17219216,1,1,N,N,43,1GTEC19X18Z122375,2008,2,39,2360,30,N,78744,1,2,3,3,11,,,,N,,,N,,,,,,,,,,,,,,,,,,,,,,33,,,,,,,,,,2,1,0,0,0,1,0,0,0,,,,,,,,
17219216,2,1,N,N,43,1G1ZD5ST1JF186302,2018,21,107,56,104,N,78634,1,1,8,5,5,,,,N,ROCHAS TOWING SERVICE,ROCHAS TOWING SERVICE,N,,,,,,,,,,,,,,,,,,,,,,0,,,,,,,,,,4,1,0,0,0,1,0,0,0,,,,,,,,
17219217,1,1,N,N,43,1FMZU67E03UC81516,2003,21,37,712,30,N,78723,1,1,9,3,9,,,,N,,,N,,,,,,,,,,,,,,,,,,,,,,34,,,,,,,,,,4,1,0,0,0,2,0,0,0,,,,,,,,
17219217,2,1,N,N,43,1FA6P0H79F5121781,2015,21,37,1097,104,N,78744,1,2,2,3,12,,,,N,,,N,,,,,,,,,,,,,,,,,,,,,,22,,,,,,,,,,6,1,0,1,0,4,0,1,0,,,,,,,,
17219218,1,1,N,N,43,1D7HA18N48J151733,2008,3,109,2275,30,N,78721,2,,2,2,12,,,,,,,N,,,,,,,,,,,,,,,,,,,,,,44,,,,,,,,,,1,1,0,0,0,1,0,0,0,,,,,,,,
17219218,2,1,N,N,43,KL1TD66E19B653212,2009,9,107,920,104,N,78753,1,1,5,6,6,,,,N,ARMADA TOWING,ARMADA TOWING,N,,,,,,,,,,,,,,,,,,,,,,0,,,,,,,,,,1,1,0,1,0,1,0,1,0,,,,,,,,
17219218,3,1,N,N,43,2B3KA43R57H831749,2007,17,109,74,104,N,78753,2,,5,2,6,,,,,,,N,,,,,,,,,,,,,,,,,,,,,,0,,,,,,,,,,1,2,0,3,0,0,0,3,0,,,,,,,,
17219219,1,1,N,N,43,JNKCV51E55M209481,2005,17,47,764,104,N,78721,1,1,2,6,12,,,,Y,STARS TOWING,STARS TOWING,N,,,,,,,,,,,,,,,,,,,,,,45,,,,,,,,,,3,1,0,1,0,0,0,1,0,,,,,,,,
17219220,1,1,N,N,43,1N4AL3APXFN362556,2015,16,71,500,104,N,78741,2,,4,6,12,,,,Y,A & A WRECKER NORTH,A & A WRECKER NORTH,N,,,,,,,,,,,,,,,,,,,,,,19,,,74,,,,,,,2,1,0,0,0,2,0,0,0,,,,,,,,
17219220,2,1,N,Y,,,,21,37,2324,30,N,,,,,,,,,,N,,,N,,,,,,,,,,,,,,,,,,,,,,0,,,,,,,,,,8,1,0,0,0,0,1,0,0,,,,,,,,
17219221,1,1,N,N,43,KMHDH4AE8CU352117,2012,2,45,480,104,N,78758,1,2,2,6,12,,,,Y,AVILES & GABES WRECKER SERVICE INC.,AVILES & GABES WRECKER SERVICE INC.,N,,,,,,,,,,,,,,,,,,,,,,67,,,,,,,,,,4,1,0,1,0,0,0,1,0,,,,,,,,
17219355,1,1,N,N,43,1FTYR2CM9KKB07994,2019,21,37,2992,103,N,75261,1,2,14,1,5,,,,N,,,N,,,,,,,,,,,,,,,,,,,,,,,,,37,,,,,,,6,1,0,0,0,1,0,0,0,,,,,,,,
17219355,2,1,N,N,43,3N1CN7AP0GL804172,2016,17,71,1452,104,N,78726,1,2,11,2,11,,,,N,,,N,,,,,,,,,,,,,,,,,,,,,,,,,61,75,,,,,,4,1,0,0,0,1,0,0,0,,,,,,,,
17219486,1,1,N,N,43,5FYD5KV059B036341,2009,3,208,763,47,N,78702,4,7,,,,,,,,,,N,,,,,,,,,,,,,,,,,,,,,,0,,,,,,,,,,7,1,0,0,0,1,0,0,0,,,,,,,,
17219486,2,1,N,N,43,KNMAT2MTXKP512712,2019,9,71,1310,104,N,,2,,12,2,2,,,,Y,SPECIAL AUTOMOTIVE SERVICE INC,SPECIAL AUTOMOTIVE SERVICE INC,N,,,,,,,,,,,,,,,,,,,,,,0,,,,,,,,,,7,1,0,0,0,1,0,0,0,,,,,,,,
17219487,1,1,N,N,43,JTHBK1EG4C2498967,2012,2,58,1052,104,N,78640,1,2,10,3,3,,,,Y,,,N,,,,,,,,,,,,,,,,,,,,,,0,,,,,,,,,,7,1,0,0,0,1,0,0,0,,,,,,,,
17219487,2,1,N,N,43,4T1BK1FK0FU028296,2015,,91,380,104,N,,1,2,2,3,12,,,,Y,,,N,,,,,,,,,,,,,,,,,,,,,,0,,,,,,,,,,5,1,0,0,0,1,0,0,0,,,,,,,,
17219487,3,1,N,N,43,5TFFY5F12KX246283,2019,5,91,687,30,N,78748,1,2,2,2,12,,,,Y,,,N,,,,,,,,,,,,,,,,,,,,,,0,,,,,,,,,,5,2,0,1,0,0,0,1,0,,,,,,,,
17219488,1,1,N,N,43,2FMDK3KC3CBA62916,2012,2,37,1035,69,N,78727,1,1,3,2,11,4,2,1,N,,,N,,,,,,,,,,,,,,,,,,,,,,74,,,,,,,,,,1,1,0,0,0,1,0,0,0,,,,,,,,
17219489,1,1,N,N,43,2T3YF4DV4BW083932,2011,2,91,581,104,N,78628,1,1,7,1,6,,,,N,,,N,,,,,,,,,,,,,,,,,,,,,,0,,,,,,,,,,5,1,0,0,0,2,0,0,0,,,,,,,,
17219489,2,1,N,N,43,3VWRZ71K48M051707,2008,2,96,316,104,N,78741,1,1,4,4,12,,,,Y,,,N,,,,,,,,,,,,,,,,,,,,,,0,,,,,,,,,,3,1,0,0,0,1,0,0,0,,,,,,,,
17219490,1,1,N,N,43,JM3KFACL4H0195798,2017,9,63,2471,69,N,78748,1,1,3,3,11,,,,N,SOUTHSIDE WRECKER INC,8200 S. CONGRESS AVE,N,,,,,,,,,,,,,,,,,,,,,,35,,,,,,,,,,3,1,0,0,0,1,0,0,0,,,,,,,,
17219490,2,1,N,N,43,3VW267AJ9GM271358,2016,9,96,316,104,N,78748,1,1,2,3,12,,,,N,ARMADA TOWING,2508 BLUFF SPRINGS RD,N,,,,,,,,,,,,,,,,,,,,,,0,,,,,,,,,,5,1,0,0,1,0,0,1,0,,,,,,,,
17219492,1,1,N,Y,43,5N1AN08UX6C538009,2008,9,71,694,104,N,,2,,,,,,,,N,,,N,,,,,,,,,,,,,,,,,,,,,,0,,,,,,,,,,4,1,0,0,0,1,0,0,0,,,,,,,,
17219492,2,1,N,N,43,JM3ER293080180152,2008,21,63,272,104,N,78754,1,2,6,3,6,,,,N,,,N,,,,,,,,,,,,,,,,,,,,,,0,,,,,,,,,,4,1,0,3,0,1,0,3,0,,,,,,,,
17219493,1,1,N,N,43,NM0LS7ANXAT005164,2010,21,37,1412,103,N,,1,2,3,0,12,,,,N,,,N,,,,,,,,,,,,,,,,,,,,,,44,,,,,,,,,,6,1,0,0,0,1,0,0,0,,,,,,,,
17219493,2,1,N,N,43,1FMRU17W02LA81901,2002,21,37,601,69,N,78723,1,2,8,1,6,,,,N,,,N,,,,,,,,,,,,,,,,,,,,,,0,,,,,,,,,,6,1,0,0,0,7,0,0,0,,,,,,,,
17219494,1,1,N,N,43,2C3CDYAG8DH632973,2013,9,109,73,100,Y,78745,2,,2,7,,,,,Y,HARPERS TOWING SERVICE INC,HARPERS TOWING SERVICE INC,N,,,,,,,,,,,,,,,,,,,,,,,,,45,,,,,,,6,1,1,0,0,1,0,1,0,,,,,,,,
17219494,2,1,Y,N,43,1FTSW21P86ED13775,2006,21,37,2325,30,N,78745,1,1,6,6,6,,,,N,,,N,,,,,,,,,,,,,,,,,,,,,,0,,,,,,,,,,6,1,0,0,0,0,1,0,0,,,,,,,,
17219495,1,1,N,N,43,1HGCM56754A155714,2004,17,44,236,104,N,78702,1,2,2,0,12,,,,,,,N,,,,,,,,,,,,,,,,,,,,,,37,,,,,,,,,,5,1,0,0,0,3,0,0,0,,,,,,,,
17219495,2,3,,,,,,,,,,,,,,,,,,,,,,,,,,,,,,,,,,,,,,,,,,,,,0,,,,,,,,,,9,1,0,1,0,0,0,1,0,,,,,,,,
17219496,1,1,N,N,43,JHLRE38748C054281,2008,3,44,605,69,N,78757,1,2,2,3,12,,,,N,,,N,,,,,,,,,,,,,,,,,,,,,,44,,,,,,,,,,5,1,0,0,0,1,0,0,0,,,,,,,,
17219496,2,1,N,N,43,3GYFNBE37GS523149,2016,9,106,1373,69,N,78611,1,2,6,2,6,2,1,12,N,,,N,,,,,,,,,,,,,,,,,,,,,,0,,,,,,,,,,5,1,0,0,0,1,0,0,0,,,,,,,,
17219496,3,1,N,N,43,5TFRM5F19BX033534,2011,9,91,687,106,N,78753,1,2,6,1,6,,,,N,,,N,,,,,,,,,,,,,,,,,,,,,,0,,,,,,,,,,5,2,0,0,0,1,0,0,0,,,,,,,,
17219497,1,1,N,N,43,3GCPCRECXFG107655,2015,2,107,2202,30,N,78616,1,1,3,4,12,,,,N,AVILA'S & GABE,AVILA'S & GABE,N,,,,,,,,,,,,,,,,,,,,,,20,,,,,,,,,,7,1,0,0,0,1,0,0,0,,,,,,,,
17219497,2,1,N,N,43,1HTMMMML9KH686936,2004,22,48,3585,30,N,,1,1,8,2,6,,,,N,,,N,,,,,,,,,,,,,,,,,,,,,,0,,,,,,,,,,8,1,0,0,0,1,0,0,0,,,,,,,,
17219498,1,1,N,N,43,3N1AB7AP8JY248039,2018,21,71,341,104,N,08054,1,2,2,3,12,,,,,,,N,,,,,,,,,,,,,,,,,,,,,,22,,,,,,,,,,7,1,0,0,0,1,0,0,0,,,,,,,,
17219498,2,1,N,N,43,WB10A1301FZ193498,2015,21,14,2762,90,Y,78702,1,7,26,1,,,,,,,,N,,,,,,,,,,,,,,,,,,,,,,0,,,,,,,,,,7,1,0,1,0,0,0,1,0,,,,,,,,
17219499,1,1,N,Y,,,,99,,,0,N,,,,,,,,,,,,,N,,,,,,,,,,,,,,,,,,,,,,,,,60,20,,,,,,6,1,0,0,0,0,1,0,0,,,,,,,,
17219499,2,1,N,N,43,1FM5K7F83FGA15433,2015,2,37,554,69,N,78753,1,2,7,2,6,4,2,12,N,,,N,,,,,,,,,,,,,,,,,,,,,,0,,,,,,,,,,6,1,0,0,0,1,0,0,0,,,,,,,,
17219499,3,1,N,N,43,2G11Z5SA1H9109610,2017,17,107,53,104,N,78660,1,2,7,2,6,,,,N,,,N,,,,,,,,,,,,,,,,,,,,,,0,,,,,,,,,,6,2,0,1,0,0,0,1,0,,,,,,,,
17219500,1,1,N,N,43,WBAVB73547VF52257,2007,17,14,846,104,N,78744,1,2,16,3,3,,,,Y,SOUTHSIDE WRECKER INC,8200 S. CONGRESS AVE,N,,,,,,,,,,,,,,,,,,,,,,34,,,,,,,,,,5,1,0,0,0,1,0,0,0,,,,,,,,
17219500,2,1,N,N,43,1C3CDZAG0CN290981,2012,16,109,549,104,N,78748,1,2,2,3,12,,,,N,,,N,,,,,,,,,,,,,,,,,,,,,,0,,,,,,,,,,1,1,0,0,0,1,0,0,0,,,,,,,,
17219501,1,1,N,N,43,1GCESBFE0B8124322,2011,21,107,979,30,N,78741,1,1,2,1,12,,,,N,,,N,,,,,,,,,,,,,,,,,,,,,,20,,,,,,,,,,7,1,0,0,0,1,0,0,0,,,,,,,,
17219501,2,1,N,N,43,KMHDH4AE3DU917679,2013,17,45,480,104,N,78741,1,1,7,1,9,,,,N,,,N,,,,,,,,,,,,,,,,,,,,,,0,,,,,,,,,,5,1,0,0,1,0,0,1,0,,,,,,,,
17219503,1,1,N,N,43,1FTYR1YM6GKB56189,2016,21,37,101,103,N,,1,2,3,2,11,,,,N,,,N,,,,,,,,,,,,,,,,,,,,,,34,,,,,,,,,,8,1,0,0,0,1,0,0,0,,,,,,,,
17219503,2,1,N,N,43,4A4AP3AU7DE016653,2013,2,68,2497,69,N,78727,1,2,2,4,12,,,,N,A & A WRECKER NORTH,A & A WRECKER NORTH,N,,,,,,,,,,,,,,,,,,,,,,0,,,,,,,,,,2,1,0,0,1,0,0,1,0,,,,,,,,
17219504,1,1,N,N,43,1GKKRNED0DJ235283,2013,18,39,894,69,N,78748,1,1,3,2,12,,,,,EZ AUTO AND TOWING SERVICE,1830 OAK HILL LN,N,,,,,,,,,,,,,,,,,,,,,,22,,,,,,,,,,6,1,0,0,1,0,0,1,0,,,,,,,,
17219505,1,1,N,N,43,KMHCT5AE2FU225920,2015,9,45,557,104,N,78751,1,1,11,5,,,,,N,EZ AUTO AND TOWING SERVICE,EZ AUTO AND TOWING SERVICE,N,,,,,,,,,,,,,,,,,,,,,,39,,,,,,,,,,2,1,0,0,0,1,0,0,0,,,,,,,,
17219505,2,1,N,N,43,1C3CDZAG1CN290973,2012,9,109,549,104,N,78665,1,1,16,3,3,,,,N,,,N,,,,,,,,,,,,,,,,,,,,,,0,,,,,,,,,,3,1,0,0,0,1,0,0,0,,,,,,,,
17219510,1,1,N,N,43,55SWF4JB4HU198142,2017,21,65,671,104,N,78749,1,1,16,3,3,,,,N,,,N,,,,,,,,,,,,,,,,,,,,,,35,,,,,,,,,,5,1,0,0,0,1,0,0,0,,,,,,,,
17219510,2,1,N,N,43,5NPE34AF4HH586949,2017,9,45,462,104,N,78610,1,1,2,4,12,,,,N,SPECIAL AUTOMOTIVE SERVICE INC,SPECIAL AUTOMOTIVE SERVICE INC,N,,,,,,,,,,,,,,,,,,,,,,0,,,,,,,,,,3,1,0,0,0,1,0,0,0,,,,,,,,
17219515,1,1,N,N,40,1FUJGLDRXCSBL4111,2012,21,208,763,106,N,29906,1,2,11,2,11,,,,Y,SOUTHSIDE WRECKER INC,,Y,Y,N,N,1,2,37939,9,80000,0,N,,,,,98,13,10,,,,,66,,,,,,,,,,5,1,0,0,0,1,0,0,0,N,0,,,,,N,
17219515,2,6,,,,,,,,,,,,,,,,,,,,,,,,,,,,,,,,,,,,,,,,,,,,,0,,,,,,,,,,9,2,0,0,0,0,0,0,0,,,0,0,1,N,,
17219515,3,1,N,N,43,3VW2K7AJ0CM306164,2012,5,96,316,104,N,78744,2,,16,5,12,,,,Y,A-TEX TOWING,,Y,Y,N,N,1,2,37939,9,80000,0,N,,,,,98,13,13,,,,,0,,,,,,,,,,5,1,0,1,0,0,0,1,0,Y,0,,,,,N,
17219517,1,1,N,N,43,JTJYARBZ3J2102654,2018,2,58,3884,104,N,78703,1,1,4,7,12,,,,N,HARPERS TOWING SERVICE INC,HARPERS TOWING SERVICE INC,N,,,,,,,,,,,,,,,,,,,,,,19,20,,,,,,,,,6,1,0,0,1,0,0,1,0,,,,,,,,
17219517,2,1,Y,N,43,1FTRW12869FA57988,2009,3,37,602,30,N,78602,1,1,7,7,12,,,,N,OWNER,UNKNOWN,N,,,,,,,,,,,,,,,,,,,,,,0,,,,,,,,,,6,1,0,0,0,0,0,0,0,,,,,,,,
17219518,1,1,N,N,43,3MZBM1U79GM325437,2016,9,63,1210,100,N,78752,1,2,12,2,2,,,,N,EZ AUTO AND TOWING SERVICE,EZ AUTO AND TOWING SERVICE,N,,,,,,,,,,,,,,,,,,,,,,37,,,,,,,,,,4,1,0,0,0,1,0,0,0,,,,,,,,
17219518,2,1,N,N,43,WBXPA93495WD04257,2005,3,14,1466,104,N,78742,1,2,2,2,12,,,,N,HARPERS TOWING SERVICE INC,HARPERS TOWING SERVICE INC,N,,,,,,,,,,,,,,,,,,,,,,0,,,,,,,,,,8,1,0,0,1,0,0,1,0,,,,,,,,
17219519,1,1,N,N,43,4T1BK3DB7BU408809,2011,10,91,563,104,N,78758,1,2,3,3,10,,,,N,ATX-VIP TOWING SERVICES,ATX-VIP TOWING SERVICES,N,,,,,,,,,,,,,,,,,,,,,,35,,,,,,,,,,3,1,0,0,0,1,0,0,0,,,,,,,,
17219519,2,1,N,N,43,1FTEW1C83AFB84554,2010,16,37,2324,30,N,78723,1,2,1,2,12,,,,N,,,N,,,,,,,,,,,,,,,,,,,,,,0,,,,,,,,,,5,1,0,0,0,1,0,0,0,,,,,,,,
17219520,1,1,N,N,43,55SWF6EB8GU131418,2016,9,65,671,104,N,78704,1,2,12,2,3,,,,N,,,N,,,,,,,,,,,,,,,,,,,,,,37,,,,,,,,,,6,1,0,0,0,1,0,0,0,,,,,,,,
17219520,2,1,N,N,43,JTJZB1BA4D2413236,2013,21,58,1131,69,N,76133,1,2,2,3,12,,,,N,ATX-VIP TOWING SERVICES,ATX-VIP TOWING SERVICES,N,,,,,,,,,,,,,,,,,,,,,,0,,,,,,,,,,2,1,0,0,1,0,0,1,0,,,,,,,,
17219535,1,1,N,N,43,3ALACWFC2KDLH9058,2019,21,38,3004,106,N,78724,1,1,3,1,12,,,,N,AUS-TEX AUTO ENTERPRISES LLC,AUS-TEX AUTO ENTERPRISES LLC,N,,,,,,,,,,,,,,,,,,,,,,0,,,,,,,,,,1,1,0,0,0,2,0,0,0,,,,,,,,
17219535,2,1,N,N,43,3C4PDCBG0GT224395,2016,17,109,1166,69,N,78744,1,1,8,6,,,,,Y,CLARK AUTO CARE,CLARK AUTO CARE,N,,,,,,,,,,,,,,,,,,,,,,0,,,,,,,,,,1,1,0,0,1,0,0,1,0,,,,,,,,
17219536,1,1,N,N,43,3FADP4BJXHM144373,2017,,37,229,104,N,78736,1,1,12,4,3,,,,N,ATX-VIP TOWING SERVICES,ATX-VIP TOWING SERVICES,N,,,,,,,,,,,,,,,,,,,,,,0,,,,,,,,,,7,1,0,0,0,3,0,0,0,,,,,,,,
17219537,1,1,N,N,43,1G4PP5SK5F4179963,2015,2,105,2187,104,N,78758,2,,2,6,12,,,,N,,,N,,,,,,,,,,,,,,,,,,,,,,20,44,,,,,,,,,6,1,0,1,0,0,0,1,0,,,,,,,,
17219537,2,1,N,N,43,JTEBU5JR9F5213897,2015,21,91,395,69,N,78750,1,1,5,2,6,,,,N,,,N,,,,,,,,,,,,,,,,,,,,,,0,,,,,,,,,,6,1,0,0,0,1,0,0,0,,,,,,,,
17219538,1,1,N,N,43,3FA6P0LU9FR119622,2015,3,37,1097,104,N,78753,1,1,3,5,2,,,,N,,,N,,,,,,,,,,,,,,,,,,,,,,0,,,,,,,,,,3,1,0,0,0,1,0,0,0,,,,,,,,
17219538,2,1,N,N,43,1FMCU0GX4DUC95022,2013,21,37,711,104,N,78753,1,7,4,5,2,,,,N,A-TEX TOWING,5526 1/2 W HWY 290,N,,,,,,,,,,,,,,,,,,,,,,0,,,,,,,,,,3,1,0,0,0,1,0,0,0,,,,,,,,
17219539,1,1,N,N,43,1N6BD0CT2HN728062,2017,21,71,634,30,N,78758,1,2,3,2,12,,,,N,NOT TOWED,,N,,,,,,,,,,,,,,,,,,,,,,44,19,,,,,,,,,1,1,0,0,0,1,0,0,0,,,,,,,,
17219539,2,1,N,N,43,4T1BF1FK5CU521665,2012,21,91,380,104,N,78748,1,2,8,2,6,,,,N,NOT TOWED,,N,,,,,,,,,,,,,,,,,,,,,,0,,,,,,,,,,1,1,0,1,0,1,0,1,0,,,,,,,,
17219540,1,1,N,Y,43,UNKNOWN,,9,1,,104,N,,,,,,,,,,,,,N,,,,,,,,,,,,,,,,,,,,,,35,,,,,,,,,,7,1,0,0,0,0,1,0,0,,,,,,,,
17219540,2,1,N,N,43,KMHDN46D85U953118,2005,3,45,480,104,N,,2,,9,3,9,,,,N,HARPERS TOWING SERVICE INC,OWNERS,N,,,,,,,,,,,,,,,,,,,,,,0,,,,,,,,,,5,1,0,0,1,0,0,1,0,,,,,,,,
17219542,1,1,N,N,43,3VWXJ71K26M747025,2006,2,96,184,104,N,78753,1,2,4,4,1,,,,N,CLARK AUTO CARE,CLARK AUTO CARE,N,,,,,,,,,,,,,,,,,,,,,,63,,,,,,,,,,11,1,0,0,0,1,0,0,0,,,,,,,,
17219543,1,1,N,N,43,1HGCP2F38CA040610,2012,9,44,236,104,N,78728,1,2,2,5,12,,,,N,AVILES & GABES WRECKER SERVICE INC.,AVILES & GABES WRECKER SERVICE INC.,N,,,,,,,,,,,,,,,,,,,,,,,,,40,,,,,,,2,1,0,1,0,0,0,1,0,,,,,,,,
17219544,1,1,N,N,43,2GKFLSE53C6281275,2012,18,39,1392,69,N,78741,1,2,2,2,12,,,,Y,AVILES & GABES WRECKER SERVICE INC.,AVILES & GABES WRECKER SERVICE INC.,N,,,,,,,,,,,,,,,,,,,,,,44,20,,,,,,,,,2,1,0,0,0,1,0,0,0,,,,,,,,
17219544,2,1,N,N,43,2C4RDGCG8KR724959,2019,9,109,1115,103,N,74134,1,2,6,2,6,2,0,12,N,,,N,,,,,,,,,,,,,,,,,,,,,,0,,,,,,,,,,2,1,0,0,1,0,0,1,0,,,,,,,,
17219544,3,1,N,N,43,5NPDH4AE1FH568457,2015,3,45,480,104,N,78613,1,2,6,0,6,,,,N,,,N,,,,,,,,,,,,,,,,,,,,,,0,,,,,,,,,,2,2,0,0,1,0,0,1,0,,,,,,,,
17219545,1,1,N,N,43,1N4AL2AP0CN448156,2012,2,71,500,104,N,78719,2,,15,4,9,6,2,6,N,,,N,,,,,,,,,,,,,,,,,,,,,,3,37,44,,,,,,6,,4,1,0,0,0,2,0,0,0,,,,,,,,
17219545,2,1,N,N,43,1FTEW1CP9HFC32883,2017,9,37,2324,30,N,78724,1,1,2,1,12,,,,N,,,N,,,,,,,,,,,,,,,,,,,,,,0,,,,,,,,,,8,1,0,0,0,1,0,0,0,,,,,,,,
17219545,3,1,Y,N,43,1B3LC46K18N682794,2008,3,109,549,104,N,78744,1,1,6,1,6,,,,N,,,N,,,,,,,,,,,,,,,,,,,,,,0,,,,,,,,,,7,2,0,0,0,1,0,0,0,,,,,,,,
17219545,4,1,N,N,43,1N4AL3AP5FN324815,2015,,71,500,104,N,78744,1,1,2,4,12,,,,Y,EZ AUTO AND TOWING SERVICE,EZ AUTO AND TOWING SERVICE,N,,,,,,,,,,,,,,,,,,,,,,0,,,,,,,,,,3,2,0,0,0,1,0,0,0,,,,,,,,
17219546,1,1,N,N,43,1HGCR2F54HA005646,2017,2,44,236,104,N,78726,1,2,11,4,9,,,,N,SPECIAL AUTOMOTIVE SERVICE INC,SPECIAL AUTOMOTIVE SERVICE INC,N,,,,,,,,,,,,,,,,,,,,,,,,,37,,,,,,,1,1,0,1,1,0,0,2,0,,,,,,,,
17219546,2,1,N,N,43,1F65F5KY9J0A04685,2018,21,37,101,103,N,76424,1,2,4,2,12,,,,N,,,N,,,,,,,,,,,,,,,,,,,,,,0,,,,,,,,,,3,1,0,0,0,1,0,0,0,,,,,,,,
17219547,1,1,N,N,43,1FMCU0F79HUE09247,2017,1,37,711,104,N,78728,1,1,15,3,9,,,,Y,CLARK AUTO CARE,5526 1/2 W HWY 290,N,,,,,,,,,,,,,,,,,,,,,,0,,,,,,,,,,7,1,0,0,0,1,0,0,0,,,,,,,,
17219547,2,1,N,N,43,3N1AB7AP0GY308291,2016,21,71,341,104,N,78634,1,1,1,3,12,,,,Y,STARS TOWING,5526 1/2 W HWY 290,N,,,,,,,,,,,,,,,,,,,,,,0,,,,,,,,,,1,1,0,0,1,0,0,1,0,,,,,,,,
17219548,1,1,N,N,43,1FTRX12W56KB60835,2005,21,37,2324,30,N,78738,1,2,2,4,11,,,,N,A-TEX TOWING,A-TEX,N,,,,,,,,,,,,,,,,,,,,,,20,,,,,,,,,,3,1,0,0,0,1,0,0,0,,,,,,,,
17219548,2,1,N,N,43,1N4AL21E18N549311,2008,21,71,500,104,N,78736,1,2,2,4,1,,,,N,ROCHAS TOWING SERVICE,ROCHAS TOWING SERVICE,N,,,,,,,,,,,,,,,,,,,,,,0,,,,,,,,,,7,1,0,0,0,2,0,0,0,,,,,,,,
17219552,1,1,N,N,43,5FNRL38616B058668,2006,3,44,571,104,N,,1,1,3,3,11,,,,N,,,N,,,,,,,,,,,,,,,,,,,,,,37,,,,,,,,,,5,1,0,0,0,1,0,0,0,,,,,,,,
17219552,2,1,N,N,43,4T1BE32K46U158266,2006,17,91,380,104,N,78744,1,1,8,4,5,,,,N,,,N,,,,,,,,,,,,,,,,,,,,,,0,,,,,,,,,,7,1,0,0,1,0,0,1,0,,,,,,,,
17219556,1,1,N,N,43,SALGS3VF8FA197647,2015,2,57,1298,104,N,78703,1,1,2,5,12,,,,Y,ARMADA TOWING,5526 1/2 W HWY 290,N,,,,,,,,,,,,,,,,,,,,,,0,,,,,,,,,,1,1,0,0,0,1,0,0,0,,,,,,,,