Crash_ID,Unit_Nbr,Unit_Desc_ID,Veh_Parked_Fl,Veh_HNR_Fl,Veh_Lic_State_ID,VIN,Veh_Mod_Year,Veh_Color_ID,Veh_Make_ID,Veh_Mod_ID,Veh_Body_Styl_ID,Emer_Respndr_Fl,Ownr_Zip,Fin_Resp_Proof_ID,Fin_Resp_Type_ID,Veh_Dmag_Area_1_ID,Veh_Dmag_Scl_1_ID,Force_Dir_1_ID,Veh_Dmag_Area_2_ID,Veh_Dmag_Scl_2_ID,Force_Dir_2_ID,Veh_Inventoried_Fl,Veh_Transp_Name,Veh_Transp_Dest,Veh_Cmv_Fl,Cmv_Fiveton_Fl,Cmv_Hazmat_Fl,Cmv_Nine_Plus_Pass_Fl,Cmv_Veh_Oper_ID,Cmv_Carrier_ID_Type_ID,Cmv_Carrier_Zip,Cmv_Veh_Type_ID,Cmv_GVWR,Cmv_RGVW,Cmv_Hazmat_Rel_Fl,Hazmat_Cls_1_ID,Hazmat_IDNbr_1_ID,Hazmat_Cls_2_ID,Hazmat_IDNbr_2_ID,Cmv_Cargo_Body_ID,Cmv_Evnt1_ID,Cmv_Evnt2_ID,Cmv_Evnt3_ID,Cmv_Evnt4_ID,Cmv_Tot_Axle,Cmv_Tot_Tire,Contrib_Factr_1_ID,Contrib_Factr_2_ID,Contrib_Factr_3_ID,Contrib_Factr_P1_ID,Contrib_Factr_P2_ID,Veh_Dfct_1_ID,Veh_Dfct_2_ID,Veh_Dfct_3_ID,Veh_Dfct_P1_ID,Veh_Dfct_P2_ID,Veh_Trvl_Dir_ID,First_Harm_Evt_Inv_ID,Sus_Serious_Injry_Cnt,Nonincap_Injry_Cnt,Poss_Injry_Cnt,Non_Injry_Cnt,Unkn_Injry_Cnt,Tot_Injry_Cnt,Death_Cnt,Cmv_Disabling_Damage_Fl,Cmv_Bus_Type_ID,Trlr_GVWR,Trlr_RGVW,Trlr_Type_ID,Trlr_Disabling_Dmag_ID,Cmv_Intermodal_Container_Permit_Fl,CMV_Actual_Gross_Weight
17222961,1,1,N,N,43,2GCEC19VX11237697,2001,8,107,2202,30,N,78660,1,2,3,2,11,,,,N,,,N,,,,,,,,,,,,,,,,,,,,,,48,39,,,,,,,,,8,1,0,0,0,1,0,0,0,,,,,,,,
17222961,2,1,N,N,43,1GCVKPEC9JZ359582,2018,2,107,2236,30,N,78752,1,2,12,2,3,,,,N,SPECIAL AUTOMOTIVE SERVICE INC,SPECIAL AUTOMOTIVE SERVICE INC,N,,,,,,,,,,,,,,,,,,,,,,0,,,,,,,,,,2,1,0,0,0,1,0,0,0,,,,,,,,
17222962,1,1,N,N,43,1FMZK1CM7FKB26676,2015,21,37,2992,103,N,78741,1,2,1,1,,,,,N,,,N,,,,,,,,,,,,,,,,,,,,,,44,,,,,,,,,,6,1,0,0,0,1,0,0,0,,,,,,,,
17222962,2,1,N,N,43,3FADP4FJ0EM200052,2014,3,37,229,104,N,78741,1,2,8,2,,,,,N,,,N,,,,,,,,,,,,,,,,,,,,,,0,,,,,,,,,,6,1,0,0,1,3,0,1,0,,,,,,,,
17222963,1,1,N,N,43,1GC1CVCG1EF171507,2014,21,107,658,30,N,78640,1,2,11,2,10,,,,N,,,N,,,,,,,,,,,,,,,,,,,,,,74,,,,,,,,,,4,1,0,0,0,1,0,0,0,,,,,,,,
17222963,2,1,N,N,43,1N4AL3AP9FN335834,2015,11,71,500,104,N,78645,1,2,17,6,9,,,,Y,ATX-VIP TOWING SERVICES,ATX-VIP TOWING SERVICES,N,,,,,,,,,,,,,,,,,,,,,,0,,,,,,,,,,4,1,0,1,0,0,0,1,0,,,,,,,,
17222964,1,1,N,N,43,1GC1KXC8XBF199101,2011,17,107,658,30,N,78660,1,1,13,4,8,,,,N,,,N,,,,,,,,,,,,,,,,,,,,,,4,,,,,,,,,,1,1,0,0,0,1,0,0,0,,,,,,,,
17222964,2,1,N,N,43,1FTPX12V58KD16163,2008,3,37,2324,30,N,78754,1,1,12,2,3,,,,N,,,N,,,,,,,,,,,,,,,,,,,,,,0,,,,,,,,,,1,1,0,0,0,1,0,0,0,,,,,,,,
17222965,1,1,N,N,43,1C4RJFAG9CC128016,2012,17,429,970,69,N,78735,1,2,2,6,12,,,,N,SPECIAL AUTOMOTIVE SERVICE INC,SPECIAL AUTOMOTIVE SERVICE INC,N,,,,,,,,,,,,,,,,,,,,,,19,,,,,,,,,,5,1,0,0,0,2,0,0,0,,,,,,,,
17222965,2,1,N,N,43,5TFJX4GN8DX020406,2013,9,91,629,30,N,78734,1,2,6,3,6,,,,N,,,N,,,,,,,,,,,,,,,,,,,,,,0,,,,,,,,,,5,1,0,0,1,0,0,1,0,,,,,,,,
17222966,1,1,N,N,43,3N1CP5CU7KL470507,2019,2,71,69,104,N,78640,1,2,4,1,2,,,,N,NOT TOWED,NOT TOWED,N,,,,,,,,,,,,,,,,,,,,,,34,,,,,,,,,,3,1,0,0,0,2,0,0,0,,,,,,,,
17222966,2,1,N,N,43,3VWEF71KX7M067402,2007,9,96,316,104,N,78737,1,2,3,2,11,,,,Y,HARPERS TOWING SERVICE INC,HARPERS TOWING SERVICE INC,N,,,,,,,,,,,,,,,,,,,,,,0,,,,,,,,,,1,1,0,1,0,0,0,1,0,,,,,,,,
17222967,1,1,N,N,43,7FARW1H81HE013735,2017,9,44,605,104,N,78741,1,1,11,4,10,,,,N,TEXAN TOWING,YARD,N,,,,,,,,,,,,,,,,,,,,,,16,,,,,,,,,,7,1,0,1,0,0,0,1,0,,,,,,,,
17222967,2,1,N,N,4,1ZVBP8FF0C5216093,2012,9,37,96,100,N,72756,1,1,12,4,2,,,,N,ATX-VIP TOWING SERVICES,YARD,N,,,,,,,,,,,,,,,,,,,,,,0,,,,,,,,,,1,1,0,0,0,1,0,0,0,,,,,,,,
17222968,1,1,N,N,36,1FTBW2CGXHKB03888,2017,21,37,2992,103,N,74012,1,2,15,3,9,,,,Y,620 LAKESIDE TOWING,620 LAKESIDE TOWING,N,,,,,,,,,,,,,,,,,,,,,,37,,,,,,,,,,8,1,0,0,0,2,0,0,0,,,,,,,,
17222968,2,1,N,N,43,1HGEM223X5L036069,2005,16,44,256,100,N,78613,1,2,2,4,12,,,,Y,620 LAKESIDE TOWING,620 LAKESIDE TOWING,N,,,,,,,,,,,,,,,,,,,,,,0,,,,,,,,,,2,1,0,0,0,1,0,0,0,,,,,,,,
17222969,1,1,N,N,43,1FTRW12W25KD45006,2005,2,37,2324,30,N,78640,1,2,8,2,5,6,1,6,N,,,N,,,,,,,,,,,,,,,,,,,,,,65,,,,,,,,,,2,1,0,0,0,3,0,0,0,,,,,,,,
17222969,2,1,N,N,43,3VWN57BU3KM097689,2019,13,96,316,104,N,78741,1,2,11,6,11,2,6,12,N,EZ AUTO AND TOWING SERVICE,EZ AUTO AND TOWING SERVICE,N,,,,,,,,,,,,,,,,,,,,,,0,,,,,,,,,,1,1,0,0,0,1,0,0,0,,,,,,,,
17222970,1,1,N,N,43,3N1CN7AP6GL850248,2016,16,71,1452,104,N,78729,2,,15,1,12,,,,Y,620 LAKESIDE TOWING,620 LAKESIDE TOWING,N,,,,,,,,,,,,,,,,,,,,,,67,,,,,,,,,,4,1,0,0,0,1,0,0,0,,,,,,,,
17222971,1,1,N,N,43,3FADP4BJ6DM185271,2013,2,37,229,104,N,78660,1,1,2,7,12,,,,Y,ARMADA TOWING,ARMADA TOWING,N,,,,,,,,,,,,,,,,,,,,,,74,,,,,,,,,,4,1,0,0,1,0,0,1,0,,,,,,,,
17222971,2,1,N,N,43,2FMGK5D88HBA09752,2017,9,37,1088,69,N,78634,1,1,8,4,5,,,,Y,ATX-VIP TOWING SERVICES,ATX-VIP TOWING SERVICES,N,,,,,,,,,,,,,,,,,,,,,,0,,,,,,,,,,5,1,0,0,0,2,0,0,0,,,,,,,,
17222972,1,1,N,N,36,1HD1KRC13JB659833,2018,21,42,3140,71,N,74953,1,1,26,1,,,,,Y,ARMADA TOWING,ARMADA TOWING,N,,,,,,,,,,,,,,,,,,,,,,41,,,,,,,,,,4,1,0,0,0,0,0,0,1,,,,,,,,
17222973,1,1,N,N,43,1GD1G2AA3A1902345,2010,21,39,105,106,N,78741,1,2,2,1,12,,,,N,,,N,,,,,,,,,,,,,,,,,,,,,,20,38,,,,,,,,,3,1,0,0,0,3,0,0,0,,,,,,,,
17222973,2,1,N,N,43,1ZVFT80N965148040,2006,9,37,96,100,N,78753,1,2,10,4,,,,,N,SPECIAL AUTOMOTIVE SERVICE INC,SPECIAL AUTOMOTIVE SERVICE INC,N,,,,,,,,,,,,,,,,,,,,,,,,,60,,,,,,,5,1,0,0,1,1,0,1,0,,,,,,,,
17222974,1,1,N,N,43,1C3EL45T43N606310,2003,3,21,593,104,N,78681,1,1,2,4,12,,,,N,STARS TOWING,STARS TOWING,N,,,,,,,,,,,,,,,,,,,,,,0,,,,,,,,,,1,1,0,0,0,1,0,0,0,,,,,,,,
17222974,2,1,N,N,43,JM1BK12F961477958,2006,1,63,1210,104,N,78723,1,1,15,4,7,,,,N,620 LAKESIDE TOWING,620 LAKESIDE TOWING,N,,,,,,,,,,,,,,,,,,,,,,,,,17,,,,,,,1,1,0,0,0,1,0,0,0,,,,,,,,
17222975,1,1,N,N,43,1HGCV1F44JA102980,2018,17,44,236,104,N,78501,1,1,2,4,11,,,,N,ROCHAS TOWING SERVICE,ROCHAS TOWING SERVICE,N,,,,,,,,,,,,,,,,,,,,,,37,,,,,,,,,,3,1,0,0,1,0,0,1,0,,,,,,,,
17222975,2,1,N,N,43,2FMPK4J87GBB23111,2016,21,37,1035,104,N,78759,1,1,11,5,10,,,,N,EZ AUTO AND TOWING SERVICE,EZ AUTO AND TOWING SERVICE,N,,,,,,,,,,,,,,,,,,,,,,0,,,,,,,,,,7,1,0,0,0,0,1,0,0,,,,,,,,
17222976,1,1,N,N,43,5J6TF1H56BL001683,2011,21,44,3294,104,N,78130,1,2,7,2,7,11,1,7,Y,SPECIAL AUTOMOTIVE SERVICE INC,SPECIAL AUTOMOTIVE SERVICE INC,N,,,,,,,,,,,,,,,,,,,,,,20,4,,,,,,,,,4,1,0,0,0,1,0,0,0,,,,,,,,
17222976,2,1,N,N,43,JTEHH20V526060211,2002,17,91,581,69,N,78664,1,2,4,2,2,,,,Y,A & A WRECKER NORTH,A & A WRECKER NORTH,N,,,,,,,,,,,,,,,,,,,,,,40,,,,,,,,,,5,1,0,0,0,1,0,0,0,,,,,,,,
17223013,1,1,N,N,43,3G1BE6SM4HS548836,2017,16,107,2209,104,N,,1,2,4,4,12,,,,Y,AVILES & GABES WRECKER SERVICE INC.,IMPOUND,N,,,,,,,,,,,,,,,,,,,,,,37,,,,,,,,,,7,1,0,0,0,1,0,0,0,,,,,,,,
17223013,2,1,N,N,43,1FMYU01101KA58609,2001,16,37,711,104,N,,1,2,2,4,12,,,,Y,A-TEX TOWING,IMPOUND,N,,,,,,,,,,,,,,,,,,,,,,0,,,,,,,,,,1,1,0,0,0,1,0,0,0,,,,,,,,
17223014,1,1,N,N,43,19XFB2F56DE000195,2013,2,44,256,104,N,78660,1,1,2,3,12,,,,N,NOT TOWED,NOT TOWED,N,,,,,,,,,,,,,,,,,,,,,,22,44,,,,,,,,,2,1,0,0,0,1,0,0,0,,,,,,,,
17223014,2,1,N,N,43,3N1CN7AP0KL843739,2019,21,71,1452,104,N,78665,1,1,6,5,,,,,Y,EZ AUTO AND TOWING SERVICE,EZ AUTO AND TOWING SERVICE,N,,,,,,,,,,,,,,,,,,,,,,0,,,,,,,,,,2,1,0,0,0,4,0,0,0,,,,,,,,
17223015,1,1,N,N,43,3FADP4BJ7HM109757,2017,17,37,229,104,N,78660,1,2,2,3,,,,,Y,AUS-TEX AUTO ENTERPRISES LLC,AUS-TEX AUTO ENTERPRISES LLC,N,,,,,,,,,,,,,,,,,,,,,,22,,,,,,,,,,2,1,0,0,1,0,0,1,0,,,,,,,,
17223015,2,1,N,N,43,1FA6P8CFXJ5154259,2018,16,37,96,100,N,78681,1,2,6,2,,,,,N,,,N,,,,,,,,,,,,,,,,,,,,,,0,,,,,,,,,,2,1,0,0,0,1,0,0,0,,,,,,,,
17223016,1,1,N,N,43,JTMZD33V876030472,2007,16,91,581,104,N,78758,1,1,2,5,10,,,,,620 LAKESIDE TOWING,620 LAKESIDE TOWING,N,,,,,,,,,,,,,,,,,,,,,,0,,,,,,,,,,3,1,0,0,0,1,0,0,0,,,,,,,,
17223016,2,1,N,N,13,1G1PH5SB8D7258842,2013,16,107,2209,104,N,95624,1,1,6,5,5,,,,N,,,N,,,,,,,,,,,,,,,,,,,,,,0,,,,,,,,,,3,1,0,0,0,1,0,0,0,,,,,,,,
17223017,1,1,N,N,43,1FMZU64K85UA25816,2005,21,37,601,69,N,,1,1,16,2,3,,,,N,,,N,,,,,,,,,,,,,,,,,,,,,,4,20,65,,,,,,,,7,1,0,0,0,1,0,0,0,,,,,,,,
17223017,2,1,N,N,43,1FMCU03Z98KE51015,2008,11,37,711,69,N,78727,1,1,2,2,12,,,,N,CLARK AUTO CARE,5526 1/2 W HWY 290,N,,,,,,,,,,,,,,,,,,,,,,0,,,,,,,,,,7,1,0,0,0,0,1,0,0,,,,,,,,
17223018,1,1,N,N,43,4TASN92N5YZ675045,2000,17,91,629,30,N,78741,1,2,2,5,12,,,,N,EZ AUTO AND TOWING SERVICE,"1705 FRONTIER VALLEY DR, AUSTIN TX 78741",N,,,,,,,,,,,,,,,,,,,,,,22,,,,,,,,,,5,1,0,0,0,1,0,0,0,,,,,,,,
17223018,2,1,N,Y,43,,,21,107,658,30,N,,2,,,,,,,,,,,N,,,,,,,,,,,,,,,,,,,,,,0,,,,,,,,,,5,1,0,0,0,0,0,0,0,,,,,,,,
17223019,1,1,N,N,43,3D7ML46CX6G107648,2006,2,710,4102,30,N,78617,1,2,12,2,2,,,,N,A-TEX TOWING,ATX-VIP TOWING SERVICES,N,,,,,,,,,,,,,,,,,,,,,,0,,,,,,,,,,4,1,0,0,0,3,0,0,0,,,,,,,,
17223019,2,1,N,N,5,JTHBA1D23J5080484,2018,21,58,718,104,N,78741,1,2,15,4,9,,,,N,,,N,,,,,,,,,,,,,,,,,,,,,,0,,,,,,,,,,2,1,0,0,0,1,0,0,0,,,,,,,,
17223020,1,1,N,N,43,1HD1TCL16KB953657,2019,16,42,1527,71,N,65084,2,,2,4,12,10,3,3,Y,STARS TOWING,STARS TOWING,N,,,,,,,,,,,,,,,,,,,,,,74,,,,,,,,,,2,1,1,0,0,0,0,1,0,,,,,,,,
17223021,1,1,N,Y,43,1G1ZG57BX9F254244,2009,10,107,56,104,N,78723,2,,,,,,,,N,,,N,,,,,,,,,,,,,,,,,,,,,,23,,,,,,,,,,2,1,0,0,0,0,1,0,0,,,,,,,,
17223021,2,1,N,N,43,JT8BF28G4W5038720,1998,17,58,1050,104,N,78753,1,2,11,1,7,,,,N,,,N,,,,,,,,,,,,,,,,,,,,,,0,,,,,,,,,,2,1,0,1,0,0,0,1,0,,,,,,,,
17223022,1,1,N,N,43,1C4PJLAB8GW330599,2016,2,429,970,104,N,78613,1,2,2,2,12,,,,N,620 LAKESIDE TOWING,620 LAKESIDE TOWING,N,,,,,,,,,,,,,,,,,,,,,,,,,19,,,,,,,2,1,0,0,0,1,0,0,0,,,,,,,,
17223023,1,1,N,N,3,1FDNF6CY0JDB81468,2018,21,37,937,92,N,85004,2,,2,4,12,,,,,SOUTHSIDE WRECKER INC,8200 S. CONGRESS AVE,N,,,,,,,,,,,,,,,,,,,,,,,,,60,,,,,,,8,1,0,1,0,0,0,1,0,,,,,,,,
17223024,1,1,N,Y,43,1C4NJCEBXED628338,2014,9,429,983,69,N,78640,1,2,4,1,1,17,1,1,N,ATX-VIP TOWING SERVICES,ATX-VIP TOWING SERVICES,N,,,,,,,,,,,,,,,,,,,,,,0,,,,,,,,,,3,1,0,1,0,1,1,1,0,,,,,,,,
17223024,2,1,Y,N,43,JTHBE1D21F5020327,2015,17,58,718,104,N,78704,1,2,7,1,7,13,1,7,N,,,N,,,,,,,,,,,,,,,,,,,,,,0,,,,,,,,,,3,1,0,0,0,0,0,0,0,,,,,,,,
17223024,3,1,Y,N,43,5TBJN32192S224793,2002,21,91,687,30,N,78704,1,2,3,1,11,,,,N,,,N,,,,,,,,,,,,,,,,,,,,,,0,,,,,,,,,,7,2,0,0,0,0,0,0,0,,,,,,,,
17223025,1,1,N,N,43,1FAFP53U96A176748,2006,17,37,376,104,N,78752,1,2,2,4,12,,,,Y,ARMADA TOWING,ARMADA TOWING,N,,,,,,,,,,,,,,,,,,,,,,67,23,20,,,,,,,,4,1,0,0,0,1,0,0,0,,,,,,,,
17223025,2,1,Y,N,43,3B7HC12Y7WG125102,1998,3,109,2275,30,N,77388,1,2,6,2,6,,,,N,,,N,,,,,,,,,,,,,,,,,,,,,,0,,,,,,,,,,3,1,0,0,0,1,0,0,0,,,,,,,,
17223027,1,1,N,N,43,1FTYR14U13TA50520,2003,,37,357,104,N,78754,1,1,18,5,3,,,,,CLARK AUTO CARE,CLARK AUTO CARE,N,,,,,,,,,,,,,,,,,,,,,,40,,,,,,,,,,3,1,0,0,1,0,0,1,0,,,,,,,,
17223028,1,1,N,N,43,2HNYD18754H506305,2004,17,1,705,69,N,78613,1,1,2,4,12,,,,N,620 LAKESIDE TOWING,620 LAKESIDE TOWING,N,,,,,,,,,,,,,,,,,,,,,,0,,,,,,,,,,5,1,0,0,0,1,0,0,0,,,,,,,,
17223028,2,1,N,N,43,JHLRE38397C052084,2007,9,44,605,69,N,78628,1,1,6,5,6,2,5,12,N,ARMADA TOWING,ARMADA TOWING,N,,,,,,,,,,,,,,,,,,,,,,0,,,,,,,,,,5,1,0,0,0,1,0,0,0,,,,,,,,
17223028,3,1,N,N,43,5FNRL386X8B102427,2008,17,44,571,103,N,78734,1,1,6,3,6,,,,N,,,N,,,,,,,,,,,,,,,,,,,,,,0,,,,,,,,,,5,2,0,0,0,1,0,0,0,,,,,,,,
17223031,1,1,N,N,43,1FTFW1EV8AFB07332,2010,9,37,2324,30,N,78621,1,2,2,3,,,,,Y,AVILES & GABES WRECKER SERVICE INC.,AVILES & GABES WRECKER SERVICE INC.,N,,,,,,,,,,,,,,,,,,,,,,15,,,,,,,,,,3,1,0,0,0,1,0,0,0,,,,,,,,
17223031,2,1,N,N,43,1GKEC13V15R192403,2005,17,39,479,69,N,78615,2,,14,2,3,7,1,6,Y,AVILES & GABES WRECKER SERVICE INC.,AVILES & GABES WRECKER SERVICE INC.,N,,,,,,,,,,,,,,,,,,,,,,,,,38,,,,,,,7,1,0,1,0,0,0,1,0,,,,,,,,
17223037,1,1,N,N,43,JS1SK43A442101240,2004,2,88,626,71,N,78731,2,,1,1,12,,,,Y,ROCHAS TOWING SERVICE,ROCHAS TOWING SERVICE,N,,,,,,,,,,,,,,,,,,,,,,20,22,,,,,,,,,5,1,0,1,0,0,0,1,0,,,,,,,,
17223037,2,1,N,N,43,3N1AB7AP9HY376915,2017,16,71,341,104,N,78616,1,2,6,4,4,,,,N,,,N,,,,,,,,,,,,,,,,,,,,,,0,,,,,,,,,,5,1,0,0,0,1,0,0,0,,,,,,,,
17223038,1,1,N,N,43,3N1AB7AP4HY284918,2017,21,71,341,104,N,78640,1,2,15,2,12,,,,N,EZ AUTO AND TOWING SERVICE,EZ AUTO AND TOWING SERVICE,N,,,,,,,,,,,,,,,,,,,,,,20,44,22,,,,,,,,1,1,0,0,0,1,0,0,0,,,,,,,,
17223038,2,1,N,N,43,JM3KE2DY9F0457671,2015,9,63,2471,69,N,78640,1,2,6,1,6,2,1,12,N,NA,NA,N,,,,,,,,,,,,,,,,,,,,,,0,,,,,,,,,,1,1,0,0,1,0,0,1,0,,,,,,,,
17223038,3,1,N,N,43,1FADP3E26GL379139,2016,21,37,696,104,N,78681,1,2,6,1,12,,,,N,NA,NA,N,,,,,,,,,,,,,,,,,,,,,,0,,,,,,,,,,1,2,0,0,0,1,0,0,0,,,,,,,,
17223040,1,1,N,N,43,2MEFM74W1XX687666,1999,21,114,1114,104,N,78753,1,1,1,6,12,,,,N,AVILES & GABES WRECKER SERVICE INC.,AVILES & GABES WRECKER SERVICE INC.,N,,,,,,,,,,,,,,,,,,,,,,44,,,,,,,,,,5,1,0,1,0,0,0,1,0,,,,,,,,
17223040,2,1,N,N,43,5NPDH4AE3DH416757,2013,11,45,480,104,N,78660,1,1,6,6,,2,4,12,N,DENVERS TOWING,DENVERS TOWING,N,,,,,,,,,,,,,,,,,,,,,,0,,,,,,,,,,5,1,0,1,0,0,0,1,0,,,,,,,,
17223040,3,1,N,N,43,1ZVHT82H655124437,2005,2,37,96,100,N,78681,1,1,6,4,6,1,1,12,N,,,N,,,,,,,,,,,,,,,,,,,,,,0,,,,,,,,,,5,2,0,0,0,1,0,0,0,,,,,,,,
17223040,4,1,N,N,43,4T1BF1FK9FU032965,2015,2,91,380,104,N,78724,1,1,5,1,6,,,,N,,,N,,,,,,,,,,,,,,,,,,,,,,0,,,,,,,,,,5,2,0,0,0,1,0,0,0,,,,,,,,
17223041,1,1,N,N,43,JTJHF10U520246617,2002,8,58,1316,104,N,78734,1,2,3,1,12,,,,N,,,N,,,,,,,,,,,,,,,,,,,,,,0,,,,,,,,,,11,1,0,0,0,1,0,0,0,,,,,,,,
17223042,1,1,N,N,43,JT8BF22G0V0064493,1997,11,58,429,104,N,78657,2,,12,2,3,,,,N,NA,NA,N,,,,,,,,,,,,,,,,,,,,,,0,,,,,,,,,,3,1,0,0,0,1,0,0,0,,,,,,,,
17223042,2,1,N,N,43,1N6DD0ERXHN750756,2017,3,71,634,106,N,78749,1,1,11,3,9,2,3,12,N,EZ AUTO AND TOWING SERVICE,TOW YARD,N,,,,,,,,,,,,,,,,,,,,,,0,,,,,,,,,,3,1,0,1,0,0,0,1,0,,,,,,,,
17223042,3,1,Y,N,43,JHMGE8H5XBC019895,2011,3,44,1083,104,N,78757,1,1,6,3,6,2,3,12,N,NA,NA,N,,,,,,,,,,,,,,,,,,,,,,0,,,,,,,,,,5,2,0,0,0,0,0,0,0,,,,,,,,
17223043,1,1,N,N,43,1J4GS48K95C584923,2005,21,429,1116,69,N,78723,1,2,2,5,12,,,,N,AVILES & GABES WRECKER SERVICE INC.,AVILES & GABES WRECKER SERVICE INC.,N,,,,,,,,,,,,,,,,,,,,,,44,,,,,,,,,,6,1,0,0,0,1,0,0,0,,,,,,,,
17223043,2,1,N,N,43,1FTEW1E53KKD03893,2019,21,37,2324,30,N,76527,1,2,7,2,6,,,,N,,,N,,,,,,,,,,,,,,,,,,,,,,0,,,,,,,,,,6,1,0,0,0,1,0,0,0,,,,,,,,
17223044,1,1,N,N,43,1FMCU0JX8GUB23167,2016,9,37,711,69,N,78681,1,1,2,6,12,,,,Y,620 LAKESIDE TOWING,620 LAKESIDE TOWING,N,,,,,,,,,,,,,,,,,,,,,,34,,,,,,,,,,11,1,0,1,0,0,0,1,0,,,,,,,,
17223044,2,1,N,N,43,1B4HS48NX2F186003,2002,17,109,635,69,N,78750,1,1,4,4,2,,,,Y,620 LAKESIDE TOWING,620 LAKESIDE TOWING,N,,,,,,,,,,,,,,,,,,,,,,0,,,,,,,,,,11,1,0,0,0,1,0,0,0,,,,,,,,
17223045,1,1,N,N,43,1FAHP2F86DG210676,2013,2,37,376,104,N,78752,1,1,11,1,11,,,,N,DRIVER,DRIVER,N,,,,,,,,,,,,,,,,,,,,,,0,,,,,,,,,,1,1,0,0,0,2,0,0,0,,,,,,,,
17223045,2,3,,,,,,,,,,,,,,,,,,,,,,,,,,,,,,,,,,,,,,,,,,,,,70,,,,,,,,,,9,1,0,0,1,0,0,1,0,,,,,,,,
17223046,1,1,N,N,43,1GYS3CKJ2HR340291,2017,9,106,657,69,N,78735,1,2,3,2,11,,,,,TEXAN TOWING,OWNERS RESIDENCE/REQUEST,N,,,,,,,,,,,,,,,,,,,,,,20,,,,,,,,,,5,1,0,0,0,1,0,0,0,,,,,,,,
17223046,2,1,N,N,43,1FMEU63E76UB30245,2006,17,37,554,69,N,78739,1,2,10,2,4,,,,,,,N,,,,,,,,,,,,,,,,,,,,,,20,,,,,,,,,,1,1,0,0,1,0,0,1,0,,,,,,,,
17223086,1,1,N,N,43,1GCHC29KX7E575522,2007,21,107,658,30,N,78702,4,,16,0,3,,,,N,NONE,NONE,N,,,,,,,,,,,,,,,,,,,,,,0,,,,,,,,,,5,1,0,0,0,1,0,0,0,,,,,,,,
17223086,2,4,,,,,,,,,,,,,,,,,,,,,,,,,,,,,,,,,,,,,,,,,,,,,59,,,,,,,,,,9,1,0,1,0,0,0,1,0,,,,,,,,
17223088,1,1,N,N,43,KMHD35LEXDU155369,2013,17,45,3561,104,N,78737,1,2,,,,,,,N,,,N,,,,,,,,,,,,,,,,,,,,,,0,,,,,,,,,,5,1,0,0,0,1,0,0,0,,,,,,,,
17223088,2,1,N,N,43,1FAHP2MK4JG106116,2018,2,37,376,105,N,78701,4,,,,,,,,N,,,N,,,,,,,,,,,,,,,,,,,,,,0,,,,,,,,,,7,1,0,0,0,1,0,0,0,,,,,,,,
17223089,1,1,N,N,43,19XFA1F59AE042966,2010,3,44,256,104,N,78741,1,2,2,3,12,,,,N,,,N,,,,,,,,,,,,,,,,,,,,,,44,20,,,,,,,,,1,1,0,0,0,3,0,0,0,,,,,,,,
17223089,2,1,N,N,43,JTDKB20U887713376,2008,18,91,702,104,N,78748,1,2,6,2,6,,,,N,,,N,,,,,,,,,,,,,,,,,,,,,,0,,,,,,,,,,1,1,0,0,1,0,0,1,0,,,,,,,,
17223090,1,1,N,N,43,1FDUF5HT6HDA10284,2018,21,37,865,30,N,73301,1,1,2,1,12,,,,N,,,N,,,,,,,,,,,,,,,,,,,,,,44,,,,,,,,,,3,1,0,0,0,1,0,0,0,,,,,,,,
17223090,2,1,N,N,43,JTJGK31U970001120,2007,21,58,1318,69,N,78741,1,1,6,2,6,,,,N,,,N,,,,,,,,,,,,,,,,,,,,,,0,,,,,,,,,,3,1,0,0,0,2,0,0,0,,,,,,,,
17223091,1,1,N,N,43,2T3WFREV1EW107935,2014,2,91,581,69,N,78705,1,2,2,3,12,,,,,ATX-VIP TOWING SERVICES,ATX-VIP TOWING SERVICES,N,,,,,,,,,,,,,,,,,,,,,,19,,,,,,,,,,7,1,0,0,1,0,0,1,0,,,,,,,,
17223091,2,1,N,N,43,1N4AL3AP0HN343551,2017,9,71,500,104,N,77494,1,2,6,5,6,,,,N,ROCHAS TOWING SERVICE,ROCHAS TOWING SERVICE,N,,,,,,,,,,,,,,,,,,,,,,0,,,,,,,,,,7,1,0,0,0,3,0,0,0,,,,,,,,
17223092,1,1,N,N,43,2FUYDMCB0XAA23395,1999,16,38,1524,106,N,78653,1,2,4,1,1,,,,N,,,Y,Y,N,N,1,2,78653,6,52000,0,N,,,,,6,13,,,,,,4,,,,,,,,,,7,1,0,0,0,1,0,0,0,N,0,,,,,N,
17223092,2,1,N,N,43,2B3CL3CG4BH577404,2011,17,109,74,104,N,78744,1,2,15,3,7,,,,N,ROCHAS TOWING SERVICE,ROCHAS TOWING SERVICE,N,,,,,,,,,,,,,,,,,,,,,,0,,,,,,,,,,7,1,0,0,1,0,0,1,0,,,,,,,,
17223093,1,1,N,N,43,4T1BE32KX6U124168,2006,,91,380,104,N,,1,1,2,3,12,,,,N,,,N,,,,,,,,,,,,,,,,,,,,,,0,,,,,,,,,,1,1,0,0,0,1,0,0,0,,,,,,,,
17223093,2,1,N,N,43,3VWC57BUXKM018476,2019,9,96,316,104,N,78723,1,1,2,3,2,,,,N,A-TEX TOWING,5526 1/2 W HWY 290,N,,,,,,,,,,,,,,,,,,,,,,0,,,,,,,,,,3,1,0,0,0,1,0,0,0,,,,,,,,