Crash_ID,Unit_Nbr,Unit_Desc_ID,Veh_Parked_Fl,Veh_HNR_Fl,Veh_Lic_State_ID,VIN,Veh_Mod_Year,Veh_Color_ID,Veh_Make_ID,Veh_Mod_ID,Veh_Body_Styl_ID,Emer_Respndr_Fl,Ownr_Zip,Fin_Resp_Proof_ID,Fin_Resp_Type_ID,Veh_Dmag_Area_1_ID,Veh_Dmag_Scl_1_ID,Force_Dir_1_ID,Veh_Dmag_Area_2_ID,Veh_Dmag_Scl_2_ID,Force_Dir_2_ID,Veh_Inventoried_Fl,Veh_Transp_Name,Veh_Transp_Dest,Veh_Cmv_Fl,Cmv_Fiveton_Fl,Cmv_Hazmat_Fl,Cmv_Nine_Plus_Pass_Fl,Cmv_Veh_Oper_ID,Cmv_Carrier_ID_Type_ID,Cmv_Carrier_Zip,Cmv_Veh_Type_ID,Cmv_GVWR,Cmv_RGVW,Cmv_Hazmat_Rel_Fl,Hazmat_Cls_1_ID,Hazmat_IDNbr_1_ID,Hazmat_Cls_2_ID,Hazmat_IDNbr_2_ID,Cmv_Cargo_Body_ID,Cmv_Evnt1_ID,Cmv_Evnt2_ID,Cmv_Evnt3_ID,Cmv_Evnt4_ID,Cmv_Tot_Axle,Cmv_Tot_Tire,Contrib_Factr_1_ID,Contrib_Factr_2_ID,Contrib_Factr_3_ID,Contrib_Factr_P1_ID,Contrib_Factr_P2_ID,Veh_Dfct_1_ID,Veh_Dfct_2_ID,Veh_Dfct_3_ID,Veh_Dfct_P1_ID,Veh_Dfct_P2_ID,Veh_Trvl_Dir_ID,First_Harm_Evt_Inv_ID,Sus_Serious_Injry_Cnt,Nonincap_Injry_Cnt,Poss_Injry_Cnt,Non_Injry_Cnt,Unkn_Injry_Cnt,Tot_Injry_Cnt,Death_Cnt,Cmv_Disabling_Damage_Fl,Cmv_Bus_Type_ID,Trlr_GVWR,Trlr_RGVW,Trlr_Type_ID,Trlr_Disabling_Dmag_ID,Cmv_Intermodal_Container_Permit_Fl,CMV_Actual_Gross_Weight
17230707,1,1,N,N,43,JF2GTAMC3J8248151,2018,17,85,2555,104,N,78704,1,2,2,2,1,,,,N,,,N,,,,,,,,,,,,,,,,,,,,,,20,,,,,,,,,,1,1,0,0,0,1,0,0,0,,,,,,,,
17230707,2,1,N,N,43,5YJSA1E28FF110987,2015,9,602,2562,104,N,78704,1,2,2,4,1,,,,N,STARS TOWING,STARS TOWING,N,,,,,,,,,,,,,,,,,,,,,,0,,,,,,,,,,3,1,0,0,0,3,0,0,0,,,,,,,,
17230708,1,1,N,N,43,1FTFW1CT4DKG07873,2013,2,37,2324,30,N,78617,1,2,2,1,12,,,,N,ROCHAS TOWING SERVICE,ROCHAS TOWING SERVICE,N,,,,,,,,,,,,,,,,,,,,,,0,,,,,,,,,,5,1,0,0,0,1,0,0,0,,,,,,,,
17230708,2,1,N,N,43,4T1BF28B44U382391,2004,17,91,173,104,N,78721,1,2,6,2,6,,,,N,DRIVEN FROM SCENE,DRIVEN FROM SCENE,N,,,,,,,,,,,,,,,,,,,,,,0,,,,,,,,,,5,1,0,0,1,1,0,1,0,,,,,,,,
17230709,1,1,N,N,43,WA1BNAFY3K2043536,2019,21,8,1284,69,N,78735,1,1,4,3,1,,,,N,ROCHAS,ROCHAS TOWING SERVICE,N,,,,,,,,,,,,,,,,,,,,,,4,20,,,,,,,,,4,1,0,0,0,2,0,0,0,,,,,,,,
17230709,2,1,N,N,43,KMHDH4AE6CU280768,2012,16,45,377,104,N,78758,1,1,5,4,6,2,1,1,N,A-TEX TOWING,A-TEX TOWING,N,,,,,,,,,,,,,,,,,,,,,,0,,,,,,,,,,4,1,0,0,3,0,0,3,0,,,,,,,,
17230709,3,1,N,N,43,1FDSE35L16HA08676,2006,21,37,814,0,N,78660,1,2,6,0,6,,,,N,,,N,,,,,,,,,,,,,,,,,,,,,,0,,,,,,,,,,4,2,0,0,0,1,0,0,0,,,,,,,,
17230710,1,1,N,N,43,KNADM4A34G6637998,2016,3,55,716,104,N,78754,1,2,11,3,8,,,,Y,EZ AUTO AND TOWING SERVICE,EZ AUTO AND TOWING SERVICE,N,,,,,,,,,,,,,,,,,,,,,,38,,,,,,,,,,6,1,0,0,0,1,0,0,0,,,,,,,,
17230710,2,1,N,N,43,2NKDXUEX86M152094,2006,3,54,1533,106,N,78626,1,2,4,0,12,,,,N,DRIVEN FROM SCENE,DRIVEN FROM SCENE,Y,Y,N,N,2,2,78626,5,77200,0,N,,,,,4,13,,,,,,0,,,,,,,,,,8,1,0,0,0,1,0,0,0,N,0,,,,,N,
17230711,1,1,N,N,43,3FAHP0JA0BR121366,2011,16,37,1097,104,N,78741,1,1,2,5,12,,,,N,ROCHAS TOWING SERVICE,ROCHAS TOWING SERVICE,N,,,,,,,,,,,,,,,,,,,,,,0,,,,,,,,,,3,1,0,0,0,1,0,0,0,,,,,,,,
17230711,2,1,N,N,43,3D7KU28604G155723,2004,21,109,2271,30,N,78640,1,1,2,2,12,6,2,6,N,NOT TOWED,NOT TOWED,N,,,,,,,,,,,,,,,,,,,,,,0,,,,,,,,,,3,1,0,0,0,1,0,0,0,,,,,,,,
17230711,3,1,N,N,43,KNAFK4A60F5401667,2015,2,55,1093,104,N,78644,1,1,6,1,6,,,,N,NOT TOWED,NOT TOWED,N,,,,,,,,,,,,,,,,,,,,,,0,,,,,,,,,,3,2,0,0,0,1,0,0,0,,,,,,,,
17230712,1,1,N,N,43,1NXBR32E03Z177147,2003,17,91,380,104,N,78652,1,2,4,2,1,,,,N,,,N,,,,,,,,,,,,,,,,,,,,,,20,,,,,,,,,,1,1,0,0,0,1,0,0,0,,,,,,,,
17230712,2,1,N,N,43,1GC0CUEGXFZ115861,2015,21,107,2256,30,N,78728,1,2,3,1,11,,,,N,,,N,,,,,,,,,,,,,,,,,,,,,,0,,,,,,,,,,11,1,0,0,0,1,0,0,0,,,,,,,,
17230713,1,1,N,N,43,JHLRD1860XC019847,1999,17,44,605,69,N,78756,1,2,12,3,2,3,3,11,N,AVILES & GABES WRECKER SERVICE INC.,AVILES & GABES WRECKER SERVICE INC.,N,,,,,,,,,,,,,,,,,,,,,,23,19,,,,,,,,,1,1,0,1,0,0,0,1,0,,,,,,,,
17230713,2,1,Y,N,43,5TEGN92N44Z426602,2004,16,91,629,30,N,78758,,,7,3,6,,,,N,NOT TOWED,,N,,,,,,,,,,,,,,,,,,,,,,0,,,,,,,,,,1,2,0,0,0,0,0,0,0,,,,,,,,
17230714,1,1,N,N,43,2C3CDZAG9FH787847,2015,21,109,73,100,N,78758,2,,2,4,12,,,,Y,A-TEX TOWING,AUSTIN EXPRESS TOWING INC.,N,,,,,,,,,,,,,,,,,,,,,,22,,,,,,,,,,1,1,0,0,1,0,0,1,0,,,,,,,,
17230714,2,1,N,N,40,JN8AS58T78W008328,2008,3,71,1310,69,N,29715,1,2,6,2,6,,,,N,,,N,,,,,,,,,,,,,,,,,,,,,,0,,,,,,,,,,1,1,0,0,0,1,0,0,0,,,,,,,,
17230715,1,1,N,N,43,5J6RM3H78DL006125,2013,16,44,107,104,N,78660,1,2,2,1,12,,,,N,,,N,,,,,,,,,,,,,,,,,,,,,,34,,,,,,,,,,5,1,0,0,0,1,0,0,0,,,,,,,,
17230715,2,1,N,N,43,3N1AB6AP7AL605752,2010,16,71,69,104,N,78660,1,2,3,3,10,,,,Y,ARMADA TOWING,5526 1/2 W HWY 290,N,,,,,,,,,,,,,,,,,,,,,,0,,,,,,,,,,7,1,0,0,0,1,0,0,0,,,,,,,,
17230716,1,1,N,N,43,JN1AZ4EH2AM502621,2010,9,71,850,100,N,78753,1,2,2,2,,,,,N,,,N,,,,,,,,,,,,,,,,,,,,,,35,,,,,,,,,,4,1,0,0,0,1,0,0,0,,,,,,,,
17230716,2,1,N,N,43,5LMCJ1A92FUJ46441,2015,3,113,3886,69,N,78749,1,2,16,3,,,,,Y,ROCHAS TOWING SERVICE,ROCHAS TOWING SERVICE,N,,,,,,,,,,,,,,,,,,,,,,0,,,,,,,,,,6,1,0,0,0,1,0,0,0,,,,,,,,
17230717,1,1,N,N,43,5TDKK4CC1AS301670,2010,3,91,178,103,N,78704,1,2,2,2,2,,,,N,A-TEX TOWING,ATEX,N,,,,,,,,,,,,,,,,,,,,,,17,20,,,,,,,,,1,1,0,0,0,2,0,0,0,,,,,,,,
17230717,2,1,N,N,43,1FTPW12V86KD38951,2006,2,37,2324,30,N,78745,1,2,9,1,8,,,,N,,,N,,,,,,,,,,,,,,,,,,,,,,0,,,,,,,,,,1,1,0,0,0,1,0,0,0,,,,,,,,
17230718,1,1,N,N,43,3GCPCREAXBG346308,2011,21,107,658,30,N,78704,1,2,15,1,9,,,,N,,,N,,,,,,,,,,,,,,,,,,,,,,0,,,,,,,,,,7,1,0,0,0,3,0,0,0,,,,,,,,
17230718,2,1,N,N,43,1FMCU0G77FUA61427,2015,17,37,711,104,N,78703,1,2,2,4,12,,,,N,ATX-VIP TOWING SERVICES,ATX-VIP TOWING SERVICES,N,,,,,,,,,,,,,,,,,,,,,,0,,,,,,,,,,1,1,0,1,0,0,0,1,0,,,,,,,,
17230719,1,1,N,N,43,1FTPW12V18FA30872,2008,16,37,2324,30,N,78744,1,2,1,1,12,,,,N,N/A,N/A,N,,,,,,,,,,,,,,,,,,,,,,20,44,,,,,,,,,1,1,0,0,0,1,0,0,0,,,,,,,,
17230719,2,1,N,N,43,WBAVA335X8K055256,2008,2,14,2735,104,N,78380,1,2,5,1,6,,,,N,N/A,N/A,N,,,,,,,,,,,,,,,,,,,,,,0,,,,,,,,,,1,1,0,1,0,0,0,1,0,,,,,,,,
17230720,1,1,N,N,43,1HGCM66546A068913,2006,17,44,236,104,N,76052,1,2,2,3,12,,,,N,620 LAKESIDE TOWING,620 LAKESIDE TOWING,N,,,,,,,,,,,,,,,,,,,,,,0,,,,,,,,,,4,1,0,0,0,2,0,0,0,,,,,,,,
17230720,2,1,N,N,43,JTKDE167680272666,2008,17,91,2573,100,N,78726,1,2,2,3,1,,,,N,620 LAKESIDE TOWING,620 LAKESIDE TOWING,N,,,,,,,,,,,,,,,,,,,,,,0,,,,,,,,,,8,1,0,0,0,1,0,0,0,,,,,,,,
17230721,1,1,N,N,43,2J4FY69S1NJ512138,1992,2,429,1464,100,N,78613,1,1,3,4,10,,,,N,EZ AUTO AND TOWING SERVICE,,N,,,,,,,,,,,,,,,,,,,,,,29,,,,,6,,,,,7,1,0,0,0,1,0,0,0,,,,,,,,
17230721,2,1,N,N,43,WVWDB7AJ6DW015326,2013,9,96,381,104,N,78704,1,1,13,3,9,,,,N,,,N,,,,,,,,,,,,,,,,,,,,,,0,,,,,,,,,,5,1,0,0,0,1,0,0,0,,,,,,,,
17230723,1,1,N,N,43,KNDJP3A55E7739990,2014,17,55,1357,69,N,78723,1,1,2,5,12,,,,N,ARMADA TOWING,ARMADA TOWING,N,,,,,,,,,,,,,,,,,,,,,,74,,,,,,,,,,7,1,0,0,1,0,0,1,0,,,,,,,,
17230723,2,1,N,N,43,3FA6P0HDXKR133192,2019,21,37,1097,104,N,77864,1,1,10,4,5,,,,N,ROCHAS TOWING SERVICE,ROCHAS TOWING SERVICE,N,,,,,,,,,,,,,,,,,,,,,,0,,,,,,,,,,3,1,0,0,0,1,0,0,0,,,,,,,,
17230724,1,1,N,N,43,3VWDZ7AJ7BM360001,2011,16,96,316,104,N,78653,1,1,14,5,4,,,,Y,EZ AUTO AND TOWING SERVICE,EZ AUTO AND TOWING SERVICE,N,,,,,,,,,,,,,,,,,,,,,,37,,,,,,,,,,3,1,0,1,1,2,0,2,0,,,,,,,,
17230724,2,1,N,N,43,1GKKRRED1BJ373791,2011,17,39,479,69,N,78702,1,1,4,5,1,,,,Y,EZ AUTO AND TOWING SERVICE,EZ AUTO AND TOWING SERVICE,N,,,,,,,,,,,,,,,,,,,,,,0,,,,,,,,,,7,1,0,1,0,1,0,1,0,,,,,,,,
17230744,1,1,N,N,43,KL8CD6S91DC507146,2013,21,107,2244,104,N,78721,1,1,2,4,12,,,,N,,,N,,,,,,,,,,,,,,,,,,,,,,34,,,,,,,,,,3,1,0,0,0,1,0,0,0,,,,,,,,
17230744,2,1,N,N,43,1J4RS5GG3BC610830,2011,9,429,1116,69,N,78704,1,1,8,2,3,4,2,3,N,,,N,,,,,,,,,,,,,,,,,,,,,,0,,,,,,,,,,5,1,0,0,0,1,0,0,0,,,,,,,,
17230746,1,1,N,N,43,2HKYF18634H545599,2004,3,44,761,104,N,78612,1,1,2,3,12,,,,N,,,N,,,,,,,,,,,,,,,,,,,,,,20,,,,,,,,,,1,1,0,0,0,4,0,0,0,,,,,,,,
17230746,2,1,N,N,43,2GCEC13C571534389,2007,3,107,658,30,N,78660,1,1,5,1,6,,,,N,,,N,,,,,,,,,,,,,,,,,,,,,,0,,,,,,,,,,1,1,0,0,0,2,0,0,0,,,,,,,,
17230747,1,1,N,N,43,5NPE24AFXGH268691,2016,9,45,462,104,N,22203,1,2,4,1,1,,,,N,ROCHAS TOWING SERVICE,ROCHAS TOWING SERVICE,N,,,,,,,,,,,,,,,,,,,,,,39,,,,,,,,,,4,1,0,0,0,1,0,0,0,,,,,,,,
17230747,2,1,N,N,43,1G1ZC5E06CF339909,2012,21,107,56,104,N,78749,1,2,2,3,12,,,,N,ROCHAS TOWING SERVICE,ROCHAS TOWING SERVICE,N,,,,,,,,,,,,,,,,,,,,,,0,,,,,,,,,,8,1,0,0,0,1,0,0,0,,,,,,,,
17230748,1,1,N,N,43,3LNHM26176R647664,2006,21,113,114,104,N,78624,1,1,16,2,2,,,,Y,STARS TOWING,STARS TOWING,N,,,,,,,,,,,,,,,,,,,,,,45,,,,,,,,,,5,1,0,0,0,1,0,0,0,,,,,,,,
17232799,1,1,N,N,43,1GT121C80BF183597,2011,2,39,2357,30,N,78744,1,2,2,2,12,,,,N,CEDAR PARK WRECKER,"13300 WIRE ROAD, LEANDER TX 78641",N,,,,,,,,,,,,,,,,,,,,,,22,,,,,,,,,,5,1,0,0,0,1,0,0,0,,,,,,,,
17232799,2,1,N,N,43,4M2CU56146DJ10303,2006,17,114,1198,69,N,78729,1,2,6,1,6,,,,N,,,N,,,,,,,,,,,,,,,,,,,,,,0,,,,,,,,,,5,1,0,0,0,1,0,0,0,,,,,,,,
17232814,1,1,N,N,43,KNAGM4A79F5633515,2015,21,55,715,104,N,78753,1,2,2,3,12,,,,N,AUS TEX,"205 FARLEY DRIVE, AUSTIN, TX 78753",N,,,,,,,,,,,,,,,,,,,,,,20,57,,,,,,,,,1,1,0,0,0,1,0,0,0,,,,,,,,
17232814,2,1,N,N,43,3N1AB61E99L658043,2009,16,71,341,104,N,78727,1,2,9,4,9,,,,N,AUS TEX,"205 FARELY DRIVE, AUSTIN, TEXAS, 78753",N,,,,,,,,,,,,,,,,,,,,,,20,66,,,,,,,,,1,1,0,0,1,0,0,1,0,,,,,,,,
17232823,1,1,N,N,43,3GTP1UEC5EG219593,2014,21,39,2356,30,N,76574,1,2,1,3,12,,,,N,,,N,,,,,,,,,,,,,,,,,,,,,,22,,,19,76,,,,,,11,1,0,0,0,1,0,0,0,,,,,,,,
17232823,2,1,N,N,43,JM1GJ1U59F1219856,2015,3,63,870,104,N,78613,1,2,6,4,6,2,4,12,N,AUSTEX TOWING,"200 FARLEY DR., AUSTIN, TX 78753",N,,,,,,,,,,,,,,,,,,,,,,0,,,,,,,,,,11,1,0,0,0,1,0,0,0,,,,,,,,
17232823,3,1,N,N,43,7FARW1H99KE000263,2019,2,44,605,69,N,78660,1,2,2,3,6,6,3,12,N,,,N,,,,,,,,,,,,,,,,,,,,,,0,,,,,,,,,,11,2,0,0,0,1,0,0,0,,,,,,,,
17232823,4,1,N,N,43,1GNKRGKD7HJ198077,2017,9,107,1414,69,N,78727,1,2,2,2,6,,,,N,,,N,,,,,,,,,,,,,,,,,,,,,,0,,,,,,,,,,11,2,0,0,0,1,0,0,0,,,,,,,,
17233001,1,1,N,N,43,1NXBU4EEXAZ363596,2010,9,91,173,104,N,78759,1,2,11,2,10,,,,N,ROAD SIDE ASSISTANCE PER OWNER,NA,N,,,,,,,,,,,,,,,,,,,,,,20,4,,,,,,,,,3,1,0,0,0,1,0,0,0,,,,,,,,
17233001,2,1,N,N,43,JTHBE262X65011225,2006,2,58,788,104,N,78759,1,2,10,2,3,,,,N,DRIVEN AWAY,BY DRIVER - DAWN BOOS,N,,,,,,,,,,,,,,,,,,,,,,0,,,,,,,,,,3,1,0,0,0,1,0,0,0,,,,,,,,
17233183,1,1,N,N,43,5NPEB4AC6BH255970,2011,3,45,462,104,N,78626,1,2,7,1,6,,,,N,,,N,,,,,,,,,,,,,,,,,,,,,,,,,67,,,,,,,5,1,0,0,0,1,0,0,0,,,,,,,,
17233183,2,1,Y,N,43,1HGCR2F39HA231518,2017,17,44,236,104,N,77401,1,2,1,1,12,,,,N,,,N,,,,,,,,,,,,,,,,,,,,,,0,,,,,,,,,,1,1,0,0,0,0,0,0,0,,,,,,,,
17233184,1,1,N,N,43,1D7GL12K84S548306,2004,2,109,567,100,N,78729,1,1,11,3,8,,,,Y,EZ AUTO AND TOWING SERVICE,EZ AUTO AND TOWING SERVICE,N,,,,,,,,,,,,,,,,,,,,,,45,,,,,,,,,,5,1,0,1,0,0,0,1,0,,,,,,,,
17233185,1,1,N,N,43,JALE5W165H7900102,2017,21,49,304,103,N,75220,2,,4,0,2,,,,N,,,N,,,,,,,,,,,,,,,,,,,,,,0,,,,,,,,,,3,1,0,0,0,1,0,0,0,,,,,,,,
17233185,2,1,Y,N,43,1FTFX1CF9DKF27475,2013,21,37,2324,30,N,78702,1,1,11,1,11,,,,N,,,N,,,,,,,,,,,,,,,,,,,,,,0,,,,,,,,,,3,1,0,0,0,1,0,0,0,,,,,,,,
17233186,1,1,N,N,43,3VWDP7AJ8DM403415,2013,3,96,316,104,N,78610,1,1,2,7,2,,,,Y,ROCHAS TOWING SERVICE,ROCHAS TOWING SERVICE,N,,,,,,,,,,,,,,,,,,,,,,22,,,,,,,,,,5,1,0,0,0,1,0,0,0,,,,,,,,
17233186,2,1,N,N,43,1FM5K7D84FGC09763,2015,21,37,554,104,N,78610,1,1,6,7,7,,,,,ROCHAS TOWING SERVICE,ROCHAS TOWING SERVICE,N,,,,,,,,,,,,,,,,,,,,,,0,,,,,,,,,,5,1,1,0,2,1,0,3,0,,,,,,,,
17233187,1,1,N,N,43,3VWDP7AJ8CM327046,2012,16,96,316,104,N,76548,1,2,2,2,11,,,,N,AUS-TEX AUTO ENTERPRISES LLC,AUS-TEX AUTO ENTERPRISES LLC,N,,,,,,,,,,,,,,,,,,,,,,44,,,,,,,,,,5,1,0,0,0,1,0,0,0,,,,,,,,
17233187,2,1,N,N,43,3MZBN1V33JM233837,2018,9,63,1210,104,N,76101,1,2,6,2,7,,,,,,,N,,,,,,,,,,,,,,,,,,,,,,0,,,,,,,,,,5,1,0,0,0,1,0,0,0,,,,,,,,
17233193,1,1,N,N,43,1HTMMAAL0BH325632,2011,22,48,110,106,N,78253,1,2,10,1,2,,,,N,,,N,,,,,,,,,,,,,,,,,,,,,,,,,64,,,,,,,3,1,0,0,0,1,0,0,0,,,,,,,,
17233193,2,1,N,N,43,2HGES16545H527004,2004,21,44,107,104,N,78741,1,2,15,5,9,,,,N,SPECIAL AUTOMOTIVE SERVICE INC,SPECIAL AUTOMOTIVE SERVICE INC,N,,,,,,,,,,,,,,,,,,,,,,,,,20,,,,,,,3,1,0,0,0,1,0,0,0,,,,,,,,
17233194,1,1,N,N,43,1J8GP28K58W182615,2008,11,429,1181,69,N,78259,1,2,14,2,5,,,,N,,,N,,,,,,,,,,,,,,,,,,,,,,37,,,,,,,,,,3,1,0,0,0,5,0,0,0,,,,,,,,
17233194,2,1,N,N,43,3D7KA28613G736171,2003,17,109,2276,30,N,78660,1,2,2,1,12,,,,N,ROCHAS TOWING SERVICE,RESIDENCE,N,,,,,,,,,,,,,,,,,,,,,,0,,,,,,,,,,7,1,0,0,0,1,0,0,0,,,,,,,,
17233196,1,1,N,N,43,KNDJN2A20F7235998,2015,17,55,1357,104,N,78650,1,2,,,,,,,N,DRIVEN AWAY,DRIVEN AWAY,N,,,,,,,,,,,,,,,,,,,,,,3,,,,,,,,,,4,1,0,0,0,2,0,0,0,,,,,,,,
17233196,2,4,,,,,,,,,,,,,,,,,,,,,,,,,,,,,,,,,,,,,,,,,,,,,0,,,,,,,,,,9,1,0,1,0,0,0,1,0,,,,,,,,
17233197,1,1,N,N,43,2FMDK3JCXDBE25571,2013,21,37,1035,69,N,78612,1,2,1,5,12,,,,N,EZ AUTO AND TOWING SERVICE,EZ AUTO AND TOWING SERVICE,N,,,,,,,,,,,,,,,,,,,,,,37,,,,,,,,,,7,1,0,0,1,0,0,1,0,,,,,,,,
17233197,2,1,N,N,43,1GCEC19R6WR131524,1998,11,107,60,30,N,78617,1,2,6,1,6,,,,N,,,N,,,,,,,,,,,,,,,,,,,,,,0,,,,,,,,,,5,1,0,0,1,1,0,1,0,,,,,,,,
17233197,3,6,,,,,,,,,,,,,,,,,,,,,,,,,,,,,,,,,,,,,,,,,,,,,0,,,,,,,,,,9,2,0,0,0,0,0,0,0,,,,,,,,
17233198,1,1,N,N,43,1FTRW07652KA81102,2002,1,37,2324,30,N,78641,1,1,2,4,12,,,,N,ATX-VIP TOWING SERVICES,ATX-VIP TOWING SERVICES,N,,,,,,,,,,,,,,,,,,,,,,0,,,,,,,,,,5,1,0,0,0,1,0,0,0,,,,,,,,
17233198,2,1,N,N,43,JTEZU5JR9E5080457,2014,3,91,395,104,N,78660,1,1,8,2,6,2,2,12,N,,,N,,,,,,,,,,,,,,,,,,,,,,0,,,,,,,,,,5,1,0,0,0,1,0,0,0,,,,,,,,
17233198,3,1,N,N,43,5NPEC4AC0CH385483,2012,17,45,462,104,N,76116,1,1,6,3,6,,,,N,,,N,,,,,,,,,,,,,,,,,,,,,,0,,,,,,,,,,5,2,0,0,0,1,0,0,0,,,,,,,,
17233199,1,1,N,N,43,ML32F4FJ7JHF02852,2018,2,68,389,104,N,78741,1,2,4,5,12,,,,N,EZ AUTO AND TOWING SERVICE,EZ AUTO AND TOWING SERVICE,N,,,,,,,,,,,,,,,,,,,,,,44,,,,,,,,,,8,1,0,0,0,1,0,0,0,,,,,,,,
17233199,2,1,N,N,43,3N1CN7AP2FL802468,2015,2,71,1452,104,N,78753,1,2,7,5,6,,,,N,ATX-VIP TOWING SERVICES,ATX-VIP TOWING SERVICES,N,,,,,,,,,,,,,,,,,,,,,,0,,,,,,,,,,8,1,0,0,0,1,0,0,0,,,,,,,,
17233200,1,1,N,N,43,1GKFC13J57R157805,2007,2,39,479,69,N,78728,1,2,2,2,12,,,,N,CLARK AUTO CARE,CLARK AUTO CARE,N,,,,,,,,,,,,,,,,,,,,,,19,,,,,,,,,,5,1,0,0,0,1,0,0,0,,,,,,,,
17233200,2,1,N,N,43,1GBOG2CGXD1164084,2013,21,107,2816,106,N,78660,1,2,6,1,6,,,,N,,,N,,,,,,,,,,,,,,,,,,,,,,0,,,,,,,,,,5,1,0,0,0,1,0,0,0,,,,,,,,
17233201,1,1,N,N,43,3VWLL7AJ4CM346488,2012,9,96,316,104,N,,1,2,2,4,12,,,,N,INTERSTATE CHAPARRAL TOWING INC.,1707 HYDRO LN AUSTIN TX 78728,N,,,,,,,,,,,,,,,,,,,,,,20,15,,,,,,,,,3,1,0,0,0,1,0,0,0,,,,,,,,
17233201,2,1,N,N,43,2GCEC19V851299802,2005,2,107,60,30,N,,1,2,14,3,1,,,,N,,,N,,,,,,,,,,,,,,,,,,,,,,0,,,,,,,,,,5,1,0,0,0,1,0,0,0,,,,,,,,
17233202,1,1,N,N,43,1FTSW21P87EA74360,2007,16,37,2325,30,N,78704,1,2,4,2,10,,,,N,,,N,,,,,,,,,,,,,,,,,,,,,,33,,,,,,,,,,5,1,0,0,0,1,0,0,0,,,,,,,,
17233202,2,1,N,N,43,KNADE123866091604,2006,3,55,716,104,N,78676,1,2,3,3,10,,,,Y,ROCHAS TOWING SERVICE,ROCHAS TOWING SERVICE,N,,,,,,,,,,,,,,,,,,,,,,0,,,,,,,,,,3,1,0,0,1,0,0,1,0,,,,,,,,
17233204,1,1,N,N,43,1GNLCDECXHR237107,2017,21,107,547,69,N,78205,4,,1,3,12,,,,N,,,N,,,,,,,,,,,,,,,,,,,,,,44,,,,,,,,,,6,1,0,0,0,1,0,0,0,,,,,,,,
17233204,2,1,N,N,43,5YJ3E1EA0KF307971,2019,2,602,2033,104,N,78739,1,2,5,3,6,,,,N,A-TEX TOWING,5526 1/2 W HWY 290,N,,,,,,,,,,,,,,,,,,,,,,0,,,,,,,,,,6,1,0,0,0,1,0,0,0,,,,,,,,
17233205,1,1,N,N,43,2C3JA53G75H139007,2005,17,21,65,104,N,78616,1,1,6,2,6,,,,N,,,N,,,,,,,,,,,,,,,,,,,,,,0,,,,,,,,,,8,1,0,0,0,1,0,0,0,,,,,,,,
17233205,2,1,N,N,43,1J4FA49S83P325987,2003,8,429,1464,69,N,78749,1,1,2,2,12,,,,N,,,N,,,,,,,,,,,,,,,,,,,,,,0,,,,,,,,,,8,1,0,0,1,0,0,1,0,,,,,,,,
17233206,1,1,N,N,43,1GCPWCEDXKZ126536,2019,3,107,2236,30,N,78653,1,2,2,4,12,,,,N,ROCHAS TOWING SERVICE,ROCHAS TOWING SERVICE,N,,,,,,,,,,,,,,,,,,,,,,44,,,20,,,,,,,5,1,0,0,0,1,0,0,0,,,,,,,,
17233206,2,1,N,N,43,1G1PC5SB8E7465229,2014,17,107,2209,104,N,78724,2,2,6,4,6,2,4,12,N,ARMADA TOWING,ARMADA TOWING,N,,,,,,,,,,,,,,,,,,,,,,0,,,,,,,,,,5,1,0,0,1,1,0,1,0,,,,,,,,
17233206,3,1,N,N,43,1N4AL2AP6BN485467,2011,17,71,500,104,N,76502,1,2,6,4,6,2,3,12,N,ARMADA TOWING,ARMADA TOWING,N,,,,,,,,,,,,,,,,,,,,,,0,,,,,,,,,,5,2,0,0,0,2,0,0,0,,,,,,,,
17233206,4,1,N,N,43,1GKS2CKJ3GR174875,2016,2,39,479,69,N,78640,1,1,6,2,6,,,,N,DRIVEN AWAY,DRIVEN AWAY,N,,,,,,,,,,,,,,,,,,,,,,0,,,,,,,,,,5,2,0,0,0,1,0,0,0,,,,,,,,
17233207,1,1,N,Y,,,,,,,104,N,,,,,,,,,,,,,N,,,,,,,,,,,,,,,,,,,,,,0,,,,,,,,,,4,1,0,0,0,0,0,0,0,,,,,,,,
17233207,2,1,N,N,43,WBAUN93508VF55351,2008,9,14,21,100,N,78734,1,1,6,1,6,,,,N,,,N,,,,,,,,,,,,,,,,,,,,,,0,,,,,,,,,,4,1,0,1,0,1,0,1,0,,,,,,,,
17233208,1,1,N,Y,43,1C4PJMBS1FW757402,2015,2,429,1116,69,N,75474,1,1,5,0,6,,,,N,NONE,NONE,N,,,,,,,,,,,,,,,,,,,,,,0,,,,,,,,,,5,1,0,0,0,0,2,0,0,,,,,,,,
17233208,2,1,N,N,43,3N1CN7AP3CL923876,2012,3,71,1452,104,N,78702,3,1,1,4,12,,,,N,NONE,NONE,N,,,,,,,,,,,,,,,,,,,,,,20,,,,,,,,,,5,1,0,2,0,0,0,2,0,,,,,,,,
17233209,1,1,N,N,43,3C7WRKCL9HG727942,2017,,710,2522,9,Y,78628,1,2,2,1,12,,,,N,,,N,,,,,,,,,,,,,,,,,,,,,,,,,20,,,,,,,3,1,0,0,0,3,0,0,0,,,,,,,,
17233209,2,1,N,N,43,5YFBPRHEXEP091106,2014,10,91,173,104,N,76548,1,2,16,5,2,,,,N,,,N,,,,,,,,,,,,,,,,,,,,,,0,,,,,,,,,,1,1,0,0,0,1,0,0,0,,,,,,,,