Crash_ID,Unit_Nbr,Unit_Desc_ID,Veh_Parked_Fl,Veh_HNR_Fl,Veh_Lic_State_ID,VIN,Veh_Mod_Year,Veh_Color_ID,Veh_Make_ID,Veh_Mod_ID,Veh_Body_Styl_ID,Emer_Respndr_Fl,Ownr_Zip,Fin_Resp_Proof_ID,Fin_Resp_Type_ID,Veh_Dmag_Area_1_ID,Veh_Dmag_Scl_1_ID,Force_Dir_1_ID,Veh_Dmag_Area_2_ID,Veh_Dmag_Scl_2_ID,Force_Dir_2_ID,Veh_Inventoried_Fl,Veh_Transp_Name,Veh_Transp_Dest,Veh_Cmv_Fl,Cmv_Fiveton_Fl,Cmv_Hazmat_Fl,Cmv_Nine_Plus_Pass_Fl,Cmv_Veh_Oper_ID,Cmv_Carrier_ID_Type_ID,Cmv_Carrier_Zip,Cmv_Veh_Type_ID,Cmv_GVWR,Cmv_RGVW,Cmv_Hazmat_Rel_Fl,Hazmat_Cls_1_ID,Hazmat_IDNbr_1_ID,Hazmat_Cls_2_ID,Hazmat_IDNbr_2_ID,Cmv_Cargo_Body_ID,Cmv_Evnt1_ID,Cmv_Evnt2_ID,Cmv_Evnt3_ID,Cmv_Evnt4_ID,Cmv_Tot_Axle,Cmv_Tot_Tire,Contrib_Factr_1_ID,Contrib_Factr_2_ID,Contrib_Factr_3_ID,Contrib_Factr_P1_ID,Contrib_Factr_P2_ID,Veh_Dfct_1_ID,Veh_Dfct_2_ID,Veh_Dfct_3_ID,Veh_Dfct_P1_ID,Veh_Dfct_P2_ID,Veh_Trvl_Dir_ID,First_Harm_Evt_Inv_ID,Sus_Serious_Injry_Cnt,Nonincap_Injry_Cnt,Poss_Injry_Cnt,Non_Injry_Cnt,Unkn_Injry_Cnt,Tot_Injry_Cnt,Death_Cnt,Cmv_Disabling_Damage_Fl,Cmv_Bus_Type_ID,Trlr_GVWR,Trlr_RGVW,Trlr_Type_ID,Trlr_Disabling_Dmag_ID,Cmv_Intermodal_Container_Permit_Fl,CMV_Actual_Gross_Weight
17239826,2,1,N,N,43,1G2NE52EXXC580495,1999,17,118,153,104,N,78704,1,1,4,3,1,,,,N,HARPERS TOWING SERVICE INC,HARPERS TOWING SERVICE INC,N,,,,,,,,,,,,,,,,,,,,,,,,,20,,,,,,,1,1,0,1,0,1,0,1,0,,,,,,,,
17239827,1,1,N,N,9,3MZBN1L31JM198332,2018,,63,272,104,N,78748,1,2,9,5,7,,,,N,STARS TOWING,STARS TOWING,N,,,,,,,,,,,,,,,,,,,,,,0,,,,,,,,,,5,1,0,0,0,1,0,0,0,,,,,,,,
17239827,2,1,N,N,38,3C6JR6AT5EG182049,2009,,45,462,104,N,17406,1,2,2,4,12,,,,N,,,N,,,,,,,,,,,,,,,,,,,,,,0,,,,,,,,,,7,1,0,0,0,4,0,0,0,,,,,,,,
17239828,1,1,N,N,43,1HGFA15566L121299,2006,1,44,256,104,N,78702,1,1,3,3,9,10,3,3,Y,SPECIAL AUTOMOTIVE SERVICE INC,SPECIAL AUTOMOTIVE SERVICE INC,N,,,,,,,,,,,,,,,,,,,,,,0,,,,,,,,,,1,1,0,0,0,1,0,0,0,,,,,,,,
17239828,2,1,N,N,43,3C7WRMBL4FG698148,2015,21,109,82,92,N,78744,1,1,,,,,,,N,,,N,,,,,,,,,,,,,,,,,,,,,,0,,,,,,,,,,1,1,0,0,0,1,0,0,0,,,,,,,,
17239828,3,1,N,N,43,1G1ZD5ST4JF204940,2018,21,107,56,104,N,08054,1,1,10,3,3,,,,N,,,N,,,,,,,,,,,,,,,,,,,,,,0,,,,,,,,,,1,2,0,0,0,2,0,0,0,,,,,,,,
17239829,1,1,N,N,43,2G1FC1ED1B9198611,2011,2,107,46,100,N,77060,1,2,9,4,10,,,,Y,EZ AUTO AND TOWING SERVICE,EZ AUTO AND TOWING SERVICE,N,,,,,,,,,,,,,,,,,,,,,,37,,,,,,,,,,4,1,0,0,0,1,0,0,0,,,,,,,,
17239829,2,1,N,N,43,JM3ER2W51A0315375,2010,17,63,272,69,N,78753,1,2,2,3,12,,,,Y,A & A WRECKER NORTH,A & A WRECKER NORTH,N,,,,,,,,,,,,,,,,,,,,,,0,,,,,,,,,,6,1,0,0,0,1,0,0,0,,,,,,,,
17239830,1,1,N,N,43,JTDKDTB34H1591090,2017,3,91,702,104,N,78722,1,1,2,4,12,,,,N,ARMADA TOWING,ARMADA TOWING,N,,,,,,,,,,,,,,,,,,,,,,20,,,,,,,,,,3,1,0,0,0,1,0,0,0,,,,,,,,
17239830,2,1,N,N,43,JH4CU2F62CC020020,2012,17,1,1430,104,N,78704,1,1,2,2,12,6,2,6,N,,,N,,,,,,,,,,,,,,,,,,,,,,0,,,,,,,,,,3,1,0,0,0,1,0,0,0,,,,,,,,
17239830,3,1,N,N,43,JN8AT2MTXHW396236,2017,16,71,777,104,N,78729,1,1,6,3,6,,,,N,,,N,,,,,,,,,,,,,,,,,,,,,,0,,,,,,,,,,3,2,0,0,0,2,0,0,0,,,,,,,,
17239831,1,1,N,N,43,3N1BC11E47L403902,2007,16,71,1452,104,N,78733,1,2,2,2,12,,,,,DRIVEN FROM SCENE,DRIVEN FROM SCENE,N,,,,,,,,,,,,,,,,,,,,,,0,,,,,,,,,,5,1,0,0,0,1,0,0,0,,,,,,,,
17239831,2,1,N,N,43,SALWR2RE9KA838544,2019,21,57,2434,104,N,78702,1,2,5,1,6,,,,N,DRIVEN FROM SCENE,DRIVEN FROM SCENE,N,,,,,,,,,,,,,,,,,,,,,,0,,,,,,,,,,5,1,0,0,0,2,0,0,0,,,,,,,,
17239834,1,1,N,N,43,1FTYR14U75PB07394,2005,9,37,357,30,N,78745,1,2,2,5,12,,,,N,EZ AUTO AND TOWING SERVICE,EZ AUTO AND TOWING SERVICE,N,,,,,,,,,,,,,,,,,,,,,,20,1,,,,12,,,,,5,1,0,0,0,1,0,0,0,,,,,,,,
17239834,2,1,N,N,43,19XFC1F32GE021376,2016,2,44,256,104,N,78744,1,2,6,5,6,,,,N,EZ AUTO AND TOWING SERVICE,EZ AUTO AND TOWING SERVICE,N,,,,,,,,,,,,,,,,,,,,,,0,,,,,,,,,,5,1,0,0,0,1,0,0,0,,,,,,,,
17239834,3,1,N,N,43,1GCGSBEA6J1276622,2018,17,107,979,106,N,,1,2,6,1,12,,,,N,,,N,,,,,,,,,,,,,,,,,,,,,,0,,,,,,,,,,5,2,0,0,0,2,0,0,0,,,,,,,,
17239836,1,1,N,N,43,5XYPG4A58GG107944,2016,9,55,767,69,N,77845,1,2,15,4,9,,,,,STARS TOWING,STARS TOWING,N,,,,,,,,,,,,,,,,,,,,,,20,,,,,,,,,,7,1,0,0,0,4,0,0,0,,,,,,,,
17239836,2,1,N,N,43,5FNYF284X6B011053,2006,1,44,761,69,N,78723,1,2,2,4,9,,,,,EZ AUTO AND TOWING SERVICE,EZ AUTO AND TOWING SERVICE,N,,,,,,,,,,,,,,,,,,,,,,0,,,,,,,,,,5,1,0,0,0,1,0,0,0,,,,,,,,
17239838,1,1,N,N,43,JN8AS5MT4AW002577,2010,2,71,1310,69,N,78626,1,1,2,3,12,5,2,6,N,EZ AUTO AND TOWING SERVICE,EZ AUTO AND TOWING SERVICE,N,,,,,,,,,,,,,,,,,,,,,,20,44,,,,,,,,,1,1,0,0,0,1,0,0,0,,,,,,,,
17239838,2,1,N,N,43,5FNYF3H27BB015365,2011,2,44,761,69,N,78746,1,1,5,1,6,,,,N,,,N,,,,,,,,,,,,,,,,,,,,,,0,,,,,,,,,,1,1,0,0,0,2,0,0,0,,,,,,,,
17239838,3,1,N,N,43,3VW2K7AJ4EM225140,2014,21,96,316,104,N,77077,1,1,5,1,6,,,,N,,,N,,,,,,,,,,,,,,,,,,,,,,0,,,,,,,,,,1,2,0,0,0,1,0,0,0,,,,,,,,
17239841,1,1,N,N,43,1HGCP2F89AA092546,2010,21,44,236,104,N,78728,1,2,12,4,3,,,,Y,CLARK AUTO CARE,CLARK AUTO CARE,N,,,,,,,,,,,,,,,,,,,,,,37,,,,,,,,,,8,1,0,0,0,1,0,0,0,,,,,,,,
17239841,2,1,N,N,43,3VWRF71K66M798148,2006,17,96,316,104,N,,1,2,2,4,12,,,,Y,STARS TOWING,STARS TOWING,N,,,,,,,,,,,,,,,,,,,,,,0,,,,,,,,,,4,1,0,0,0,1,0,0,0,,,,,,,,
17239914,1,1,N,N,43,3FADP4BJ3CM137628,2012,9,37,229,104,N,78652,1,2,12,0,3,,,,N,,,N,,,,,,,,,,,,,,,,,,,,,,0,,,,,,,,,,3,1,0,0,0,1,0,0,0,,,,,,,,
17239914,2,4,,,,,,,,,,,,,,,,,,,,,,,,,,,,,,,,,,,,,,,,,,,,,0,,,,,,,,,,9,1,0,1,0,0,0,1,0,,,,,,,,
17239915,1,1,N,N,42,2HGFA1F31AH311644,2010,3,44,256,104,N,38133,1,1,2,3,12,,,,Y,EZ AUTO AND TOWING SERVICE,EZ AUTO AND TOWING SERVICE,N,,,,,,,,,,,,,,,,,,,,,,20,,,,,,,,,,3,1,0,0,0,1,0,0,0,,,,,,,,
17239915,2,1,N,N,43,5NMSG13D98H223870,2008,3,45,713,69,N,78747,1,1,10,3,3,,,,N,,,N,,,,,,,,,,,,,,,,,,,,,,0,,,,,,,,,,5,1,0,2,0,2,0,2,0,,,,,,,,
17239916,1,1,N,N,43,2C3CDXBG5EH129671,2014,2,109,74,104,N,78741,1,2,4,5,2,,,,N,STARS TOWING,,N,,,,,,,,,,,,,,,,,,,,,,0,,,,,,,,,,5,1,0,0,0,2,0,0,0,,,,,,,,
17239916,2,1,Y,N,43,1NXBR32E87Z781566,2007,9,91,173,104,N,,1,2,15,4,8,,,,N,,,N,,,,,,,,,,,,,,,,,,,,,,0,,,,,,,,,,5,1,0,0,0,0,1,0,0,,,,,,,,
17239916,3,1,Y,N,43,1Y1SK52822Z422316,2002,17,107,60,104,N,,2,,7,3,7,2,2,12,N,,,N,,,,,,,,,,,,,,,,,,,,,,0,,,,,,,,,,5,2,0,0,0,1,0,0,0,,,,,,,,
17239916,4,6,,,,,,,,,,,78723,,,,,,,,,,,,,,,,,,,,,,,,,,,,,,,,,,0,,,,,,,,,,9,2,0,0,0,0,0,0,0,,,,,,,,
17239916,5,1,Y,N,43,4TANL42N3VZ290522,1997,21,91,629,30,N,78723,1,2,2,2,12,,,,N,,,N,,,,,,,,,,,,,,,,,,,,,,0,,,,,,,,,,5,2,0,0,0,0,0,0,0,,,,,,,,
17239916,6,1,Y,N,43,2FAHP71WX7X120044,2007,9,37,995,104,N,78723,2,,6,2,6,,,,N,,,N,,,,,,,,,,,,,,,,,,,,,,0,,,,,,,,,,5,2,0,0,0,0,0,0,0,,,,,,,,
17239917,1,1,N,N,43,JTDKN3DU4F0398461,2015,17,91,702,104,N,78620,1,1,3,2,10,,,,Y,EZ AUTO AND TOWING SERVICE,EZ AUTO AND TOWING SERVICE,N,,,,,,,,,,,,,,,,,,,,,,65,,,,,,,,,,7,1,0,0,0,1,0,0,0,,,,,,,,
17239917,2,1,N,N,43,JH2NC0127BM000948,1981,2,44,3308,71,N,78642,1,1,2,2,12,,,,Y,A-TEX TOWING,5526 1/2 W HWY 290,N,,,,,,,,,,,,,,,,,,,,,,0,,,,,,,,,,7,1,0,1,0,0,0,1,0,,,,,,,,
17239918,1,1,N,N,43,JNKCV54E74M301878,2004,16,47,764,100,N,78640,1,1,1,2,12,,,,Y,SOUTHSIDE WRECKER INC,8200 S. CONGRESS AVE,N,,,,,,,,,,,,,,,,,,,,,,67,20,,,,,,,,,3,1,0,0,0,2,0,0,0,,,,,,,,
17239918,2,1,N,N,43,3MZBN1V35JM256150,2018,3,63,1210,104,N,78738,1,1,5,2,6,,,,N,,,N,,,,,,,,,,,,,,,,,,,,,,0,,,,,,,,,,3,1,0,0,0,2,0,0,0,,,,,,,,
17239919,1,1,N,N,43,5FNRL18034B055137,2004,1,44,571,104,N,78669,1,2,2,4,12,,,,Y,ATX-VIP TOWING SERVICES,ATX-VIP TOWING SERVICES,N,,,,,,,,,,,,,,,,,,,,,,0,,,,,,,,,,1,1,0,0,0,2,0,0,0,,,,,,,,
17239919,2,1,N,N,43,JM3ER2A54C0411401,2012,2,63,1008,104,N,78759,2,,3,3,9,,,,Y,STARS TOWING,STARS TOWING,N,,,,,,,,,,,,,,,,,,,,,,0,,,,,,,,,,7,1,0,0,0,1,0,0,0,,,,,,,,
17239920,1,1,N,N,43,1G1PE5SBXG7211955,2016,17,107,2209,104,N,78747,1,1,10,3,3,,,,N,SOUTHSIDE WRECKER INC,SOUTH SIDE WRECKER INC,N,,,,,,,,,,,,,,,,,,,,,,,,,19,,,,,,,7,1,0,0,1,0,0,1,0,,,,,,,,
17239920,2,1,N,N,43,1GKKRNED9FJ270360,2015,3,39,205,104,N,78704,1,1,2,3,12,10,2,3,,SOUTHSIDE WRECKER INC,SOUTHSIDE WRECKER INC,N,,,,,,,,,,,,,,,,,,,,,,0,,,,,,,,,,7,1,0,0,0,1,0,0,0,,,,,,,,
17239921,1,1,N,N,43,1N4AL3AP1HC189685,2017,9,71,500,104,N,78744,3,1,2,3,3,,,,Y,SPECIAL AUTOMOTIVE SERVICE INC,SPECIAL AUTOMOTIVE SERVICE INC,N,,,,,,,,,,,,,,,,,,,,,,,,,20,,,,,,,6,1,0,0,1,0,0,1,0,,,,,,,,
17239921,2,1,N,N,43,1HGCR3F88DA020046,2013,9,44,236,104,N,78758,1,1,11,1,9,2,1,9,Y,AUS-TEX AUTO ENTERPRISES LLC,AUS-TEX AUTO ENTERPRISES LLC,N,,,,,,,,,,,,,,,,,,,,,,,,,20,,,,,,,4,1,0,0,0,3,0,0,0,,,,,,,,
17239922,1,1,N,N,43,JYAVN05E7EA001851,2014,21,101,1558,71,N,78727,2,,4,2,1,,,,N,620 LAKESIDE TOWING,620 LAKESIDE TOWING,N,,,,,,,,,,,,,,,,,,,,,,0,,,,,,,,,,6,1,0,2,0,0,0,2,0,,,,,,,,
17239923,1,1,N,N,13,1G11B5SLXFF283153,2015,,107,56,104,N,60440,1,1,1,6,1,,,,N,620 LAKESIDE TOWING,620 LAKESIDE TOWING,N,,,,,,,,,,,,,,,,,,,,,,40,,,,,,,,,,1,1,0,0,0,2,0,0,0,,,,,,,,
17239924,1,1,N,N,43,JHMCP26478C033763,2008,2,44,236,104,N,78665,1,2,14,4,3,,,,N,STARS TOWING,STARS TOWING,N,,,,,,,,,,,,,,,,,,,,,,20,,,,,,,,,,5,1,0,2,0,0,0,2,0,,,,,,,,
17239924,2,1,N,N,43,1FMCU0D75CKC17654,2012,1,37,711,104,N,78753,1,2,2,2,6,,,,N,ROCHAS TOWING SERVICE,ROCHAS TOWING SERVICE,N,,,,,,,,,,,,,,,,,,,,,,0,,,,,,,,,,1,1,0,0,0,1,0,0,0,,,,,,,,
17239925,1,1,N,N,43,NMTKHMBX5JR004397,2018,2,91,178,104,N,76502,1,2,1,5,12,,,,N,ROCHAS TOWING SERVICE,ROCHAS TOWING SERVICE,N,,,,,,,,,,,,,,,,,,,,,,44,,,,,,,,,,5,1,0,0,0,1,0,0,0,,,,,,,,
17239925,2,1,N,Y,43,,,21,,,69,N,,,,,,,,,,,,,N,,,,,,,,,,,,,,,,,,,,,,0,,,,,,,,,,5,1,0,0,0,0,1,0,0,,,,,,,,
17239927,1,1,N,N,43,1GNFK03099R271252,2009,21,107,547,69,N,76520,1,2,3,1,12,,,,N,,,N,,,,,,,,,,,,,,,,,,,,,,44,,,,,,,,,,3,1,0,0,0,2,0,0,0,,,,,,,,
17239927,2,1,N,N,43,2T1BURHE6FC336817,2015,,91,173,104,N,78724,1,2,8,3,6,,,,N,ROCHAS TOWING SERVICE,5526 1/2 W HWY 290,N,,,,,,,,,,,,,,,,,,,,,,0,,,,,,,,,,3,1,0,0,0,1,0,0,0,,,,,,,,
17239928,1,1,N,N,4,1FDNF6CY3KDB90649,2019,21,37,101,106,N,78745,1,1,13,1,7,,,,N,OWNER,ONWER,N,,,,,,,,,,,,,,,,,,,,,,66,,,,,,,,,,7,1,0,0,0,1,0,0,0,,,,,,,,
17239928,2,1,N,N,43,3VWC57BU2KM165343,2015,9,96,316,104,N,78245,1,1,11,4,11,,,,Y,A AND A TOWING,A AND A,N,,,,,,,,,,,,,,,,,,,,,,0,,,,,,,,,,1,1,0,0,0,4,0,0,0,,,,,,,,
17239929,1,1,N,N,43,1FADP5BUXEL510944,2014,17,37,2320,104,N,78703,1,1,2,2,12,,,,N,,,N,,,,,,,,,,,,,,,,,,,,,,34,,,,,,,,,,7,1,0,0,0,1,0,0,0,,,,,,,,
17239929,2,1,N,N,43,KMHCT4AE4HU169282,2017,3,45,557,104,N,76450,1,1,15,4,9,,,,N,EZ AUTO AND TOWING SERVICE,,N,,,,,,,,,,,,,,,,,,,,,,0,,,,,,,,,,3,1,0,0,2,2,0,2,0,,,,,,,,
17239930,1,1,N,N,43,5XYZUDLB7JG536004,2018,2,45,3564,104,N,78749,1,2,12,5,2,,,,Y,HARPERS TOWING SERVICE INC,IMPOUND,N,,,,,,,,,,,,,,,,,,,,,,20,,,40,,,,,,,3,1,0,0,1,0,0,1,0,,,,,,,,
17239940,1,1,N,N,43,3VWJM71K29M128197,2009,9,96,316,104,N,78747,1,2,11,4,,,,,N,,,N,,,,,,,,,,,,,,,,,,,,,,0,,,,,,,,,,8,1,0,0,1,0,0,1,0,,,,,,,,
17239940,2,1,N,Y,,,,9,208,763,69,N,,2,,,,,,,,N,,,N,,,,,,,,,,,,,,,,,,,,,,66,,,,,,,,,,4,1,0,0,0,0,1,0,0,,,,,,,,
17239945,1,1,N,N,43,2T1BU4EE5BC607738,2011,16,91,173,104,N,77840,1,2,2,3,12,,,,Y,620 LAKESIDE TOWING,620 LAKESIDE TOWING,N,,,,,,,,,,,,,,,,,,,,,,,,,20,,,,,,,1,1,0,0,0,1,0,0,0,,,,,,,,
17239945,2,1,N,N,43,1G1AL58F387190860,2008,11,107,978,104,N,78723,1,2,6,2,6,2,2,12,Y,,,N,,,,,,,,,,,,,,,,,,,,,,0,,,,,,,,,,1,1,0,0,0,1,0,0,0,,,,,,,,
17239945,3,1,N,N,43,5J6YH18554L014539,2004,17,44,760,69,N,78628,1,2,,,,,,,N,,,N,,,,,,,,,,,,,,,,,,,,,,0,,,,,,,,,,1,2,0,0,0,1,0,0,0,,,,,,,,
17239952,1,1,N,N,43,JM1NC2PF5B0216657,2011,2,63,272,100,N,78747,1,1,3,4,10,,,,N,SOUTHSIDE WRECKER INC,8200 S. CONGRESS AVE,N,,,,,,,,,,,,,,,,,,,,,,22,,,,,,,,,,6,1,0,0,0,1,0,0,0,,,,,,,,
17239953,1,1,N,N,43,4T1CA38P64U026433,2004,3,91,686,104,N,75248,1,1,6,3,6,,,,N,,,N,,,,,,,,,,,,,,,,,,,,,,74,,,,,,,,,,5,1,0,0,0,1,0,0,0,,,,,,,,
17239953,2,1,N,N,43,5Y2SL62813Z457809,2003,17,118,778,104,N,78731,1,1,1,4,12,6,3,6,N,ARMADA TOWING,ARMADA TOWING,N,,,,,,,,,,,,,,,,,,,,,,0,,,,,,,,,,5,1,0,0,0,1,0,0,0,,,,,,,,
17239953,3,1,N,N,43,1YVHP82AX95M02993,2009,17,63,870,104,N,78757,1,1,1,4,12,,,,N,ROCHAS TOWING SERVICE,ROCHAS TOWING SERVICE,N,,,,,,,,,,,,,,,,,,,,,,0,,,,,,,,,,5,2,0,0,0,1,0,0,0,,,,,,,,
17239954,1,1,N,N,43,1D7RB1GT8BS581882,2011,21,109,2275,106,N,76401,1,2,2,1,12,6,1,6,N,,,N,,,,,,,,,,,,,,,,,,,,,,44,,,,,,,,,,1,1,0,0,0,1,0,0,0,,,,,,,,
17239954,2,1,N,N,43,ZFBNFADH2KZ041967,2019,2,35,2956,100,N,78726,1,2,2,1,12,6,1,6,N,,,N,,,,,,,,,,,,,,,,,,,,,,0,,,,,,,,,,1,1,0,0,0,2,0,0,0,,,,,,,,
17239954,3,1,N,N,43,2C3CDXHG1FH901821,2015,9,109,73,104,N,78729,1,2,6,1,6,,,,N,,,N,,,,,,,,,,,,,,,,,,,,,,0,,,,,,,,,,1,2,0,0,0,2,0,0,0,,,,,,,,
17239954,4,1,N,N,43,4T1BF1FKXGU264721,2016,2,91,380,104,N,78726,1,2,2,2,12,,,,N,620 LAKESIDE TOWING,620 LAKESIDE TOWING,N,,,,,,,,,,,,,,,,,,,,,,44,,,,,,,,,,1,2,0,0,0,1,0,0,0,,,,,,,,
17239955,1,1,N,N,43,JN8AS5MT0AW006187,2010,2,71,1310,69,N,78741,1,1,4,3,1,8,1,5,Y,SOUTHSIDE WRECKER INC,8200 S. CONGRESS AVE,N,,,,,,,,,,,,,,,,,,,,,,0,,,,,,,,,,3,1,0,0,0,3,0,0,0,,,,,,,,
17239955,2,1,N,Y,113,11111111111111111,2010,99,208,763,104,N,78701,2,,,,,,,,N,,,N,,,,,,,,,,,,,,,,,,,,,,20,,,,,,,,,,1,1,0,0,0,0,1,0,0,,,,,,,,
17239956,1,1,N,N,43,WDDHF8JB4CA540472,2012,2,65,118,104,N,78746,1,1,7,3,3,,,,N,SPECIAL AUTOMOTIVE SERVICE INC,SPECIAL AUTOMOTIVE SERVICE INC,N,,,,,,,,,,,,,,,,,,,,,,35,,,,,,,,,,1,1,0,0,0,1,0,0,0,,,,,,,,
17239956,2,1,N,N,43,1G1BC5SMXH7115715,2017,21,107,2209,104,N,21094,1,1,2,4,12,,,,N,DENVERS TOWING,DENVERS TOWING,N,,,,,,,,,,,,,,,,,,,,,,0,,,,,,,,,,7,1,0,0,1,0,0,1,0,,,,,,,,
17239957,1,1,N,Y,5,5YFBURHE6KP899490,2019,21,91,380,104,N,48033,1,7,2,4,12,18,4,12,N,SPECIAL AUTOMOTIVE SERVICE INC,SPECIAL AUTOMOTIVE SERVICE INC,N,,,,,,,,,,,,,,,,,,,,,,0,,,,,,,,,,1,1,0,0,1,0,0,1,0,,,,,,,,
17239957,2,1,N,N,43,2C3CDZAG1KH547167,2019,9,109,73,100,N,78640,1,2,9,1,9,11,1,9,N,REMOVED BY OWNER,REMOVED BY PWNER,N,,,,,,,,,,,,,,,,,,,,,,0,,,,,,,,,,7,2,0,0,0,1,0,0,0,,,,,,,,
17239958,1,1,N,Y,43,5GTDN136068189972,2006,2,112,2373,104,N,78723,1,2,,,,,,,N,DRIVEN FROM SCENE,DRIVEN FROM SCENE,N,,,,,,,,,,,,,,,,,,,,,,65,37,,,,,,,,,5,1,0,0,0,0,1,0,0,,,,,,,,
17239958,2,1,N,N,43,JM1BJ225521577064,2002,17,63,434,104,N,78758,1,2,2,3,12,,,,N,EZ AUTO AND TOWING SERVICE,EZ AUTO AND TOWING SERVICE,N,,,,,,,,,,,,,,,,,,,,,,0,,,,,,,,,,1,1,0,0,0,1,0,0,0,,,,,,,,
17240008,1,1,N,N,43,5YFBU4EE5CP060651,2012,3,91,173,104,N,78681,1,2,10,4,3,,,,N,DRIVEN,RESIDENCE,N,,,,,,,,,,,,,,,,,,,,,,1,37,,,,,,,,,1,1,0,0,0,1,0,0,0,,,,,,,,
17240008,2,1,N,N,43,1FTFW1EF8EKE80781,2014,21,37,2324,30,N,78613,1,2,4,2,12,,,,N,620 LAKESIDE TOWING,620 LAKESIDE TOWING,N,,,,,,,,,,,,,,,,,,,,,,0,,,,,,,,,,5,1,0,0,0,2,0,0,0,,,,,,,,
17240009,1,1,N,N,43,JM1CR293590355500,2009,17,63,1211,104,N,78751,1,2,10,3,3,,,,N,,,N,,,,,,,,,,,,,,,,,,,,,,,,,20,37,,,,,,3,1,0,0,0,1,0,0,0,,,,,,,,
17240009,2,1,N,N,43,JF1GPAA66F8200724,2015,17,85,516,104,N,78702,1,2,2,3,12,,,,N,ARMADA TOWING,ARMADA TOWING,N,,,,,,,,,,,,,,,,,,,,,,0,,,,,,,,,,7,1,0,0,0,1,0,0,0,,,,,,,,
17240010,1,1,N,N,43,1HGCM56797A195654,2007,2,44,236,104,N,78752,1,1,1,3,12,,,,N,,,N,,,,,,,,,,,,,,,,,,,,,,37,,,,,,,,,,3,1,0,0,0,1,0,0,0,,,,,,,,
17240010,2,1,N,N,43,5N1AR18U77C613051,2007,2,71,531,69,N,78731,1,1,17,5,9,,,,N,ROCHAS TOWING SERVICE,ROCHAS TOWING SERVICE,N,,,,,,,,,,,,,,,,,,,,,,0,,,,,,,,,,5,1,0,0,1,0,0,1,0,,,,,,,,
17240011,1,1,N,Y,43,JN8AZ2NE7G9121015,2016,21,47,3580,69,N,77612,1,1,2,3,12,,,,N,SPECIAL AUTOMOTIVE SERVICE INC,SPECIAL AUTOMOTIVE SERVICE INC,N,,,,,,,,,,,,,,,,,,,,,,44,20,,,,,,,,,5,1,0,0,0,1,0,0,0,,,,,,,,
17240011,2,1,N,N,43,WVWHD7AJ6BW150394,2011,2,96,519,104,N,78704,1,1,6,3,6,2,1,12,N,SPECIAL AUTOMOTIVE SERVICE INC,SPECIAL AUTOMOTIVE SERVICE INC,N,,,,,,,,,,,,,,,,,,,,,,0,,,,,,,,,,5,1,0,1,0,2,0,1,0,,,,,,,,
17240011,3,1,N,N,43,JHMGE8H45AS027950,2010,13,44,1083,104,N,78704,1,1,6,1,6,,,,N,NOT TOWED,NOT TOWED,N,,,,,,,,,,,,,,,,,,,,,,0,,,,,,,,,,5,2,0,0,0,3,0,0,0,,,,,,,,
17240012,1,1,N,N,43,1FD8W3FT0BEC47718,2011,22,37,2326,30,N,78702,1,2,4,1,1,,,,N,,,N,,,,,,,,,,,,,,,,,,,,,,0,,,,,,,,,,5,1,0,0,0,1,0,0,0,,,,,,,,
17240012,2,1,N,N,43,JH2PC37014M106069,2004,2,44,3323,71,N,78725,1,2,15,2,9,,,,N,AVILES & GABES WRECKER SERVICE INC.,AVILES & GABES WRECKER SERVICE INC.,N,,,,,,,,,,,,,,,,,,,,,,0,,,,,,,,,,5,1,0,0,1,0,0,1,0,,,,,,,,
17240013,1,1,N,N,36,3FA6P0RU2KR189044,2019,3,37,1097,104,N,74115,1,1,2,2,12,,,,N,,,N,,,,,,,,,,,,,,,,,,,,,,,,,20,,,,,,,3,1,0,0,0,1,0,0,0,,,,,,,,
17240013,2,1,N,N,43,JHMGE88419S006928,2009,2,44,1083,104,N,78749,1,1,13,4,9,,,,Y,A-TEX TOWING,5526 1/2 W HWY 290,N,,,,,,,,,,,,,,,,,,,,,,0,,,,,,,,,,1,1,0,0,1,0,0,1,0,,,,,,,,
17240014,1,1,N,N,43,1N4BA41E47C803108,2007,1,71,500,104,N,78641,4,2,15,5,9,,,,N,EZ AUTO AND TOWING SERVICE,EZ AUTO AND TOWING SERVICE,N,,,,,,,,,,,,,,,,,,,,,,74,,,,,,,,,,1,1,0,0,0,1,0,0,0,,,,,,,,
17240014,2,1,N,N,43,4T1BK36B97U185712,2007,17,91,563,104,N,78213,1,2,1,5,12,,,,N,STARS TOWING,STARS TOWING,N,,,,,,,,,,,,,,,,,,,,,,0,,,,,,,,,,3,1,0,0,0,1,0,0,0,,,,,,,,
17240015,1,1,N,N,43,1G1ZB5E17BF259688,2011,17,107,56,104,N,76210,1,2,2,5,1,,,,Y,A-TEX TOWING,5526 1/2 W HWY 290,N,,,,,,,,,,,,,,,,,,,,,,71,,,67,,,,,,,2,1,0,1,0,0,0,1,0,,,,,,,,
17240015,2,1,N,N,43,JN8AS5MT7DW001234,2013,2,71,1310,69,N,78703,1,2,2,5,12,,,,N,SOUTHSIDE WRECKER INC,8200 S. CONGRESS AVE,N,,,,,,,,,,,,,,,,,,,,,,0,,,,,,,,,,7,1,0,0,0,1,0,0,0,,,,,,,,