Crash_ID,Unit_Nbr,Unit_Desc_ID,Veh_Parked_Fl,Veh_HNR_Fl,Veh_Lic_State_ID,VIN,Veh_Mod_Year,Veh_Color_ID,Veh_Make_ID,Veh_Mod_ID,Veh_Body_Styl_ID,Emer_Respndr_Fl,Ownr_Zip,Fin_Resp_Proof_ID,Fin_Resp_Type_ID,Veh_Dmag_Area_1_ID,Veh_Dmag_Scl_1_ID,Force_Dir_1_ID,Veh_Dmag_Area_2_ID,Veh_Dmag_Scl_2_ID,Force_Dir_2_ID,Veh_Inventoried_Fl,Veh_Transp_Name,Veh_Transp_Dest,Veh_Cmv_Fl,Cmv_Fiveton_Fl,Cmv_Hazmat_Fl,Cmv_Nine_Plus_Pass_Fl,Cmv_Veh_Oper_ID,Cmv_Carrier_ID_Type_ID,Cmv_Carrier_Zip,Cmv_Veh_Type_ID,Cmv_GVWR,Cmv_RGVW,Cmv_Hazmat_Rel_Fl,Hazmat_Cls_1_ID,Hazmat_IDNbr_1_ID,Hazmat_Cls_2_ID,Hazmat_IDNbr_2_ID,Cmv_Cargo_Body_ID,Cmv_Evnt1_ID,Cmv_Evnt2_ID,Cmv_Evnt3_ID,Cmv_Evnt4_ID,Cmv_Tot_Axle,Cmv_Tot_Tire,Contrib_Factr_1_ID,Contrib_Factr_2_ID,Contrib_Factr_3_ID,Contrib_Factr_P1_ID,Contrib_Factr_P2_ID,Veh_Dfct_1_ID,Veh_Dfct_2_ID,Veh_Dfct_3_ID,Veh_Dfct_P1_ID,Veh_Dfct_P2_ID,Veh_Trvl_Dir_ID,First_Harm_Evt_Inv_ID,Sus_Serious_Injry_Cnt,Nonincap_Injry_Cnt,Poss_Injry_Cnt,Non_Injry_Cnt,Unkn_Injry_Cnt,Tot_Injry_Cnt,Death_Cnt,Cmv_Disabling_Damage_Fl,Cmv_Bus_Type_ID,Trlr_GVWR,Trlr_RGVW,Trlr_Type_ID,Trlr_Disabling_Dmag_ID,Cmv_Intermodal_Container_Permit_Fl,CMV_Actual_Gross_Weight
17241425,2,1,N,N,43,1G2NF52EX4M516847,2004,16,118,153,104,N,78757,1,2,4,3,11,,,,N,AUS-TEX AUTO ENTERPRISES LLC,AUS-TEX AUTO ENTERPRISES LLC,N,,,,,,,,,,,,,,,,,,,,,,0,,,,,,,,,,8,1,0,0,0,1,0,0,0,,,,,,,,
17241427,1,1,N,N,10,1C3CCCABXFN679376,2015,9,21,2258,104,N,30815,1,2,4,3,3,,,,N,OWNER,OWNER,N,,,,,,,,,,,,,,,,,,,,,,74,,,,,,,,,,3,1,0,0,0,1,0,0,0,,,,,,,,
17241427,2,1,N,N,43,MAJ3P1TE5JC166509,2018,17,37,600,104,N,78751,1,2,15,4,8,,,,Y,EZ AUTO AND TOWING SERVICE,5526 1/2 W HWY 290,N,,,,,,,,,,,,,,,,,,,,,,0,,,,,,,,,,3,1,0,0,0,1,0,0,0,,,,,,,,
17241428,1,1,N,N,43,KNAFU4A29C5547097,2012,2,55,1093,104,N,78753,2,,,,,,,,,,,N,,,,,,,,,,,,,,,,,,,,,,0,,,,,,,,,,7,1,0,0,0,1,0,0,0,,,,,,,,
17241428,2,4,,,,,,,,,,,,,,,,,,,,,,,,,,,,,,,,,,,,,,,,,,,,,59,,,,,,,,,,9,1,1,0,0,0,0,1,0,,,,,,,,
17241429,1,1,N,Y,43,1FAFP40461F142079,2001,9,37,96,100,N,78744,1,2,12,3,1,,,,,ROCHAS TOWING SERVICE,ROCHAS TOWING SERVICE,N,,,,,,,,,,,,,,,,,,,,,,4,,,,,,,,,,7,1,0,0,0,0,1,0,0,,,,,,,,
17241429,2,1,N,N,43,5N1DR2MN0JC623431,2018,9,71,531,69,N,78640,1,2,11,5,9,,,,N,ROCHAS TOWING SERVICE,ROCHAS TOWING SERVICE,N,,,,,,,,,,,,,,,,,,,,,,0,,,,,,,,,,7,1,0,1,0,0,0,1,0,,,,,,,,
17241433,1,1,N,N,43,4T1BF3EK3BU172257,2011,2,91,380,104,N,78731,1,1,15,4,9,,,,Y,ARMADA TOWING,ARMADA TOWING,N,,,,,,,,,,,,,,,,,,,,,,34,20,,,,,,,,,6,1,0,1,0,0,0,1,0,,,,,,,,
17241433,2,1,N,N,43,1FTYR10C0WPA67304,1998,10,37,357,30,N,78728,1,1,2,4,12,,,,Y,AVILES & GABES WRECKER SERVICE INC.,AVILES & GABES WRECKER SERVICE INC.,N,,,,,,,,,,,,,,,,,,,,,,0,,,,,,,,,,7,1,0,0,0,1,0,0,0,,,,,,,,
17241435,1,1,N,N,43,1FM5K7AR8DGC40427,2013,2,37,554,69,Y,78723,1,2,2,7,12,,,,N,AA WRECKER AND RECOVERY,5101 W 51ST ST,N,,,,,,,,,,,,,,,,,,,,,,15,20,22,,,,,,,,7,1,0,0,1,0,0,1,0,,,,,,,,
17241435,2,1,N,N,43,1C4NJCEA2GD734745,2016,9,429,983,69,N,78408,1,2,11,5,10,,,,N,AVILES & GABES,"2311 W HOWARD LANE, AUSTIN TX 78728",N,,,,,,,,,,,,,,,,,,,,,,32,20,,,,,,,,,5,1,0,0,1,0,0,1,0,,,,,,,,
17241585,1,1,N,N,43,1CYCCK4858T048702,2008,10,208,763,106,N,,1,1,6,0,6,,,,,,,N,,,,,,,,,,,,,,,,,,,,,,0,,,,,,,,,,11,1,0,0,0,1,0,0,0,,,,,,,,
17241585,2,1,N,N,43,3LNHL2GCXAR601225,2010,2,113,2452,104,N,78744,1,1,2,2,12,,,,,,,N,,,,,,,,,,,,,,,,,,,,,,0,,,,,,,,,,11,1,0,0,0,1,0,0,0,,,,,,,,
17241801,1,1,N,N,43,5XXGM4A76FG406748,2015,5,55,715,104,N,78724,1,2,16,4,3,,,,N,STARS TOWING,STARS TOWING,N,,,,,,,,,,,,,,,,,,,,,,37,,,,,,,,,,2,1,0,0,1,0,0,1,0,,,,,,,,
17241801,2,1,N,N,35,1GKS2HKJ9HR333073,2017,9,39,3093,69,N,78703,1,2,2,3,12,,,,Y,A & A WRECKER NORTH,A & A WRECKER NORTH,N,,,,,,,,,,,,,,,,,,,,,,0,,,,,,,,,,6,1,0,1,0,0,0,1,0,,,,,,,,
17241864,1,1,N,N,43,4T1BK36B36U124399,2006,8,91,563,104,N,78616,2,,4,3,1,,,,Y,BULLDOG RECOVERY: 512-402-4006,"2311 W HOWARD LN, AUSTIN 78728",N,,,,,,,,,,,,,,,,,,,,,,43,41,,,,,,,,,4,1,0,0,0,1,0,0,0,,,,,,,,
17241902,1,1,N,Y,43,JHMCM56397C024515,2007,2,44,236,104,N,78752,1,1,1,1,1,,,,Y,EAGLE TOWING,"610 W FRONT ST SUITE 300, HUTTO, TX 7863",N,,,,,,,,,,,,,,,,,,,,,,22,43,,,,,,,,,1,1,0,0,0,2,1,0,0,,,,,,,,
17241902,2,1,Y,N,43,JN8AZ08T73W121445,2003,17,71,777,104,N,78758,1,1,1,1,1,,,,N,,,N,,,,,,,,,,,,,,,,,,,,,,0,,,,,,,,,,5,1,0,0,0,0,0,0,0,,,,,,,,
17242071,1,1,N,N,43,3N1AB7AP6KY369749,2019,3,71,341,104,N,74134,1,7,1,5,12,,,,Y,K&S TOWING,"721 W FM 1626 MANCHACA, TX 78652",N,,,,,,,,,,,,,,,,,,,,,,15,,,,,,,,,,3,1,0,0,1,0,0,1,0,,,,,,,,
17242071,2,1,N,N,43,1GCEC14W3WZ224269,1998,11,107,2202,30,N,76571,1,2,9,3,9,,,,N,SELF,DROVE AWAY,N,,,,,,,,,,,,,,,,,,,,,,,,,66,,,,,,,5,1,0,0,0,1,0,0,0,,,,,,,,
17242079,1,1,N,N,43,JTHBK1EG0B2432513,2011,2,58,1052,104,N,78723,1,2,2,1,12,,,,N,AVILES & GABES WRECKER SERVICE INC.,AVILES & GABES WRECKER SERVICE INC.,N,,,,,,,,,,,,,,,,,,,,,,77,,,,,,,,,,5,1,0,1,0,0,0,1,0,,,,,,,,
17242079,2,1,N,N,43,1GNSCAE0XDR321213,2013,8,107,547,69,N,78754,1,2,6,2,6,,,,N,,,N,,,,,,,,,,,,,,,,,,,,,,0,,,,,,,,,,5,1,0,0,0,1,0,0,0,,,,,,,,
17242080,1,1,N,N,43,3GNEC13T03G344301,2003,21,107,730,30,N,,1,2,7,1,7,,,,N,,,N,,,,,,,,,,,,,,,,,,,,,,,,,4,,,,,,,1,1,0,0,0,1,0,0,0,,,,,,,,
17242080,2,1,N,N,43,WMEEJ3BA9EK749595,2014,21,570,2001,100,N,78634,1,2,4,4,1,6,3,9,N,,,N,,,,,,,,,,,,,,,,,,,,,,0,,,,,,,,,,1,1,0,0,0,1,0,0,0,,,,,,,,
17242081,1,1,N,Y,43,YV440MDC0F2604249,2015,2,98,,69,N,78216,2,,,,,,,,N,,,N,,,,,,,,,,,,,,,,,,,,,,0,,,,,,,,,,1,1,0,0,0,0,0,0,0,,,,,,,,
17242081,2,4,,,,,,,,,,,,,,,,,,,,,,,,,,,,,,,,,,,,,,,,,,,,,59,,,,,,,,,,9,1,0,0,1,0,0,1,0,,,,,,,,
17242082,1,1,N,Y,,,,8,37,995,104,N,,,,,,,,,,,,,N,,,,,,,,,,,,,,,,,,,,,,74,,,,,,,,,,5,1,0,0,0,0,1,0,0,,,,,,,,
17242082,2,1,Y,N,43,5NPEU46F58H384241,2008,3,45,462,104,N,78758,1,1,2,5,12,,,,N,,,N,,,,,,,,,,,,,,,,,,,,,,0,,,,,,,,,,1,1,0,0,0,0,1,0,0,,,,,,,,
17242083,1,1,N,N,43,WBADM6345YGU29626,2000,16,14,589,104,N,78750,2,,1,6,12,,,,Y,620 LAKESIDE TOWING,620 LAKESIDE TOWING,N,,,,,,,,,,,,,,,,,,,,,,20,40,,,,,,,,,2,1,0,0,0,1,0,0,0,,,,,,,,
17242084,1,1,N,N,43,JM1BL1U72D1753963,2013,17,63,1210,104,N,78641,1,2,5,2,6,,,,N,NA,NA,N,,,,,,,,,,,,,,,,,,,,,,44,,,,,,,,,,11,1,0,1,0,0,0,1,0,,,,,,,,
17242084,2,1,N,Y,113,,,99,,,0,N,,,,,,,,,,N,,,N,,,,,,,,,,,,,,,,,,,,,,0,,,,,,,,,,11,1,0,0,0,0,1,0,0,,,,,,,,
17242085,1,1,N,N,43,4F4YR16X3WTM45592,1998,10,63,2470,30,N,78749,2,,2,6,12,,,,N,EZ AUTO AND TOWING SERVICE,EZ AUTO AND TOWING SERVICE,N,,,,,,,,,,,,,,,,,,,,,,0,,,,,,,,,,1,1,0,0,0,1,0,0,0,,,,,,,,
17242085,2,1,N,N,43,5TBET34185S484515,2005,2,91,687,30,N,78747,1,1,8,3,6,,,,N,CLARK AUTO CARE,CLARK AUTO CARE,N,,,,,,,,,,,,,,,,,,,,,,0,,,,,,,,,,3,1,0,0,0,3,0,0,0,,,,,,,,
17242086,1,1,N,N,43,57XAAPFA0G5107418,2016,2,529,1960,71,N,73301,1,2,26,1,,,,,N,620 LAKESIDE TOWING,620 LAKESIDE TOWING,N,,,,,,,,,,,,,,,,,,,,,,0,,,,,,,,12,,6,1,0,1,0,0,0,1,0,,,,,,,,
17242087,1,1,N,N,43,ML32F4FJXJHF12128,2018,21,68,389,104,N,78664,2,,2,5,1,,,,N,620 LAKESIDE TOWING,620 LAKESIDE TOWING,N,,,,,,,,,,,,,,,,,,,,,,37,,,,,,,,,,6,1,0,0,0,1,0,0,0,,,,,,,,
17242087,2,1,N,N,43,1C4BJWDG4GL327574,2016,21,429,3662,104,N,76548,1,2,3,4,11,,,,N,620 LAKESIDE TOWING,620 LAKESIDE TOWING,N,,,,,,,,,,,,,,,,,,,,,,0,,,,,,,,,,2,1,0,0,0,1,0,0,0,,,,,,,,
17242088,1,1,N,N,43,JTDKN3DU4E1835920,2014,10,91,702,104,N,78731,1,2,2,4,12,,,,N,,,N,,,,,,,,,,,,,,,,,,,,,,34,,,,,,,,,,1,1,0,1,0,1,0,1,0,,,,,,,,
17242088,2,1,N,N,43,5TDKA3DC1CSO14342,2012,21,91,648,103,N,78754,1,2,8,5,3,,,,N,,,N,,,,,,,,,,,,,,,,,,,,,,0,,,,,,,,,,7,1,0,2,0,0,0,2,0,,,,,,,,
17242088,3,1,N,N,43,1HA6GUBGXHN009256,2017,21,283,1718,103,N,78702,1,2,15,5,7,,,,N,,,N,,,,,,,,,,,,,,,,,,,,,,34,,,,,,,,,,7,2,0,1,0,1,0,1,0,,,,,,,,
17242089,1,1,N,N,43,JTDKN3DU3A0010743,2010,21,91,702,104,N,78751,1,1,9,5,8,,,,N,EZ AUTO AND TOWING SERVICE,EZ AUTO AND TOWING SERVICE,N,,,,,,,,,,,,,,,,,,,,,,20,,,,,,,,,,8,1,0,0,2,0,0,2,0,,,,,,,,
17242089,2,1,N,N,43,4S4BSACC2H3335278,2017,3,85,1268,69,N,78758,1,1,2,4,12,,,,N,EZ AUTO AND TOWING SERVICE,EZ AUTO AND TOWING SERVICE,N,,,,,,,,,,,,,,,,,,,,,,0,,,,,,,,,,2,1,0,0,1,0,0,1,0,,,,,,,,
17242090,1,1,N,N,43,JHMAP21494T003236,2004,,44,698,100,N,78749,1,2,2,5,12,8,3,5,N,SPECIAL AUTOMOTIVE SERVICE INC,SPECIAL AUTOMOTIVE SERVICE INC,N,,,,,,,,,,,,,,,,,,,,,,22,45,,,,,,,,,7,1,0,0,1,0,0,1,0,,,,,,,,
17242090,2,1,Y,N,43,WBA3B1G50ENS79844,2014,17,14,2165,104,N,78681,1,2,7,3,7,,,,N,,,N,,,,,,,,,,,,,,,,,,,,,,0,,,,,,,,,,3,1,0,0,0,1,0,0,0,,,,,,,,
17242091,1,1,N,N,43,1FTRF12W08KB29921,2008,21,37,2324,30,N,78660,1,1,15,3,10,,,,N,,,N,,,,,,,,,,,,,,,,,,,,,,3,,,,,,,,,,8,1,0,0,0,1,0,0,0,,,,,,,,
17242092,1,1,N,N,43,2G1FB1EV2A9146995,2010,2,107,46,100,N,78634,1,1,2,7,12,,,,Y,,,N,,,,,,,,,,,,,,,,,,,,,,19,,,,,,,,,,4,1,0,0,0,1,0,0,0,,,,,,,,
17242092,2,1,N,N,43,1G1RB6E45FU132245,2015,2,107,2257,104,N,78732,1,1,6,6,6,1,3,12,Y,,,N,,,,,,,,,,,,,,,,,,,,,,0,,,,,,,,,,4,1,0,0,0,1,0,0,0,,,,,,,,
17242092,3,1,N,N,43,JF1ZNAA13D1706875,2013,13,91,4331,104,N,78726,1,1,2,6,12,6,5,6,Y,620 LAKESIDE TOWING,620 LAKESIDE TOWING,N,,,,,,,,,,,,,,,,,,,,,,0,,,,,,,,,,4,2,0,0,0,1,0,0,0,,,,,,,,
17242092,4,1,N,N,43,5NPEC4AC4DH576079,2013,2,45,462,104,N,78727,1,1,5,4,6,1,1,12,N,,,N,,,,,,,,,,,,,,,,,,,,,,0,,,,,,,,,,4,2,0,0,0,1,0,0,0,,,,,,,,
17242092,5,1,N,N,43,1FATP8FF1K5192592,2019,3,37,96,100,N,78727,1,1,5,1,6,,,,N,,,N,,,,,,,,,,,,,,,,,,,,,,0,,,,,,,,,,4,2,0,0,0,1,0,0,0,,,,,,,,
17242093,1,1,N,N,43,5TDYK4CCXAS297366,2010,17,91,648,103,N,78613,1,1,28,7,,1,4,12,Y,,,N,,,,,,,,,,,,,,,,,,,,,,44,,,,,,,,,,4,1,0,0,0,1,0,0,0,,,,,,,,
17242093,2,1,N,N,43,1FTEW1CM2DFB19289,2013,21,37,101,30,N,78628,1,1,5,1,6,,,,N,,,N,,,,,,,,,,,,,,,,,,,,,,0,,,,,,,,,,4,1,0,0,0,1,0,0,0,,,,,,,,
17242094,1,1,N,N,43,2B3CJ5DT3AH289546,2010,2,109,73,100,N,78724,1,2,1,6,12,,,,N,STARS TOWING,STARS TOWING,N,,,,,,,,,,,,,,,,,,,,,,0,,,,,,,,,,5,1,0,0,1,1,0,1,0,,,,,,,,
17242094,2,1,N,N,43,1FTEW1C87AFD03822,2010,3,37,2324,30,N,78741,1,2,5,1,6,,,,N,,,N,,,,,,,,,,,,,,,,,,,,,,0,,,,,,,,,,5,1,0,0,1,1,0,1,0,,,,,,,,
17242095,1,1,N,N,43,5FNYF18487B010320,2007,9,44,761,69,N,78759,1,2,2,4,1,,,,N,NA,NA,N,,,,,,,,,,,,,,,,,,,,,,37,,,,,,,,,,8,1,0,0,0,1,0,0,0,,,,,,,,
17242095,2,3,,,,,,,,,,,,,,,,,,,,,,,,,,,,,,,,,,,,,,,,,,,,,0,,,,,,,,,,9,1,0,1,0,0,0,1,0,,,,,,,,
17242096,1,1,N,N,43,JTEBU5JRXK5649894,2019,17,91,395,69,N,78701,1,2,2,6,12,,,,,ATX-VIP TOWING SERVICES,IMPOUND,N,,,,,,,,,,,,,,,,,,,,,,0,,,,,,,,,,6,1,0,0,0,1,0,0,0,,,,,,,,
17242096,2,1,N,N,43,WVWBR71K87W065452,2007,3,96,217,100,N,78725,1,2,6,6,6,2,6,12,,SPECIAL AUTOMOTIVE SERVICE INC,OWNERS RESIDENCE/REQUEST,N,,,,,,,,,,,,,,,,,,,,,,0,,,,,,,,,,6,1,0,0,0,1,0,0,0,,,,,,,,
17242096,3,1,N,N,43,4JGDA5HBXHA931737,2017,2,65,848,69,N,78702,1,2,6,5,6,,,,N,ATX-VIP TOWING SERVICES,IMPOUND,N,,,,,,,,,,,,,,,,,,,,,,20,22,,,,,,,,,6,2,0,0,0,1,0,0,0,,,,,,,,
17242097,1,1,N,N,43,3AKJHTDV4JSKB0081,2018,,38,1524,106,N,77021,1,1,,,,,,,N,,,N,,,,,,,,,,,,,,,,,,,,,,74,,,,,,,,,,7,1,0,0,0,1,0,0,0,,,,,,,,
17242097,2,1,N,N,43,JN1CV6AP2DM722486,2013,,47,1102,104,N,78746,1,1,3,3,10,,,,,,,N,,,,,,,,,,,,,,,,,,,,,,74,,,,,,,,,,7,1,0,0,0,1,0,0,0,,,,,,,,
17242097,3,6,,,,,,,,,,,77021,,,,,,,,,,,,,,,,,,,,,,,,,,,,,,,,,,0,,,,,,,,,,9,2,0,0,0,0,0,0,0,,,,,,,,
17242098,1,1,N,N,43,1G4CW54K734127261,2003,3,105,1271,104,N,78641,1,2,2,2,12,,,,N,,,N,,,,,,,,,,,,,,,,,,,,,,44,,,,,,,,,,4,1,0,0,0,1,0,0,0,,,,,,,,
17242098,2,1,N,N,43,4T1BF1FK7HU390617,2017,9,91,380,104,N,78641,1,2,6,1,7,,,,N,,,N,,,,,,,,,,,,,,,,,,,,,,0,,,,,,,,,,4,1,0,0,0,1,0,0,0,,,,,,,,
17242099,1,1,N,N,43,4T1BF1FK2CU039607,2012,2,91,380,104,N,78721,1,1,12,2,2,,,,,ROCHAS TOWING SERVICE,ROCHAS TOWING SERVICE,N,,,,,,,,,,,,,,,,,,,,,,16,,,,,,,,,,3,1,0,0,0,2,0,0,0,,,,,,,,
17242099,2,1,N,N,43,KNDJN2A22K7019712,2019,21,55,1357,104,N,78659,1,1,11,2,10,,,,,ATX-VIP TOWING SERVICES,ATX-VIP TOWING SERVICES,N,,,,,,,,,,,,,,,,,,,,,,0,,,,,,,,,,1,1,0,0,0,1,0,0,0,,,,,,,,
17242101,1,1,N,N,43,5TFAZ5CN7GX010766,2016,16,91,629,30,N,77632,1,2,8,2,5,,,,N,,,N,,,,,,,,,,,,,,,,,,,,,,0,,,,,,,,,,7,1,0,0,1,0,0,1,0,,,,,,,,
17242101,2,1,N,N,43,1GCRCREC4JZ313488,2018,21,107,2236,30,N,78644,1,2,1,4,12,,,,N,,,N,,,,,,,,,,,,,,,,,,,,,,0,,,,,,,,,,7,1,0,0,1,0,0,1,0,,,,,,,,
17242108,1,1,N,N,43,3HGCM56344G703135,2004,2,44,236,104,N,78723,1,1,4,0,12,,,,,,,N,,,,,,,,,,,,,,,,,,,,,,0,,,,,,,,,,1,1,0,0,0,2,0,0,0,,,,,,,,
17242108,2,4,,,,,,,,,,,,,,,,,,,,,,,,,,,,,,,,,,,,,,,,,,,,,74,,,,,,,,,,9,1,0,0,1,0,0,1,0,,,,,,,,
17242126,1,1,N,N,43,2CTALFEWXA6383339,2010,2,39,1392,69,N,78704,2,,2,1,11,,,,N,,,N,,,,,,,,,,,,,,,,,,,,,,40,,,,,,,,,,8,1,0,0,0,1,0,0,0,,,,,,,,
17242126,2,1,Y,N,43,2GCEC19V321409554,2002,1,107,2202,30,N,78744,1,2,6,1,6,,,,N,,,N,,,,,,,,,,,,,,,,,,,,,,0,,,,,,,,,,8,1,0,0,0,0,0,0,0,,,,,,,,
17242129,1,1,N,N,43,KL7CJKSB9GB560163,2016,2,107,2248,69,N,78747,1,2,3,4,12,,,,,EZ AUTO AND TOWING SERVICE,EZ AUTO AND TOWING SERVICE,N,,,,,,,,,,,,,,,,,,,,,,15,,,,,,,,,,3,1,0,0,0,1,0,0,0,,,,,,,,
17242129,2,1,N,N,43,1D7HU18D03S261082,2003,3,109,2275,30,N,78724,1,2,16,4,3,,,,,,,N,,,,,,,,,,,,,,,,,,,,,,0,,,,,,,,,,4,1,1,0,0,0,0,1,0,,,,,,,,
17242130,1,1,N,N,43,WDBRF40J64A548332,2004,11,65,118,104,N,78754,1,2,2,3,,,,,Y,AVILES & GABES WRECKER SERVICE INC.,AVILES & GABES WRECKER SERVICE INC.,N,,,,,,,,,,,,,,,,,,,,,,62,,,,,,,,,,8,1,0,0,0,1,0,0,0,,,,,,,,
17242131,1,1,N,N,43,1G2ZG57N994131052,2009,16,118,1104,104,N,78613,1,2,3,3,11,7,2,7,Y,ATX-VIP TOWING SERVICES,ATX-VIP TOWING SERVICES,N,,,,,,,,,,,,,,,,,,,,,,0,,,,,,,,,,5,1,0,0,1,0,0,1,0,,,,,,,,
17242131,2,1,N,Y,,,,,,,92,N,,,,,,,,,,,,,N,,,,,,,,,,,,,,,,,,,,,,0,,,,,,,,,,5,1,0,0,0,0,0,0,0,,,,,,,,
17242132,1,1,N,N,43,1HGCV1F14JA247510,2018,3,44,236,104,N,75016,1,1,13,2,10,,,,N,,,N,,,,,,,,,,,,,,,,,,,,,,0,,,,,,,,,,5,1,0,1,0,0,0,1,0,,,,,,,,
17242132,2,1,N,N,43,1XKZDP9X1GJ488193,2016,5,447,1879,106,N,78741,1,1,12,1,4,,,,N,,,N,,,,,,,,,,,,,,,,,,,,,,0,,,,,,,,,,5,1,0,0,0,1,0,0,0,,,,,,,,
17242133,1,1,N,N,43,5NPD74LF8HH136105,2017,17,45,480,104,N,85036,1,1,2,3,12,,,,N,620 LAKESIDE TOWING,620 LAKESIDE TOWING,N,,,,,,,,,,,,,,,,,,,,,,,,,34,,,,,,,2,1,0,0,0,1,0,0,0,,,,,,,,
17242133,2,1,N,N,43,3FAHP0JG7CR150756,2012,2,37,1097,104,N,76527,1,1,15,3,9,,,,N,,,N,,,,,,,,,,,,,,,,,,,,,,0,,,,,,,,,,8,1,0,0,0,1,0,0,0,,,,,,,,
17242134,1,1,N,N,43,5UXKR2C5XE0H31593,2014,9,14,689,69,N,78746,1,2,2,3,12,,,,N,SPECIAL AUTOMOTIVE SERVICE INC,SPECIAL AUTOMOTIVE SERVICE INC,N,,,,,,,,,,,,,,,,,,,,,,44,,,,,,,,,,5,1,0,0,0,1,0,0,0,,,,,,,,
17242134,2,1,N,N,43,5UXWX7C52BL735262,2011,17,14,1466,69,N,,1,2,6,3,6,,,,N,NOT TOWED,,N,,,,,,,,,,,,,,,,,,,,,,0,,,,,,,,,,5,1,0,0,0,1,0,0,0,,,,,,,,
17242135,1,1,N,N,43,JALB4W171G7F01431,2016,21,49,2403,30,N,78628,1,1,5,1,6,,,,N,,,N,,,,,,,,,,,,,,,,,,,,,,4,20,,,,,,,,,1,1,0,0,0,1,0,0,0,,,,,,,,
17242135,2,1,N,N,43,1GTN1TEX2CZ230505,2012,21,39,3080,30,N,78745,1,1,2,3,12,,,,N,STARS TOWING,STARS TOWING,N,,,,,,,,,,,,,,,,,,,,,,0,,,,,,,,,,1,1,0,0,0,1,0,0,0,,,,,,,,
17242137,1,1,N,N,43,WDBHA24G2XA794344,1999,21,65,671,0,N,78734,1,1,3,3,11,,,,,620 LAKESIDE TOWING,620 LAKESIDE TOWING,N,,,,,,,,,,,,,,,,,,,,,,20,,,,,,,,,,5,1,0,0,0,0,1,0,0,,,,,,,,
17242137,2,1,N,N,43,JM3ER2C56B0393642,2011,11,63,1008,0,N,78747,1,1,8,3,5,,,,,ARMADA TOWING,ARMADA TOWING,N,,,,,,,,,,,,,,,,,,,,,,0,,,,,,,,,,5,1,0,0,1,0,0,1,0,,,,,,,,
17242138,1,1,N,N,43,1G1BC5SM4H7108050,2017,2,107,2209,104,N,78745,1,2,3,3,10,,,,N,,,N,,,,,,,,,,,,,,,,,,,,,,20,,,,,,,,,,1,1,0,1,0,0,0,1,0,,,,,,,,
17242138,2,1,N,N,43,7FARW5H34HE005124,2017,11,44,605,104,N,78744,1,2,3,3,10,,,,Y,A-TEX TOWING,ATX-VIP TOWING SERVICES,N,,,,,,,,,,,,,,,,,,,,,,0,,,,,,,,,,5,1,0,2,0,0,0,2,0,,,,,,,,
17242139,1,1,N,N,43,2HGFA16639H525847,2009,17,44,256,104,N,78753,2,,3,5,10,,,,N,,,N,,,,,,,,,,,,,,,,,,,,,,0,,,,,,,,,,7,1,0,0,1,1,0,1,0,,,,,,,,
17242139,2,1,N,N,43,1G1FB1RS4J0117301,2018,16,107,46,100,N,78752,1,2,4,3,12,,,,N,,,N,,,,,,,,,,,,,,,,,,,,,,0,,,,,,,,,,1,1,0,0,1,1,0,1,0,,,,,,,,
17242141,1,1,N,N,43,3GYFNCE37ES634514,2014,2,106,1373,69,N,78617,1,1,4,4,1,,,,Y,ROCHAS TOWING SERVICE,ROCHAS TOWING SERVICE,N,,,,,,,,,,,,,,,,,,,,,,38,,,,,,,,,,7,1,0,0,0,1,0,0,0,,,,,,,,
17242141,2,1,N,N,43,JM1BK143471615720,2007,9,63,3917,104,N,78705,1,1,2,6,12,,,,Y,AVILES & GABES WRECKER SERVICE INC.,AVILES & GABES WRECKER SERVICE INC.,N,,,,,,,,,,,,,,,,,,,,,,0,,,,,,,,,,5,1,0,1,0,0,0,1,0,,,,,,,,
17242142,1,1,N,N,43,1NXBR32E17Z791601,2007,9,91,173,104,N,78717,1,2,2,3,12,,,,N,620 LAKESIDE TOWING,620 LAKESIDE TOWING,N,,,,,,,,,,,,,,,,,,,,,,74,,,,,,,,,,8,1,0,4,0,0,0,4,0,,,,,,,,
17242142,2,1,N,N,43,WBA3A5C50DJ462084,2013,9,14,652,104,N,78727,1,2,12,2,1,,,,N,EZ AUTO AND TOWING SERVICE,EZ AUTO AND TOWING SERVICE,N,,,,,,,,,,,,,,,,,,,,,,0,,,,,,,,,,4,1,0,0,0,1,0,0,0,,,,,,,,
17242143,1,1,N,N,43,1FTEW1CP0FKD25439,2015,2,37,2324,30,N,78744,1,2,3,0,12,,,,,,,N,,,,,,,,,,,,,,,,,,,,,,0,,,,,,,,,,3,1,0,0,0,1,0,0,0,,,,,,,,
17242143,2,3,,,,,,,,,,,,,,,,,,,,,,,,,,,,,,,,,,,,,,,,,,,,,,,,16,,,,,,,9,1,0,1,0,0,0,1,0,,,,,,,,
17242144,1,1,N,N,43,2G1FD1E37F9123101,2015,21,107,46,100,N,78741,2,,2,1,12,,,,Y,SOUTHSIDE WRECKER INC,8200 S. CONGRESS AVE,N,,,,,,,,,,,,,,,,,,,,,,67,40,20,,,,,,,,6,1,0,0,0,1,0,0,0,,,,,,,,
17242144,2,1,N,N,43,1FM5K8AR8HGB16038,2017,2,37,554,104,Y,78702,1,7,2,0,12,,,,N,,,N,,,,,,,,,,,,,,,,,,,,,,0,,,,,,,,,,6,1,0,0,0,2,0,0,0,,,,,,,,