Crash_ID,Unit_Nbr,Unit_Desc_ID,Veh_Parked_Fl,Veh_HNR_Fl,Veh_Lic_State_ID,VIN,Veh_Mod_Year,Veh_Color_ID,Veh_Make_ID,Veh_Mod_ID,Veh_Body_Styl_ID,Emer_Respndr_Fl,Ownr_Zip,Fin_Resp_Proof_ID,Fin_Resp_Type_ID,Veh_Dmag_Area_1_ID,Veh_Dmag_Scl_1_ID,Force_Dir_1_ID,Veh_Dmag_Area_2_ID,Veh_Dmag_Scl_2_ID,Force_Dir_2_ID,Veh_Inventoried_Fl,Veh_Transp_Name,Veh_Transp_Dest,Veh_Cmv_Fl,Cmv_Fiveton_Fl,Cmv_Hazmat_Fl,Cmv_Nine_Plus_Pass_Fl,Cmv_Veh_Oper_ID,Cmv_Carrier_ID_Type_ID,Cmv_Carrier_Zip,Cmv_Veh_Type_ID,Cmv_GVWR,Cmv_RGVW,Cmv_Hazmat_Rel_Fl,Hazmat_Cls_1_ID,Hazmat_IDNbr_1_ID,Hazmat_Cls_2_ID,Hazmat_IDNbr_2_ID,Cmv_Cargo_Body_ID,Cmv_Evnt1_ID,Cmv_Evnt2_ID,Cmv_Evnt3_ID,Cmv_Evnt4_ID,Cmv_Tot_Axle,Cmv_Tot_Tire,Contrib_Factr_1_ID,Contrib_Factr_2_ID,Contrib_Factr_3_ID,Contrib_Factr_P1_ID,Contrib_Factr_P2_ID,Veh_Dfct_1_ID,Veh_Dfct_2_ID,Veh_Dfct_3_ID,Veh_Dfct_P1_ID,Veh_Dfct_P2_ID,Veh_Trvl_Dir_ID,First_Harm_Evt_Inv_ID,Sus_Serious_Injry_Cnt,Nonincap_Injry_Cnt,Poss_Injry_Cnt,Non_Injry_Cnt,Unkn_Injry_Cnt,Tot_Injry_Cnt,Death_Cnt,Cmv_Disabling_Damage_Fl,Cmv_Bus_Type_ID,Trlr_GVWR,Trlr_RGVW,Trlr_Type_ID,Trlr_Disabling_Dmag_ID,Cmv_Intermodal_Container_Permit_Fl,CMV_Actual_Gross_Weight
17242145,1,1,N,N,43,JHMFC1F81JX003887,2018,21,44,256,104,N,78748,1,2,4,3,12,,,,N,HARPERS TOWING SERVICE INC,HARPERS TOWING SERVICE INC,N,,,,,,,,,,,,,,,,,,,,,,20,,,,,,,,,,3,1,0,0,0,1,0,0,0,,,,,,,,
17242145,2,1,N,N,43,1FAFP241X6G163183,2006,11,37,101,104,N,78744,1,2,6,2,6,,,,N,,,N,,,,,,,,,,,,,,,,,,,,,,0,,,,,,,,,,3,1,0,0,1,1,0,1,0,,,,,,,,
17242146,1,1,N,N,43,5N1ED28T64C658796,2004,2,71,694,69,N,78629,1,2,11,5,9,,,,Y,SOUTHSIDE WRECKER INC,8200 S. CONGRESS AVE,N,,,,,,,,,,,,,,,,,,,,,,,,,60,41,,,,,,7,1,1,0,0,0,0,1,0,,,,,,,,
17242147,1,1,N,N,43,1N4AL24EX9C181591,2009,9,71,500,104,N,77840,1,2,2,1,1,,,,N,NOT TOWED,NOT TOWED,N,,,,,,,,,,,,,,,,,,,,,,0,,,,,,,,,,5,1,0,0,0,1,0,0,0,,,,,,,,
17242147,2,1,N,N,43,JTEZU14R260071893,2006,8,91,395,104,N,78741,1,2,14,1,5,,,,N,NOT TOWED,NOT TOWED,N,,,,,,,,,,,,,,,,,,,,,,0,,,,,,,,,,8,1,0,0,1,0,0,1,0,,,,,,,,
17242148,1,1,N,N,43,5FNRL38847B124892,2007,17,44,571,103,N,78744,1,2,9,6,9,,,,Y,EZ AUTO AND TOWING SERVICE,EZ AUTO AND TOWING SERVICE,N,,,,,,,,,,,,,,,,,,,,,,20,34,,,,,,,,,2,1,0,0,0,0,0,0,1,,,,,,,,
17242148,2,1,N,N,43,WDBNG75J4YA044583,2000,21,65,676,104,N,78621,1,2,2,6,12,,,,Y,A-TEX TOWING,A-TEX TOWING,N,,,,,,,,,,,,,,,,,,,,,,0,,,,,,,,,,4,1,0,1,0,0,0,1,0,,,,,,,,
17242148,3,1,N,N,43,1FTFW1CF8BFD09178,2011,2,37,2324,30,N,78745,4,2,,,,,,,N,,,N,,,,,,,,,,,,,,,,,,,,,,0,,,,,,,,,,8,2,0,0,0,1,0,0,0,,,,,,,,
17242149,1,1,N,N,43,JM1BL1W77C1673392,2012,21,63,3917,104,N,78753,1,1,2,4,12,,,,Y,STARS TOWING,STARS TOWING,N,,,,,,,,,,,,,,,,,,,,,,74,,,,,,,,,,5,1,0,0,0,1,0,0,0,,,,,,,,
17242149,2,1,N,N,43,YV4952DL6D2424587,2013,2,98,1468,104,N,78741,1,1,7,0,6,,,,N,,,N,,,,,,,,,,,,,,,,,,,,,,0,,,,,,,,,,5,1,0,0,0,1,0,0,0,,,,,,,,
17242151,1,1,N,Y,43,4JGCB65E17A049156,2007,17,65,1300,69,N,78704,2,,,,,,,,Y,AUS-TEX AUTO ENTERPRISES LLC,AUS-TEX AUTO ENTERPRISES LLC,N,,,,,,,,,,,,,,,,,,,,,,74,,,,,,,,,,2,1,0,0,0,0,1,0,0,,,,,,,,
17242151,2,1,N,N,43,JM3KE4CY5G0826783,2016,9,63,2471,69,N,78757,1,1,10,1,3,,,,N,,,N,,,,,,,,,,,,,,,,,,,,,,0,,,,,,,,,,2,1,0,0,0,1,0,0,0,,,,,,,,
17242152,1,1,N,N,43,1FTYR2XG5GKA52896,2016,3,37,2992,103,N,,3,2,3,0,10,,,,N,,,N,,,,,,,,,,,,,,,,,,,,,,35,,,,,,,,,,4,1,0,0,0,0,1,0,0,,,,,,,,
17242152,2,1,N,N,43,JHLRD68505C019817,2005,9,44,605,104,N,78730,1,2,12,2,3,,,,N,ARMADA TOWING SOUTH,ARMADA TOWING SOUTH,N,,,,,,,,,,,,,,,,,,,,,,0,,,,,,,,,,6,1,0,0,0,1,0,0,0,,,,,,,,
17242153,1,1,N,N,43,JM1BK12F481795344,2008,17,63,1210,104,N,78745,1,1,2,3,12,,,,N,ARMADA TOWING,ARMADA TOWING,N,,,,,,,,,,,,,,,,,,,,,,15,,,,,,,,,,7,1,0,0,0,1,0,0,0,,,,,,,,
17242153,2,1,N,N,43,JM1DKDD70H0169960,2017,11,63,2471,69,N,78759,1,2,9,3,9,,,,N,620 LAKESIDE TOWING,620 LAKESIDE TOWING,N,,,,,,,,,,,,,,,,,,,,,,0,,,,,,,,,,5,1,0,0,0,1,0,0,0,,,,,,,,
17242155,1,1,N,N,43,4S3BH806847634044,2004,21,85,1268,104,N,78753,2,,2,3,12,,,,Y,LAMONT & SONS,LAMONT & SONS,N,,,,,,,,,,,,,,,,,,,,,,77,,,,,,,,,,1,1,0,0,0,1,0,0,0,,,,,,,,
17242156,1,1,N,N,43,5YFBURHE1FP249701,2015,9,91,173,104,N,78653,1,1,2,3,12,,,,N,DRIVEN FROM SCENE,BY DRIVER,N,,,,,,,,,,,,,,,,,,,,,,44,,,40,,,,,,,7,1,0,0,0,1,0,0,0,,,,,,,,
17242156,2,1,N,N,43,3FA6P0HD6HR406802,2017,9,37,1097,104,N,78753,1,1,6,2,6,,,,N,DRIVEN FROM SCENE,BY DRIVER,N,,,,,,,,,,,,,,,,,,,,,,0,,,,,,,,,,7,1,0,0,0,1,0,0,0,,,,,,,,
17242195,1,1,N,N,43,2FMDK39C78BA62978,2008,2,37,1035,104,N,75088,1,2,3,3,11,,,,N,EZ AUTO AND TOWING SERVICE,EZ AUTO AND TOWING SERVICE,N,,,,,,,,,,,,,,,,,,,,,,34,,,,,,,,,,8,1,0,0,0,1,0,0,0,,,,,,,,
17242195,2,1,N,N,43,1FMCU0H99DUB16036,2013,17,37,711,104,N,78751,1,2,4,3,1,,,,N,CLARK AUTO CARE,CLARK AUTO CARE,N,,,,,,,,,,,,,,,,,,,,,,0,,,,,,,,,,2,1,0,0,0,1,0,0,0,,,,,,,,
17242196,1,1,N,N,43,3KPFL4A7XJE206472,2018,11,55,1093,104,N,78701,1,1,3,6,12,,,,N,SOUTHSIDE WRECKER INC,8200 S. CONGRESS AVE,N,,,,,,,,,,,,,,,,,,,,,,0,,,,,,,,,,3,1,0,0,0,1,0,0,0,,,,,,,,
17242196,2,1,N,N,43,1N4AL3AP6HN318220,2017,21,71,500,104,N,78744,1,1,15,5,12,,,,N,A-TEX TOWING,5526 1/2 W HWY 290,N,,,,,,,,,,,,,,,,,,,,,,0,,,,,,,,,,7,1,0,0,0,2,0,0,0,,,,,,,,
17242197,1,1,N,N,43,1J4GK48K22W171638,2002,21,429,1181,69,N,78801,1,1,13,1,9,11,1,9,N,AVILES & GABES WRECKER SERVICE INC.,12101 N LAMAR BLVD,N,,,,,,,,,,,,,,,,,,,,,,0,,,,,,,,,,5,1,0,0,0,1,0,0,0,,,,,,,,
17242198,1,1,N,N,43,5TDKK4CC1AS310253,2010,3,91,648,103,N,78704,1,1,4,3,1,,,,N,,,N,,,,,,,,,,,,,,,,,,,,,,20,,,,,,,,,,5,1,0,0,1,0,0,1,0,,,,,,,,
17242198,2,1,N,N,43,1YVHZ8CH0B5M09513,2011,3,63,2475,104,N,78748,1,1,14,6,4,,,,N,SPECIAL AUTOMOTIVE SERVICE INC,SPECIAL AUTOMOTIVE SERVICE INC,N,,,,,,,,,,,,,,,,,,,,,,0,,,,,,,,,,7,1,0,0,1,0,0,1,0,,,,,,,,
17242199,1,1,N,N,43,YV1LS5544W1492061,1998,2,98,1325,104,N,79331,1,2,2,5,12,6,5,6,,CLARK AUTO CARE,CLARK AUTO CARE,N,,,,,,,,,,,,,,,,,,,,,,22,,,,,,,,,,1,1,0,1,0,0,0,1,0,,,,,,,,
17242199,2,1,N,N,43,3AKJGBDV2FDGJ1533,2015,16,38,1524,87,N,53511,1,2,,,,,,,,,,Y,Y,N,N,2,2,53511,9,80000,0,N,,,,,5,13,,,,,,0,,,,,,,,,,1,1,0,0,0,1,0,0,0,N,0,,,,,N,
17242199,3,6,,,,,,,,,,,53511,,,,,,,,,,,,,,,,,,,,,,,,,,,,,,,,,,0,,,,,,,,,,9,2,0,0,0,0,0,0,0,,,80000,0,1,N,,
17242199,4,1,N,N,43,1FADP3FEXGL313699,2016,2,37,696,104,N,78665,1,2,6,4,6,,,,,,,N,,,,,,,,,,,,,,,,,,,,,,0,,,,,,,,,,1,2,0,0,1,0,0,1,0,,,,,,,,
17242199,5,1,N,N,43,4T1BF1FK9EU322377,2014,21,91,380,104,N,78753,1,2,2,4,12,,,,,ARMADA TOWING,ARMADA TOWING,N,,,,,,,,,,,,,,,,,,,,,,22,,,,,,,,,,1,2,0,0,0,1,0,0,0,,,,,,,,
17242200,1,1,N,N,43,3B6MC36C12M210994,2002,21,109,2281,30,N,78660,1,1,7,2,8,,,,N,,,N,,,,,,,,,,,,,,,,,,,,,,74,,,,,,,,,,3,1,0,0,0,1,0,0,0,,,,,,,,
17242200,2,1,N,N,43,WDBUF56X97B023176,2007,2,65,3941,104,N,78634,1,1,3,4,11,,,,Y,STARS TOWING,STARS TOWING,N,,,,,,,,,,,,,,,,,,,,,,0,,,,,,,,,,7,1,0,1,0,2,0,1,0,,,,,,,,
17242201,1,1,N,N,46,1FMCU0D7XCKC14068,2012,8,37,711,69,N,23229,2,,2,2,12,,,,Y,ROCHAS TOWING SERVICE,ROCHAS TOWING SERVICE,N,,,,,,,,,,,,,,,,,,,,,,15,,,,,,,,,,2,1,0,0,0,1,0,0,0,,,,,,,,
17242201,2,1,N,N,43,1N4AL3APXEC424435,2014,2,71,500,104,N,78653,1,2,16,2,3,,,,Y,A-TEX TOWING,5526 1/2 W HWY 290,N,,,,,,,,,,,,,,,,,,,,,,0,,,,,,,,,,4,1,0,2,0,0,0,2,0,,,,,,,,
17242234,1,1,N,N,43,KM8J23A41HU494838,2017,2,45,1431,69,N,78660,1,2,3,2,11,,,,N,DRIVER,TRAFFIC,N,,,,,,,,,,,,,,,,,,,,,,35,,,20,,,,,,,7,1,0,0,0,1,0,0,0,,,,,,,,
17242234,2,1,N,N,43,3FA6P0G72JR170568,2018,2,37,1097,104,N,78703,1,2,14,2,5,,,,N,DRIVER,TRAFFIC,N,,,,,,,,,,,,,,,,,,,,,,0,,,,,,,,,,1,1,0,0,0,1,0,0,0,,,,,,,,
17242339,1,1,N,N,43,1C6RR7KT6DS685894,2013,2,109,2275,30,N,78749,1,2,12,6,3,4,4,1,Y,K&S TOWING,"721 W FM 1626 MANCHACA, TX 78652",N,,,,,,,,,,,,,,,,,,,,,,22,20,,,,,,,,,11,1,0,0,0,1,0,0,0,,,,,,,,
17242339,2,1,N,N,43,1FMCU0HXXDUC73332,2013,21,37,711,69,N,78732,1,2,13,5,7,11,4,10,Y,K&S TOWING,"721 W FM 1626 MANCHACA, TX 78652",N,,,,,,,,,,,,,,,,,,,,,,0,,,,,,,,,,11,1,0,0,0,1,0,0,0,,,,,,,,
17242339,3,1,N,N,43,WA1DGAFP8FA073749,2015,17,8,1284,69,N,77055,1,2,7,2,7,,,,N,SELF,DROVE AWAY,N,,,,,,,,,,,,,,,,,,,,,,0,,,,,,,,,,11,2,0,0,0,2,0,0,0,,,,,,,,
17244481,1,1,N,N,43,1FTYR10D23PA24328,2003,21,37,357,30,N,78758,2,,2,3,12,,,,N,AUS-TEX AUTO ENTERPRISES LLC,AUS-TEX AUTO ENTERPRISES LLC,N,,,,,,,,,,,,,,,,,,,,,,44,,,,,,,,,,3,1,0,0,0,1,0,0,0,,,,,,,,
17244481,2,6,,,,,,,,,,,,,,,,,,,,,,,,,,,,,,,,,,,,,,,,,,,,,0,,,,,,,,,,9,2,0,0,0,0,0,0,0,,,,,,,,
17244481,3,1,N,N,43,1D4HD58N55F523610,2005,16,109,635,104,N,78758,1,2,6,2,6,2,1,12,N,,,N,,,,,,,,,,,,,,,,,,,,,,0,,,,,,,,,,3,1,0,0,1,0,0,1,0,,,,,,,,
17244481,4,1,N,N,43,2T2ZK1BA6CC075319,2012,17,58,1318,104,N,78665,1,2,6,1,12,,,,N,,,N,,,,,,,,,,,,,,,,,,,,,,0,,,,,,,,,,3,2,0,0,0,1,0,0,0,,,,,,,,
17244482,1,1,N,N,43,3C4PDCAB1JT527084,2018,9,109,1166,104,N,78725,2,,2,2,12,,,,N,ATX-VIP TOWING SERVICES,ATX-VIP TOWING SERVICES,N,,,,,,,,,,,,,,,,,,,,,,47,,,,,,,,,,1,1,0,0,0,0,1,0,0,,,,,,,,
17244482,2,1,N,N,43,4T1BF12BXTU135443,1996,21,91,563,104,N,78660,1,2,6,4,6,,,,N,AUS-TEX AUTO ENTERPRISES LLC,AUS-TEX AUTO ENTERPRISES LLC,N,,,,,,,,,,,,,,,,,,,,,,0,,,,,,,,,,1,1,0,0,0,1,0,0,0,,,,,,,,
17244484,1,1,N,N,43,5N1AA0NC0AN623140,2010,2,71,784,104,N,78748,1,1,2,2,12,,,,,,,N,,,,,,,,,,,,,,,,,,,,,,35,,,,,,,,,,1,1,0,0,0,1,0,0,0,,,,,,,,
17244484,2,1,N,N,43,JTHBE262165004373,2006,2,58,788,104,N,78739,1,2,14,5,3,,,,,HARPERS TOWING SERVICE INC,HARPERS TOWING SERVICE INC,N,,,,,,,,,,,,,,,,,,,,,,0,,,,,,,,,,3,1,0,0,0,1,0,0,0,,,,,,,,
17244486,1,1,N,N,43,1C6RR6GP1DS627844,2013,18,710,4100,30,N,78745,1,2,1,4,12,,,,N,ROCHAS TOWING SERVICE,ROCHAS TOWING SERVICE,N,,,,,,,,,,,,,,,,,,,,,,37,,,,,,,,,,5,1,0,0,1,0,0,1,0,,,,,,,,
17244486,2,1,N,N,43,5NMSH13E38H137248,2008,2,45,713,69,N,78745,1,2,12,4,2,,,,N,ATX-VIP TOWING SERVICES,ATX-VIP TOWING SERVICES,N,,,,,,,,,,,,,,,,,,,,,,0,,,,,,,,,,7,1,0,0,1,0,0,1,0,,,,,,,,
17244487,1,1,N,N,43,1FADP5AU2DL543212,2013,17,37,101,104,N,78640,1,2,2,1,12,,,,N,,,N,,,,,,,,,,,,,,,,,,,,,,0,,,,,,,,,,1,1,0,0,0,1,0,0,0,,,,,,,,
17244487,2,1,N,N,43,3KPA24AB8JE085975,2018,18,55,716,104,N,78758,1,2,6,3,6,,,,N,,,N,,,,,,,,,,,,,,,,,,,,,,0,,,,,,,,,,1,1,0,0,1,0,0,1,0,,,,,,,,
17244488,1,1,N,N,43,3C4FY58B72T372091,2002,15,21,709,104,N,78725,1,1,3,2,11,,,,Y,ATX-VIP TOWING SERVICES,ATX-VIP TOWING SERVICES,N,,,,,,,,,,,,,,,,,,,,,,20,44,,,,,,,,,7,1,0,0,0,1,0,0,0,,,,,,,,
17244488,2,1,N,N,43,1FTRX12W74NC29360,2004,21,37,2324,30,N,78753,1,1,8,2,5,,,,Y,A & A WRECKER NORTH,A & A WRECKER NORTH,N,,,,,,,,,,,,,,,,,,,,,,0,,,,,,,,,,7,1,0,0,2,3,0,2,0,,,,,,,,
17244489,1,1,N,N,43,5YFBURHE4HP658360,2017,9,91,173,104,N,77077,1,1,3,1,1,,,,Y,EZ AUTO AND TOWING SERVICE,EZ AUTO AND TOWING SERVICE,N,,,,,,,,,,,,,,,,,,,,,,20,29,,,,,,,,,7,1,0,0,1,0,0,1,0,,,,,,,,
17244489,2,1,N,N,43,JNKBV61E27M708226,2007,21,47,764,104,N,78741,1,1,3,1,11,,,,N,NOT TOWED,NOT TOWED,N,,,,,,,,,,,,,,,,,,,,,,20,63,,,,,,,,,5,1,0,0,0,3,0,0,0,,,,,,,,
17244490,1,1,N,N,5,KMHTG6AF6KU009646,2019,9,45,2381,104,N,78741,1,2,12,4,3,,,,N,HARPERS TOWING SERVICE INC,HARPERS TOWING SERVICE INC,N,,,,,,,,,,,,,,,,,,,,,,0,,,,,,,,,,5,1,0,0,1,0,0,1,0,,,,,,,,
17244490,2,1,N,N,43,1N6AD0CU0CC402950,2012,21,71,634,30,N,78745,1,2,3,4,12,,,,N,FINGER TOWING SERVICE,FINGER TOWING SERVICE,N,,,,,,,,,,,,,,,,,,,,,,0,,,,,,,,,,1,1,0,0,0,1,0,0,0,,,,,,,,
17244491,1,1,N,N,43,1FTEX1C86GFA29969,2016,21,37,2324,30,N,78755,1,2,3,7,12,8,1,6,N,620 LAKESIDE TOWING,620 LAKESIDE TOWING,N,,,,,,,,,,,,,,,,,,,,,,0,,,,,,,,,,8,1,0,0,0,1,0,0,0,,,,,,,,
17244491,2,1,N,Y,,,,10,,,30,N,,,,,,,,,,,,,N,,,,,,,,,,,,,,,,,,,,,,0,,,,,,,,,,4,1,0,0,0,0,1,0,0,,,,,,,,
17244492,1,1,N,N,43,1C6SRFHT9KN594777,2019,2,710,2522,30,N,78726,1,2,14,5,3,,,,N,620 LAKESIDE TOWING,620 LAKESIDE TOWING,N,,,,,,,,,,,,,,,,,,,,,,37,,,,,,,,,,8,1,0,0,0,1,0,0,0,,,,,,,,
17244492,2,1,N,N,43,3N1BC13E89L358320,2009,17,71,1452,104,N,78641,1,2,2,5,12,,,,N,620 LAKESIDE TOWING,620 LAKESIDE TOWING,N,,,,,,,,,,,,,,,,,,,,,,0,,,,,,,,,,4,1,0,0,0,1,0,0,0,,,,,,,,
17244493,1,1,N,N,43,1G1JC5SH3C4189275,2012,21,107,2243,104,N,78748,2,,6,5,6,,,,N,HARPERS TOWING SERVICE INC,HARPERS TOWING SERVICE INC,N,,,,,,,,,,,,,,,,,,,,,,0,,,,,,,,,,1,1,0,0,0,1,0,0,0,,,,,,,,
17244493,2,1,N,N,43,1GCRCRECXJZ152452,2018,17,107,658,30,N,78660,1,2,6,4,6,4,2,1,N,EZ AUTO AND TOWING SERVICE,EZ AUTO AND TOWING SERVICE,N,,,,,,,,,,,,,,,,,,,,,,44,,,,,,,,,,1,1,0,0,0,1,0,0,0,,,,,,,,
17244493,3,1,N,N,43,1C4BJWDG4GL155014,2016,21,429,3662,69,N,78704,1,2,2,6,12,,,,N,SPECIAL AUTOMOTIVE SERVICE INC,SPECIAL AUTOMOTIVE SERVICE INC,N,,,,,,,,,,,,,,,,,,,,,,44,,,,,,,,,,1,2,0,0,0,1,0,0,0,,,,,,,,
17244494,1,1,N,N,43,KMHD35LE6DU154672,2013,3,45,3561,104,N,78616,1,1,4,1,1,,,,N,,,N,,,,,,,,,,,,,,,,,,,,,,0,,,,,,,,,,3,1,0,0,0,1,0,0,0,,,,,,,,
17244494,2,4,,,,,,,,,,,,,,,,,,,,,,,,,,,,,,,,,,,,,,,,,,,,,0,,,,,,,,,,9,1,0,1,0,0,0,1,0,,,,,,,,
17244495,1,1,N,N,43,2G1FA1E33D9242995,2013,2,107,46,100,N,,1,1,2,6,12,,,,N,A & A WRECKER NORTH,A & A WRECKER NORTH,N,,,,,,,,,,,,,,,,,,,,,,40,,,,,,,,,,6,1,0,1,0,0,0,1,0,,,,,,,,
17244496,1,1,N,N,43,2GCEC19T921127529,2002,1,107,658,30,N,78664,1,2,2,2,12,,,,N,,,N,,,,,,,,,,,,,,,,,,,,,,20,,,,,,,,,,6,1,0,0,0,1,0,0,0,,,,,,,,
17244496,2,1,N,N,43,19XFC2F57GE095934,2016,,44,256,104,N,78757,1,2,6,2,6,,,,N,,,N,,,,,,,,,,,,,,,,,,,,,,0,,,,,,,,,,6,1,0,0,1,1,0,1,0,,,,,,,,
17244497,1,1,N,N,43,1G1AT58H297257855,2009,9,107,978,104,N,78749,1,2,1,3,12,,,,Y,ROCHAS TOWING SERVICE,ROCHAS TOWING SERVICE,N,,,,,,,,,,,,,,,,,,,,,,22,,,,,,,,,,1,1,0,0,0,1,0,0,0,,,,,,,,
17244498,1,1,N,N,18,1N4AL3AP0GN381327,2016,21,71,500,104,N,70592,1,2,1,4,12,,,,N,ATX-VIP TOWING SERVICES,ATX-VIP TOWING SERVICES,N,,,,,,,,,,,,,,,,,,,,,,0,,,,,,,,,,1,1,0,0,1,1,0,1,0,,,,,,,,
17244498,2,1,N,N,43,2G1FD1E36F9245917,2015,16,107,46,100,N,79106,1,2,5,4,6,,,,N,EZ AUTO AND TOWING SERVICE,EZ AUTO AND TOWING SERVICE,N,,,,,,,,,,,,,,,,,,,,,,0,,,,,,,,,,1,1,0,0,0,1,0,0,0,,,,,,,,
17244499,1,1,N,N,43,2C3CDYAG3DH540489,2013,2,109,73,100,N,78617,1,1,3,3,10,,,,N,,,N,,,,,,,,,,,,,,,,,,,,,,0,,,,,,,,,,7,1,0,0,0,1,0,0,0,,,,,,,,
17244499,2,1,N,N,43,1FDXE4FS2JDC14896,,21,37,814,106,N,77024,1,1,10,1,2,,,,N,,,N,,,,,,,,,,,,,,,,,,,,,,0,,,,,,,,,,7,1,0,0,0,1,0,0,0,,,,,,,,
17244499,3,1,N,N,43,1FTEW1EG0JFB69577,2018,9,37,2324,30,N,78957,1,1,3,3,11,4,3,11,N,,,N,,,,,,,,,,,,,,,,,,,,,,26,20,4,,,,,,,,7,2,0,0,0,1,0,0,0,,,,,,,,
17244500,1,1,N,N,43,2GNA1DEK6D6296336,2013,3,107,1048,104,N,78653,1,1,1,4,12,,,,Y,AVILES & GABES WRECKER SERVICE INC.,AVILES & GABES WRECKER SERVICE INC.,N,,,,,,,,,,,,,,,,,,,,,,0,,,,,,,,,,1,1,0,0,0,1,0,0,0,,,,,,,,
17244500,2,1,N,N,43,5J6RE38719L018279,2009,2,44,605,104,N,78727,1,1,5,3,6,,,,N,NOT TOWED,NOT TOWED,N,,,,,,,,,,,,,,,,,,,,,,0,,,,,,,,,,1,1,0,0,0,1,0,0,0,,,,,,,,
17244501,1,1,N,N,43,1N6AD07U87C438157,2007,9,71,634,30,N,78681,1,2,2,4,12,,,,,ROCHAS TOWING SERVICE,ROCHAS TOWING SERVICE,N,,,,,,,,,,,,,,,,,,,,,,22,,,,,,,,,,1,1,0,0,0,1,0,0,0,,,,,,,,
17244501,2,1,N,N,43,3GCPCREC7EG290124,2014,17,107,658,30,N,78628,1,2,6,2,6,,,,,,,N,,,,,,,,,,,,,,,,,,,,,,0,,,,,,,,,,1,1,0,0,0,1,0,0,0,,,,,,,,
17244502,1,1,N,N,43,2T3DFREVXEW180129,2014,2,91,178,69,N,78726,1,2,16,4,3,17,4,9,N,ARMADA TOWING,ARMADA TOWING,N,,,,,,,,,,,,,,,,,,,,,,,,,20,,,,,,,7,1,0,0,0,1,0,0,0,,,,,,,,
17244502,2,1,N,N,43,KMHDH4AE6GU589923,2016,2,45,480,104,N,78731,1,2,2,4,12,,,,N,,,N,,,,,,,,,,,,,,,,,,,,,,,,,20,,,,,,,5,1,0,0,0,1,0,0,0,,,,,,,,
17244503,1,1,N,N,43,4T1BF1FK8DU695764,2013,18,91,380,104,N,78754,1,1,,,,,,,N,,,N,,,,,,,,,,,,,,,,,,,,,,0,,,,,,,,,,2,1,0,0,0,1,0,0,0,,,,,,,,
17244503,2,1,N,N,43,1N4AL2AP1CC250083,2012,9,71,500,104,N,78729,1,1,,,,,,,N,EZ AUTO AND TOWING SERVICE,EZ AUTO AND TOWING SERVICE,N,,,,,,,,,,,,,,,,,,,,,,0,,,,,,,,,,6,1,0,0,0,1,0,0,0,,,,,,,,
17244504,1,1,N,N,43,1G1JC6SB4F4218109,2015,21,107,2243,100,N,,1,1,2,2,12,,,,N,NOT TOWED,NOT TOWED,N,,,,,,,,,,,,,,,,,,,,,,0,,,,,,,,,,7,1,0,0,0,1,0,0,0,,,,,,,,
17244504,2,1,N,N,43,JN8AF5MR8FT511332,2015,2,71,2505,69,N,,1,1,14,2,3,,,,N,NOT TOWED,NOT TOWED,N,,,,,,,,,,,,,,,,,,,,,,0,,,,,,,,,,1,1,0,0,1,0,0,1,0,,,,,,,,
17244508,1,1,N,N,43,1GCHC59K29E154768,2009,21,107,658,104,Y,76834,2,,1,2,12,,,,Y,AVILES & GABES WRECKER SERVICE INC.,AVILES & GABES WRECKER SERVICE INC.,N,,,,,,,,,,,,,,,,,,,,,,22,,,,,,,,,,5,1,0,0,0,2,0,0,0,,,,,,,,
17244508,2,1,N,N,43,JM1CR293590350099,2009,2,63,1211,104,N,78753,1,1,6,4,6,,,,N,,,N,,,,,,,,,,,,,,,,,,,,,,0,,,,,,,,,,5,1,0,0,0,1,0,0,0,,,,,,,,
17244509,1,1,N,N,43,1C4RDHDG6GC361744,2016,17,109,635,69,N,78745,1,2,2,3,12,,,,N,,,N,,,,,,,,,,,,,,,,,,,,,,34,,,,,,,,,,7,1,0,0,0,1,0,0,0,,,,,,,,
17244509,2,1,N,N,43,3N1BC1CP3AL416856,2010,17,71,1452,104,N,78744,1,2,12,4,3,,,,N,EZ AUTO AND TOWING SERVICE,OWNERS RESIDENCE/REQUEST,N,,,,,,,,,,,,,,,,,,,,,,0,,,,,,,,,,1,1,0,0,0,1,0,0,0,,,,,,,,
17244532,1,1,N,N,43,3GNAXJEV5JS640541,2018,8,107,1048,104,N,78724,1,1,1,0,12,,,,N,,,N,,,,,,,,,,,,,,,,,,,,,,74,,,,,,,,,,11,1,0,0,0,1,0,0,0,,,,,,,,
17244532,2,3,,,,,,,,,,,,,,,,,,,,,,,,,,,,,,,,,,,,,,,,,,,,,36,,,,,,,,,,9,1,0,0,1,0,0,1,0,,,,,,,,
17244533,1,1,N,N,43,1GCEK19008E163786,2008,21,107,658,30,N,78666,1,1,4,0,1,,,,Y,620 LAKESIDE TOWING,620 LAKESIDE TOWING,N,,,,,,,,,,,,,,,,,,,,,,45,,,,,,,,,,1,1,0,0,0,1,0,0,0,,,,,,,,
17244533,2,1,N,N,43,1FAHP2F81EG169021,2014,9,37,376,104,N,79705,1,1,3,1,11,,,,N,EZ AUTO AND TOWING SERVICE,EZ AUTO AND TOWING SERVICE,N,,,,,,,,,,,,,,,,,,,,,,0,,,,,,,,,,3,1,0,0,0,1,0,0,0,,,,,,,,