Crash_ID,Unit_Nbr,Unit_Desc_ID,Veh_Parked_Fl,Veh_HNR_Fl,Veh_Lic_State_ID,VIN,Veh_Mod_Year,Veh_Color_ID,Veh_Make_ID,Veh_Mod_ID,Veh_Body_Styl_ID,Emer_Respndr_Fl,Ownr_Zip,Fin_Resp_Proof_ID,Fin_Resp_Type_ID,Veh_Dmag_Area_1_ID,Veh_Dmag_Scl_1_ID,Force_Dir_1_ID,Veh_Dmag_Area_2_ID,Veh_Dmag_Scl_2_ID,Force_Dir_2_ID,Veh_Inventoried_Fl,Veh_Transp_Name,Veh_Transp_Dest,Veh_Cmv_Fl,Cmv_Fiveton_Fl,Cmv_Hazmat_Fl,Cmv_Nine_Plus_Pass_Fl,Cmv_Veh_Oper_ID,Cmv_Carrier_ID_Type_ID,Cmv_Carrier_Zip,Cmv_Veh_Type_ID,Cmv_GVWR,Cmv_RGVW,Cmv_Hazmat_Rel_Fl,Hazmat_Cls_1_ID,Hazmat_IDNbr_1_ID,Hazmat_Cls_2_ID,Hazmat_IDNbr_2_ID,Cmv_Cargo_Body_ID,Cmv_Evnt1_ID,Cmv_Evnt2_ID,Cmv_Evnt3_ID,Cmv_Evnt4_ID,Cmv_Tot_Axle,Cmv_Tot_Tire,Contrib_Factr_1_ID,Contrib_Factr_2_ID,Contrib_Factr_3_ID,Contrib_Factr_P1_ID,Contrib_Factr_P2_ID,Veh_Dfct_1_ID,Veh_Dfct_2_ID,Veh_Dfct_3_ID,Veh_Dfct_P1_ID,Veh_Dfct_P2_ID,Veh_Trvl_Dir_ID,First_Harm_Evt_Inv_ID,Sus_Serious_Injry_Cnt,Nonincap_Injry_Cnt,Poss_Injry_Cnt,Non_Injry_Cnt,Unkn_Injry_Cnt,Tot_Injry_Cnt,Death_Cnt,Cmv_Disabling_Damage_Fl,Cmv_Bus_Type_ID,Trlr_GVWR,Trlr_RGVW,Trlr_Type_ID,Trlr_Disabling_Dmag_ID,Cmv_Intermodal_Container_Permit_Fl,CMV_Actual_Gross_Weight
17253872,2,1,N,N,43,1G11B5SL4EF290095,2014,21,107,56,104,N,78753,1,1,6,2,6,,,,N,,,N,,,,,,,,,,,,,,,,,,,,,,0,,,,,,,,,,5,1,0,2,0,0,0,2,0,,,,,,,,
17253873,1,1,N,N,43,4T1BE32K96U107457,2006,10,91,380,104,N,78752,1,2,8,2,5,,,,N,,,N,,,,,,,,,,,,,,,,,,,,,,20,22,,,,,,,,,5,1,0,0,0,1,0,0,0,,,,,,,,
17253873,2,1,N,N,43,1G1ZB5E09CF185344,2012,2,107,60,104,N,78753,1,2,11,1,11,,,,N,,,N,,,,,,,,,,,,,,,,,,,,,,,,,20,,,,,,,5,1,0,0,1,0,0,1,0,,,,,,,,
17253874,1,1,N,N,43,3N1AB7AP0EL681907,2014,17,71,341,104,N,78617,1,2,2,3,12,,,,N,PERSONAL,OWN REQUEST,N,,,,,,,,,,,,,,,,,,,,,,44,22,,,,,,,,,3,1,0,0,0,1,0,0,0,,,,,,,,
17253874,2,1,N,N,43,5N1BV28U44N356209,2004,8,71,501,103,N,78704,1,2,6,4,6,,,,N,HARPERS TOWING SERVICE INC,HARPERS TOWING SERVICE INC,N,,,,,,,,,,,,,,,,,,,,,,0,,,,,,,,,,3,1,0,0,0,1,0,0,0,,,,,,,,
17253874,3,1,N,N,49,JF2SH6CC4AH718830,2010,17,85,646,104,N,54538,1,2,6,1,6,,,,N,,,N,,,,,,,,,,,,,,,,,,,,,,0,,,,,,,,,,3,2,0,0,0,0,1,0,0,,,,,,,,
17253875,1,1,N,N,43,1D7HA18N34J146467,2004,17,109,2275,30,N,78752,1,1,3,3,11,,,,Y,AUS-TEX AUTO ENTERPRISES LLC,AUS-TEX AUTO ENTERPRISES LLC,N,,,,,,,,,,,,,,,,,,,,,,0,,,,,,,,,,6,1,0,0,0,1,0,0,0,,,,,,,,
17253875,2,1,N,N,43,KNAFE121365226758,2006,21,55,717,104,N,78628,2,,3,3,11,,,,N,PARKED NEAR THE SCENE,PARKED NEAR THE SCENE,N,,,,,,,,,,,,,,,,,,,,,,0,,,,,,,,,,2,1,0,0,1,3,0,1,0,,,,,,,,
17253876,1,1,N,Y,43,1N4AL3AP5FN327553,2005,17,71,500,104,N,78664,1,2,1,5,12,,,,Y,ARMADA TOWING,ARMADA TOWING,N,,,,,,,,,,,,,,,,,,,,,,0,,,,,,,,,,1,1,0,0,0,1,0,0,0,,,,,,,,
17253876,2,1,N,N,43,,2019,2,109,73,104,N,78109,1,2,6,2,6,,,,N,,,N,,,,,,,,,,,,,,,,,,,,,,0,,,,,,,,,,1,1,0,0,0,2,0,0,0,,,,,,,,
17253877,1,1,N,N,43,1FTEX1CM0BFA41346,2011,2,37,2324,30,N,78749,1,1,1,3,12,,,,N,ROCHAS TOWING SERVICE,ROCHAS TOWING SERVICE,N,,,,,,,,,,,,,,,,,,,,,,0,,,,,,,,,,1,1,0,2,0,1,0,2,0,,,,,,,,
17253877,2,1,N,N,43,5J8TB3H7XHL011660,2017,9,1,705,69,N,78739,1,1,2,3,12,,,,N,A-TEX TOWING,A-TEX,N,,,,,,,,,,,,,,,,,,,,,,0,,,,,,,,,,5,1,0,0,0,1,0,0,0,,,,,,,,
17253877,3,1,N,N,43,4S4BSBNC6F3275988,2015,21,85,168,69,N,78745,1,1,12,2,3,,,,N,,,N,,,,,,,,,,,,,,,,,,,,,,0,,,,,,,,,,3,2,0,0,0,1,0,0,0,,,,,,,,
17253878,1,1,N,N,43,1N4AA5AP2EC436192,2014,9,71,297,104,N,78729,1,2,3,1,12,,,,N,,,N,,,,,,,,,,,,,,,,,,,,,,0,,,,,,,,,,7,1,0,0,0,5,0,0,0,,,,,,,,
17253878,2,4,,,,,,,,,,,,,,,,,,,,,,,,,,,,,,,,,,,,,,,,,,,,,0,,,,,,,,,,9,1,0,1,0,0,0,1,0,,,,,,,,
17253879,1,1,N,N,43,1FTRX12W26NA76583,2006,2,37,2324,30,N,78724,1,1,14,5,4,10,2,3,N,TOWING AUSTIN PROS,"506 W. 15TH ST AUSTIN, TX 78701",N,,,,,,,,,,,,,,,,,,,,,,,,,20,22,,,,,,7,1,0,0,0,1,0,0,0,,,,,,,,
17253879,2,1,N,N,43,1G1FB1RS5J0124449,2018,2,107,60,100,N,78653,1,1,11,1,11,,,,N,,,N,,,,,,,,,,,,,,,,,,,,,,0,,,,,,,,,,3,2,0,0,0,2,0,0,0,,,,,,,,
17253880,1,1,N,N,43,JHMGE8H33DC007878,2013,17,44,1083,104,N,77586,1,1,12,4,3,,,,Y,ARMADA TOWING,ARMADA TOWING,N,,,,,,,,,,,,,,,,,,,,,,0,,,,,,,,,,3,1,0,0,0,1,0,0,0,,,,,,,,
17253880,2,1,N,N,43,4T1BE46K07U060059,2007,17,91,380,104,N,78741,1,1,2,4,12,,,,Y,A-TEX TOWING,OWNERS RESIDENCE/REQUEST,N,,,,,,,,,,,,,,,,,,,,,,0,,,,,,,,,,7,1,0,0,1,2,0,1,0,,,,,,,,
17253881,1,1,N,N,43,2T1KR32E05C403370,2005,3,91,178,104,N,78759,1,2,2,1,12,,,,N,,,N,,,,,,,,,,,,,,,,,,,,,,0,,,,,,,,,,6,1,0,0,0,1,0,0,0,,,,,,,,
17253881,2,1,N,N,43,YV1AW8801N1929650,1992,16,98,520,104,N,78759,1,2,6,0,6,,,,N,,,N,,,,,,,,,,,,,,,,,,,,,,0,,,,,,,,,,6,1,0,0,1,0,0,1,0,,,,,,,,
17253882,1,1,N,N,43,JM3LW28J030353600,2003,17,63,433,103,N,75075,1,2,6,5,3,,,,N,,,N,,,,,,,,,,,,,,,,,,,,,,4,,,,,,,,,,1,1,0,0,0,1,0,0,0,,,,,,,,
17253882,2,1,N,N,43,5YJ3E1EB2KF451997,2019,9,602,2033,104,N,78746,1,2,15,5,9,,,,Y,SOUTHSIDE WRECKER INC,8200 S. CONGRESS AVE,N,,,,,,,,,,,,,,,,,,,,,,0,,,,,,,,,,1,1,0,0,0,1,0,0,0,,,,,,,,
17253962,1,1,N,N,43,3MZBM1U7XGM308694,2016,9,63,1210,104,N,78753,1,2,2,2,12,,,,Y,SPECIAL AUTOMOTIVE SERVICE INC,SPECIAL AUTOMOTIVE SERVICE INC,N,,,,,,,,,,,,,,,,,,,,,,15,19,,,,,,,,,4,1,0,1,0,0,0,1,0,,,,,,,,
17253962,2,1,N,N,43,1GNKRJKD1HJ276317,2017,21,107,1414,69,N,78745,1,2,3,1,10,,,,Y,ROCHAS TOWING SERVICE,ROCHAS TOWING SERVICE,N,,,,,,,,,,,,,,,,,,,,,,0,,,,,,,,,,2,1,1,0,0,0,0,1,0,,,,,,,,
17253964,1,1,N,N,43,JTMZD33V776038241,2007,8,91,581,69,N,78724,2,,2,6,12,6,5,6,Y,AUS-TEX AUTO ENTERPRISES LLC,AUS-TEX AUTO ENTERPRISES LLC,N,,,,,,,,,,,,,,,,,,,,,,67,,,,,,,,,,1,1,2,0,0,1,0,2,0,,,,,,,,
17253964,2,1,Y,N,13,1J4GL48K55W669477,2005,10,429,1181,69,N,62254,2,,6,4,6,15,2,9,Y,AUS-TEX AUTO ENTERPRISES LLC,AUS-TEX AUTO ENTERPRISES LLC,N,,,,,,,,,,,,,,,,,,,,,,0,,,,,,,,,,1,1,0,0,0,0,1,0,0,,,,,,,,
17253964,3,1,N,N,43,2D4GV57296H306867,2006,21,109,225,104,N,78727,2,,2,6,10,,,,Y,AUS-TEX AUTO ENTERPRISES LLC,AUS-TEX AUTO ENTERPRISES LLC,N,,,,,,,,,,,,,,,,,,,,,,0,,,,,,,,,,1,2,0,0,0,0,1,0,0,,,,,,,,
17253966,1,1,N,N,43,KNADH4A34B6725690,2011,16,55,716,104,N,78750,2,,2,4,12,,,,,,,N,,,,,,,,,,,,,,,,,,,,,,0,,,,,,,,,,1,1,0,0,0,1,0,0,0,,,,,,,,
17253966,2,1,N,N,43,1FTPW12V19FA68717,2009,5,37,2324,30,N,78641,1,1,3,2,12,,,,,,,N,,,,,,,,,,,,,,,,,,,,,,0,,,,,,,,,,5,1,0,0,0,1,0,0,0,,,,,,,,
17253967,1,1,N,N,43,1G1AT18H997125975,2009,16,107,978,104,N,78253,1,2,4,1,1,,,,N,,,N,,,,,,,,,,,,,,,,,,,,,,32,,,,,,,,,,5,1,0,0,0,1,0,0,0,,,,,,,,
17253967,2,1,Y,N,43,4P1CT02S42A002132,2002,16,351,1077,23,N,78721,4,,3,1,11,,,,N,,,N,,,,,,,,,,,,,,,,,,,,,,0,,,,,,,,,,4,1,0,0,0,1,0,0,0,,,,,,,,
17253968,1,1,N,N,43,1G1PG5SB5D7243296,2013,,107,2209,104,N,78660,1,1,2,7,12,,,,Y,SOUTHSIDE WRECKER INC,8200 S. CONGRESS AVE,N,,,,,,,,,,,,,,,,,,,,,,67,,,,,,,,,,2,1,0,0,0,1,0,0,0,,,,,,,,
17253968,2,1,Y,N,43,1GNLC2E07DR177257,2013,2,107,547,104,N,78744,1,1,6,7,6,2,5,12,N,,,N,,,,,,,,,,,,,,,,,,,,,,0,,,,,,,,,,2,1,0,0,0,0,0,0,0,,,,,,,,
17253968,3,1,Y,N,43,1YVHZ8BH5B5M20167,2011,,63,870,104,N,78741,1,1,6,6,12,2,5,6,N,,,N,,,,,,,,,,,,,,,,,,,,,,0,,,,,,,,,,1,2,0,0,0,0,0,0,0,,,,,,,,
17253968,4,1,Y,N,43,1N4AL2AP6CC121207,2012,21,71,500,104,N,78744,2,,6,4,6,,,,N,,,N,,,,,,,,,,,,,,,,,,,,,,0,,,,,,,,,,1,2,0,0,0,0,0,0,0,,,,,,,,
17253969,1,1,N,Y,43,3FA6P0HD6HR406802,2017,9,37,1097,104,N,78753,1,2,2,2,12,,,,Y,AUS-TEX AUTO ENTERPRISES LLC,AUS-TEX AUTO ENTERPRISES LLC,N,,,,,,,,,,,,,,,,,,,,,,23,,,,,,,,,,2,1,0,0,0,0,1,0,0,,,,,,,,
17253970,1,1,N,N,14,2C3JA53G25H608018,2005,2,21,65,104,N,78703,1,1,15,2,9,,,,N,DROVE AWAY,DROVE AWAY,N,,,,,,,,,,,,,,,,,,,,,,0,,,,,,,,,,1,1,0,0,0,1,0,0,0,,,,,,,,
17253970,2,1,N,N,43,3GYFNAE36ES561642,2014,9,106,1373,104,N,78752,1,1,12,2,2,,,,Y,AUS-TEX AUTO ENTERPRISES LLC,AUS-TEX AUTO ENTERPRISES LLC,N,,,,,,,,,,,,,,,,,,,,,,0,,,,,,,,,,3,1,0,0,0,1,0,0,0,,,,,,,,
17253971,1,1,N,N,43,1HGCR2F5XEA284032,2014,2,44,236,104,N,78745,1,2,3,5,12,,,,N,ROCHAS TOWING SERVICE,ROCHAS TOWING SERVICE,N,,,,,,,,,,,,,,,,,,,,,,44,22,,,,,,,,,5,1,0,1,0,0,0,1,0,,,,,,,,
17253971,2,1,N,N,43,1FUJGLBG2CSBS5338,2012,21,38,1524,87,N,78852,1,2,8,2,6,,,,N,,,Y,Y,N,N,1,2,78853,6,60600,0,N,,,,,15,13,,,,,,0,,,,,,,,,,5,1,0,0,0,1,0,0,0,N,0,,,,,N,
17253972,1,1,N,N,43,1N4AL2AP1AN413235,2010,2,71,500,104,N,78753,3,2,1,1,12,,,,Y,AUS-TEX AUTO ENTERPRISES LLC,5526 1/2 W HWY 290,N,,,,,,,,,,,,,,,,,,,,,,67,,,22,,,,,,,4,1,0,0,0,1,0,0,0,,,,,,,,
17253972,2,1,N,N,43,WBABD33444JY97527,2004,3,14,632,104,N,78753,1,2,8,1,6,,,,N,,,N,,,,,,,,,,,,,,,,,,,,,,0,,,,,,,,,,4,1,0,0,0,1,0,0,0,,,,,,,,
17253973,1,1,N,N,43,1G4ZP5SZ0JU146299,2018,16,105,1175,104,N,78640,1,2,2,2,12,,,,N,LAKESIDE TOWING,LAKESIDE TOWING,N,,,,,,,,,,,,,,,,,,,,,,35,,,,,,,,,,7,1,0,0,2,0,0,2,0,,,,,,,,
17253973,2,1,N,N,43,2HNYD187X3H509277,2003,1,1,705,69,N,78613,1,2,12,2,3,,,,N,CLARKS,CLARKS,N,,,,,,,,,,,,,,,,,,,,,,0,,,,,,,,,,1,1,0,0,1,0,0,1,0,,,,,,,,
17253974,1,1,N,N,43,3C6TRVAG1HE531326,2017,21,710,4100,103,N,76028,1,1,4,2,2,,,,N,SELF,HOME,N,,,,,,,,,,,,,,,,,,,,,,33,,,,,,,,,,7,1,0,0,1,0,0,1,0,,,,,,,,
17253974,2,1,N,N,43,1HGCR2F31FA219005,2015,2,44,236,104,N,78681,1,1,2,3,12,,,,N,SELF,HOME,N,,,,,,,,,,,,,,,,,,,,,,0,,,,,,,,,,3,1,0,0,1,0,0,1,0,,,,,,,,
17253975,1,1,N,N,6,4V4NC9EH7FN923141,2015,16,98,185,106,N,46585,1,1,3,3,10,,,,N,NOT TOWED,NOT TOWED,N,,,,,,,,,,,,,,,,,,,,,,41,,,,,,,,,,1,1,0,0,0,1,0,0,0,,,,,,,,
17253975,2,1,N,N,43,4T1BK3DB8BU415719,2011,9,91,563,104,N,78610,1,1,8,3,12,,,,N,NOT TOWED,NOT TOWED,N,,,,,,,,,,,,,,,,,,,,,,0,,,,,,,,,,1,1,0,0,1,0,0,1,0,,,,,,,,
17253975,3,1,N,N,43,1HGCV1F18KA092932,2019,9,44,236,104,N,78610,1,1,,,,,,,N,ARMADA TOWING,ARMADA TOWING,N,,,,,,,,,,,,,,,,,,,,,,0,,,,,,,,,,1,2,0,0,0,1,0,0,0,,,,,,,,
17253976,1,1,N,N,43,JN1AZ0CP1BT007241,2011,2,71,2506,104,N,78723,1,2,2,7,12,,,,N,CLARK AUTO CARE,CLARK AUTO CARE,N,,,,,,,,,,,,,,,,,,,,,,74,,,,,,,,,,5,1,0,0,0,1,0,0,0,,,,,,,,
17253976,2,1,N,N,43,1FMFU17507LA52657,2007,11,37,601,104,N,78612,1,2,2,7,12,,,,N,EZ AUTO AND TOWING SERVICE,EZ AUTO AND TOWING SERVICE,N,,,,,,,,,,,,,,,,,,,,,,0,,,,,,,,,,7,1,0,0,0,2,0,0,0,,,,,,,,
17253976,3,1,N,N,43,WDDGF54X39R041058,2009,,65,3930,104,N,78653,1,2,3,5,11,,,,N,SPECIAL AUTOMOTIVE SERVICE INC,SPECIAL AUTOMOTIVE SERVICE INC,N,,,,,,,,,,,,,,,,,,,,,,0,,,,,,,,,,3,2,0,0,0,1,0,0,0,,,,,,,,
17253976,4,1,N,N,43,WMWZC3C54FWT04555,2015,9,115,742,104,N,78703,1,2,3,5,11,,,,N,,,N,,,,,,,,,,,,,,,,,,,,,,0,,,,,,,,,,3,2,0,0,0,1,0,0,0,,,,,,,,
17253977,1,1,N,Y,43,1G1AK52F557523731,2005,18,107,978,104,N,,,,,,,,,,,,,N,,,,,,,,,,,,,,,,,,,,,,35,,,,,,,,,,1,1,0,0,0,0,1,0,0,,,,,,,,
17253977,2,1,N,N,43,KNDJT2A69D7482524,2013,9,55,1357,104,N,78746,1,1,4,3,3,3,3,12,N,ROCHAS TOWING SERVICE,ROCHAS TOWING SERVICE,N,,,,,,,,,,,,,,,,,,,,,,0,,,,,,,,,,3,1,0,1,0,1,0,1,0,,,,,,,,
17253977,3,1,N,N,43,JF1VA1E6XG9807076,2016,17,85,516,104,N,78704,1,1,3,3,12,,,,,HARPERS TOWING SERVICE INC,HARPERS TOWING SERVICE INC,N,,,,,,,,,,,,,,,,,,,,,,0,,,,,,,,,,7,2,0,0,0,1,0,0,0,,,,,,,,
17253978,1,1,N,N,43,JTDKB20U197836468,2009,21,91,702,104,N,78745,1,2,2,4,12,,,,Y,ARMADA TOWING,ARMADA TOWING,N,,,,,,,,,,,,,,,,,,,,,,74,,,,,,,,,,5,1,0,0,0,1,0,0,0,,,,,,,,
17253978,2,1,N,N,43,5XYPG4A32JG358092,2018,2,55,767,104,N,78703,1,2,6,1,6,,,,N,,,N,,,,,,,,,,,,,,,,,,,,,,74,,,20,,,,,,,5,1,0,0,0,1,0,0,0,,,,,,,,
17253980,1,1,N,N,43,2C3CCAAG9EH376130,2014,9,21,65,104,N,76520,1,1,2,3,12,,,,N,EZ AUTO AND TOWING SERVICE,EZ AUTO AND TOWING SERVICE,N,,,,,,,,,,,,,,,,,,,,,,22,,,,,,,,,,5,1,0,0,0,3,0,0,0,,,,,,,,
17253980,2,1,N,N,43,1GNSKHKC2JR104793,2018,2,107,249,69,N,78155,1,1,6,1,6,,,,N,,,N,,,,,,,,,,,,,,,,,,,,,,0,,,,,,,,,,5,1,0,0,0,4,0,0,0,,,,,,,,
17253981,1,1,N,N,43,5TBRT34172S304132,2002,11,91,687,30,N,78752,2,,1,1,12,,,,N,,,N,,,,,,,,,,,,,,,,,,,,,,20,,,,,,,,,,5,1,0,0,0,1,0,0,0,,,,,,,,
17253981,2,1,N,N,43,2HGFG126X7H563593,2007,3,44,256,100,N,78753,1,1,6,2,6,,,,N,,,N,,,,,,,,,,,,,,,,,,,,,,0,,,,,,,,,,5,1,0,0,1,0,0,1,0,,,,,,,,
17253982,1,1,N,N,43,KNDJT2A29B7718390,2011,17,55,1357,104,N,78758,1,1,3,1,,,,,N,ROCHAS TOWING SERVICE,ROCHAS TOWING SERVICE,N,,,,,,,,,,,,,,,,,,,,,,0,,,,,,,,,,7,1,0,1,0,0,0,1,0,,,,,,,,
17253982,2,1,N,N,43,JTEDS42A992086379,2009,2,91,722,69,N,78702,1,1,10,1,,,,,N,EZ AUTO AND TOWING SERVICE,EZ AUTO AND TOWING SERVICE,N,,,,,,,,,,,,,,,,,,,,,,0,,,,,,,,,,1,1,0,0,0,1,0,0,0,,,,,,,,
17253984,1,1,N,N,43,2GNAXHEVXJ6219261,2018,21,107,1048,104,N,20203,2,,2,7,12,,,,N,,,N,,,,,,,,,,,,,,,,,,,,,,20,,,,,,,,,,11,1,0,0,0,1,0,0,0,,,,,,,,
17253989,1,1,N,N,43,1ZVFT84N475363790,2007,17,37,96,100,N,78735,1,2,2,3,12,,,,N,ARMADA,ARMADA TOWING,N,,,,,,,,,,,,,,,,,,,,,,44,,,,,,,,,,2,1,0,0,0,1,0,0,0,,,,,,,,
17253989,2,1,N,N,43,JTMBD33V085198423,2008,2,91,581,69,N,78705,1,2,6,2,6,,,,N,DRIVEN BY OWNER,,N,,,,,,,,,,,,,,,,,,,,,,0,,,,,,,,,,2,1,0,0,0,1,0,0,0,,,,,,,,
17253995,1,1,N,N,43,1C4PJLDB3FW708080,2015,9,429,970,104,N,78758,1,1,2,3,,,,,N,SOUTHSIDE WRECKER INC,OWNERS RESIDENCE/REQUEST,N,,,,,,,,,,,,,,,,,,,,,,0,,,,,,,,,,4,1,0,0,0,1,0,0,0,,,,,,,,
17253995,2,1,N,N,43,3C6UR5CL1DG528360,2013,21,710,4101,30,N,78253,1,1,14,2,,,,,N,,,N,,,,,,,,,,,,,,,,,,,,,,0,,,,,,,,,,8,1,0,0,0,1,0,0,0,,,,,,,,
17253996,1,1,N,N,43,1FAFP34321W225424,2001,17,37,696,104,N,78757,2,,11,2,8,,,,Y,ARMADA TOWING,ARMADA TOWING,N,,,,,,,,,,,,,,,,,,,,,,35,45,,,,,,,,,2,1,0,0,0,2,0,0,0,,,,,,,,
17253996,2,1,N,N,43,1C3CDZAB7DN620282,2013,9,109,549,104,N,78728,1,1,12,2,4,,,,Y,EZ AUTO AND TOWING SERVICE,EZ AUTO AND TOWING SERVICE,N,,,,,,,,,,,,,,,,,,,,,,0,,,,,,,,,,4,1,0,0,0,1,0,0,0,,,,,,,,
17253997,1,1,N,N,43,2C3CDXBG6DH624699,2013,21,109,73,104,N,75032,1,1,2,4,12,,,,Y,A-TEX TOWING,A-TEX TOWING,N,,,,,,,,,,,,,,,,,,,,,,0,,,,,,,,,,5,1,0,2,0,0,0,2,0,,,,,,,,
17253997,2,1,N,N,3,1FDXE4FS2DDA55169,2013,21,37,2327,106,N,80030,1,1,6,1,6,,,,N,,,N,,,,,,,,,,,,,,,,,,,,,,0,,,,,,,,,,5,1,0,0,0,2,0,0,0,,,,,,,,
17254022,1,1,N,N,43,5J6RM3H56EL005930,2014,11,44,605,69,N,78704,1,2,2,2,12,,,,N,EZ AUTO AND TOWING SERVICE,EZ AUTO AND TOWING SERVICE,N,,,,,,,,,,,,,,,,,,,,,,44,,,,,,,,,,5,1,0,0,0,1,0,0,0,,,,,,,,
17254022,2,1,N,N,32,JN1BJ1CR2KW314466,2019,2,71,1310,69,N,7414,1,2,6,1,6,,,,N,DRIVEN AWAY,DRIVEN AWAY,N,,,,,,,,,,,,,,,,,,,,,,0,,,,,,,,,,5,1,0,1,2,0,0,3,0,,,,,,,,
17254022,3,1,N,N,43,3VW267AJXGM254553,2016,17,96,316,104,N,78759,1,2,6,0,6,,,,N,DRIVEN AWAY,DRIVEN AWAY,N,,,,,,,,,,,,,,,,,,,,,,0,,,,,,,,,,5,2,0,0,0,1,0,0,0,,,,,,,,
17254023,1,1,N,N,43,5FNYF3H50FB032525,2015,11,44,761,69,N,78750,1,2,2,5,12,,,,N,ROCHAS TOWING SERVICE,ROCHAS TOWING SERVICE,N,,,,,,,,,,,,,,,,,,,,,,20,44,,,,,,,,,8,1,0,0,1,0,0,1,0,,,,,,,,
17254023,2,1,N,N,43,2T2ZK1BA0AC006848,2010,16,58,2446,104,N,76014,1,2,6,4,6,2,3,12,N,620 LAKESIDE TOWING,620 LAKESIDE TOWING,N,,,,,,,,,,,,,,,,,,,,,,0,,,,,,,,,,8,1,0,2,0,0,0,2,0,,,,,,,,
17254023,3,1,N,N,43,5TDXK3DC9CS244195,2012,3,91,648,103,N,78759,1,2,6,4,6,,,,N,620 LAKESIDE TOWING,620 LAKESIDE TOWING,N,,,,,,,,,,,,,,,,,,,,,,0,,,,,,,,,,8,2,0,0,6,0,0,6,0,,,,,,,,
17254024,1,1,N,N,43,JHLRE38728C056286,2008,10,44,605,104,N,78750,1,2,2,4,12,,,,N,STARS TOWING,STARS TOWING,N,,,,,,,,,,,,,,,,,,,,,,22,,,,,,,,,,4,1,0,0,0,2,0,0,0,,,,,,,,
17254025,1,1,N,N,43,5XXGU4L32GG047068,2016,17,55,715,104,N,78754,1,2,2,3,12,4,3,12,N,SOUTHSIDE WRECKER INC,8200 S. CONGRESS AVE,N,,,,,,,,,,,,,,,,,,,,,,0,,,,,,,,,,3,1,0,0,1,0,0,1,0,,,,,,,,
17254025,2,1,N,N,43,1FTMF1CM2EFC93795,2014,2,37,2324,30,N,78244,1,2,7,2,6,,,,N,REMOVED BY OWNER,REMOVED BY OWNER,N,,,,,,,,,,,,,,,,,,,,,,0,,,,,,,,,,3,1,0,0,0,1,0,0,0,,,,,,,,
17254025,3,1,N,N,43,3VWD67AJ7GM307623,2016,9,96,316,104,N,78747,1,2,6,3,6,,,,N,SOUTHSIDE WRECKER INC,8200 S. CONGRESS AVE,N,,,,,,,,,,,,,,,,,,,,,,0,,,,,,,,,,3,2,0,0,0,1,0,0,0,,,,,,,,
17254026,1,1,N,N,43,3GNCJLSB6JL192465,2018,21,107,732,104,N,78744,2,,4,1,12,,,,N,,,N,,,,,,,,,,,,,,,,,,,,,,20,,,,,,,,,,3,1,0,0,0,1,0,0,0,,,,,,,,
17254026,2,1,N,N,43,1GCUYHED7KZ270183,2019,21,107,658,104,N,78748,1,2,5,1,6,,,,N,,,N,,,,,,,,,,,,,,,,,,,,,,0,,,,,,,,,,3,1,0,0,1,1,0,1,0,,,,,,,,
17254027,1,1,N,N,43,3GNAL3EK9FS529897,2015,21,107,2208,69,N,78750,1,1,4,3,12,,,,N,HARPERS TOWING SERVICE INC,HARPERS TOWING SERVICE INC,N,,,,,,,,,,,,,,,,,,,,,,17,67,,,,,,,,,2,1,0,0,1,0,0,1,0,,,,,,,,
17254027,2,1,N,N,43,2FMGK5C80EBD12246,2014,17,37,1088,69,N,78739,1,1,11,2,8,,,,N,NOT TOWED,NOT TOWED,N,,,,,,,,,,,,,,,,,,,,,,0,,,,,,,,,,2,1,0,0,0,3,0,0,0,,,,,,,,
17254028,1,1,N,N,43,1C4NJPBA7CD678744,2012,3,429,1273,69,N,78735,2,,11,4,9,,,,Y,SPECIAL AUTOMOTIVE SERVICE INC,SPECIAL AUTOMOTIVE SERVICE INC,N,,,,,,,,,,,,,,,,,,,,,,,,,26,4,,,,,,5,1,0,1,0,1,0,1,0,,,,,,,,
17254028,2,1,N,N,43,3FA6P0HD4ER303695,2014,9,37,1097,104,N,78745,1,2,10,2,3,,,,N,,,N,,,,,,,,,,,,,,,,,,,,,,0,,,,,,,,,,5,1,0,0,0,1,0,0,0,,,,,,,,
17254029,1,1,N,N,43,JHMZE2H54AS014265,2010,2,44,697,104,N,78704,1,2,2,2,12,,,,,HARPERS TOWING SERVICE INC,HARPERS TOWING SERVICE INC,N,,,,,,,,,,,,,,,,,,,,,,74,,,,,,,,,,11,1,0,0,0,1,0,0,0,,,,,,,,
17254030,1,1,N,N,5,1J4FA59S0YP724566,2000,18,429,1464,100,N,78748,1,2,3,2,12,,,,N,A-TEX TOWING,ATX-VIP TOWING SERVICES,N,,,,,,,,,,,,,,,,,,,,,,0,,,,,,,,,,1,1,0,0,0,1,0,0,0,,,,,,,,
17254030,2,1,N,N,43,4T4BF1FK0GR542712,2016,2,91,380,104,N,78704,1,2,3,2,12,,,,N,ATX-VIP TOWING SERVICES,ATX-VIP TOWING SERVICES,N,,,,,,,,,,,,,,,,,,,,,,0,,,,,,,,,,5,1,0,0,0,1,0,0,0,,,,,,,,