Crash_ID,Unit_Nbr,Unit_Desc_ID,Veh_Parked_Fl,Veh_HNR_Fl,Veh_Lic_State_ID,VIN,Veh_Mod_Year,Veh_Color_ID,Veh_Make_ID,Veh_Mod_ID,Veh_Body_Styl_ID,Emer_Respndr_Fl,Ownr_Zip,Fin_Resp_Proof_ID,Fin_Resp_Type_ID,Veh_Dmag_Area_1_ID,Veh_Dmag_Scl_1_ID,Force_Dir_1_ID,Veh_Dmag_Area_2_ID,Veh_Dmag_Scl_2_ID,Force_Dir_2_ID,Veh_Inventoried_Fl,Veh_Transp_Name,Veh_Transp_Dest,Veh_Cmv_Fl,Cmv_Fiveton_Fl,Cmv_Hazmat_Fl,Cmv_Nine_Plus_Pass_Fl,Cmv_Veh_Oper_ID,Cmv_Carrier_ID_Type_ID,Cmv_Carrier_Zip,Cmv_Veh_Type_ID,Cmv_GVWR,Cmv_RGVW,Cmv_Hazmat_Rel_Fl,Hazmat_Cls_1_ID,Hazmat_IDNbr_1_ID,Hazmat_Cls_2_ID,Hazmat_IDNbr_2_ID,Cmv_Cargo_Body_ID,Cmv_Evnt1_ID,Cmv_Evnt2_ID,Cmv_Evnt3_ID,Cmv_Evnt4_ID,Cmv_Tot_Axle,Cmv_Tot_Tire,Contrib_Factr_1_ID,Contrib_Factr_2_ID,Contrib_Factr_3_ID,Contrib_Factr_P1_ID,Contrib_Factr_P2_ID,Veh_Dfct_1_ID,Veh_Dfct_2_ID,Veh_Dfct_3_ID,Veh_Dfct_P1_ID,Veh_Dfct_P2_ID,Veh_Trvl_Dir_ID,First_Harm_Evt_Inv_ID,Sus_Serious_Injry_Cnt,Nonincap_Injry_Cnt,Poss_Injry_Cnt,Non_Injry_Cnt,Unkn_Injry_Cnt,Tot_Injry_Cnt,Death_Cnt,Cmv_Disabling_Damage_Fl,Cmv_Bus_Type_ID,Trlr_GVWR,Trlr_RGVW,Trlr_Type_ID,Trlr_Disabling_Dmag_ID,Cmv_Intermodal_Container_Permit_Fl,CMV_Actual_Gross_Weight
17267414,1,1,N,N,43,2HGFA16699H320159,2009,21,44,256,104,Y,78610,1,1,1,4,12,2,4,12,,EZ AUTO AND TOWING SERVICE,EZ AUTO AND TOWING SERVICE,N,,,,,,,,,,,,,,,,,,,,,,74,,,,,,,,,,5,1,0,0,0,1,0,0,0,,,,,,,,
17267414,2,1,N,N,43,4F4YR12D47PM01638,2007,21,63,272,30,Y,78216,1,1,5,5,6,6,3,4,Y,ATX-VIP TOWING SERVICES,ATX-VIP TOWING SERVICES,N,,,,,,,,,,,,,,,,,,,,,,0,,,,,,,,,,5,1,0,0,0,1,0,0,0,,,,,,,,
17267415,1,1,N,N,43,1C3CCBHG8CN121596,2012,2,21,2258,104,N,78633,1,2,2,4,12,,,,N,,,N,,,,,,,,,,,,,,,,,,,,,,,,,20,,,,,,,5,1,0,0,0,1,0,0,0,,,,,,,,
17267415,2,1,N,N,43,2G1WB58K979166534,2007,2,107,53,104,N,78617,1,2,6,5,6,4,1,11,N,ATX-VIP TOWING SERVICES,ATX-VIP TOWING SERVICES,N,,,,,,,,,,,,,,,,,,,,,,0,,,,,,,,,,5,1,0,0,0,1,0,0,0,,,,,,,,
17267415,3,1,N,N,43,1ZVFT80N665204533,2006,3,37,96,100,N,78665,1,2,8,1,7,,,,N,,,N,,,,,,,,,,,,,,,,,,,,,,0,,,,,,,,,,5,2,0,0,0,1,0,0,0,,,,,,,,
17267416,1,1,N,N,43,JF2SJGMC4EH541713,2014,11,85,646,104,N,50219,1,1,1,0,12,,,,N,,,N,,,,,,,,,,,,,,,,,,,,,,22,,,,,,,,,,5,1,0,0,0,1,0,0,0,,,,,,,,
17267416,2,1,N,N,43,JH4KB16566C010758,2006,9,1,583,104,N,78753,1,1,5,1,6,,,,N,,,N,,,,,,,,,,,,,,,,,,,,,,0,,,,,,,,,,5,1,0,0,1,0,0,1,0,,,,,,,,
17267422,1,1,N,Y,43,3KPFK4A78HE150299,2017,9,55,1093,104,N,78744,1,1,5,3,6,,,,N,,,N,,,,,,,,,,,,,,,,,,,,,,74,,,,,,,,,,3,1,0,0,2,0,0,2,0,,,,,,,,
17267422,2,1,N,Y,113,,,99,,,0,N,,,,,,,,,,N,,,N,,,,,,,,,,,,,,,,,,,,,,0,,,,,,,,,,3,1,0,0,0,0,1,0,0,,,,,,,,
17267488,1,1,N,N,43,1FTRX17223NB43099,2003,9,37,2324,30,N,78729,1,2,11,4,8,,,,N,SPECIAL AUTOMOTIVE SERVICE INC,SPECIAL AUTOMOTIVE SERVICE INC,N,,,,,,,,,,,,,,,,,,,,,,15,,,,,,,,,,7,1,0,0,0,1,0,0,0,,,,,,,,
17267488,2,1,N,N,43,1GKDS13S232399828,2003,10,39,660,104,N,78617,2,,2,5,10,,,,,ROCHAS TOWING SERVICE,ROCHAS TOWING SERVICE,N,,,,,,,,,,,,,,,,,,,,,,0,,,,,,,,,,1,1,0,1,0,0,0,1,0,,,,,,,,
17267488,3,1,N,N,43,4F4YR16C7WTM47343,1998,9,63,616,30,N,90077,1,2,16,5,2,,,,N,,,N,,,,,,,,,,,,,,,,,,,,,,0,,,,,,,,,,1,2,0,0,0,1,0,0,0,,,,,,,,
17267489,1,1,N,Y,43,1HGCR2F78GA029450,2016,2,44,236,104,N,78754,1,2,,,,,,,N,,,N,,,,,,,,,,,,,,,,,,,,,,,,,22,,,,,,,2,1,0,0,0,0,1,0,0,,,,,,,,
17267489,2,1,N,N,43,KMHDU46D28U533877,2008,2,45,480,104,N,78660,1,2,7,1,6,,,,N,,,N,,,,,,,,,,,,,,,,,,,,,,0,,,,,,,,,,2,1,0,2,0,0,0,2,0,,,,,,,,
17267490,1,1,N,N,43,1G1ZB5ST3GF298212,2016,2,107,56,104,N,78640,1,2,10,2,1,,,,N,SOUTHSIDE WRECKER INC,8200 S. CONGRESS AVE,N,,,,,,,,,,,,,,,,,,,,,,67,,,,,,,,,,5,1,0,0,0,1,0,0,0,,,,,,,,
17267490,2,1,Y,N,43,1G1PE5SB2G7225705,2016,3,107,2209,104,N,78741,1,2,13,2,7,,,,N,,,N,,,,,,,,,,,,,,,,,,,,,,0,,,,,,,,,,5,1,0,0,0,0,0,0,0,,,,,,,,
17267491,1,1,N,N,43,2C3CCABG3GH128473,2016,2,21,65,104,N,78621,1,2,6,3,6,18,3,3,Y,EZ AUTO AND TOWING SERVICE,EZ AUTO AND TOWING SERVICE,N,,,,,,,,,,,,,,,,,,,,,,41,67,,,,,,,,,2,1,1,1,0,0,0,2,0,,,,,,,,
17267492,1,1,N,N,43,2G1WG5E34D1187722,2013,16,107,53,104,N,78617,2,,10,3,2,,,,N,A-TEX TOWING,,N,,,,,,,,,,,,,,,,,,,,,,,,,20,45,,,,,,2,1,0,0,0,0,0,0,0,,,,,,,,
17267493,1,1,N,N,43,2GCEC19JX71708690,2007,17,107,658,30,N,78753,1,2,2,5,12,15,4,9,Y,EZ AUTO AND TOWING SERVICE,EZ AUTO AND TOWING SERVICE,N,,,,,,,,,,,,,,,,,,,,,,0,,,,,,,,,,11,1,0,0,0,0,1,0,0,,,,,,,,
17267494,1,1,N,N,43,YV1RS61T942400480,2004,17,96,184,104,N,78744,2,,1,0,12,,,,N,,,N,,,,,,,,,,,,,,,,,,,,,,45,,,,,,,,,,3,1,0,0,0,1,0,0,0,,,,,,,,
17267494,2,1,Y,N,43,JM3KFACL9H0214507,2017,17,63,2471,69,N,78613,1,1,5,1,6,,,,N,,,N,,,,,,,,,,,,,,,,,,,,,,0,,,,,,,,,,3,1,0,0,0,0,0,0,0,,,,,,,,
17267495,1,1,N,N,43,JHMGE8H20AS009967,2010,3,44,1083,104,N,78746,1,1,2,2,12,,,,N,DRIVEN,DRIVEN,N,,,,,,,,,,,,,,,,,,,,,,20,44,,,,,,,,,7,1,0,0,0,1,0,0,0,,,,,,,,
17267495,2,1,N,N,43,JM3KFBCM9K0613696,2019,9,63,2471,69,N,78745,1,1,6,1,6,,,,N,DRIVEN,DRIVEN,N,,,,,,,,,,,,,,,,,,,,,,0,,,,,,,,,,7,1,0,0,0,2,0,0,0,,,,,,,,
17267506,1,1,N,N,43,1G11Z5SA9KU134636,2019,18,107,53,104,N,75261,1,2,9,4,11,12,4,3,N,AUSTEX TOWING,205 FARLEY DR,N,,,,,,,,,,,,,,,,,,,,,,4,20,,,,,,,,,3,1,0,0,1,0,0,1,0,,,,,,,,
17267506,2,1,N,N,43,2HGFB2F5XCH601727,2012,17,44,256,104,N,,1,2,16,4,1,,,,N,SOUTHSIDE WRECKER INC,4704 S. LAMAR BLVD,N,,,,,,,,,,,,,,,,,,,,,,0,,,,,,,,,,3,1,0,0,1,0,0,1,0,,,,,,,,
17267506,3,1,Y,N,43,RFVPAC20881005047,2008,2,725,3024,71,N,,2,,2,4,12,,,,N,ROCHAS TOWING SERVICE,5700 BURLESON RD,N,,,,,,,,,,,,,,,,,,,,,,0,,,,,,,,,,5,2,0,0,0,0,1,0,0,,,,,,,,
17267507,1,1,N,N,43,1FMYU02123KE10073,2003,3,37,711,104,N,78753,1,1,12,1,3,,,,,,,N,,,,,,,,,,,,,,,,,,,,,,37,,,,,,,,,,3,1,0,0,0,1,0,0,0,,,,,,,,
17267507,2,1,N,N,43,WDCGG8HB6AF338994,2010,3,65,118,104,N,78752,1,1,3,1,10,,,,N,,,N,,,,,,,,,,,,,,,,,,,,,,0,,,,,,,,,,7,1,0,0,1,0,0,1,0,,,,,,,,
17267508,1,1,N,N,43,2HGFB2F55DH505635,2013,9,44,256,104,N,78758,1,2,2,3,12,7,2,8,N,ROCHAS TOWING SERVICE,ROCHAS TOWING SERVICE,N,,,,,,,,,,,,,,,,,,,,,,15,,,20,,,,,,,3,1,0,0,1,0,0,1,0,,,,,,,,
17267508,2,1,N,N,43,1D7RB1GP4BS550616,2011,5,710,4100,30,N,78640,1,2,12,3,2,3,2,11,N,ARMADA TOWING,ARMADA TOWING,N,,,,,,,,,,,,,,,,,,,,,,0,,,,,,,,,,7,1,0,0,1,0,0,1,0,,,,,,,,
17267508,3,1,N,N,43,1FMRU15W82LA83317,2002,2,37,601,69,N,78610,1,2,3,2,11,,,,N,ATX-VIP TOWING SERVICES,ATX-VIP TOWING SERVICES,N,,,,,,,,,,,,,,,,,,,,,,0,,,,,,,,,,1,2,0,0,1,1,0,1,0,,,,,,,,
17267509,1,1,N,N,43,5NPE34AB3HH546973,2017,17,45,462,104,N,78621,1,2,15,2,11,,,,Y,EZ AUTO AND TOWING SERVICE,EZ AUTO AND TOWING SERVICE,N,,,,,,,,,,,,,,,,,,,,,,35,,,,,,,,,,3,1,0,0,0,2,0,0,0,,,,,,,,
17267509,2,1,N,N,43,KMHD84LF8KU835594,2019,17,45,480,104,N,77077,1,2,2,1,12,,,,N,,,N,,,,,,,,,,,,,,,,,,,,,,0,,,,,,,,,,5,1,0,0,0,2,0,0,0,,,,,,,,
17267510,1,1,N,N,43,3HGGK5G88FM755230,2015,9,44,1083,104,N,78748,1,2,11,4,,,,,Y,ARMADA TOWING,ARMADA TOWING,N,,,,,,,,,,,,,,,,,,,,,,34,,,,,,,,,,3,1,0,2,0,0,0,2,0,,,,,,,,
17267510,2,1,N,N,43,5TFRM5F1XAX013193,2010,16,91,687,30,N,78745,1,2,4,2,,,,,N,,,N,,,,,,,,,,,,,,,,,,,,,,0,,,,,,,,,,5,1,0,0,1,0,0,1,0,,,,,,,,
17267511,1,1,N,N,43,1GCHSBEA6K1228768,2019,9,107,979,30,N,78750,1,2,9,4,7,3,2,10,N,NA,NA,N,,,,,,,,,,,,,,,,,,,,,,34,,,,,,,,,,8,1,0,0,0,1,0,0,0,,,,,,,,
17267511,2,1,N,N,43,3N1CN7AP2GL855480,2016,11,71,1452,104,N,78726,1,2,3,4,2,9,3,9,N,ARMADA TOWING,"9706 MIDDLE FISKVILLE RD, AUSTIN, 78753",N,,,,,,,,,,,,,,,,,,,,,,0,,,,,,,,,,2,1,1,0,0,0,0,1,0,,,,,,,,
17267512,1,1,N,N,43,1GNEC16Z42J327014,2002,8,107,2203,69,N,78704,1,2,11,2,8,,,,N,EZ AUTO AND TOWING SERVICE,EZ AUTO AND TOWING SERVICE,N,,,,,,,,,,,,,,,,,,,,,,35,,,,,,,,,,8,1,0,0,0,1,0,0,0,,,,,,,,
17267512,2,1,N,N,43,JTEBU5JR1J5530372,2018,21,91,395,69,N,77007,1,2,4,3,1,,,,N,SOUTHSIDE WRECKER INC,8200 S. CONGRESS AVE,N,,,,,,,,,,,,,,,,,,,,,,0,,,,,,,,,,2,1,0,0,0,1,0,0,0,,,,,,,,
17267513,1,1,N,N,43,1G1PC5SB1E7402330,2014,17,107,2209,104,N,78750,1,2,2,2,12,15,2,9,N,EZ AUTO AND TOWING SERVICE,1830 OAK HILL LN,N,,,,,,,,,,,,,,,,,,,,,,37,20,,,,,,,,,7,1,1,0,0,0,0,1,0,,,,,,,,
17267513,2,1,N,N,43,5FYD5FV019B035906,2009,3,498,1410,47,N,78702,1,7,4,2,1,,,,N,,,Y,Y,N,Y,3,5,78702,4,42540,0,N,,,,,2,13,,,,,,0,,,,,,,,,,3,1,0,0,0,1,0,0,0,Y,2,,,,,N,
17267514,1,1,N,N,43,1FTRW07L73KA54703,2003,11,37,2324,30,N,78664,1,2,2,2,12,,,,N,,,N,,,,,,,,,,,,,,,,,,,,,,0,,,,,,,,,,5,1,0,0,0,1,0,0,0,,,,,,,,
17267514,2,1,N,N,43,1D3HW48K68S565388,2008,2,109,82,30,N,78753,1,2,6,2,6,,,,N,,,N,,,,,,,,,,,,,,,,,,,,,,0,,,,,,,,,,5,1,0,0,0,1,1,0,0,,,,,,,,
17267515,1,1,N,N,43,2GNAXHEVXK6292115,2019,21,107,1048,69,N,78729,1,2,15,4,9,,,,N,ARMADA TOWING,ARMADA TOWING,N,,,,,,,,,,,,,,,,,,,,,,37,,,,,,,,,,3,1,0,0,0,1,0,0,0,,,,,,,,
17267515,2,1,N,N,43,JHMGE8H39BC025282,2011,21,44,1083,104,N,78254,1,2,2,4,1,,,,,620 LAKESIDE TOWING,620 LAKESIDE TOWING,N,,,,,,,,,,,,,,,,,,,,,,0,,,,,,,,,,5,1,0,0,0,1,0,0,0,,,,,,,,
17267516,1,1,N,N,43,5XXGM4A79CG075272,2012,17,55,715,104,N,78704,1,1,2,3,12,,,,N,HARPERS TOWING SERVICE INC,HARPERS TOWING SERVICE INC,N,,,,,,,,,,,,,,,,,,,,,,20,,,,,,,,,,3,1,0,0,0,1,0,0,0,,,,,,,,
17267516,2,1,N,N,43,2GKALMEK9C6124670,2012,17,39,1392,104,N,78704,1,1,8,2,4,,,,N,ROCHAS TOWING SERVICE,ROCHAS TOWING SERVICE,N,,,,,,,,,,,,,,,,,,,,,,20,,,,,,,,,,5,1,0,0,0,1,0,0,0,,,,,,,,
17267517,1,1,N,N,43,WB1044005EZW23349,2014,21,14,21,90,Y,78701,1,7,26,1,,,,,,AUS-TEX AUTO ENTERPRISES LLC,250,N,,,,,,,,,,,,,,,,,,,,,,0,,,,,,,,,,1,1,0,0,0,1,0,0,0,,,,,,,,
17267517,2,1,N,N,43,WB1044004CZW21427,2012,21,14,21,90,Y,78701,1,7,26,1,,,,,,AUS-TEX AUTO ENTERPRISES LLC,250,N,,,,,,,,,,,,,,,,,,,,,,0,,,,,,,,,,1,1,0,1,0,0,0,1,0,,,,,,,,
17267518,1,1,N,N,43,3VW167AJ9HM230564,2017,5,96,316,104,N,78747,1,2,16,2,5,,,,N,EZ AUTO AND TOWING SERVICE,EZ AUTO AND TOWING SERVICE,N,,,,,,,,,,,,,,,,,,,,,,37,,,,,,,,,,3,1,0,0,1,0,0,1,0,,,,,,,,
17267518,2,1,N,N,43,1HGCR2F89FA268576,2015,21,44,236,104,N,78748,1,2,2,2,12,,,,N,SPECIAL AUTOMOTIVE SERVICE INC,SPECIAL AUTOMOTIVE SERVICE INC,N,,,,,,,,,,,,,,,,,,,,,,0,,,,,,,,,,7,1,0,0,0,1,0,0,0,,,,,,,,
17267518,3,1,Y,N,43,4P1CV01E9AA010862,2010,16,181,1079,23,Y,78721,4,7,7,0,8,,,,N,,,N,,,,,,,,,,,,,,,,,,,,,,0,,,,,,,,,,2,2,0,0,0,0,0,0,0,,,,,,,,
17267519,1,1,N,N,43,1FM5K8AR1HGB22859,2017,12,37,554,105,Y,78702,4,,3,5,10,,,,N,AUS-TEX AUTO ENTERPRISES LLC,AUS-TEX AUTO ENTERPRISES LLC,N,,,,,,,,,,,,,,,,,,,,,,48,,,,,,,,,,6,1,1,0,0,0,0,1,0,,,,,,,,
17267519,2,1,N,N,43,5N1AR2MM0EC705983,2014,17,71,531,104,N,78745,1,1,4,5,2,,,,N,A-TEX TOWING,5526 1/2 W HWY 290,N,,,,,,,,,,,,,,,,,,,,,,32,,,,,,,,,,8,1,0,0,0,1,0,0,0,,,,,,,,
17267520,1,1,N,N,43,JM1BL1K54B1494620,2011,3,63,272,0,N,78726,1,1,4,2,1,15,1,9,N,,,N,,,,,,,,,,,,,,,,,,,,,,4,,,,,,,,,,11,1,0,0,0,0,1,0,0,,,,,,,,
17267520,2,1,N,N,43,1C4PJLAB2FW592150,2015,3,429,970,0,N,76548,1,1,10,3,3,,,,N,,,N,,,,,,,,,,,,,,,,,,,,,,0,,,,,,,,,,11,1,0,0,0,0,2,0,0,,,,,,,,
17267520,3,1,N,N,43,1FADP5AU4JL102578,2018,2,37,101,0,N,78640,1,1,15,4,9,,,,N,620 LAKESIDE TOWING,620 LAKESIDE TOWING,N,,,,,,,,,,,,,,,,,,,,,,0,,,,,,,,,,11,2,0,0,0,0,2,0,0,,,,,,,,
17267521,1,1,N,N,50,JF2SH6AC1AH746586,2010,10,85,443,69,N,82070,1,1,2,3,12,,,,N,STARS TOWING,STARS TOWING,N,,,,,,,,,,,,,,,,,,,,,,0,,,,,,,,,,5,1,0,0,0,2,0,0,0,,,,,,,,
17267521,2,1,N,N,43,3FAHP07ZX9R103058,2009,17,37,1097,69,N,77339,1,1,2,3,12,,,,N,ATX-VIP TOWING SERVICES,ATX-VIP TOWING SERVICES,N,,,,,,,,,,,,,,,,,,,,,,0,,,,,,,,,,1,1,0,0,0,1,0,0,0,,,,,,,,
17267522,1,1,N,N,43,KMHDH4AE2GU584301,2016,3,45,480,104,N,78702,1,2,2,5,12,,,,N,ARMADA TOWING,ARMADA TOWING,N,,,,,,,,,,,,,,,,,,,,,,44,,,,,,,,,,11,1,0,0,1,0,0,1,0,,,,,,,,
17267522,2,1,N,N,43,3MZBN1U72JM200171,2018,3,63,3917,104,N,78660,1,2,6,3,6,,,,N,,,N,,,,,,,,,,,,,,,,,,,,,,0,,,,,,,,,,11,1,0,0,1,0,0,1,0,,,,,,,,
17267644,1,1,N,N,43,2GDEG25K2N4528958,1992,10,39,3036,103,N,78753,3,1,2,3,12,,,,N,,,N,,,,,,,,,,,,,,,,,,,,,,16,74,,,,,,,,,4,1,0,1,0,0,0,1,0,,,,,,,,
17267644,2,1,N,N,43,1GTG6CEN8H1217336,2017,2,39,958,30,N,78724,1,1,9,3,9,,,,Y,AVILES & GABES WRECKER SERVICE INC.,AVILES & GABES WRECKER SERVICE INC.,N,,,,,,,,,,,,,,,,,,,,,,0,,,,,,,,,,2,1,0,0,0,2,0,0,0,,,,,,,,
17267645,1,1,N,N,43,2C3CCAAG4HH553011,2017,17,21,65,104,N,78626,1,2,16,3,3,,,,Y,STARS TOWING,STARS TOWING,N,,,,,,,,,,,,,,,,,,,,,,0,,,,,,,,,,8,1,0,0,0,1,0,0,0,,,,,,,,
17267645,2,1,N,N,36,JTEBU5JR8E5196282,2014,9,91,395,69,N,74012,1,2,2,4,12,,,,Y,EZ AUTO AND TOWING SERVICE,EZ AUTO AND TOWING SERVICE,N,,,,,,,,,,,,,,,,,,,,,,0,,,,,,,,,,4,1,0,0,0,2,0,0,0,,,,,,,,
17267646,1,1,N,N,43,3HGGK5G79HM709707,2017,9,44,1083,100,N,03827,1,1,3,3,11,,,,N,EZ AUTO AND TOWING SERVICE,EZ AUTO AND TOWING SERVICE,N,,,,,,,,,,,,,,,,,,,,,,53,,,20,,,,,,,1,1,0,0,0,1,0,0,0,,,,,,,,
17267646,2,1,N,N,43,JTEGP21A260105978,2006,2,91,721,104,N,77073,1,1,8,2,5,,,,N,,,N,,,,,,,,,,,,,,,,,,,,,,0,,,,,,,,,,1,1,0,0,0,2,0,0,0,,,,,,,,
17267647,1,1,N,N,43,3FAHP06Z69R204485,2009,10,37,696,104,N,78752,1,2,4,4,10,,,,N,,,N,,,,,,,,,,,,,,,,,,,,,,20,,,,,,,,,,11,1,0,0,0,1,0,0,0,,,,,,,,
17267647,2,1,N,N,43,JTHBB1BAXA2018699,2010,16,58,1156,104,N,78753,2,,2,5,1,,,,Y,STARS TOWING,STARS TOWING,N,,,,,,,,,,,,,,,,,,,,,,0,,,,,,,,,,11,1,0,0,0,1,0,0,0,,,,,,,,
17267648,1,1,N,N,43,1FTPX12524NA22860,2004,9,37,2324,30,N,78617,1,2,3,3,,,,,Y,620 LAKESIDE TOWING,620 LAKESIDE TOWING,N,,,,,,,,,,,,,,,,,,,,,,0,,,,,,,,,,1,1,0,0,0,1,0,0,0,,,,,,,,
17267649,1,1,N,Y,43,1N4AL2AP1CN526766,2012,2,71,500,104,N,,2,,2,5,12,,,,Y,AUS-TEX AUTO ENTERPRISES LLC,IMPOUND,N,,,,,,,,,,,,,,,,,,,,,,20,,,,,,,,,,11,1,0,0,0,0,1,0,0,,,,,,,,
17267649,2,1,Y,N,43,1NXBR32E97Z863953,2007,9,91,173,104,N,78023,1,2,2,5,12,,,,N,AUS-TEX AUTO ENTERPRISES LLC,AUS-TEX AUTO ENTERPRISES LLC,N,,,,,,,,,,,,,,,,,,,,,,0,,,,,,,,,,11,1,0,0,0,0,0,0,0,,,,,,,,
17267650,1,1,N,N,43,JHMGK5H72GX013064,2016,16,44,1083,104,N,78741,1,2,2,2,12,,,,N,,,N,,,,,,,,,,,,,,,,,,,,,,,,,20,,,,,,,4,1,0,0,0,1,0,0,0,,,,,,,,
17267650,2,1,N,N,43,1GNSCBKC5GR207726,2016,16,107,547,69,N,78731,1,2,6,1,6,,,,N,,,N,,,,,,,,,,,,,,,,,,,,,,0,,,,,,,,,,4,1,0,0,0,1,0,0,0,,,,,,,,
17267651,1,1,N,N,43,4P1BCAGF7FA015654,2015,16,181,1623,23,Y,78702,1,7,11,1,9,,,,N,,,N,,,,,,,,,,,,,,,,,,,,,,0,,,,,,,,,,4,1,0,0,0,4,0,0,0,,,,,,,,
17267651,2,1,N,Y,,,,16,107,658,30,N,,,,,,,,,,N,,,N,,,,,,,,,,,,,,,,,,,,,,,,,45,,,,,,,4,1,0,0,0,0,1,0,0,,,,,,,,
17267652,1,1,N,N,43,2G1FD1E35F9234262,2015,16,107,46,100,N,79705,1,2,15,1,,,,,Y,SOUTHSIDE WRECKER INC,8200 S. CONGRESS AVE,N,,,,,,,,,,,,,,,,,,,,,,45,,,,,,,,,,5,1,0,0,0,2,0,0,0,,,,,,,,
17267652,2,1,N,N,43,1C3CDZCB8CN147875,2012,2,109,549,104,N,78702,1,2,4,1,1,,,,Y,,,N,,,,,,,,,,,,,,,,,,,,,,0,,,,,,,,,,7,1,0,0,0,1,0,0,0,,,,,,,,
17267653,1,1,N,Y,43,1FTRW128X9FA59615,2009,9,37,2324,30,N,,2,,5,0,6,,,,N,,,N,,,,,,,,,,,,,,,,,,,,,,74,,,,,,,,,,6,1,0,0,0,0,1,0,0,,,,,,,,
17267653,2,1,N,N,43,1FADP3F23HL347569,2017,9,37,696,104,N,78744,1,1,4,5,12,,,,N,A-TEX TOWING,5526 1/2 W HWY 290,N,,,,,,,,,,,,,,,,,,,,,,20,,,,,,,,,,6,1,0,0,0,5,0,0,0,,,,,,,,
17267654,1,1,N,N,43,2HGFG12876H506431,2006,9,44,256,100,N,78753,2,,2,1,12,,,,Y,AUS-TEX AUTO ENTERPRISES LLC,AUS-TEX AUTO ENTERPRISES LLC,N,,,,,,,,,,,,,,,,,,,,,,68,,,,,,,,,,4,1,0,0,0,3,0,0,0,,,,,,,,
17267655,1,1,N,N,43,5GRGN22U16H122273,2006,2,112,3493,69,N,78070,1,1,1,3,12,,,,N,,,N,,,,,,,,,,,,,,,,,,,,,,20,,,,,,,,,,7,1,0,0,0,1,0,0,0,,,,,,,,
17267656,1,1,N,Y,43,1GCRCSE00BZ264207,2011,9,107,2202,30,N,78748,1,2,4,1,12,3,1,11,N,NOT TOWED,NOT TOWED,N,,,,,,,,,,,,,,,,,,,,,,45,60,,,,,,,,,6,1,0,0,0,1,0,0,0,,,,,,,,
17267656,2,1,Y,N,43,WAUEFAFL7DN019615,2013,2,8,2148,104,N,78734,2,,8,2,5,,,,N,SOUTHSIDE WRECKER INC,8200 S. CONGRESS AVE,N,,,,,,,,,,,,,,,,,,,,,,0,,,,,,,,,,4,1,0,0,0,0,0,0,0,,,,,,,,
17267657,1,1,N,N,43,1HGFA16886L144690,2006,9,44,107,104,N,78723,1,2,2,7,12,,,,N,EZ AUTO AND TOWING SERVICE,EZ AUTO AND TOWING SERVICE,N,,,,,,,,,,,,,,,,,,,,,,45,,,,,,,,,,1,1,0,0,0,1,0,0,0,,,,,,,,
17267657,2,1,N,N,43,2G4WC582771241133,2007,3,105,34,104,N,78758,1,2,6,7,6,,,,N,EZ AUTO AND TOWING SERVICE,EZ AUTO AND TOWING SERVICE,N,,,,,,,,,,,,,,,,,,,,,,0,,,,,,,,,,1,1,0,2,0,0,0,2,0,,,,,,,,
17267658,1,1,N,Y,9,,,5,,,69,N,,,,,,,,,,,,,N,,,,,,,,,,,,,,,,,,,,,,0,,,,,,,,,,5,1,0,0,0,0,0,0,0,,,,,,,,
17267658,2,4,,,,,,,,,,,,,,,,,,,,,,,,,,,,,,,,,,,,,,,,,,,,,0,,,,,,,,,,9,1,1,0,0,0,0,1,0,,,,,,,,
17267659,1,1,N,N,43,1HGCM56727A054327,2007,9,44,236,104,N,78758,1,2,2,3,12,6,3,6,Y,CLARK AUTO CARE,CLARK AUTO CARE,N,,,,,,,,,,,,,,,,,,,,,,0,,,,,,,,8,,5,1,0,0,0,0,1,0,0,,,,,,,,
17267660,1,1,N,N,43,1YVHZ8BH4D5M08837,2013,17,63,870,104,N,78634,1,1,1,3,12,,,,Y,CLARK AUTO CARE,CLARK AUTO CARE,N,,,,,,,,,,,,,,,,,,,,,,0,,,,,,,,,,1,1,0,0,0,1,0,0,0,,,,,,,,
17267660,2,1,N,N,43,5TDZK23C28S169304,2008,,91,648,104,N,78729,1,1,5,2,6,,,,N,,,N,,,,,,,,,,,,,,,,,,,,,,0,,,,,,,,,,1,1,0,0,0,1,0,0,0,,,,,,,,
17267661,1,1,N,N,43,1N4AZ0CP2FC303586,2015,9,71,2506,104,N,78745,1,1,1,6,12,,,,Y,A-TEX TOWING,5526 1/2 W HWY 290,N,,,,,,,,,,,,,,,,,,,,,,67,20,,,,,,,,,8,1,0,0,0,1,0,0,0,,,,,,,,
17267661,2,1,N,N,43,1FTRF12257KD38227,2007,16,37,2324,30,N,78748,1,1,5,1,6,,,,N,,,N,,,,,,,,,,,,,,,,,,,,,,74,,,,,,,,,,8,1,0,0,0,2,0,0,0,,,,,,,,
17267662,1,1,N,N,43,1GNDS13S142141563,2004,9,107,732,69,N,78664,1,2,4,2,1,,,,Y,AUS-TEX AUTO ENTERPRISES LLC,AUS-TEX AUTO ENTERPRISES LLC,N,,,,,,,,,,,,,,,,,,,,,,67,,,,,,,,,,2,1,0,0,0,1,0,0,0,,,,,,,,