Crash_ID,Unit_Nbr,Unit_Desc_ID,Veh_Parked_Fl,Veh_HNR_Fl,Veh_Lic_State_ID,VIN,Veh_Mod_Year,Veh_Color_ID,Veh_Make_ID,Veh_Mod_ID,Veh_Body_Styl_ID,Emer_Respndr_Fl,Ownr_Zip,Fin_Resp_Proof_ID,Fin_Resp_Type_ID,Veh_Dmag_Area_1_ID,Veh_Dmag_Scl_1_ID,Force_Dir_1_ID,Veh_Dmag_Area_2_ID,Veh_Dmag_Scl_2_ID,Force_Dir_2_ID,Veh_Inventoried_Fl,Veh_Transp_Name,Veh_Transp_Dest,Veh_Cmv_Fl,Cmv_Fiveton_Fl,Cmv_Hazmat_Fl,Cmv_Nine_Plus_Pass_Fl,Cmv_Veh_Oper_ID,Cmv_Carrier_ID_Type_ID,Cmv_Carrier_Zip,Cmv_Veh_Type_ID,Cmv_GVWR,Cmv_RGVW,Cmv_Hazmat_Rel_Fl,Hazmat_Cls_1_ID,Hazmat_IDNbr_1_ID,Hazmat_Cls_2_ID,Hazmat_IDNbr_2_ID,Cmv_Cargo_Body_ID,Cmv_Evnt1_ID,Cmv_Evnt2_ID,Cmv_Evnt3_ID,Cmv_Evnt4_ID,Cmv_Tot_Axle,Cmv_Tot_Tire,Contrib_Factr_1_ID,Contrib_Factr_2_ID,Contrib_Factr_3_ID,Contrib_Factr_P1_ID,Contrib_Factr_P2_ID,Veh_Dfct_1_ID,Veh_Dfct_2_ID,Veh_Dfct_3_ID,Veh_Dfct_P1_ID,Veh_Dfct_P2_ID,Veh_Trvl_Dir_ID,First_Harm_Evt_Inv_ID,Sus_Serious_Injry_Cnt,Nonincap_Injry_Cnt,Poss_Injry_Cnt,Non_Injry_Cnt,Unkn_Injry_Cnt,Tot_Injry_Cnt,Death_Cnt,Cmv_Disabling_Damage_Fl,Cmv_Bus_Type_ID,Trlr_GVWR,Trlr_RGVW,Trlr_Type_ID,Trlr_Disabling_Dmag_ID,Cmv_Intermodal_Container_Permit_Fl,CMV_Actual_Gross_Weight
17267663,1,1,N,Y,43,JNKCV54E65M412178,2005,3,47,764,100,N,78640,2,,2,4,12,,,,Y,SPECIAL AUTOMOTIVE SERVICE INC,SPECIAL AUTOMOTIVE SERVICE INC,N,,,,,,,,,,,,,,,,,,,,,,74,,,,,,,,,,1,1,0,0,0,0,1,0,0,,,,,,,,
17267663,2,1,N,N,43,1GKS1KE00ER200216,2014,5,39,3093,104,N,78655,1,1,15,2,9,,,,N,,,N,,,,,,,,,,,,,,,,,,,,,,0,,,,,,,,,,1,1,0,0,0,2,0,0,0,,,,,,,,
17267664,1,1,N,N,43,5XXGM4A78EG345997,2014,17,55,715,104,N,78726,2,,2,2,12,,,,N,620 LAKESIDE TOWING,620 LAKESIDE TOWING,N,,,,,,,,,,,,,,,,,,,,,,44,,,67,,,,,,,1,1,0,0,0,1,0,0,0,,,,,,,,
17267664,2,1,N,N,43,JF2GPANC9G8229289,2016,3,85,4157,69,N,78732,1,1,6,2,6,,,,N,,,N,,,,,,,,,,,,,,,,,,,,,,0,,,,,,,,,,1,1,0,0,1,0,0,1,0,,,,,,,,
17267665,1,1,N,Y,43,5NPD84LF0HH008437,2017,2,45,480,104,N,78721,2,,2,4,12,,,,Y,SOUTHSIDE WRECKER INC,8200 S. CONGRESS AVE,N,,,,,,,,,,,,,,,,,,,,,,20,,,,,,,,,,1,1,0,1,0,0,1,1,0,,,,,,,,
17267665,2,1,N,N,43,1GNEC13R9XJ405444,1999,9,107,547,69,N,78617,1,2,7,3,6,,,,N,,,N,,,,,,,,,,,,,,,,,,,,,,0,,,,,,,,,,1,1,0,1,0,0,0,1,0,,,,,,,,
17267665,3,1,N,N,43,1V2DR2CA3JC538178,2018,3,96,184,69,N,78602,1,2,8,1,5,,,,N,,,N,,,,,,,,,,,,,,,,,,,,,,0,,,,,,,,,,1,2,0,0,0,2,0,0,0,,,,,,,,
17267666,1,1,N,N,43,2G1FP22KX22168092,2002,3,107,60,100,N,78664,2,,11,4,11,13,4,10,Y,EZ AUTO AND TOWING SERVICE,EZ AUTO AND TOWING SERVICE,N,,,,,,,,,,,,,,,,,,,,,,40,,,,,,,,,,2,1,0,0,0,1,0,0,0,,,,,,,,
17267666,2,1,N,N,43,1GNALPEKXDZ128642,2013,21,107,1048,69,N,78612,1,2,12,1,5,,,,N,,,N,,,,,,,,,,,,,,,,,,,,,,0,,,,,,,,,,2,1,0,0,0,1,0,0,0,,,,,,,,
17267667,1,1,N,N,43,JF1GV8J61DL026764,2013,17,85,516,104,N,78723,1,2,1,6,12,,,,Y,ATX-VIP TOWING SERVICES,ATX-VIP TOWING SERVICES,N,,,,,,,,,,,,,,,,,,,,,,0,,,,,,,,,,3,1,0,0,1,0,0,1,0,,,,,,,,
17267674,1,1,N,N,3,1GDG5C1G07F903619,2007,21,39,105,106,N,85004,1,3,15,1,10,,,,N,U HAUL,U HAUL,N,,,,,,,,,,,,,,,,,,,,,,20,,,,,,,,,,3,1,0,0,0,1,0,0,0,,,,,,,,
17267715,1,1,N,Y,43,5KBCP3F88AB015017,2010,11,44,236,104,N,78721,2,,2,1,12,,,,N,,,N,,,,,,,,,,,,,,,,,,,,,,20,,,,,,,,,,3,1,0,0,0,0,1,0,0,,,,,,,,
17267715,2,1,N,N,43,5NPDH4AE1DH440300,2013,9,45,480,104,N,78613,1,2,5,2,6,,,,N,,,N,,,,,,,,,,,,,,,,,,,,,,0,,,,,,,,,,3,1,0,0,2,0,0,2,0,,,,,,,,
17267716,1,1,N,N,43,,2019,2,208,763,71,N,07054,2,,,,,,,,N,,,N,,,,,,,,,,,,,,,,,,,,,,74,,,,,,,,,,1,1,1,0,0,0,0,1,0,,,,,,,,
17267716,2,1,N,N,43,3N1AB7AP9KY233213,2019,9,71,341,104,N,77479,1,2,2,2,12,,,,N,,,N,,,,,,,,,,,,,,,,,,,,,,0,,,,,,,,,,7,1,0,0,0,1,0,0,0,,,,,,,,
17267718,1,1,N,Y,43,1C3CCCFB6GN183176,2016,21,21,2258,104,N,78748,3,1,1,4,12,,,,N,DRIVER,LEFT THE SCENE,N,,,,,,,,,,,,,,,,,,,,,,33,,,,,,,,,,7,1,0,0,0,0,1,0,0,,,,,,,,
17267718,2,1,N,N,43,19UUA66266A052358,2006,17,1,564,104,N,78748,1,1,15,6,9,,,,N,EZ AUTO AND TOWING SERVICE,"1830 OAK HILL LN, AUSTIN TX 78744",N,,,,,,,,,,,,,,,,,,,,,,0,,,,,,,,,,3,1,1,0,0,0,0,1,0,,,,,,,,
17267719,1,1,N,N,43,1B3HB48B77D563724,2007,13,109,951,69,N,78744,1,2,2,4,12,7,1,6,Y,ARMADA TOWING,ARMADA TOWING,N,,,,,,,,,,,,,,,,,,,,,,,,,15,,,,,,,5,1,0,1,0,0,0,1,0,,,,,,,,
17267719,2,1,N,N,43,5J8TB18578A005586,2008,17,1,1301,69,N,78704,1,2,16,4,3,3,2,10,Y,ROCHAS TOWING SERVICE,ROCHAS TOWING SERVICE,N,,,,,,,,,,,,,,,,,,,,,,0,,,,,,,,,,7,1,0,0,0,0,1,0,0,,,,,,,,
17267719,3,1,N,N,43,1HGCV2F3XJA037484,2018,2,44,236,104,N,78744,1,2,2,2,12,,,,N,,,N,,,,,,,,,,,,,,,,,,,,,,0,,,,,,,,,,3,2,0,0,0,0,2,0,0,,,,,,,,
17267721,1,1,N,N,43,1N4AL3AP8FN341298,2015,9,71,500,104,N,78753,1,1,15,6,9,,,,Y,ROCHAS TOWING SERVICE,ROCHAS TOWING SERVICE,N,,,,,,,,,,,,,,,,,,,,,,20,,,,,,,,,,7,1,0,1,0,0,0,1,0,,,,,,,,
17267721,2,1,N,N,43,1GTEC14Z5SZ557481,1995,16,39,105,30,N,78753,1,1,2,4,12,,,,N,,,N,,,,,,,,,,,,,,,,,,,,,,0,,,,,,,,,,1,1,0,0,0,1,0,0,0,,,,,,,,
17267722,1,1,N,N,43,KMHDU4AD0AU142840,2010,21,45,480,104,N,,1,2,4,5,2,2,4,12,N,AVILES & GABES WRECKER SERVICE INC.,AVILES & GABES WRECKER SERVICE INC.,N,,,,,,,,,,,,,,,,,,,,,,,,,20,19,,,,,,5,1,0,0,0,1,0,0,0,,,,,,,,
17267722,2,1,N,N,43,5YJ3E1EA6JF041242,2018,3,602,2562,104,N,,1,2,6,3,6,,,,,DRIVEABLE,DRIVEABLE,N,,,,,,,,,,,,,,,,,,,,,,0,,,,,,,,,,5,1,0,0,0,1,0,0,0,,,,,,,,
17267722,3,1,N,N,43,JF2SJAFC6FH578449,2015,10,85,646,104,N,,1,2,13,4,9,11,4,9,,ROCHAS TOWING SERVICE,ROCHAS TOWING SERVICE,N,,,,,,,,,,,,,,,,,,,,,,0,,,,,,,,,,5,2,0,0,0,1,0,0,0,,,,,,,,
17267727,1,1,N,N,43,JTHBK1GG7D2068932,2013,17,58,1052,104,N,78750,1,2,12,1,2,,,,N,,,N,,,,,,,,,,,,,,,,,,,,,,0,,,,,,,,,,5,1,0,0,0,1,0,0,0,,,,,,,,
17267727,2,1,N,N,43,1FM5K7B80EGA33764,2014,21,37,554,104,N,78741,1,2,13,3,9,12,2,3,,STARS TOWING,STARS TOWING,N,,,,,,,,,,,,,,,,,,,,,,0,,,,,,,,,,5,1,0,0,0,1,0,0,0,,,,,,,,
17267727,3,1,N,N,43,1FTFW1CF2DFB74833,2013,17,37,2324,30,N,78757,1,2,15,3,9,,,,N,,,N,,,,,,,,,,,,,,,,,,,,,,0,,,,,,,,,,5,2,0,0,0,1,0,0,0,,,,,,,,
17267732,1,1,N,N,43,1FMFU17577LA26752,2007,21,37,601,104,N,78738,1,2,4,1,1,,,,Y,TEXAN TOWING,8200 S. CONGRESS AVE,N,,,,,,,,,,,,,,,,,,,,,,,,,67,,,,,,,8,1,0,0,0,1,0,0,0,,,,,,,,
17267732,2,1,Y,N,43,WAUCNCF58KA016461,2019,2,8,893,104,N,78665,1,2,7,1,7,,,,N,,,N,,,,,,,,,,,,,,,,,,,,,,0,,,,,,,,,,7,1,0,0,0,0,0,0,0,,,,,,,,
17267737,1,1,N,N,43,JTDKB20U540116379,2004,16,91,702,104,N,78704,2,,2,5,12,,,,Y,SOUTHSIDE WRECKER INC,8200 S. CONGRESS AVE,N,,,,,,,,,,,,,,,,,,,,,,67,,,,,,,,,,7,1,0,0,0,1,0,0,0,,,,,,,,
17267737,2,1,N,N,43,JTJYARBZ7H2082189,2017,9,58,3884,104,N,78130,1,2,6,4,6,,,,N,ARMADA TOWING,ARMADA TOWING,N,,,,,,,,,,,,,,,,,,,,,,0,,,,,,,,,,7,1,0,0,0,2,0,0,0,,,,,,,,
17267739,1,1,N,N,43,3C4FY58B94T211728,2004,15,21,709,104,N,78221,1,2,2,5,12,,,,Y,STARS TOWING,STARS TOWING,N,,,,,,,,,,,,,,,,,,,,,,22,,,,,,,,,,2,1,0,0,1,0,0,1,0,,,,,,,,
17267739,2,1,N,N,43,1FTEW1EG1GFD54987,2016,17,37,2324,30,N,78617,1,2,10,2,6,2,1,12,N,,,N,,,,,,,,,,,,,,,,,,,,,,0,,,,,,,,,,2,1,0,0,5,0,0,5,0,,,,,,,,
17267739,3,1,N,N,43,2HGFB2F87FH552890,2015,3,44,256,104,N,78610,1,2,10,1,6,,,,N,,,N,,,,,,,,,,,,,,,,,,,,,,0,,,,,,,,,,2,2,0,0,0,1,0,0,0,,,,,,,,
17267740,1,1,N,N,43,1C4NJPBB7GD590453,2016,9,429,1273,69,N,78640,2,,11,5,10,,,,Y,EZ AUTO AND TOWING SERVICE,EZ AUTO AND TOWING SERVICE,N,,,,,,,,,,,,,,,,,,,,,,,,,15,,,,,,,6,1,0,0,0,1,0,0,0,,,,,,,,
17267740,2,1,N,N,43,JM1DE1LY4E0176602,2014,16,63,272,100,N,78731,1,2,4,5,1,,,,Y,EZ AUTO AND TOWING SERVICE,EZ AUTO AND TOWING SERVICE,N,,,,,,,,,,,,,,,,,,,,,,,,,15,,,,,,,8,1,0,0,0,1,0,0,0,,,,,,,,
17267742,1,1,N,N,43,KMHDH6AE9DU003917,2013,21,45,480,100,N,78660,2,,2,6,2,,,,Y,ROCHAS TOWING SERVICE,ROCHAS TOWING SERVICE,N,,,,,,,,,,,,,,,,,,,,,,37,,,,,,,,,,7,1,0,0,0,2,0,0,0,,,,,,,,
17267742,2,1,N,N,43,JM1BK343861451124,2006,9,63,3917,104,N,78723,1,1,2,6,12,,,,Y,AVILES & GABES WRECKER SERVICE INC.,AVILES & GABES WRECKER SERVICE INC.,N,,,,,,,,,,,,,,,,,,,,,,60,,,,,,,,,,3,1,0,1,0,1,0,1,0,,,,,,,,
17267743,1,1,N,N,43,1FMCU0GD5KUA79117,2019,9,37,711,69,N,78748,1,1,2,1,12,,,,N,,,N,,,,,,,,,,,,,,,,,,,,,,74,,,,,,,,,,1,1,0,1,0,0,0,1,0,,,,,,,,
17267744,1,1,N,N,43,2G2FS22K3X2200639,1999,3,118,152,100,N,78653,1,1,2,6,12,6,6,6,Y,AUS-TEX AUTO ENTERPRISES LLC,AUS-TEX AUTO ENTERPRISES LLC,N,,,,,,,,,,,,,,,,,,,,,,0,,,,,,,,,,3,1,1,0,0,0,0,1,1,,,,,,,,
17267744,2,1,Y,N,43,JTDKB20U083409594,2008,21,91,702,104,N,,2,,13,3,4,,,,N,,,N,,,,,,,,,,,,,,,,,,,,,,0,,,,,,,,,,1,2,0,0,0,0,1,0,0,,,,,,,,
17267744,3,1,Y,N,43,5FNRL38846B101143,2006,99,44,107,103,N,78758,2,,5,1,6,,,,N,,,N,,,,,,,,,,,,,,,,,,,,,,0,,,,,,,,,,5,1,0,0,0,0,1,0,0,,,,,,,,
17267745,1,1,N,N,43,1G1PC5SH1G7215516,2016,17,107,2209,104,N,78045,1,2,4,2,12,2,2,11,N,EZ AUTO AND TOWING SERVICE,EZ AUTO AND TOWING SERVICE,N,,,,,,,,,,,,,,,,,,,,,,45,22,,,,,,,,,4,1,0,2,0,0,0,2,0,,,,,,,,
17267745,2,1,Y,N,43,1GCWGBFF2H1345453,2017,22,107,731,103,N,78132,1,2,11,2,9,16,2,3,N,EZ AUTO AND TOWING SERVICE,EZ AUTO AND TOWING SERVICE,N,,,,,,,,,,,,,,,,,,,,,,0,,,,,,,,,,2,1,0,0,0,0,0,0,0,,,,,,,,
17267745,3,1,Y,N,43,1FTFW1EF5CKE06084,2012,3,37,2324,30,N,78046,1,2,4,1,1,,,,N,NOT TOWED,NOT TOWED,N,,,,,,,,,,,,,,,,,,,,,,0,,,,,,,,,,6,2,0,0,0,0,0,0,0,,,,,,,,
17267746,1,1,N,N,43,1GNEK13Z23R193355,2003,10,107,547,69,N,78616,1,2,3,1,11,,,,N,SPECIAL AUTOMOTIVE SERVICE INC,SPECIAL AUTOMOTIVE SERVICE INC,N,,,,,,,,,,,,,,,,,,,,,,68,67,23,20,,,,,,,8,1,0,0,0,1,0,0,0,,,,,,,,
17267746,2,1,Y,N,43,JN8AF5MRXBT012428,2011,9,71,2505,69,N,78744,1,1,3,1,11,,,,N,,,N,,,,,,,,,,,,,,,,,,,,,,0,,,,,,,,,,4,1,0,0,0,0,0,0,0,,,,,,,,
17267747,1,1,N,N,43,3GCEC13JX7G537875,2007,21,107,658,30,N,78759,1,2,1,5,12,,,,N,,,N,,,,,,,,,,,,,,,,,,,,,,,,,20,,,,,,,7,1,0,0,0,1,0,0,0,,,,,,,,
17267747,2,1,N,N,43,1GCWGGFA8C1108685,2012,21,107,731,103,N,78616,1,2,9,6,9,,,,Y,AUS-TEX AUTO ENTERPRISES LLC,AUS-TEX AUTO ENTERPRISES LLC,N,,,,,,,,,,,,,,,,,,,,,,0,,,,,,,,,,5,1,0,0,1,0,0,1,0,,,,,,,,
17267748,1,1,N,N,43,JM3TB28A390179199,2009,9,63,1009,69,N,78702,1,1,4,1,1,8,1,5,Y,SOUTHSIDE WRECKER INC,8200 S. CONGRESS AVE,N,,,,,,,,,,,,,,,,,,,,,,67,,,,,,,,,,11,1,0,0,0,1,0,0,0,,,,,,,,
17267748,2,1,Y,N,43,3GCUKSEC0JG381131,2018,2,107,658,30,N,78702,4,,3,1,2,,,,N,,,N,,,,,,,,,,,,,,,,,,,,,,0,,,,,,,,,,11,1,0,0,0,0,0,0,0,,,,,,,,
17267748,3,1,Y,N,43,2T3W1RFVXKW011438,2019,3,91,581,69,N,78724,4,,3,1,8,,,,N,,,N,,,,,,,,,,,,,,,,,,,,,,0,,,,,,,,,,11,2,0,0,0,0,0,0,0,,,,,,,,
17267749,1,1,N,N,43,5YFBURHE0EP107533,2014,9,91,173,104,N,78660,1,1,2,4,12,,,,Y,CLARK AUTO CARE,CLARK AUTO CARE,N,,,,,,,,,,,,,,,,,,,,,,67,71,,,,,,,,,7,1,0,0,0,1,0,0,0,,,,,,,,
17267749,2,1,N,N,43,JTKKT624465010702,2006,2,91,2574,104,N,78753,1,1,2,4,12,,,,Y,AVILES & GABES WRECKER SERVICE INC.,AVILES & GABES WRECKER SERVICE INC.,N,,,,,,,,,,,,,,,,,,,,,,0,,,,,,,,,,3,1,0,0,0,1,0,0,0,,,,,,,,
17267750,1,1,N,N,43,1G1ZD5ST7KF141124,2019,,107,56,104,N,79935,2,,3,3,11,,,,Y,ROCHAS TOWING SERVICE,PRONTO WRECKER SERVICE NORTH,N,,,,,,,,,,,,,,,,,,,,,,40,,,,,,,,,,1,1,0,0,0,1,0,0,0,,,,,,,,
17267751,1,1,N,N,43,4T4BE46KX7R008802,2007,18,91,380,104,N,78759,1,2,3,1,11,,,,N,,,N,,,,,,,,,,,,,,,,,,,,,,74,,,,,,,,,,3,1,0,0,0,1,0,0,0,,,,,,,,
17267751,2,4,,,,,,,,,,,,,,,,,,,,,,,,,,,,,,,,,,,,,,,,,,,,,0,,,,,,,,,,9,1,0,1,0,0,0,1,0,,,,,,,,
17267752,1,1,N,N,5,JM1DE1HZ0B0122775,2011,21,63,2472,100,N,78749,1,2,4,3,,,,,Y,HARPERS TOWING SERVICE INC,,N,,,,,,,,,,,,,,,,,,,,,,20,,,,,,,,,,1,1,0,0,0,1,0,0,0,,,,,,,,
17267752,2,1,N,N,43,5FPYK2F19HB008255,2017,2,44,1306,104,N,78745,1,2,3,3,,,,,Y,ROCHAS TOWING SERVICE,ROCHAS TOWING SERVICE,N,,,,,,,,,,,,,,,,,,,,,,0,,,,,,,,,,7,1,0,0,0,1,0,0,0,,,,,,,,
17267753,1,1,N,N,43,1N4AL3AP3FN362236,2015,17,71,500,104,N,77064,1,2,10,2,3,,,,N,STARS TOWING,STARS TOWING,N,,,,,,,,,,,,,,,,,,,,,,,,,15,,,,,,,3,1,0,0,0,2,0,0,0,,,,,,,,
17267753,2,1,N,N,43,5N1AL0MN3EC548643,2014,21,47,3579,104,N,78660,1,2,2,1,12,,,,N,STARS TOWING,STARS TOWING,N,,,,,,,,,,,,,,,,,,,,,,0,,,,,,,,,,1,1,0,0,0,2,0,0,0,,,,,,,,
17267754,1,1,N,N,43,1FM5K8ARXEGB59100,2014,2,37,554,104,Y,78701,1,7,2,0,12,,,,N,,,N,,,,,,,,,,,,,,,,,,,,,,44,,,,,,,,,,1,1,0,0,0,1,0,0,0,,,,,,,,
17267754,2,1,N,N,43,3MZBM1V77FM233465,2015,21,63,2480,104,N,78725,1,2,6,1,6,,,,N,,,N,,,,,,,,,,,,,,,,,,,,,,0,,,,,,,,,,1,1,0,0,0,1,0,0,0,,,,,,,,
17267793,1,1,N,N,43,3GNEC16Z23G298597,2003,17,107,249,69,N,78712,1,7,,,,,,,,,,N,,,,,,,,,,,,,,,,,,,,,,0,,,,,,,,,,6,1,0,0,0,1,0,0,0,,,,,,,,
17267793,2,1,Y,N,43,1FMCU0GDXKUA46808,2019,2,37,696,104,N,78653,1,1,,,,,,,N,,,N,,,,,,,,,,,,,,,,,,,,,,0,,,,,,,,,,2,1,0,0,0,0,0,0,0,,,,,,,,
17267809,1,1,N,N,43,1C4RJEBG2CC251343,2012,21,429,1116,69,N,78727,1,1,2,4,12,,,,,620 LAKESIDE TOWING,,N,,,,,,,,,,,,,,,,,,,,,,0,,,,,,,,,,3,1,0,0,0,1,0,0,0,,,,,,,,
17267809,2,1,N,N,43,5NPE24AF3FH073563,2016,21,45,462,104,N,78723,1,1,2,4,12,6,4,6,,,,N,,,,,,,,,,,,,,,,,,,,,,0,,,,,,,,,,3,1,0,0,1,0,0,1,0,,,,,,,,
17267809,3,1,N,N,43,4T1BF1FK2EU853405,2014,21,91,380,104,N,78727,1,1,2,3,12,6,3,6,,,,N,,,,,,,,,,,,,,,,,,,,,,0,,,,,,,,,,3,2,0,0,0,2,0,0,0,,,,,,,,
17267809,4,1,N,N,43,1C4PJLCB0JD604748,2018,9,429,970,69,N,78634,1,1,6,1,6,,,,,,,N,,,,,,,,,,,,,,,,,,,,,,0,,,,,,,,,,3,2,0,0,0,0,1,0,0,,,,,,,,
17267810,1,1,N,N,43,1FTEX1EP8GKE60583,2016,2,37,2324,30,N,78737,1,1,4,3,12,,,,N,EZ AUTO AND TOWING SERVICE,,N,,,,,,,,,,,,,,,,,,,,,,0,,,,,,,,,,5,1,0,0,0,1,0,0,0,,,,,,,,
17267810,2,1,N,N,43,JN8AZ2NC7C9316167,2012,21,47,1287,104,N,78739,1,1,7,3,6,,,,N,CLARK AUTO CARE,,N,,,,,,,,,,,,,,,,,,,,,,0,,,,,,,,,,5,1,0,0,0,2,0,0,0,,,,,,,,
17267811,1,1,N,N,43,1ZVFT80N075294621,2007,16,37,96,104,N,78727,1,2,2,4,12,,,,N,ARMADA TOWING,ARMADA TOWING,N,,,,,,,,,,,,,,,,,,,,,,20,,,,,,,,12,,1,2,0,1,0,2,0,1,0,,,,,,,,
17267811,2,1,N,N,43,KNDJT2A66D7634775,2013,9,55,1357,104,N,78741,1,2,6,4,6,2,4,12,N,SPECIAL,SPECIAL AUTOMOTIVE SERVICE INC,N,,,,,,,,,,,,,,,,,,,,,,0,,,,,,,,,,1,1,0,0,0,2,0,0,0,,,,,,,,
17267811,3,1,N,N,43,3C4NJDAB2JT337669,2018,16,429,983,104,N,76561,1,2,6,2,6,,,,N,,,N,,,,,,,,,,,,,,,,,,,,,,0,,,,,,,,,,1,1,0,0,0,4,0,0,0,,,,,,,,
17267811,4,1,N,N,43,3GCPCREC5EG366570,2014,2,107,60,106,N,76561,1,2,6,1,6,,,,N,,,N,,,,,,,,,,,,,,,,,,,,,,0,,,,,,,,,,1,2,0,0,0,2,0,0,0,,,,,,,,
17267812,1,1,N,N,43,1G1BE5SM6J7166760,2018,2,107,2209,104,N,77624,1,2,15,5,8,,,,Y,,,N,,,,,,,,,,,,,,,,,,,,,,26,,,20,,,,,,,3,1,0,0,0,1,0,0,0,,,,,,,,
17267812,2,1,N,N,43,3FAHP0HA5CR449292,2012,9,37,1097,104,N,78640,1,2,4,4,2,,,,Y,STARS TOWING,STARS TOWING,N,,,,,,,,,,,,,,,,,,,,,,19,,,20,,,,,,,3,1,0,0,0,1,0,0,0,,,,,,,,
17267813,1,1,N,Y,,,,17,,,104,N,,,,,,,,,,,,,N,,,,,,,,,,,,,,,,,,,,,,0,,,,,,,,,,5,1,0,0,0,0,1,0,0,,,,,,,,
17267813,2,1,N,N,43,JTHBE1BL3D5006454,2013,5,58,2438,104,N,78724,1,1,3,2,10,,,,N,,,N,,,,,,,,,,,,,,,,,,,,,,0,,,,,,,,,,5,1,0,0,1,1,0,1,0,,,,,,,,
17267814,1,1,N,N,43,4T1BE46K37U003824,2007,17,91,173,104,N,,2,,2,4,12,6,3,6,N,SPECIAL AUTOMOTIVE SERVICE INC,SPECIAL AUTOMOTIVE SERVICE INC,N,,,,,,,,,,,,,,,,,,,,,,0,,,,,,,,,,11,1,0,0,0,1,0,0,0,,,,,,,,
17267815,1,1,N,N,43,4T1BF1FKXFU924948,2015,17,91,380,104,N,78664,1,2,2,4,12,,,,N,EZ AUTO AND TOWING SERVICE,EZ AUTO AND TOWING SERVICE,N,,,,,,,,,,,,,,,,,,,,,,44,20,,,,,,,,,5,1,0,1,3,0,0,4,0,,,,,,,,
17267815,2,1,N,N,43,1HGCR2F33DA196503,2013,21,44,236,104,N,78665,1,2,6,3,6,,,,N,AUS-TEX AUTO ENTERPRISES LLC,AUS-TEX AUTO ENTERPRISES LLC,N,,,,,,,,,,,,,,,,,,,,,,0,,,,,,,,,,5,1,0,1,0,0,0,1,0,,,,,,,,
17267816,1,1,N,N,43,1C3BC4FB7BN610696,2011,9,21,2258,104,N,78702,1,2,4,3,,,,,Y,AVILES & GABES WRECKER SERVICE INC.,AVILES & GABES WRECKER SERVICE INC.,N,,,,,,,,,,,,,,,,,,,,,,44,,,,,,,,,,2,1,0,0,0,1,0,0,0,,,,,,,,
17267816,2,1,N,N,43,3N1CB51D76L519373,2006,9,71,341,104,N,78745,2,,8,4,,,,,Y,ROCHAS TOWING SERVICE,ROCHAS TOWING SERVICE,N,,,,,,,,,,,,,,,,,,,,,,14,,,,,,,,,,2,1,1,0,0,0,0,1,0,,,,,,,,
17267817,1,1,N,N,43,1GYEE437490134539,2009,21,106,1373,69,N,78617,1,2,4,0,1,,,,N,NA,NA,N,,,,,,,,,,,,,,,,,,,,,,,,,20,,,,,,,7,1,0,0,0,2,0,0,0,,,,,,,,
17267817,2,4,,,,,,,,,,,,,,,,,,,,,,,,,,,,,,,,,,,,,,,,,,,,,0,,,,,,,,,,9,1,0,1,0,0,0,1,0,,,,,,,,
17267818,1,1,N,N,43,1GCRCREH5FZ306493,2015,16,107,2236,30,N,78610,1,1,2,5,12,,,,Y,HARPERS TOWING SERVICE INC,HARPERS TOWING SERVICE INC,N,,,,,,,,,,,,,,,,,,,,,,44,,,,,,,,,,8,1,0,0,0,1,0,0,0,,,,,,,,
17267818,2,1,N,N,43,1FTFX1CF2BKD16843,2011,21,37,2324,30,N,78616,1,1,6,3,6,,,,N,HARPERS TOWING SERVICE INC,HARPERS TOWING SERVICE INC,N,,,,,,,,,,,,,,,,,,,,,,0,,,,,,,,,,8,1,0,0,0,1,0,0,0,,,,,,,,
17267819,1,1,N,N,43,JM1BL1L77D1731622,2013,16,63,3917,104,N,78741,1,1,1,1,12,,,,N,UNKNOWN INS TOW TRUCK,UNKNOWN INS TOW TRUCK,N,,,,,,,,,,,,,,,,,,,,,,41,,,,,,,,,,1,1,0,0,0,1,0,0,0,,,,,,,,
17267820,1,1,N,N,43,1FAHP36323W149664,2003,,37,696,104,N,78744,1,1,1,2,12,,,,,,,N,,,,,,,,,,,,,,,,,,,,,,0,,,,,,,,,,11,1,0,0,1,0,0,1,0,,,,,,,,
17267820,2,1,N,N,43,1GKEC16Z34J128598,2004,,39,3093,30,N,,1,1,1,2,12,,,,,,,N,,,,,,,,,,,,,,,,,,,,,,0,,,,,,,,,,11,1,0,0,0,1,0,0,0,,,,,,,,
17267821,1,1,N,N,43,2G11Z5SA8J9111148,2018,17,107,53,104,N,78660,1,2,2,2,12,,,,N,A & A WRECKER NORTH,A & A WRECKER NORTH,N,,,,,,,,,,,,,,,,,,,,,,44,,,,,,,,,,5,1,0,0,0,1,0,0,0,,,,,,,,
17267821,2,1,N,N,43,1FMCU0HD2JUA54575,2018,2,37,711,104,N,78739,1,2,6,2,6,2,2,12,N,,,N,,,,,,,,,,,,,,,,,,,,,,0,,,,,,,,,,5,1,0,1,0,0,0,1,0,,,,,,,,
17267821,3,1,N,N,43,5N1AL0MM8DC319994,2013,2,47,2389,104,N,78754,1,2,6,1,6,2,1,12,N,,,N,,,,,,,,,,,,,,,,,,,,,,0,,,,,,,,,,5,2,0,1,0,0,0,1,0,,,,,,,,
17267821,4,1,N,N,43,19UUA86249A022291,2009,2,1,564,104,N,78660,1,2,5,1,6,,,,N,,,N,,,,,,,,,,,,,,,,,,,,,,0,,,,,,,,,,5,2,0,1,0,0,0,1,0,,,,,,,,