Crash_ID,Unit_Nbr,Unit_Desc_ID,Veh_Parked_Fl,Veh_HNR_Fl,Veh_Lic_State_ID,VIN,Veh_Mod_Year,Veh_Color_ID,Veh_Make_ID,Veh_Mod_ID,Veh_Body_Styl_ID,Emer_Respndr_Fl,Ownr_Zip,Fin_Resp_Proof_ID,Fin_Resp_Type_ID,Veh_Dmag_Area_1_ID,Veh_Dmag_Scl_1_ID,Force_Dir_1_ID,Veh_Dmag_Area_2_ID,Veh_Dmag_Scl_2_ID,Force_Dir_2_ID,Veh_Inventoried_Fl,Veh_Transp_Name,Veh_Transp_Dest,Veh_Cmv_Fl,Cmv_Fiveton_Fl,Cmv_Hazmat_Fl,Cmv_Nine_Plus_Pass_Fl,Cmv_Veh_Oper_ID,Cmv_Carrier_ID_Type_ID,Cmv_Carrier_Zip,Cmv_Veh_Type_ID,Cmv_GVWR,Cmv_RGVW,Cmv_Hazmat_Rel_Fl,Hazmat_Cls_1_ID,Hazmat_IDNbr_1_ID,Hazmat_Cls_2_ID,Hazmat_IDNbr_2_ID,Cmv_Cargo_Body_ID,Cmv_Evnt1_ID,Cmv_Evnt2_ID,Cmv_Evnt3_ID,Cmv_Evnt4_ID,Cmv_Tot_Axle,Cmv_Tot_Tire,Contrib_Factr_1_ID,Contrib_Factr_2_ID,Contrib_Factr_3_ID,Contrib_Factr_P1_ID,Contrib_Factr_P2_ID,Veh_Dfct_1_ID,Veh_Dfct_2_ID,Veh_Dfct_3_ID,Veh_Dfct_P1_ID,Veh_Dfct_P2_ID,Veh_Trvl_Dir_ID,First_Harm_Evt_Inv_ID,Sus_Serious_Injry_Cnt,Nonincap_Injry_Cnt,Poss_Injry_Cnt,Non_Injry_Cnt,Unkn_Injry_Cnt,Tot_Injry_Cnt,Death_Cnt,Cmv_Disabling_Damage_Fl,Cmv_Bus_Type_ID,Trlr_GVWR,Trlr_RGVW,Trlr_Type_ID,Trlr_Disabling_Dmag_ID,Cmv_Intermodal_Container_Permit_Fl,CMV_Actual_Gross_Weight
17272778,1,1,N,N,43,NM0LS7F74E1162538,2014,21,37,2992,103,N,78759,1,2,2,3,12,,,,N,ROCHAS TOWING SERVICE,ROCHAS TOWING SERVICE,N,,,,,,,,,,,,,,,,,,,,,,34,,,,,,,,,,1,1,0,0,1,0,0,1,0,,,,,,,,
17272778,2,1,N,N,43,5J6RW1H81JA002156,2018,3,44,605,69,N,78722,1,2,6,3,3,,,,N,ROCHAS TOWING SERVICE,ROCHAS TOWING SERVICE,N,,,,,,,,,,,,,,,,,,,,,,0,,,,,,,,,,3,1,0,0,0,1,0,0,0,,,,,,,,
17272779,1,1,N,N,43,WVGAV7AX1GW597396,2016,17,96,1396,104,N,78717,1,1,10,6,3,,,,N,620 LAKESIDE TOWING,620 LAKESIDE TOWING,N,,,,,,,,,,,,,,,,,,,,,,74,,,,,,,,,,7,1,0,0,1,0,0,1,0,,,,,,,,
17272779,2,1,N,N,43,3FADP4AJ7EM136440,2014,17,37,229,104,N,78729,1,1,2,6,1,,,,N,STARS TOWING,STARS TOWING,N,,,,,,,,,,,,,,,,,,,,,,74,,,,,,,,,,3,1,0,1,0,0,0,1,0,,,,,,,,
17272780,1,1,N,N,43,1FD0W5HT2KEC98045,2020,21,37,865,30,N,78704,1,2,15,1,9,,,,N,,,N,,,,,,,,,,,,,,,,,,,,,,,,,15,,,,,,,3,1,0,0,0,2,0,0,0,,,,,,,,
17272780,2,1,N,N,43,3VWCA7AU8FM514511,2015,21,96,381,104,N,76550,1,2,2,3,12,,,,Y,SPECIAL AUTOMOTIVE SERVICE INC,SPECIAL AUTOMOTIVE SERVICE INC,N,,,,,,,,,,,,,,,,,,,,,,,,,15,,,,,,,5,1,0,0,1,0,0,1,0,,,,,,,,
17272781,1,1,N,N,43,2CNDL13F776012318,2007,9,107,1048,69,N,78640,1,1,1,2,12,,,,Y,A & A WRECKER NORTH,A & A WRECKER NORTH,N,,,,,,,,,,,,,,,,,,,,,,4,,,,,,,,,,3,1,0,0,0,1,0,0,0,,,,,,,,
17272781,2,1,N,N,43,YV4952DL4C2319982,2012,17,98,544,69,N,78754,1,1,5,1,6,,,,N,NONE,NONE,N,,,,,,,,,,,,,,,,,,,,,,0,,,,,,,,,,3,1,0,0,0,1,0,0,0,,,,,,,,
17272781,3,1,N,N,43,15GGD2714G1187513,2016,3,40,3031,47,N,78702,1,1,5,0,12,,,,N,NONE,NONE,N,,,,,,,,,,,,,,,,,,,,,,0,,,,,,,,,,3,2,0,2,0,9,0,2,0,,,,,,,,
17272783,1,1,N,N,43,SAJWA2G72J8W17314,2018,2,51,1471,104,N,78660,1,2,,,,,,,N,,,N,,,,,,,,,,,,,,,,,,,,,,59,,,,,,,,,,11,1,0,0,0,1,0,0,0,,,,,,,,
17272783,2,4,,,,,,,,,,,,,,,,,,,,,,,,,,,,,,,,,,,,,,,,,,,,,0,,,,,,,,,,9,1,0,1,0,0,0,1,0,,,,,,,,
17272783,3,4,,,,,,,,,,,,,,,,,,,,,,,,,,,,,,,,,,,,,,,,,,,,,0,,,,,,,,,,9,2,0,0,0,1,0,0,0,,,,,,,,
17272783,4,4,,,,,,,,,,,,,,,,,,,,,,,,,,,,,,,,,,,,,,,,,,,,,0,,,,,,,,,,9,2,0,1,0,0,0,1,0,,,,,,,,
17272784,1,1,N,N,43,1G1AK58F787265255,2008,16,107,978,104,N,76140,1,1,2,1,12,,,,N,,,N,,,,,,,,,,,,,,,,,,,,,,22,,,20,,,,,,,5,1,0,0,0,1,0,0,0,,,,,,,,
17272784,2,1,N,N,43,5XXGM4A70EG330426,2014,21,55,715,104,N,78660,1,1,6,1,,,,,N,,,N,,,,,,,,,,,,,,,,,,,,,,0,,,,,,,,,,5,1,0,0,1,0,0,1,0,,,,,,,,
17272786,1,1,N,N,25,1FTFW1ET0DKD25355,2013,3,37,2324,30,N,63628,1,2,4,2,12,,,,,SPECIAL AUTOMOTIVE SERVICE INC,SPECIAL AUTOMOTIVE SERVICE INC,N,,,,,,,,,,,,,,,,,,,,,,20,,,,,,,,,,1,1,0,0,0,1,0,0,0,,,,,,,,
17272786,2,1,N,N,43,JTDKBRFU3H3040567,2017,17,91,702,104,N,90401,1,2,11,1,8,,,,,ATX-VIP TOWING SERVICES,ATX-VIP TOWING SERVICES,N,,,,,,,,,,,,,,,,,,,,,,0,,,,,,,,,,7,1,0,0,0,1,0,0,0,,,,,,,,
17272787,1,1,N,N,43,1FADP3K21HL249369,2017,9,37,696,104,N,78723,1,2,15,5,9,,,,Y,LAMONT & SONS,LAMONT & SONS,N,,,,,,,,,,,,,,,,,,,,,,,,,20,,,,,,,3,1,0,0,0,1,0,0,0,,,,,,,,
17272787,2,1,N,N,43,1FATP8EM9F5356239,2015,9,37,96,100,N,78754,1,2,2,5,,,,,Y,A & A WRECKER NORTH,A & A WRECKER NORTH,N,,,,,,,,,,,,,,,,,,,,,,0,,,,,,,,,,5,1,0,0,0,1,0,0,0,,,,,,,,
17272788,1,1,N,N,43,,2007,21,37,601,104,N,,1,1,2,2,12,6,2,6,N,,,N,,,,,,,,,,,,,,,,,,,,,,0,,,,,,,,,,3,1,0,0,0,2,0,0,0,,,,,,,,
17272788,2,1,N,N,43,,2002,9,107,547,104,N,78723,1,1,2,5,12,6,3,6,N,ROCHAS TOWING SERVICE,ROCHAS TOWING SERVICE,N,,,,,,,,,,,,,,,,,,,,,,0,,,,,,,,,,3,1,0,0,0,1,0,0,0,,,,,,,,
17272788,3,1,N,N,43,,2018,9,44,107,104,N,78754,1,1,2,6,12,,,,N,ATX-VIP TOWING SERVICES,ATX-VIP TOWING SERVICES,N,,,,,,,,,,,,,,,,,,,,,,0,,,,,,,,,,3,2,0,0,0,1,0,0,0,,,,,,,,
17272790,1,1,N,N,43,1GNFC13097R382187,2007,3,107,547,69,N,78723,1,2,2,2,12,,,,Y,A & A WRECKER NORTH,OWNERS RESIDENCE/REQUEST,N,,,,,,,,,,,,,,,,,,,,,,0,,,,,,,,,,7,1,0,0,0,1,0,0,0,,,,,,,,
17272790,2,1,N,N,43,1HGCR2F55GA126054,2016,3,44,236,104,N,78736,1,2,6,4,6,,,,Y,AVILES & GABES WRECKER SERVICE INC.,AVILES & GABES WRECKER SERVICE INC.,N,,,,,,,,,,,,,,,,,,,,,,0,,,,,,,,,,7,1,0,0,0,1,0,0,0,,,,,,,,
17272791,1,1,N,N,43,JHMCP26788C062148,2008,9,44,236,104,N,78209,1,2,2,2,12,,,,N,,,N,,,,,,,,,,,,,,,,,,,,,,,,,20,,,,,,,3,1,0,0,0,1,0,0,0,,,,,,,,
17272791,2,1,N,N,43,19UUA5660YA062125,2000,9,1,2608,104,N,78653,1,2,14,3,3,,,,N,SPECIAL AUTOMOTIVE SERVICE INC,SPECIAL AUTOMOTIVE SERVICE INC,N,,,,,,,,,,,,,,,,,,,,,,0,,,,,,,,,,4,1,0,1,0,0,0,1,0,,,,,,,,
17272827,1,1,N,N,43,WBA4A9C56FGL85510,2015,21,14,2733,104,N,78748,1,2,4,2,11,,,,N,AUS-TEX AUTO ENTERPRISES LLC,AUS-TEX AUTO ENTERPRISES LLC,N,,,,,,,,,,,,,,,,,,,,,,22,,,,,,,,,,1,1,0,0,0,2,0,0,0,,,,,,,,
17272827,2,1,N,N,43,3MYDLBYV0HY172939,2017,21,91,687,30,N,78752,1,2,,,,,,,N,,,N,,,,,,,,,,,,,,,,,,,,,,0,,,,,,,,,,1,1,0,1,0,3,0,1,0,,,,,,,,
17272829,1,1,N,N,43,SMTD00NS48J342263,2008,2,735,4350,71,N,78745,2,,15,2,8,,,,Y,ROCHAS TOWING SERVICE,ROCHAS TOWING SERVICE,N,,,,,,,,,,,,,,,,,,,,,,45,60,,,,,,,,,3,1,0,1,0,0,0,1,0,,,,,,,,
17272830,1,1,N,N,43,2T3ZFREV8EW075658,2014,2,91,581,69,N,78752,1,1,11,3,7,,,,N,STARS TOWING,STARS TOWING,N,,,,,,,,,,,,,,,,,,,,,,0,,,,,,,,,,3,1,0,0,0,1,0,0,0,,,,,,,,
17272830,2,1,N,N,43,5YFBURHE9GP567910,2016,17,91,173,104,N,,1,1,5,2,6,,,,N,,,N,,,,,,,,,,,,,,,,,,,,,,0,,,,,,,,,,5,1,0,0,0,1,0,0,0,,,,,,,,
17272832,1,1,N,N,43,2G1FB1EV4A9164351,2010,2,107,46,100,N,78758,1,2,,,,,,,N,,,N,,,,,,,,,,,,,,,,,,,,,,20,,,,,,,,,,5,1,0,0,0,1,0,0,0,,,,,,,,
17272832,2,4,,,,,,,,,,,,,,,,,,,,,,,,,,,,,,,,,,,,,,,,,,,,,59,,,,,,,,,,9,1,0,1,0,0,0,1,0,,,,,,,,
17272833,1,1,N,N,43,1C3CCBCG9DN595890,2013,1,21,2258,104,N,78729,1,1,7,1,9,,,,,,,N,,,,,,,,,,,,,,,,,,,,,,20,4,,,,,,,,,1,1,0,0,0,1,0,0,0,,,,,,,,
17272833,2,1,N,N,43,1HGCR3F88DA002503,2013,9,44,236,104,N,78664,1,1,4,1,1,,,,,,,N,,,,,,,,,,,,,,,,,,,,,,0,,,,,,,,,,1,1,0,1,0,0,0,1,0,,,,,,,,
17272839,1,1,N,N,43,JNKCV54E35M417788,2005,9,47,764,100,N,78666,1,1,2,6,12,,,,N,ARMADA TOWING,9706 MIDDLE FISKVILLE RD,N,,,,,,,,,,,,,,,,,,,,,,20,,,60,41,,,,,,5,1,0,0,0,0,1,0,0,,,,,,,,
17272839,2,1,Y,N,43,1FTNE1EW7DDA42805,2013,21,37,600,103,N,78754,1,2,6,6,6,,,,N,PARKED,PARKED,N,,,,,,,,,,,,,,,,,,,,,,0,,,,,,,,,,11,1,0,0,0,0,0,0,0,,,,,,,,
17272839,3,1,Y,N,43,1HGCG165XWA007348,1998,15,44,236,104,N,78745,2,,6,6,6,,,,N,PARKED,PARKED,N,,,,,,,,,,,,,,,,,,,,,,0,,,,,,,,,,11,2,0,0,0,0,0,0,0,,,,,,,,
17272839,4,1,Y,N,43,JM1NA3511N1302579,1992,3,63,272,100,N,78727,1,1,6,6,6,,,,N,PARKED,PARKED,N,,,,,,,,,,,,,,,,,,,,,,0,,,,,,,,,,11,2,0,0,0,0,0,0,0,,,,,,,,
17272839,5,1,Y,N,43,4S4BSANC5J3318221,2018,11,85,168,69,N,78754,1,1,10,2,1,,,,N,OWNER,OWNER,N,,,,,,,,,,,,,,,,,,,,,,0,,,,,,,,,,11,2,0,0,0,0,0,0,0,,,,,,,,
17272840,1,1,N,N,43,2HGES16525H526403,2005,8,44,256,104,N,78741,2,,2,3,12,,,,N,ATX-VIP TOWING SERVICES,ATX-VIP TOWING SERVICES,N,,,,,,,,,,,,,,,,,,,,,,34,,,,,,,,,,5,1,0,0,0,2,0,0,0,,,,,,,,
17272840,2,1,N,N,43,WDDGF54X88R034007,2008,9,65,839,104,N,78621,1,2,12,2,3,,,,N,A-TEX TOWING,A-TEX TOWING,N,,,,,,,,,,,,,,,,,,,,,,0,,,,,,,,,,7,1,0,0,0,1,0,0,0,,,,,,,,
17272841,1,1,N,N,43,1FTEW1C89AKB70603,2010,21,37,2324,30,N,77493,1,1,3,2,10,,,,N,,,N,,,,,,,,,,,,,,,,,,,,,,74,,,,,,,,,,3,1,0,0,0,2,0,0,0,,,,,,,,
17272841,2,1,N,N,59,WDDKJ5GB5BF122207,2011,21,65,839,100,N,78732,1,1,14,4,4,,,,N,SPECIAL AUTOMOTIVE SERVICE INC,SPECIAL AUTOMOTIVE SERVICE INC,N,,,,,,,,,,,,,,,,,,,,,,0,,,,,,,,,,3,1,0,0,0,1,1,0,0,,,,,,,,
17272843,1,1,N,N,24,1KXWDB9X0VJ741815,1997,21,208,763,87,N,39730,1,2,1,1,12,,,,N,,,Y,Y,N,N,1,3,,7,80000,0,N,,,,,12,13,,,,,,44,,,,,,,,,,5,1,0,0,0,1,0,0,0,N,0,,,,,N,
17272843,2,1,N,N,43,1N6AA07AX4N589564,2004,21,71,1397,30,N,78617,1,2,5,1,6,1,1,12,N,,,N,,,,,,,,,,,,,,,,,,,,,,0,,,,,,,,,,5,1,0,0,0,2,0,0,0,,,,,,,,
17272843,3,1,N,N,43,5FNRL38688B082730,2008,3,44,571,104,N,78749,1,2,5,1,6,1,1,12,N,,,N,,,,,,,,,,,,,,,,,,,,,,0,,,,,,,,,,5,2,0,1,0,4,0,1,0,,,,,,,,
17272843,4,1,N,N,43,1GNDS13S422411138,2002,2,107,732,104,N,78745,1,2,5,1,6,1,1,12,N,,,N,,,,,,,,,,,,,,,,,,,,,,0,,,,,,,,,,5,2,0,0,0,2,0,0,0,,,,,,,,
17272843,5,1,N,N,43,3C4PDCAB5JT310265,2019,2,109,1166,104,N,78640,1,2,5,1,6,,,,N,,,N,,,,,,,,,,,,,,,,,,,,,,0,,,,,,,,,,5,2,0,0,0,1,0,0,0,,,,,,,,
17272844,1,1,N,N,43,4T1BG22K61U061387,2001,9,91,380,104,N,78723,2,,2,5,12,,,,N,BULLET TOWING,BULLET TOWING,N,,,,,,,,,,,,,,,,,,,,,,20,,,,,,,,,,7,1,0,0,0,1,0,0,0,,,,,,,,
17272844,2,1,N,N,43,4T1BK46K47U541943,2007,21,91,380,104,N,78753,1,1,10,5,3,,,,N,ARMADA TOWING,ARMADA TOWING,N,,,,,,,,,,,,,,,,,,,,,,0,,,,,,,,,,1,1,0,0,1,0,0,1,0,,,,,,,,
17272848,1,1,N,Y,,,,21,,,92,N,,,,,,,,,,,,,N,,,,,,,,,,,,,,,,,,,,,,,,,60,,,,,,,2,1,0,0,0,0,1,0,0,,,,,,,,
17272848,2,1,N,Y,,,,21,,,92,N,,,,,,,,,,,,,N,,,,,,,,,,,,,,,,,,,,,,,,,60,,,,,,,2,2,0,0,0,0,1,0,0,,,,,,,,
17272848,3,1,N,N,43,1HGCM56326A129684,2006,2,44,256,104,N,78645,1,2,2,4,12,6,2,6,Y,EZ AUTO AND TOWING SERVICE,EZ AUTO AND TOWING SERVICE,N,,,,,,,,,,,,,,,,,,,,,,0,,,,,,,,,,2,1,0,0,0,1,0,0,0,,,,,,,,
17272848,4,1,N,N,43,2MEFM74W73X682157,2003,8,114,1114,104,N,78660,1,2,10,2,3,15,1,6,Y,EZ AUTO AND TOWING SERVICE,EZ AUTO AND TOWING SERVICE,N,,,,,,,,,,,,,,,,,,,,,,0,,,,,,,,,,2,2,0,0,1,1,0,1,0,,,,,,,,
17272848,5,1,N,N,43,JTEEW44A792029474,2009,21,91,721,104,N,78620,1,2,13,1,8,,,,N,NOT TOWED,NOT TOWED,N,,,,,,,,,,,,,,,,,,,,,,0,,,,,,,,,,2,2,0,0,0,1,0,0,0,,,,,,,,
17272850,1,1,N,N,42,1C6RR6TT7KS608621,2019,21,109,2275,30,N,74134,1,2,1,7,12,,,,Y,AUS-TEX AUTO ENTERPRISES LLC,AUS-TEX AUTO ENTERPRISES LLC,N,,,,,,,,,,,,,,,,,,,,,,40,,,,,,,,,,3,1,0,1,0,0,0,1,0,,,,,,,,
17272851,1,1,N,N,43,4S4BRCBCXB3435547,2011,21,85,1268,104,N,75056,1,1,2,6,12,6,2,6,N,AVILES & GABES WRECKER SERVICE INC.,AVILES & GABES WRECKER SERVICE INC.,N,,,,,,,,,,,,,,,,,,,,,,0,,,,,,,,,,6,1,0,0,0,1,0,0,0,,,,,,,,
17272851,2,1,N,N,43,5TFJX4GN9CX008151,2012,21,91,629,30,N,78728,1,1,8,4,6,2,1,12,N,,,N,,,,,,,,,,,,,,,,,,,,,,0,,,,,,,,,,6,1,0,0,1,0,0,1,0,,,,,,,,
17272851,3,1,N,N,43,2C3CCABG6EH352575,2014,3,21,65,104,N,76539,1,1,6,3,6,2,2,12,N,,,N,,,,,,,,,,,,,,,,,,,,,,0,,,,,,,,,,6,2,0,0,0,1,0,0,0,,,,,,,,
17272851,4,1,N,N,43,1G1ZH5SX8GF349835,2016,17,107,56,104,N,78628,1,1,6,2,12,,,,N,,,N,,,,,,,,,,,,,,,,,,,,,,0,,,,,,,,,,6,2,0,0,0,1,0,0,0,,,,,,,,
17272851,5,1,N,N,43,1C4PJLCS5EW182745,2014,21,429,970,104,N,78653,1,1,4,3,12,,,,N,A-TEX TOWING,A-TEX TOWING,N,,,,,,,,,,,,,,,,,,,,,,0,,,,,,,,,,6,2,0,0,1,1,0,1,0,,,,,,,,
17272852,1,1,N,N,18,4T4BF3EK2BR177374,2011,16,91,380,104,N,78724,1,2,2,3,12,,,,N,EZ AUTO,EZ AUTO,N,,,,,,,,,,,,,,,,,,,,,,22,,,,,,,,,,5,1,0,0,0,2,0,0,0,,,,,,,,
17272852,2,1,N,N,43,1ZVFT80N755202370,2005,17,37,96,100,N,78521,1,2,6,2,6,,,,N,DRIVEN AWAY,DRIVEN AWAY,N,,,,,,,,,,,,,,,,,,,,,,0,,,,,,,,,,5,1,0,0,0,1,0,0,0,,,,,,,,
17272854,1,1,N,N,43,1FM5K7F86EGA23833,2014,9,37,554,69,N,78738,1,2,2,1,12,,,,N,DRIVEN AWAY,DRIVEN AWAY,N,,,,,,,,,,,,,,,,,,,,,,,,,20,,,,,,,3,1,0,0,0,1,0,0,0,,,,,,,,
17272854,2,3,,,,,,,,,,,,,,,,,,,,,,,,,,,,,,,,,,,,,,,,,,,,,0,,,,,,,,,,9,1,0,0,1,0,0,1,0,,,,,,,,
17272855,1,1,N,N,43,WA1ECCFS2HR004690,2020,9,8,2671,69,N,78738,1,2,16,2,3,,,,N,ROCHAS TOWING SERVICE,AUDI NORTH - POND SPRINGS,N,,,,,,,,,,,,,,,,,,,,,,33,,,,,,,,,,6,1,0,0,0,1,0,0,0,,,,,,,,
17272855,2,1,N,N,43,1V2DR2CA2JC589736,2018,16,96,184,69,N,78739,1,2,2,1,12,,,,N,,,N,,,,,,,,,,,,,,,,,,,,,,0,,,,,,,,,,2,1,0,0,0,1,0,0,0,,,,,,,,
17272857,1,1,N,N,43,1G6AC5SX3G0101789,2016,2,106,2190,104,N,78753,1,2,11,2,9,,,,Y,AVILES & GABES WRECKER SERVICE INC.,COVERT CADILLAC,N,,,,,,,,,,,,,,,,,,,,,,0,,,,,,,,,,3,1,0,0,0,1,0,0,0,,,,,,,,
17272857,2,1,N,N,43,1G1PC5SH8C7373636,2012,2,107,2209,104,N,78730,1,2,4,1,12,,,,N,OWNER,OWNER,N,,,,,,,,,,,,,,,,,,,,,,0,,,,,,,,,,5,1,0,0,0,2,0,0,0,,,,,,,,
17272858,1,1,N,N,43,1GCRCPEC8FZ149321,2015,21,107,658,30,N,75051,1,2,1,1,12,,,,N,,,N,,,,,,,,,,,,,,,,,,,,,,44,,,20,,,,,,,7,1,0,0,0,1,0,0,0,,,,,,,,
17272858,2,1,N,N,43,2HKRM3H73DH524279,2013,17,44,107,104,N,78745,1,2,6,3,6,,,,Y,HARPERS TOWING SERVICE INC,HARPERS TOWING SERVICE INC,N,,,,,,,,,,,,,,,,,,,,,,0,,,,,,,,,,7,1,0,0,1,0,0,1,0,,,,,,,,
17272858,3,1,N,N,43,5TDKK3DC7FS560841,2015,21,91,648,103,N,78744,1,2,1,0,1,6,0,6,N,,,N,,,,,,,,,,,,,,,,,,,,,,0,,,,,,,,,,7,2,0,0,0,1,0,0,0,,,,,,,,
17272858,4,1,N,N,43,3C4PDCBG6DT552769,2013,9,109,1166,69,N,78744,1,2,1,2,1,6,1,6,N,,,N,,,,,,,,,,,,,,,,,,,,,,0,,,,,,,,,,7,2,0,0,0,1,0,0,0,,,,,,,,
17272881,1,1,N,N,43,3C4NJCBB9KT692509,2019,2,429,983,69,N,78653,1,2,2,2,12,,,,N,TOWING AND GOING,TOWING AND GOING,N,,,,,,,,,,,,,,,,,,,,,,22,,,,,,,,,,8,1,0,0,0,1,0,0,0,,,,,,,,
17272881,2,1,N,N,43,3GTP1VE05BG210531,2011,9,39,2356,30,N,78724,1,2,6,1,6,,,,Y,ROCHAS TOWING SERVICE,ROCHAS TOWING SERVICE,N,,,,,,,,,,,,,,,,,,,,,,0,,,,,,,,,,8,1,0,0,0,1,0,0,0,,,,,,,,
17272884,1,1,N,N,14,WBAUP9C57CVL91144,,21,14,2163,100,N,47374,1,1,2,3,12,,,,Y,ARMADA TOWING,ARMADA TOWING,N,,,,,,,,,,,,,,,,,,,,,,0,,,,,,,,,,5,1,0,0,0,1,0,0,0,,,,,,,,
17272884,2,1,N,N,43,1GNSKKE72DR179168,2013,17,107,2215,69,N,78660,1,1,6,1,6,,,,N,,,N,,,,,,,,,,,,,,,,,,,,,,0,,,,,,,,,,5,1,0,0,0,1,0,0,0,,,,,,,,
17272885,1,1,N,Y,,,,9,,,104,N,,,,4,1,12,,,,N,,,N,,,,,,,,,,,,,,,,,,,,,,22,44,41,,,,,,,,5,1,0,0,0,0,1,0,0,,,,,,,,
17272885,2,1,N,N,43,1C6RR7NT1JS111405,2018,21,109,2275,30,N,78665,1,1,7,2,6,,,,N,,,N,,,,,,,,,,,,,,,,,,,,,,0,,,,,,,,,,5,1,0,1,0,0,0,1,0,,,,,,,,
17272886,1,1,N,N,43,JM1NDAC75J0202441,2018,17,63,2481,100,N,78748,1,2,2,3,12,,,,N,A-TEX TOWING,A-TEX TOWING,N,,,,,,,,,,,,,,,,,,,,,,44,,,,,,,,,,5,1,0,0,0,1,0,0,0,,,,,,,,
17272886,2,1,N,N,43,3C6UR5CJ7FG674506,2015,21,710,4101,30,N,78671,1,2,10,1,6,,,,N,,,N,,,,,,,,,,,,,,,,,,,,,,0,,,,,,,,,,5,1,0,0,0,3,0,0,0,,,,,,,,
17272888,1,1,N,N,43,2HKYF18684H534758,2004,21,44,761,104,N,78749,1,2,4,2,1,,,,N,,,N,,,,,,,,,,,,,,,,,,,,,,,,,38,,,,,,,1,1,0,0,0,1,0,0,0,,,,,,,,
17272888,2,1,N,N,43,3MYDLBZV4GY105760,2016,17,91,4331,104,N,78741,1,2,3,2,11,,,,N,ROCHAS TOWING SERVICE,ROCHAS TOWING SERVICE,N,,,,,,,,,,,,,,,,,,,,,,,,,15,,,,,,,7,1,0,0,0,1,0,0,0,,,,,,,,
17274517,1,1,N,N,43,5TETX22N78Z538705,2008,17,91,629,30,N,78739,1,2,1,4,12,,,,N,EZ TOW: 512-291-8299,"1830 OAK HILL LN, AUSTIN, TX 78744",N,,,,,,,,,,,,,,,,,,,,,,22,,,20,,,,,,,3,1,0,0,0,1,0,0,0,,,,,,,,
17274517,2,1,N,N,43,1C6RREJT7KN844617,2019,9,109,2275,30,N,78041,1,2,3,4,6,5,3,11,N,EZ TOW: 512-291-8299,"1830 OAK HILL LN, AUSTIN, TX 78744",N,,,,,,,,,,,,,,,,,,,,,,0,,,,,,,,,,3,1,0,0,2,2,0,2,0,,,,,,,,
17274517,3,1,N,N,43,1GNLC2E07ER189927,2014,17,107,547,69,N,78701,1,7,8,3,5,,,,N,K&S TOWING: 512-291-3672,"721 W FM 1626, MANCHACA 78652",N,,,,,,,,,,,,,,,,,,,,,,0,,,,,,,,,,3,2,0,0,0,1,0,0,0,,,,,,,,
17274520,1,1,N,N,43,JKAZXCE159A024642,2009,13,53,3796,71,N,78727,1,2,26,1,,,,,Y,TRI CITY TOWING,"1415 CENTRAL CIRCLE PFLUGERVILLE, TX 786",N,,,,,,,,,,,,,,,,,,,,,,43,15,,,,,,,,,3,1,0,1,0,0,0,1,0,,,,,,,,
17274520,2,1,N,N,43,5TFJX4GN3EX035865,2014,16,91,629,30,N,78728,1,2,11,1,8,,,,N,,,N,,,,,,,,,,,,,,,,,,,,,,0,,,,,,,,,,1,1,0,0,1,0,0,1,0,,,,,,,,
17274969,1,1,N,Y,43,5TFRT58147X003588,2007,1,91,687,106,N,78640,1,1,,,,,,,N,,,N,,,,,,,,,,,,,,,,,,,,,,43,,,,,,,,,,4,1,0,0,0,0,1,0,0,,,,,,,,
17274969,2,1,N,N,15,5FNRL388X6B035522,2006,17,44,571,103,N,50131,1,1,3,2,11,,,,N,,,N,,,,,,,,,,,,,,,,,,,,,,0,,,,,,,,,,2,1,0,0,0,1,0,0,0,,,,,,,,
17276035,1,1,N,N,43,2C3KA53G47H722027,2007,17,21,65,104,N,78744,1,2,2,3,12,,,,Y,ARMADA TOWING,ARMADA TOWING,N,,,,,,,,,,,,,,,,,,,,,,67,,,,,,,,,,4,1,0,0,1,0,1,1,0,,,,,,,,
17276042,1,1,N,N,43,1GTCS19W9Y8246885,2000,3,39,459,30,N,78758,1,1,15,3,7,,,,Y,ARMADA TOWING,ARMADA TOWING,N,,,,,,,,,,,,,,,,,,,,,,0,,,,,,,,,,6,1,0,0,0,1,0,0,0,,,,,,,,
17276043,1,1,N,N,43,3N1CN7AP0FL803666,2015,17,71,69,104,N,78666,1,2,2,3,12,,,,N,EZ AUTO AND TOWING SERVICE,EZ AUTO AND TOWING SERVICE,N,,,,,,,,,,,,,,,,,,,,,,44,,,,,,,,,,1,1,0,0,1,0,0,1,0,,,,,,,,
17276043,2,1,N,N,43,4S3GKAD65H3618342,2017,11,85,168,104,N,78640,1,2,,,,,,,,,,N,,,,,,,,,,,,,,,,,,,,,,0,,,,,,,,,,1,1,0,0,0,1,0,0,0,,,,,,,,
17276049,1,1,N,N,43,1GCCS14R2P8165291,1993,98,107,2233,30,N,78754,2,,1,5,12,,,,N,,,N,,,,,,,,,,,,,,,,,,,,,,40,,,,,,,,,,3,1,0,0,1,0,0,1,0,,,,,,,,
17276050,1,1,N,N,43,5YFBURHE6JP853012,2018,21,91,173,104,N,75063,1,1,2,5,12,,,,N,STARS TOWING,STARS TOWING,N,,,,,,,,,,,,,,,,,,,,,,35,,,,,,,,,,6,1,0,0,0,2,0,0,0,,,,,,,,