Crash_ID,Unit_Nbr,Unit_Desc_ID,Veh_Parked_Fl,Veh_HNR_Fl,Veh_Lic_State_ID,VIN,Veh_Mod_Year,Veh_Color_ID,Veh_Make_ID,Veh_Mod_ID,Veh_Body_Styl_ID,Emer_Respndr_Fl,Ownr_Zip,Fin_Resp_Proof_ID,Fin_Resp_Type_ID,Veh_Dmag_Area_1_ID,Veh_Dmag_Scl_1_ID,Force_Dir_1_ID,Veh_Dmag_Area_2_ID,Veh_Dmag_Scl_2_ID,Force_Dir_2_ID,Veh_Inventoried_Fl,Veh_Transp_Name,Veh_Transp_Dest,Veh_Cmv_Fl,Cmv_Fiveton_Fl,Cmv_Hazmat_Fl,Cmv_Nine_Plus_Pass_Fl,Cmv_Veh_Oper_ID,Cmv_Carrier_ID_Type_ID,Cmv_Carrier_Zip,Cmv_Veh_Type_ID,Cmv_GVWR,Cmv_RGVW,Cmv_Hazmat_Rel_Fl,Hazmat_Cls_1_ID,Hazmat_IDNbr_1_ID,Hazmat_Cls_2_ID,Hazmat_IDNbr_2_ID,Cmv_Cargo_Body_ID,Cmv_Evnt1_ID,Cmv_Evnt2_ID,Cmv_Evnt3_ID,Cmv_Evnt4_ID,Cmv_Tot_Axle,Cmv_Tot_Tire,Contrib_Factr_1_ID,Contrib_Factr_2_ID,Contrib_Factr_3_ID,Contrib_Factr_P1_ID,Contrib_Factr_P2_ID,Veh_Dfct_1_ID,Veh_Dfct_2_ID,Veh_Dfct_3_ID,Veh_Dfct_P1_ID,Veh_Dfct_P2_ID,Veh_Trvl_Dir_ID,First_Harm_Evt_Inv_ID,Sus_Serious_Injry_Cnt,Nonincap_Injry_Cnt,Poss_Injry_Cnt,Non_Injry_Cnt,Unkn_Injry_Cnt,Tot_Injry_Cnt,Death_Cnt,Cmv_Disabling_Damage_Fl,Cmv_Bus_Type_ID,Trlr_GVWR,Trlr_RGVW,Trlr_Type_ID,Trlr_Disabling_Dmag_ID,Cmv_Intermodal_Container_Permit_Fl,CMV_Actual_Gross_Weight
17276359,1,1,N,N,43,5UXFE83597LZ37809,2007,21,14,689,104,N,78728,1,2,2,2,12,,,,N,STARS TOWING,STARS TOWING,N,,,,,,,,,,,,,,,,,,,,,,35,,,,,,,,,,5,1,0,0,0,1,0,0,0,,,,,,,,
17276359,2,1,N,N,43,3N1BC1CP0BL394719,2011,2,71,1452,104,N,78723,1,2,12,3,2,,,,N,ALBERTS TOWING SOUTH,ALBERTS TOWING SOUTH,N,,,,,,,,,,,,,,,,,,,,,,0,,,,,,,,,,7,1,0,0,2,0,0,2,0,,,,,,,,
17276360,1,1,N,N,43,1FAHP34N96W137892,2006,16,37,101,104,N,78660,1,1,1,3,3,,,,Y,AUS-TEX AUTO ENTERPRISES LLC,AUS-TEX AUTO ENTERPRISES LLC,N,,,,,,,,,,,,,,,,,,,,,,19,,,,,,,,,,5,1,0,0,0,1,0,0,0,,,,,,,,
17276360,2,1,Y,N,43,3N1AB6AP2CL772409,2012,21,71,341,104,N,78753,1,1,5,3,6,,,,N,,,N,,,,,,,,,,,,,,,,,,,,,,0,,,,,,,,,,5,1,0,0,0,0,0,0,0,,,,,,,,
17276361,1,1,N,N,43,JM1GJ1V5XG1427700,2016,17,63,870,104,N,32825,1,1,16,3,3,,,,N,620 LAKESIDE TOWING,620 LAKESIDE TOWING,N,,,,,,,,,,,,,,,,,,,,,,20,,,,,,,,,,7,1,0,0,0,1,0,0,0,,,,,,,,
17276361,2,1,N,N,43,2HGFC3A57KH752100,2019,3,44,256,100,N,78729,1,1,2,3,12,,,,N,620 LAKESIDE TOWING,620 LAKESIDE TOWING,N,,,,,,,,,,,,,,,,,,,,,,0,,,,,,,,,,7,1,0,0,0,1,0,0,0,,,,,,,,
17276361,3,1,N,N,43,1FM5K7D82EGA76290,2014,2,37,554,104,N,78660,1,1,13,2,8,,,,N,620 LAKESIDE TOWING,620 LAKESIDE TOWING,N,,,,,,,,,,,,,,,,,,,,,,0,,,,,,,,,,5,2,0,0,0,1,0,0,0,,,,,,,,
17276365,1,1,N,N,43,1FAFP55U53G276707,2003,17,37,376,104,N,78660,1,1,2,6,12,10,3,3,N,ARMADA TOWING,ARMADA TOWING,N,,,,,,,,,,,,,,,,,,,,,,0,,,,,,,,,,6,1,0,0,1,0,0,1,0,,,,,,,,
17276365,2,1,N,N,43,1NXBU4EE4AZ367692,2010,16,91,173,104,N,78753,1,1,8,5,5,4,5,2,N,AUS-TEX AUTO ENTERPRISES LLC,AUS-TEX AUTO ENTERPRISES LLC,N,,,,,,,,,,,,,,,,,,,,,,0,,,,,,,,,,2,1,0,0,0,1,0,0,0,,,,,,,,
17276365,3,1,Y,N,36,1FDWE3FL6EDA52887,2004,21,37,101,103,N,,2,,2,4,12,,,,N,,,N,,,,,,,,,,,,,,,,,,,,,,0,,,,,,,,,,2,2,0,0,0,0,1,0,0,,,,,,,,
17276367,1,1,N,N,43,3GNFK16Z02G282579,2002,18,107,60,104,N,78704,1,1,1,5,12,,,,Y,SOUTHSIDE WRECKER INC,8200 S. CONGRESS AVE,N,,,,,,,,,,,,,,,,,,,,,,,,,45,,,,,,,11,1,0,0,0,1,0,0,0,,,,,,,,
17276369,1,1,N,N,43,WBAWB33597PV74334,2007,21,14,588,100,N,78724,1,1,4,5,2,,,,N,AAA,7005 MILLRACE DR,N,,,,,,,,,,,,,,,,,,,,,,20,35,,,,,,,,,5,1,0,0,0,1,0,0,0,,,,,,,,
17276369,2,1,N,N,43,1HGCP26379A184173,2009,17,44,236,104,N,78723,1,1,3,5,10,,,,N,LAMONT & SONS,LAMONT & SONS,N,,,,,,,,,,,,,,,,,,,,,,0,,,,,,,,,,3,1,0,0,0,1,0,0,0,,,,,,,,
17276370,1,1,N,N,43,1HGCM72385A013339,2005,2,44,236,100,N,78640,1,1,27,0,,,,,N,EZ AUTO AND TOWING SERVICE,EZ AUTO AND TOWING SERVICE,N,,,,,,,,,,,,,,,,,,,,,,45,,,,,,,,,,1,1,0,0,0,1,0,0,0,,,,,,,,
17276424,1,1,N,N,43,JTDBR32E732003365,2003,2,91,173,104,N,78213,1,1,2,1,12,,,,Y,AUS-TEX AUTO ENTERPRISES LLC,AUS-TEX AUTO ENTERPRISES LLC,N,,,,,,,,,,,,,,,,,,,,,,67,,,,,,,,,,2,1,0,0,0,2,0,0,0,,,,,,,,
17276424,2,1,N,N,43,JT8BH28F8V0088730,1997,21,58,1188,104,N,78660,1,1,6,1,6,,,,N,,,N,,,,,,,,,,,,,,,,,,,,,,0,,,,,,,,,,2,1,0,0,0,1,0,0,0,,,,,,,,
17276425,1,1,N,N,43,1GNEK13T6YJ169805,2000,2,107,547,104,N,78749,1,2,1,0,12,,,,N,,,N,,,,,,,,,,,,,,,,,,,,,,0,,,,,,,,,,4,1,0,0,0,1,0,0,0,,,,,,,,
17276425,2,1,Y,N,43,5YFBURHE7KP947174,2019,9,91,173,104,N,78749,1,2,8,2,5,,,,,,,N,,,,,,,,,,,,,,,,,,,,,,0,,,,,,,,,,5,1,0,0,0,0,0,0,0,,,,,,,,
17276426,1,1,N,N,43,1G1JF5SB7H4130580,2017,9,107,2243,104,N,78613,1,2,11,4,10,,,,Y,TEXAN TOWING,8200 S. CONGRESS AVE,N,,,,,,,,,,,,,,,,,,,,,,20,,,41,68,,,,,,8,1,0,0,0,1,0,0,0,,,,,,,,
17276427,1,1,N,N,43,1N4AL3AP2DN531627,2013,3,71,500,104,N,78745,1,1,2,7,1,,,,Y,620 LAKESIDE TOWING,5526 1/2 W HWY 290,N,,,,,,,,,,,,,,,,,,,,,,20,,,,,,,,,,1,1,0,0,0,1,0,0,0,,,,,,,,
17276427,2,1,Y,N,43,1JCNA15N3BT015640,1981,13,429,1181,104,N,78745,1,1,5,1,4,,,,N,,,N,,,,,,,,,,,,,,,,,,,,,,0,,,,,,,,,,3,2,0,0,0,0,0,0,0,,,,,,,,
17276427,3,1,Y,N,43,2FMDK3JC1BBB66823,2011,17,37,1035,104,N,78745,1,1,14,4,3,13,1,9,N,,,N,,,,,,,,,,,,,,,,,,,,,,0,,,,,,,,,,3,2,0,0,0,0,0,0,0,,,,,,,,
17276427,4,1,Y,N,43,19XFC2F74HE081072,2017,3,44,256,104,N,78745,1,1,6,2,3,,,,N,,,N,,,,,,,,,,,,,,,,,,,,,,0,,,,,,,,,,3,2,0,0,0,0,0,0,0,,,,,,,,
17276824,1,1,N,N,43,JTKDE177160102839,2006,11,91,4331,100,N,78617,1,2,4,2,12,3,2,12,Y,ROUND UP TOWING,"8200 S CONGRESS AVE, AUSTIN, TX 78745",N,,,,,,,,,,,,,,,,,,,,,,43,,,45,,,,,,,7,1,0,0,0,3,0,0,0,,,,,,,,
17277356,1,1,N,N,43,3GNEC16R8VG133236,1997,16,107,249,69,N,76548,1,2,14,3,5,,,,N,NOT TOWED,N/A,N,,,,,,,,,,,,,,,,,,,,,,0,,,,,,,,,,1,1,0,0,1,5,0,1,0,,,,,,,,
17277356,2,1,N,Y,43,JT2BG22K710570571,2001,9,91,380,104,N,78721,2,,2,5,12,,,,Y,ROCHAS TOWING,"5700 BURLESON RD, AUSTIN 78744",N,,,,,,,,,,,,,,,,,,,,,,15,,,,,,,,,,7,1,0,0,1,0,0,1,0,,,,,,,,
17277583,1,1,N,N,43,4S3BMDL6XA2229571,2010,9,85,443,104,N,78746,1,1,3,3,11,,,,N,620-LAKESIDE: 512-266-8620,"12400 ANDERSON MILL, AUSTIN 78726",N,,,,,,,,,,,,,,,,,,,,,,66,,,,,,,,,,8,1,0,0,0,1,0,0,0,,,,,,,,
17277583,2,1,N,N,43,2MEHM75V49X627236,2009,21,114,1114,104,N,78613,1,1,4,3,1,,,,N,620-LAKESIDE: 512-266-8620,"12400 ANDERSON MILL, AUSTIN 78726",N,,,,,,,,,,,,,,,,,,,,,,0,,,,,,,,,,8,1,0,0,0,1,0,0,0,,,,,,,,
17278107,1,1,N,Y,43,4T1BK46K87U030817,2007,2,91,380,104,N,78741,2,,2,2,12,,,,N,DRIVEN AWAY FROM SCENE,DRIVEN AWAY FROM SCENE,N,,,,,,,,,,,,,,,,,,,,,,32,67,,,,,,,,,5,1,0,0,0,1,0,0,0,,,,,,,,
17278107,2,1,N,N,43,WB10A1306FZ193495,2015,2,14,2163,90,Y,78701,1,2,26,1,,,,,N,AUS-TEX AUTO ENTERPRISES LLC,AUS-TEX AUTO ENTERPRISES LLC,N,,,,,,,,,,,,,,,,,,,,,,0,,,,,,,,,,5,1,0,1,0,0,0,1,0,,,,,,,,
17278108,1,1,N,N,43,1B3LC56R58N251796,2008,11,109,549,104,N,78641,1,2,,3,,,,,N,,,N,,,,,,,,,,,,,,,,,,,,,,,,,3,,,,,,,4,1,0,0,0,2,0,0,0,,,,,,,,
17278108,2,1,N,N,43,3N1AB7AP9FL693104,2015,17,71,341,104,N,78610,1,2,16,3,3,,,,N,620 LAKESIDE TOWING,620 LAKESIDE TOWING,N,,,,,,,,,,,,,,,,,,,,,,,,,77,,,,,,,4,1,0,0,0,1,0,0,0,,,,,,,,
17278110,1,1,N,N,43,2C3KA53G77H884363,2007,2,21,65,104,N,78237,1,1,11,2,10,,,,N,,,N,,,,,,,,,,,,,,,,,,,,,,,,,4,,,,,,,1,1,0,0,0,1,0,0,0,,,,,,,,
17278110,2,1,N,N,43,1FM5K7D87HGD40561,2017,3,37,554,104,N,78596,1,1,14,5,3,,,,Y,SOUTHSIDE WRECKER INC,8200 S. CONGRESS AVE,N,,,,,,,,,,,,,,,,,,,,,,,,,4,,,,,,,1,1,0,0,0,1,0,0,0,,,,,,,,
17278111,1,1,N,N,43,KNAGE123485189406,2008,17,55,715,104,N,78753,1,1,6,5,6,,,,N,AVILES & GABES WRECKER SERVICE INC.,AVILES & GABES WRECKER SERVICE INC.,N,,,,,,,,,,,,,,,,,,,,,,34,,,,,,,,,,3,1,0,3,0,0,0,3,0,,,,,,,,
17278111,2,1,N,N,43,1N4BA41E84C803821,2004,9,71,500,104,N,78616,2,,2,5,12,,,,N,A-TEX TOWING,AUSTIN EXPRESS TOWING INC.,N,,,,,,,,,,,,,,,,,,,,,,0,,,,,,,,,,5,1,0,1,0,0,0,1,0,,,,,,,,
17278112,1,1,N,N,43,1N4AL3AP1EN341318,2014,17,71,500,104,N,78753,2,,12,4,3,,,,N,STARS TOWING,STARS TOWING,N,,,,,,,,,,,,,,,,,,,,,,20,,,,,,,,,,7,1,0,0,1,1,0,1,0,,,,,,,,
17278112,2,1,N,N,43,1GCEC19T35Z128087,2005,2,107,658,30,N,78754,1,1,2,4,12,,,,N,620 LAKESIDE TOWING,620 LAKESIDE TOWING,N,,,,,,,,,,,,,,,,,,,,,,0,,,,,,,,,,3,1,0,0,1,0,0,1,0,,,,,,,,
17278113,1,1,N,N,43,1GNDS13S432101668,2003,18,107,732,69,N,78741,1,1,2,3,12,,,,N,HARPERS TOWING SERVICE INC,HARPERS TOWING SERVICE INC,N,,,,,,,,,,,,,,,,,,,,,,37,20,,,,,,,,,3,1,0,0,3,0,0,3,0,,,,,,,,
17278113,2,1,N,N,43,1FTEX1CMXCFB14305,2012,9,37,2324,30,N,78745,1,2,15,3,9,,,,N,SOUTHSIDE WRECKER INC,8200 S. CONGRESS AVE,N,,,,,,,,,,,,,,,,,,,,,,0,,,,,,,,,,1,1,0,0,1,1,0,1,0,,,,,,,,
17278114,1,1,N,Y,43,4T1BF18B7WU288664,1998,10,91,563,104,N,78735,1,2,2,6,12,12,6,1,N,A-TEX TOWING,4404 MESQUITE SPRING CV,N,,,,,,,,,,,,,,,,,,,,,,,,,45,,,,,,,8,1,0,0,0,0,1,0,0,,,,,,,,
17278120,1,1,N,N,43,1CYCLL584DT050830,2013,10,23,1153,106,N,78744,1,7,7,1,7,,,,N,,,N,,,,,,,,,,,,,,,,,,,,,,3,,,,,,,,,,1,1,0,0,0,1,0,0,0,,,,,,,,
17278120,2,1,Y,N,43,3N1AB7AP7HY272231,2017,3,71,341,104,N,78747,1,2,11,3,9,,,,N,,,N,,,,,,,,,,,,,,,,,,,,,,0,,,,,,,,,,1,1,0,0,0,0,0,0,0,,,,,,,,
17278126,1,1,N,N,43,3FTHF25F8VMA51437,1997,21,37,2325,30,N,78602,1,2,2,3,6,,,,Y,INTERSTATE CHAPARRAL TOWING INC.,INTERSTATE CHAPARRAL TOWING INC.,N,,,,,,,,,,,,,,,,,,,,,,20,44,,,,,,,,,1,1,0,0,0,1,0,0,0,,,,,,,,
17278126,2,6,,,,,,,,,,,78602,,,,,,,,,,,,,,,,,,,,,,,,,,,,,,,,,,0,,,,,,,,,,9,2,0,0,0,0,0,0,0,,,,,,,,
17278126,3,1,N,N,43,1FT8W3DT2EEA90107,2014,2,37,2326,30,N,77461,1,2,6,1,12,,,,N,,,N,,,,,,,,,,,,,,,,,,,,,,0,,,,,,,,,,1,1,0,0,0,1,0,0,0,,,,,,,,
17278131,1,1,N,N,43,1FDUF5GT8KED16244,2019,2,37,2327,92,N,,1,1,1,1,12,,,,N,,,N,,,,,,,,,,,,,,,,,,,,,,44,,,,,,,,,,5,1,0,0,0,1,0,0,0,,,,,,,,
17278131,2,1,N,N,43,1GB6G5BB8D1105746,2013,21,107,2816,47,N,,4,,5,1,6,,,,N,,,N,,,,,,,,,,,,,,,,,,,,,,0,,,,,,,,,,5,1,0,0,0,1,0,0,0,,,,,,,,
17278133,1,1,N,N,43,JM1BL1MP4D1734671,2013,21,63,1210,104,N,78702,2,,4,7,12,,,,N,SPECIAL AUTOMOTIVE SERVICE INC,SPECIAL AUTOMOTIVE SERVICE INC,N,,,,,,,,,,,,,,,,,,,,,,41,60,,,,,,,,,6,1,0,1,0,0,0,1,0,,,,,,,,
17278134,1,1,N,N,43,3C3CFFAR5DT726526,2013,,35,2956,100,N,78537,1,1,2,5,12,,,,N,,,N,,,,,,,,,,,,,,,,,,,,,,20,,,,,,,,,,4,1,0,0,0,1,0,0,0,,,,,,,,
17278134,2,1,N,N,3,3C6JR6DT4KG546923,2019,21,109,2279,30,N,,1,7,5,4,6,,,,,,,N,,,,,,,,,,,,,,,,,,,,,,0,,,,,,,,,,4,1,0,0,0,1,0,0,0,,,,,,,,
17278136,1,1,N,N,43,JTHBJ46G972149005,2007,16,58,1052,104,N,78753,1,1,11,2,11,,,,N,EZ AUTO AND TOWING SERVICE,EZ AUTO AND TOWING SERVICE,N,,,,,,,,,,,,,,,,,,,,,,33,,,,,,,,,,7,1,0,0,0,1,0,0,0,,,,,,,,
17278136,2,1,N,N,43,KMHCU4AE4GU140229,2016,21,45,557,104,N,78764,1,1,12,2,1,,,,N,EZ AUTO AND TOWING SERVICE,EZ AUTO AND TOWING SERVICE,N,,,,,,,,,,,,,,,,,,,,,,0,,,,,,,,,,1,1,0,0,0,1,0,0,0,,,,,,,,
17278137,1,1,N,N,43,2HKRM3H79EH501350,2014,17,44,605,104,N,78626,1,2,11,3,9,,,,Y,620 LAKESIDE TOWING,620 LAKESIDE TOWING,N,,,,,,,,,,,,,,,,,,,,,,,,,66,,,,,,,1,1,0,0,0,1,0,0,0,,,,,,,,
17278137,2,1,N,N,43,KNAGD126345364414,2004,3,55,715,104,N,78759,1,2,12,4,1,,,,Y,AVILES & GABES WRECKER SERVICE INC.,AVILES & GABES WRECKER SERVICE INC.,N,,,,,,,,,,,,,,,,,,,,,,0,,,,,,,,,,1,1,0,0,0,1,0,0,0,,,,,,,,
17278138,1,1,N,N,43,2G1FG1E36C9143410,2012,17,107,46,100,N,76530,1,2,,,,,,,N,NOT TOWED,NOT TOWED,N,,,,,,,,,,,,,,,,,,,,,,34,,,,,,,,,,3,2,0,0,0,1,0,0,0,,,,,,,,
17278138,2,1,N,N,43,SALWR2VF4FA612951,2017,21,57,1298,104,N,78704,1,2,10,1,3,,,,N,NOT TOWED,NOT TOWED,N,,,,,,,,,,,,,,,,,,,,,,41,,,,,,,,,,1,1,0,0,0,1,0,0,0,,,,,,,,
17278138,3,1,N,N,43,1G1AL52F357514930,2005,3,107,978,104,N,78745,1,2,,,,,,,,ROCHAS TOWING SERVICE,ROCHAS TOWING SERVICE,N,,,,,,,,,,,,,,,,,,,,,,74,,,,,,,,,,1,1,0,2,0,0,0,2,0,,,,,,,,
17278156,1,1,N,N,43,3AKJGLDV2DSBY1937,2013,11,38,1524,87,N,77406,1,2,,,,,,,N,,,Y,Y,N,N,1,2,77406,9,80000,0,N,,,,,5,13,,,,,,74,,,,,,,,,,4,1,0,0,0,1,0,0,0,Y,0,,,,,N,
17278156,2,6,,,,,,,,,,,77406,,,,,,,,,,,,,,,,,,,,,,,,,,,,,,,,,,0,,,,,,,,,,9,2,0,0,0,0,0,0,0,,,0,0,2,N,,
17278156,3,1,N,N,43,5J6RM4H34GL009806,2016,2,44,605,104,N,77089,1,2,2,1,2,,,,N,,,N,,,,,,,,,,,,,,,,,,,,,,0,,,,,,,,,,4,1,0,0,0,1,0,0,0,,,,,,,,
17278157,1,1,N,N,43,2GCEC19J981127201,2008,21,107,658,30,N,78745,1,2,2,3,12,,,,Y,AUS-TEX AUTO ENTERPRISES LLC,AUS-TEX AUTO ENTERPRISES LLC,N,,,,,,,,,,,,,,,,,,,,,,22,,,,,,,,,,2,1,0,0,0,3,0,0,0,,,,,,,,
17278158,1,1,N,N,43,19XFB2F9XDE022896,2013,2,44,256,104,N,78731,1,2,12,2,3,,,,N,AVILES & GABES WRECKER SERVICE INC.,AVILES & GABES WRECKER SERVICE INC.,N,,,,,,,,,,,,,,,,,,,,,,37,,,,,,,,,,1,1,0,0,0,1,0,0,0,,,,,,,,
17278158,2,1,N,N,43,WVWPD63B03P440136,2003,9,96,473,104,N,78758,1,2,2,1,12,,,,N,,,N,,,,,,,,,,,,,,,,,,,,,,0,,,,,,,,,,5,1,0,0,0,1,0,0,0,,,,,,,,
17278160,1,1,N,N,43,3VV4B7AX3KM102653,2013,9,96,1396,104,N,78757,1,2,15,4,9,,,,Y,AVILES & GABES WRECKER SERVICE INC.,AVILES & GABES WRECKER SERVICE INC.,N,,,,,,,,,,,,,,,,,,,,,,35,,,,,,,,,,5,1,0,1,0,0,0,1,0,,,,,,,,
17278160,2,1,N,N,43,3C4PDCEGXKT717568,2019,2,109,82,104,N,98311,1,2,2,5,12,,,,Y,EZ AUTO AND TOWING SERVICE,EZ AUTO AND TOWING SERVICE,N,,,,,,,,,,,,,,,,,,,,,,0,,,,,,,,,,7,1,0,1,0,2,0,1,0,,,,,,,,
17278161,1,1,N,N,43,JHLRE38778C026376,2008,17,44,605,69,N,78730,1,1,4,2,12,,,,N,,,N,,,,,,,,,,,,,,,,,,,,,,20,,,,,,,,,,5,1,0,0,0,1,0,0,0,,,,,,,,
17278161,2,1,Y,N,43,JTDBF30K650161986,2005,18,91,380,104,N,78756,1,1,7,2,6,,,,N,,,N,,,,,,,,,,,,,,,,,,,,,,0,,,,,,,,,,5,1,0,0,0,0,0,0,0,,,,,,,,
17278162,1,1,N,N,43,1FTRX12W99FA69578,2009,16,37,2324,30,N,78721,1,1,2,4,12,,,,N,,,N,,,,,,,,,,,,,,,,,,,,,,15,,,,,,,,,,4,1,0,0,0,2,0,0,0,,,,,,,,
17278162,2,1,N,N,43,KNADH4A31A6610737,2010,18,55,716,104,N,78759,1,1,3,5,11,,,,N,ATX-VIP TOWING SERVICES,ATX-VIP TOWING SERVICES,N,,,,,,,,,,,,,,,,,,,,,,0,,,,,,,,,,1,1,0,0,1,0,0,1,0,,,,,,,,
17278164,1,1,N,N,43,1FTRW12W67KKC5313,2007,5,37,2324,30,N,78744,2,,8,5,5,2,5,12,N,ROCHAS TOWING SERVICE,ROCHAS TOWING SERVICE,N,,,,,,,,,,,,,,,,,,,,,,0,,,,,,,,,,2,1,0,0,1,0,0,1,0,,,,,,,,
17278164,2,1,N,N,43,1G1ZH5SX4GF264667,2016,2,107,56,104,N,78744,1,1,2,4,12,,,,N,SPECIAL AUTOMOTIVE SERVICE INC,SPECIAL AUTOMOTIVE SERVICE INC,N,,,,,,,,,,,,,,,,,,,,,,0,,,,,,,,,,2,1,0,0,0,2,0,0,0,,,,,,,,
17278166,1,1,N,N,43,4T1BE46K57U702937,2007,21,91,380,104,N,78735,1,1,2,2,12,,,,N,A-TEX TOWING,A-TEX TOWING,N,,,,,,,,,,,,,,,,,,,,,,37,,,,,,,,,,5,1,0,0,0,1,0,0,0,,,,,,,,
17278166,2,1,N,N,43,2T3WFREV3GW253174,2016,9,91,581,104,N,78745,1,1,2,2,12,,,,N,EZ AUTO AND TOWING SERVICE,EZ AUTO AND TOWING SERVICE,N,,,,,,,,,,,,,,,,,,,,,,0,,,,,,,,,,7,1,0,0,0,1,0,0,0,,,,,,,,
17278168,1,1,N,N,43,1B7HC16Y0XS139928,1999,21,109,82,30,N,78745,1,1,8,1,5,,,,N,,,N,,,,,,,,,,,,,,,,,,,,,,4,,,,,,,,,,1,1,0,0,0,1,0,0,0,,,,,,,,
17278168,2,1,N,N,43,1HD1LC310DC426887,2013,2,44,107,71,N,78705,1,1,1,2,12,,,,N,,,N,,,,,,,,,,,,,,,,,,,,,,0,,,,,,,,,,1,1,0,0,1,0,0,1,0,,,,,,,,
17278169,1,1,N,N,43,1N4AL2AP6CN497474,2012,9,71,341,104,N,78754,1,1,2,3,12,,,,Y,,,N,,,,,,,,,,,,,,,,,,,,,,,,,16,,,,,,,5,1,0,0,0,2,0,0,0,,,,,,,,
17278169,2,1,N,N,43,1GTHK23U73F113453,2003,17,39,3080,30,N,78664,1,1,2,3,12,,,,Y,ARMADA TOWING,ARMADA TOWING,N,,,,,,,,,,,,,,,,,,,,,,,,,17,,,,,,,1,1,0,0,0,2,0,0,0,,,,,,,,
17278170,1,1,N,N,43,JM3KE4CY3F0444573,2015,3,63,2471,104,N,76210,1,2,12,2,3,,,,N,LEFT AT SCENE,LEFT AT SCENE,N,,,,,,,,,,,,,,,,,,,,,,68,,,,,,,,,,2,1,0,0,0,1,0,0,0,,,,,,,,
17278171,1,1,N,N,43,19XFB2F86FE252011,2015,21,44,256,104,N,78702,1,2,11,4,11,9,4,8,N,ARMADA TOWING,ARMADA TOWING,N,,,,,,,,,,,,,,,,,,,,,,0,,,,,,,,,,5,1,0,0,1,0,0,1,0,,,,,,,,
17278171,2,1,N,N,13,1GNDV231X7D168645,2007,21,107,1434,106,N,83705,1,2,4,3,2,,,,N,,,Y,Y,N,N,1,2,60901,8,28000,0,N,,,,,15,13,,,,,,0,,,,,,,,12,,5,1,0,0,0,1,0,0,0,Y,0,,,,,N,
17278172,1,1,N,Y,,,,,,,0,N,,,,,,,,,,,,,N,,,,,,,,,,,,,,,,,,,,,,0,,,,,,,,,,3,1,0,0,0,0,0,0,0,,,,,,,,
17278172,2,1,N,N,43,1N4AL3AP1EN354067,2012,2,71,500,104,N,77511,2,,5,1,6,,,,N,,,N,,,,,,,,,,,,,,,,,,,,,,0,,,,,,,,,,3,1,0,0,0,1,0,0,0,,,,,,,,
17278596,1,1,N,N,43,3GKALPEV2KL202499,2019,17,39,1392,69,N,75261,1,1,10,3,3,2,1,12,N,ROCHA'S TOWING: 512-280-2642,"5700 BURLESON RD, AUSTIN 78744",N,,,,,,,,,,,,,,,,,,,,,,66,68,,,,,,,,,3,1,0,0,0,1,0,0,0,,,,,,,,
17278596,2,1,N,N,43,3C6UR5FL9FG600517,2015,21,109,2276,30,N,78616,1,2,3,2,12,,,,N,,,N,,,,,,,,,,,,,,,,,,,,,,0,,,,,,,,,,3,1,0,0,0,1,0,0,0,,,,,,,,
17279693,1,1,N,N,43,1FM5K8AR2EGC38454,2014,2,37,554,105,Y,78705,1,2,1,0,12,,,,N,,,N,,,,,,,,,,,,,,,,,,,,,,,,,20,,,,,,,3,1,0,0,0,1,0,0,0,,,,,,,,
17279693,2,1,N,N,43,KNDJT2A22B7311771,2011,2,55,1357,104,N,78704,1,2,6,0,6,,,,N,,,N,,,,,,,,,,,,,,,,,,,,,,0,,,,,,,,,,3,1,0,0,0,1,0,0,0,,,,,,,,
17279716,1,1,N,N,43,3VW4T7AJ7GM234083,2016,9,96,316,104,N,78664,1,1,4,1,1,,,,N,,,N,,,,,,,,,,,,,,,,,,,,,,,,,33,,,,,,,1,1,0,0,0,1,0,0,0,,,,,,,,
17279716,2,1,N,N,43,2HNYD18635H526657,2005,2,1,705,69,N,75165,1,1,3,1,11,,,,N,A TEX TOWING 512-383-5900,"5526 1/2 W. HWY 290, AUSTIN 78735",N,,,,,,,,,,,,,,,,,,,,,,0,,,,,,,,,,5,1,0,0,0,1,0,0,0,,,,,,,,
17279722,1,1,N,N,43,1NXBU40E59Z114352,2009,9,91,173,104,N,78749,1,2,12,3,1,,,,N,,,N,,,,,,,,,,,,,,,,,,,,,,0,,,,,,,,,,5,1,0,0,0,1,0,0,0,,,,,,,,
17279722,2,1,N,N,9,KL8CA6SA5KC745999,2019,16,107,2244,104,N,78741,1,2,11,4,10,,,,N,,,N,,,,,,,,,,,,,,,,,,,,,,65,,,,,,,,,,5,1,0,0,0,1,0,0,0,,,,,,,,
17279773,1,1,N,N,,00000000003032141,2013,21,207,9998,92,N,78712,1,1,1,1,12,,,,N,,,N,,,,,,,,,,,,,,,,,,,,,,34,48,,,,,,,,,7,1,0,0,0,1,0,0,0,,,,,,,,
17279773,2,1,N,N,43,19XFA1F59AE081234,2010,2,44,256,104,N,77435,1,2,16,1,3,,,,N,,,N,,,,,,,,,,,,,,,,,,,,,,0,,,,,,,,,,1,1,0,0,0,1,0,0,0,,,,,,,,